# Exported from Wings 3D 1.0.2
mtllib BigShipForPrisonLevel.mtl
o cube1_sep2
#4179 vertices, 3514 faces
v -3.97894000 2.10240482 8.64092522
v 3.97894000 2.10240482 8.64092522
v 3.97894000 2.10240482 -6.81612538
v -3.97894000 2.10240482 -6.81612538
v -3.97894000 1.94020227 -6.81612538
v -1.97071932 1.94020227 -6.81612538
v 1.97071932 1.94020227 -6.81612538
v 1.97071932 2.10240482 -6.81612538
v -1.97071932 2.10240482 -6.81612538
v -0.78024658 2.10240482 -13.83791141
v 0.78024658 2.10240482 -13.83791141
v -3.81921491 2.10240482 -9.62893514
v 3.76672987 2.10240482 -9.62893514
v 1.97071932 1.94020227 -8.68996230
v -1.97071932 1.94020227 -8.68996230
v -1.97071932 2.10240482 -8.68996230
v 1.97071932 2.10240482 -8.68996230
v 2.94504162 1.94020227 8.64092522
v -2.94504162 1.94020227 8.64092522
v -2.94504162 2.10240482 8.64092522
v 2.94504162 2.10240482 8.64092522
v -2.39108829 2.10240482 13.03486543
v 2.39108829 2.10240482 13.03486543
v 3.97894000 2.10240482 10.46739839
v -3.97894000 2.10240482 10.46739839
v 2.94504162 1.94020227 10.46739839
v -2.94504162 1.94020227 10.46739839
v -2.94504162 2.10240482 10.46739839
v 2.94504162 2.10240482 10.46739839
v -2.52227464 2.10240482 -11.77781917
v 2.52227464 2.10240482 -11.77781917
v -3.42707522 2.10240482 11.75113191
v 3.42707522 2.10240482 11.75113191
v -3.97894000 1.94020227 -2.51915545
v -3.97894000 2.10240482 -2.51915545
v -4.04940869 1.94026659 -6.86139065
v -3.86927009 2.05242115 -8.28459336
v -4.02498535 1.99984794 -8.15967838
v -3.90930587 1.92321043 -2.93200205
v -3.92896881 2.08049194 -2.95658511
v -3.99564333 1.94232592 -2.54393271
v -3.90932109 2.75358881 -2.35070262
v -3.90549297 2.75358881 -2.33892086
v -3.89547081 2.75358881 -2.33163933
v -3.88308273 2.75358881 -2.33163933
v -3.87306057 2.75358881 -2.33892086
v -3.86923245 2.75358881 -2.35070262
v -3.87306057 2.75358881 -2.36248438
v -3.88308273 2.75358881 -2.36976590
v -3.89547081 2.75358881 -2.36976590
v -3.90549297 2.75358881 -2.36248438
v -3.90932109 2.27742689 -2.35070262
v -3.90549297 2.27742689 -2.33892086
v -3.89547081 2.27742689 -2.33163933
v -3.88308273 2.27742689 -2.33163933
v -3.87306057 2.27742689 -2.33892086
v -3.86923245 2.27742689 -2.35070262
v -3.87306057 2.27742689 -2.36248438
v -3.88308273 2.27742689 -2.36976590
v -3.89547081 2.27742689 -2.36976590
v -3.90549297 2.27742689 -2.36248438
v -3.89048827 2.76651480 7.73630505
v -3.87048649 2.79435156 7.73397944
v -3.83812292 2.78319338 7.73162328
v -3.83812292 2.74846047 7.73249271
v -3.87048649 2.73815254 7.73538620
v -0.36468562 3.28432739 -14.16262019
v -0.36207890 3.31221863 -14.14297624
v -0.35786113 3.30110401 -14.11228836
v -0.35786113 3.26634356 -14.11296615
v -0.36207890 3.25597504 -14.14407293
v -1.37066813 3.19149453 -13.34898476
v -1.35659183 3.21822038 -13.33291653
v -1.33381590 3.20552201 -13.31283971
v -1.33381590 3.17094814 -13.31649976
v -1.35659183 3.16227868 -13.33883863
v -3.05189467 2.90233621 -10.99801863
v -3.03464170 2.92906206 -10.98479268
v -3.00672581 2.91636369 -10.96931474
v -3.00672581 2.88178982 -10.97297480
v -3.03464170 2.87312036 -10.99071478
v -3.63943331 2.76805141 -9.47203853
v -3.61967255 2.79594265 -9.46774284
v -3.58769898 2.78482803 -9.46188896
v -3.58769898 2.75006758 -9.46256674
v -3.61967255 2.73969906 -9.46883953
v -3.60872853 2.87117753 11.26700135
v -3.59072795 2.89760922 11.25444306
v -3.56160240 2.88467558 11.24171982
v -3.56160240 2.85025046 11.24641472
v -3.59072795 2.84190821 11.26203956
v -2.80039557 3.06648943 12.54127482
v -2.78559133 3.09292112 12.52552019
v -2.76163758 3.07998748 12.50762516
v -2.76163758 3.04556237 12.51232005
v -2.78559133 3.03722011 12.53311669
v -1.45819610 3.15806405 13.03694869
v -1.46263198 3.16922224 13.06723254
v -1.46537351 3.14138547 13.08681841
v -1.46263198 3.11302322 13.06863930
v -1.45819610 3.12333115 13.03781812
v 3.92604499 2.75156332 -4.26319402
v 3.90560805 2.77971942 -4.26283994
v 3.87254040 2.76896475 -4.26226704
v 3.87254040 2.73416189 -4.26226704
v 3.90560805 2.72340722 -4.26283994
v 3.90228003 2.76651480 7.73630505
v 3.88227824 2.79435156 7.73397944
v 3.84991467 2.78319338 7.73162328
v 3.84991467 2.74846047 7.73249271
v 3.88227824 2.73815254 7.73538620
v 0.37647737 3.28432739 -14.16262019
v 0.37387065 3.31221863 -14.14297624
v 0.36965289 3.30110401 -14.11228836
v 0.36965289 3.26634356 -14.11296615
v 0.37387065 3.25597504 -14.14407293
v 1.38245988 3.19149453 -13.34898476
v 1.36838359 3.21822038 -13.33291653
v 1.34560766 3.20552201 -13.31283971
v 1.34560766 3.17094814 -13.31649976
v 1.36838359 3.16227868 -13.33883863
v 3.06368642 2.90233621 -10.99801863
v 3.04643346 2.92906206 -10.98479268
v 3.01851757 2.91636369 -10.96931474
v 3.01851757 2.88178982 -10.97297480
v 3.04643346 2.87312036 -10.99071478
v 3.65122506 2.76805141 -9.47203853
v 3.63146431 2.79594265 -9.46774284
v 3.59949074 2.78482803 -9.46188896
v 3.59949074 2.75006758 -9.46256674
v 3.63146431 2.73969906 -9.46883953
v 3.86050337 2.75127979 -7.79311331
v 3.84015299 2.77943589 -7.79120130
v 3.80722539 2.76868122 -7.78810761
v 3.80722539 2.73387836 -7.78810761
v 3.84015299 2.72312369 -7.79120130
v 3.62052028 2.87117753 11.26700135
v 3.60251971 2.89760922 11.25444306
v 3.57339416 2.88467558 11.24171982
v 3.57339416 2.85025046 11.24641472
v 3.60251971 2.84190821 11.26203956
v 2.81218732 3.06648943 12.54127482
v 2.79738309 3.09292112 12.52552019
v 2.77342934 3.07998748 12.50762516
v 2.77342934 3.04556237 12.51232005
v 2.79738309 3.03722011 12.53311669
v 1.46998786 3.15806405 13.03694869
v 1.47442374 3.16922224 13.06723254
v 1.47716526 3.14138547 13.08681841
v 1.47442374 3.11302322 13.06863930
v 1.46998786 3.12333115 13.03781812
v -3.91739924 2.75311002 1.72978149
v -3.89699008 2.72493330 1.72972501
v -3.86396737 2.73564330 1.72949295
v -3.86396737 2.77043916 1.72940601
v -3.89699008 2.78123419 1.72958433
v -2.24238743 3.05068373 -12.20957694
v -2.22590809 3.02131088 -12.20124252
v -2.19924395 3.02967142 -12.18095770
v -2.19924395 3.06421137 -12.17675541
v -2.22590809 3.07719768 -12.19444307
v -3.76036581 2.75290540 -8.61589211
v -3.74009014 2.72472968 -8.61356814
v -3.70728340 2.73544573 -8.60969822
v -3.70728340 2.77024435 -8.60963044
v -3.74009014 2.78103502 -8.61345847
v -3.46870488 2.81111134 -10.16952681
v -3.45019801 2.78232725 -10.16427538
v -3.42025328 2.79184624 -10.15226900
v -3.42025328 2.82651340 -10.15010008
v -3.45019801 2.83841989 -10.16076599
v -0.77514700 3.26199342 -13.94751105
v -0.76680549 3.23320932 -13.93316436
v -0.75330864 3.24272832 -13.90644154
v -0.75330864 3.27739548 -13.90427262
v -0.76680549 3.28930197 -13.92965497
v -3.24495724 2.97153955 11.93308537
v -3.22764016 2.94210531 11.92706887
v -3.19962052 2.95009016 11.90861206
v -3.19962052 2.98445931 11.90322162
v -3.22764016 2.99771576 11.91834696
v -3.80833647 2.80318226 10.47163433
v -3.78933529 2.77436647 10.46869401
v -3.75859073 2.78369156 10.45943485
v -3.75859073 2.81827057 10.45665269
v -3.78933529 2.83031648 10.46419238
v -2.29475483 3.13468968 12.86899881
v -2.30894964 3.14673559 12.89308825
v -2.31772252 3.11960136 12.91075850
v -2.30894964 3.09078557 12.89758988
v -2.29475483 3.10011067 12.87178097
v 3.92919099 2.75311002 1.72978149
v 3.90878184 2.72493330 1.72972501
v 3.87575913 2.73564330 1.72949295
v 3.87575913 2.77043916 1.72940601
v 3.90878184 2.78123419 1.72958433
v 2.25417918 3.05068373 -12.20957694
v 2.23769984 3.02131088 -12.20124252
v 2.21103571 3.02967142 -12.18095770
v 2.21103571 3.06421137 -12.17675541
v 2.23769984 3.07719768 -12.19444307
v 3.77215757 2.75290540 -8.61589211
v 3.75188189 2.72472968 -8.61356814
v 3.71907516 2.73544573 -8.60969822
v 3.71907516 2.77024435 -8.60963044
v 3.75188189 2.78103502 -8.61345847
v 3.48049663 2.81111134 -10.16952681
v 3.46198977 2.78232725 -10.16427538
v 3.43204504 2.79184624 -10.15226900
v 3.43204504 2.82651340 -10.15010008
v 3.46198977 2.83841989 -10.16076599
v 0.78693875 3.26199342 -13.94751105
v 0.77859724 3.23320932 -13.93316436
v 0.76510040 3.24272832 -13.90644154
v 0.76510040 3.27739548 -13.90427262
v 0.77859724 3.28930197 -13.92965497
v 3.88694767 2.77957766 -6.96750683
v 3.85395004 2.76882298 -6.96567353
v 3.85395004 2.73402013 -6.96567353
v 3.88694767 2.72326545 -6.96750683
v 3.90734133 2.75142156 -6.96863987
v 3.25674900 2.97153955 11.93308537
v 3.23943191 2.94210531 11.92706887
v 3.21141228 2.95009016 11.90861206
v 3.21141228 2.98445931 11.90322162
v 3.23943191 2.99771576 11.91834696
v 3.82012823 2.80318226 10.47163433
v 3.80112705 2.77436647 10.46869401
v 3.77038249 2.78369156 10.45943485
v 3.77038249 2.81827057 10.45665269
v 3.80112705 2.83031648 10.46419238
v 2.30654658 3.13468968 12.86899881
v 2.32074140 3.14673559 12.89308825
v 2.32951428 3.11960136 12.91075850
v 2.32074140 3.09078557 12.89758988
v 2.30654658 3.10011067 12.87178097
v 5.8958781e-3 3.13035097 13.08940327
v 5.8958781e-3 3.11968564 13.12204710
v 5.8958781e-3 3.14788298 13.14204820
v 5.8958781e-3 3.17597521 13.12176574
v 5.8958781e-3 3.16513984 13.08922939
v 5.8958781e-3 3.29025952 -14.22341364
v 5.8958781e-3 3.26206416 -14.20333890
v 5.8958781e-3 3.27274161 -14.17063796
v 5.8958781e-3 3.30753598 -14.17050240
v 5.8958781e-3 3.31836265 -14.20311956
v -3.88444364 2.74945179 7.73623993
v -0.36389785 3.26726064 -14.15718083
v -1.36641420 3.17421245 -13.34681340
v -3.04668074 2.88505413 -10.99670622
v -3.63346152 2.75098466 -9.47123749
v -3.60328867 2.85391566 11.26664972
v -2.79592166 3.04922756 12.53995725
v 3.91986885 2.76858113 -4.26308702
v 3.89623540 2.78341899 7.73538967
v 0.37568961 3.30125478 -14.15651799
v 1.37820596 3.20802412 -13.34323402
v 3.05847250 2.91886580 -10.99312685
v 3.64525327 2.78497880 -9.47057464
v 3.85435339 2.76829760 -7.79253549
v 3.61508043 2.88758186 11.26205833
v 2.80771342 3.08289376 12.53536585
v -3.88444364 2.78341899 7.73538967
v -3.85279355 2.79349968 7.73255997
v -3.83323271 2.76576269 7.73166138
v -3.85279355 2.73853960 7.73393572
v -0.36389785 3.30125478 -14.15651799
v -0.35977307 3.31139473 -14.12609697
v -0.35722382 3.28366742 -14.10795860
v -0.35977307 3.25639106 -14.12716948
v -1.36641420 3.20802412 -13.34323402
v -1.34414039 3.21650246 -13.32138763
v -1.33037441 3.18793069 -13.31146518
v -1.34414039 3.16179403 -13.32717917
v -3.04668074 2.91886580 -10.99312685
v -3.01938027 2.92734414 -10.97577795
v -3.00250766 2.89877237 -10.96863512
v -3.01938027 2.87263571 -10.98156950
v -3.63346152 2.78497880 -9.47057464
v -3.60219282 2.79511875 -9.46444015
v -3.58286770 2.76739144 -9.46131167
v -3.60219282 2.74011507 -9.46551265
v -3.60328867 2.88758186 11.26205833
v -3.57480521 2.89574020 11.24677794
v -3.55720147 2.86711614 11.24192554
v -3.57480521 2.84126715 11.25420698
v -2.79592166 3.08289376 12.53536585
v -2.77249598 3.09105210 12.51502769
v -2.75801812 3.06242804 12.50704940
v -2.77249598 3.03657905 12.52245672
v -1.45752583 3.14063336 13.03276685
v -1.46020692 3.16837036 13.05054520
v -1.46454501 3.15828967 13.08068691
v -1.46454501 3.12432247 13.08153716
v -1.46020692 3.11341027 13.05192094
v 3.88753019 2.77909871 -4.26252674
v 3.86754380 2.75156332 -4.26218047
v 3.88753019 2.72402793 -4.26252674
v 3.91986885 2.73454552 -4.26308702
v 3.86458530 2.79349968 7.73255997
v 3.84502447 2.76576269 7.73166138
v 3.86458530 2.73853960 7.73393572
v 3.89623540 2.74945179 7.73623993
v 0.37156483 3.31139473 -14.12609697
v 0.36901558 3.28366742 -14.10795860
v 0.37156483 3.25639106 -14.12716948
v 0.37568961 3.26726064 -14.15718083
v 1.35593214 3.21650246 -13.32138763
v 1.34216617 3.18793069 -13.31146518
v 1.35593214 3.16179403 -13.32717917
v 1.37820596 3.17421245 -13.34681340
v 3.03117203 2.92734414 -10.97577795
v 3.01429941 2.89877237 -10.96863512
v 3.03117203 2.87263571 -10.98156950
v 3.05847250 2.88505413 -10.99670622
v 3.61398457 2.79511875 -9.46444015
v 3.59465946 2.76739144 -9.46131167
v 3.61398457 2.74011507 -9.46551265
v 3.64525327 2.75098466 -9.47123749
v 3.82215169 2.77881518 -7.78951000
v 3.80224995 2.75127979 -7.78764015
v 3.82215169 2.72374441 -7.78951000
v 3.85435339 2.73426199 -7.79253549
v 3.58659697 2.89574020 11.24677794
v 3.56899322 2.86711614 11.24192554
v 3.58659697 2.84126715 11.25420698
v 3.61508043 2.85391566 11.26664972
v 2.78428774 3.09105210 12.51502769
v 2.76980987 3.06242804 12.50704940
v 2.78428774 3.03657905 12.52245672
v 2.80771342 3.04922756 12.53995725
v 1.47199868 3.16837036 13.05054520
v 1.47633676 3.15828967 13.08068691
v 1.47633676 3.12432247 13.08153716
v 1.47199868 3.11341027 13.05192094
v 1.46931759 3.14063336 13.03276685
v -3.91839511 2.75160198 -1.52177924
v -3.90888912 2.75758257 4.98472922
v -3.89794637 2.72344588 -1.52163761
v -3.91123150 2.73608769 1.72978567
v -3.88861445 2.72934401 4.98436168
v -3.86485962 2.73420056 -1.52140844
v -3.87893679 2.72553065 1.72961128
v -3.85580933 2.73991999 4.98320429
v -3.86485962 2.76900341 -1.52140844
v -3.85897756 2.75303481 1.72941847
v -3.85580933 2.77469486 4.98285652
v -3.91123150 2.77011646 1.72970065
v -3.89794637 2.77975809 -1.52163761
v -3.87893679 2.78059036 1.72947371
v -3.88861445 2.78561094 4.98379898
v -1.78867918 3.12683927 -12.82411822
v -2.68054266 2.97264400 -11.57699804
v -1.77303885 3.09750568 -12.81511770
v -2.23740730 3.03336250 -12.20808565
v -2.66363166 2.94331041 -11.56913443
v -1.74773227 3.10594345 -12.79397446
v -2.21133099 3.02066247 -12.19078793
v -2.63626909 2.95174818 -11.54983074
v -1.74773227 3.14049187 -12.78990772
v -2.19521494 3.04659191 -12.17598769
v -2.63626909 2.98629660 -11.54576401
v -2.23740730 3.06714099 -12.20397600
v -1.77303885 3.15340620 -12.80853759
v -2.21133099 3.07531722 -12.18413837
v -2.66363166 2.99921093 -11.56255432
v -3.70318309 2.75794978 -9.05681355
v -3.68308037 2.72971517 -9.05417430
v -3.75423841 2.73588270 -8.61520637
v -3.65055348 2.74031539 -9.04946523
v -3.72215492 2.72532992 -8.61146272
v -3.65055348 2.77510128 -9.04919412
v -3.70232623 2.75283941 -8.60908274
v -3.75423841 2.76991417 -8.61514008
v -3.68308037 2.78599993 -9.05373563
v -3.72215492 2.78039398 -8.61135547
v -3.57069607 2.78488746 -9.82752866
v -3.30519324 2.84937646 -10.54427585
v -3.46311202 2.79393693 -10.16847008
v -3.55150526 2.75633886 -9.82339674
v -3.28737032 2.82035686 -10.53790491
v -3.43382743 2.78229293 -10.15803931
v -3.52045389 2.76632124 -9.81451777
v -3.25853223 2.82941247 -10.52277111
v -3.41572857 2.80899944 -10.14947162
v -3.52045389 2.80103928 -9.81316220
v -3.25853223 2.86402875 -10.51978884
v -3.43382743 2.83714898 -10.15460728
v -3.55150526 2.81251384 -9.82120337
v -3.46311202 2.82783984 -10.16634897
v -3.28737032 2.87636717 -10.53307950
v -1.03960448 3.23503338 -13.71253944
v -0.55695446 3.27691223 -14.08662837
v -0.77262615 3.24481901 -13.94370570
v -1.02813490 3.20601379 -13.70048397
v -0.55174101 3.24836363 -14.06999047
v -0.75942686 3.23317500 -13.91888291
v -1.00957674 3.21506940 -13.67615239
v -0.54330548 3.25834600 -14.04087639
v -0.75126924 3.25988152 -13.90142047
v -1.00957674 3.24968567 -13.67317012
v -0.54330548 3.29306405 -14.03952082
v -0.75942686 3.28803106 -13.91545088
v -1.02813490 3.26202409 -13.69565856
v -0.77262615 3.27872192 -13.94158459
v -0.55174101 3.30453861 -14.06779710
v -3.44350750 2.91926952 11.59362435
v -3.02620939 3.02245654 12.25807276
v -3.42577981 2.88987651 11.58811125
v -3.23972394 2.95424152 11.93258506
v -3.00976025 2.99306353 12.25128112
v -3.39709581 2.89795072 11.57075031
v -3.21232201 2.94127731 11.91779317
v -2.98314497 3.00113773 12.23185147
v -3.39709581 2.93233386 11.56553376
v -3.19538669 2.96687646 11.90337967
v -2.98314497 3.03552087 12.22663492
v -3.23972394 2.98785298 11.92731346
v -3.42577981 2.94550961 11.57967069
v -3.21232201 2.99566181 11.90926353
v -3.00976025 3.04869662 12.24284056
v -3.72748872 2.83279463 10.98052806
v -3.85982019 2.78140183 9.47775004
v -3.80259423 2.78601982 10.47142596
v -3.70903332 2.80373146 10.97648512
v -3.84027323 2.75283343 9.47591234
v -3.77252745 2.77423947 10.46405248
v -3.67917186 2.81252046 10.96375377
v -3.80864557 2.76269461 9.47012536
v -3.75394516 2.80077550 10.45677459
v -3.67917186 2.84701553 10.95992829
v -3.80864557 2.79735757 9.46838651
v -3.77252745 2.82895603 10.45965009
v -3.70903332 2.85954565 10.97029538
v -3.80259423 2.81983652 10.46870513
v -3.84027323 2.80891926 9.47309882
v -1.94802386 3.14921933 12.97159783
v -2.54906680 3.11232807 12.71804386
v -2.30118943 3.14537514 12.87949833
v -1.95689562 3.16078102 12.99906603
v -2.56858467 3.12485820 12.73875453
v -2.31507132 3.13625562 12.90473827
v -1.96237867 3.13326359 13.01778117
v -2.58064738 3.09810718 12.75537990
v -2.31507132 3.10243893 12.90745909
v -1.95689562 3.10469519 13.00187955
v -2.56858467 3.06904401 12.74494427
v -2.30118943 3.09065857 12.88390072
v -1.94802386 3.11455637 12.97333668
v -2.29260996 3.11719461 12.86662002
v -2.54906680 3.07783300 12.72186933
v 3.92068088 2.75758257 4.98472922
v 3.93018686 2.75160198 -1.52177924
v 3.90040620 2.72934401 4.98436168
v 3.92302325 2.73608769 1.72978567
v 3.90973813 2.72344588 -1.52163761
v 3.86760108 2.73991999 4.98320429
v 3.89072855 2.72553065 1.72961128
v 3.87665137 2.73420056 -1.52140844
v 3.86760108 2.77469486 4.98285652
v 3.87076932 2.75303481 1.72941847
v 3.87665137 2.76900341 -1.52140844
v 3.92302325 2.77011646 1.72970065
v 3.90040620 2.78561094 4.98379898
v 3.89072855 2.78059036 1.72947371
v 3.90973813 2.77975809 -1.52163761
v 2.69233442 2.97264400 -11.57699804
v 1.80047094 3.12683927 -12.82411822
v 2.67542342 2.94331041 -11.56913443
v 2.24919905 3.03336250 -12.20808565
v 1.78483061 3.09750568 -12.81511770
v 2.64806085 2.95174818 -11.54983074
v 2.22312274 3.02066247 -12.19078793
v 1.75952402 3.10594345 -12.79397446
v 2.64806085 2.98629660 -11.54576401
v 2.20700670 3.04659191 -12.17598769
v 1.75952402 3.14049187 -12.78990772
v 2.24919905 3.06714099 -12.20397600
v 2.67542342 2.99921093 -11.56255432
v 2.22312274 3.07531722 -12.18413837
v 1.78483061 3.15340620 -12.80853759
v 3.82119361 2.75124113 -8.18331257
v 3.71497485 2.75794978 -9.05681355
v 3.80085504 2.72308503 -8.18118812
v 3.76603017 2.73588270 -8.61520637
v 3.69487212 2.72971517 -9.05417430
v 3.76794653 2.73383970 -8.17775068
v 3.73394667 2.72532992 -8.61146272
v 3.66234523 2.74031539 -9.04946523
v 3.76794653 2.76864256 -8.17775068
v 3.71411798 2.75283941 -8.60908274
v 3.66234523 2.77510128 -9.04919412
v 3.76603017 2.76991417 -8.61514008
v 3.80085504 2.77939723 -8.18118812
v 3.73394667 2.78039398 -8.61135547
v 3.69487212 2.78599993 -9.05373563
v 3.31698500 2.84937646 -10.54427585
v 3.58248782 2.78488746 -9.82752866
v 3.47490377 2.79393693 -10.16847008
v 3.29916208 2.82035686 -10.53790491
v 3.56329702 2.75633886 -9.82339674
v 3.44561919 2.78229293 -10.15803931
v 3.27032399 2.82941247 -10.52277111
v 3.53224565 2.76632124 -9.81451777
v 3.42752032 2.80899944 -10.14947162
v 3.27032399 2.86402875 -10.51978884
v 3.53224565 2.80103928 -9.81316220
v 3.44561919 2.83714898 -10.15460728
v 3.29916208 2.87636717 -10.53307950
v 3.47490377 2.82783984 -10.16634897
v 3.56329702 2.81251384 -9.82120337
v 0.56874621 3.27691223 -14.08662837
v 1.05139623 3.23503338 -13.71253944
v 0.78441791 3.24481901 -13.94370570
v 0.56353277 3.24836363 -14.06999047
v 1.03992666 3.20601379 -13.70048397
v 0.77121861 3.23317500 -13.91888291
v 0.55509724 3.25834600 -14.04087639
v 1.02136850 3.21506940 -13.67615239
v 0.76306100 3.25988152 -13.90142047
v 0.55509724 3.29306405 -14.03952082
v 1.02136850 3.24968567 -13.67317012
v 0.77121861 3.28803106 -13.91545088
v 0.56353277 3.30453861 -14.06779710
v 0.78441791 3.27872192 -13.94158459
v 1.03992666 3.26202409 -13.69565856
v 3.89872460 2.77965499 -5.98699579
v 3.86813717 2.77950033 -7.47777477
v 3.86890809 2.77895694 -6.96650458
v 3.86568878 2.76890031 -5.98584998
v 3.83517773 2.76874566 -7.47525399
v 3.84896403 2.75142156 -6.96539652
v 3.86568878 2.73409745 -5.98584998
v 3.83517773 2.73394280 -7.47525399
v 3.86890809 2.72388617 -6.96650458
v 3.89872460 2.72334278 -5.98699579
v 3.86813717 2.72318813 -7.47777477
v 3.90117827 2.73440375 -6.96829746
v 3.91914187 2.75149888 -5.98770394
v 3.90117827 2.76843936 -6.96829746
v 3.88850722 2.75134423 -7.47933270
v 3.03800115 3.02245654 12.25807276
v 3.45529925 2.91926952 11.59362435
v 3.02155200 2.99306353 12.25128112
v 3.25151570 2.95424152 11.93258506
v 3.43757157 2.88987651 11.58811125
v 2.99493672 3.00113773 12.23185147
v 3.22411377 2.94127731 11.91779317
v 3.40888757 2.89795072 11.57075031
v 2.99493672 3.03552087 12.22663492
v 3.20717845 2.96687646 11.90337967
v 3.40888757 2.93233386 11.56553376
v 3.25151570 2.98785298 11.92731346
v 3.02155200 3.04869662 12.24284056
v 3.22411377 2.99566181 11.90926353
v 3.43757157 2.94550961 11.57967069
v 3.87161195 2.78140183 9.47775004
v 3.73928048 2.83279463 10.98052806
v 3.81438599 2.78601982 10.47142596
v 3.85206498 2.75283343 9.47591234
v 3.72082508 2.80373146 10.97648512
v 3.78431921 2.77423947 10.46405248
v 3.82043733 2.76269461 9.47012536
v 3.69096362 2.81252046 10.96375377
v 3.76573692 2.80077550 10.45677459
v 3.82043733 2.79735757 9.46838651
v 3.69096362 2.84701553 10.95992829
v 3.78431921 2.82895603 10.45965009
v 3.85206498 2.80891926 9.47309882
v 3.81438599 2.81983652 10.46870513
v 3.72082508 2.85954565 10.97029538
v 2.56085856 3.11232807 12.71804386
v 1.95981562 3.14921933 12.97159783
v 2.31298119 3.14537514 12.87949833
v 2.58037643 3.12485820 12.73875453
v 1.96868738 3.16078102 12.99906603
v 2.32686307 3.13625562 12.90473827
v 2.59243914 3.09810718 12.75537990
v 1.97417043 3.13326359 13.01778117
v 2.32686307 3.10243893 12.90745909
v 2.58037643 3.06904401 12.74494427
v 1.96868738 3.10469519 13.00187955
v 2.31298119 3.09065857 12.88390072
v 2.56085856 3.07783300 12.72186933
v 2.30440171 3.11719461 12.86662002
v 1.95981562 3.11455637 12.97333668
v -0.77459376 3.12859601 13.07650699
v 0.78638552 3.12859601 13.07650699
v 5.8958781e-3 3.12025963 13.10422722
v -0.77636811 3.11802004 13.10869515
v 0.78815987 3.11802004 13.10869515
v 5.8958781e-3 3.13085613 13.13604629
v -0.77746472 3.14625860 13.12824076
v 0.78925648 3.14625860 13.12824076
v 5.8958781e-3 3.16487806 13.13587624
v -0.77636811 3.17428697 13.10813244
v 0.78815987 3.17428697 13.10813244
v 5.8958781e-3 3.17530826 13.10395207
v -0.77459376 3.16337089 13.07615922
v 5.8958781e-3 3.14773255 13.08439189
v 0.78638552 3.16337089 13.07615922
v -0.17799925 3.28877648 -14.20821527
v 0.18979101 3.28877648 -14.20821527
v 5.8958781e-3 3.27323192 -14.21738010
v -0.17695656 3.26054188 -14.18852241
v 0.18874832 3.26054188 -14.18852241
v 5.8958781e-3 3.26264394 -14.18548200
v -0.17526946 3.27114210 -14.15622001
v 0.18706121 3.27114210 -14.15622001
v 5.8958781e-3 3.29012752 -14.16563532
v -0.17526946 3.30592799 -14.15594889
v 0.18706121 3.30592799 -14.15594889
v 5.8958781e-3 3.31770129 -14.18526750
v -0.17695656 3.31682664 -14.18808373
v 5.8958781e-3 3.30725924 -14.21724753
v 0.18874832 3.31682664 -14.18808373
v -3.91221541 2.76861979 -1.52173644
v -3.90276202 2.77455494 4.98436307
v -3.91221541 2.73458418 -1.52173644
v -3.90276202 2.74054669 4.98470318
v -3.87985807 2.72406660 -1.52151232
v -3.87068011 2.72987126 4.98378149
v -3.85986013 2.75160198 -1.52137382
v -3.85085240 2.75728173 4.98287175
v -3.87985807 2.77913737 -1.52151232
v -3.87068011 2.78489776 4.98323119
v -1.78395260 3.14331462 -12.81841541
v -2.67543208 2.98911935 -11.57163881
v -1.78395260 3.10952783 -12.82239249
v -2.67543208 2.95533256 -11.57561589
v -1.75920391 3.09689820 -12.80417333
v -2.64867273 2.94270293 -11.55919573
v -1.74390838 3.12287945 -12.78893619
v -2.63213455 2.96868418 -11.54507043
v -1.75920391 3.15156637 -12.79773828
v -2.64867273 2.99737110 -11.55276068
v -3.69710796 2.77493142 -9.05581711
v -3.69710796 2.74091239 -9.05608225
v -3.66529814 2.73025401 -9.05164085
v -3.64563859 2.75768579 -9.04863078
v -3.66529814 2.78529794 -9.05121185
v -3.56489652 2.76777178 -9.82661140
v -3.29980707 2.83214332 -10.54307965
v -3.53452969 2.75655018 -9.81874750
v -3.27160473 2.82007690 -10.53008200
v -3.51576196 2.78356752 -9.81256165
v -3.25417473 2.84647259 -10.51913248
v -3.53452969 2.81148675 -9.81660248
v -3.27160473 2.87485243 -10.52536296
v -3.56489652 2.80172445 -9.82528570
v -3.29980707 2.86599646 -10.54016313
v -1.03613832 3.21780024 -13.70962535
v -0.55537893 3.25979655 -14.08193175
v -1.01798928 3.20573383 -13.68763269
v -0.54712937 3.24857495 -14.05427883
v -1.00677256 3.23212951 -13.67112395
v -0.54203086 3.27559229 -14.03586270
v -1.01798928 3.26050936 -13.68291366
v -0.54712937 3.30351152 -14.05213382
v -1.03613832 3.25165338 -13.70670883
v -0.55537893 3.29374921 -14.08060605
v -3.43815011 2.93560568 11.58813210
v -3.02123839 3.03879270 12.25219413
v -3.43815011 2.90198053 11.59323365
v -3.02123839 3.00516755 12.25729568
v -3.41009847 2.88909525 11.57940838
v -2.99520986 2.99228227 12.24144730
v -3.39276160 2.91475686 11.56576234
v -2.97912334 3.01794388 12.22655090
v -3.41009847 2.94350189 11.57115390
v -2.99520986 3.04668890 12.23319281
v -3.72191142 2.81557796 10.98024155
v -3.85391301 2.76429363 9.47761981
v -3.69270827 2.80332406 10.97010301
v -3.82298260 2.75298682 9.47301138
v -3.67465973 2.82948535 10.96009592
v -3.80386656 2.77989761 9.46846270
v -3.69270827 2.85790780 10.96404973
v -3.82298260 2.80783621 9.47025989
v -3.72191142 2.84931256 10.97650041
v -3.85391301 2.79819242 9.47591929
v -1.95204549 3.15969797 12.98378661
v -2.55791439 3.12322035 12.72685411
v -1.96072167 3.15005418 13.01170024
v -2.57700198 3.11462511 12.74942035
v -1.96072167 3.11615539 13.01340076
v -2.57700198 3.08089050 12.75316149
v -1.95204549 3.10484858 12.98653810
v -2.55791439 3.06863661 12.73290739
v -1.94668332 3.13175937 12.96823555
v -2.54611761 3.09479789 12.71664854
v 3.91455378 2.77455494 4.98436307
v 3.92400716 2.76861979 -1.52173644
v 3.91455378 2.74054669 4.98470318
v 3.92400716 2.73458418 -1.52173644
v 3.88247187 2.72987126 4.98378149
v 3.89164982 2.72406660 -1.52151232
v 3.86264416 2.75728173 4.98287175
v 3.87165189 2.75160198 -1.52137382
v 3.88247187 2.78489776 4.98323119
v 3.89164982 2.77913737 -1.52151232
v 2.68722384 2.98911935 -11.57163881
v 1.79574436 3.14331462 -12.81841541
v 2.68722384 2.95533256 -11.57561589
v 1.79574436 3.10952783 -12.82239249
v 2.66046449 2.94270293 -11.55919573
v 1.77099567 3.09689820 -12.80417333
v 2.64392630 2.96868418 -11.54507043
v 1.75570014 3.12287945 -12.78893619
v 2.66046449 2.99737110 -11.55276068
v 1.77099567 3.15156637 -12.79773828
v 3.81504720 2.76825893 -8.18267055
v 3.70889971 2.77493142 -9.05581711
v 3.81504720 2.73422332 -8.18267055
v 3.70889971 2.74091239 -9.05608225
v 3.78286418 2.72370574 -8.17930889
v 3.67708989 2.73025401 -9.05164085
v 3.76297398 2.75124113 -8.17723128
v 3.65743034 2.75768579 -9.04863078
v 3.78286418 2.77877652 -8.17930889
v 3.67708989 2.78529794 -9.05121185
v 3.31159883 2.83214332 -10.54307965
v 3.57668827 2.76777178 -9.82661140
v 3.28339649 2.82007690 -10.53008200
v 3.54632145 2.75655018 -9.81874750
v 3.26596649 2.84647259 -10.51913248
v 3.52755371 2.78356752 -9.81256165
v 3.28339649 2.87485243 -10.52536296
v 3.54632145 2.81148675 -9.81660248
v 3.31159883 2.86599646 -10.54016313
v 3.57668827 2.80172445 -9.82528570
v 0.56717069 3.25979655 -14.08193175
v 1.04793007 3.21780024 -13.70962535
v 0.55892112 3.24857495 -14.05427883
v 1.02978104 3.20573383 -13.68763269
v 0.55382261 3.27559229 -14.03586270
v 1.01856432 3.23212951 -13.67112395
v 0.55892112 3.30351152 -14.05213382
v 1.02978104 3.26050936 -13.68291366
v 0.56717069 3.29374921 -14.08060605
v 1.04793007 3.25165338 -13.70670883
v 3.88066414 2.77903427 -5.98636938
v 3.85011847 2.77887962 -7.47639668
v 3.86069699 2.75149888 -5.98567684
v 3.83019749 2.75134423 -7.47487309
v 3.88066414 2.72396350 -5.98636938
v 3.85011847 2.72380884 -7.47639668
v 3.91297168 2.73448108 -5.98748993
v 3.88235130 2.73432643 -7.47886189
v 3.91297168 2.76851669 -5.98748993
v 3.88235130 2.76836204 -7.47886189
v 3.03303014 3.03879270 12.25219413
v 3.44994187 2.93560568 11.58813210
v 3.03303014 3.00516755 12.25729568
v 3.44994187 2.90198053 11.59323365
v 3.00700161 2.99228227 12.24144730
v 3.42189022 2.88909525 11.57940838
v 2.99091509 3.01794388 12.22655090
v 3.40455335 2.91475686 11.56576234
v 3.00700161 3.04668890 12.23319281
v 3.42189022 2.94350189 11.57115390
v 3.86570477 2.76429363 9.47761981
v 3.73370317 2.81557796 10.98024155
v 3.83477436 2.75298682 9.47301138
v 3.70450002 2.80332406 10.97010301
v 3.81565832 2.77989761 9.46846270
v 3.68645148 2.82948535 10.96009592
v 3.83477436 2.80783621 9.47025989
v 3.70450002 2.85790780 10.96404973
v 3.86570477 2.79819242 9.47591929
v 3.73370317 2.84931256 10.97650041
v 2.56970614 3.12322035 12.72685411
v 1.96383725 3.15969797 12.98378661
v 2.58879373 3.11462511 12.74942035
v 1.97251342 3.15005418 13.01170024
v 2.58879373 3.08089050 12.75316149
v 1.97251342 3.11615539 13.01340076
v 2.56970614 3.06863661 12.73290739
v 1.96383725 3.10484858 12.98653810
v 2.55790936 3.09479789 12.71664854
v 1.95847507 3.13175937 12.96823555
v -0.77539809 3.11854729 13.09115065
v 0.78718984 3.11854729 13.09115065
v -0.77713332 3.12922272 13.12241901
v 0.78892508 3.12922272 13.12241901
v -0.77713332 3.16323096 13.12207891
v 0.78892508 3.16323096 13.12207891
v -0.77539809 3.17357379 13.09060035
v 0.78718984 3.17357379 13.09060035
v -0.77432565 3.14595776 13.07148563
v 0.78611741 3.14595776 13.07148563
v -0.17768415 3.27173910 -14.20233029
v 0.18947590 3.27173910 -14.20233029
v -0.17603423 3.26108072 -14.17090387
v 0.18782599 3.26108072 -14.17090387
v -0.17501453 3.28851250 -14.15121614
v 0.18680629 3.28851250 -14.15121614
v -0.17603423 3.31612465 -14.17047487
v 0.18782599 3.31612465 -14.17047487
v -0.17768415 3.30575813 -14.20206515
v 0.18947590 3.30575813 -14.20206515
v -3.91735964 2.75159232 -3.35428526
v -3.89691385 2.72343622 -3.35419696
v -3.86383187 2.73419089 -3.35405409
v -3.86383187 2.76899375 -3.35405409
v -3.89691385 2.77974842 -3.35419696
v -3.91118083 2.76861012 -3.35425858
v -3.91118083 2.73457451 -3.35425858
v -3.87882816 2.72405693 -3.35411886
v -3.85883311 2.75159232 -3.35403251
v -3.87882816 2.77912770 -3.35411886
v -3.80334729 2.75144662 -8.23672397
v -3.78301362 2.72328819 -8.23460009
v -3.75011156 2.73403830 -8.23116339
v -3.75011062 2.76884066 -8.23116329
v -3.78301211 2.77959960 -8.23459992
v -3.79720167 2.76846336 -8.23608205
v -3.79720259 2.73442823 -8.23608215
v -3.76502643 2.72390648 -8.23272129
v -3.74513956 2.75143881 -8.23064406
v -3.76502495 2.77897648 -8.23272112
v -2.11267390 2.05973769 -3.23156300
v -2.11267390 3.80630808 -3.23156300
v 2.11267390 3.80630808 -3.23156300
v 2.11267390 2.05973769 -3.23156300
v -2.11267390 2.05973769 -10.93982114
v -2.11267390 3.80630808 -10.93982114
v 2.11267390 3.80630808 -10.93982114
v 2.11267390 2.05973769 -10.93982114
v -1.96478673 3.80630808 -3.37945018
v 1.96478673 3.80630808 -3.37945018
v 1.96478673 3.80630808 -10.79193397
v -1.96478673 3.80630808 -10.79193397
v -1.96478673 3.67702524 -3.37945018
v 1.96478673 3.67702524 -3.37945018
v 1.96478673 3.67702524 -10.79193397
v -1.96478673 3.67702524 -10.79193397
v -0.26363955 3.54610794 -3.23156300
v -0.52192612 3.56554350 -3.23156300
v -0.39351408 3.41623341 -3.23156300
v -0.39351408 2.27658218 -3.23156300
v -0.52322274 2.14014587 -3.23156300
v -0.26363955 2.14670766 -3.23156300
v 0.29600053 2.14670766 -3.23156300
v 0.55557730 2.14002031 -3.23156300
v 0.42587506 2.27658218 -3.23156300
v 0.29600053 3.54610794 -3.23156300
v 0.42587506 3.41623341 -3.23156300
v 0.55423143 3.56590778 -3.23156300
v -0.37407611 2.27658218 -3.41257257
v -0.24420158 2.14670766 -3.41257257
v -0.24420158 3.54429317 -3.41257257
v -0.37407611 3.41441864 -3.41257257
v 0.40643709 3.41441864 -3.41257257
v 0.27656256 3.54429317 -3.41257257
v 0.27656256 2.14670766 -3.41257257
v 0.40643709 2.27658218 -3.41257257
v -2.11267390 2.14819632 -9.28032567
v -2.11267390 2.14625554 -9.02059112
v -2.11267390 2.27807085 -9.15045114
v -2.11267390 3.41649127 -9.15045114
v -2.11267390 3.55206406 -9.02070168
v -2.11267390 3.54636580 -9.28032567
v -2.11267390 3.54636580 -9.82061705
v -2.11267390 3.57936960 -10.07610266
v -2.11267390 3.41649127 -9.95049158
v -2.11267390 2.14819632 -9.82061705
v -2.11267390 2.27807085 -9.95049158
v -2.11267390 2.13663003 -10.07985005
v -2.01656433 3.41576161 -9.15864094
v -2.01656433 3.54563614 -9.28851547
v -2.01656433 2.14582265 -9.28851547
v -2.01656433 2.27569718 -9.15864094
v -2.01656433 2.27569718 -9.95260503
v -2.01656433 2.14582265 -9.82273050
v -2.01656433 3.54563614 -9.82273050
v -2.01656433 3.41576161 -9.95260503
v -2.32152244 -2.55219069 8.86115603
v -2.36976594 2.67306283 13.08874432
v 2.36976594 2.67306283 13.08874432
v 2.32152244 -2.55219069 8.86115603
v -0.36553633 0.18330474 -12.95194786
v -1.02306990 2.76330015 -13.93457387
v 1.02306990 2.76330015 -13.93457387
v 0.36553633 0.18330474 -12.95194786
v -3.98793688 2.29992914 10.24491572
v -3.93296969 2.30298803 -9.15431164
v 3.98793688 2.29992914 10.24491572
v 3.93296969 2.30298803 -9.15431164
v -2.42969755 0.35755611 13.02658541
v 2.42969755 0.35755611 13.02658541
v -0.98100341 1.20585452 -13.55323384
v 0.98100341 1.20585452 -13.55323384
v -4.01321921 0.30402563 -9.72094563
v 4.02501672 0.30402563 10.79676949
v -4.02501672 0.30402563 10.79676949
v -1.31783057 -2.44194006 -8.17338041
v 1.31783057 -2.44194006 -8.17338041
v -2.22933084 2.67292089 12.84187918
v 2.22933084 2.67292089 12.84187918
v -0.90049967 2.84362664 -13.69837368
v 0.90049967 2.84362664 -13.69837368
v -3.72902730 2.30098611 10.17750243
v -3.67490632 2.32057938 -9.06847184
v 3.72902730 2.30098611 10.17750243
v 3.67490632 2.32057938 -9.06847184
v -2.39126297 -1.21111405 11.49298420
v -0.65880863 0.71161850 -13.34074897
v 2.39126297 -1.21111405 11.49298420
v 0.65880863 0.71161850 -13.34074897
v -2.62065077 -1.08662413 -8.45383261
v 3.27333342 -1.21111405 9.23446442
v -3.27333342 -1.21111405 9.23446442
v -2.37991305 -1.93901406 10.69145197
v -2.7755576e-17 -2.63922221 8.84057082
v 0.0000000e+0 2.70579386 13.28458270
v -3.35699000 2.49631529 12.03121704
v 2.43245302 1.49181733 13.12850319
v 3.35699000 2.49631529 12.03121704
v -0.48700638 0.50276068 -13.24307397
v 0.0000000e+0 0.31542100 -13.15691189
v 0.0000000e+0 2.80367841 -14.28973983
v 1.00293754 1.95035497 -13.77085301
v -4.03000000 2.28683673 0.99751504
v -2.47751504 2.54525757 -12.01667770
v 4.03000000 2.28683673 0.99751504
v 2.47751504 2.54525757 -12.01667770
v -2.43245302 1.49181733 13.12850319
v 2.41134360 -0.45552220 12.30961383
v -1.00293754 1.95035497 -13.77085301
v 0.83061089 0.92047632 -13.43842396
v -2.7755576e-17 0.35919267 13.17728863
v 3.33370039 0.34610026 11.97166291
v 0.0000000e+0 1.26404429 -13.81013568
v -3.33370039 0.34610026 11.97166291
v 2.41891010 0.79852607 -11.75492102
v -2.41891010 0.79852607 -11.75492102
v -4.02160960 1.29543118 -9.73228059
v 4.02160960 1.29543118 -9.73228059
v 4.01911797 0.30402563 1.01830906
v -4.01911797 0.30402563 1.01830906
v -4.02750836 1.29543118 10.78731044
v 4.02750836 1.29543118 10.78731044
v -0.79053260 -1.06096499 -11.22607353
v 0.79053260 -1.06096499 -11.22607353
v 0.0000000e+0 -2.53229446 -8.15468359
v -2.02050378 -1.80945929 -8.30425810
v 2.94369666 -1.93901406 9.01296238
v -3.60646247 -0.45552220 9.48078189
v -1.85341934 -2.63922221 0.91145559
v 1.85341934 -2.63922221 0.91145559
v -2.2204460e-16 2.70558863 13.02239142
v -3.14754952 2.49651508 11.86711310
v 2.28771845 1.54962726 12.87907748
v 3.14754952 2.49651508 11.86711310
v 0.0000000e+0 2.88946610 -14.04076537
v 0.88006572 2.03117008 -13.52931584
v -3.76785296 2.29508131 1.00723867
v -2.27979959 2.59609359 -11.84945854
v 3.76785296 2.29508131 1.00723867
v 2.27979959 2.59609359 -11.84945854
v -2.30277351 1.54962726 12.87907748
v -0.87882904 2.03166710 -13.53086773
v 3.75985868 1.37221739 -9.65711994
v -3.76551965 1.33622444 10.72936844
v 3.76551965 1.33622444 10.72936844
v -2.41134360 -0.45552220 12.30961383
v -0.83061089 0.92047632 -13.43842396
v 2.37991305 -1.93901406 10.69145197
v 0.48700638 0.50276068 -13.24307397
v -3.22079775 -0.36378897 -8.60340712
v 3.60646247 -0.45552220 9.48078189
v -2.94369666 -1.93901406 9.01296238
v -2.7755576e-17 -1.21507003 11.56787744
v 0.0000000e+0 0.84006440 -13.60623574
v -3.03345344 -1.21507003 0.96315888
v -1.65730155 -0.18750282 -11.48234154
v 1.65730155 -0.18750282 -11.48234154
v 3.02447761 -1.19133416 10.96302964
v -3.02447761 -1.19133416 10.96302964
v 3.03345344 -1.21507003 0.96315888
v 2.7755576e-17 -1.97461786 10.70952481
v -6.9388939e-18 1.99401656 -14.04009117
v -2.7755576e-17 1.50490974 13.28458270
v 2.47331984 1.64472387 -11.88618588
v 0.0000000e+0 1.01220955 -13.69833913
v -3.52628570 -0.45552220 0.99073397
v -2.47331984 1.64472387 -11.88618588
v 3.35574418 1.40017046 12.03594657
v -3.35574418 1.40017046 12.03594657
v 0.0000000e+0 -1.11919580 -11.20898900
v -1.25139001 -0.65334931 -11.34566527
v 2.06321310 0.27834368 -11.61901780
v 2.90748612 -1.72143525 10.58100682
v -3.18686877 -0.45552220 11.49330012
v 0.0000000e+0 -2.73416569 0.90800870
v 3.52628570 -0.45552220 0.99073397
v 6.5955991e-4 2.07536534 -13.78828991
v -8.0293670e-3 1.56385412 13.02239142
v 2.27684756 1.72363843 -11.72222742
v -2.27618800 1.72394429 -11.72318243
v 3.14637653 1.45003928 11.87587993
v -3.15440589 1.45003928 11.87587993
v -2.7755576e-17 -0.45552220 12.42623007
v -3.4694470e-18 0.66791925 -13.51413235
v -2.54062118 -1.97461786 0.93558379
v -2.06321310 0.27834368 -11.61901780
v 1.25139001 -0.65334931 -11.34566527
v 3.18686877 -0.45552220 11.49330012
v -2.90748612 -1.72143525 10.58100682
v 2.54062118 -1.97461786 0.93558379
v -2.38340533 -2.29109612 10.28709108
v -1.30222806 -2.63922221 8.84057082
v -1.31056859 2.70252075 13.26499887
v -2.98906359 2.59778147 12.63831604
v 2.43253089 2.08571319 13.12820759
v 2.98906359 2.59778147 12.63831604
v -0.40110525 0.39833177 -13.19423647
v -0.18515061 0.31542100 -13.15691189
v -0.47231902 2.79964058 -14.25422324
v 1.00319974 2.36086539 -13.88823004
v -4.03000000 2.28683673 5.88768321
v -3.25375752 2.41604715 -10.88014663
v 4.03000000 2.28683673 5.88768321
v 3.25375752 2.41604715 -10.88014663
v -2.43237516 0.89792148 13.12879878
v 2.42182045 -7.5748285e-2 12.71935410
v -1.00267534 1.53984456 -13.65347599
v 0.91651201 1.02490523 -13.48726146
v -1.34199000 0.35919267 13.17728863
v 3.00884020 0.35264646 12.57447577
v -0.45242643 1.26404429 -13.81013568
v -3.00884020 0.35264646 12.57447577
v 3.24117193 0.52410790 -10.73831985
v -3.24117193 0.52410790 -10.73831985
v -4.01741441 0.79972841 -9.72661311
v 4.02206735 0.30402563 5.90753928
v -4.02206735 0.30402563 5.90753928
v -4.02875418 1.79113396 10.78258091
v 4.02875418 1.79113396 10.78258091
v -1.05349069 -1.85009360 -10.12233936
v 1.05349069 -1.85009360 -10.12233936
v 0.71017840 -2.53229446 -8.15468359
v -1.72043029 -2.17087687 -8.22947085
v 2.77494946 -2.29109612 8.92291164
v -3.85738713 -7.5748285e-2 10.67856983
v -2.12190462 -2.63922221 5.39608884
v 2.12190462 -2.63922221 5.39608884
v 1.23385744 2.70232186 13.00434020
v -3.45766884 2.39197831 11.28947395
v 3.45766884 2.39197831 11.28947395
v 0.40672254 2.88488215 -14.00652620
v -1.54662234 2.73819590 -12.91087278
v 3.76788536 2.29890120 -3.96515867
v 1.54662234 2.73819590 -12.91087278
v -2.29585018 2.11454085 12.87852956
v -0.87878253 2.44223082 -13.64885987
v -3.76388822 1.83746924 -9.65763582
v 3.76388822 1.83746924 -9.65763582
v 1.57008232 -1.92985778 -8.14964058
v -2.40086675 -0.83529612 11.89987355
v -0.74470976 0.81604741 -13.38958647
v 2.38340533 -1.57902003 11.09179667
v 0.57290750 0.60718959 -13.29191147
v -2.92072426 -0.72520655 -8.52861987
v 3.43946141 -0.83529612 9.35619770
v -3.10895157 -1.57902003 9.11843298
v -1.34199000 -1.21507003 11.56787744
v -0.30109729 0.84006440 -13.60623574
v -3.19397590 -1.21507003 5.64356486
v -1.12974807 0.32628079 -12.54428864
v 1.12974807 0.32628079 -12.54428864
v 2.85510187 -1.19924612 11.26830446
v -2.85510187 -1.19924612 11.26830446
v 2.87293098 -1.21507003 -3.71724710
v -2.38340533 -1.57902003 11.09179667
v 1.30222806 -2.63922221 8.84057082
v 1.31056859 2.70252075 13.26499887
v -3.69349500 2.39157601 11.40453421
v 2.43237516 0.89792148 13.12879878
v 3.69349500 2.39157601 11.40453421
v -0.57290750 0.60718959 -13.29191147
v 0.18515061 0.31542100 -13.15691189
v 0.47231902 2.79964058 -14.25422324
v 1.00267534 1.53984456 -13.65347599
v -1.71107654 2.67043016 -13.11769217
v 4.03000000 2.28683673 -4.01275242
v 1.71107654 2.67043016 -13.11769217
v -2.43253089 2.08571319 13.12820759
v 2.40086675 -0.83529612 11.89987355
v -1.00319974 2.36086539 -13.88823004
v 0.74470976 0.81604741 -13.38958647
v 1.34199000 0.35919267 13.17728863
v 3.68975754 0.30402563 11.41872280
v 0.45242643 1.26404429 -13.81013568
v -3.68975754 0.30402563 11.41872280
v 1.66188148 1.03128518 -12.78252835
v -1.66188148 1.03128518 -12.78252835
v -4.02580480 1.79113396 -9.73794808
v 4.02580480 1.79113396 -9.73794808
v 4.01616859 0.30402563 -3.87092116
v -4.02626254 0.79972841 10.79203997
v 4.02626254 0.79972841 10.79203997
v -0.52757451 -0.27183638 -12.32980771
v 0.52757451 -0.27183638 -12.32980771
v -0.71017840 -2.53229446 -8.15468359
v -2.32057727 -1.44804171 -8.37904536
v 3.10895157 -1.57902003 9.11843298
v -3.43946141 -0.83529612 9.35619770
v -1.58493406 -2.63922221 -3.57317767
v 1.58493406 -2.63922221 -3.57317767
v -1.23385744 2.70232186 13.00434020
v -2.80763220 2.59778508 12.42670104
v 2.28832265 2.11454085 12.87852956
v 2.80763220 2.59778508 12.42670104
v -0.40672254 2.88488215 -14.00652620
v 0.87940087 2.44198230 -13.64808393
v -3.76782056 2.29126142 5.85953673
v -3.02385867 2.44940734 -10.75380512
v 3.76782056 2.29126142 5.85953673
v 3.02385867 2.44940734 -10.75380512
v 3.01284757 0.64644848 -10.62554225
v -3.76665391 1.81183299 10.72060162
v 3.76665391 1.81183299 10.72060162
v -2.42182045 -7.5748285e-2 12.71935410
v -0.91651201 1.02490523 -13.48726146
v 2.38340533 -2.29109612 10.28709108
v 0.40110525 0.39833177 -13.19423647
v -3.68801654 -7.5748285e-2 -9.63032105
v 1.72043029 -2.17087687 -8.22947085
v 3.85738713 -7.5748285e-2 10.67856983
v -2.77494946 -2.29109612 8.92291164
v 1.34199000 -1.21507003 11.56787744
v 0.30109729 0.84006440 -13.60623574
v -2.87293098 -1.21507003 -3.71724710
v -2.18485504 -0.70128642 -10.42039443
v 3.19036105 -1.19924612 10.64635115
v -3.19036105 -1.19924612 10.64635115
v 3.19397590 -1.21507003 5.64356486
v 0.0000000e+0 -2.35439178 10.28034850
v -1.34199000 -1.97461786 10.70952481
v 0.0000000e+0 -1.59484395 11.13870113
v 1.34199000 -1.97461786 10.70952481
v 0.46251504 1.99401656 -14.04009117
v 0.0000000e+0 2.39884748 -14.16491550
v -0.46251504 1.99401656 -14.04009117
v 0.0000000e+0 1.58918563 -13.91526685
v -4.02727949 1.79113396 1.00271354
v -1.34199000 1.50490974 13.28458270
v 0.0000000e+0 2.10535180 13.28458270
v 1.34199000 1.50490974 13.28458270
v 0.0000000e+0 0.90446769 13.28458270
v 2.47541744 2.09499072 -11.95143179
v 1.69917496 1.81937021 -12.96313853
v 2.47122224 1.19445702 -11.82093998
v 3.24746472 1.47007753 -10.80923324
v 0.0000000e+0 0.92613698 -13.65228744
v 0.38180617 1.01220955 -13.69833913
v 0.0000000e+0 1.09828213 -13.74439082
v -0.38180617 1.01220955 -13.69833913
v -3.44454979 -0.45552220 -3.79408413
v -3.77270184 -7.5748285e-2 1.00452152
v -3.60802162 -0.45552220 5.77555207
v -3.27986957 -0.83529612 0.97694643
v -1.69917496 1.81937021 -12.96313853
v -2.47541744 2.09499072 -11.95143179
v -3.24746472 1.47007753 -10.80923324
v -2.47122224 1.19445702 -11.82093998
v 3.35512127 0.85209805 12.03831134
v 3.01986209 1.45254010 12.66026464
v 3.35636709 1.94824288 12.03358181
v 3.69162627 1.34780082 11.41162851
v -3.69162627 1.34780082 11.41162851
v -3.35636709 1.94824288 12.03358181
v -3.01986209 1.45254010 12.66026464
v -3.35512127 0.85209805 12.03831134
v 4.02727949 1.79113396 1.00271354
v 0.42273923 -1.11919580 -11.20898900
v 0.0000000e+0 -0.31171085 -12.31550898
v -0.42273923 -1.11919580 -11.20898900
v 0.0000000e+0 -1.92668075 -10.10246902
v -1.04843423 -0.88627255 -11.27732713
v -0.84608342 7.2849691e-3 -12.42989881
v -1.45434578 -0.42042606 -11.41400340
v -1.65669659 -1.31398358 -10.26143173
v 2.26616887 0.51126692 -11.68735594
v 1.41341271 0.64527662 -12.65867847
v 1.86025733 4.5420431e-2 -11.55067967
v 2.95637808 -1.49990047 10.74065815
v 2.95637808 -1.83220264 10.36512887
v 2.80970219 -1.83220264 10.63723344
v -3.43831316 -0.45552220 11.02683514
v -3.27068357 -7.5748285e-2 11.76698811
v -2.93542439 -0.45552220 11.95976510
v -3.10305398 -0.83529612 11.21961213
v -1.02389446 -2.73416569 0.90800870
v 0.0000000e+0 -2.73416569 5.37959044
v 1.02389446 -2.73416569 0.90800870
v 0.0000000e+0 -2.73416569 -3.56357304
v 3.60802162 -0.45552220 5.77555207
v 3.77270184 -7.5748285e-2 1.00452152
v 3.44454979 -0.45552220 -3.79408413
v 3.27986957 -0.83529612 0.97694643
v -0.39592888 2.07551827 -13.78876741
v 3.2977996e-4 2.48241572 -13.91452764
v 0.39724800 2.07521240 -13.78781241
v -3.76527106 1.82465111 1.01188002
v 1.25960202 1.56385412 13.02239142
v -4.0146835e-3 2.13472138 13.02239142
v -1.27566075 1.56385412 13.02239142
v 1.53534200 1.89934895 -12.75478116
v 2.27832358 2.15986601 -11.78584298
v 3.01835312 1.54792791 -10.68967368
v -2.27799380 2.16001894 -11.78632048
v -1.53435266 1.89980775 -12.75621368
v 3.14696302 1.97327718 11.87149652
v 2.83680496 1.50694670 12.44913568
v 3.45594809 1.39313186 11.30262419
v -2.84884901 1.50694670 12.44913568
v -3.15097771 1.97327718 11.87149652
v -3.45996277 1.39313186 11.30262419
v 3.76527106 1.82465111 1.01188002
v 1.50831045 -1.10282351 -10.14709676
v 0.0000000e+0 -7.5748285e-2 12.85540639
v 1.34199000 -0.45552220 12.42623007
v 0.0000000e+0 -0.83529612 11.99705376
v -1.34199000 -0.45552220 12.42623007
v 0.0000000e+0 0.75399182 -13.56018405
v -0.22038842 0.66791925 -13.51413235
v 0.0000000e+0 0.58184667 -13.46808066
v 0.22038842 0.66791925 -13.51413235
v -2.29420505 -2.35439178 0.92179625
v -2.30131218 -1.97461786 -3.64041007
v -2.78703731 -1.59484395 0.94937134
v -2.77993018 -1.97461786 5.51157765
v -1.41341271 0.64527662 -12.65867847
v -2.26616887 0.51126692 -11.68735594
v -2.71301348 -8.8589262e-2 -10.57935714
v -1.86025733 4.5420431e-2 -11.55067967
v 0.84608342 7.2849691e-3 -12.42989881
v 1.04843423 -0.88627255 -11.27732713
v 1.65669659 -1.31398358 -10.26143173
v 1.45434578 -0.42042606 -11.41400340
v 3.10305398 -0.83529612 11.21961213
v 2.93542439 -0.45552220 11.95976510
v 3.27068357 -7.5748285e-2 11.76698811
v 3.43831316 -0.45552220 11.02683514
v -2.95637808 -1.49990047 10.74065815
v -2.80970219 -1.83220264 10.63723344
v -2.95637808 -1.83220264 10.36512887
v 2.29420505 -2.35439178 0.92179625
v 2.77993018 -1.97461786 5.51157765
v 2.78703731 -1.59484395 0.94937134
v 2.30131218 -1.97461786 -3.64041007
v 2.08237975 0.63230362 -11.52871877
v -1.34199000 -2.35439178 10.28034850
v -1.34199000 -1.59484395 11.13870113
v 1.34199000 -1.59484395 11.13870113
v 1.34199000 -2.35439178 10.28034850
v 0.46251504 2.39884748 -14.16491550
v -0.46251504 2.39884748 -14.16491550
v -0.46251504 1.58918563 -13.91526685
v 0.46251504 1.58918563 -13.91526685
v -4.02801684 1.79113396 5.89264723
v -1.34199000 2.10535180 13.28458270
v 1.34199000 2.10535180 13.28458270
v 1.34199000 0.90446769 13.28458270
v -1.34199000 0.90446769 13.28458270
v 1.70022376 2.24691910 -13.05817365
v 1.69812616 1.39182133 -12.86810341
v 3.24431833 0.99709271 -10.77377654
v 3.25061112 1.94306234 -10.84468993
v 0.34145173 0.92613698 -13.65228744
v 0.42216060 1.09828213 -13.74439082
v -0.42216060 1.09828213 -13.74439082
v -0.34145173 0.92613698 -13.65228744
v -3.81504448 -7.5748285e-2 5.84154567
v -3.40099876 -0.83529612 5.70955846
v -3.15874038 -0.83529612 -3.75566561
v -1.70022376 2.24691910 -13.05817365
v -3.25061112 1.94306234 -10.84468993
v -3.24431833 0.99709271 -10.77377654
v -1.69812616 1.39182133 -12.86810341
v 3.01955064 0.87828287 12.66144702
v 3.02017355 2.02679734 12.65908226
v 3.69256064 1.86968842 11.40808136
v 3.69069191 0.82591323 11.41517565
v -3.69256064 1.86968842 11.40808136
v -3.02017355 2.02679734 12.65908226
v -3.01955064 0.87828287 12.66144702
v -3.69069191 0.82591323 11.41517565
v 4.02801684 1.79113396 5.89264723
v 4.02654215 1.79113396 -3.88722014
v 0.28120939 -0.31171085 -12.31550898
v -0.28120939 -0.31171085 -12.31550898
v -0.56426907 -1.92668075 -10.10246902
v 0.56426907 -1.92668075 -10.10246902
v -0.70425110 -0.15221294 -12.37270390
v -0.98791574 0.16678288 -12.48709373
v -1.92077582 -1.00763500 -10.34091308
v -1.39261737 -1.62033217 -10.18195037
v 1.55524504 0.80477453 -12.71587338
v 1.27158039 0.48577870 -12.60148355
v 2.97709270 0.21775932 -10.65883850
v 3.07511571 -1.53154829 10.48461833
v 2.82367133 -2.10120917 10.30731883
v 2.82367133 -1.53154829 10.95108330
v -3.56403535 -7.5748285e-2 11.22277897
v -2.97733178 -7.5748285e-2 12.31119725
v -2.89351699 -0.83529612 11.60833294
v -3.31259096 -0.83529612 10.83089132
v -1.18294223 -2.73416569 5.37959044
v 1.18294223 -2.73416569 5.37959044
v 0.86484669 -2.73416569 -3.56357304
v -0.86484669 -2.73416569 -3.56357304
v 3.81504448 -7.5748285e-2 5.84154567
v 3.73035919 -7.5748285e-2 -3.83250264
v 3.15874038 -0.83529612 -3.75566561
v 3.40099876 -0.83529612 5.70955846
v -0.39588480 2.48249218 -13.91476639
v 0.39654436 2.48233925 -13.91428889
v -3.76596248 1.81824205 5.86624082
v 1.26162873 2.13472138 13.02239142
v -1.26965810 2.13472138 13.02239142
v 1.53554126 2.32106440 -12.84994656
v 3.02110590 1.99866762 -10.72173940
v -3.02094101 1.99874409 -10.72197815
v -1.53504659 2.32129379 -12.85066281
v 2.83711758 2.05399928 12.44694397
v 3.45680846 1.89255508 11.29604907
v -2.84313961 2.05399928 12.44694397
v -3.45881581 1.89255508 11.29604907
v 3.76457964 1.83106018 -3.84248077
v 3.76596248 1.81824205 5.86624082
v 1.25755426 -1.39436884 -10.06735584
v 1.34199000 -7.5748285e-2 12.85540639
v 1.34199000 -0.83529612 11.99705376
v -1.34199000 -0.83529612 11.99705376
v -1.34199000 -7.5748285e-2 12.85540639
v -0.26074285 0.75399182 -13.56018405
v -0.18003398 0.58184667 -13.46808066
v 0.18003398 0.58184667 -13.46808066
v 0.26074285 0.75399182 -13.56018405
v -2.01550278 -2.35439178 -3.60199155
v -2.58712158 -1.59484395 -3.67882858
v -2.98695304 -1.59484395 5.57757125
v -2.57290732 -2.35439178 5.44558404
v -1.55524504 0.80477453 -12.71587338
v -2.97709270 0.21775932 -10.65883850
v -2.44893426 -0.39493784 -10.49987579
v -1.27158039 0.48577870 -12.60148355
v 0.70425110 -0.15221294 -12.37270390
v 1.39261737 -1.62033217 -10.18195037
v 1.92077582 -1.00763500 -10.34091308
v 0.98791574 0.16678288 -12.48709373
v 2.89351699 -0.83529612 11.60833294
v 2.97733178 -7.5748285e-2 12.31119725
v 3.56403535 -7.5748285e-2 11.22277897
v 3.31259096 -0.83529612 10.83089132
v -2.82367133 -1.53154829 10.95108330
v -2.82367133 -2.10120917 10.30731883
v -3.07511571 -1.53154829 10.48461833
v 2.57290732 -2.35439178 5.44558404
v 2.98695304 -1.59484395 5.57757125
v 2.58712158 -1.59484395 -3.67882858
v 2.01550278 -2.35439178 -3.60199155
v 2.76209138 0.35490315 -10.54580133
v -1.88729937 2.69270145 13.20624735
v -2.72654687 2.64033181 12.89290594
v 2.72654687 2.64033181 12.89290594
v -0.73298849 2.78752711 -14.14767345
v -4.03000000 2.28683673 8.33276730
v -3.64187876 2.35144194 -10.31188110
v 4.03000000 2.28683673 8.33276730
v 3.64187876 2.35144194 -10.31188110
v 1.77629115 2.69252154 12.95018653
v -3.61272850 2.33970992 11.00065437
v 3.61272850 2.33970992 11.00065437
v 0.63728837 2.87113031 -13.90380869
v -3.76790155 2.30081114 -6.75160555
v -1.20723827 2.79778719 -13.35598198
v 3.76790155 2.30081114 -6.75160555
v 1.20723827 2.79778719 -13.35598198
v 0.67099500 2.70579386 13.28458270
v -3.52524250 2.44394565 11.71787563
v 3.52524250 2.44394565 11.71787563
v 0.23125752 2.80367841 -14.28973983
v -4.03000000 2.28683673 -1.44756905
v -2.08939380 2.60986278 -12.58494323
v 4.03000000 2.28683673 -1.44756905
v 2.08939380 2.60986278 -12.58494323
v -0.63182772 2.70558863 13.02239142
v -2.99248986 2.54878347 12.15593268
v 2.99248986 2.54878347 12.15593268
v -0.19792036 2.88946610 -14.04076537
v -3.76783676 2.29317136 3.43338770
v -2.65182913 2.52275047 -11.30163183
v 3.76783676 2.29317136 3.43338770
v 2.65182913 2.52275047 -11.30163183
v -0.67099500 2.70579386 13.28458270
v -3.18873750 2.54868494 12.34455846
v 3.18873750 2.54868494 12.34455846
v -0.23125752 2.80367841 -14.28973983
v -4.03000000 2.28683673 3.44259912
v -2.86563628 2.48065236 -11.44841216
v 4.03000000 2.28683673 3.44259912
v 2.86563628 2.48065236 -11.44841216
v 0.63182772 2.70558863 13.02239142
v -3.30260918 2.44424669 11.57829353
v 3.30260918 2.44424669 11.57829353
v 0.19792036 2.88946610 -14.04076537
v -3.76786916 2.29699125 -1.41891036
v -1.90777005 2.66943672 -12.39728524
v 3.76786916 2.29699125 -1.41891036
v 1.90777005 2.66943672 -12.39728524
v 1.88729937 2.69270145 13.20624735
v -3.86174750 2.33920637 11.09119280
v 3.86174750 2.33920637 11.09119280
v 0.73298849 2.78752711 -14.14767345
v -4.03000000 2.28683673 -6.81813435
v -1.35236725 2.72292190 -13.57940791
v 4.03000000 2.28683673 -6.81813435
v 1.35236725 2.72292190 -13.57940791
v -1.77629115 2.69252154 12.95018653
v -2.56317853 2.64025315 12.66136695
v 2.56317853 2.64025315 12.66136695
v -0.63728837 2.87113031 -13.90380869
v -3.76780436 2.28935147 8.28568576
v -3.39588821 2.37606421 -10.20597841
v 3.76780436 2.28935147 8.28568576
v 3.39588821 2.37606421 -10.20597841
v 0.73285739 2.37985643 -14.02657277
v 0.23125752 2.39884748 -14.16491550
v -0.23125752 2.39884748 -14.16491550
v -0.73285739 2.37985643 -14.02657277
v -1.88726044 2.09553249 13.20639515
v -0.67099500 2.10535180 13.28458270
v 1.88726044 2.09553249 13.20639515
v 0.67099500 2.10535180 13.28458270
v 1.35171175 2.30389224 -13.47320184
v 2.08782060 2.17095491 -12.50480272
v 3.63820796 1.86709815 -10.29131901
v 2.86301428 2.01902653 -11.39806086
v -1.35171175 2.30389224 -13.47320184
v -2.08782060 2.17095491 -12.50480272
v -2.86301428 2.01902653 -11.39806086
v -3.63820796 1.86709815 -10.29131901
v 2.72635222 2.05625526 12.89364492
v 3.18827032 1.98752011 12.34633203
v 3.86065741 1.83041119 11.09533114
v 3.52446386 1.90896565 11.72083158
v -3.86065741 1.83041119 11.09533114
v -3.52446386 1.90896565 11.72083158
v -3.18827032 1.98752011 12.34633203
v -2.72635222 2.05625526 12.89364492
v -0.63733367 2.46236150 -13.78181313
v -0.19777751 2.48245395 -13.91464702
v 0.19843707 2.48237748 -13.91440826
v 0.63797261 2.46216078 -13.78118641
v -3.76630819 1.81503752 8.29342122
v -3.76561677 1.82144658 3.43906042
v -3.76492535 1.82785564 -1.41530038
v -3.76423393 1.83426471 -6.75005830
v 1.77497569 2.12463111 12.95046049
v 0.62880702 2.13472138 13.02239142
v -1.78275414 2.12463111 12.95046049
v -0.63683639 2.13472138 13.02239142
v 1.20747106 2.38152335 -13.24901524
v 1.90693242 2.24046520 -12.31789477
v 3.39249706 1.91806843 -10.18968761
v 2.64971474 2.07926682 -11.25379119
v -3.39241461 1.91810666 -10.18980699
v -2.64946740 2.07938152 -11.25414932
v -1.90652019 2.24065637 -12.31849165
v -1.20691456 2.38176231 -13.24976134
v 2.56272012 2.08427007 12.66273676
v 2.99204030 2.01363823 12.15922024
v 3.61173119 1.85219403 11.00832534
v 3.30188574 1.93291613 11.58377279
v -2.56949489 2.08427007 12.66273676
v -2.99705866 2.01363823 12.15922024
v -3.30489676 1.93291613 11.58377279
v -3.61273486 1.85219403 11.00832534
v 3.76423393 1.83426471 -6.75005830
v 3.76492535 1.82785564 -1.41530038
v 3.76561677 1.82144658 3.43906042
v 3.76630819 1.81503752 8.29342122
v -4.02643039 1.66720826 0.15753054
v -4.02630750 1.66720826 -0.60039707
v -4.02676834 1.66720826 1.84655810
v -4.02689123 1.66720826 2.60448571
v -4.02290264 0.92365410 1.85614252
v -4.02314842 0.92365410 2.61402166
v -4.02213457 0.92365410 0.16728456
v -4.02188879 0.92365410 -0.59059458
v 4.02676834 1.66720826 1.84655810
v 4.02689123 1.66720826 2.60448571
v 4.02643039 1.66720826 0.15753054
v 4.02630750 1.66720826 -0.60039707
v 4.02213457 0.92365410 0.16728456
v 4.02188879 0.92365410 -0.59059458
v 4.02290264 0.92365410 1.85614252
v 4.02314842 0.92365410 2.61402166
v -3.76478539 1.65054337 1.84959981
v -3.76490198 1.64963435 2.60213231
v -3.76446579 1.65316253 0.17687626
v -3.76434920 1.65407154 -0.57565624
v -3.76038183 0.94827241 0.18476315
v -3.76014461 0.94961295 -0.56819565
v -3.76112366 0.94414290 1.85897875
v -3.76136088 0.94280235 2.61193755
v 3.76446579 1.65316253 0.17687626
v 3.76434920 1.65407154 -0.57565624
v 3.76478539 1.65054337 1.84959981
v 3.76490198 1.64963435 2.60213231
v 3.76112366 0.94414290 1.85897875
v 3.76136088 0.94280235 2.61193755
v 3.76038183 0.94827241 0.18476315
v 3.76014461 0.94961295 -0.56819565
v -4.02596955 1.66720826 -2.28942464
v -4.02722918 1.66720826 4.29351328
v -4.02735207 1.66720826 5.05144088
v -4.02781291 1.66720826 7.49839606
v -4.02769002 1.66720826 6.74046845
v 4.02781291 1.66720826 7.49839606
v 4.02769002 1.66720826 6.74046845
v 4.02722918 1.66720826 4.29351328
v 4.02735207 1.66720826 5.05144088
v 4.02596955 1.66720826 -2.28942464
v 4.02584666 1.66720826 -3.04735225
v 4.02538582 1.66720826 -5.71419483
v 4.02550871 1.66720826 -4.98286361
v -3.76577435 1.64257799 7.45264442
v -3.76565777 1.64348701 6.70011192
v -3.76522158 1.64701519 4.27485587
v -3.76533816 1.64610617 5.02738837
v -3.76402960 1.65669071 -2.24837980
v 3.76347682 1.66112790 -5.65924397
v 3.76359341 1.66021889 -4.93226364
v 3.76402960 1.65669071 -2.24837980
v 3.76391301 1.65759972 -3.00091229
v 3.76522158 1.64701519 4.27485587
v 3.76533816 1.64610617 5.02738837
v 3.76577435 1.64257799 7.45264442
v 3.76565777 1.64348701 6.70011192
v -4.02517612 0.92365410 7.50749586
v -4.02493033 0.92365410 6.74961672
v -4.02391648 0.92365410 4.30287962
v -4.02416227 0.92365410 5.06075876
v -4.02112072 0.92365410 -2.27945254
v 4.01986109 0.92365410 -5.70593787
v 4.02010687 0.92365410 -4.97464572
v 4.02112072 0.92365410 -2.27945254
v 4.02087494 0.92365410 -3.03733168
v 4.02391648 0.92365410 4.30287962
v 4.02416227 0.92365410 5.06075876
v 4.02517612 0.92365410 7.50749586
v 4.02493033 0.92365410 6.74961672
v -3.76331899 0.93186224 7.46628635
v -3.76308176 0.93320278 6.71332755
v -3.76210271 0.93867284 4.28615315
v -3.76233994 0.93733229 5.03911195
v 3.76331899 0.93186224 7.46628635
v 3.76308176 0.93320278 6.71332755
v 3.76210271 0.93867284 4.28615315
v 3.76233994 0.93733229 5.03911195
v 3.75940278 0.95374247 -2.24241125
v 3.75916555 0.95508301 -2.99537004
v 3.75818650 0.96055307 -5.65632146
v 3.75842372 0.95921253 -4.92899735
v 4.02820117 1.79113396 7.11791158
v 3.76613534 1.76144917 7.07414004
v 4.02460352 0.79972841 7.13007696
v 3.76278110 0.81411584 7.09204508
v 3.76434028 1.28853236 6.58126213
v 3.76457615 1.28703265 7.58492299
v 4.02627945 1.29543118 6.61872536
v 4.02652524 1.29543118 7.62926319
v 4.02783250 1.79113396 4.67092006
v 3.76578963 1.76465370 4.64920371
v 4.02349750 0.79972841 4.68337621
v 3.76171157 0.81990955 4.66455096
v 3.76386853 1.29153177 5.15870777
v 3.76363266 1.29303148 4.15504690
v 4.02578789 1.29543118 5.18241705
v 4.02554211 1.29543118 4.17187922
v 4.02746383 1.79113396 2.22392854
v 4.02239148 0.79972841 2.23667545
v 3.76544392 1.76785823 2.22426738
v 3.76064204 0.82570325 2.23705683
v 3.76292504 1.29753059 1.72883168
v 3.76316091 1.29603089 2.73249254
v 4.02480476 1.29543118 1.72503308
v 4.02505055 1.29543118 2.73557092
v 4.02709516 1.79113396 -0.22306298
v 4.02128547 0.79972841 -0.21002530
v 3.76509821 1.77106276 -0.20066895
v 3.75957250 0.83149696 -0.19043729
v 3.76245329 1.30053001 0.30627731
v 3.76221742 1.30202971 -0.69738355
v 4.02431320 1.29543118 0.28872478
v 4.02406742 1.29543118 -0.72181306
v 4.02672648 1.79113396 -2.67005450
v 3.76475250 1.77426729 -2.62560528
v 4.02017945 0.79972841 -2.65672605
v 3.75850297 0.83729066 -2.61793141
v 4.02333008 1.29543118 -3.16865919
v 4.02357586 1.29543118 -2.15812136
v 3.76150980 1.30652883 -3.12359878
v 3.76174567 1.30502912 -2.11993791
v 4.02635781 1.79113396 -5.34990213
v 3.76440678 1.77747183 -5.29626954
v 4.01907343 0.79972841 -5.33891889
v 3.75743344 0.84308437 -5.29214367
v 3.76103805 1.30952824 -4.80943846
v 3.76080218 1.31102795 -5.77897475
v 4.02283851 1.29543118 -4.85686939
v 4.02259273 1.29543118 -5.83195163
v -4.02672648 1.79113396 -2.67005450
v -4.02017945 0.79972841 -2.65672605
v -4.02357586 1.29543118 -2.15812136
v -4.02709516 1.79113396 -0.22306298
v -4.02128547 0.79972841 -0.21002530
v -3.76509821 1.77106276 -0.20066895
v -3.75957250 0.83149696 -0.19043729
v -3.76245329 1.30053001 0.30627731
v -3.76221742 1.30202971 -0.69738355
v -4.02431320 1.29543118 0.28872478
v -4.02406742 1.29543118 -0.72181306
v -4.02746383 1.79113396 2.22392854
v -4.02239148 0.79972841 2.23667545
v -3.76544392 1.76785823 2.22426738
v -3.76064204 0.82570325 2.23705683
v -3.76292504 1.29753059 1.72883168
v -3.76316091 1.29603089 2.73249254
v -4.02480476 1.29543118 1.72503308
v -4.02505055 1.29543118 2.73557092
v -4.02783250 1.79113396 4.67092006
v -3.76578963 1.76465370 4.64920371
v -4.02349750 0.79972841 4.68337621
v -3.76171157 0.81990955 4.66455096
v -4.02578789 1.29543118 5.18241705
v -4.02554211 1.29543118 4.17187922
v -3.76386853 1.29153177 5.15870777
v -3.76363266 1.29303148 4.15504690
v -4.02820117 1.79113396 7.11791158
v -3.76613534 1.76144917 7.07414004
v -4.02460352 0.79972841 7.13007696
v -3.76278110 0.81411584 7.09204508
v -3.76434028 1.28853236 6.58126213
v -3.76457615 1.28703265 7.58492299
v -4.02627945 1.29543118 6.61872536
v -4.02652524 1.29543118 7.62926319
v -4.03000000 2.28683673 -2.73016073
v -4.03000000 2.28683673 2.22005708
v -4.03000000 2.28683673 7.11022525
v 4.03000000 2.28683673 4.66514117
v 4.03000000 2.28683673 -0.22502701
v 4.03000000 2.28683673 -5.41544338
v -3.76782866 2.29221639 4.64646221
v -3.76786106 2.29603628 -0.20583585
v 3.76787726 2.29794623 -2.69203452
v 3.76784486 2.29412634 2.22031318
v 3.76781246 2.29030645 7.07261124
v -4.03000000 2.28683673 -0.22502701
v -4.03000000 2.28683673 4.66514117
v 4.03000000 2.28683673 7.11022525
v 4.03000000 2.28683673 2.22005708
v 4.03000000 2.28683673 -2.73016073
v -3.76781246 2.29030645 7.07261124
v -3.76784486 2.29412634 2.22031318
v -3.76787726 2.29794623 -2.69203452
v 3.76789345 2.29985617 -5.35838211
v 3.76786106 2.29603628 -0.20583585
v 3.76782866 2.29221639 4.64646221
v 4.02210117 1.29543118 -7.78211611
v 3.76204631 1.60324105 -8.20358912
v 3.75323105 0.43462540 -6.74541656
v 2.74679087 -1.15084708 -6.08553985
v 3.33267377 -0.40965558 -6.19874562
v 3.10504428 -0.24959534 -6.14398357
v 2.16090798 -1.89203858 -6.54050625
v 1.99269303 -1.66567637 -6.48206350
v 4.01469390 0.30402563 -6.79593339
v 2.54886866 -0.95763585 -6.02893745
v 3.70918786 -7.5748285e-2 -6.73141185
v 3.03973232 -0.78025133 -6.14214274
v 3.46283744 7.1300421e-2 -6.67941091
v 2.82695647 -0.60361560 -6.08646051
v 2.45384943 -1.52144283 -6.02893697
v 2.27078084 -1.31165611 -5.97141439
v 1.92107829 -0.44439462 -10.95136798
v 1.75882762 -0.27203409 -10.81823237
v 2.38811329 9.4877208e-2 -11.09918747
v 2.20109958 0.23839089 -10.96425083
v 2.15459579 -0.17475871 -11.02527773
v 1.53769163 -0.52724658 -10.74522315
v 1.68756080 -0.71403053 -10.87745824
v 1.97996360 -1.6821600e-2 -10.89124160
v 3.38571475 1.00207687 -10.15710602
v 3.75602499 0.74274170 -6.38312980
v 3.75759716 0.94715619 -6.65639211
v 4.01820062 0.76874698 -6.70968981
v 4.01924942 0.89267268 -6.71110668
v 3.63086637 0.89841056 -10.25019483
v -4.01469390 0.30402563 -6.79593339
v -4.01863775 0.86169125 -7.71627549
v -4.01654015 0.61383987 -7.71344175
v -4.01764328 0.30402563 -2.96874379
v -3.75153051 -7.5748285e-2 -2.95642831
v -4.01872703 0.55187702 -3.02160280
v -3.70918786 -7.5748285e-2 -5.66930398
v 3.18175740 0.40065010 -10.70786540
v 1.31333577 -1.31445616 -10.08413932
v 1.36541403 -1.55684905 -9.05342465
v 1.84408450 -1.13377162 -10.27729216
v 2.87619605 0.44786457 -10.55297977
v 4.03324453 1.25094405 -8.64943400
v 3.75155158 1.47635316 -8.88122561
v 3.87167744 0.15852255 -6.65701069
v 3.49266637 -0.18155889 -6.42460496
v 2.93723076 -0.95708742 -6.06230298
v 3.23001260 -0.57665264 -6.11973725
v 3.62124247 0.32806902 -6.63853851
v 3.29025981 -9.2830555e-2 -6.42457931
v 2.69687327 -0.85632530 -5.97962710
v 3.02571172 -0.47724652 -6.11979277
v 2.68532731 -1.27687280 -6.02537657
v 2.30843093 -1.62055273 -6.19414976
v 2.07778173 -1.38929553 -6.13477347
v 2.48082306 -1.06145074 -6.00669946
v 1.98179215 -2.03559810 -7.36480190
v 1.82991284 -1.74318159 -7.32892942
v 1.65674612 -1.64931847 -9.24790815
v 1.80028365 -0.82564068 -10.63065315
v 2.27852697 2.4232389e-2 -11.06049727
v 2.04438243 -0.25339407 -10.94915892
v 1.72022222 -0.37163344 -10.74708210
v 1.84837630 -0.56754485 -10.89034512
v 1.85425189 -0.16706696 -10.76380994
v 2.16550622 4.1383132e-2 -10.95698130
v 1.52862465 -0.79118191 -10.37358868
v 2.58087784 0.30513693 -10.89718707
v 3.14527983 0.92293601 -10.32305247
v 3.57619085 1.21751172 -9.85628805
v 3.76994137 1.28040729 -7.39095260
v 3.80379533 0.62326632 -6.59631368
v 3.74826195 0.83755139 -6.43958156
v 4.03613607 0.62194425 -6.68715589
v 3.99463138 1.16597183 -7.20685490
v 3.93015579 1.08254826 -9.97497865
v 3.41360631 0.68741031 -10.45942259
v 2.71324184 0.11555052 -10.82772706
v 3.91498940 1.41797650 -8.04418486
v 3.88969224 1.40496100 -9.67272578
v 3.54286456 0.93791363 -10.19292849
v 3.16405675 0.56275494 -10.65241474
v 2.81550998 0.27416175 -10.62759734
v 2.27517761 0.17213253 -11.03438027
v 2.06220647 -0.11552170 -10.92794142
v 1.85123226 -0.28985950 -10.80530350
v 1.69358920 -0.57555387 -10.87757849
v 1.71704713 -0.97086359 -10.19506676
v 1.54820602 -1.32228184 -10.13959515
v 1.62136643 -2.10850413 -8.14128096
v 2.12713703 -1.77112318 -6.51062883
v 2.37586829 -1.44061907 -5.94304665
v 2.71303436 -1.03870444 -5.98226294
v 2.93832181 -0.60154313 -6.11740859
v 3.26017741 -0.31322365 -6.15082752
v 3.66691367 3.7020888e-2 -6.59281053
v 3.85802403 0.43524006 -6.77999292
v 3.85463509 0.74715894 -6.48491823
v 3.94243057 0.93895827 -6.56981634
v -3.92009463 2.26245217 -6.81538648
v -3.80869319 1.72218678 -2.44134051
v -3.98701147 2.02740189 -2.75701266
v -3.71257721 2.05929487 -2.70493051
v -3.97164808 2.27953715 -2.69873294
v -3.88792142 6.1924238e-2 -2.86142962
v -3.55500084 -0.26847589 -3.34333743
v -3.84394635 8.6035225e-2 -6.24663460
v -3.57593429 -0.21504063 -4.77347336
v -2.73872463 4.98822025 1.42185425
v -2.73872463 4.39860357 1.66857039
v -2.33248131 4.39860357 1.45220058
v -2.33248131 4.98822025 1.20548443
v -1.76817575 4.98931049 1.06632616
v -1.76817575 4.39751333 1.31395470
v -1.16079304 4.98931049 1.06632616
v -1.16079304 4.39751333 1.31395470
v -0.78946764 4.98931049 1.06632616
v -0.18208492 4.98931049 1.06632616
v -0.18208492 4.39751333 1.31395470
v -0.78946764 4.39751333 1.31395470
v 0.19520343 4.98931049 1.06632616
v 0.80258615 4.98931049 1.06632616
v 0.80258615 4.39751333 1.31395470
v 0.19520343 4.39751333 1.31395470
v 1.78634034 4.98931049 1.06632616
v 1.78634034 4.39751333 1.31395470
v 1.17895763 4.98931049 1.06632616
v 1.17895763 4.39751333 1.31395470
v 2.72888655 4.98822025 1.42185425
v 2.32264323 4.98822025 1.20548443
v 2.32264323 4.39860357 1.45220058
v 2.72888655 4.39860357 1.66857039
v 2.86261365 5.10053938 1.26851081
v 2.86261365 4.36427732 1.56054537
v 2.36928113 4.36427732 1.31129036
v 2.36928113 5.10053938 1.01925581
v 2.64958771 4.98687514 1.56404330
v 2.21649249 4.98687514 1.33337186
v 2.21649249 4.35828592 1.59639547
v 2.64958771 4.35828592 1.82706692
v 2.56600034 4.90742099 1.55277009
v 2.30007987 4.90742099 1.41113783
v 2.30007987 4.43774007 1.60766868
v 2.56600034 4.43774007 1.74930095
v 2.77827779 5.02076530 1.25754231
v 2.77827779 4.44405140 1.48629291
v 2.45361700 4.44405140 1.32225887
v 2.45361700 5.02076530 1.09350827
v -1.86868435 5.10150574 0.89661303
v -1.86868435 4.36331096 1.18941419
v -1.72027146 4.98803744 1.20133425
v -1.72027146 4.35712363 1.46533056
v -1.17875111 5.10150574 0.89661303
v -1.17875111 4.36331096 1.18941419
v -1.07274191 4.98803744 1.20133425
v -1.07274191 4.35712363 1.46533056
v -1.62686599 4.90967270 1.23412479
v -1.62686599 4.43548836 1.43254003
v -1.16614738 4.43548836 1.43254003
v -1.16614738 4.90967270 1.23412479
v -1.77527887 5.02264654 0.92789212
v -1.27215659 5.02264654 0.92789212
v -1.27215659 4.44217016 1.15813509
v -1.77527887 4.44217016 1.15813509
v -2.86261365 5.10053938 1.26851081
v -2.36928113 5.10053938 1.01925581
v -2.36928113 4.36427732 1.31129036
v -2.86261365 4.36427732 1.56054537
v -2.64958771 4.98687514 1.56404330
v -2.64958771 4.35828592 1.82706692
v -2.21649249 4.35828592 1.59639547
v -2.21649249 4.98687514 1.33337186
v -2.56600034 4.90742099 1.55277009
v -2.56600034 4.43774007 1.74930095
v -2.30007987 4.43774007 1.60766868
v -2.30007987 4.90742099 1.41113783
v -2.77827779 5.02076530 1.25754231
v -2.45361700 5.02076530 1.09350827
v -2.45361700 4.44405140 1.32225887
v -2.77827779 4.44405140 1.48629291
v 1.79653315 5.10150574 0.89661303
v 1.79653315 4.36331096 1.18941419
v 1.72027146 4.98803744 1.20133425
v 1.72027146 4.35712363 1.46533056
v 1.17875111 5.10150574 0.89661303
v 1.17875111 4.36331096 1.18941419
v 1.07274191 4.98803744 1.20133425
v 1.07274191 4.35712363 1.46533056
v 1.62686599 4.90967270 1.23412479
v 1.16614738 4.90967270 1.23412479
v 1.16614738 4.43548836 1.43254003
v 1.62686599 4.43548836 1.43254003
v 1.70312767 5.02264654 0.92789212
v 1.70312767 4.44217016 1.15813509
v 1.27215659 4.44217016 1.15813509
v 1.27215659 5.02264654 0.92789212
v 0.85287253 5.10150574 0.89661303
v 0.16293929 5.10150574 0.89661303
v 0.16293929 4.36331096 1.18941419
v 0.85287253 4.36331096 1.18941419
v 0.14173745 4.98803744 1.20133425
v 0.78926700 4.98803744 1.20133425
v 0.78926700 4.35712363 1.46533056
v 0.14173745 4.35712363 1.46533056
v 0.23514293 4.90967270 1.23412479
v 0.23514293 4.43548836 1.43254003
v 0.69586153 4.43548836 1.43254003
v 0.69586153 4.90967270 1.23412479
v 0.75946705 5.02264654 0.92789212
v 0.75946705 4.44217016 1.15813509
v 0.25634477 4.44217016 1.15813509
v 0.25634477 5.02264654 0.92789212
v -0.16293929 5.10150574 0.89661303
v -0.85287253 5.10150574 0.89661303
v -0.85287253 4.36331096 1.18941419
v -0.16293929 4.36331096 1.18941419
v -0.78926700 4.98803744 1.20133425
v -0.14173745 4.98803744 1.20133425
v -0.14173745 4.35712363 1.46533056
v -0.78926700 4.35712363 1.46533056
v -0.69586153 4.90967270 1.23412479
v -0.69586153 4.43548836 1.43254003
v -0.23514293 4.43548836 1.43254003
v -0.23514293 4.90967270 1.23412479
v -0.25634477 5.02264654 0.92789212
v -0.25634477 4.44217016 1.15813509
v -0.75946705 4.44217016 1.15813509
v -0.75946705 5.02264654 0.92789212
v -3.89514072 2.75358881 5.57830244
v -3.89131259 2.75358881 5.59008420
v -3.88129043 2.75358881 5.59736572
v -3.86890236 2.75358881 5.59736572
v -3.85888020 2.75358881 5.59008420
v -3.85505207 2.75358881 5.57830244
v -3.85888020 2.75358881 5.56652068
v -3.86890236 2.75358881 5.55923915
v -3.88129043 2.75358881 5.55923915
v -3.89131259 2.75358881 5.56652068
v -3.89514072 2.27742689 5.57830244
v -3.89131259 2.27742689 5.59008420
v -3.88129043 2.27742689 5.59736572
v -3.86890236 2.27742689 5.59736572
v -3.85888020 2.27742689 5.59008420
v -3.85505207 2.27742689 5.57830244
v -3.85888020 2.27742689 5.56652068
v -3.86890236 2.27742689 5.55923915
v -3.88129043 2.27742689 5.55923915
v -3.89131259 2.27742689 5.56652068
v -2.95728188 5.99066734 4.87104806
v -2.96111000 5.99066734 4.88282982
v -2.97113216 5.99066734 4.89011134
v -2.98352024 5.99066734 4.89011134
v -2.99354240 5.99066734 4.88282982
v -2.99737052 5.99066734 4.87104806
v -2.99354240 5.99066734 4.85926630
v -2.98352024 5.99066734 4.85198477
v -2.97113216 5.99066734 4.85198477
v -2.96111000 5.99066734 4.85926630
v -2.95728188 5.51450541 4.87104806
v -2.96111000 5.51450541 4.88282982
v -2.97113216 5.51450541 4.89011134
v -2.98352024 5.51450541 4.89011134
v -2.99354240 5.51450541 4.88282982
v -2.99737052 5.51450541 4.87104806
v -2.99354240 5.51450541 4.85926630
v -2.98352024 5.51450541 4.85198477
v -2.97113216 5.51450541 4.85198477
v -2.96111000 5.51450541 4.85926630
v 2.99034771 5.99066734 4.87104806
v 2.98651958 5.99066734 4.88282982
v 2.97649742 5.99066734 4.89011134
v 2.96410935 5.99066734 4.89011134
v 2.95408718 5.99066734 4.88282982
v 2.95025906 5.99066734 4.87104806
v 2.95408718 5.99066734 4.85926630
v 2.96410935 5.99066734 4.85198477
v 2.97649742 5.99066734 4.85198477
v 2.98651958 5.99066734 4.85926630
v 2.99034771 5.51450541 4.87104806
v 2.98651958 5.51450541 4.88282982
v 2.97649742 5.51450541 4.89011134
v 2.96410935 5.51450541 4.89011134
v 2.95408718 5.51450541 4.88282982
v 2.95025906 5.51450541 4.87104806
v 2.95408718 5.51450541 4.85926630
v 2.96410935 5.51450541 4.85198477
v 2.97649742 5.51450541 4.85198477
v 2.98651958 5.51450541 4.85926630
v 2.99034771 5.99066734 1.75655919
v 2.98651958 5.99066734 1.76834094
v 2.97649742 5.99066734 1.77562247
v 2.96410935 5.99066734 1.77562247
v 2.95408718 5.99066734 1.76834094
v 2.95025906 5.99066734 1.75655919
v 2.95408718 5.99066734 1.74477743
v 2.96410935 5.99066734 1.73749590
v 2.97649742 5.99066734 1.73749590
v 2.98651958 5.99066734 1.74477743
v 2.99034771 5.51450541 1.75655919
v 2.98651958 5.51450541 1.76834094
v 2.97649742 5.51450541 1.77562247
v 2.96410935 5.51450541 1.77562247
v 2.95408718 5.51450541 1.76834094
v 2.95025906 5.51450541 1.75655919
v 2.95408718 5.51450541 1.74477743
v 2.96410935 5.51450541 1.73749590
v 2.97649742 5.51450541 1.73749590
v 2.98651958 5.51450541 1.74477743
v 2.99034771 5.99066734 8.19436441
v 2.98651958 5.99066734 8.20614617
v 2.97649742 5.99066734 8.21342770
v 2.96410935 5.99066734 8.21342770
v 2.95408718 5.99066734 8.20614617
v 2.95025906 5.99066734 8.19436441
v 2.95408718 5.99066734 8.18258266
v 2.96410935 5.99066734 8.17530113
v 2.97649742 5.99066734 8.17530113
v 2.98651958 5.99066734 8.18258266
v 2.99034771 5.51450541 8.19436441
v 2.98651958 5.51450541 8.20614617
v 2.97649742 5.51450541 8.21342770
v 2.96410935 5.51450541 8.21342770
v 2.95408718 5.51450541 8.20614617
v 2.95025906 5.51450541 8.19436441
v 2.95408718 5.51450541 8.18258266
v 2.96410935 5.51450541 8.17530113
v 2.97649742 5.51450541 8.17530113
v 2.98651958 5.51450541 8.18258266
v 2.99034771 5.99066734 7.49834189
v 2.98651958 5.99066734 7.51012365
v 2.97649742 5.99066734 7.51740517
v 2.96410935 5.99066734 7.51740517
v 2.95408718 5.99066734 7.51012365
v 2.95025906 5.99066734 7.49834189
v 2.95408718 5.99066734 7.48656013
v 2.96410935 5.99066734 7.47927860
v 2.97649742 5.99066734 7.47927860
v 2.98651958 5.99066734 7.48656013
v 2.99034771 5.51450541 7.49834189
v 2.98651958 5.51450541 7.51012365
v 2.97649742 5.51450541 7.51740517
v 2.96410935 5.51450541 7.51740517
v 2.95408718 5.51450541 7.51012365
v 2.95025906 5.51450541 7.49834189
v 2.95408718 5.51450541 7.48656013
v 2.96410935 5.51450541 7.47927860
v 2.97649742 5.51450541 7.47927860
v 2.98651958 5.51450541 7.48656013
v 2.99034771 5.99066734 10.01885324
v 2.98651958 5.99066734 10.03063500
v 2.97649742 5.99066734 10.03791653
v 2.96410935 5.99066734 10.03791653
v 2.95408718 5.99066734 10.03063500
v 2.95025906 5.99066734 10.01885324
v 2.95408718 5.99066734 10.00707148
v 2.96410935 5.99066734 9.99978996
v 2.97649742 5.99066734 9.99978996
v 2.98651958 5.99066734 10.00707148
v 2.99034771 5.51450541 10.01885324
v 2.98651958 5.51450541 10.03063500
v 2.97649742 5.51450541 10.03791653
v 2.96410935 5.51450541 10.03791653
v 2.95408718 5.51450541 10.03063500
v 2.95025906 5.51450541 10.01885324
v 2.95408718 5.51450541 10.00707148
v 2.96410935 5.51450541 9.99978996
v 2.97649742 5.51450541 9.99978996
v 2.98651958 5.51450541 10.00707148
v -2.95728188 5.99066734 1.75655919
v -2.96111000 5.99066734 1.76834094
v -2.97113216 5.99066734 1.77562247
v -2.98352024 5.99066734 1.77562247
v -2.99354240 5.99066734 1.76834094
v -2.99737052 5.99066734 1.75655919
v -2.99354240 5.99066734 1.74477743
v -2.98352024 5.99066734 1.73749590
v -2.97113216 5.99066734 1.73749590
v -2.96111000 5.99066734 1.74477743
v -2.95728188 5.51450541 1.75655919
v -2.96111000 5.51450541 1.76834094
v -2.97113216 5.51450541 1.77562247
v -2.98352024 5.51450541 1.77562247
v -2.99354240 5.51450541 1.76834094
v -2.99737052 5.51450541 1.75655919
v -2.99354240 5.51450541 1.74477743
v -2.98352024 5.51450541 1.73749590
v -2.97113216 5.51450541 1.73749590
v -2.96111000 5.51450541 1.74477743
v -2.95728188 5.99066734 7.49834189
v -2.96111000 5.99066734 7.51012365
v -2.97113216 5.99066734 7.51740517
v -2.98352024 5.99066734 7.51740517
v -2.99354240 5.99066734 7.51012365
v -2.99737052 5.99066734 7.49834189
v -2.99354240 5.99066734 7.48656013
v -2.98352024 5.99066734 7.47927860
v -2.97113216 5.99066734 7.47927860
v -2.96111000 5.99066734 7.48656013
v -2.95728188 5.51450541 7.49834189
v -2.96111000 5.51450541 7.51012365
v -2.97113216 5.51450541 7.51740517
v -2.98352024 5.51450541 7.51740517
v -2.99354240 5.51450541 7.51012365
v -2.99737052 5.51450541 7.49834189
v -2.99354240 5.51450541 7.48656013
v -2.98352024 5.51450541 7.47927860
v -2.97113216 5.51450541 7.47927860
v -2.96111000 5.51450541 7.48656013
v -2.95728188 5.99066734 10.01885324
v -2.96111000 5.99066734 10.03063500
v -2.97113216 5.99066734 10.03791653
v -2.98352024 5.99066734 10.03791653
v -2.99354240 5.99066734 10.03063500
v -2.99737052 5.99066734 10.01885324
v -2.99354240 5.99066734 10.00707148
v -2.98352024 5.99066734 9.99978996
v -2.97113216 5.99066734 9.99978996
v -2.96111000 5.99066734 10.00707148
v -2.95728188 5.51450541 10.01885324
v -2.96111000 5.51450541 10.03063500
v -2.97113216 5.51450541 10.03791653
v -2.98352024 5.51450541 10.03791653
v -2.99354240 5.51450541 10.03063500
v -2.99737052 5.51450541 10.01885324
v -2.99354240 5.51450541 10.00707148
v -2.98352024 5.51450541 9.99978996
v -2.97113216 5.51450541 9.99978996
v -2.96111000 5.51450541 10.00707148
v 1.65435396 5.99066734 10.68786546
v 1.66613571 5.99066734 10.69169359
v 1.67341724 5.99066734 10.70171575
v 1.67341724 5.99066734 10.71410382
v 1.66613571 5.99066734 10.72412598
v 1.65435396 5.99066734 10.72795411
v 1.64257220 5.99066734 10.72412598
v 1.63529067 5.99066734 10.71410382
v 1.63529067 5.99066734 10.70171575
v 1.64257220 5.99066734 10.69169359
v 1.65435396 5.51450541 10.68786546
v 1.66613571 5.51450541 10.69169359
v 1.67341724 5.51450541 10.70171575
v 1.67341724 5.51450541 10.71410382
v 1.66613571 5.51450541 10.72412598
v 1.65435396 5.51450541 10.72795411
v 1.64257220 5.51450541 10.72412598
v 1.63529067 5.51450541 10.71410382
v 1.63529067 5.51450541 10.70171575
v 1.64257220 5.51450541 10.69169359
v 0.95833143 5.99066734 10.68786546
v 0.97011319 5.99066734 10.69169359
v 0.97739471 5.99066734 10.70171575
v 0.97739471 5.99066734 10.71410382
v 0.97011319 5.99066734 10.72412598
v 0.95833143 5.99066734 10.72795411
v 0.94654967 5.99066734 10.72412598
v 0.93926814 5.99066734 10.71410382
v 0.93926814 5.99066734 10.70171575
v 0.94654967 5.99066734 10.69169359
v 0.95833143 5.51450541 10.68786546
v 0.97011319 5.51450541 10.69169359
v 0.97739471 5.51450541 10.70171575
v 0.97739471 5.51450541 10.71410382
v 0.97011319 5.51450541 10.72412598
v 0.95833143 5.51450541 10.72795411
v 0.94654967 5.51450541 10.72412598
v 0.93926814 5.51450541 10.71410382
v 0.93926814 5.51450541 10.70171575
v 0.94654967 5.51450541 10.69169359
v -1.06397477 5.99066734 10.68786546
v -1.05219301 5.99066734 10.69169359
v -1.04491148 5.99066734 10.70171575
v -1.04491148 5.99066734 10.71410382
v -1.05219301 5.99066734 10.72412598
v -1.06397477 5.99066734 10.72795411
v -1.07575652 5.99066734 10.72412598
v -1.08303805 5.99066734 10.71410382
v -1.08303805 5.99066734 10.70171575
v -1.07575652 5.99066734 10.69169359
v -1.06397477 5.51450541 10.68786546
v -1.05219301 5.51450541 10.69169359
v -1.04491148 5.51450541 10.70171575
v -1.04491148 5.51450541 10.71410382
v -1.05219301 5.51450541 10.72412598
v -1.06397477 5.51450541 10.72795411
v -1.07575652 5.51450541 10.72412598
v -1.08303805 5.51450541 10.71410382
v -1.08303805 5.51450541 10.70171575
v -1.07575652 5.51450541 10.69169359
v -1.75999729 5.99066734 10.68786546
v -1.74821553 5.99066734 10.69169359
v -1.74093401 5.99066734 10.70171575
v -1.74093401 5.99066734 10.71410382
v -1.74821553 5.99066734 10.72412598
v -1.75999729 5.99066734 10.72795411
v -1.77177905 5.99066734 10.72412598
v -1.77906058 5.99066734 10.71410382
v -1.77906058 5.99066734 10.70171575
v -1.77177905 5.99066734 10.69169359
v -1.75999729 5.51450541 10.68786546
v -1.74821553 5.51450541 10.69169359
v -1.74093401 5.51450541 10.70171575
v -1.74093401 5.51450541 10.71410382
v -1.74821553 5.51450541 10.72412598
v -1.75999729 5.51450541 10.72795411
v -1.77177905 5.51450541 10.72412598
v -1.77906058 5.51450541 10.71410382
v -1.77906058 5.51450541 10.70171575
v -1.77177905 5.51450541 10.69169359
v 1.65435396 5.99066734 1.02655069
v 1.66613571 5.99066734 1.03037881
v 1.67341724 5.99066734 1.04040098
v 1.67341724 5.99066734 1.05278905
v 1.66613571 5.99066734 1.06281121
v 1.65435396 5.99066734 1.06663934
v 1.64257220 5.99066734 1.06281121
v 1.63529067 5.99066734 1.05278905
v 1.63529067 5.99066734 1.04040098
v 1.64257220 5.99066734 1.03037881
v 1.65435396 5.51450541 1.02655069
v 1.66613571 5.51450541 1.03037881
v 1.67341724 5.51450541 1.04040098
v 1.67341724 5.51450541 1.05278905
v 1.66613571 5.51450541 1.06281121
v 1.65435396 5.51450541 1.06663934
v 1.64257220 5.51450541 1.06281121
v 1.63529067 5.51450541 1.05278905
v 1.63529067 5.51450541 1.04040098
v 1.64257220 5.51450541 1.03037881
v 0.95833143 5.99066734 1.02655069
v 0.97011319 5.99066734 1.03037881
v 0.97739471 5.99066734 1.04040098
v 0.97739471 5.99066734 1.05278905
v 0.97011319 5.99066734 1.06281121
v 0.95833143 5.99066734 1.06663934
v 0.94654967 5.99066734 1.06281121
v 0.93926814 5.99066734 1.05278905
v 0.93926814 5.99066734 1.04040098
v 0.94654967 5.99066734 1.03037881
v 0.95833143 5.51450541 1.02655069
v 0.97011319 5.51450541 1.03037881
v 0.97739471 5.51450541 1.04040098
v 0.97739471 5.51450541 1.05278905
v 0.97011319 5.51450541 1.06281121
v 0.95833143 5.51450541 1.06663934
v 0.94654967 5.51450541 1.06281121
v 0.93926814 5.51450541 1.05278905
v 0.93926814 5.51450541 1.04040098
v 0.94654967 5.51450541 1.03037881
v -1.06397477 5.99066734 1.02655069
v -1.05219301 5.99066734 1.03037881
v -1.04491148 5.99066734 1.04040098
v -1.04491148 5.99066734 1.05278905
v -1.05219301 5.99066734 1.06281121
v -1.06397477 5.99066734 1.06663934
v -1.07575652 5.99066734 1.06281121
v -1.08303805 5.99066734 1.05278905
v -1.08303805 5.99066734 1.04040098
v -1.07575652 5.99066734 1.03037881
v -1.06397477 5.51450541 1.02655069
v -1.05219301 5.51450541 1.03037881
v -1.04491148 5.51450541 1.04040098
v -1.04491148 5.51450541 1.05278905
v -1.05219301 5.51450541 1.06281121
v -1.06397477 5.51450541 1.06663934
v -1.07575652 5.51450541 1.06281121
v -1.08303805 5.51450541 1.05278905
v -1.08303805 5.51450541 1.04040098
v -1.07575652 5.51450541 1.03037881
v -1.75999729 5.99066734 1.02655069
v -1.74821553 5.99066734 1.03037881
v -1.74093401 5.99066734 1.04040098
v -1.74093401 5.99066734 1.05278905
v -1.74821553 5.99066734 1.06281121
v -1.75999729 5.99066734 1.06663934
v -1.77177905 5.99066734 1.06281121
v -1.77906058 5.99066734 1.05278905
v -1.77906058 5.99066734 1.04040098
v -1.77177905 5.99066734 1.03037881
v -1.75999729 5.51450541 1.02655069
v -1.74821553 5.51450541 1.03037881
v -1.74093401 5.51450541 1.04040098
v -1.74093401 5.51450541 1.05278905
v -1.74821553 5.51450541 1.06281121
v -1.75999729 5.51450541 1.06663934
v -1.77177905 5.51450541 1.06281121
v -1.77906058 5.51450541 1.05278905
v -1.77906058 5.51450541 1.04040098
v -1.77177905 5.51450541 1.03037881
v 2.99034771 5.99066734 5.56707059
v 2.98651958 5.99066734 5.57885234
v 2.97649742 5.99066734 5.58613387
v 2.96410935 5.99066734 5.58613387
v 2.95408718 5.99066734 5.57885234
v 2.95025906 5.99066734 5.56707059
v 2.95408718 5.99066734 5.55528883
v 2.96410935 5.99066734 5.54800730
v 2.97649742 5.99066734 5.54800730
v 2.98651958 5.99066734 5.55528883
v 2.99034771 5.51450541 5.56707059
v 2.98651958 5.51450541 5.57885234
v 2.97649742 5.51450541 5.58613387
v 2.96410935 5.51450541 5.58613387
v 2.95408718 5.51450541 5.57885234
v 2.95025906 5.51450541 5.56707059
v 2.95408718 5.51450541 5.55528883
v 2.96410935 5.51450541 5.54800730
v 2.97649742 5.51450541 5.54800730
v 2.98651958 5.51450541 5.55528883
v 2.99034771 5.99066734 2.45258171
v 2.98651958 5.99066734 2.46436347
v 2.97649742 5.99066734 2.47164500
v 2.96410935 5.99066734 2.47164500
v 2.95408718 5.99066734 2.46436347
v 2.95025906 5.99066734 2.45258171
v 2.95408718 5.99066734 2.44079995
v 2.96410935 5.99066734 2.43351843
v 2.97649742 5.99066734 2.43351843
v 2.98651958 5.99066734 2.44079995
v 2.99034771 5.51450541 2.45258171
v 2.98651958 5.51450541 2.46436347
v 2.97649742 5.51450541 2.47164500
v 2.96410935 5.51450541 2.47164500
v 2.95408718 5.51450541 2.46436347
v 2.95025906 5.51450541 2.45258171
v 2.95408718 5.51450541 2.44079995
v 2.96410935 5.51450541 2.43351843
v 2.97649742 5.51450541 2.43351843
v 2.98651958 5.51450541 2.44079995
v -2.95728188 5.99066734 5.56707059
v -2.96111000 5.99066734 5.57885234
v -2.97113216 5.99066734 5.58613387
v -2.98352024 5.99066734 5.58613387
v -2.99354240 5.99066734 5.57885234
v -2.99737052 5.99066734 5.56707059
v -2.99354240 5.99066734 5.55528883
v -2.98352024 5.99066734 5.54800730
v -2.97113216 5.99066734 5.54800730
v -2.96111000 5.99066734 5.55528883
v -2.95728188 5.51450541 5.56707059
v -2.96111000 5.51450541 5.57885234
v -2.97113216 5.51450541 5.58613387
v -2.98352024 5.51450541 5.58613387
v -2.99354240 5.51450541 5.57885234
v -2.99737052 5.51450541 5.56707059
v -2.99354240 5.51450541 5.55528883
v -2.98352024 5.51450541 5.54800730
v -2.97113216 5.51450541 5.54800730
v -2.96111000 5.51450541 5.55528883
v -2.95728188 5.99066734 2.45258171
v -2.96111000 5.99066734 2.46436347
v -2.97113216 5.99066734 2.47164500
v -2.98352024 5.99066734 2.47164500
v -2.99354240 5.99066734 2.46436347
v -2.99737052 5.99066734 2.45258171
v -2.99354240 5.99066734 2.44079995
v -2.98352024 5.99066734 2.43351843
v -2.97113216 5.99066734 2.43351843
v -2.96111000 5.99066734 2.44079995
v -2.95728188 5.51450541 2.45258171
v -2.96111000 5.51450541 2.46436347
v -2.97113216 5.51450541 2.47164500
v -2.98352024 5.51450541 2.47164500
v -2.99354240 5.51450541 2.46436347
v -2.99737052 5.51450541 2.45258171
v -2.99354240 5.51450541 2.44079995
v -2.98352024 5.51450541 2.43351843
v -2.97113216 5.51450541 2.43351843
v -2.96111000 5.51450541 2.44079995
v -2.95728188 5.99066734 8.19436441
v -2.96111000 5.99066734 8.20614617
v -2.97113216 5.99066734 8.21342770
v -2.98352024 5.99066734 8.21342770
v -2.99354240 5.99066734 8.20614617
v -2.99737052 5.99066734 8.19436441
v -2.99354240 5.99066734 8.18258266
v -2.98352024 5.99066734 8.17530113
v -2.97113216 5.99066734 8.17530113
v -2.96111000 5.99066734 8.18258266
v -2.95728188 5.51450541 8.19436441
v -2.96111000 5.51450541 8.20614617
v -2.97113216 5.51450541 8.21342770
v -2.98352024 5.51450541 8.21342770
v -2.99354240 5.51450541 8.20614617
v -2.99737052 5.51450541 8.19436441
v -2.99354240 5.51450541 8.18258266
v -2.98352024 5.51450541 8.17530113
v -2.97113216 5.51450541 8.17530113
v -2.96111000 5.51450541 8.18258266
v 2.92186872 5.99018855 10.68364963
v 2.92176698 5.96201183 10.70405879
v 2.92134894 5.97272183 10.73708150
v 2.92119231 6.00751769 10.73708150
v 2.92151356 6.01831272 10.70405879
v -2.93569434 5.98868051 10.68265376
v 2.92187627 5.97316622 10.68981737
v -2.93543920 5.96052441 10.70310250
v 2.92156210 5.96260918 10.72211208
v -2.93502637 5.97127908 10.73618925
v 2.92121477 5.99011334 10.74207131
v -2.93502637 6.00608194 10.73618925
v 2.92172310 6.00719499 10.68981737
v 2.92131427 6.01766888 10.72211208
v -2.93543920 6.01683662 10.70310250
v -2.93561724 6.00569832 10.68883346
v -2.93561724 5.97166271 10.68883346
v -2.93521351 5.96114513 10.72119080
v -2.93496399 5.98868051 10.74118874
v -2.93521351 6.01621590 10.72119080
v 2.99712930 5.99018855 10.65138121
v 2.97672014 5.96201183 10.65122397
v 2.94369743 5.97272183 10.65057786
v 2.94369743 6.00751769 10.65033579
v 2.97672014 6.01831272 10.65083229
v 2.99812517 5.98868051 1.55577915
v 2.99096156 5.97316622 10.65139288
v 2.97767643 5.96052441 1.55617348
v 2.95866685 5.96260918 10.65090732
v 2.94458968 5.97127908 1.55681152
v 2.93870762 5.99011334 10.65037050
v 2.94458968 6.00608194 1.55681152
v 2.99096156 6.00719499 10.65115614
v 2.95866685 6.01766888 10.65052428
v 2.97767643 6.01683662 1.55617348
v 2.99194547 6.00569832 1.55589831
v 2.99194547 5.97166271 1.55589831
v 2.95958813 5.96114513 1.55652229
v 2.93959020 5.98868051 1.55690793
v 2.95958813 6.01621590 1.55652229
v 1.98323904 5.99018855 1.01360948
v 1.98316991 5.96201183 1.03401864
v 1.98288584 5.97272183 1.06704135
v 1.98277942 6.00751769 1.06704135
v 1.98299771 6.01831272 1.03401864
v -1.99705229 5.98868051 1.01261361
v 1.98324417 5.97316622 1.01977722
v -1.99687891 5.96052441 1.03306235
v 1.98303069 5.96260918 1.05207193
v -1.99659839 5.97127908 1.06614910
v 1.98279468 5.99011334 1.07203115
v -1.99659839 6.00608194 1.06614910
v 1.98314009 6.00719499 1.01977722
v 1.98286229 6.01766888 1.05207193
v -1.99687891 6.01683662 1.03306235
v -1.99699989 6.00569832 1.01879331
v -1.99699989 5.97166271 1.01879331
v -1.99672555 5.96114513 1.05115065
v -1.99655600 5.98868051 1.07114858
v -1.99672555 6.01621590 1.05115065
v -2.95050028 5.99018855 10.65138121
v -2.97090944 5.96201183 10.65122397
v -3.00393215 5.97272183 10.65057786
v -3.00393215 6.00751769 10.65033579
v -2.97090944 6.01831272 10.65083229
v -2.94950441 5.98868051 1.55577915
v -2.95666802 5.97316622 10.65139288
v -2.96995315 5.96052441 1.55617348
v -2.98896273 5.96260918 10.65090732
v -3.00303990 5.97127908 1.55681152
v -3.00892196 5.99011334 10.65037050
v -3.00303990 6.00608194 1.55681152
v -2.95666802 6.00719499 10.65115614
v -2.98896273 6.01766888 10.65052428
v -2.96995315 6.01683662 1.55617348
v -2.95568411 6.00569832 1.55589831
v -2.95568411 5.97166271 1.55589831
v -2.98804145 5.96114513 1.55652229
v -3.00803939 5.98868051 1.55690793
v -2.98804145 6.01621590 1.55652229
v 3.92240940 2.75358881 -0.71966560
v 3.91858128 2.75358881 -0.70788384
v 3.90855911 2.75358881 -0.70060232
v 3.89617104 2.75358881 -0.70060232
v 3.88614888 2.75358881 -0.70788384
v 3.88232075 2.75358881 -0.71966560
v 3.88614888 2.75358881 -0.73144736
v 3.89617104 2.75358881 -0.73872889
v 3.90855911 2.75358881 -0.73872889
v 3.91858128 2.75358881 -0.73144736
v 3.92240940 2.27742689 -0.71966560
v 3.91858128 2.27742689 -0.70788384
v 3.90855911 2.27742689 -0.70060232
v 3.89617104 2.27742689 -0.70060232
v 3.88614888 2.27742689 -0.70788384
v 3.88232075 2.27742689 -0.71966560
v 3.88614888 2.27742689 -0.73144736
v 3.89617104 2.27742689 -0.73872889
v 3.90855911 2.27742689 -0.73872889
v 3.91858128 2.27742689 -0.73144736
v 3.92240940 2.75358881 -2.3643075e-2
v 3.91858128 2.75358881 -1.1861317e-2
v 3.90855911 2.75358881 -4.5797901e-3
v 3.89617104 2.75358881 -4.5797901e-3
v 3.88614888 2.75358881 -1.1861317e-2
v 3.88232075 2.75358881 -2.3643075e-2
v 3.88614888 2.75358881 -3.5424833e-2
v 3.89617104 2.75358881 -4.2706359e-2
v 3.90855911 2.75358881 -4.2706359e-2
v 3.91858128 2.75358881 -3.5424833e-2
v 3.92240940 2.27742689 -2.3643075e-2
v 3.91858128 2.27742689 -1.1861317e-2
v 3.90855911 2.27742689 -4.5797901e-3
v 3.89617104 2.27742689 -4.5797901e-3
v 3.88614888 2.27742689 -1.1861317e-2
v 3.88232075 2.27742689 -2.3643075e-2
v 3.88614888 2.27742689 -3.5424833e-2
v 3.89617104 2.27742689 -4.2706359e-2
v 3.90855911 2.27742689 -4.2706359e-2
v 3.91858128 2.27742689 -3.5424833e-2
v 0.38812113 3.13789446 13.08496950
v 0.39990288 3.13789446 13.08879763
v 0.40718441 3.13789446 13.09881979
v 0.40718441 3.13789446 13.11120786
v 0.39990288 3.13789446 13.12123002
v 0.38812113 3.13789446 13.12505815
v 0.37633937 3.13789446 13.12123002
v 0.36905784 3.13789446 13.11120786
v 0.36905784 3.13789446 13.09881979
v 0.37633937 3.13789446 13.08879763
v 0.38812113 2.66173254 13.08496950
v 0.39990288 2.66173254 13.08879763
v 0.40718441 2.66173254 13.09881979
v 0.40718441 2.66173254 13.11120786
v 0.39990288 2.66173254 13.12123002
v 0.38812113 2.66173254 13.12505815
v 0.37633937 2.66173254 13.12123002
v 0.36905784 2.66173254 13.11120786
v 0.36905784 2.66173254 13.09881979
v 0.37633937 2.66173254 13.08879763
v 0.36718953 3.28188065 -14.15881467
v 0.37897129 3.28188065 -14.15498655
v 0.38625282 3.28188065 -14.14496438
v 0.38625282 3.28188065 -14.13257631
v 0.37897129 3.28188065 -14.12255415
v 0.36718953 3.28188065 -14.11872602
v 0.35540777 3.28188065 -14.12255415
v 0.34812625 3.28188065 -14.13257631
v 0.34812625 3.28188065 -14.14496438
v 0.35540777 3.28188065 -14.15498655
v 0.36718953 2.80571873 -14.15881467
v 0.37897129 2.80571873 -14.15498655
v 0.38625282 2.80571873 -14.14496438
v 0.38625282 2.80571873 -14.13257631
v 0.37897129 2.80571873 -14.12255415
v 0.36718953 2.80571873 -14.11872602
v 0.35540777 2.80571873 -14.12255415
v 0.34812625 2.80571873 -14.13257631
v 0.34812625 2.80571873 -14.14496438
v 0.35540777 2.80571873 -14.15498655
v 2.47925744 3.01571178 -11.86557722
v 2.48278413 3.01571178 -11.85370175
v 2.47865706 3.01571178 -11.84202136
v 2.46845263 3.01571178 -11.83499755
v 2.45606857 3.01571178 -11.83531318
v 2.44623519 3.01571178 -11.84284770
v 2.44270850 3.01571178 -11.85472317
v 2.44683557 3.01571178 -11.86640357
v 2.45704000 3.01571178 -11.87342738
v 2.46942405 3.01571178 -11.87311174
v 2.47925744 2.53954985 -11.86557722
v 2.48278413 2.53954985 -11.85370175
v 2.47865706 2.53954985 -11.84202136
v 2.46845263 2.53954985 -11.83499755
v 2.45606857 2.53954985 -11.83531318
v 2.44623519 2.53954985 -11.84284770
v 2.44270850 2.53954985 -11.85472317
v 2.44683557 2.53954985 -11.86640357
v 2.45704000 2.53954985 -11.87342738
v 2.46942405 2.53954985 -11.87311174
v 3.66078692 2.84957728 11.14420126
v 3.65466041 2.84957728 11.15496835
v 3.64337522 2.84957728 11.16007804
v 3.63124191 2.84957728 11.15757860
v 3.62289500 2.84957728 11.14842473
v 3.62152271 2.84957728 11.13611290
v 3.62764921 2.84957728 11.12534581
v 3.63893440 2.84957728 11.12023612
v 3.65106771 2.84957728 11.12273556
v 3.65941462 2.84957728 11.13188942
v 3.66078692 2.35532121 11.14420126
v 3.65466041 2.35532121 11.15496835
v 3.64337522 2.35532121 11.16007804
v 3.63124191 2.35532121 11.15757860
v 3.62289500 2.35532121 11.14842473
v 3.62152271 2.35532121 11.13611290
v 3.62764921 2.35532121 11.12534581
v 3.63893440 2.35532121 11.12023612
v 3.65106771 2.35532121 11.12273556
v 3.65941462 2.35532121 11.13188942
v 2.80011292 3.06383725 12.54043273
v 2.78824362 3.06383725 12.54398015
v 2.77655604 3.06383725 12.53987347
v 2.76951444 3.06383725 12.52968131
v 2.76980846 3.06383725 12.51729672
v 2.77732580 3.06383725 12.50745021
v 2.78919510 3.06383725 12.50390279
v 2.80088268 3.06383725 12.50800947
v 2.80792429 3.06383725 12.51820163
v 2.80763027 3.06383725 12.53058621
v 2.80011292 2.58767532 12.54043273
v 2.78824362 2.58767532 12.54398015
v 2.77655604 2.58767532 12.53987347
v 2.76951444 2.58767532 12.52968131
v 2.76980846 2.58767532 12.51729672
v 2.77732580 2.58767532 12.50745021
v 2.78919510 2.58767532 12.50390279
v 2.80088268 2.58767532 12.50800947
v 2.80792429 2.58767532 12.51820163
v 2.80763027 2.58767532 12.53058621
v 3.81128946 2.78881058 10.46349987
v 3.80516296 2.78881058 10.47426696
v 3.79387777 2.78881058 10.47937665
v 3.78174446 2.78881058 10.47687722
v 3.77339754 2.78881058 10.46772335
v 3.77202525 2.78881058 10.45541152
v 3.77815176 2.78881058 10.44464442
v 3.78943695 2.78881058 10.43953473
v 3.80157025 2.78881058 10.44203417
v 3.80991717 2.78881058 10.45118804
v 3.81128946 2.29455451 10.46349987
v 3.80516296 2.29455451 10.47426696
v 3.79387777 2.29455451 10.47937665
v 3.78174446 2.29455451 10.47687722
v 3.77339754 2.29455451 10.46772335
v 3.77202525 2.29455451 10.45541152
v 3.77815176 2.29455451 10.44464442
v 3.78943695 2.29455451 10.43953473
v 3.80157025 2.29455451 10.44203417
v 3.80991717 2.29455451 10.45118804
v 2.07732379 3.08511829 -12.43694638
v 2.08085049 3.08511829 -12.42507091
v 2.07672342 3.08511829 -12.41339052
v 2.06651898 3.08511829 -12.40636671
v 2.05413493 3.08511829 -12.40668235
v 2.04430155 3.08511829 -12.41421686
v 2.04077485 3.08511829 -12.42609233
v 2.04490192 3.08511829 -12.43777273
v 2.05510636 3.08511829 -12.44479654
v 2.06749041 3.08511829 -12.44448090
v 2.07732379 2.60895636 -12.43694638
v 2.08085049 2.60895636 -12.42507091
v 2.07672342 2.60895636 -12.41339052
v 2.06651898 2.60895636 -12.40636671
v 2.05413493 2.60895636 -12.40668235
v 2.04430155 2.60895636 -12.41421686
v 2.04077485 2.60895636 -12.42609233
v 2.04490192 2.60895636 -12.43777273
v 2.05510636 2.60895636 -12.44479654
v 2.06749041 2.60895636 -12.44448090
v 3.68798168 2.75510156 -9.19652891
v 3.68568163 2.75510156 -9.18435624
v 3.67666593 2.75510156 -9.17586027
v 3.66437827 2.75510156 -9.17428618
v 3.65351212 2.75510156 -9.18023523
v 3.64821798 2.75510156 -9.19143507
v 3.65051803 2.75510156 -9.20360775
v 3.65953373 2.75510156 -9.21210371
v 3.67182139 2.75510156 -9.21367780
v 3.68268754 2.75510156 -9.20772876
v 3.68798168 2.27893964 -9.19652891
v 3.68568163 2.27893964 -9.18435624
v 3.67666593 2.27893964 -9.17586027
v 3.66437827 2.27893964 -9.17428618
v 3.65351212 2.27893964 -9.18023523
v 3.64821798 2.27893964 -9.19143507
v 3.65051803 2.27893964 -9.20360775
v 3.65953373 2.27893964 -9.21210371
v 3.67182139 2.27893964 -9.21367780
v 3.68268754 2.27893964 -9.20772876
v 3.77642151 2.75510156 -8.50614804
v 3.77412146 2.75510156 -8.49397536
v 3.76510576 2.75510156 -8.48547939
v 3.75281810 2.75510156 -8.48390531
v 3.74195195 2.75510156 -8.48985435
v 3.73665781 2.75510156 -8.50105419
v 3.73895786 2.75510156 -8.51322687
v 3.74797356 2.75510156 -8.52172284
v 3.76026122 2.75510156 -8.52329692
v 3.77112737 2.75510156 -8.51734788
v 3.77642151 2.27893964 -8.50614804
v 3.77412146 2.27893964 -8.49397536
v 3.76510576 2.27893964 -8.48547939
v 3.75281810 2.27893964 -8.48390531
v 3.74195195 2.27893964 -8.48985435
v 3.73665781 2.27893964 -8.50105419
v 3.73895786 2.27893964 -8.51322687
v 3.74797356 2.27893964 -8.52172284
v 3.76026122 2.27893964 -8.52329692
v 3.77112737 2.27893964 -8.51734788
v 3.90373001 2.75358881 -6.51236447
v 3.90003785 2.75358881 -6.50053940
v 3.89010023 2.75358881 -6.49314291
v 3.87771297 2.75358881 -6.49300021
v 3.86760760 2.75358881 -6.50016581
v 3.86364402 2.75358881 -6.51190269
v 3.86733618 2.75358881 -6.52372776
v 3.87727380 2.75358881 -6.53112425
v 3.88966105 2.75358881 -6.53126695
v 3.89976642 2.75358881 -6.52410135
v 3.90373001 2.27742689 -6.51236447
v 3.90003785 2.27742689 -6.50053940
v 3.89010023 2.27742689 -6.49314291
v 3.87771297 2.27742689 -6.49300021
v 3.86760760 2.27742689 -6.50016581
v 3.86364402 2.27742689 -6.51190269
v 3.86733618 2.27742689 -6.52372776
v 3.87727380 2.27742689 -6.53112425
v 3.88966105 2.27742689 -6.53126695
v 3.89976642 2.27742689 -6.52410135
v 3.91174743 2.75358881 -5.81638812
v 3.90805527 2.75358881 -5.80456305
v 3.89811765 2.75358881 -5.79716656
v 3.88573040 2.75358881 -5.79702386
v 3.87562503 2.75358881 -5.80418946
v 3.87166144 2.75358881 -5.81592634
v 3.87535360 2.75358881 -5.82775141
v 3.88529122 2.75358881 -5.83514790
v 3.89767848 2.75358881 -5.83529060
v 3.90778385 2.75358881 -5.82812500
v 3.91174743 2.27742689 -5.81638812
v 3.90805527 2.27742689 -5.80456305
v 3.89811765 2.27742689 -5.79716656
v 3.88573040 2.27742689 -5.79702386
v 3.87562503 2.27742689 -5.80418946
v 3.87166144 2.27742689 -5.81592634
v 3.87535360 2.27742689 -5.82775141
v 3.88529122 2.27742689 -5.83514790
v 3.89767848 2.27742689 -5.83529060
v 3.90778385 2.27742689 -5.82812500
v 3.89599797 2.75114291 7.68743691
v 3.89198526 2.75114291 7.69915708
v 3.88184996 2.75114291 7.70628029
v 3.86946341 2.75114291 7.70608571
v 3.85955686 2.75114291 7.69864766
v 3.85591427 2.75114291 7.68680722
v 3.85992698 2.75114291 7.67508705
v 3.87006228 2.75114291 7.66796384
v 3.88244883 2.75114291 7.66815842
v 3.89235538 2.75114291 7.67559647
v 3.89599797 2.27498099 7.68743691
v 3.89198526 2.27498099 7.69915708
v 3.88184996 2.27498099 7.70628029
v 3.86946341 2.27498099 7.70608571
v 3.85955686 2.27498099 7.69864766
v 3.85591427 2.27498099 7.68680722
v 3.85992698 2.27498099 7.67508705
v 3.87006228 2.27498099 7.66796384
v 3.88244883 2.27498099 7.66815842
v 3.89235538 2.27498099 7.67559647
v 3.91996451 2.75358881 1.81040582
v 3.91613638 2.75358881 1.82218758
v 3.90611422 2.75358881 1.82946911
v 3.89372615 2.75358881 1.82946911
v 3.88370399 2.75358881 1.82218758
v 3.87987586 2.75358881 1.81040582
v 3.88370399 2.75358881 1.79862407
v 3.89372615 2.75358881 1.79134254
v 3.90611422 2.75358881 1.79134254
v 3.91613638 2.75358881 1.79862407
v 3.91996451 2.27742689 1.81040582
v 3.91613638 2.27742689 1.82218758
v 3.90611422 2.27742689 1.82946911
v 3.89372615 2.27742689 1.82946911
v 3.88370399 2.27742689 1.82218758
v 3.87987586 2.27742689 1.81040582
v 3.88370399 2.27742689 1.79862407
v 3.89372615 2.27742689 1.79134254
v 3.90611422 2.27742689 1.79134254
v 3.91613638 2.27742689 1.79862407
v 3.91996451 2.75358881 2.50642835
v 3.91613638 2.75358881 2.51821011
v 3.90611422 2.75358881 2.52549164
v 3.89372615 2.75358881 2.52549164
v 3.88370399 2.75358881 2.51821011
v 3.87987586 2.75358881 2.50642835
v 3.88370399 2.75358881 2.49464659
v 3.89372615 2.75358881 2.48736507
v 3.90611422 2.75358881 2.48736507
v 3.91613638 2.75358881 2.49464659
v 3.91996451 2.27742689 2.50642835
v 3.91613638 2.27742689 2.51821011
v 3.90611422 2.27742689 2.52549164
v 3.89372615 2.27742689 2.52549164
v 3.88370399 2.27742689 2.51821011
v 3.87987586 2.27742689 2.50642835
v 3.88370399 2.27742689 2.49464659
v 3.89372615 2.27742689 2.48736507
v 3.90611422 2.27742689 2.48736507
v 3.91613638 2.27742689 2.49464659
v 3.90822903 2.75358881 4.88227991
v 3.90440090 2.75358881 4.89406167
v 3.89437874 2.75358881 4.90134320
v 3.88199067 2.75358881 4.90134320
v 3.87196850 2.75358881 4.89406167
v 3.86814038 2.75358881 4.88227991
v 3.87196850 2.75358881 4.87049815
v 3.88199067 2.75358881 4.86321663
v 3.89437874 2.75358881 4.86321663
v 3.90440090 2.75358881 4.87049815
v 3.90822903 2.27742689 4.88227991
v 3.90440090 2.27742689 4.89406167
v 3.89437874 2.27742689 4.90134320
v 3.88199067 2.27742689 4.90134320
v 3.87196850 2.27742689 4.89406167
v 3.86814038 2.27742689 4.88227991
v 3.87196850 2.27742689 4.87049815
v 3.88199067 2.27742689 4.86321663
v 3.89437874 2.27742689 4.86321663
v 3.90440090 2.27742689 4.87049815
v 3.90822903 2.75358881 5.57830244
v 3.90440090 2.75358881 5.59008420
v 3.89437874 2.75358881 5.59736572
v 3.88199067 2.75358881 5.59736572
v 3.87196850 2.75358881 5.59008420
v 3.86814038 2.75358881 5.57830244
v 3.87196850 2.75358881 5.56652068
v 3.88199067 2.75358881 5.55923915
v 3.89437874 2.75358881 5.55923915
v 3.90440090 2.75358881 5.56652068
v 3.90822903 2.27742689 5.57830244
v 3.90440090 2.27742689 5.59008420
v 3.89437874 2.27742689 5.59736572
v 3.88199067 2.27742689 5.59736572
v 3.87196850 2.27742689 5.59008420
v 3.86814038 2.27742689 5.57830244
v 3.87196850 2.27742689 5.56652068
v 3.88199067 2.27742689 5.55923915
v 3.89437874 2.27742689 5.55923915
v 3.90440090 2.27742689 5.56652068
v 3.91849757 2.75358881 -3.79153969
v 3.91466945 2.75358881 -3.77975793
v 3.90464729 2.75358881 -3.77247640
v 3.89225921 2.75358881 -3.77247640
v 3.88223705 2.75358881 -3.77975793
v 3.87840893 2.75358881 -3.79153969
v 3.88223705 2.75358881 -3.80332145
v 3.89225921 2.75358881 -3.81060297
v 3.90464729 2.75358881 -3.81060297
v 3.91466945 2.75358881 -3.80332145
v 3.91849757 2.27742689 -3.79153969
v 3.91466945 2.27742689 -3.77975793
v 3.90464729 2.27742689 -3.77247640
v 3.89225921 2.27742689 -3.77247640
v 3.88223705 2.27742689 -3.77975793
v 3.87840893 2.27742689 -3.79153969
v 3.88223705 2.27742689 -3.80332145
v 3.89225921 2.27742689 -3.81060297
v 3.90464729 2.27742689 -3.81060297
v 3.91466945 2.27742689 -3.80332145
v 3.91849757 2.75358881 -3.09551716
v 3.91466945 2.75358881 -3.08373540
v 3.90464729 2.75358881 -3.07645388
v 3.89225921 2.75358881 -3.07645388
v 3.88223705 2.75358881 -3.08373540
v 3.87840893 2.75358881 -3.09551716
v 3.88223705 2.75358881 -3.10729892
v 3.89225921 2.75358881 -3.11458045
v 3.90464729 2.75358881 -3.11458045
v 3.91466945 2.75358881 -3.10729892
v 3.91849757 2.27742689 -3.09551716
v 3.91466945 2.27742689 -3.08373540
v 3.90464729 2.27742689 -3.07645388
v 3.89225921 2.27742689 -3.07645388
v 3.88223705 2.27742689 -3.08373540
v 3.87840893 2.27742689 -3.09551716
v 3.88223705 2.27742689 -3.10729892
v 3.89225921 2.27742689 -3.11458045
v 3.90464729 2.27742689 -3.11458045
v 3.91466945 2.27742689 -3.10729892
v -3.90932109 2.75358881 -5.57969101
v -3.90549297 2.75358881 -5.56790926
v -3.89547081 2.75358881 -5.56062773
v -3.88308273 2.75358881 -5.56062773
v -3.87306057 2.75358881 -5.56790926
v -3.86923245 2.75358881 -5.57969101
v -3.87306057 2.75358881 -5.59147277
v -3.88308273 2.75358881 -5.59875430
v -3.89547081 2.75358881 -5.59875430
v -3.90549297 2.75358881 -5.59147277
v -3.90932109 2.27742689 -5.57969101
v -3.90549297 2.27742689 -5.56790926
v -3.89547081 2.27742689 -5.56062773
v -3.88308273 2.27742689 -5.56062773
v -3.87306057 2.27742689 -5.56790926
v -3.86923245 2.27742689 -5.57969101
v -3.87306057 2.27742689 -5.59147277
v -3.88308273 2.27742689 -5.59875430
v -3.89547081 2.27742689 -5.59875430
v -3.90549297 2.27742689 -5.59147277
v -3.90932109 2.75358881 -1.65468009
v -3.90549297 2.75358881 -1.64289833
v -3.89547081 2.75358881 -1.63561681
v -3.88308273 2.75358881 -1.63561681
v -3.87306057 2.75358881 -1.64289833
v -3.86923245 2.75358881 -1.65468009
v -3.87306057 2.75358881 -1.66646185
v -3.88308273 2.75358881 -1.67374338
v -3.89547081 2.75358881 -1.67374338
v -3.90549297 2.75358881 -1.66646185
v -3.90932109 2.27742689 -1.65468009
v -3.90549297 2.27742689 -1.64289833
v -3.89547081 2.27742689 -1.63561681
v -3.88308273 2.27742689 -1.63561681
v -3.87306057 2.27742689 -1.64289833
v -3.86923245 2.27742689 -1.65468009
v -3.87306057 2.27742689 -1.66646185
v -3.88308273 2.27742689 -1.67374338
v -3.89547081 2.27742689 -1.67374338
v -3.90549297 2.27742689 -1.66646185
v -3.90932109 2.75358881 -4.88366849
v -3.90549297 2.75358881 -4.87188673
v -3.89547081 2.75358881 -4.86460520
v -3.88308273 2.75358881 -4.86460520
v -3.87306057 2.75358881 -4.87188673
v -3.86923245 2.75358881 -4.88366849
v -3.87306057 2.75358881 -4.89545025
v -3.88308273 2.75358881 -4.90273177
v -3.89547081 2.75358881 -4.90273177
v -3.90549297 2.75358881 -4.89545025
v -3.90932109 2.27742689 -4.88366849
v -3.90549297 2.27742689 -4.87188673
v -3.89547081 2.27742689 -4.86460520
v -3.88308273 2.27742689 -4.86460520
v -3.87306057 2.27742689 -4.87188673
v -3.86923245 2.27742689 -4.88366849
v -3.87306057 2.27742689 -4.89545025
v -3.88308273 2.27742689 -4.90273177
v -3.89547081 2.27742689 -4.90273177
v -3.90549297 2.27742689 -4.89545025
v -0.37503282 3.13789446 13.08496950
v -0.38681458 3.13789446 13.08879763
v -0.39409610 3.13789446 13.09881979
v -0.39409610 3.13789446 13.11120786
v -0.38681458 3.13789446 13.12123002
v -0.37503282 3.13789446 13.12505815
v -0.36325106 3.13789446 13.12123002
v -0.35596953 3.13789446 13.11120786
v -0.35596953 3.13789446 13.09881979
v -0.36325106 3.13789446 13.08879763
v -0.37503282 2.66173254 13.08496950
v -0.38681458 2.66173254 13.08879763
v -0.39409610 2.66173254 13.09881979
v -0.39409610 2.66173254 13.11120786
v -0.38681458 2.66173254 13.12123002
v -0.37503282 2.66173254 13.12505815
v -0.36325106 2.66173254 13.12123002
v -0.35596953 2.66173254 13.11120786
v -0.35596953 2.66173254 13.09881979
v -0.36325106 2.66173254 13.08879763
v -0.35410123 3.28188065 -14.15881467
v -0.36588298 3.28188065 -14.15498655
v -0.37316451 3.28188065 -14.14496438
v -0.37316451 3.28188065 -14.13257631
v -0.36588298 3.28188065 -14.12255415
v -0.35410123 3.28188065 -14.11872602
v -0.34231947 3.28188065 -14.12255415
v -0.33503794 3.28188065 -14.13257631
v -0.33503794 3.28188065 -14.14496438
v -0.34231947 3.28188065 -14.15498655
v -0.35410123 2.80571873 -14.15881467
v -0.36588298 2.80571873 -14.15498655
v -0.37316451 2.80571873 -14.14496438
v -0.37316451 2.80571873 -14.13257631
v -0.36588298 2.80571873 -14.12255415
v -0.35410123 2.80571873 -14.11872602
v -0.34231947 2.80571873 -14.12255415
v -0.33503794 2.80571873 -14.13257631
v -0.33503794 2.80571873 -14.14496438
v -0.34231947 2.80571873 -14.15498655
v -2.46616913 3.01571178 -11.86557722
v -2.46969582 3.01571178 -11.85370175
v -2.46556875 3.01571178 -11.84202136
v -2.45536432 3.01571178 -11.83499755
v -2.44298027 3.01571178 -11.83531318
v -2.43314689 3.01571178 -11.84284770
v -2.42962019 3.01571178 -11.85472317
v -2.43374726 3.01571178 -11.86640357
v -2.44395170 3.01571178 -11.87342738
v -2.45633575 3.01571178 -11.87311174
v -2.46616913 2.53954985 -11.86557722
v -2.46969582 2.53954985 -11.85370175
v -2.46556875 2.53954985 -11.84202136
v -2.45536432 2.53954985 -11.83499755
v -2.44298027 2.53954985 -11.83531318
v -2.43314689 2.53954985 -11.84284770
v -2.42962019 2.53954985 -11.85472317
v -2.43374726 2.53954985 -11.86640357
v -2.44395170 2.53954985 -11.87342738
v -2.45633575 2.53954985 -11.87311174
v -2.22431607 3.11694799 12.93195285
v -2.21244678 3.11694799 12.93550026
v -2.20075919 3.11694799 12.93139358
v -2.19371759 3.11694799 12.92120142
v -2.19401161 3.11694799 12.90881684
v -2.20152895 3.11694799 12.89897032
v -2.21339825 3.11694799 12.89542291
v -2.22508583 3.11694799 12.89952959
v -2.23212744 3.11694799 12.90972175
v -2.23183342 3.11694799 12.92210633
v -2.22431607 2.64078607 12.93195285
v -2.21244678 2.64078607 12.93550026
v -2.20075919 2.64078607 12.93139358
v -2.19371759 2.64078607 12.92120142
v -2.19401161 2.64078607 12.90881684
v -2.20152895 2.64078607 12.89897032
v -2.21339825 2.64078607 12.89542291
v -2.22508583 2.64078607 12.89952959
v -2.23212744 2.64078607 12.90972175
v -2.23183342 2.64078607 12.92210633
v -3.64769861 2.84957728 11.14420126
v -3.64157210 2.84957728 11.15496835
v -3.63028692 2.84957728 11.16007804
v -3.61815361 2.84957728 11.15757860
v -3.60980669 2.84957728 11.14842473
v -3.60843440 2.84957728 11.13611290
v -3.61456090 2.84957728 11.12534581
v -3.62584609 2.84957728 11.12023612
v -3.63797940 2.84957728 11.12273556
v -3.64632632 2.84957728 11.13188942
v -3.64769861 2.35532121 11.14420126
v -3.64157210 2.35532121 11.15496835
v -3.63028692 2.35532121 11.16007804
v -3.61815361 2.35532121 11.15757860
v -3.60980669 2.35532121 11.14842473
v -3.60843440 2.35532121 11.13611290
v -3.61456090 2.35532121 11.12534581
v -3.62584609 2.35532121 11.12023612
v -3.63797940 2.35532121 11.12273556
v -3.64632632 2.35532121 11.13188942
v -2.78702461 3.06383725 12.54043273
v -2.77515532 3.06383725 12.54398015
v -2.76346774 3.06383725 12.53987347
v -2.75642613 3.06383725 12.52968131
v -2.75672015 3.06383725 12.51729672
v -2.76423749 3.06383725 12.50745021
v -2.77610679 3.06383725 12.50390279
v -2.78779437 3.06383725 12.50800947
v -2.79483598 3.06383725 12.51820163
v -2.79454196 3.06383725 12.53058621
v -2.78702461 2.58767532 12.54043273
v -2.77515532 2.58767532 12.54398015
v -2.76346774 2.58767532 12.53987347
v -2.75642613 2.58767532 12.52968131
v -2.75672015 2.58767532 12.51729672
v -2.76423749 2.58767532 12.50745021
v -2.77610679 2.58767532 12.50390279
v -2.78779437 2.58767532 12.50800947
v -2.79483598 2.58767532 12.51820163
v -2.79454196 2.58767532 12.53058621
v -3.79820116 2.78881058 10.46349987
v -3.79207465 2.78881058 10.47426696
v -3.78078946 2.78881058 10.47937665
v -3.76865616 2.78881058 10.47687722
v -3.76030924 2.78881058 10.46772335
v -3.75893695 2.78881058 10.45541152
v -3.76506345 2.78881058 10.44464442
v -3.77634864 2.78881058 10.43953473
v -3.78848195 2.78881058 10.44203417
v -3.79682887 2.78881058 10.45118804
v -3.79820116 2.29455451 10.46349987
v -3.79207465 2.29455451 10.47426696
v -3.78078946 2.29455451 10.47937665
v -3.76865616 2.29455451 10.47687722
v -3.76030924 2.29455451 10.46772335
v -3.75893695 2.29455451 10.45541152
v -3.76506345 2.29455451 10.44464442
v -3.77634864 2.29455451 10.43953473
v -3.78848195 2.29455451 10.44203417
v -3.79682887 2.29455451 10.45118804
v -2.06423549 3.08511829 -12.43694638
v -2.06776218 3.08511829 -12.42507091
v -2.06363511 3.08511829 -12.41339052
v -2.05343067 3.08511829 -12.40636671
v -2.04104662 3.08511829 -12.40668235
v -2.03121324 3.08511829 -12.41421686
v -2.02768655 3.08511829 -12.42609233
v -2.03181362 3.08511829 -12.43777273
v -2.04201805 3.08511829 -12.44479654
v -2.05440210 3.08511829 -12.44448090
v -2.06423549 2.60895636 -12.43694638
v -2.06776218 2.60895636 -12.42507091
v -2.06363511 2.60895636 -12.41339052
v -2.05343067 2.60895636 -12.40636671
v -2.04104662 2.60895636 -12.40668235
v -2.03121324 2.60895636 -12.41421686
v -2.02768655 2.60895636 -12.42609233
v -2.03181362 2.60895636 -12.43777273
v -2.04201805 2.60895636 -12.44479654
v -2.05440210 2.60895636 -12.44448090
v -3.67489338 2.75510156 -9.19652891
v -3.67259333 2.75510156 -9.18435624
v -3.66357762 2.75510156 -9.17586027
v -3.65128996 2.75510156 -9.17428618
v -3.64042381 2.75510156 -9.18023523
v -3.63512967 2.75510156 -9.19143507
v -3.63742972 2.75510156 -9.20360775
v -3.64644543 2.75510156 -9.21210371
v -3.65873309 2.75510156 -9.21367780
v -3.66959924 2.75510156 -9.20772876
v -3.67489338 2.27893964 -9.19652891
v -3.67259333 2.27893964 -9.18435624
v -3.66357762 2.27893964 -9.17586027
v -3.65128996 2.27893964 -9.17428618
v -3.64042381 2.27893964 -9.18023523
v -3.63512967 2.27893964 -9.19143507
v -3.63742972 2.27893964 -9.20360775
v -3.64644543 2.27893964 -9.21210371
v -3.65873309 2.27893964 -9.21367780
v -3.66959924 2.27893964 -9.20772876
v -3.76333321 2.75510156 -8.50614804
v -3.76103316 2.75510156 -8.49397536
v -3.75201745 2.75510156 -8.48547939
v -3.73972979 2.75510156 -8.48390531
v -3.72886364 2.75510156 -8.48985435
v -3.72356950 2.75510156 -8.50105419
v -3.72586955 2.75510156 -8.51322687
v -3.73488526 2.75510156 -8.52172284
v -3.74717292 2.75510156 -8.52329692
v -3.75803907 2.75510156 -8.51734788
v -3.76333321 2.27893964 -8.50614804
v -3.76103316 2.27893964 -8.49397536
v -3.75201745 2.27893964 -8.48547939
v -3.73972979 2.27893964 -8.48390531
v -3.72886364 2.27893964 -8.48985435
v -3.72356950 2.27893964 -8.50105419
v -3.72586955 2.27893964 -8.51322687
v -3.73488526 2.27893964 -8.52172284
v -3.74717292 2.27893964 -8.52329692
v -3.75803907 2.27893964 -8.51734788
v -3.88290966 2.75114291 7.68743691
v -3.87889695 2.75114291 7.69915708
v -3.86876165 2.75114291 7.70628029
v -3.85637511 2.75114291 7.70608571
v -3.84646856 2.75114291 7.69864766
v -3.84282596 2.75114291 7.68680722
v -3.84683867 2.75114291 7.67508705
v -3.85697397 2.75114291 7.66796384
v -3.86936052 2.75114291 7.66815842
v -3.87926707 2.75114291 7.67559647
v -3.88290966 2.27498099 7.68743691
v -3.87889695 2.27498099 7.69915708
v -3.86876165 2.27498099 7.70628029
v -3.85637511 2.27498099 7.70608571
v -3.84646856 2.27498099 7.69864766
v -3.84282596 2.27498099 7.68680722
v -3.84683867 2.27498099 7.67508705
v -3.85697397 2.27498099 7.66796384
v -3.86936052 2.27498099 7.66815842
v -3.87926707 2.27498099 7.67559647
v -3.87197702 2.75114291 8.38337357
v -3.86796430 2.75114291 8.39509374
v -3.85782901 2.75114291 8.40221695
v -3.84544246 2.75114291 8.40202237
v -3.83553591 2.75114291 8.39458432
v -3.83189332 2.75114291 8.38274388
v -3.83590603 2.75114291 8.37102371
v -3.84604133 2.75114291 8.36390050
v -3.85842787 2.75114291 8.36409508
v -3.86833442 2.75114291 8.37153313
v -3.87197702 2.27498099 8.38337357
v -3.86796430 2.27498099 8.39509374
v -3.85782901 2.27498099 8.40221695
v -3.84544246 2.27498099 8.40202237
v -3.83553591 2.27498099 8.39458432
v -3.83189332 2.27498099 8.38274388
v -3.83590603 2.27498099 8.37102371
v -3.84604133 2.27498099 8.36390050
v -3.85842787 2.27498099 8.36409508
v -3.86833442 2.27498099 8.37153313
v -3.90687620 2.75358881 1.81040582
v -3.90304808 2.75358881 1.82218758
v -3.89302591 2.75358881 1.82946911
v -3.88063784 2.75358881 1.82946911
v -3.87061568 2.75358881 1.82218758
v -3.86678755 2.75358881 1.81040582
v -3.87061568 2.75358881 1.79862407
v -3.88063784 2.75358881 1.79134254
v -3.89302591 2.75358881 1.79134254
v -3.90304808 2.75358881 1.79862407
v -3.90687620 2.27742689 1.81040582
v -3.90304808 2.27742689 1.82218758
v -3.89302591 2.27742689 1.82946911
v -3.88063784 2.27742689 1.82946911
v -3.87061568 2.27742689 1.82218758
v -3.86678755 2.27742689 1.81040582
v -3.87061568 2.27742689 1.79862407
v -3.88063784 2.27742689 1.79134254
v -3.89302591 2.27742689 1.79134254
v -3.90304808 2.27742689 1.79862407
v -3.90687620 2.75358881 2.50642835
v -3.90304808 2.75358881 2.51821011
v -3.89302591 2.75358881 2.52549164
v -3.88063784 2.75358881 2.52549164
v -3.87061568 2.75358881 2.51821011
v -3.86678755 2.75358881 2.50642835
v -3.87061568 2.75358881 2.49464659
v -3.88063784 2.75358881 2.48736507
v -3.89302591 2.75358881 2.48736507
v -3.90304808 2.75358881 2.49464659
v -3.90687620 2.27742689 2.50642835
v -3.90304808 2.27742689 2.51821011
v -3.89302591 2.27742689 2.52549164
v -3.88063784 2.27742689 2.52549164
v -3.87061568 2.27742689 2.51821011
v -3.86678755 2.27742689 2.50642835
v -3.87061568 2.27742689 2.49464659
v -3.88063784 2.27742689 2.48736507
v -3.89302591 2.27742689 2.48736507
v -3.90304808 2.27742689 2.49464659
v -3.89514072 2.75358881 4.88227991
v -3.89131259 2.75358881 4.89406167
v -3.88129043 2.75358881 4.90134320
v -3.86890236 2.75358881 4.90134320
v -3.85888020 2.75358881 4.89406167
v -3.85505207 2.75358881 4.88227991
v -3.85888020 2.75358881 4.87049815
v -3.86890236 2.75358881 4.86321663
v -3.88129043 2.75358881 4.86321663
v -3.89131259 2.75358881 4.87049815
v -3.89514072 2.27742689 4.88227991
v -3.89131259 2.27742689 4.89406167
v -3.88129043 2.27742689 4.90134320
v -3.86890236 2.27742689 4.90134320
v -3.85888020 2.27742689 4.89406167
v -3.85505207 2.27742689 4.88227991
v -3.85888020 2.27742689 4.87049815
v -3.86890236 2.27742689 4.86321663
v -3.88129043 2.27742689 4.86321663
v -3.89131259 2.27742689 4.87049815
v -3.89048827 2.52508410 7.73630505
v -3.87048649 2.55292087 7.73397944
v -3.83812292 2.54176268 7.73162328
v -3.83812292 2.50702978 7.73249271
v -3.87048649 2.49672185 7.73538620
v -0.36468562 3.04289669 -14.16262019
v -0.36207890 3.07078794 -14.14297624
v -0.35786113 3.05967332 -14.11228836
v -0.35786113 3.02491287 -14.11296615
v -0.36207890 3.01454434 -14.14407293
v -1.37066813 2.95006383 -13.34898476
v -1.35659183 2.97678968 -13.33291653
v -1.33381590 2.96409132 -13.31283971
v -1.33381590 2.92951745 -13.31649976
v -1.35659183 2.92084799 -13.33883863
v -3.05189467 2.66090551 -10.99801863
v -3.03464170 2.68763136 -10.98479268
v -3.00672581 2.67493300 -10.96931474
v -3.00672581 2.64035913 -10.97297480
v -3.03464170 2.63168967 -10.99071478
v -3.63943331 2.52662071 -9.47203853
v -3.61967255 2.55451195 -9.46774284
v -3.58769898 2.54339734 -9.46188896
v -3.58769898 2.50863689 -9.46256674
v -3.61967255 2.49826836 -9.46883953
v -3.60872853 2.62974684 11.26700135
v -3.59072795 2.65617852 11.25444306
v -3.56160240 2.64324488 11.24171982
v -3.56160240 2.60881977 11.24641472
v -3.59072795 2.60047752 11.26203956
v -2.80039557 2.82505874 12.54127482
v -2.78559133 2.85149043 12.52552019
v -2.76163758 2.83855679 12.50762516
v -2.76163758 2.80413167 12.51232005
v -2.78559133 2.79578942 12.53311669
v -1.45819610 2.91663336 13.03694869
v -1.46263198 2.92779155 13.06723254
v -1.46537351 2.89995478 13.08681841
v -1.46263198 2.87159252 13.06863930
v -1.45819610 2.88190045 13.03781812
v 3.92604499 2.51013263 -4.26319402
v 3.90560805 2.53828873 -4.26283994
v 3.87254040 2.52753405 -4.26226704
v 3.87254040 2.49273120 -4.26226704
v 3.90560805 2.48197652 -4.26283994
v 3.90228003 2.52508410 7.73630505
v 3.88227824 2.55292087 7.73397944
v 3.84991467 2.54176268 7.73162328
v 3.84991467 2.50702978 7.73249271
v 3.88227824 2.49672185 7.73538620
v 0.37647737 3.04289669 -14.16262019
v 0.37387065 3.07078794 -14.14297624
v 0.36965289 3.05967332 -14.11228836
v 0.36965289 3.02491287 -14.11296615
v 0.37387065 3.01454434 -14.14407293
v 1.38245988 2.95006383 -13.34898476
v 1.36838359 2.97678968 -13.33291653
v 1.34560766 2.96409132 -13.31283971
v 1.34560766 2.92951745 -13.31649976
v 1.36838359 2.92084799 -13.33883863
v 3.06368642 2.66090551 -10.99801863
v 3.04643346 2.68763136 -10.98479268
v 3.01851757 2.67493300 -10.96931474
v 3.01851757 2.64035913 -10.97297480
v 3.04643346 2.63168967 -10.99071478
v 3.65122506 2.52662071 -9.47203853
v 3.63146431 2.55451195 -9.46774284
v 3.59949074 2.54339734 -9.46188896
v 3.59949074 2.50863689 -9.46256674
v 3.63146431 2.49826836 -9.46883953
v 3.86050337 2.50984910 -7.79311331
v 3.84015299 2.53800520 -7.79120130
v 3.80722539 2.52725053 -7.78810761
v 3.80722539 2.49244767 -7.78810761
v 3.84015299 2.48169299 -7.79120130
v 3.62052028 2.62974684 11.26700135
v 3.60251971 2.65617852 11.25444306
v 3.57339416 2.64324488 11.24171982
v 3.57339416 2.60881977 11.24641472
v 3.60251971 2.60047752 11.26203956
v 2.81218732 2.82505874 12.54127482
v 2.79738309 2.85149043 12.52552019
v 2.77342934 2.83855679 12.50762516
v 2.77342934 2.80413167 12.51232005
v 2.79738309 2.79578942 12.53311669
v 1.46998786 2.91663336 13.03694869
v 1.47442374 2.92779155 13.06723254
v 1.47716526 2.89995478 13.08681841
v 1.47442374 2.87159252 13.06863930
v 1.46998786 2.88190045 13.03781812
v -3.91739924 2.51167932 1.72978149
v -3.89699008 2.48350261 1.72972501
v -3.86396737 2.49421261 1.72949295
v -3.86396737 2.52900847 1.72940601
v -3.89699008 2.53980349 1.72958433
v -2.24238743 2.80925303 -12.20957694
v -2.22590809 2.77988019 -12.20124252
v -2.19924395 2.78824073 -12.18095770
v -2.19924395 2.82278067 -12.17675541
v -2.22590809 2.83576699 -12.19444307
v -3.76036581 2.51147471 -8.61589211
v -3.74009014 2.48329898 -8.61356814
v -3.70728340 2.49401504 -8.60969822
v -3.70728340 2.52881366 -8.60963044
v -3.74009014 2.53960432 -8.61345847
v -3.46870488 2.56968065 -10.16952681
v -3.45019801 2.54089655 -10.16427538
v -3.42025328 2.55041554 -10.15226900
v -3.42025328 2.58508270 -10.15010008
v -3.45019801 2.59698919 -10.16076599
v -0.77514700 3.02056273 -13.94751105
v -0.76680549 2.99177863 -13.93316436
v -0.75330864 3.00129762 -13.90644154
v -0.75330864 3.03596478 -13.90427262
v -0.76680549 3.04787127 -13.92965497
v -3.24495724 2.73010885 11.93308537
v -3.22764016 2.70067461 11.92706887
v -3.19962052 2.70865947 11.90861206
v -3.19962052 2.74302862 11.90322162
v -3.22764016 2.75628507 11.91834696
v -3.80833647 2.56175156 10.47163433
v -3.78933529 2.53293577 10.46869401
v -3.75859073 2.54226087 10.45943485
v -3.75859073 2.57683987 10.45665269
v -3.78933529 2.58888579 10.46419238
v -2.29475483 2.89325898 12.86899881
v -2.30894964 2.90530489 12.89308825
v -2.31772252 2.87817067 12.91075850
v -2.30894964 2.84935488 12.89758988
v -2.29475483 2.85867997 12.87178097
v 3.92919099 2.51167932 1.72978149
v 3.90878184 2.48350261 1.72972501
v 3.87575913 2.49421261 1.72949295
v 3.87575913 2.52900847 1.72940601
v 3.90878184 2.53980349 1.72958433
v 2.25417918 2.80925303 -12.20957694
v 2.23769984 2.77988019 -12.20124252
v 2.21103571 2.78824073 -12.18095770
v 2.21103571 2.82278067 -12.17675541
v 2.23769984 2.83576699 -12.19444307
v 3.77215757 2.51147471 -8.61589211
v 3.75188189 2.48329898 -8.61356814
v 3.71907516 2.49401504 -8.60969822
v 3.71907516 2.52881366 -8.60963044
v 3.75188189 2.53960432 -8.61345847
v 3.48049663 2.56968065 -10.16952681
v 3.46198977 2.54089655 -10.16427538
v 3.43204504 2.55041554 -10.15226900
v 3.43204504 2.58508270 -10.15010008
v 3.46198977 2.59698919 -10.16076599
v 0.78693875 3.02056273 -13.94751105
v 0.77859724 2.99177863 -13.93316436
v 0.76510040 3.00129762 -13.90644154
v 0.76510040 3.03596478 -13.90427262
v 0.77859724 3.04787127 -13.92965497
v 3.88694767 2.53814696 -6.96750683
v 3.85395004 2.52739229 -6.96567353
v 3.85395004 2.49258943 -6.96567353
v 3.88694767 2.48183476 -6.96750683
v 3.90734133 2.50999086 -6.96863987
v 3.25674900 2.73010885 11.93308537
v 3.23943191 2.70067461 11.92706887
v 3.21141228 2.70865947 11.90861206
v 3.21141228 2.74302862 11.90322162
v 3.23943191 2.75628507 11.91834696
v 3.82012823 2.56175156 10.47163433
v 3.80112705 2.53293577 10.46869401
v 3.77038249 2.54226087 10.45943485
v 3.77038249 2.57683987 10.45665269
v 3.80112705 2.58888579 10.46419238
v 2.30654658 2.89325898 12.86899881
v 2.32074140 2.90530489 12.89308825
v 2.32951428 2.87817067 12.91075850
v 2.32074140 2.84935488 12.89758988
v 2.30654658 2.85867997 12.87178097
v 5.8958781e-3 2.88892027 13.08940327
v 5.8958781e-3 2.87825495 13.12204710
v 5.8958781e-3 2.90645228 13.14204820
v 5.8958781e-3 2.93454452 13.12176574
v 5.8958781e-3 2.92370914 13.08922939
v 5.8958781e-3 3.04882882 -14.22341364
v 5.8958781e-3 3.02063347 -14.20333890
v 5.8958781e-3 3.03131091 -14.17063796
v 5.8958781e-3 3.06610529 -14.17050240
v 5.8958781e-3 3.07693195 -14.20311956
v -3.88444364 2.50802110 7.73623993
v -0.36389785 3.02582995 -14.15718083
v -1.36641420 2.93278175 -13.34681340
v -3.04668074 2.64362344 -10.99670622
v -3.63346152 2.50955397 -9.47123749
v -3.60328867 2.61248497 11.26664972
v -2.79592166 2.80779687 12.53995725
v 3.91986885 2.52715043 -4.26308702
v 3.89623540 2.54198830 7.73538967
v 0.37568961 3.05982409 -14.15651799
v 1.37820596 2.96659342 -13.34323402
v 3.05847250 2.67743510 -10.99312685
v 3.64525327 2.54354811 -9.47057464
v 3.85435339 2.52686690 -7.79253549
v 3.61508043 2.64615116 11.26205833
v 2.80771342 2.84146306 12.53536585
v -3.88444364 2.54198830 7.73538967
v -3.85279355 2.55206898 7.73255997
v -3.83323271 2.52433199 7.73166138
v -3.85279355 2.49710890 7.73393572
v -0.36389785 3.05982409 -14.15651799
v -0.35977307 3.06996403 -14.12609697
v -0.35722382 3.04223672 -14.10795860
v -0.35977307 3.01496036 -14.12716948
v -1.36641420 2.96659342 -13.34323402
v -1.34414039 2.97507176 -13.32138763
v -1.33037441 2.94649999 -13.31146518
v -1.34414039 2.92036333 -13.32717917
v -3.04668074 2.67743510 -10.99312685
v -3.01938027 2.68591344 -10.97577795
v -3.00250766 2.65734167 -10.96863512
v -3.01938027 2.63120501 -10.98156950
v -3.63346152 2.54354811 -9.47057464
v -3.60219282 2.55368805 -9.46444015
v -3.58286770 2.52596074 -9.46131167
v -3.60219282 2.49868438 -9.46551265
v -3.60328867 2.64615116 11.26205833
v -3.57480521 2.65430950 11.24677794
v -3.55720147 2.62568544 11.24192554
v -3.57480521 2.59983646 11.25420698
v -2.79592166 2.84146306 12.53536585
v -2.77249598 2.84962141 12.51502769
v -2.75801812 2.82099734 12.50704940
v -2.77249598 2.79514836 12.52245672
v -1.45752583 2.89920267 13.03276685
v -1.46020692 2.92693966 13.05054520
v -1.46454501 2.91685898 13.08068691
v -1.46454501 2.88289178 13.08153716
v -1.46020692 2.87197958 13.05192094
v 3.88753019 2.53766801 -4.26252674
v 3.86754380 2.51013263 -4.26218047
v 3.88753019 2.48259724 -4.26252674
v 3.91986885 2.49311482 -4.26308702
v 3.86458530 2.55206898 7.73255997
v 3.84502447 2.52433199 7.73166138
v 3.86458530 2.49710890 7.73393572
v 3.89623540 2.50802110 7.73623993
v 0.37156483 3.06996403 -14.12609697
v 0.36901558 3.04223672 -14.10795860
v 0.37156483 3.01496036 -14.12716948
v 0.37568961 3.02582995 -14.15718083
v 1.35593214 2.97507176 -13.32138763
v 1.34216617 2.94649999 -13.31146518
v 1.35593214 2.92036333 -13.32717917
v 1.37820596 2.93278175 -13.34681340
v 3.03117203 2.68591344 -10.97577795
v 3.01429941 2.65734167 -10.96863512
v 3.03117203 2.63120501 -10.98156950
v 3.05847250 2.64362344 -10.99670622
v 3.61398457 2.55368805 -9.46444015
v 3.59465946 2.52596074 -9.46131167
v 3.61398457 2.49868438 -9.46551265
v 3.64525327 2.50955397 -9.47123749
v 3.82215169 2.53738448 -7.78951000
v 3.80224995 2.50984910 -7.78764015
v 3.82215169 2.48231371 -7.78951000
v 3.85435339 2.49283129 -7.79253549
v 3.58659697 2.65430950 11.24677794
v 3.56899322 2.62568544 11.24192554
v 3.58659697 2.59983646 11.25420698
v 3.61508043 2.61248497 11.26664972
v 2.78428774 2.84962141 12.51502769
v 2.76980987 2.82099734 12.50704940
v 2.78428774 2.79514836 12.52245672
v 2.80771342 2.80779687 12.53995725
v 1.47199868 2.92693966 13.05054520
v 1.47633676 2.91685898 13.08068691
v 1.47633676 2.88289178 13.08153716
v 1.47199868 2.87197958 13.05192094
v 1.46931759 2.89920267 13.03276685
v -3.91839511 2.51017129 -1.52177924
v -3.90888912 2.51615188 4.98472922
v -3.89794637 2.48201519 -1.52163761
v -3.91123150 2.49465700 1.72978567
v -3.88861445 2.48791332 4.98436168
v -3.86485962 2.49276986 -1.52140844
v -3.87893679 2.48409996 1.72961128
v -3.85580933 2.49848929 4.98320429
v -3.86485962 2.52757272 -1.52140844
v -3.85897756 2.51160411 1.72941847
v -3.85580933 2.53326417 4.98285652
v -3.91123150 2.52868577 1.72970065
v -3.89794637 2.53832739 -1.52163761
v -3.87893679 2.53915966 1.72947371
v -3.88861445 2.54418025 4.98379898
v -1.78867918 2.88540858 -12.82411822
v -2.68054266 2.73121331 -11.57699804
v -1.77303885 2.85607498 -12.81511770
v -2.23740730 2.79193180 -12.20808565
v -2.66363166 2.70187971 -11.56913443
v -1.74773227 2.86451275 -12.79397446
v -2.21133099 2.77923177 -12.19078793
v -2.63626909 2.71031748 -11.54983074
v -1.74773227 2.89906118 -12.78990772
v -2.19521494 2.80516122 -12.17598769
v -2.63626909 2.74486591 -11.54576401
v -2.23740730 2.82571029 -12.20397600
v -1.77303885 2.91197551 -12.80853759
v -2.21133099 2.83388652 -12.18413837
v -2.66363166 2.75778024 -11.56255432
v -3.70318309 2.51651908 -9.05681355
v -3.80940186 2.50981043 -8.18331257
v -3.68308037 2.48828448 -9.05417430
v -3.75423841 2.49445201 -8.61520637
v -3.78906328 2.48165433 -8.18118812
v -3.65055348 2.49888469 -9.04946523
v -3.72215492 2.48389923 -8.61146272
v -3.75615478 2.49240901 -8.17775068
v -3.65055348 2.53367059 -9.04919412
v -3.70232623 2.51140871 -8.60908274
v -3.75615478 2.52721186 -8.17775068
v -3.75423841 2.52848347 -8.61514008
v -3.68308037 2.54456924 -9.05373563
v -3.72215492 2.53896329 -8.61135547
v -3.78906328 2.53796654 -8.18118812
v -3.57069607 2.54345677 -9.82752866
v -3.30519324 2.60794576 -10.54427585
v -3.46311202 2.55250624 -10.16847008
v -3.55150526 2.51490817 -9.82339674
v -3.28737032 2.57892617 -10.53790491
v -3.43382743 2.54086223 -10.15803931
v -3.52045389 2.52489054 -9.81451777
v -3.25853223 2.58798178 -10.52277111
v -3.41572857 2.56756874 -10.14947162
v -3.52045389 2.55960859 -9.81316220
v -3.25853223 2.62259805 -10.51978884
v -3.43382743 2.59571828 -10.15460728
v -3.55150526 2.57108315 -9.82120337
v -3.46311202 2.58640914 -10.16634897
v -3.28737032 2.63493647 -10.53307950
v -1.03960448 2.99360269 -13.71253944
v -0.55695446 3.03548154 -14.08662837
v -0.77262615 3.00338832 -13.94370570
v -1.02813490 2.96458309 -13.70048397
v -0.55174101 3.00693293 -14.06999047
v -0.75942686 2.99174431 -13.91888291
v -1.00957674 2.97363870 -13.67615239
v -0.54330548 3.01691531 -14.04087639
v -0.75126924 3.01845082 -13.90142047
v -1.00957674 3.00825498 -13.67317012
v -0.54330548 3.05163335 -14.03952082
v -0.75942686 3.04660036 -13.91545088
v -1.02813490 3.02059340 -13.69565856
v -0.77262615 3.03729122 -13.94158459
v -0.55174101 3.06310791 -14.06779710
v -3.44350750 2.67783883 11.59362435
v -3.02620939 2.78102584 12.25807276
v -3.42577981 2.64844582 11.58811125
v -3.23972394 2.71281082 11.93258506
v -3.00976025 2.75163283 12.25128112
v -3.39709581 2.65652002 11.57075031
v -3.21232201 2.69984662 11.91779317
v -2.98314497 2.75970704 12.23185147
v -3.39709581 2.69090317 11.56553376
v -3.19538669 2.72544577 11.90337967
v -2.98314497 2.79409018 12.22663492
v -3.23972394 2.74642229 11.92731346
v -3.42577981 2.70407891 11.57967069
v -3.21232201 2.75423112 11.90926353
v -3.00976025 2.80726593 12.24284056
v -3.72748872 2.59136394 10.98052806
v -3.85982019 2.53997114 9.47775004
v -3.80259423 2.54458912 10.47142596
v -3.70903332 2.56230077 10.97648512
v -3.84027323 2.51140273 9.47591234
v -3.77252745 2.53280877 10.46405248
v -3.67917186 2.57108977 10.96375377
v -3.80864557 2.52126392 9.47012536
v -3.75394516 2.55934481 10.45677459
v -3.67917186 2.60558483 10.95992829
v -3.80864557 2.55592687 9.46838651
v -3.77252745 2.58752534 10.45965009
v -3.70903332 2.61811496 10.97029538
v -3.80259423 2.57840582 10.46870513
v -3.84027323 2.56748857 9.47309882
v -1.94802386 2.90778863 12.97159783
v -2.54906680 2.87089738 12.71804386
v -2.30118943 2.90394444 12.87949833
v -1.95689562 2.91935033 12.99906603
v -2.56858467 2.88342750 12.73875453
v -2.31507132 2.89482493 12.90473827
v -1.96237867 2.89183290 13.01778117
v -2.58064738 2.85667648 12.75537990
v -2.31507132 2.86100823 12.90745909
v -1.95689562 2.86326449 13.00187955
v -2.56858467 2.82761331 12.74494427
v -2.30118943 2.84922788 12.88390072
v -1.94802386 2.87312568 12.97333668
v -2.29260996 2.87576391 12.86662002
v -2.54906680 2.83640231 12.72186933
v 3.92068088 2.51615188 4.98472922
v 3.93018686 2.51017129 -1.52177924
v 3.90040620 2.48791332 4.98436168
v 3.92302325 2.49465700 1.72978567
v 3.90973813 2.48201519 -1.52163761
v 3.86760108 2.49848929 4.98320429
v 3.89072855 2.48409996 1.72961128
v 3.87665137 2.49276986 -1.52140844
v 3.86760108 2.53326417 4.98285652
v 3.87076932 2.51160411 1.72941847
v 3.87665137 2.52757272 -1.52140844
v 3.92302325 2.52868577 1.72970065
v 3.90040620 2.54418025 4.98379898
v 3.89072855 2.53915966 1.72947371
v 3.90973813 2.53832739 -1.52163761
v 2.69233442 2.73121331 -11.57699804
v 1.80047094 2.88540858 -12.82411822
v 2.67542342 2.70187971 -11.56913443
v 2.24919905 2.79193180 -12.20808565
v 1.78483061 2.85607498 -12.81511770
v 2.64806085 2.71031748 -11.54983074
v 2.22312274 2.77923177 -12.19078793
v 1.75952402 2.86451275 -12.79397446
v 2.64806085 2.74486591 -11.54576401
v 2.20700670 2.80516122 -12.17598769
v 1.75952402 2.89906118 -12.78990772
v 2.24919905 2.82571029 -12.20397600
v 2.67542342 2.75778024 -11.56255432
v 2.22312274 2.83388652 -12.18413837
v 1.78483061 2.91197551 -12.80853759
v 3.82119361 2.50981043 -8.18331257
v 3.71497485 2.51651908 -9.05681355
v 3.80085504 2.48165433 -8.18118812
v 3.76603017 2.49445201 -8.61520637
v 3.69487212 2.48828448 -9.05417430
v 3.76794653 2.49240901 -8.17775068
v 3.73394667 2.48389923 -8.61146272
v 3.66234523 2.49888469 -9.04946523
v 3.76794653 2.52721186 -8.17775068
v 3.71411798 2.51140871 -8.60908274
v 3.66234523 2.53367059 -9.04919412
v 3.76603017 2.52848347 -8.61514008
v 3.80085504 2.53796654 -8.18118812
v 3.73394667 2.53896329 -8.61135547
v 3.69487212 2.54456924 -9.05373563
v 3.31698500 2.60794576 -10.54427585
v 3.58248782 2.54345677 -9.82752866
v 3.47490377 2.55250624 -10.16847008
v 3.29916208 2.57892617 -10.53790491
v 3.56329702 2.51490817 -9.82339674
v 3.44561919 2.54086223 -10.15803931
v 3.27032399 2.58798178 -10.52277111
v 3.53224565 2.52489054 -9.81451777
v 3.42752032 2.56756874 -10.14947162
v 3.27032399 2.62259805 -10.51978884
v 3.53224565 2.55960859 -9.81316220
v 3.44561919 2.59571828 -10.15460728
v 3.29916208 2.63493647 -10.53307950
v 3.47490377 2.58640914 -10.16634897
v 3.56329702 2.57108315 -9.82120337
v 0.56874621 3.03548154 -14.08662837
v 1.05139623 2.99360269 -13.71253944
v 0.78441791 3.00338832 -13.94370570
v 0.56353277 3.00693293 -14.06999047
v 1.03992666 2.96458309 -13.70048397
v 0.77121861 2.99174431 -13.91888291
v 0.55509724 3.01691531 -14.04087639
v 1.02136850 2.97363870 -13.67615239
v 0.76306100 3.01845082 -13.90142047
v 0.55509724 3.05163335 -14.03952082
v 1.02136850 3.00825498 -13.67317012
v 0.77121861 3.04660036 -13.91545088
v 0.56353277 3.06310791 -14.06779710
v 0.78441791 3.03729122 -13.94158459
v 1.03992666 3.02059340 -13.69565856
v 3.89872460 2.53822429 -5.98699579
v 3.86813717 2.53806964 -7.47777477
v 3.86890809 2.53752625 -6.96650458
v 3.86568878 2.52746962 -5.98584998
v 3.83517773 2.52731496 -7.47525399
v 3.84896403 2.50999086 -6.96539652
v 3.86568878 2.49266676 -5.98584998
v 3.83517773 2.49251211 -7.47525399
v 3.86890809 2.48245547 -6.96650458
v 3.89872460 2.48191208 -5.98699579
v 3.86813717 2.48175743 -7.47777477
v 3.90117827 2.49297306 -6.96829746
v 3.91914187 2.51006819 -5.98770394
v 3.90117827 2.52700867 -6.96829746
v 3.88850722 2.50991354 -7.47933270
v 3.03800115 2.78102584 12.25807276
v 3.45529925 2.67783883 11.59362435
v 3.02155200 2.75163283 12.25128112
v 3.25151570 2.71281082 11.93258506
v 3.43757157 2.64844582 11.58811125
v 2.99493672 2.75970704 12.23185147
v 3.22411377 2.69984662 11.91779317
v 3.40888757 2.65652002 11.57075031
v 2.99493672 2.79409018 12.22663492
v 3.20717845 2.72544577 11.90337967
v 3.40888757 2.69090317 11.56553376
v 3.25151570 2.74642229 11.92731346
v 3.02155200 2.80726593 12.24284056
v 3.22411377 2.75423112 11.90926353
v 3.43757157 2.70407891 11.57967069
v 3.87161195 2.53997114 9.47775004
v 3.73928048 2.59136394 10.98052806
v 3.81438599 2.54458912 10.47142596
v 3.85206498 2.51140273 9.47591234
v 3.72082508 2.56230077 10.97648512
v 3.78431921 2.53280877 10.46405248
v 3.82043733 2.52126392 9.47012536
v 3.69096362 2.57108977 10.96375377
v 3.76573692 2.55934481 10.45677459
v 3.82043733 2.55592687 9.46838651
v 3.69096362 2.60558483 10.95992829
v 3.78431921 2.58752534 10.45965009
v 3.85206498 2.56748857 9.47309882
v 3.81438599 2.57840582 10.46870513
v 3.72082508 2.61811496 10.97029538
v 2.56085856 2.87089738 12.71804386
v 1.95981562 2.90778863 12.97159783
v 2.31298119 2.90394444 12.87949833
v 2.58037643 2.88342750 12.73875453
v 1.96868738 2.91935033 12.99906603
v 2.32686307 2.89482493 12.90473827
v 2.59243914 2.85667648 12.75537990
v 1.97417043 2.89183290 13.01778117
v 2.32686307 2.86100823 12.90745909
v 2.58037643 2.82761331 12.74494427
v 1.96868738 2.86326449 13.00187955
v 2.31298119 2.84922788 12.88390072
v 2.56085856 2.83640231 12.72186933
v 2.30440171 2.87576391 12.86662002
v 1.95981562 2.87312568 12.97333668
v -0.77459376 2.88716532 13.07650699
v 0.78638552 2.88716532 13.07650699
v 5.8958781e-3 2.87882893 13.10422722
v -0.77636811 2.87658934 13.10869515
v 0.78815987 2.87658934 13.10869515
v 5.8958781e-3 2.88942544 13.13604629
v -0.77746472 2.90482791 13.12824076
v 0.78925648 2.90482791 13.12824076
v 5.8958781e-3 2.92344737 13.13587624
v -0.77636811 2.93285627 13.10813244
v 0.78815987 2.93285627 13.10813244
v 5.8958781e-3 2.93387757 13.10395207
v -0.77459376 2.92194020 13.07615922
v 5.8958781e-3 2.90630186 13.08439189
v 0.78638552 2.92194020 13.07615922
v -0.17799925 3.04734579 -14.20821527
v 0.18979101 3.04734579 -14.20821527
v 5.8958781e-3 3.03180123 -14.21738010
v -0.17695656 3.01911119 -14.18852241
v 0.18874832 3.01911119 -14.18852241
v 5.8958781e-3 3.02121325 -14.18548200
v -0.17526946 3.02971140 -14.15622001
v 0.18706121 3.02971140 -14.15622001
v 5.8958781e-3 3.04869683 -14.16563532
v -0.17526946 3.06449730 -14.15594889
v 0.18706121 3.06449730 -14.15594889
v 5.8958781e-3 3.07627060 -14.18526750
v -0.17695656 3.07539595 -14.18808373
v 5.8958781e-3 3.06582854 -14.21724753
v 0.18874832 3.07539595 -14.18808373
v -3.91221541 2.52718909 -1.52173644
v -3.90276202 2.53312424 4.98436307
v -3.91221541 2.49315348 -1.52173644
v -3.90276202 2.49911600 4.98470318
v -3.87985807 2.48263590 -1.52151232
v -3.87068011 2.48844057 4.98378149
v -3.85986013 2.51017129 -1.52137382
v -3.85085240 2.51585104 4.98287175
v -3.87985807 2.53770668 -1.52151232
v -3.87068011 2.54346706 4.98323119
v -1.78395260 2.90188392 -12.81841541
v -2.67543208 2.74768865 -11.57163881
v -1.78395260 2.86809713 -12.82239249
v -2.67543208 2.71390186 -11.57561589
v -1.75920391 2.85546751 -12.80417333
v -2.64867273 2.70127224 -11.55919573
v -1.74390838 2.88144876 -12.78893619
v -2.63213455 2.72725349 -11.54507043
v -1.75920391 2.91013568 -12.79773828
v -2.64867273 2.75594041 -11.55276068
v -3.69710796 2.53350072 -9.05581711
v -3.80325545 2.52682824 -8.18267055
v -3.69710796 2.49948170 -9.05608225
v -3.80325545 2.49279263 -8.18267055
v -3.66529814 2.48882332 -9.05164085
v -3.77107243 2.48227505 -8.17930889
v -3.64563859 2.51625509 -9.04863078
v -3.75118223 2.50981043 -8.17723128
v -3.66529814 2.54386725 -9.05121185
v -3.77107243 2.53734582 -8.17930889
v -3.56489652 2.52634108 -9.82661140
v -3.29980707 2.59071262 -10.54307965
v -3.53452969 2.51511949 -9.81874750
v -3.27160473 2.57864621 -10.53008200
v -3.51576196 2.54213683 -9.81256165
v -3.25417473 2.60504189 -10.51913248
v -3.53452969 2.57005606 -9.81660248
v -3.27160473 2.63342174 -10.52536296
v -3.56489652 2.56029375 -9.82528570
v -3.29980707 2.62456576 -10.54016313
v -1.03613832 2.97636955 -13.70962535
v -0.55537893 3.01836585 -14.08193175
v -1.01798928 2.96430313 -13.68763269
v -0.54712937 3.00714425 -14.05427883
v -1.00677256 2.99069882 -13.67112395
v -0.54203086 3.03416159 -14.03586270
v -1.01798928 3.01907867 -13.68291366
v -0.54712937 3.06208083 -14.05213382
v -1.03613832 3.01022269 -13.70670883
v -0.55537893 3.05231852 -14.08060605
v -3.43815011 2.69417499 11.58813210
v -3.02123839 2.79736200 12.25219413
v -3.43815011 2.66054984 11.59323365
v -3.02123839 2.76373685 12.25729568
v -3.41009847 2.64766456 11.57940838
v -2.99520986 2.75085157 12.24144730
v -3.39276160 2.67332617 11.56576234
v -2.97912334 2.77651318 12.22655090
v -3.41009847 2.70207119 11.57115390
v -2.99520986 2.80525821 12.23319281
v -3.72191142 2.57414726 10.98024155
v -3.85391301 2.52286294 9.47761981
v -3.69270827 2.56189337 10.97010301
v -3.82298260 2.51155613 9.47301138
v -3.67465973 2.58805465 10.96009592
v -3.80386656 2.53846692 9.46846270
v -3.69270827 2.61647711 10.96404973
v -3.82298260 2.56640552 9.47025989
v -3.72191142 2.60788187 10.97650041
v -3.85391301 2.55676173 9.47591929
v -1.95204549 2.91826728 12.98378661
v -2.55791439 2.88178965 12.72685411
v -1.96072167 2.90862349 13.01170024
v -2.57700198 2.87319441 12.74942035
v -1.96072167 2.87472470 13.01340076
v -2.57700198 2.83945981 12.75316149
v -1.95204549 2.86341789 12.98653810
v -2.55791439 2.82720591 12.73290739
v -1.94668332 2.89032868 12.96823555
v -2.54611761 2.85336720 12.71664854
v 3.91455378 2.53312424 4.98436307
v 3.92400716 2.52718909 -1.52173644
v 3.91455378 2.49911600 4.98470318
v 3.92400716 2.49315348 -1.52173644
v 3.88247187 2.48844057 4.98378149
v 3.89164982 2.48263590 -1.52151232
v 3.86264416 2.51585104 4.98287175
v 3.87165189 2.51017129 -1.52137382
v 3.88247187 2.54346706 4.98323119
v 3.89164982 2.53770668 -1.52151232
v 2.68722384 2.74768865 -11.57163881
v 1.79574436 2.90188392 -12.81841541
v 2.68722384 2.71390186 -11.57561589
v 1.79574436 2.86809713 -12.82239249
v 2.66046449 2.70127224 -11.55919573
v 1.77099567 2.85546751 -12.80417333
v 2.64392630 2.72725349 -11.54507043
v 1.75570014 2.88144876 -12.78893619
v 2.66046449 2.75594041 -11.55276068
v 1.77099567 2.91013568 -12.79773828
v 3.81504720 2.52682824 -8.18267055
v 3.70889971 2.53350072 -9.05581711
v 3.81504720 2.49279263 -8.18267055
v 3.70889971 2.49948170 -9.05608225
v 3.78286418 2.48227505 -8.17930889
v 3.67708989 2.48882332 -9.05164085
v 3.76297398 2.50981043 -8.17723128
v 3.65743034 2.51625509 -9.04863078
v 3.78286418 2.53734582 -8.17930889
v 3.67708989 2.54386725 -9.05121185
v 3.31159883 2.59071262 -10.54307965
v 3.57668827 2.52634108 -9.82661140
v 3.28339649 2.57864621 -10.53008200
v 3.54632145 2.51511949 -9.81874750
v 3.26596649 2.60504189 -10.51913248
v 3.52755371 2.54213683 -9.81256165
v 3.28339649 2.63342174 -10.52536296
v 3.54632145 2.57005606 -9.81660248
v 3.31159883 2.62456576 -10.54016313
v 3.57668827 2.56029375 -9.82528570
v 0.56717069 3.01836585 -14.08193175
v 1.04793007 2.97636955 -13.70962535
v 0.55892112 3.00714425 -14.05427883
v 1.02978104 2.96430313 -13.68763269
v 0.55382261 3.03416159 -14.03586270
v 1.01856432 2.99069882 -13.67112395
v 0.55892112 3.06208083 -14.05213382
v 1.02978104 3.01907867 -13.68291366
v 0.56717069 3.05231852 -14.08060605
v 1.04793007 3.01022269 -13.70670883
v 3.88066414 2.53760357 -5.98636938
v 3.85011847 2.53744892 -7.47639668
v 3.86069699 2.51006819 -5.98567684
v 3.83019749 2.50991354 -7.47487309
v 3.88066414 2.48253280 -5.98636938
v 3.85011847 2.48237815 -7.47639668
v 3.91297168 2.49305038 -5.98748993
v 3.88235130 2.49289573 -7.47886189
v 3.91297168 2.52708599 -5.98748993
v 3.88235130 2.52693134 -7.47886189
v 3.03303014 2.79736200 12.25219413
v 3.44994187 2.69417499 11.58813210
v 3.03303014 2.76373685 12.25729568
v 3.44994187 2.66054984 11.59323365
v 3.00700161 2.75085157 12.24144730
v 3.42189022 2.64766456 11.57940838
v 2.99091509 2.77651318 12.22655090
v 3.40455335 2.67332617 11.56576234
v 3.00700161 2.80525821 12.23319281
v 3.42189022 2.70207119 11.57115390
v 3.86570477 2.52286294 9.47761981
v 3.73370317 2.57414726 10.98024155
v 3.83477436 2.51155613 9.47301138
v 3.70450002 2.56189337 10.97010301
v 3.81565832 2.53846692 9.46846270
v 3.68645148 2.58805465 10.96009592
v 3.83477436 2.56640552 9.47025989
v 3.70450002 2.61647711 10.96404973
v 3.86570477 2.55676173 9.47591929
v 3.73370317 2.60788187 10.97650041
v 2.56970614 2.88178965 12.72685411
v 1.96383725 2.91826728 12.98378661
v 2.58879373 2.87319441 12.74942035
v 1.97251342 2.90862349 13.01170024
v 2.58879373 2.83945981 12.75316149
v 1.97251342 2.87472470 13.01340076
v 2.56970614 2.82720591 12.73290739
v 1.96383725 2.86341789 12.98653810
v 2.55790936 2.85336720 12.71664854
v 1.95847507 2.89032868 12.96823555
v -0.77539809 2.87711659 13.09115065
v 0.78718984 2.87711659 13.09115065
v -0.77713332 2.88779202 13.12241901
v 0.78892508 2.88779202 13.12241901
v -0.77713332 2.92180027 13.12207891
v 0.78892508 2.92180027 13.12207891
v -0.77539809 2.93214309 13.09060035
v 0.78718984 2.93214309 13.09060035
v -0.77432565 2.90452706 13.07148563
v 0.78611741 2.90452706 13.07148563
v -0.17768415 3.03030841 -14.20233029
v 0.18947590 3.03030841 -14.20233029
v -0.17603423 3.01965002 -14.17090387
v 0.18782599 3.01965002 -14.17090387
v -0.17501453 3.04708180 -14.15121614
v 0.18680629 3.04708180 -14.15121614
v -0.17603423 3.07469396 -14.17047487
v 0.18782599 3.07469396 -14.17047487
v -0.17768415 3.06432743 -14.20206515
v 0.18947590 3.06432743 -14.20206515
v -3.91739752 2.51016198 -3.28724042
v -3.89695163 2.48200587 -3.28715212
v -3.86386947 2.49276055 -3.28700925
v -3.86386947 2.52756341 -3.28700925
v -3.89695163 2.53831808 -3.28715212
v -3.91121868 2.52717978 -3.28721373
v -3.91121868 2.49314417 -3.28721373
v -3.87886584 2.48262659 -3.28707401
v -3.85887068 2.51016198 -3.28698766
v -3.87886584 2.53769736 -3.28707401
v 3.88506532 2.75114291 8.38337357
v 3.88105261 2.75114291 8.39509374
v 3.87091731 2.75114291 8.40221695
v 3.85853077 2.75114291 8.40202237
v 3.84862422 2.75114291 8.39458432
v 3.84498162 2.75114291 8.38274388
v 3.84899434 2.75114291 8.37102371
v 3.85912963 2.75114291 8.36390050
v 3.87151618 2.75114291 8.36409508
v 3.88142273 2.75114291 8.37153313
v 3.88506532 2.27498099 8.38337357
v 3.88105261 2.27498099 8.39509374
v 3.87091731 2.27498099 8.40221695
v 3.85853077 2.27498099 8.40202237
v 3.84862422 2.27498099 8.39458432
v 3.84498162 2.27498099 8.38274388
v 3.84899434 2.27498099 8.37102371
v 3.85912963 2.27498099 8.36390050
v 3.87151618 2.27498099 8.36409508
v 3.88142273 2.27498099 8.37153313
v 2.23740438 3.11694799 12.93195285
v 2.22553508 3.11694799 12.93550026
v 2.21384750 3.11694799 12.93139358
v 2.20680589 3.11694799 12.92120142
v 2.20709992 3.11694799 12.90881684
v 2.21461726 3.11694799 12.89897032
v 2.22648656 3.11694799 12.89542291
v 2.23817414 3.11694799 12.89952959
v 2.24521574 3.11694799 12.90972175
v 2.24492172 3.11694799 12.92210633
v 2.23740438 2.64078607 12.93195285
v 2.22553508 2.64078607 12.93550026
v 2.21384750 2.64078607 12.93139358
v 2.20680589 2.64078607 12.92120142
v 2.20709992 2.64078607 12.90881684
v 2.21461726 2.64078607 12.89897032
v 2.22648656 2.64078607 12.89542291
v 2.23817414 2.64078607 12.89952959
v 2.24521574 2.64078607 12.90972175
v 2.24492172 2.64078607 12.92210633
v 2.92186872 5.75480028 10.68364963
v 2.92176698 5.72662356 10.70405879
v 2.92134894 5.73733356 10.73708150
v 2.92119231 5.77212942 10.73708150
v 2.92151356 5.78292445 10.70405879
v -2.93569434 5.75329224 10.68265376
v 2.92187627 5.73777795 10.68981737
v -2.93543920 5.72513614 10.70310250
v 2.92156210 5.72722091 10.72211208
v -2.93502637 5.73589081 10.73618925
v 2.92121477 5.75472507 10.74207131
v -2.93502637 5.77069367 10.73618925
v 2.92172310 5.77180672 10.68981737
v 2.92131427 5.78228061 10.72211208
v -2.93543920 5.78144834 10.70310250
v -2.93561724 5.77031005 10.68883346
v -2.93561724 5.73627444 10.68883346
v -2.93521351 5.72575685 10.72119080
v -2.93496399 5.75329224 10.74118874
v -2.93521351 5.78082763 10.72119080
v 2.99712930 5.74875785 10.65138121
v 2.97672014 5.72058113 10.65122397
v 2.94369743 5.73129113 10.65057786
v 2.94369743 5.76608700 10.65033579
v 2.97672014 5.77688202 10.65083229
v 2.99812517 5.74724982 1.55577915
v 2.99096156 5.73173553 10.65139288
v 2.97767643 5.71909371 1.55617348
v 2.95866685 5.72117848 10.65090732
v 2.94458968 5.72984839 1.55681152
v 2.93870762 5.74868264 10.65037050
v 2.94458968 5.76465125 1.55681152
v 2.99096156 5.76576430 10.65115614
v 2.95866685 5.77623819 10.65052428
v 2.97767643 5.77540592 1.55617348
v 2.99194547 5.76426762 1.55589831
v 2.99194547 5.73023201 1.55589831
v 2.95958813 5.71971443 1.55652229
v 2.93959020 5.74724982 1.55690793
v 2.95958813 5.77478520 1.55652229
v 1.98323904 5.75738813 1.01360948
v 1.98316991 5.72921141 1.03401864
v 1.98288584 5.73992141 1.06704135
v 1.98277942 5.77471727 1.06704135
v 1.98299771 5.78551230 1.03401864
v -1.99705229 5.75588010 1.01261361
v 1.98324417 5.74036581 1.01977722
v -1.99687891 5.72772399 1.03306235
v 1.98303069 5.72980876 1.05207193
v -1.99659839 5.73847867 1.06614910
v 1.98279468 5.75731292 1.07203115
v -1.99659839 5.77328152 1.06614910
v 1.98314009 5.77439457 1.01977722
v 1.98286229 5.78486847 1.05207193
v -1.99687891 5.78403620 1.03306235
v -1.99699989 5.77289790 1.01879331
v -1.99699989 5.73886229 1.01879331
v -1.99672555 5.72834471 1.05115065
v -1.99655600 5.75588010 1.07114858
v -1.99672555 5.78341548 1.05115065
v -2.95050028 5.74875785 10.65138121
v -2.97090944 5.72058113 10.65122397
v -3.00393215 5.73129113 10.65057786
v -3.00393215 5.76608700 10.65033579
v -2.97090944 5.77688202 10.65083229
v -2.94950441 5.74724982 1.55577915
v -2.95666802 5.73173553 10.65139288
v -2.96995315 5.71909371 1.55617348
v -2.98896273 5.72117848 10.65090732
v -3.00303990 5.72984839 1.55681152
v -3.00892196 5.74868264 10.65037050
v -3.00303990 5.76465125 1.55681152
v -2.95666802 5.76576430 10.65115614
v -2.98896273 5.77623819 10.65052428
v -2.96995315 5.77540592 1.55617348
v -2.95568411 5.76426762 1.55589831
v -2.95568411 5.73023201 1.55589831
v -2.98804145 5.71971443 1.55652229
v -3.00803939 5.74724982 1.55690793
v -2.98804145 5.77478520 1.55652229
v -3.07969956 2.07583378 10.83843879
v -3.07969956 5.52449866 10.83843879
v 3.07969956 5.52449866 10.83843879
v 3.07969956 2.07583378 10.83843879
v -3.07969956 2.07583378 1.75156533
v -3.07969956 5.52449866 1.40103399
v 3.07969956 5.52449866 1.40103399
v 3.07969956 2.07583378 1.75156533
v -3.07969956 3.80016622 1.75156533
v 3.07969956 3.80016622 1.75156533
v -2.10240823 2.07583378 1.25779137
v 2.10240823 2.07583378 1.25779137
v -2.10240823 5.52449866 0.90726003
v 2.10240823 5.52449866 0.90726003
v -2.10240823 3.80016622 1.25779137
v 2.10240823 3.80016622 1.25779137
v -2.86412059 5.52449866 10.62285982
v 2.86412059 5.52449866 10.62285982
v 2.86412059 5.52449866 1.53364591
v 2.05103999 5.52449866 1.12283900
v -2.05103999 5.52449866 1.12283900
v -2.86412059 5.52449866 1.53364591
v -2.86412059 5.39521582 10.62285982
v 2.86412059 5.39521582 10.62285982
v 2.86412059 5.39521582 1.53364591
v 2.05103999 5.39521582 1.12283900
v -2.05103999 5.39521582 1.12283900
v -2.86412059 5.39521582 1.53364591
v -0.40429519 2.27609236 1.46221694
v -0.27442067 2.14621783 1.46221694
v 0.30931996 2.14621783 1.46221694
v 0.43919449 2.27609236 1.46221694
v 0.43919449 3.41774586 1.46221694
v 0.30931996 3.54762039 1.46221694
v -0.40429519 3.41774586 1.46221694
v -0.27442067 3.54762039 1.46221694
v 0.30497865 2.14621783 1.25779137
v 0.56461217 2.14074097 1.25779137
v 0.43485318 2.27609236 1.25779137
v -0.40201313 2.27609236 1.25779137
v -0.53177654 2.14084657 1.25779137
v -0.27213860 2.14621783 1.25779137
v -0.27213860 3.54862636 1.25779137
v -0.53048951 3.56763190 1.25779137
v -0.40201313 3.41875183 1.25779137
v 0.43485318 3.41875183 1.25779137
v 0.30497865 3.54862636 1.25779137
v 0.56327488 3.56799794 1.25779137
v -2.77057810 5.01507496 1.31384516
v -2.41152969 5.01507496 1.13243686
v -2.41152969 4.41702470 1.34498020
v -2.77057810 4.41702470 1.52638850
v -2.61553739 4.92274787 1.52893431
v -2.61553739 4.41215802 1.72036343
v -2.30032981 4.41215802 1.55248028
v -2.30032981 4.92274787 1.36105116
v -1.75747184 5.01585991 0.97597506
v 1.75747184 5.01585991 0.97597506
v 1.75747184 4.41623975 1.18907634
v -1.75747184 4.41623975 1.18907634
v 2.77057810 5.01507496 1.31384516
v 2.77057810 4.41702470 1.52638850
v 2.41152969 4.41702470 1.34498020
v 2.41152969 5.01507496 1.13243686
v 1.64945664 4.92369198 1.19775179
v -1.64945664 4.92369198 1.19775179
v -1.64945664 4.41121391 1.38988884
v 1.64945664 4.41121391 1.38988884
v 2.61553739 4.92274787 1.52893431
v 2.30032981 4.92274787 1.36105116
v 2.30032981 4.41215802 1.55248028
v 2.61553739 4.41215802 1.72036343
v 1.25533703 5.01585991 0.97597506
v 0.75320222 5.01585991 0.97597506
v 0.25106741 5.01585991 0.97597506
v -0.25106741 5.01585991 0.97597506
v -0.75320222 5.01585991 0.97597506
v -1.25533703 5.01585991 0.97597506
v -1.25533703 4.41623975 1.18907634
v -0.75320222 4.41623975 1.18907634
v -0.25106741 4.41623975 1.18907634
v 0.25106741 4.41623975 1.18907634
v 0.75320222 4.41623975 1.18907634
v 1.25533703 4.41623975 1.18907634
v -1.17818331 4.92369198 1.19775179
v -0.70690999 4.92369198 1.19775179
v -0.23563666 4.92369198 1.19775179
v 0.23563666 4.92369198 1.19775179
v 0.70690999 4.92369198 1.19775179
v 1.17818331 4.92369198 1.19775179
v 1.17818331 4.41121391 1.38988884
v 0.70690999 4.41121391 1.38988884
v 0.23563666 4.41121391 1.38988884
v -0.23563666 4.41121391 1.38988884
v -0.70690999 4.41121391 1.38988884
v -1.17818331 4.41121391 1.38988884
vt -9.05301664 -7.2646331e-2
vt -9.05228643 -4.4677266e-2
vt -9.05183287 -1.6715568e-2
vt -9.05174154 6.7264381e-2
vt -9.05173858 3.9268911e-2
vt -9.05163928 1.1282218e-2
vt -9.05163747 9.5267888e-2
vt -9.05136486 0.12323797
vt -9.05075793 0.15121981
vt -9.05006785 0.17913369
vt -9.04929733 0.20706129
vt -8.39299698 5.04401388
vt -8.37889284 5.06938967
vt -8.36487227 5.09480906
vt -8.35110010 5.12038079
vt -8.33764095 5.14611580
vt -8.32447415 5.17198628
vt -8.31138607 5.19789652
vt -8.29819902 5.22376730
vt -8.28475008 5.24950807
vt -8.27096474 5.27506136
vt -8.25695595 5.30049428
vt -4.01828523 0.49347898
vt -4.01602500 0.52235118
vt -4.01361439 0.55124966
vt -4.01101955 0.58015665
vt -4.00820960 0.60902149
vt -4.00530065 0.63784018
vt -4.00240434 0.66665987
vt -3.99962386 0.69552526
vt -3.99706592 0.72444188
vt -3.99488250 0.81394667
vt -3.99468574 0.75335458
vt -3.99243640 0.78223096
vt -3.99095513 0.84264301
vt -3.98702093 0.87131583
vt -3.98293553 0.90000915
vt -3.97866467 0.92870731
vt -3.97418333 0.95735011
vt -3.96959898 0.98596411
vt -3.96502911 1.01457633
vt -3.96057114 1.04324802
vt -3.95633331 1.07198288
vt -3.95227590 1.10070528
vt -3.61957993 0.14432000
vt -3.60147881 0.20840417
vt -3.59805665 8.1026961e-2
vt -3.59153805 0.60205668
vt -3.56788293 0.21251431
vt -3.55669117 0.25741671
vt -3.55180420 0.27629114
vt -3.54782550 0.55097992
vt -3.54516479 0.14959629
vt -3.50899213 0.32505698
vt -3.50399665 0.61777064
vt -3.49863130 0.29005180
vt -3.49753799 0.10282999
vt -3.49013590 0.51666448
vt -3.45317958 0.35711286
vt -3.45213963 0.33704763
vt -3.44678661 0.58321800
vt -3.44391059 0.46905671
vt -3.43070934 0.40300911
vt -3.40338266 0.40330439
vt -3.39962874 0.53505147
vt -3.38508940 0.46884755
vt -2.89210844 -4.1781946e-2
vt -2.89210844 -1.9611005e-2
vt -2.89208074 -6.2985695e-2
vt -2.89208074 -4.0814755e-2
vt -2.89164868 -6.1138622e-3
vt -2.89164868 5.1948828e-2
vt -2.89137373 -2.7172164e-2
vt -2.89137373 3.0890526e-2
vt -2.89121549 -8.4028010e-2
vt -2.89121549 -6.1857069e-2
vt -2.89115907 -2.0750556e-2
vt -2.89115907 1.4203842e-3
vt -2.89038728 0.14776374
vt -2.89038728 0.12559280
vt -2.89025371 -4.8346330e-2
vt -2.89025371 9.7163598e-3
vt -2.88966259 3.2253834e-5
vt -2.88966259 2.2203194e-2
vt -2.88892613 0.12700982
vt -2.88892613 0.10483888
vt -2.88827528 4.2964803e-2
vt -2.88827528 2.0793863e-2
vt -2.88816740 -6.9295505e-2
vt -2.88816740 -1.1232815e-2
vt -2.88748242 0.10625024
vt -2.88748242 8.4079299e-2
vt -2.88695563 6.3970331e-2
vt -2.88695563 4.1799390e-2
vt -2.88678759 8.5176969e-2
vt -2.88678759 6.3006029e-2
vt -2.88554823 -8.9966852e-2
vt -2.88554823 -3.1904162e-2
vt -2.88401411 0.25013204
vt -2.88401411 0.30505648
vt -2.88303921 -0.11062294
vt -2.88303921 -5.2560248e-2
vt -2.88263497 0.27129785
vt -2.88263497 0.32622229
vt -2.88131270 0.29247141
vt -2.88131270 0.34739586
vt -2.88058455 -0.13152625
vt -2.88058455 -7.3463556e-2
vt -2.88019596 0.31367016
vt -2.88019596 0.36859460
vt -2.87947578 -0.21538257
vt -2.87947578 -0.15731988
vt -2.87926893 -0.15269270
vt -2.87926893 -9.4630014e-2
vt -2.87926454 0.33487741
vt -2.87926454 0.38980185
vt -2.87914010 -0.19457998
vt -2.87914010 -0.13651729
vt -2.87882213 -0.17377269
vt -2.87882213 -0.11571000
vt -2.87853964 0.35608550
vt -2.87853964 0.41100994
vt -2.87764607 0.37727908
vt -2.87764607 0.43220352
vt -2.87670281 0.39847725
vt -2.87670281 0.45340169
vt -2.87560935 0.41967450
vt -2.87560935 0.47459894
vt -2.87430883 0.44086088
vt -2.87430883 0.49578532
vt -2.87285905 0.46202814
vt -2.87285905 0.51695258
vt -2.40089942 0.25735969
vt -2.40048419 0.28379176
vt -2.40022757 0.31022051
vt -2.40008084 0.23094419
vt -2.40002583 0.33664278
vt -2.39998331 0.36305008
vt -2.39995774 0.38945261
vt -2.39934582 0.20453156
vt -2.39856621 0.17812065
vt -2.39782418 0.15171319
vt -2.39703799 0.12531725
vt -2.36272145 0.28322532
vt -2.36226467 0.31022493
vt -2.36197798 0.33721951
vt -2.36180208 0.25624504
vt -2.36174733 0.36420647
vt -2.36168744 0.39117747
vt -2.36164485 0.41814346
vt -2.36097620 0.22926885
vt -2.36010477 0.20229549
vt -2.35927988 0.17532611
vt -2.35840993 0.14836895
vt -2.10656279 4.61458302
vt -2.09154507 4.77414832
vt -2.08065212 4.62748904
vt -2.07369570 4.75428394
vt -2.05947797 4.73163842
vt -2.05474713 4.64043179
vt -2.03963122 4.71597091
vt -2.02867352 4.65317930
vt -2.02039301 4.71526247
vt -2.01534782 4.79483659
vt -2.01256375 4.73637930
vt -2.01224486 4.76709068
vt -2.01180717 4.82243588
vt -2.00242534 4.66566127
vt -1.99581877 4.84720087
vt -1.97604035 4.67780145
vt -1.97110930 4.86313000
vt -1.94962611 4.68974157
vt -1.92323707 4.70162964
vt -1.89693172 4.71370811
vt -1.87080685 4.72624286
vt -1.84487394 4.73912623
vt -1.67909611 0.78175528
vt -1.67909611 0.75184596
vt -1.67907929 0.79658815
vt -1.67907929 0.76667883
vt -1.67865370 0.78131148
vt -1.67865370 0.81122080
vt -1.67860446 0.76684924
vt -1.67860446 0.73693992
vt -1.67820371 0.79595428
vt -1.67820371 0.82586360
vt -1.67754435 0.75209503
vt -1.67754435 0.72218571
vt -1.67646603 0.73749775
vt -1.67646603 0.70758843
vt -1.67535817 0.72288479
vt -1.67535817 0.69297547
vt -1.67469653 0.67832848
vt -1.67469653 0.64841916
vt -1.67456724 0.70808144
vt -1.67456724 0.67817212
vt -1.67438568 0.69315567
vt -1.67438568 0.66324635
vt -1.62188038 6.3368798e-3
vt -1.62188038 0.96157375
vt -1.39803982 0.82815276
vt -1.39773332 0.84683703
vt -1.39772782 0.80890920
vt -1.39638982 0.78962139
vt -1.39445239 0.77092632
vt -1.39207464 0.75277912
vt -1.38968718 0.73430222
vt -1.38824773 0.65857854
vt -1.38802080 0.71505066
vt -1.38758728 0.67691204
vt -1.38730003 0.69566823
vt -1.33200438 0.93183227
vt -1.31952359 0.83984448
vt -1.30262904 0.74809381
vt -1.28525445 0.65875792
vt -1.28189360 0.11111822
vt -1.28189360 2.3710464e-2
vt -1.28187790 9.8301067e-2
vt -1.28187790 1.0893308e-2
vt -1.28181458 3.6524822e-2
vt -1.28181458 0.12393258
vt -1.28176805 8.5489472e-2
vt -1.28176805 -1.9182875e-3
vt -1.28175055 2.1375911e-2
vt -1.28175055 -6.6031848e-2
vt -1.28164163 4.9330229e-2
vt -1.28164163 0.13673799
vt -1.28162811 7.2676940e-2
vt -1.28162811 -1.4730819e-2
vt -1.28158588 3.4201478e-2
vt -1.28158588 -5.3206281e-2
vt -1.28152467 5.9858719e-2
vt -1.28152467 -2.7549040e-2
vt -1.28149654 4.7030404e-2
vt -1.28149654 -4.0377355e-2
vt -1.28144006 6.2130225e-2
vt -1.28144006 0.14953798
vt -1.26024078 0.56759514
vt -1.25212782 0.48537065
vt -1.23589389 0.40547839
vt -1.22348912 0.33263620
vt -1.21054864 0.26022029
vt -1.19690710 0.93053536
vt -1.19594334 0.18860507
vt -1.19098704 0.83805780
vt -1.18145394 0.11745241
vt -1.16688351 4.6511289e-2
vt -1.07625894 0.82815276
vt -1.07595244 0.84683703
vt -1.07594694 0.80890920
vt -1.07460893 0.78962139
vt -1.07267151 0.77092632
vt -1.07029375 0.75277912
vt -1.06899324 0.83759283
vt -1.06790629 0.73430222
vt -1.06646685 0.65857854
vt -1.06623991 0.71505066
vt -1.06580640 0.67691204
vt -1.06551915 0.69566823
vt -1.06463326 0.75410467
vt -1.05695249 0.67225685
vt -1.04927337 0.59656970
vt -1.03928556 0.51902083
vt -1.03568947 9.7757175e-3
vt -1.03568947 0.99022428
vt -1.01907535 0.32992855
vt -1.01907535 0.36494373
vt -1.01852279 0.38300435
vt -1.01852279 0.34798917
vt -1.01767985 0.40128408
vt -1.01767985 0.36626890
vt -1.01658729 0.41955321
vt -1.01658729 0.38453803
vt -1.01519396 0.43758693
vt -1.01519396 0.40257175
vt -1.01354772 0.45539187
vt -1.01354772 0.42037669
vt -1.01212319 0.47333088
vt -1.01212319 0.43831570
vt -1.01096730 0.49158785
vt -1.01096730 0.45657267
vt -1.01017729 0.50989137
vt -1.01017729 0.47487619
vt -1.00999419 0.52798463
vt -1.00999419 0.49296945
vt -1.00998866 0.54592475
vt -1.00998866 0.51090957
vt -0.98108885 0.83678340
vt -0.97402589 0.93090160
vt -0.95031292 0.91307303
vt -0.91965686 0.98869782
vt -0.87340255 0.42029125
vt -0.86162165 0.48305809
vt -0.86112559 0.33995352
vt -0.84997444 0.82530028
vt -0.84961059 0.85067041
vt -0.84845577 0.25945431
vt -0.84067302 0.43750678
vt -0.83518535 0.17888271
vt -0.83047450 0.79531520
vt -0.82905801 0.81050576
vt -0.82867533 0.59147761
vt -0.82776498 0.82549869
vt -0.82494533 0.64740209
vt -0.82165203 9.8156021e-2
vt -0.82138354 0.39366183
vt -0.82125092 0.70330143
vt -0.81928184 0.80854722
vt -0.81804604 0.82319000
vt -0.81790697 0.54380617
vt -0.81763141 0.75919707
vt -0.81690249 0.92559652
vt -0.81076486 0.79193431
vt -0.80984215 0.80616758
vt -0.80787307 1.7730637e-2
vt -0.80468395 0.35349480
vt -0.79737445 0.34972743
vt -0.79733514 0.37061846
vt -0.79732889 0.49687090
vt -0.79699046 0.32852744
vt -0.79687973 0.39145436
vt -0.79619035 0.47612521
vt -0.79593997 0.41260760
vt -0.79587935 0.30718059
vt -0.79547093 0.45529390
vt -0.79546291 0.43404039
vt -0.79432572 0.28612342
vt -0.79322783 0.82040707
vt -0.79274990 0.31666898
vt -0.79049881 0.36836578
vt -0.79027236 0.39084461
vt -0.78996934 0.34568540
vt -0.78904736 0.41299603
vt -0.78847215 0.32341076
vt -0.78789214 0.54678885
vt -0.78766340 0.28271245
vt -0.78741844 0.43500830
vt -0.78731142 0.52483218
vt -0.78672717 0.45736768
vt -0.78654961 0.50265744
vt -0.78653146 0.48009868
vt -0.77875435 0.71164419
vt -0.75387632 0.81359865
vt -0.74829458 0.78930531
vt -0.74553004 0.50546031
vt -0.74553004 0.53670499
vt -0.74529009 0.48572249
vt -0.74529009 0.51696717
vt -0.74514361 0.49665113
vt -0.74514361 0.46540645
vt -0.74497964 0.47546090
vt -0.74497964 0.44421621
vt -0.74466396 0.45436301
vt -0.74466396 0.42311833
vt -0.74407056 0.43412162
vt -0.74407056 0.40287694
vt -0.74272727 0.41436290
vt -0.74272727 0.38311822
vt -0.74111115 0.39399699
vt -0.74111115 0.36275231
vt -0.73943386 0.37301200
vt -0.73943386 0.34176732
vt -0.73777977 0.35221824
vt -0.73777977 0.32097356
vt -0.73681821 0.80354311
vt -0.73635128 0.33214223
vt -0.73635128 0.30089755
vt -0.73607725 0.81898005
vt -0.72230225 0.68745029
vt -0.72080254 0.64637328
vt -0.71492586 3.7120760e-2
vt -0.71480772 0.99231874
vt -0.70775056 0.79535433
vt -0.69345756 0.79718592
vt -0.69266584 0.81961132
vt -0.68503948 0.48485356
vt -0.67655871 0.88732192
vt -0.67639752 0.78866768
vt -0.67585912 0.86789510
vt -0.67541410 0.99263273
vt -0.67537209 3.7373609e-2
vt -0.67501361 0.84820833
vt -0.67388027 0.82827220
vt -0.67317439 0.43709193
vt -0.67257138 0.80859757
vt -0.67114658 0.78925668
vt -0.66974715 0.76979615
vt -0.66944114 6.3368798e-3
vt -0.66944114 0.96157375
vt -0.66855832 0.75035072
vt -0.66759670 0.73084463
vt -0.66689930 0.71166717
vt -0.66634625 0.69265611
vt -0.66157530 0.39002594
vt -0.65066333 0.34396234
vt -0.64734595 0.99022428
vt -0.64090796 0.29892879
vt -0.63556041 0.69198543
vt -0.63447475 0.79401286
vt -0.63329720 0.82067738
vt -0.63293206 0.25473623
vt -0.62719711 0.84414163
vt -0.58298385 0.77944082
vt -0.57608309 0.93034070
vt -0.56631564 0.59624261
vt -0.55746697 0.78262986
vt -0.55641152 0.64242776
vt -0.55641152 0.60687369
vt -0.55625215 0.82254145
vt -0.55552105 0.47827130
vt -0.55552105 0.44271723
vt -0.55513762 1.02367160
vt -0.55513762 1.09822071
vt -0.55495853 0.49992282
vt -0.55495853 0.46436875
vt -0.55386840 0.45689299
vt -0.55386840 0.42133892
vt -0.55286741 0.52038619
vt -0.55286741 0.48483212
vt -0.55273299 0.62320756
vt -0.55273299 0.58765349
vt -0.55081314 0.43696873
vt -0.55081314 0.40141467
vt -0.54996930 0.53963730
vt -0.54996930 0.50408324
vt -0.54943703 0.60298863
vt -0.54943703 0.56743456
vt -0.54792981 0.25531884
vt -0.54782872 0.23800842
vt -0.54781475 0.55957380
vt -0.54781475 0.52401974
vt -0.54771231 0.58118829
vt -0.54771231 0.54563422
vt -0.54769058 9.7757175e-3
vt -0.54769058 0.50000000
vt -0.54763543 0.27248575
vt -0.54732038 0.22079565
vt -0.54645831 0.20375305
vt -0.54542261 0.18675459
vt -0.54433919 0.16960297
vt -0.54356741 0.15229618
vt -0.54327586 1.04199381
vt -0.54327586 1.11654292
vt -0.54303606 0.13506754
vt -0.54288350 0.11802573
vt -0.54280971 0.10103620
vt -0.53820144 0.80031801
vt -0.53244851 1.06149178
vt -0.53244851 1.13604090
vt -0.52661240 0.76762025
vt -0.52421261 1.08310426
vt -0.52421261 1.15765337
vt -0.51882906 1.10562075
vt -0.51882906 1.18016986
vt -0.51621619 1.12794763
vt -0.51621619 1.20249675
vt -0.51554743 0.68364734
vt -0.51423604 1.15008602
vt -0.51423604 1.22463513
vt -0.51031371 1.17267610
vt -0.51031371 1.24722521
vt -0.50360406 1.19531397
vt -0.50360406 1.26986308
vt -0.49348366 1.21652875
vt -0.49348366 1.29107786
vt -0.48166221 1.23610043
vt -0.48166221 1.31064955
vt -0.47358381 0.54994441
vt -0.46478623 0.65135364
vt -0.46478623 0.69178714
vt -0.46444362 0.68442114
vt -0.46245362 0.66896177
vt -0.46245362 0.70939527
vt -0.46030670 0.68663050
vt -0.46030670 0.72706400
vt -0.45853124 0.70455096
vt -0.45853124 0.74498446
vt -0.45707244 0.72258305
vt -0.45707244 0.76301655
vt -0.45588056 0.74049486
vt -0.45588056 0.78092837
vt -0.45471924 0.75826610
vt -0.45471924 0.79869960
vt -0.45332211 0.77605885
vt -0.45332211 0.81649235
vt -0.45279451 0.64169732
vt -0.45159198 0.79399588
vt -0.45159198 0.83442938
vt -0.45131772 0.77810562
vt -0.44979390 0.82524405
vt -0.44944379 0.81197936
vt -0.44944379 0.85241286
vt -0.44759264 0.72564307
vt -0.44709522 0.82982177
vt -0.44709522 0.87025527
vt -0.41081602 0.62546674
vt -0.41061600 0.52520170
vt -0.41061600 0.49666183
vt -0.41043238 0.50130868
vt -0.41043238 0.47276882
vt -0.41026666 0.48775157
vt -0.40840562 0.65285811
vt -0.40840562 0.68139798
vt -0.40773780 0.51925359
vt -0.40773780 0.54779346
vt -0.40611930 0.47796593
vt -0.40611930 0.44942607
vt -0.40415366 0.73797053
vt -0.40288252 0.54046658
vt -0.40288252 0.56900644
vt -0.40229967 3.7651962e-3
vt -0.40186460 0.63211040
vt -0.40186460 0.66065027
vt -0.40122736 0.79404911
vt -0.39945361 0.45646599
vt -0.39945361 0.42792612
vt -0.39760674 0.56241543
vt -0.39760674 0.59095529
vt -0.39715986 0.97469704
vt -0.39677462 0.61010208
vt -0.39677462 0.63864194
vt -0.39545672 0.58620730
vt -0.39545672 0.61474717
vt -0.37663591 0.51440299
vt -0.37555246 9.7757175e-3
vt -0.37555246 0.99022428
vt -0.36704603 0.63740781
vt -0.36202753 0.72243752
vt -0.36039624 0.75381451
vt -0.35614400 0.68319461
vt -0.35608397 0.70128378
vt -0.35589295 0.71953566
vt -0.35541840 0.73779579
vt -0.35479360 0.75592830
vt -0.35477783 0.88732192
vt -0.35415665 0.86463561
vt -0.35407824 0.86789510
vt -0.35400726 0.77391604
vt -0.35393648 0.84662432
vt -0.35384800 0.79197697
vt -0.35379057 0.82850729
vt -0.35373632 0.81021266
vt -0.35323272 0.84820833
vt -0.35209939 0.82827220
vt -0.35079049 0.80859757
vt -0.35019989 0.67938810
vt -0.34969158 0.66170666
vt -0.34963154 0.67979583
vt -0.34944052 0.69804771
vt -0.34936570 0.78925668
vt -0.34896597 0.71630784
vt -0.34834117 0.73444035
vt -0.34796627 0.76979615
vt -0.34770423 0.84314766
vt -0.34755484 0.75242809
vt -0.34748406 0.82513637
vt -0.34739557 0.77048902
vt -0.34733815 0.80701934
vt -0.34728390 0.78872471
vt -0.34677743 0.75035072
vt -0.34581582 0.73084463
vt -0.34511841 0.71166717
vt -0.34456536 0.69265611
vt -0.33619817 0.75176196
vt -0.33418400 0.73224959
vt -0.33183070 0.71272970
vt -0.33124183 0.64225370
vt -0.32947123 0.69279380
vt -0.32730080 0.67265385
vt -0.32553573 0.65276356
vt -0.32411021 0.63319569
vt -0.32289158 0.61358813
vt -0.32162115 0.59363520
vt -0.32007058 0.57348157
vt -0.31827306 0.55357875
vt -0.31589732 0.76072593
vt -0.31511423 0.39795848
vt -0.31497292 0.37819812
vt -0.31491000 0.41815157
vt -0.31455359 0.43865567
vt -0.31444634 0.35854722
vt -0.31434032 0.82909204
vt -0.31417949 0.49873228
vt -0.31417572 0.45897850
vt -0.31407813 0.47894296
vt -0.31358026 0.33859779
vt -0.31259710 0.31831199
vt -0.31251104 0.75175412
vt -0.31241825 0.66298881
vt -0.31161999 0.29823972
vt -0.30894597 0.93802085
vt -0.30894597 1.01256997
vt -0.30071422 0.83823908
vt -0.29878099 0.95524944
vt -0.29878099 1.02979855
vt -0.29664236 0.56600520
vt -0.28929861 0.74401900
vt -0.28906089 0.76293005
vt -0.28890636 0.97400861
vt -0.28890636 1.04855772
vt -0.28889602 0.72538698
vt -0.28796433 0.78181393
vt -0.28635615 0.80038251
vt -0.28457682 0.81866346
vt -0.28364046 0.91260265
vt -0.28301676 0.83726657
vt -0.28280191 0.89408273
vt -0.28221645 0.85626793
vt -0.28214572 0.87533585
vt -0.28082425 0.41355876
vt -0.28075796 0.43331762
vt -0.28072549 0.99509038
vt -0.28072549 1.06963949
vt -0.28050605 0.39380505
vt -0.28021949 0.45350305
vt -0.27977441 0.37370155
vt -0.27947250 0.47408372
vt -0.27896810 0.35348126
vt -0.27871654 0.67197927
vt -0.27855964 0.49452614
vt -0.27809100 0.33346979
vt -0.27788816 0.51440844
vt -0.27731710 0.53412523
vt -0.27516384 0.56205257
vt -0.27447869 1.01675085
vt -0.27447869 1.09129996
vt -0.27056710 1.03733178
vt -0.27056710 1.11188090
vt -0.27000857 0.51197464
vt -0.26696807 1.05721267
vt -0.26696807 1.13176179
vt -0.26497263 0.46181664
vt -0.26455063 0.73315256
vt -0.26309739 0.73671455
vt -0.26309586 0.65828024
vt -0.26207464 0.78983807
vt -0.26168483 1.07749004
vt -0.26168483 1.15203916
vt -0.26162257 0.49123155
vt -0.26010466 0.41172200
vt -0.25946998 0.78331624
vt -0.25541458 0.36156358
vt -0.25397658 1.09810372
vt -0.25397658 1.17265283
vt -0.25124166 0.80445082
vt -0.25087609 0.31143104
vt -0.24891524 0.33884064
vt -0.24709850 0.79011169
vt -0.24709850 0.82002101
vt -0.24661108 0.77257807
vt -0.24661108 0.80248739
vt -0.24653015 0.26119475
vt -0.24648869 0.80736356
vt -0.24648869 0.83727288
vt -0.24464427 0.78542770
vt -0.24464427 0.75551837
vt -0.24459394 0.82421244
vt -0.24459394 0.85412176
vt -0.24458637 7.9176209e-2
vt -0.24456364 0.73157030
vt -0.24382059 1.11742471
vt -0.24382059 1.19197383
vt -0.24282652 0.84100009
vt -0.24282652 0.87090941
vt -0.24253524 0.86824363
vt -0.24248313 0.28820406
vt -0.24248313 0.32321924
vt -0.24234481 0.21091521
vt -0.24210927 0.76874228
vt -0.24210927 0.73883296
vt -0.24159079 0.30678184
vt -0.24159079 0.34179702
vt -0.24068564 0.32540329
vt -0.24068564 0.36041847
vt -0.23968657 0.37903197
vt -0.23968657 0.34401679
vt -0.23960895 0.75199140
vt -0.23960895 0.72208208
vt -0.23873740 0.70056296
vt -0.23873740 0.67065364
vt -0.23865460 0.39757876
vt -0.23865460 0.36256358
vt -0.23805431 0.73489812
vt -0.23805431 0.70498880
vt -0.23770386 0.71765531
vt -0.23770386 0.68774599
vt -0.23761557 0.41607346
vt -0.23761557 0.38105828
vt -0.23656768 0.43467302
vt -0.23656768 0.39965784
vt -0.23599839 0.15572153
vt -0.23559535 0.45337208
vt -0.23559535 0.41835690
vt -0.23469798 0.47210494
vt -0.23469798 0.43708976
vt -0.23385341 0.49073081
vt -0.23385341 0.45571563
vt -0.23307711 0.50926317
vt -0.23307711 0.47424799
vt -0.23246733 1.13500542
vt -0.23246733 1.20955453
vt -0.22601800 0.70099862
vt -0.22506214 0.41780097
vt -0.22468782 0.48292516
vt -0.22131928 0.71790589
vt -0.21016471 0.69392567
vt -0.21016471 5.2615205e-2
vt -0.20553062 1.11265857
vt -0.20530585 0.81426096
vt -0.20075621 0.66654952
vt -0.19710944 0.83242239
vt -0.19566517 0.35285309
vt -0.19271853 0.62134845
vt -0.19120515 0.97872684
vt -0.19014784 0.63311310
vt -0.18934767 0.84484830
vt -0.18552262 0.67296155
vt -0.18146023 0.55363296
vt -0.17820479 0.84218063
vt -0.17384907 0.15646364
vt -0.17379542 0.77913215
vt -0.17345485 0.62981928
vt -0.17321992 0.72883697
vt -0.17065009 1.18737483
vt -0.16856370 0.71529764
vt -0.16798406 0.74390152
vt -0.16753313 0.46616958
vt -0.16753313 0.49741426
vt -0.16728214 0.48531637
vt -0.16728214 0.51656106
vt -0.16665816 0.47860583
vt -0.16665816 0.44736115
vt -0.16620663 0.77543942
vt -0.16602533 -0.19505566
vt -0.16602533 0.44457574
vt -0.16584910 0.50319375
vt -0.16584910 0.53443843
vt -0.16444997 0.46136869
vt -0.16444997 0.43012401
vt -0.16422775 0.46636178
vt -0.16419479 0.52016469
vt -0.16419479 0.55140937
vt -0.16178980 0.44483170
vt -0.16178980 0.41358701
vt -0.15920183 0.42739842
vt -0.15920183 0.39615374
vt -0.15861140 0.54393561
vt -0.15728133 0.40878225
vt -0.15728133 0.37753756
vt -0.15671469 0.37273706
vt -0.15671469 0.34149238
vt -0.15650202 0.39033184
vt -0.15650202 0.35908716
vt -0.15039069 0.37859374
vt -0.15008069 0.84378235
vt -0.14787624 0.80196311
vt -0.14695504 0.27796496
vt -0.14668773 0.26176319
vt -0.14638991 0.24550061
vt -0.14615772 0.22944870
vt -0.14578678 0.21343986
vt -0.14537561 0.19759708
vt -0.14480856 0.18168717
vt -0.14423333 0.16554804
vt -0.14360463 0.14944739
vt -0.14309119 0.13327119
vt -0.14296297 0.49229993
vt -0.14280925 0.72980965
vt -0.14259828 0.11713580
vt -0.14197373 0.85963054
vt -0.13774557 0.65776405
vt -0.13616095 0.75645580
vt -0.13530912 5.16260228
vt -0.13473515 0.62541634
vt -0.13473515 0.12112454
vt -0.13455313 0.83426201
vt -0.13277340 0.58575705
vt -0.13001269 0.61386631
vt -0.12906444 7.6256453e-2
vt -0.12783110 0.51379991
vt -0.12648908 0.71410968
vt -0.12625137 0.73302073
vt -0.12608650 0.69547766
vt -0.12515481 0.75190461
vt -0.12408329 0.72792097
vt -0.12354663 0.77047319
vt -0.12319653 -9.42760116
vt -0.12290897 0.46909262
vt -0.12275811 0.49305305
vt -0.12176729 0.78875414
vt -0.12157795 0.78514021
vt -0.12083094 0.88269333
vt -0.12020724 0.80735724
vt -0.11999238 0.86417341
vt -0.11972571 0.75543675
vt -0.11940693 0.82635861
vt -0.11933620 0.84542653
vt -0.11632649 0.60870974
vt -0.11435050 0.76878450
vt -0.10668993 0.39979454
vt -0.10633142 5.16243820
vt -0.10287026 0.85022632
vt -0.10280347 8.5509905e-2
vt -0.10223616 0.45590867
vt -0.10133417 0.62444088
vt -0.10011085 0.49694912
vt -9.4878742e-2 8.9598247e-3
vt -9.4152981e-2 -9.42761852
vt -9.3115933e-2 0.87141003
vt -9.2588695e-2 0.99497024
vt -9.0782786e-2 0.36258459
vt -9.0782786e-2 -0.13843854
vt -8.9605214e-2 0.67186540
vt -8.8153351e-2 0.33005446
vt -8.6280054e-2 0.88539211
vt -8.5543330e-2 0.68194557
vt -8.5042092e-2 0.62646863
vt -8.0943961e-2 0.71227130
vt -8.0004443e-2 0.64488700
vt -7.7376714e-2 5.16209274
vt -7.5141960e-2 5.32692345
vt -7.3338728e-2 0.69392567
vt -7.3338728e-2 5.2615205e-2
vt -6.9228325e-2 0.66195140
vt -6.9228325e-2 0.69049127
vt -6.8873455e-2 0.54178533
vt -6.8873455e-2 0.51324546
vt -6.8245345e-2 0.51935163
vt -6.8245345e-2 0.49081177
vt -6.8208436e-2 0.66874979
vt -6.7472281e-2 0.53454134
vt -6.7472281e-2 0.56308120
vt -6.6087896e-2 0.77999871
vt -6.6032063e-2 0.61671303
vt -6.5522493e-2 0.56248998
vt -6.5113985e-2 -9.42754352
vt -6.5102640e-2 0.64213744
vt -6.5102640e-2 0.67067730
vt -6.5066096e-2 0.49730724
vt -6.5066096e-2 0.46876738
vt -6.4760052e-2 0.25975398
vt -6.4582260e-2 0.55451232
vt -6.4582260e-2 0.58305219
vt -6.2882902e-2 0.90747119
vt -6.1896899e-2 0.62104085
vt -6.1896899e-2 0.64958071
vt -6.1882792e-2 0.57540883
vt -6.1882792e-2 0.60394869
vt -6.1461685e-2 4.5434089e-2
vt -6.1461685e-2 0.13284185
vt -6.1434533e-2 5.9719358e-2
vt -6.1434533e-2 0.14712712
vt -6.1397018e-2 7.3979148e-2
vt -6.1397018e-2 0.16138691
vt -6.1294389e-2 3.1143297e-2
vt -6.1294389e-2 0.11855106
vt -6.0966464e-2 0.10424662
vt -6.0966464e-2 1.6838858e-2
vt -6.0906756e-2 0.68218418
vt -6.0902817e-2 0.59810848
vt -6.0902817e-2 0.62664834
vt -6.0801033e-2 0.79218319
vt -6.0477021e-2 0.47682641
vt -6.0477021e-2 0.44828655
vt -6.0444778e-2 8.9963721e-2
vt -6.0444778e-2 2.5559616e-3
vt -5.9925805e-2 0.39904743
vt -5.9912962e-2 7.5674917e-2
vt -5.9912962e-2 -1.1732842e-2
vt -5.9699469e-2 1.8451634e-2
vt -5.9699469e-2 -6.8956125e-2
vt -5.9485968e-2 6.1382113e-2
vt -5.9485968e-2 -2.6025646e-2
vt -5.9378847e-2 3.2757617e-2
vt -5.9378847e-2 -5.4650142e-2
vt -5.9286991e-2 4.7065023e-2
vt -5.9286991e-2 -4.0342736e-2
vt -5.8629211e-2 1.02441120
vt -5.8618235e-2 0.59206569
vt -5.8147225e-2 0.43911594
vt -5.7935921e-2 0.37036155
vt -5.7935921e-2 -0.26926985
vt -5.6557725e-2 0.25531884
vt -5.6456639e-2 0.23800842
vt -5.6263344e-2 0.27248575
vt -5.6229911e-2 0.24192568
vt -5.5948294e-2 0.22079565
vt -5.5086228e-2 0.20375305
vt -5.4069561e-2 0.44194204
vt -5.4050527e-2 0.18675459
vt -5.2967103e-2 0.16960297
vt -5.2195332e-2 0.15229618
vt -5.2012352e-2 0.86604703
vt -5.1663976e-2 0.13506754
vt -5.1511417e-2 0.11802573
vt -5.1437626e-2 0.10103620
vt -5.0773916e-2 0.35889249
vt -4.9998183e-2 0.84653467
vt -4.8464923e-2 5.16169544
vt -4.7644883e-2 0.82701477
vt -4.6574869e-2 5.32461285
vt -4.5285411e-2 0.80707887
vt -4.5000159e-2 0.82514718
vt -4.3257790e-2 0.27856570
vt -4.3114988e-2 0.78693892
vt -4.2141192e-2 0.75426266
vt -4.1349913e-2 0.76704863
vt -3.9924391e-2 0.74748076
vt -3.9839233e-2 0.19477239
vt -3.8705760e-2 0.72787320
vt -3.7435338e-2 0.70792027
vt -3.6083940e-2 -9.42730427
vt -3.6015678e-2 0.97258284
vt -3.5884761e-2 0.68776665
vt -3.5760857e-2 0.19824697
vt -3.5248876e-2 0.89599470
vt -3.4087240e-2 0.66786382
vt -3.3698105e-2 0.51782910
vt -3.0494948e-2 0.85734982
vt -2.9308433e-2 0.90894767
vt -2.9091590e-2 0.83924883
vt -2.7992083e-2 0.11791244
vt -2.7754814e-2 0.82112102
vt -2.6664394e-2 0.80286881
vt -2.6517441e-2 0.91057175
vt -2.6517441e-2 0.83602264
vt -2.5825090e-2 0.78461584
vt -2.5227039e-2 0.76645005
vt -2.4853891e-2 0.59721029
vt -2.4607196e-2 0.74830073
vt -2.3937736e-2 0.73008962
vt -2.3149555e-2 0.71179635
vt -2.2202046e-2 0.44762279
vt -2.2143775e-2 0.69350942
vt -2.1553618e-2 5.31065946
vt -2.0987760e-2 0.67531608
vt -2.0471346e-2 0.69489221
vt -2.0037281e-2 3.7651543e-2
vt -1.9512172e-2 5.16135444
vt -1.7300683e-2 0.92552968
vt -1.7300683e-2 0.85098057
vt -1.5412514e-2 -3.57999239
vt -1.5334763e-2 0.37367607
vt -1.4221873e-2 0.13659327
vt -1.1661962e-2 0.80243047
vt -8.4331973e-3 0.94182854
vt -8.4331973e-3 0.86727943
vt -7.2645862e-3 0.80274988
vt -7.1382609e-3 0.81389569
vt -7.0557350e-3 -9.42654739
vt -6.1284734e-3 5.28694359
vt -5.4739557e-3 0.29954569
vt -8.5091465e-4 -1.24799447
vt -6.8890118e-4 0.96034106
vt -6.8890118e-4 0.88579195
vt -8.6736174e-18 1.00000000
vt 0.0000000e+0 0.15697938
vt 0.0000000e+0 0.25652322
vt 3.2526065e-18 3.7930391e-3
vt 5.2041704e-18 4.4235449e-16
vt 1.0408341e-17 1.1739458e-3
vt 1.7347235e-17 2.9316827e-16
vt 1.7347235e-17 1.00000000
vt 2.4286129e-17 1.7347235e-17
vt 2.4286129e-17 1.00000000
vt 3.1225023e-17 1.1739458e-3
vt 4.1633363e-17 3.1051550e-16
vt 4.1633363e-17 1.00000000
vt 5.2041704e-17 0.33176593
vt 6.5919492e-17 1.00000000
vt 6.9388939e-17 1.3877788e-17
vt 6.9388939e-17 1.00000000
vt 1.0733602e-16 3.7930391e-3
vt 1.8214596e-16 1.7347235e-17
vt 1.9428903e-16 1.00000000
vt 3.4694470e-16 -1.7347235e-17
vt 8.8892154e-5 0.27308998
vt 2.4056263e-4 0.67141646
vt 2.0908384e-3 0.62541634
vt 2.0908384e-3 0.12112454
vt 3.5325176e-3 5.25951503
vt 4.1804108e-3 0.99928144
vt 4.1804108e-3 0.99928144
vt 4.1804108e-3 0.99819015
vt 4.1804108e-3 0.99819015
vt 4.8314718e-3 0.85089934
vt 5.3913623e-3 0.90469743
vt 5.3913623e-3 0.97924654
vt 6.0140975e-3 0.39940161
vt 6.0140975e-3 -0.24190886
vt 6.5604670e-3 0.22927182
vt 9.5058749e-3 5.16113807
vt 9.6117698e-3 0.92266053
vt 9.6117698e-3 0.99720964
vt 1.0532298e-2 0.44222172
vt 1.1019466e-2 0.78246863
vt 1.1244707e-2 0.37017079
vt 1.1896312e-2 0.25511583
vt 1.2062907e-2 0.27257633
vt 1.2136685e-2 0.76284096
vt 1.2536125e-2 0.63227104
vt 1.2590647e-2 0.71555442
vt 1.2648065e-2 0.35206980
vt 1.3405268e-2 0.93986898
vt 1.3405268e-2 1.01441810
vt 1.3412739e-2 0.74309042
vt 1.3509194e-2 0.71806957
vt 1.3624503e-2 0.21944370
vt 1.3713350e-2 8.8290197e-2
vt 1.3984841e-2 0.33394199
vt 1.5024656e-2 0.72302523
vt 1.5075261e-2 0.31568978
vt 1.5348947e-2 0.70899295
vt 1.5778260e-2 5.23345414
vt 1.5914565e-2 0.29743681
vt 1.6355859e-2 0.72465832
vt 1.6512616e-2 0.27927102
vt 1.6957641e-2 0.70300040
vt 1.7132459e-2 0.26112170
vt 1.7306619e-2 -0.18727870
vt 1.7306619e-2 0.31374443
vt 1.7394973e-2 0.50037773
vt 1.7532216e-2 -0.38016097
vt 1.7532216e-2 1.38016097
vt 1.7539784e-2 0.47699947
vt 1.7801919e-2 0.24291059
vt 1.8477670e-2 -0.48006699
vt 1.8477670e-2 1.04803188
vt 1.8485794e-2 0.16875987
vt 1.8590100e-2 0.22461733
vt 1.8872601e-2 0.95773226
vt 1.8872601e-2 1.03228138
vt 1.8930938e-2 -5.0840176e-2
vt 1.8930938e-2 0.50145908
vt 1.9151990e-2 0.68320470
vt 1.9266821e-2 0.19575798
vt 1.9322609e-2 0.80271502
vt 1.9595880e-2 0.20633039
vt 1.9765425e-2 0.78104924
vt 2.0452960e-2 0.42393115
vt 2.0751895e-2 0.18813705
vt 2.1417153e-2 0.66361960
vt 2.1467304e-2 2.20534378
vt 2.1972534e-2 -9.42612119
vt 2.2108705e-2 -1.02324544
vt 2.3541930e-2 0.64407269
vt 2.5391675e-2 0.62435438
vt 2.5754613e-2 0.91793434
vt 2.6309717e-2 0.97584975
vt 2.6309717e-2 1.05039887
vt 2.6713992e-2 0.83538193
vt 2.6874959e-2 0.60443520
vt 2.8152087e-2 0.58464877
vt 2.8230671e-2 0.12535929
vt 2.9811641e-2 0.72464413
vt 2.9885128e-2 0.93016003
vt 3.1276943e-2 0.15697938
vt 3.1276943e-2 0.15697938
vt 3.1276943e-2 0.33161205
vt 3.1277499e-2 0.33161215
vt 3.4028504e-2 5.21823108
vt 3.4204139e-2 0.39031319
vt 3.5806662e-2 0.99288812
vt 3.5806662e-2 1.06743724
vt 3.7685275e-2 0.63392215
vt 3.8568861e-2 5.16122614
vt 3.9576221e-2 -4.21786504
vt 4.0424301e-2 3.31432259
vt 4.1438151e-2 0.36763356
vt 4.3574323e-2 0.83779896
vt 4.3603555e-2 0.16452137
vt 4.5136793e-2 0.57036868
vt 4.5945567e-2 1.00826684
vt 4.5945567e-2 1.08281596
vt 4.6334273e-2 0.82224751
vt 4.6417364e-2 5.1585360e-2
vt 4.6676426e-2 0.91945519
vt 4.6843021e-2 0.76361004
vt 4.8109402e-2 0.90747119
vt 4.9080120e-2 0.64899807
vt 4.9080120e-2 0.61344400
vt 4.9966788e-2 0.48457362
vt 4.9966788e-2 0.44901956
vt 5.0088784e-2 0.50548925
vt 5.0088784e-2 0.46993518
vt 5.0135221e-2 0.62969563
vt 5.0135221e-2 0.59414156
vt 5.0165181e-2 0.83304821
vt 5.0462609e-2 5.22608875
vt 5.0490699e-2 0.46385238
vt 5.0490699e-2 0.42829832
vt 5.0680492e-2 0.52621385
vt 5.0680492e-2 0.49065978
vt 5.1008224e-2 -9.42600733
vt 5.1180149e-2 0.60949090
vt 5.1180149e-2 0.57393683
vt 5.1270680e-2 0.25966560
vt 5.1304961e-2 1.34638823
vt 5.1304961e-2 -0.34638823
vt 5.1304961e-2 -0.34638823
vt 5.1304961e-2 1.34638823
vt 5.1304961e-2 0.48523795
vt 5.1304961e-2 0.51476205
vt 5.1385891e-2 0.54637922
vt 5.1385891e-2 0.51082516
vt 5.1587980e-2 0.44426342
vt 5.1587980e-2 0.40870935
vt 5.1785847e-2 0.58837795
vt 5.1785847e-2 0.55282388
vt 5.1875805e-2 0.56694310
vt 5.1875805e-2 0.53138904
vt 5.2190244e-2 0.33746531
vt 5.2481007e-2 0.25997549
vt 5.2500833e-2 0.11898281
vt 5.2773880e-2 0.63728648
vt 5.2773880e-2 0.59685298
vt 5.3616600e-2 0.18776079
vt 5.3722631e-2 0.91945519
vt 5.3742814e-2 0.41595281
vt 5.4360982e-2 0.56121309
vt 5.4714545e-2 0.65511190
vt 5.4714545e-2 0.61467840
vt 5.6452211e-2 0.63264119
vt 5.6452211e-2 0.67307469
vt 5.6485147e-2 0.49025244
vt 5.7794530e-2 0.96637832
vt 5.8091696e-2 0.65104989
vt 5.8091696e-2 0.69148339
vt 5.8224773e-2 0.84826689
vt 5.8270395e-2 0.80274988
vt 5.8720504e-2 0.77853542
vt 5.9033604e-2 0.24636503
vt 5.9122187e-2 0.70923740
vt 5.9730510e-2 0.66958707
vt 5.9730510e-2 0.71002057
vt 5.9880965e-2 0.64002477
vt 5.9908353e-2 0.33805240
vt 6.0670895e-2 3.80163874
vt 6.0868312e-2 0.38375469
vt 6.0975006e-2 0.36547469
vt 6.1141556e-2 5.24874638
vt 6.1162507e-2 0.40206721
vt 6.1243419e-2 0.49507245
vt 6.1451821e-2 0.34689587
vt 6.1513912e-2 0.68785670
vt 6.1513912e-2 0.72829020
vt 6.1618900e-2 0.42071359
vt 6.1781673e-2 0.47687930
vt 6.1985722e-2 0.43964712
vt 6.2082441e-2 0.45848996
vt 6.2154469e-2 0.76457117
vt 6.2298412e-2 0.32820327
vt 6.2548790e-2 0.15697938
vt 6.2549334e-2 0.33136847
vt 6.2549334e-2 0.33176583
vt 6.2549363e-2 0.15697938
vt 6.3277267e-2 0.30975865
vt 6.3452215e-2 0.70578580
vt 6.3452215e-2 0.74621930
vt 6.3745590e-2 0.39028508
vt 6.4196670e-2 0.53269846
vt 6.4736790e-2 0.57881612
vt 6.4883939e-2 0.31466271
vt 6.5320530e-2 5.27490398
vt 6.5612469e-2 0.72369297
vt 6.5612469e-2 0.76412647
vt 6.7636249e-2 5.16156902
vt 6.7860042e-2 0.74184798
vt 6.7860042e-2 0.78228148
vt 6.8690471e-2 0.75115210
vt 7.0067370e-2 0.76015271
vt 7.0067370e-2 0.80058621
vt 7.0446751e-2 0.64628860
vt 7.0687233e-2 0.57984280
vt 7.2083944e-2 0.77825253
vt 7.2083944e-2 0.81868603
vt 7.2710149e-2 5.29992635
vt 7.3601510e-2 0.39668596
vt 7.3757561e-2 0.41393823
vt 7.3830907e-2 0.37931146
vt 7.4096121e-2 0.90197078
vt 7.4304518e-2 0.43121003
vt 7.4416515e-2 0.36183479
vt 7.5053140e-2 0.44879711
vt 7.5128041e-2 0.34464090
vt 7.5391937e-2 1.02441120
vt 7.5751789e-2 0.46665680
vt 7.6236066e-2 0.48426789
vt 7.6255953e-2 0.51838922
vt 7.6368637e-2 0.50145641
vt 7.6655279e-2 -1.24604634
vt 7.7303996e-2 0.33148059
vt 7.7303996e-2 0.15734247
vt 7.7303996e-2 0.15734196
vt 7.7303996e-2 0.33148059
vt 7.7537128e-2 -0.45563708
vt 7.8516349e-2 0.53025374
vt 7.9896130e-2 0.60412943
vt 8.0046077e-2 -9.42597204
vt 8.0869728e-2 0.91945519
vt 8.1443664e-2 -0.17339953
vt 8.1443664e-2 0.33089228
vt 8.2020670e-2 0.76649488
vt 8.2707098e-2 0.52430058
vt 8.4469942e-2 1.05029177
vt 8.4488521e-2 0.83538193
vt 8.5147192e-2 0.73483154
vt 8.5414547e-2 0.28814692
vt 8.6339981e-2 0.83469436
vt 9.1310343e-2 0.70037496
vt 9.2008919e-2 0.15697938
vt 9.2008919e-2 0.33130577
vt 9.2008919e-2 0.33136898
vt 9.2008919e-2 0.15697938
vt 9.2749615e-2 0.71316404
vt 9.2863615e-2 0.73168020
vt 9.3045925e-2 2.67184861
vt 9.3437499e-2 0.75080169
vt 9.3601409e-2 -3.98282619
vt 9.4295410e-2 0.93609283
vt 9.4360505e-2 1.7759976e-2
vt 9.4360505e-2 0.43285893
vt 9.4501178e-2 0.77005399
vt 9.5185557e-2 0.32699994
vt 9.5712224e-2 0.30761091
vt 9.5758875e-2 1.11100155
vt 9.5826512e-2 0.78885353
vt 9.5831092e-2 0.34575695
vt 9.6616246e-2 5.16207857
vt 9.6927050e-2 0.36410789
vt 9.7037373e-2 0.96602185
vt 9.7074912e-2 0.83538193
vt 9.7101192e-2 0.80715174
vt 9.7176577e-2 0.28835116
vt 9.7520465e-2 0.48612361
vt 9.7948355e-2 0.94899112
vt 9.8184241e-2 0.82592546
vt 9.8205041e-2 0.65528050
vt 9.8523863e-2 0.55741983
vt 9.8761214e-2 0.84564211
vt 9.8763687e-2 0.90257003
vt 9.8837642e-2 0.88430894
vt 9.8993079e-2 0.86539806
vt 9.9034820e-2 0.66280483
vt 9.9430046e-2 0.26988566
vt 9.9474026e-2 0.64488700
vt 0.10062868 0.77606150
vt 0.10158047 0.46721109
vt 0.10183683 0.25181932
vt 0.10255336 0.17654779
vt 0.10255775 -3.30738800
vt 0.10300268 0.76296192
vt 0.10308737 0.72480884
vt 0.10360525 0.23322082
vt 0.10387929 0.19500664
vt 0.10437230 0.21405886
vt 0.10521673 0.83910418
vt 0.10523129 0.60036778
vt 0.10713473 5.07069983
vt 0.10726347 -1.01569911
vt 0.10768699 0.83538193
vt 0.10820388 0.85006554
vt 0.10907866 -9.42664803
vt 0.11201454 0.89794837
vt 0.11219524 0.61838337
vt 0.11308871 0.91945519
vt 0.11434510 0.10456070
vt 0.11523115 0.70603947
vt 0.11606892 0.94267780
vt 0.11663112 -3.63076878
vt 0.11702022 0.44229939
vt 0.11841499 2.6335642e-2
vt 0.11887234 0.94114444
vt 0.11952606 -1.02493904
vt 0.11985618 0.33102817
vt 0.11985618 0.15697938
vt 0.11985618 0.15697938
vt 0.11985621 0.33102850
vt 0.12178570 0.74922097
vt 0.12213865 0.76147028
vt 0.12246375 0.11065356
vt 0.12501700 0.91174019
vt 0.12556598 5.16254596
vt 0.12601635 0.75871791
vt 0.12613990 0.19452317
vt 0.12726553 0.85765089
vt 0.12735530 0.87079745
vt 0.13024178 0.27827612
vt 0.13125814 0.80178829
vt 0.13169284 0.68920887
vt 0.13438848 0.30795645
vt 0.13517374 0.36150513
vt 0.13730028 0.39883553
vt 0.13811129 -9.42733163
vt 0.13819126 0.66500304
vt 0.13978699 2.38906530
vt 0.14075649 0.44259468
vt 0.14122218 0.84142121
vt 0.14182127 0.67214428
vt 0.14267711 0.82909884
vt 0.14331021 0.76068642
vt 0.14503481 2.18353762
vt 0.14510221 0.85138144
vt 0.14677482 0.94229335
vt 0.14690454 0.52025218
vt 0.14770346 0.15697970
vt 0.14770346 0.33130577
vt 0.14776862 0.59121049
vt 0.14897031 3.78625215
vt 0.14905665 1.08382274
vt 0.14915774 1.08354005
vt 0.14971698 0.60310330
vt 0.15043836 2.10150429
vt 0.15103904 4.14985761
vt 0.15143174 -0.64522687
vt 0.15171238 -0.84953019
vt 0.15183426 0.84142121
vt 0.15438813 -4.16288499
vt 0.15456252 5.16285252
vt 0.15517459 1.11709766
vt 0.15519102 0.65210720
vt 0.15584171 0.60202116
vt 0.15723599 0.91174019
vt 0.15759785 0.75115209
vt 0.15762007 -2.57801314
vt 0.15800665 0.35599118
vt 0.15818396 0.94229338
vt 0.15820746 0.77333342
vt 0.15864057 0.70945925
vt 0.15962925 2.37694413
vt 0.15985381 0.71916016
vt 0.16015291 3.31622097
vt 0.16099517 0.51306539
vt 0.16104678 1.24792116
vt 0.16135826 0.93121988
vt 0.16158863 0.77738524
vt 0.16164735 0.76068643
vt 0.16225316 0.78693399
vt 0.16227300 0.91190908
vt 0.16320718 0.89235312
vt 0.16415110 0.87280342
vt 0.16481849 0.39940161
vt 0.16481849 -0.24190886
vt 0.16521661 0.85318685
vt 0.16635984 0.83354870
vt 0.16649088 1.39840457
vt 0.16681903 -0.45030113
vt 0.16714742 -9.42760116
vt 0.16725468 0.24636503
vt 0.16729484 1.10846570
vt 0.16743838 0.81432289
vt 0.16830873 0.90197083
vt 0.16853546 0.79491691
vt 0.16877956 0.24447016
vt 0.16911320 0.47361311
vt 0.16911320 0.50485779
vt 0.16921168 -1.60019600
vt 0.16942750 0.49053572
vt 0.16942750 0.52178040
vt 0.16957496 0.77590694
vt 0.16967680 0.48807179
vt 0.16967680 0.45682711
vt 0.16999717 0.73822970
vt 0.17049329 0.75699164
vt 0.17061958 0.50603404
vt 0.17061958 0.53727873
vt 0.17133591 0.47281483
vt 0.17133591 0.44157015
vt 0.17135370 0.73774044
vt 0.17187831 0.52032383
vt 0.17187831 0.55156851
vt 0.17233203 -3.88433752
vt 0.17233734 0.76734104
vt 0.17338283 0.45841353
vt 0.17338283 0.42716885
vt 0.17341363 -3.23223155
vt 0.17391201 0.21085589
vt 0.17539532 0.44307501
vt 0.17539532 0.41183032
vt 0.17578008 0.57009035
vt 0.17675647 0.39542686
vt 0.17675647 0.36418218
vt 0.17680952 0.42670876
vt 0.17680952 0.39546408
vt 0.17699078 0.95245790
vt 0.17724734 0.41058647
vt 0.17724734 0.37934179
vt 0.17865704 0.39028509
vt 0.17918850 0.31350426
vt 0.17937470 1.05052389
vt 0.18110662 0.96597072
vt 0.18222609 0.76082516
vt 0.18370684 -1.60334856
vt 0.18653269 1.96681860
vt 0.18656170 3.22950389
vt 0.18863363 0.94205836
vt 0.18869508 0.94647016
vt 0.19072584 0.85439731
vt 0.19168921 0.83538193
vt 0.19235577 0.83795368
vt 0.19267095 0.85020896
vt 0.19269819 8.5504130e-2
vt 0.19290162 0.79296257
vt 0.19391140 8.1387750e-2
vt 0.19461553 0.86096415
vt 0.19525856 0.71108991
vt 0.19578061 0.86637514
vt 0.19638197 0.70393377
vt 0.19786552 0.57323247
vt 0.19818174 -1.60699955
vt 0.19887219 0.31374443
vt 0.19887219 -0.18727870
vt 0.20077521 0.61496812
vt 0.20199820 3.67019309
vt 0.20248412 0.57838301
vt 0.20260274 0.96919269
vt 0.20278716 -3.66407530
vt 0.20418579 0.70312030
vt 0.20601293 -5.2912167e-3
vt 0.20601293 0.54497311
vt 0.20689092 1.88763932
vt 0.20766903 0.40239255
vt 0.20819570 0.38300352
vt 0.20831457 0.42114955
vt 0.20941053 0.43950050
vt 0.20966005 0.36374377
vt 0.21090856 4.12056682
vt 0.21144889 -3.13794207
vt 0.21191352 0.34527827
vt 0.21239297 -1.61121070
vt 0.21357051 3.69419891
vt 0.21363942 -0.99303963
vt 0.21432031 0.32721193
vt 0.21439517 2.36156640
vt 0.21503684 0.25194040
vt 0.21511415 0.77486867
vt 0.21608872 0.30861343
vt 0.21636277 0.27039925
vt 0.21685577 0.28945147
vt 0.21704245 -7.0796103e-2
vt 0.21752044 0.65866248
vt 0.21904435 0.88436990
vt 0.21979643 -2.90604554
vt 0.22187215 6.2400428e-2
vt 0.22245510 0.91945519
vt 0.22293692 0.76649434
vt 0.22476381 -3.26146130
vt 0.22476517 0.27811261
vt 0.22524473 0.30914489
vt 0.22587577 0.90015688
vt 0.22634798 -1.61570182
vt 0.22753048 0.98190202
vt 0.22950131 0.91945519
vt 0.23060233 0.76723129
vt 0.23110844 0.70209504
vt 0.23112306 0.83351760
vt 0.23158228 0.51535749
vt 0.23324261 0.29221228
vt 0.23382534 0.27550029
vt 0.23441030 0.25860409
vt 0.23478732 0.24170837
vt 0.23505491 -3.08552222
vt 0.23522507 0.22481478
vt 0.23535905 0.64774972
vt 0.23563384 0.20787739
vt 0.23608929 0.19108522
vt 0.23653573 0.17423729
vt 0.23693193 0.64185310
vt 0.23706391 0.15749736
vt 0.23727562 -2.78147091
vt 0.23742157 0.14078513
vt 0.23779110 0.12408411
vt 0.23926718 -2.96184620
vt 0.23980411 0.81608420
vt 0.24024806 0.33089228
vt 0.24024806 -0.17339953
vt 0.24028482 -1.62016455
vt 0.24029082 0.17518670
vt 0.24041442 0.90854513
vt 0.24070590 0.58400513
vt 0.24240803 -0.40305008
vt 0.24286158 0.94441456
vt 0.24400165 0.75925607
vt 0.24400780 -1.25681212
vt 0.24410762 -0.98128824
vt 0.24457631 -3.03510696
vt 0.24468810 2.69322726
vt 0.24515804 0.82965902
vt 0.24580722 -1.55952640
vt 0.24581256 0.61173692
vt 0.24587961 0.32051076
vt 0.24708883 -2.13776564
vt 0.24716442 0.96637774
vt 0.24773317 0.33555175
vt 0.24781183 0.72411687
vt 0.24946374 0.83538193
vt 0.25008648 0.34158815
vt 0.25208058 0.29294463
vt 0.25229553 0.30677808
vt 0.25380296 0.30692112
vt 0.25438911 -1.62463796
vt 0.25555914 0.68325472
vt 0.25567314 0.70177088
vt 0.25597027 0.91435609
vt 0.25624702 0.72089237
vt 0.25664841 0.91945519
vt 0.25731070 0.74014467
vt 0.25804243 0.28018385
vt 0.25863603 0.75894421
vt 0.25880890 0.34589257
vt 0.25889594 0.64146663
vt 0.25951971 0.47444578
vt 0.25991071 0.77724242
vt 0.25997086 0.58327697
vt 0.26017486 1.76612962
vt 0.26081112 1.10398257
vt 0.26099376 0.79601614
vt 0.26157074 0.81573279
vt 0.26157321 0.87266071
vt 0.26164716 0.85439962
vt 0.26180260 0.83548874
vt 0.26205013 0.83538193
vt 0.26229847 -3.55326106
vt 0.26340308 0.99994686
vt 0.26360514 0.15651664
vt 0.26363480 0.77918575
vt 0.26409483 0.31653009
vt 0.26443065 0.76687006
vt 0.26482028 0.15608552
vt 0.26483538 0.77931281
vt 0.26602821 0.30036216
vt 0.26660074 0.84579170
vt 0.26671605 -3.26112554
vt 0.26708024 -0.64506801
vt 0.26724187 0.91694103
vt 0.26728022 0.73300185
vt 0.26736088 -0.84937133
vt 0.26876877 -1.62859928
vt 0.26908358 0.40979777
vt 0.26925311 0.39079860
vt 0.26940369 0.37180996
vt 0.26958909 0.35281612
vt 0.26962535 0.74864159
vt 0.26970041 0.33381393
vt 0.26982174 0.31481829
vt 0.26992317 0.29580426
vt 0.27013200 0.27679140
vt 0.27038114 0.86786049
vt 0.27039426 0.25777094
vt 0.27062960 1.97149261
vt 0.27080321 0.27422200
vt 0.27084892 0.23875416
vt 0.27136346 0.21975852
vt 0.27156113 0.62541634
vt 0.27156113 0.12112454
vt 0.27216668 0.89997800
vt 0.27266221 0.83538193
vt 0.27316421 -1.02192880
vt 0.27364033 0.38220194
vt 0.27368714 0.34877249
vt 0.27378505 0.68392185
vt 0.27380674 0.36314951
vt 0.27395416 0.34410792
vt 0.27399446 1.21452676
vt 0.27411473 -0.26926985
vt 0.27411473 0.37036155
vt 0.27412938 0.32506116
vt 0.27423031 0.30600632
vt 0.27433413 0.28695793
vt 0.27441798 0.26789121
vt 0.27444931 0.55502048
vt 0.27460238 0.24882535
vt 0.27464665 -3.82860938
vt 0.27484034 0.22975163
vt 0.27525862 0.96555896
vt 0.27526415 0.21068111
vt 0.27574803 0.19163143
vt 0.27645575 1.95454404
vt 0.27661964 -2.95101161
vt 0.27697819 4.71817278
vt 0.27728990 4.33512238
vt 0.27792009 0.31920619
vt 0.27822652 0.83822614
vt 0.27898460 0.86678438
vt 0.27959514 0.97944140
vt 0.28033522 -1.60019600
vt 0.28084596 0.29140406
vt 0.28106920 0.30221571
vt 0.28122147 5.0385043e-2
vt 0.28122147 0.46154173
vt 0.28140108 0.56933996
vt 0.28199889 1.3364906e-2
vt 0.28248320 3.22324354
vt 0.28251819 0.24192566
vt 0.28319430 -1.63203607
vt 0.28392114 0.67204533
vt 0.28406220 0.10265858
vt 0.28433875 0.87891943
vt 0.28477970 0.27594438
vt 0.28537701 0.92653716
vt 0.28550137 4.91854045
vt 0.28624073 0.85113153
vt 0.28653805 0.19084703
vt 0.28691393 0.15572153
vt 0.28694824 0.34143079
vt 0.28695917 0.24447261
vt 0.28705218 0.77432091
vt 0.28760545 0.15671955
vt 0.28886739 0.91945519
vt 0.28914611 0.52706970
vt 0.28941915 0.27769782
vt 0.28963708 0.21138951
vt 0.28967842 -2.58644807
vt 0.29024266 0.31238408
vt 0.29141002 0.31329145
vt 0.29147513 0.26595379
vt 0.29177558 4.40244648
vt 0.29220265 2.34390236
vt 0.29257129 0.36298194
vt 0.29292836 0.78412227
vt 0.29302847 0.32041364
vt 0.29339523 2.14246720
vt 0.29405019 0.68494980
vt 0.29422671 0.37479859
vt 0.29428994 0.32816969
vt 0.29438867 0.28623625
vt 0.29483037 -1.60334856
vt 0.29518536 0.42919906
vt 0.29520528 0.89675370
vt 0.29547444 -0.33589306
vt 0.29558222 0.44661004
vt 0.29592638 0.48350241
vt 0.29625741 0.53775997
vt 0.29632250 0.87712603
vt 0.29685676 0.75156898
vt 0.29706477 0.30006151
vt 0.29729308 -3.17892645
vt 0.29752942 -1.63503611
vt 0.29759856 0.85737549
vt 0.29780135 0.52867379
vt 0.29785525 0.60524175
vt 0.29849198 0.93962657
vt 0.29921047 0.83731030
vt 0.29951508 0.33369135
vt 0.29965773 0.31368110
vt 0.29976573 4.39005920
vt 0.30056550 0.35326155
vt 0.30079568 0.91174019
vt 0.30088790 0.29381874
vt 0.30114346 0.81728548
vt 0.30212050 0.37240021
vt 0.30232847 0.39904639
vt 0.30237760 0.77208601
vt 0.30287530 3.8115299e-2
vt 0.30294508 -3.09851714
vt 0.30303458 0.27458791
vt 0.30333781 0.79748977
vt 0.30428064 0.49924025
vt 0.30536544 0.25578109
vt 0.30539295 0.17983419
vt 0.30539371 0.71544249
vt 0.30542428 0.94980788
vt 0.30559807 4.06389615
vt 0.30560297 0.77790467
vt 0.30609528 0.25309433
vt 0.30619741 0.84142121
vt 0.30692048 0.19874014
vt 0.30696160 -0.13843854
vt 0.30696160 0.36258459
vt 0.30700261 0.23688135
vt 0.30714704 0.77495092
vt 0.30765823 0.21780166
vt 0.30772775 0.75835776
vt 0.30824018 0.33884064
vt 0.30868778 5.33370888
vt 0.30882654 0.28964253
vt 0.30897772 0.77465732
vt 0.30897772 0.70010821
vt 0.30930528 -1.60699955
vt 0.30957749 0.73863945
vt 0.31032384 2.25561421
vt 0.31066040 0.86324500
vt 0.31104676 2.36700277
vt 0.31106078 0.71872028
vt 0.31123221 1.63897099
vt 0.31123730 0.84607764
vt 0.31186927 -1.63801526
vt 0.31233790 0.69893384
vt 0.31498881 0.15093161
vt 0.31552888 1.06648137
vt 0.31680948 0.84142121
vt 0.31691341 0.78835560
vt 0.31691341 0.71380648
vt 0.31726147 -0.77557935
vt 0.31953528 0.47174105
vt 0.31978384 0.83187094
vt 0.32090267 0.23855388
vt 0.32309209 0.48563040
vt 0.32342572 -2.93877270
vt 0.32351650 -1.61121070
vt 0.32414053 0.16492624
vt 0.32448200 0.55514643
vt 0.32482330 0.80287539
vt 0.32482330 0.72832628
vt 0.32517545 0.51157102
vt 0.32523624 -0.45282355
vt 0.32551040 0.79716828
vt 0.32551728 1.44604039
vt 0.32562682 -2.75122326
vt 0.32563173 0.74272424
vt 0.32576756 1.77497972
vt 0.32580055 0.14508637
vt 0.32580055 9.0161926e-2
vt 0.32607675 0.83765400
vt 0.32614952 0.22929496
vt 0.32614952 0.17123227
vt 0.32652047 0.20992801
vt 0.32652047 0.15186532
vt 0.32667595 0.96924911
vt 0.32676382 0.94972657
vt 0.32687730 0.16447285
vt 0.32687730 0.10954841
vt 0.32726911 0.19031328
vt 0.32726911 0.13225059
vt 0.32737090 0.83293868
vt 0.32773113 5.15054477
vt 0.32774469 -3.36965911
vt 0.32793945 0.18384568
vt 0.32793945 0.12892124
vt 0.32836420 1.61747116
vt 0.32853006 -0.23468842
vt 0.32853006 0.31557590
vt 0.32853282 4.54150735
vt 0.32899894 0.20322406
vt 0.32899894 0.14829962
vt 0.32900348 0.17080361
vt 0.32900348 0.11274092
vt 0.32959260 -1.06333038
vt 0.32967163 3.34043140
vt 0.32971878 -1.13647469
vt 0.32988474 1.80595646
vt 0.32997870 0.22261382
vt 0.32997870 0.16768938
vt 0.32998010 1.09129708
vt 0.33047285 -4.7963056e-2
vt 0.33047285 -2.5792115e-2
vt 0.33071736 0.15148851
vt 0.33071736 9.3425821e-2
vt 0.33073249 1.13482429
vt 0.33078698 -6.7589549e-2
vt 0.33078698 -4.5418609e-2
vt 0.33089239 0.24199888
vt 0.33089239 0.18707444
vt 0.33114871 -2.8388113e-2
vt 0.33114871 -6.2171722e-3
vt 0.33146482 -8.6948188e-2
vt 0.33146482 -6.4777248e-2
vt 0.33179955 0.20648259
vt 0.33179955 0.26140703
vt 0.33181463 1.3162381e-2
vt 0.33181463 -9.0085598e-3
vt 0.33200337 0.81888924
vt 0.33200337 0.74434012
vt 0.33208623 0.12855738
vt 0.33208623 0.10638644
vt 0.33209005 0.17416745
vt 0.33214144 0.10930939
vt 0.33214144 8.7138449e-2
vt 0.33223871 0.13216981
vt 0.33223871 7.4107120e-2
vt 0.33226615 9.0242871e-2
vt 0.33226615 6.8071931e-2
vt 0.33228811 3.2535107e-2
vt 0.33228811 1.0364167e-2
vt 0.33273335 0.22588846
vt 0.33273335 0.28081291
vt 0.33278493 7.1043053e-2
vt 0.33278493 4.8872113e-2
vt 0.33281745 5.1739780e-2
vt 0.33281745 2.9568839e-2
vt 0.33301466 0.91174019
vt 0.33370854 0.24530298
vt 0.33370854 0.30022742
vt 0.33380675 5.4959250e-2
vt 0.33380675 0.11302194
vt 0.33470105 0.85330739
vt 0.33475093 8.4440191e-2
vt 0.33481908 3.5682513e-2
vt 0.33481908 9.3745203e-2
vt 0.33483039 0.26471027
vt 0.33483039 0.31963471
vt 0.33490708 0.94401002
vt 0.33533287 0.44426937
vt 0.33534027 1.6482760e-2
vt 0.33534027 7.4545450e-2
vt 0.33586854 0.85034314
vt 0.33587943 8.4978197e-2
vt 0.33601216 0.28409347
vt 0.33601216 0.33901791
vt 0.33624773 -2.5625593e-3
vt 0.33624773 5.5500131e-2
vt 0.33642488 0.49952596
vt 0.33672804 0.50936131
vt 0.33688056 1.15770555
vt 0.33708655 0.92796530
vt 0.33723441 -2.1785321e-2
vt 0.33723441 3.6277369e-2
vt 0.33740864 0.43155760
vt 0.33747152 -1.61570182
vt 0.33808802 1.23778652
vt 0.33825336 0.83530490
vt 0.33825336 0.76075579
vt 0.33829652 2.7575127e-2
vt 0.33854310 0.95418185
vt 0.33879626 0.22516309
vt 0.33898667 4.36792071
vt 0.33955614 0.49009807
vt 0.33961837 1.78626743
vt 0.33995370 0.95964215
vt 0.34008287 0.49629831
vt 0.34013324 0.75024343
vt 0.34021233 1.15990810
vt 0.34087570 0.15781202
vt 0.34174073 -0.76719525
vt 0.34282295 0.86264298
vt 0.34311440 0.85096991
vt 0.34311440 0.77642080
vt 0.34369683 -1.23575979
vt 0.34441704 0.27796496
vt 0.34443280 -0.15622183
vt 0.34468435 0.26176319
vt 0.34496470 0.88162585
vt 0.34498217 0.24550061
vt 0.34521436 0.22944870
vt 0.34558531 0.21343986
vt 0.34594571 0.68426820
vt 0.34599197 0.50117217
vt 0.34599647 0.19759708
vt 0.34656352 0.18168717
vt 0.34662343 2.13105777
vt 0.34699070 0.69392567
vt 0.34699070 5.2615205e-2
vt 0.34713876 0.16554804
vt 0.34717134 0.65874952
vt 0.34737522 -2.84876076
vt 0.34766707 1.02441120
vt 0.34770551 0.70921845
vt 0.34776745 0.14944739
vt 0.34785956 0.86631014
vt 0.34785956 0.79176103
vt 0.34804889 0.83142959
vt 0.34814315 -0.16399137
vt 0.34828089 0.13327119
vt 0.34866788 -0.40232914
vt 0.34877380 0.11713580
vt 0.34993836 0.81627751
vt 0.35029414 0.83712430
vt 0.35096612 1.80894456
vt 0.35097221 0.88889260
vt 0.35140836 -1.62016455
vt 0.35150889 0.16454047
vt 0.35155855 -0.78331896
vt 0.35169970 0.51152033
vt 0.35178412 1.00763594
vt 0.35223384 0.88174324
vt 0.35238650 1.17326199
vt 0.35353174 0.88204435
vt 0.35353174 0.80749524
vt 0.35498940 -0.80843585
vt 0.35502333 0.81647150
vt 0.35529442 0.66940703
vt 0.35529442 0.69794689
vt 0.35535661 0.82460553
vt 0.35540385 0.75358545
vt 0.35595140 1.35528503
vt 0.35723057 0.56418459
vt 0.35723057 0.53564473
vt 0.35777924 0.58315269
vt 0.35777924 0.55461283
vt 0.35785950 0.65132343
vt 0.35785950 0.67986329
vt 0.35794154 0.54448136
vt 0.35794154 0.51594149
vt 0.35856557 1.45499099
vt 0.35867668 1.37568314
vt 0.35912442 0.96280374
vt 0.35919738 0.57286076
vt 0.35919738 0.60140062
vt 0.35928120 -0.48414050
vt 0.35999032 0.63228522
vt 0.35999032 0.66082508
vt 0.36021361 0.52505545
vt 0.36021361 0.49651559
vt 0.36052044 0.59173779
vt 0.36052044 0.62027765
vt 0.36055218 0.89809492
vt 0.36055218 0.82354581
vt 0.36061754 0.84045511
vt 0.36084872 0.61205515
vt 0.36084872 0.64059501
vt 0.36088109 -3.03690010
vt 0.36141307 5.47997600
vt 0.36152388 -3.00606492
vt 0.36183682 -0.17548549
vt 0.36235517 -0.38066307
vt 0.36268115 0.70507109
vt 0.36287066 0.18133701
vt 0.36291519 1.47281234
vt 0.36338889 0.50650306
vt 0.36338889 0.47796320
vt 0.36478861 0.80274988
vt 0.36521576 -4.12402478
vt 0.36551264 -1.62463796
vt 0.36629007 0.82361552
vt 0.36692430 1.48143187
vt 0.36771415 0.46804321
vt 0.36779561 0.77674423
vt 0.36822006 1.15420694
vt 0.36872258 0.91332988
vt 0.36872258 0.83878077
vt 0.37000760 0.88032381
vt 0.37009886 1.81368622
vt 0.37021026 0.83015319
vt 0.37028060 0.97258284
vt 0.37040870 0.30931208
vt 0.37142655 0.89233284
vt 0.37148402 0.86166757
vt 0.37179956 -1.65949728
vt 0.37179956 -1.65949728
vt 0.37203917 0.67897213
vt 0.37280303 1.16112134
vt 0.37281410 1.48815241
vt 0.37282515 0.84311193
vt 0.37288548 0.77048418
vt 0.37331322 -0.16779774
vt 0.37336143 2.86006033
vt 0.37340183 1.29365816
vt 0.37368969 1.08410618
vt 0.37379036 1.08405704
vt 0.37391830 0.38936649
vt 0.37397476 1.14322913
vt 0.37404225 0.82442749
vt 0.37433612 0.58470148
vt 0.37446816 1.78726301
vt 0.37456223 3.33485518
vt 0.37493031 6.5991797e-2
vt 0.37500684 0.80583165
vt 0.37529066 -0.88487148
vt 0.37583351 0.78731584
vt 0.37622983 0.63634565
vt 0.37634216 -2.62266932
vt 0.37647349 -2.28916569
vt 0.37650963 0.76894287
vt 0.37715202 0.85569736
vt 0.37724044 0.75051355
vt 0.37733420 0.92753770
vt 0.37733420 0.85298859
vt 0.37763044 1.53595358
vt 0.37797776 0.73185052
vt 0.37817968 1.13947812
vt 0.37889344 0.71310668
vt 0.37928379 -0.16073530
vt 0.37983720 0.69428046
vt 0.37989230 -1.62859928
vt 0.38043833 0.15962078
vt 0.38043833 0.24664288
vt 0.38110239 0.27791315
vt 0.38155544 0.96946669
vt 0.38183550 0.16821552
vt 0.38220414 0.44457574
vt 0.38220414 -0.19505566
vt 0.38220584 -0.47476644
vt 0.38271566 0.66271653
vt 0.38315275 1.07495069
vt 0.38336588 1.92348119
vt 0.38355468 0.97249444
vt 0.38470464 -2.78838059
vt 0.38502878 -0.46314245
vt 0.38605100 2.9673756e-2
vt 0.38613828 -0.76888496
vt 0.38717589 0.55213484
vt 0.38740214 0.70899295
vt 0.38751683 -0.14504049
vt 0.38759521 0.75156893
vt 0.38774602 4.92868515
vt 0.38777343 0.87299072
vt 0.38796329 2.34474878
vt 0.38837481 0.98760266
vt 0.38859953 -0.45500140
vt 0.38960882 0.65421001
vt 0.39013471 1.95521238
vt 0.39038405 0.43690810
vt 0.39050918 -0.81603762
vt 0.39094141 -0.48846564
vt 0.39236304 1.10517650
vt 0.39347141 0.64658603
vt 0.39384788 7.6256453e-2
vt 0.39427514 0.88590089
vt 0.39431783 -1.63203607
vt 0.39443529 1.48105770
vt 0.39452116 -0.94443469
vt 0.39452116 -0.94443469
vt 0.39552335 0.89887614
vt 0.39582788 -0.20577082
vt 0.39612994 0.19046810
vt 0.39749223 0.24447255
vt 0.39780866 -0.25217720
vt 0.39921319 0.23161166
vt 0.39996817 1.48825004
vt 0.40060069 1.16445684
vt 0.40212512 -0.23953742
vt 0.40213161 0.28543005
vt 0.40333720 0.60966628
vt 0.40373860 -0.15125704
vt 0.40373860 0.25989964
vt 0.40429597 -0.27375844
vt 0.40429597 0.51590635
vt 0.40429597 0.42376345
vt 0.40429597 0.45104954
vt 0.40429597 0.46333200
vt 0.40429597 -0.30004562
vt 0.40429597 -0.24747126
vt 0.40429597 -0.34133643
vt 0.40429597 -0.36862252
vt 0.40429597 0.48961918
vt 0.40441163 0.63053153
vt 0.40449312 0.84218061
vt 0.40489775 0.46965021
vt 0.40489775 0.44336304
vt 0.40489775 1.20674065
vt 0.40489775 1.23302783
vt 0.40497857 -0.22253375
vt 0.40497857 -0.19524766
vt 0.40497857 0.59713830
vt 0.40497857 0.56985221
vt 0.40522053 0.83051375
vt 0.40552601 1.15552077
vt 0.40606379 5.01398748
vt 0.40620805 0.79020854
vt 0.40643601 0.97785024
vt 0.40645943 3.61295027
vt 0.40676472 0.37859374
vt 0.40707560 0.69834064
vt 0.40838712 0.62541634
vt 0.40838712 0.12112454
vt 0.40865295 -1.63503611
vt 0.40874730 -0.13771825
vt 0.40925051 -1.94057287
vt 0.40930170 -0.13111616
vt 0.41013327 0.82965902
vt 0.41021168 -0.48809698
vt 0.41029398 1.09234949
vt 0.41081888 0.42613223
vt 0.41101004 0.82853568
vt 0.41142718 2.9162005e-2
vt 0.41174726 0.39314478
vt 0.41185178 0.37585476
vt 0.41187411 0.79269787
vt 0.41194915 0.39380186
vt 0.41198116 0.35745109
vt 0.41199855 0.40908396
vt 0.41203644 0.33917677
vt 0.41213498 0.45639290
vt 0.41214121 0.38907371
vt 0.41215156 0.41164657
vt 0.41221564 1.75807904
vt 0.41228453 0.51987706
vt 0.41261277 0.42931449
vt 0.41293645 0.50173519
vt 0.41298980 0.44716784
vt 0.41304898 0.42865416
vt 0.41319682 0.81433049
vt 0.41322368 0.37448854
vt 0.41323823 0.48353007
vt 0.41329254 0.46540406
vt 0.41337138 0.36921135
vt 0.41355887 0.23617170
vt 0.41386890 -2.33485518
vt 0.41441231 0.79490274
vt 0.41445293 -0.16002017
vt 0.41456481 0.35593291
vt 0.41460397 0.44779281
vt 0.41498035 0.96005944
vt 0.41521901 -2.18791342
vt 0.41537480 0.61463180
vt 0.41551806 0.34998052
vt 0.41557017 0.77531350
vt 0.41578190 0.33724847
vt 0.41619310 0.90854513
vt 0.41635873 0.15697938
vt 0.41674649 0.31865262
vt 0.41694805 0.75584164
vt 0.41757316 0.30013681
vt 0.41784891 0.33117370
vt 0.41787642 0.25522679
vt 0.41824928 0.28176385
vt 0.41840271 0.90895925
vt 0.41849573 0.81523420
vt 0.41862983 -0.18572032
vt 0.41862983 -0.18572032
vt 0.41882145 0.73654685
vt 0.41896135 -4.6455573e-2
vt 0.41898010 0.26333452
vt 0.41918210 -0.16834001
vt 0.41918210 -0.16834001
vt 0.41933200 0.65840315
vt 0.41940396 0.27413274
vt 0.41948609 0.31227395
vt 0.41960503 0.97776916
vt 0.41971742 0.24467150
vt 0.41982578 1.90508542
vt 0.42014171 0.29319427
vt 0.42063309 0.22592765
vt 0.42088063 0.71732041
vt 0.42115811 4.74685054
vt 0.42157686 0.20710143
vt 0.42229546 5.07523642
vt 0.42259011 0.69790433
vt 0.42273595 0.89337915
vt 0.42299281 -1.63801526
vt 0.42300115 0.71135804
vt 0.42338634 3.40978425
vt 0.42415559 -0.76702168
vt 0.42415640 -0.27375844
vt 0.42415640 0.51590635
vt 0.42415640 0.42376345
vt 0.42415640 0.45104954
vt 0.42415640 0.46333200
vt 0.42415640 -0.30004562
vt 0.42415640 -0.34133643
vt 0.42415640 -0.24747126
vt 0.42415640 -0.36862252
vt 0.42415640 0.48961918
vt 0.42423056 0.67853116
vt 0.42441181 0.81729840
vt 0.42475818 0.46965021
vt 0.42475818 0.44336304
vt 0.42475818 1.20674065
vt 0.42475818 1.23302783
vt 0.42483899 -0.22253375
vt 0.42483899 -0.19524766
vt 0.42483899 0.59713830
vt 0.42483899 0.56985221
vt 0.42511853 0.23344125
vt 0.42517250 0.49832088
vt 0.42555198 -0.49349439
vt 0.42592559 4.36475261
vt 0.42613413 0.65933147
vt 0.42627006 0.84274314
vt 0.42629406 0.67223412
vt 0.42660466 0.59882641
vt 0.42741900 0.85130313
vt 0.42741964 0.50042268
vt 0.42747494 1.48458876
vt 0.42787372 0.64020314
vt 0.42793905 1.49173574
vt 0.42815717 0.48210180
vt 0.42842394 0.38727693
vt 0.42855296 0.36836077
vt 0.42856227 0.40616536
vt 0.42863111 0.46371349
vt 0.42870770 0.90346746
vt 0.42873489 1.31291248
vt 0.42873661 0.42524720
vt 0.42882125 0.44452656
vt 0.42884755 0.34931109
vt 0.42911601 3.78715583
vt 0.42937913 0.62099087
vt 0.42937922 0.33069960
vt 0.42991954 0.31222381
vt 0.43032359 0.80274988
vt 0.43061488 0.72070728
vt 0.43078668 -0.14507497
vt 0.43087706 0.73950222
vt 0.43091738 0.70305540
vt 0.43200430 0.75831115
vt 0.43279407 -0.48673325
vt 0.43310361 3.27966500
vt 0.43361033 0.97872574
vt 0.43386037 0.77617597
vt 0.43397529 -0.44950890
vt 0.43407748 0.66948752
vt 0.43443322 0.78031740
vt 0.43479164 0.68850999
vt 0.43481463 0.78505487
vt 0.43489182 0.76629665
vt 0.43498831 0.74719171
vt 0.43504106 0.80422347
vt 0.43514510 0.72787469
vt 0.43529042 0.70816334
vt 0.43556191 0.82333979
vt 0.43557463 0.79307584
vt 0.43580731 0.84211809
vt 0.43601324 0.86099187
vt 0.43608960 0.88508732
vt 0.43639707 0.74563122
vt 0.43644403 0.86804159
vt 0.43644601 -1.52171035
vt 0.43653850 0.81089529
vt 0.43669445 0.83030891
vt 0.43671631 0.84993901
vt 0.43785532 0.58325863
vt 0.43818095 -1.33836028
vt 0.43843230 0.53819956
vt 0.44052991 0.64799957
vt 0.44057068 2.87358818
vt 0.44124407 0.66702204
vt 0.44126706 0.76356692
vt 0.44134425 0.74480870
vt 0.44144073 0.72570376
vt 0.44149348 0.78273552
vt 0.44157046 0.73274363
vt 0.44159753 0.70638675
vt 0.44174285 0.68667539
vt 0.44201434 0.80185184
vt 0.44225974 0.82063014
vt 0.44246567 0.83950392
vt 0.44248381 1.81568570
vt 0.44290788 0.64488700
vt 0.44293106 -0.49259342
vt 0.44293764 0.50178857
vt 0.44320174 0.83822614
vt 0.44365087 1.81873863
vt 0.44381302 1.49042448
vt 0.44401682 -0.27375844
vt 0.44401682 0.42376345
vt 0.44401682 0.51590635
vt 0.44401682 0.45104954
vt 0.44401682 0.46333200
vt 0.44401682 -0.30004562
vt 0.44401682 -0.34133643
vt 0.44401682 -0.24747126
vt 0.44401682 -0.36862252
vt 0.44401682 0.48961918
vt 0.44441559 -1.08843030
vt 0.44461860 0.46965021
vt 0.44461860 0.44336304
vt 0.44461860 1.20674065
vt 0.44461860 1.23302783
vt 0.44469942 -0.22253375
vt 0.44469942 -0.19524766
vt 0.44469942 0.59713830
vt 0.44469942 0.56985221
vt 0.44597597 0.51280205
vt 0.44758224 1.81879024
vt 0.44794536 0.89997800
vt 0.44802136 -0.27113921
vt 0.44817257 0.70907149
vt 0.44876866 1.35441529
vt 0.44957242 0.98538612
vt 0.44987794 0.59401144
vt 0.45068355 -2.55552180
vt 0.45076799 2.10782922
vt 0.45235727 -0.35901803
vt 0.45247087 1.69624504
vt 0.45256683 0.53898439
vt 0.45256683 0.57022908
vt 0.45289827 0.52234864
vt 0.45289827 0.55359333
vt 0.45298760 0.50549625
vt 0.45298760 0.53674093
vt 0.45332315 0.48723856
vt 0.45332315 0.51848324
vt 0.45358310 0.24454156
vt 0.45358310 0.24664288
vt 0.45401271 0.71247160
vt 0.45418236 0.46969393
vt 0.45418236 0.50093861
vt 0.45442212 0.17039380
vt 0.45452926 0.69638262
vt 0.45493023 0.77241540
vt 0.45497638 -1.38741876
vt 0.45497638 2.46453400
vt 0.45497638 -1.47746600
vt 0.45497638 2.40914206
vt 0.45506846 1.51882555
vt 0.45551171 0.48472884
vt 0.45551171 0.45348416
vt 0.45587851 0.98147631
vt 0.45589926 -0.81819846
vt 0.45614774 0.91315782
vt 0.45745287 0.46921178
vt 0.45745287 0.43796710
vt 0.45748209 -0.69643363
vt 0.45833077 0.23372244
vt 0.45874250 0.77531363
vt 0.45892351 -0.81828107
vt 0.45934694 0.45272449
vt 0.45934694 0.42147981
vt 0.46083293 0.68373188
vt 0.46098569 0.43485876
vt 0.46098569 0.40361407
vt 0.46109014 0.13690137
vt 0.46156144 0.39983971
vt 0.46156144 0.36859502
vt 0.46161582 -0.81319353
vt 0.46176442 0.41709718
vt 0.46176442 0.38585250
vt 0.46177621 1.17212264
vt 0.46177621 1.17212264
vt 0.46224460 0.90684086
vt 0.46232848 1.18950295
vt 0.46232848 1.18950295
vt 0.46248704 -0.42048296
vt 0.46279046 0.45569918
vt 0.46387725 -0.27375844
vt 0.46387725 0.42376345
vt 0.46387725 0.51590635
vt 0.46387725 0.45104954
vt 0.46387725 0.46333200
vt 0.46387725 -0.30004562
vt 0.46387725 -0.34133643
vt 0.46387725 -0.24747126
vt 0.46387725 -0.36862252
vt 0.46387725 0.48961918
vt 0.46388394 -0.97786729
vt 0.46434574 4.08763879
vt 0.46447903 0.46965021
vt 0.46447903 0.44336304
vt 0.46447903 1.20674065
vt 0.46447903 1.23302783
vt 0.46455984 -0.22253375
vt 0.46455984 -0.19524766
vt 0.46455984 0.59713830
vt 0.46455984 0.56985221
vt 0.46474837 0.43052458
vt 0.46511136 3.03174406
vt 0.46569981 -1.53525041
vt 0.46608248 -2.32893663
vt 0.46616629 -1.28122550
vt 0.46641370 0.43285893
vt 0.46641370 1.7759976e-2
vt 0.46676204 0.56210212
vt 0.46681075 0.87952803
vt 0.46714633 0.67115163
vt 0.46717399 3.17832191
vt 0.46751567 -2.09263353
vt 0.46813625 0.83766040
vt 0.46829858 0.66524996
vt 0.46921693 -0.88061924
vt 0.46938095 0.27791315
vt 0.46953526 0.67236912
vt 0.46973002 0.24664288
vt 0.46973002 0.24664288
vt 0.46979766 1.05932945
vt 0.46984928 -0.13856838
vt 0.47007682 0.27791305
vt 0.47008493 0.17257998
vt 0.47339463 0.52796110
vt 0.47345472 0.65869013
vt 0.47514057 0.72480884
vt 0.47642757 0.58583445
vt 0.47642757 0.54540095
vt 0.47699567 0.39546677
vt 0.47779970 3.13413621
vt 0.47857423 3.09301405
vt 0.47900028 0.60446569
vt 0.47900028 0.56403219
vt 0.47932702 1.79792106
vt 0.47944686 0.83847793
vt 0.47971963 0.64640263
vt 0.48051215 0.63762512
vt 0.48126323 0.62333272
vt 0.48126323 0.58289922
vt 0.48129161 0.71242123
vt 0.48168821 1.02441120
vt 0.48236317 -0.71024823
vt 0.48236317 -0.71024823
vt 0.48251938 -0.26272531
vt 0.48259497 -4.6197407e-2
vt 0.48274329 0.37870810
vt 0.48274329 0.37870810
vt 0.48282797 0.62130392
vt 0.48282797 0.62130392
vt 0.48297629 1.04620942
vt 0.48305187 1.26273733
vt 0.48313914 0.93121988
vt 0.48320809 1.71026025
vt 0.48320809 1.71026025
vt 0.48321521 0.64273745
vt 0.48321521 0.60230395
vt 0.48373767 -0.27375844
vt 0.48373767 0.42376345
vt 0.48373767 0.51590635
vt 0.48373767 0.45104954
vt 0.48373767 0.46333200
vt 0.48373767 -0.30004562
vt 0.48373767 -0.34133643
vt 0.48373767 -0.24747126
vt 0.48373767 -0.36862252
vt 0.48373767 0.48961918
vt 0.48381668 0.69392567
vt 0.48381668 5.2615205e-2
vt 0.48405388 0.91190908
vt 0.48433945 0.46965021
vt 0.48433945 0.44336304
vt 0.48433945 1.20674065
vt 0.48433945 1.23302783
vt 0.48442026 -0.22253375
vt 0.48442026 -0.19524766
vt 0.48442026 0.59713830
vt 0.48442026 0.56985221
vt 0.48448422 0.67271924
vt 0.48498807 0.89235312
vt 0.48501809 0.66237580
vt 0.48501809 0.62194230
vt 0.48523795 1.34638823
vt 0.48523795 -0.34638823
vt 0.48523795 1.34638823
vt 0.48523795 -0.34638823
vt 0.48558935 -1.78398284
vt 0.48593198 0.87280342
vt 0.48606492 0.63431730
vt 0.48643715 1.94821732
vt 0.48643715 1.94821732
vt 0.48678986 0.64120153
vt 0.48678986 0.68163503
vt 0.48699750 0.85318685
vt 0.48772031 0.58063486
vt 0.48773994 -0.17339953
vt 0.48773994 0.33089228
vt 0.48803590 -1.03799350
vt 0.48809176 2.04883783
vt 0.48814073 0.83354870
vt 0.48868312 0.66005967
vt 0.48868312 0.70049317
vt 0.48921927 0.81432289
vt 0.48990263 0.10255076
vt 0.49031635 0.79491691
vt 0.49084125 -1.66327991
vt 0.49084125 -1.66327991
vt 0.49088422 0.67884747
vt 0.49088422 0.71928097
vt 0.49088437 0.18747148
vt 0.49094386 0.98809448
vt 0.49094950 0.27402039
vt 0.49111625 9.9733919e-2
vt 0.49114560 0.35944934
vt 0.49124360 -6.5905549e-2
vt 0.49124360 6.9727865e-2
vt 0.49124360 0.48639371
vt 0.49124360 0.20536128
vt 0.49124360 0.62202713
vt 0.49124360 0.75766054
vt 0.49135584 0.77590694
vt 0.49149115 0.44386211
vt 0.49164193 1.13558773
vt 0.49168960 1.0815436e-2
vt 0.49195722 -2.29067409
vt 0.49196343 0.52769995
vt 0.49214519 4.71544855
vt 0.49225628 0.98370935
vt 0.49227417 0.75699164
vt 0.49233352 2.6105701e-2
vt 0.49243475 0.83279079
vt 0.49250684 0.60692905
vt 0.49304769 5.06420677
vt 0.49313459 0.73774044
vt 0.49318186 0.68940839
vt 0.49332671 0.69792326
vt 0.49332671 0.73835676
vt 0.49406668 0.78088637
vt 0.49417274 -0.18879400
vt 0.49423924 0.91577751
vt 0.49427251 0.90747119
vt 0.49451498 0.87528143
vt 0.49550910 0.15697938
vt 0.49582434 0.90906176
vt 0.49589373 0.71714746
vt 0.49589373 0.75758096
vt 0.49600871 0.23788690
vt 0.49614120 1.01518260
vt 0.49671334 0.97462178
vt 0.49729852 2.35369940
vt 0.49739783 0.60799309
vt 0.49753073 0.84888752
vt 0.49762076 0.70709459
vt 0.49834543 0.73619202
vt 0.49834543 0.77662552
vt 0.49952396 3.07962691
vt 0.49991713 0.69717188
vt 0.50079407 0.78599465
vt 0.50173941 0.37508338
vt 0.50194867 0.35583234
vt 0.50217836 0.33621750
vt 0.50237383 0.31623766
vt 0.50248565 1.12742311
vt 0.50258136 0.29632606
vt 0.50258286 0.88906891
vt 0.50280352 0.27680931
vt 0.50293282 2.19479189
vt 0.50295169 0.99184636
vt 0.50308578 0.25765956
vt 0.50337919 0.73779950
vt 0.50338992 0.23861792
vt 0.50359809 -0.27375844
vt 0.50359809 0.42376345
vt 0.50359809 0.45104954
vt 0.50359809 0.51590635
vt 0.50359809 0.46333200
vt 0.50359809 -0.30004562
vt 0.50359809 -0.34133643
vt 0.50359809 -0.24747126
vt 0.50359809 -0.36862252
vt 0.50359809 0.48961918
vt 0.50362114 0.79183535
vt 0.50372302 0.21956515
vt 0.50402885 0.20045586
vt 0.50419988 0.46965021
vt 0.50419988 0.44336304
vt 0.50419988 1.20674065
vt 0.50419988 1.23302783
vt 0.50428069 -0.22253375
vt 0.50428069 -0.19524766
vt 0.50428069 0.59713830
vt 0.50428069 0.56985221
vt 0.50437140 0.18129301
vt 0.50469443 0.71338202
vt 0.50477903 1.13555101
vt 0.50490281 1.81854399
vt 0.50539416 0.70014318
vt 0.50577324 1.86967384
vt 0.50612528 0.68703178
vt 0.50686701 0.84942680
vt 0.50687699 0.67402793
vt 0.50761603 0.66113066
vt 0.50835497 0.64835331
vt 0.50909291 0.63567787
vt 0.50915875 2.66327991
vt 0.50915875 2.66327991
vt 0.50920868 0.57334490
vt 0.51054872 0.63121691
vt 0.51234227 0.58199713
vt 0.51261896 1.78283758
vt 0.51300289 -0.42336614
vt 0.51356285 -0.94821732
vt 0.51356285 -0.94821732
vt 0.51442550 0.65230506
vt 0.51474922 -0.81625712
vt 0.51476205 1.34638823
vt 0.51476205 -0.34638823
vt 0.51476205 1.34638823
vt 0.51476205 -0.34638823
vt 0.51518633 3.80265632
vt 0.51567184 0.24446997
vt 0.51581408 2.37940036
vt 0.51679191 -0.71026025
vt 0.51679191 -0.71026025
vt 0.51694813 -0.26273733
vt 0.51702371 -4.6209425e-2
vt 0.51717203 0.37869608
vt 0.51717203 0.37869608
vt 0.51725671 0.62129190
vt 0.51725671 0.62129190
vt 0.51740503 1.04619741
vt 0.51748062 1.26272531
vt 0.51763683 1.71024823
vt 0.51763683 1.71024823
vt 0.51853735 3.20228330
vt 0.52048595 6.2357078e-3
vt 0.52048595 0.41739239
vt 0.52095004 0.94805087
vt 0.52108358 0.43714645
vt 0.52208684 1.96150907
vt 0.52345852 -0.27375844
vt 0.52345852 0.42376345
vt 0.52345852 0.45104954
vt 0.52345852 0.51590635
vt 0.52345852 0.46333200
vt 0.52345852 -0.30004562
vt 0.52345852 -0.34133643
vt 0.52345852 -0.24747126
vt 0.52345852 -0.36862252
vt 0.52345852 0.48961918
vt 0.52406030 0.46965021
vt 0.52406030 0.44336304
vt 0.52406030 1.20674065
vt 0.52406030 1.23302783
vt 0.52414111 -0.22253375
vt 0.52414111 -0.19524766
vt 0.52414111 0.59713830
vt 0.52414111 0.56985221
vt 0.52460207 -0.46112659
vt 0.52477624 -2.9851527e-2
vt 0.52621664 4.97687402
vt 0.52625860 -0.20900013
vt 0.52635315 4.12526762
vt 0.52741926 0.11421817
vt 0.52804422 1.12742102
vt 0.52910386 2.87249102
vt 0.52927441 0.91011756
vt 0.52944946 0.82357346
vt 0.53100147 0.98193289
vt 0.53109533 0.29448139
vt 0.53124329 0.66537954
vt 0.53140966 0.84099648
vt 0.53191103 0.91884916
vt 0.53215972 0.63712080
vt 0.53219566 0.98883608
vt 0.53231554 0.91679241
vt 0.53299815 0.16313000
vt 0.53299815 0.23961199
vt 0.53306761 3.78072961
vt 0.53307053 0.15697938
vt 0.53379829 0.82554137
vt 0.53402574 0.23800393
vt 0.53424979 -0.81328417
vt 0.53430636 0.78693399
vt 0.53622905 1.01108629
vt 0.53652567 4.88112305
vt 0.53672568 0.94647016
vt 0.53692427 0.58367118
vt 0.53704268 0.64988636
vt 0.53715787 0.17534552
vt 0.53767152 -0.18950295
vt 0.53767152 -0.18950295
vt 0.53822379 -0.17212264
vt 0.53822379 -0.17212264
vt 0.53889040 0.71945995
vt 0.53910173 1.51914832
vt 0.53965706 2.10817452
vt 0.54030730 0.50037773
vt 0.54135056 1.05325810
vt 0.54156451 0.13708374
vt 0.54184327 0.50145908
vt 0.54184327 -5.0840176e-2
vt 0.54184362 0.66280886
vt 0.54199296 1.80391259
vt 0.54232932 1.78648068
vt 0.54290730 0.81261261
vt 0.54302138 -0.21197564
vt 0.54331894 -0.27375844
vt 0.54331894 0.42376345
vt 0.54331894 0.45104954
vt 0.54331894 0.51590635
vt 0.54331894 0.46333200
vt 0.54331894 -0.30004562
vt 0.54331894 -0.34133643
vt 0.54331894 -0.24747126
vt 0.54331894 -0.36862252
vt 0.54331894 0.48961918
vt 0.54384905 0.85964533
vt 0.54386566 -0.42029638
vt 0.54392073 0.46965021
vt 0.54392073 0.44336304
vt 0.54392073 1.20674065
vt 0.54392073 1.23302783
vt 0.54400154 -0.22253375
vt 0.54400154 -0.19524766
vt 0.54400154 0.59713830
vt 0.54400154 0.56985221
vt 0.54405047 0.94382754
vt 0.54435247 -2.79193780
vt 0.54492250 0.17021371
vt 0.54502362 -1.47746600
vt 0.54502362 -1.38741876
vt 0.54502362 2.40914206
vt 0.54502362 2.46453400
vt 0.54510663 1.48238231
vt 0.54542885 -1.20007003
vt 0.54573414 0.50716521
vt 0.54574924 -0.97767808
vt 0.54576899 1.81462052
vt 0.54580419 0.69171959
vt 0.54596520 0.21085589
vt 0.54666820 0.67586589
vt 0.54727527 3.46006800
vt 0.54752970 5.12527246
vt 0.54763282 -1.53505977
vt 0.54770445 0.23996079
vt 0.54771773 -0.78629209
vt 0.54776223 0.82951809
vt 0.54777456 0.15823198
vt 0.54777456 0.23994817
vt 0.54777456 0.15823213
vt 0.54815915 0.49392167
vt 0.54859900 3.2297401e-2
vt 0.54909847 -2.09244271
vt 0.54972395 1.10805516
vt 0.54981880 0.30731278
vt 0.55002168 3.18160603
vt 0.55099464 0.55948059
vt 0.55124147 1.79393323
vt 0.55131212 1.15524251
vt 0.55152298 0.68901427
vt 0.55208471 0.16822226
vt 0.55354917 0.11080473
vt 0.55369344 2.23278830
vt 0.55419710 -2.13392001
vt 0.55451751 4.98174105
vt 0.55640369 0.70224222
vt 0.55660861 0.49982832
vt 0.55746789 1.81862748
vt 0.55746944 1.22337540
vt 0.55752074 0.50156786
vt 0.55783165 1.12182474
vt 0.55835776 0.27791249
vt 0.55901932 0.24664288
vt 0.55949270 1.14094992
vt 0.55972504 -0.21637047
vt 0.55981271 0.50309895
vt 0.56016639 0.49755873
vt 0.56033874 4.57122280
vt 0.56062946 3.19667863
vt 0.56066468 0.17445065
vt 0.56103229 0.43993074
vt 0.56114309 0.78150372
vt 0.56131236 0.71548213
vt 0.56150972 -0.80810507
vt 0.56241102 -0.80273406
vt 0.56247636 0.19261159
vt 0.56247636 0.23962488
vt 0.56247636 0.15697938
vt 0.56316951 -0.24190886
vt 0.56316951 0.39940161
vt 0.56317937 -0.27375844
vt 0.56317937 0.42376345
vt 0.56317937 0.45104954
vt 0.56317937 0.51590635
vt 0.56317937 0.46333200
vt 0.56317937 -0.30004562
vt 0.56317937 -0.24747126
vt 0.56317937 -0.34133643
vt 0.56317937 -0.36862252
vt 0.56317937 0.48961918
vt 0.56378115 0.46965021
vt 0.56378115 0.44336304
vt 0.56378115 1.20674065
vt 0.56378115 1.23302783
vt 0.56386196 -0.22253375
vt 0.56386196 -0.19524766
vt 0.56386196 0.59713830
vt 0.56386196 0.56985221
vt 0.56398015 -0.14764210
vt 0.56407044 1.78432839
vt 0.56409050 3.25028857
vt 0.56415529 0.55213092
vt 0.56473227 -1.32913893
vt 0.56526669 0.59705195
vt 0.56530382 0.73960865
vt 0.56663176 0.50141083
vt 0.56667317 0.41779356
vt 0.56667317 0.55342697
vt 0.56667317 0.68906039
vt 0.56667317 0.27396143
vt 0.56667317 2.6946041e-3
vt 0.56667317 0.13832802
vt 0.56729144 0.51306539
vt 0.56734487 0.78744886
vt 0.56740899 -0.14533891
vt 0.56811154 0.82910046
vt 0.56856856 0.85142557
vt 0.56867322 0.67226777
vt 0.56875036 3.56050454
vt 0.56893274 0.85006176
vt 0.56899861 0.24205601
vt 0.56899861 0.27707119
vt 0.56945885 -0.78844438
vt 0.57001638 0.26206356
vt 0.57001638 0.29707874
vt 0.57008677 0.91628991
vt 0.57072244 0.16962341
vt 0.57100368 0.28212003
vt 0.57100368 0.31713521
vt 0.57128320 -1.92282841
vt 0.57182773 1.90547058
vt 0.57196234 0.30151665
vt 0.57196234 0.33653183
vt 0.57236403 1.14058317
vt 0.57293194 0.32083597
vt 0.57293194 0.35585115
vt 0.57394724 0.34022468
vt 0.57394724 0.37523986
vt 0.57398904 2.9244049e-2
vt 0.57486523 0.42628079
vt 0.57490812 0.90056822
vt 0.57493612 3.07512597
vt 0.57496261 0.39470953
vt 0.57496261 0.35969435
vt 0.57511246 0.49534349
vt 0.57523437 0.98511108
vt 0.57525482 0.83365717
vt 0.57547641 -0.75832080
vt 0.57583235 0.97425386
vt 0.57597863 0.41421136
vt 0.57597863 0.37919618
vt 0.57602565 -0.22194474
vt 0.57610283 -0.79255468
vt 0.57643785 1.38531309
vt 0.57645043 1.48436009
vt 0.57647802 0.80271502
vt 0.57671863 0.61243805
vt 0.57697997 0.43367413
vt 0.57697997 0.39865895
vt 0.57705187 0.83379717
vt 0.57795102 0.45365259
vt 0.57795102 0.41863741
vt 0.57831086 -0.46054223
vt 0.57843949 0.60164203
vt 0.57884031 0.47359890
vt 0.57884031 0.43858372
vt 0.57948506 0.82713502
vt 0.58044915 -0.33249088
vt 0.58081790 1.16834001
vt 0.58081790 1.16834001
vt 0.58121108 -0.13897592
vt 0.58137017 1.18572032
vt 0.58137017 1.18572032
vt 0.58303979 -0.27375844
vt 0.58303979 0.42376345
vt 0.58303979 0.45104954
vt 0.58303979 0.51590635
vt 0.58303979 0.46333200
vt 0.58303979 -0.30004562
vt 0.58303979 -0.34133643
vt 0.58303979 -0.24747126
vt 0.58303979 -0.36862252
vt 0.58303979 0.48961918
vt 0.58309220 0.37100015
vt 0.58363536 1.15874785
vt 0.58364158 0.46965021
vt 0.58364158 0.44336304
vt 0.58364158 1.20674065
vt 0.58364158 1.23302783
vt 0.58372239 -0.22253375
vt 0.58372239 -0.19524766
vt 0.58372239 0.59713830
vt 0.58372239 0.56985221
vt 0.58403197 1.46340103
vt 0.58516756 0.16788545
vt 0.58567098 1.05052389
vt 0.58627331 1.45944307
vt 0.58644886 0.15697938
vt 0.58774221 1.14768173
vt 0.58816167 0.62802624
vt 0.58825755 0.82743580
vt 0.58827866 0.33089228
vt 0.58827866 -0.17339953
vt 0.58831605 -2.30045164
vt 0.58869292 -0.76677966
vt 0.58931386 0.84088340
vt 0.58980282 1.78819018
vt 0.59052705 3.01920750
vt 0.59061655 0.82819857
vt 0.59092527 1.45341504
vt 0.59103457 0.55998357
vt 0.59106094 -0.13571617
vt 0.59176927 -0.22820724
vt 0.59187266 1.14429438
vt 0.59296536 0.79094011
vt 0.59342440 0.69079796
vt 0.59359956 0.57984280
vt 0.59368658 0.70959290
vt 0.59372690 0.67314608
vt 0.59398884 1.49869994
vt 0.59413404 0.74562983
vt 0.59481382 0.72840183
vt 0.59525916 3.41117945
vt 0.59541143 1.14644290
vt 0.59569449 -7.7195671e-2
vt 0.59569449 0.47306865
vt 0.59571005 0.44776748
vt 0.59663183 0.24259640
vt 0.59666990 0.74626665
vt 0.59690555 -0.14066673
vt 0.59720575 1.15521451
vt 0.59741743 0.38791054
vt 0.59831357 9.7781215e-2
vt 0.59838415 0.76316652
vt 0.59868559 -1.2124751e-2
vt 0.59889912 0.85517799
vt 0.59925355 0.83813227
vt 0.59934669 0.64364174
vt 0.59934802 0.78098597
vt 0.59950398 0.80039959
vt 0.59952584 0.82002969
vt 0.59989178 0.32459763
vt 0.60008651 0.22272182
vt 0.60167240 1.70891852
vt 0.60188062 0.17237479
vt 0.60189241 0.76296192
vt 0.60290022 -0.27375844
vt 0.60290022 0.42376345
vt 0.60290022 0.45104954
vt 0.60290022 0.51590635
vt 0.60290022 0.46333200
vt 0.60290022 -0.30004562
vt 0.60290022 -0.34133643
vt 0.60290022 -0.24747126
vt 0.60290022 -0.36862252
vt 0.60290022 0.48961918
vt 0.60303631 0.87022385
vt 0.60312491 -0.46150097
vt 0.60316758 0.77112100
vt 0.60350200 0.46965021
vt 0.60350200 0.44336304
vt 0.60350200 1.20674065
vt 0.60350200 1.23302783
vt 0.60358281 -0.22253375
vt 0.60358281 -0.19524766
vt 0.60358281 0.59713830
vt 0.60358281 0.56985221
vt 0.60392425 -0.92377405
vt 0.60419958 0.77677627
vt 0.60526481 0.90747119
vt 0.60547884 1.94443469
vt 0.60547884 1.94443469
vt 0.60577463 1.08204328
vt 0.60608882 -0.48881179
vt 0.60734153 -0.23449640
vt 0.60742310 0.34234776
vt 0.60761094 2.36188482
vt 0.60800525 0.83822894
vt 0.60815837 -0.44101795
vt 0.60838644 0.90640744
vt 0.60854603 -0.45540633
vt 0.60873822 0.32823277
vt 0.60892239 0.96870589
vt 0.60897588 -0.14439261
vt 0.60951481 0.71280442
vt 0.60958202 -0.78870061
vt 0.61002308 0.35644423
vt 0.61049350 0.65937650
vt 0.61050741 -0.83282286
vt 0.61062708 6.6096981e-2
vt 0.61181569 0.38957428
vt 0.61264919 0.17107331
vt 0.61272096 0.75479794
vt 0.61285361 0.88445218
vt 0.61294008 1.42756551
vt 0.61374878 0.31402958
vt 0.61422289 0.45047599
vt 0.61443215 0.43122494
vt 0.61466184 0.41161011
vt 0.61485731 0.39163027
vt 0.61506483 0.37171867
vt 0.61518175 4.34009181
vt 0.61528700 0.35220192
vt 0.61556926 0.33305217
vt 0.61577284 5.02785028
vt 0.61585380 0.82146824
vt 0.61587340 0.31401053
vt 0.61620650 0.29495775
vt 0.61650106 0.37034690
vt 0.61651233 0.27584847
vt 0.61685487 0.25668562
vt 0.61702803 0.30029053
vt 0.61731420 1.13622154
vt 0.61792144 1.78811463
vt 0.61795588 1.45643461
vt 0.61803604 0.21905887
vt 0.61805925 0.90460726
vt 0.61869462 0.98605249
vt 0.61906278 0.17842298
vt 0.61906397 0.88939851
vt 0.61965085 1.69439736
vt 0.62064240 0.29998768
vt 0.62106276 0.46538775
vt 0.62140776 -0.28513391
vt 0.62149768 0.67518512
vt 0.62202896 7.4449997e-2
vt 0.62238635 0.64488700
vt 0.62268396 0.28176046
vt 0.62307221 0.97514461
vt 0.62335130 -0.24043087
vt 0.62449635 1.13902828
vt 0.62466208 -0.69828132
vt 0.62466741 0.38408239
vt 0.62544299 1.83565539
vt 0.62585273 0.28543328
vt 0.62590417 0.25535942
vt 0.62636649 0.37880966
vt 0.62646442 -0.45338759
vt 0.62703956 -0.20793901
vt 0.62760606 -2.32956548
vt 0.62789435 0.36325484
vt 0.62800119 0.27055543
vt 0.62820044 2.65949728
vt 0.62820044 2.65949728
vt 0.62836537 0.39433682
vt 0.62905789 1.2800094e-2
vt 0.62996539 0.77527651
vt 0.63099857 0.24434160
vt 0.63115448 0.39869053
vt 0.63142186 0.82972932
vt 0.63146893 -1.55911927
vt 0.63159062 -0.13220964
vt 0.63217212 4.97824565
vt 0.63240514 0.69108501
vt 0.63256169 0.91292074
vt 0.63287815 0.52796097
vt 0.63295416 0.95623123
vt 0.63318801 -0.14033467
vt 0.63383686 0.46877671
vt 0.63386928 0.34789815
vt 0.63400811 0.40962897
vt 0.63404982 3.9103718e-2
vt 0.63491947 0.19494386
vt 0.63495486 0.77743775
vt 0.63528654 0.18265540
vt 0.63528654 0.18145481
vt 0.63638257 0.77996964
vt 0.63648758 1.05932924
vt 0.63694560 0.83923360
vt 0.63738213 -0.20900013
vt 0.63950712 2.69897180
vt 0.64031405 -0.24508260
vt 0.64087774 0.83779863
vt 0.64118580 -0.44573223
vt 0.64170513 0.33220482
vt 0.64192484 0.85036228
vt 0.64196252 8.4983894e-2
vt 0.64214664 0.71672904
vt 0.64221861 0.42436726
vt 0.64247096 0.57631251
vt 0.64268353 0.48829346
vt 0.64281569 0.62744293
vt 0.64300307 -0.10710770
vt 0.64300307 0.30404898
vt 0.64339478 -0.11275123
vt 0.64418471 4.05063959
vt 0.64436440 0.27225327
vt 0.64492788 1.44536280
vt 0.64525701 1.45446764
vt 0.64563754 1.36440101
vt 0.64713205 2.7763874e-2
vt 0.64793221 0.49788765
vt 0.64820192 0.31688678
vt 0.64829579 0.43171514
vt 0.64902286 0.28682721
vt 0.64961061 0.50893031
vt 0.64986238 -2.70942068
vt 0.64998691 -0.16448434
vt 0.65042846 -0.45162241
vt 0.65074141 0.25421216
vt 0.65083831 0.76469958
vt 0.65117287 0.30174294
vt 0.65229705 0.21440385
vt 0.65289915 0.29140406
vt 0.65338048 0.85569630
vt 0.65406538 0.38295984
vt 0.65414492 -0.21197564
vt 0.65423121 -0.48630886
vt 0.65501965 1.96661733
vt 0.65509141 -4.15054477
vt 0.65555380 0.84461795
vt 0.65562978 -1.55984434
vt 0.65735609 -0.24850049
vt 0.65771349 0.82664718
vt 0.65860809 1.44761017
vt 0.65891615 0.61126647
vt 0.65905949 0.85832227
vt 0.65907831 -0.44244393
vt 0.66002775 0.20936118
vt 0.66014743 3.73663738
vt 0.66023577 0.30187367
vt 0.66024566 0.36576298
vt 0.66029013 1.77721128
vt 0.66112415 0.28697001
vt 0.66154119 1.78318547
vt 0.66329429 0.31689892
vt 0.66369711 0.70671731
vt 0.66370822 0.39940161
vt 0.66370822 -0.24190886
vt 0.66386475 0.51125224
vt 0.66402523 0.49898329
vt 0.66429381 0.89122951
vt 0.66463750 -0.17344310
vt 0.66518527 1.61846682
vt 0.66531864 1.78567832
vt 0.66548545 0.30733464
vt 0.66571038 0.26297214
vt 0.66581599 0.47444578
vt 0.66591691 0.28991024
vt 0.66600165 0.27237168
vt 0.66637102 0.27250019
vt 0.66675099 0.25491537
vt 0.66717652 0.23732723
vt 0.66757664 0.21955495
vt 0.66806635 0.20177765
vt 0.66854349 0.18416372
vt 0.66869085 0.42379518
vt 0.66888690 0.73822970
vt 0.66902286 0.33224320
vt 0.66911525 0.16654390
vt 0.66963929 0.14911647
vt 0.67021790 0.13168228
vt 0.67084858 -0.21637047
vt 0.67149060 0.84026379
vt 0.67206624 0.48125703
vt 0.67367750 -0.77956539
vt 0.67404185 -0.25051428
vt 0.67496329 -0.78022322
vt 0.67518462 0.16434402
vt 0.67643944 0.34776971
vt 0.67669756 0.40912631
vt 0.67831023 0.14738272
vt 0.67873293 -0.77623813
vt 0.67916753 2.25684184
vt 0.67990183 0.49006207
vt 0.68032490 1.86991362
vt 0.68131910 0.95426538
vt 0.68253122 0.39814995
vt 0.68312132 0.36309705
vt 0.68350439 0.15697938
vt 0.68358797 0.39392071
vt 0.68436719 0.18635916
vt 0.68494338 0.53447519
vt 0.68542301 -0.55691444
vt 0.68544220 0.52619560
vt 0.68556270 0.37854023
vt 0.68560101 0.26980905
vt 0.68642096 0.60254655
vt 0.68682023 0.44460107
vt 0.68714918 -0.22194474
vt 0.68741970 0.25464317
vt 0.68762372 0.28469022
vt 0.68883035 0.38344360
vt 0.68899843 0.36137945
vt 0.69011898 0.27966808
vt 0.69059260 0.65024193
vt 0.69078795 -0.25267946
vt 0.69139239 0.68166357
vt 0.69141851 -0.15852238
vt 0.69150061 0.27660622
vt 0.69275984 0.16866755
vt 0.69318241 0.29934761
vt 0.69351852 -1.30212103
vt 0.69395814 0.19047818
vt 0.69610442 0.37703333
vt 0.69634402 0.10329169
vt 0.69715259 0.36977064
vt 0.69733826 0.85499062
vt 0.69735290 0.24357085
vt 0.69738264 0.92861556
vt 0.69757437 0.22467424
vt 0.69814333 0.26234098
vt 0.69848690 0.35845177
vt 0.69859813 0.90918781
vt 0.69869241 0.57009035
vt 0.69872192 1.5244972e-2
vt 0.69913927 0.20588210
vt 0.69960795 0.28104003
vt 0.69975599 0.88959857
vt 0.69979434 0.31330979
vt 0.69983367 0.77022970
vt 0.70042760 0.33934828
vt 0.70056458 1.97618142
vt 0.70087495 0.30012891
vt 0.70113387 0.87012671
vt 0.70117639 0.31972267
vt 0.70151783 0.18729707
vt 0.70217308 -1.58004526
vt 0.70289280 -0.22820724
vt 0.70300727 0.85083192
vt 0.70355474 0.35575965
vt 0.70506645 0.83160548
vt 0.70512887 0.32759154
vt 0.70537538 2.37687803
vt 0.70568816 0.55784338
vt 0.70578747 0.92623504
vt 0.70583675 -1.05477551
vt 0.70590225 0.69597589
vt 0.70620766 0.34168091
vt 0.70649070 0.60356518
vt 0.70677593 0.81218940
vt 0.70708643 0.14046407
vt 0.70722106 0.18665930
vt 0.70747390 5.4746257e-2
vt 0.70780313 0.77705811
vt 0.70780313 0.85591965
vt 0.70780313 -1.2606687e-2
vt 0.70780313 0.72448375
vt 0.70780313 0.75077093
vt 0.70780313 -3.8893865e-2
vt 0.70780313 3.9967670e-2
vt 0.70780313 6.6254849e-2
vt 0.70780313 0.80334529
vt 0.70780313 0.82963247
vt 0.70780313 0.88220682
vt 0.70780313 0.25026510
vt 0.70780313 1.01364272
vt 0.70780313 0.14511638
vt 0.70780313 0.90849400
vt 0.70780313 0.17140356
vt 0.70780313 0.93478118
vt 0.70780313 0.11882921
vt 0.70780313 0.22397792
vt 0.70780313 0.98735554
vt 0.70780313 0.19769074
vt 0.70780313 0.96106836
vt 0.70780313 0.27655228
vt 0.70780313 1.03992989
vt 0.70780313 0.30283945
vt 0.70780313 1.06621707
vt 0.70780313 1.3680492e-2
vt 0.70780313 9.2542027e-2
vt 0.70803558 1.11013179
vt 0.70841638 0.79281623
vt 0.70848733 0.86291337
vt 0.70978141 0.85150612
vt 0.71031994 0.77361654
vt 0.71098400 0.67218337
vt 0.71205954 0.75448821
vt 0.71248418 0.78126402
vt 0.71296950 0.77932561
vt 0.71300295 0.15603561
vt 0.71356495 0.73527594
vt 0.71415350 0.95993932
vt 0.71644494 -0.58867893
vt 0.71721739 0.97387871
vt 0.71721739 -2.6083515e-2
vt 0.71721739 1.18417614
vt 0.71721739 0.76358128
vt 0.71721739 -5.2370693e-2
vt 0.71721739 0.13163956
vt 0.71721739 0.18421391
vt 0.71721739 0.36822416
vt 0.71721739 0.92130435
vt 0.71721739 2.6490842e-2
vt 0.71721739 0.28936263
vt 0.71721739 0.81615564
vt 0.71721739 0.10535238
vt 0.71721739 0.86873000
vt 0.71721739 0.31564981
vt 0.71721739 0.44708570
vt 0.71721739 5.2778021e-2
vt 0.71721739 7.9065199e-2
vt 0.71721739 0.84244282
vt 0.71721739 0.23678827
vt 0.71721739 1.00016589
vt 0.71721739 0.26307545
vt 0.71721739 1.02645307
vt 0.71721739 1.15788896
vt 0.71721739 0.34193698
vt 0.71721739 1.10531460
vt 0.71721739 1.07902742
vt 0.71721739 1.05274025
vt 0.71721739 0.39451134
vt 0.71721739 1.21046332
vt 0.71721739 0.94759153
vt 0.71721739 1.13160178
vt 0.71721739 0.15792673
vt 0.71721739 0.71100693
vt 0.71721739 0.78986846
vt 0.71721739 0.89501717
vt 0.71721739 2.0366372e-4
vt 0.71721739 0.73729410
vt 0.71721739 0.42079852
vt 0.71721739 0.21050109
vt 0.71764595 0.76299905
vt 0.71821161 -0.16278396
vt 0.71821161 0.38748036
vt 0.71846507 -0.23449640
vt 0.71935920 1.77239159
vt 0.71969481 -1.96895105
vt 0.72051363 -3.21331900
vt 0.72051968 0.58684534
vt 0.72051968 0.51229623
vt 0.72064599 1.97296823
vt 0.72175988 0.87525486
vt 0.72192769 1.21585058
vt 0.72219413 1.03483658
vt 0.72342676 0.31246301
vt 0.72461469 0.29221228
vt 0.72497999 0.32325292
vt 0.72519742 0.27550029
vt 0.72561638 -0.47131971
vt 0.72578238 0.25860409
vt 0.72615940 0.24170837
vt 0.72630760 0.58148699
vt 0.72659715 0.22481478
vt 0.72700592 0.20787739
vt 0.72708158 0.97522776
vt 0.72746138 0.19108522
vt 0.72755625 0.60090733
vt 0.72755625 0.52635822
vt 0.72766356 0.77705811
vt 0.72766356 0.85591965
vt 0.72766356 0.72448375
vt 0.72766356 0.82963247
vt 0.72766356 -1.2606687e-2
vt 0.72766356 0.75077093
vt 0.72766356 -3.8893865e-2
vt 0.72766356 3.9967670e-2
vt 0.72766356 6.6254849e-2
vt 0.72766356 0.80334529
vt 0.72766356 0.14511638
vt 0.72766356 0.17140356
vt 0.72766356 0.11882921
vt 0.72766356 0.88220682
vt 0.72766356 0.98735554
vt 0.72766356 0.25026510
vt 0.72766356 1.01364272
vt 0.72766356 0.90849400
vt 0.72766356 0.93478118
vt 0.72766356 0.22397792
vt 0.72766356 1.06621707
vt 0.72766356 0.19769074
vt 0.72766356 0.96106836
vt 0.72766356 0.27655228
vt 0.72766356 0.30283945
vt 0.72766356 1.03992989
vt 0.72766356 9.2542027e-2
vt 0.72766356 1.3680492e-2
vt 0.72790781 0.17423729
vt 0.72843599 0.15749736
vt 0.72879365 0.14078513
vt 0.72916318 0.12408411
vt 0.72985450 -0.76478293
vt 0.73047220 1.72535644
vt 0.73065597 0.30370144
vt 0.73169418 0.24664288
vt 0.73266187 0.55582357
vt 0.73368970 0.57406789
vt 0.73417716 0.30635504
vt 0.73447483 -0.24043087
vt 0.73461252 0.61537737
vt 0.73461252 0.54082826
vt 0.73466751 0.27433234
vt 0.73531613 0.15697938
vt 0.73531613 0.18507445
vt 0.73707781 0.97387871
vt 0.73707781 -2.6083515e-2
vt 0.73707781 1.18417614
vt 0.73707781 0.76358128
vt 0.73707781 0.13163956
vt 0.73707781 -5.2370693e-2
vt 0.73707781 0.18421391
vt 0.73707781 2.6490842e-2
vt 0.73707781 0.92130435
vt 0.73707781 0.36822416
vt 0.73707781 0.28936263
vt 0.73707781 0.10535238
vt 0.73707781 0.86873000
vt 0.73707781 0.31564981
vt 0.73707781 0.44708570
vt 0.73707781 5.2778021e-2
vt 0.73707781 7.9065199e-2
vt 0.73707781 0.81615564
vt 0.73707781 0.84244282
vt 0.73707781 0.23678827
vt 0.73707781 1.00016589
vt 0.73707781 0.26307545
vt 0.73707781 1.02645307
vt 0.73707781 1.15788896
vt 0.73707781 1.07902742
vt 0.73707781 1.10531460
vt 0.73707781 1.05274025
vt 0.73707781 0.39451134
vt 0.73707781 0.34193698
vt 0.73707781 1.21046332
vt 0.73707781 0.94759153
vt 0.73707781 0.15792673
vt 0.73707781 1.13160178
vt 0.73707781 0.78986846
vt 0.73707781 0.71100693
vt 0.73707781 0.89501717
vt 0.73707781 2.0366372e-4
vt 0.73707781 0.73729410
vt 0.73707781 0.42079852
vt 0.73707781 0.21050109
vt 0.73715080 0.71558917
vt 0.73743852 0.73416419
vt 0.73798822 0.69823121
vt 0.73898444 0.75286685
vt 0.74090177 0.85376404
vt 0.74130607 0.77031578
vt 0.74167161 0.63045864
vt 0.74167161 0.55590952
vt 0.74209172 8.0164222e-2
vt 0.74240224 0.87700649
vt 0.74322867 0.15562523
vt 0.74368556 0.78665909
vt 0.74406320 0.86038563
vt 0.74453492 0.23116892
vt 0.74557585 0.80392124
vt 0.74562194 0.84254228
vt 0.74596483 0.30661696
vt 0.74615526 0.82307796
vt 0.74672693 0.60537695
vt 0.74752398 0.85591965
vt 0.74752398 0.77705811
vt 0.74752398 0.72448375
vt 0.74752398 -1.2606687e-2
vt 0.74752398 0.75077093
vt 0.74752398 -3.8893865e-2
vt 0.74752398 3.9967670e-2
vt 0.74752398 6.6254849e-2
vt 0.74752398 0.80334529
vt 0.74752398 0.82963247
vt 0.74752398 0.17140356
vt 0.74752398 0.93478118
vt 0.74752398 0.11882921
vt 0.74752398 0.88220682
vt 0.74752398 0.98735554
vt 0.74752398 0.25026510
vt 0.74752398 1.01364272
vt 0.74752398 0.14511638
vt 0.74752398 0.90849400
vt 0.74752398 0.22397792
vt 0.74752398 1.06621707
vt 0.74752398 0.19769074
vt 0.74752398 0.96106836
vt 0.74752398 0.27655228
vt 0.74752398 1.03992989
vt 0.74752398 0.30283945
vt 0.74752398 1.3680492e-2
vt 0.74752398 9.2542027e-2
vt 0.74753641 0.38215339
vt 0.74758454 -0.16565077
vt 0.74852968 0.64558967
vt 0.74852968 0.57104056
vt 0.74932597 0.45769033
vt 0.75005703 0.79296257
vt 0.75066670 0.85793919
vt 0.75089228 0.94141258
vt 0.75126741 0.53311594
vt 0.75135662 0.72562584
vt 0.75143759 -0.24508260
vt 0.75159020 0.71130744
vt 0.75314517 0.92124989
vt 0.75331072 0.58708912
vt 0.75357613 0.60882969
vt 0.75386772 0.28190166
vt 0.75432692 -1.08655408
vt 0.75438801 0.47462629
vt 0.75445842 -0.21123795
vt 0.75449461 0.51535749
vt 0.75504554 0.66023391
vt 0.75504554 0.58568479
vt 0.75663724 0.34558064
vt 0.75693824 0.97387871
vt 0.75693824 -2.6083515e-2
vt 0.75693824 1.18417614
vt 0.75693824 0.76358128
vt 0.75693824 0.13163956
vt 0.75693824 -5.2370693e-2
vt 0.75693824 0.18421391
vt 0.75693824 2.6490842e-2
vt 0.75693824 0.92130435
vt 0.75693824 0.36822416
vt 0.75693824 0.28936263
vt 0.75693824 0.10535238
vt 0.75693824 0.86873000
vt 0.75693824 0.31564981
vt 0.75693824 0.44708570
vt 0.75693824 5.2778021e-2
vt 0.75693824 7.9065199e-2
vt 0.75693824 0.81615564
vt 0.75693824 0.26307545
vt 0.75693824 1.02645307
vt 0.75693824 1.15788896
vt 0.75693824 1.07902742
vt 0.75693824 0.34193698
vt 0.75693824 1.10531460
vt 0.75693824 0.84244282
vt 0.75693824 0.23678827
vt 0.75693824 1.00016589
vt 0.75693824 0.39451134
vt 0.75693824 1.21046332
vt 0.75693824 1.05274025
vt 0.75693824 0.94759153
vt 0.75693824 0.15792673
vt 0.75693824 1.13160178
vt 0.75693824 0.78986846
vt 0.75693824 0.71100693
vt 0.75693824 2.0366372e-4
vt 0.75693824 0.89501717
vt 0.75693824 0.73729410
vt 0.75693824 0.42079852
vt 0.75693824 0.21050109
vt 0.75731060 0.77186305
vt 0.75759258 3.84105448
vt 0.75788220 1.75356185
vt 0.75854133 0.28053374
vt 0.76002167 0.75089225
vt 0.76054159 8.7939052e-2
vt 0.76096332 -1.38130170
vt 0.76149357 0.67466202
vt 0.76149357 0.60011291
vt 0.76211928 0.17675086
vt 0.76305993 -0.10450770
vt 0.76305993 -7.8220521e-2
vt 0.76305993 0.68515710
vt 0.76305993 0.65886992
vt 0.76309946 0.18698062
vt 0.76309946 0.15888555
vt 0.76309946 0.15888555
vt 0.76309946 0.18698062
vt 0.76383074 -0.40148601
vt 0.76546803 0.63739633
vt 0.76554220 -0.97972288
vt 0.76602648 0.90883271
vt 0.76672051 -0.72684604
vt 0.76712563 0.99994691
vt 0.76738441 0.77705811
vt 0.76738441 0.85591965
vt 0.76738441 -1.2606687e-2
vt 0.76738441 0.98735554
vt 0.76738441 -3.8893865e-2
vt 0.76738441 3.9967670e-2
vt 0.76738441 0.72448375
vt 0.76738441 0.80334529
vt 0.76738441 0.82963247
vt 0.76738441 0.14511638
vt 0.76738441 0.90849400
vt 0.76738441 0.17140356
vt 0.76738441 0.93478118
vt 0.76738441 0.11882921
vt 0.76738441 0.88220682
vt 0.76738441 0.75077093
vt 0.76738441 0.22397792
vt 0.76738441 0.19769074
vt 0.76738441 0.96106836
vt 0.76738441 6.6254849e-2
vt 0.76738441 0.25026510
vt 0.76738441 1.01364272
vt 0.76738441 0.27655228
vt 0.76738441 0.30283945
vt 0.76738441 1.06621707
vt 0.76738441 1.03992989
vt 0.76738441 9.2542027e-2
vt 0.76738441 1.3680492e-2
vt 0.76767263 -1.55795836
vt 0.76786058 0.88920590
vt 0.76832358 0.68940370
vt 0.76832358 0.61485458
vt 0.76847962 -0.24850049
vt 0.76949504 0.86933230
vt 0.76980306 -2.13619384
vt 0.76989894 -0.10450770
vt 0.76989894 0.68515710
vt 0.76989894 -7.8220521e-2
vt 0.76989894 0.65886992
vt 0.77042592 1.97574028
vt 0.77079959 0.84906836
vt 0.77174563 0.82848823
vt 0.77238961 0.80807314
vt 0.77287690 0.78798478
vt 0.77289216 0.81818839
vt 0.77311367 0.56784999
vt 0.77350122 0.76799949
vt 0.77381710 0.62435686
vt 0.77432020 0.74801374
vt 0.77550261 0.70451354
vt 0.77550261 0.62996443
vt 0.77551637 0.72792059
vt 0.77630589 1.09129010
vt 0.77673794 0.68515710
vt 0.77673794 0.65886992
vt 0.77673794 -0.10450770
vt 0.77673794 -7.8220521e-2
vt 0.77679866 0.97387871
vt 0.77679866 -2.6083515e-2
vt 0.77679866 1.18417614
vt 0.77679866 0.76358128
vt 0.77679866 0.13163956
vt 0.77679866 0.92130435
vt 0.77679866 2.6490842e-2
vt 0.77679866 -5.2370693e-2
vt 0.77679866 0.18421391
vt 0.77679866 0.36822416
vt 0.77679866 0.31564981
vt 0.77679866 0.44708570
vt 0.77679866 5.2778021e-2
vt 0.77679866 0.81615564
vt 0.77679866 0.28936263
vt 0.77679866 1.02645307
vt 0.77679866 1.10531460
vt 0.77679866 0.10535238
vt 0.77679866 0.86873000
vt 0.77679866 1.07902742
vt 0.77679866 7.9065199e-2
vt 0.77679866 0.84244282
vt 0.77679866 1.05274025
vt 0.77679866 0.23678827
vt 0.77679866 1.00016589
vt 0.77679866 0.26307545
vt 0.77679866 0.39451134
vt 0.77679866 1.15788896
vt 0.77679866 1.21046332
vt 0.77679866 0.34193698
vt 0.77679866 0.94759153
vt 0.77679866 1.13160178
vt 0.77679866 0.71100693
vt 0.77679866 0.15792673
vt 0.77679866 0.78986846
vt 0.77679866 0.89501717
vt 0.77679866 2.0366372e-4
vt 0.77679866 0.73729410
vt 0.77679866 0.42079852
vt 0.77679866 0.21050109
vt 0.77684461 0.70809686
vt 0.77694143 0.45728102
vt 0.77694143 1.22065864
vt 0.77738947 -0.74862655
vt 0.77773232 0.93717430
vt 0.77773232 0.20008386
vt 0.77773232 0.96346148
vt 0.77773232 0.17379668
vt 0.77819609 -0.57500598
vt 0.77848181 0.14639961
vt 0.77848181 0.12011243
vt 0.77848181 0.88349005
vt 0.77848181 0.90977723
vt 0.77855809 6.6095672e-2
vt 0.77855809 0.85576047
vt 0.77855809 9.2382851e-2
vt 0.77855809 0.82947329
vt 0.77876814 1.01697479
vt 0.77876814 0.99068762
vt 0.77876814 0.22731000
vt 0.77876814 0.25359718
vt 0.78216367 0.68835013
vt 0.78230445 1.1053900e-2
vt 0.78230445 0.77443152
vt 0.78283578 0.71946548
vt 0.78283578 0.64491637
vt 0.78292035 -0.10450770
vt 0.78292035 -7.8220521e-2
vt 0.78292035 0.68515710
vt 0.78292035 0.65886992
vt 0.78318039 0.86118126
vt 0.78357466 0.71938975
vt 0.78357466 -4.3987873e-2
vt 0.78357695 0.65886992
vt 0.78357695 0.68515710
vt 0.78357695 -7.8220521e-2
vt 0.78357695 -0.10450770
vt 0.78393382 8.1331090e-2
vt 0.78454846 2.40509053
vt 0.78468358 -4.4206198e-2
vt 0.78516538 -0.25051428
vt 0.78724483 0.77705811
vt 0.78724483 0.85591965
vt 0.78724483 -1.2606687e-2
vt 0.78724483 0.98735554
vt 0.78724483 -3.8893865e-2
vt 0.78724483 3.9967670e-2
vt 0.78724483 6.6254849e-2
vt 0.78724483 0.72448375
vt 0.78724483 0.80334529
vt 0.78724483 0.82963247
vt 0.78724483 0.14511638
vt 0.78724483 0.90849400
vt 0.78724483 0.17140356
vt 0.78724483 0.93478118
vt 0.78724483 0.11882921
vt 0.78724483 0.88220682
vt 0.78724483 1.06621707
vt 0.78724483 0.22397792
vt 0.78724483 0.19769074
vt 0.78724483 0.96106836
vt 0.78724483 0.25026510
vt 0.78724483 1.01364272
vt 0.78724483 0.27655228
vt 0.78724483 0.75077093
vt 0.78724483 0.30283945
vt 0.78724483 1.03992989
vt 0.78724483 1.3680492e-2
vt 0.78724483 9.2542027e-2
vt 0.78942447 0.37883867
vt 0.78975936 -0.10450770
vt 0.78975936 0.68515710
vt 0.78975936 -7.8220521e-2
vt 0.78975936 0.65886992
vt 0.78998905 0.73396465
vt 0.78998905 0.65941553
vt 0.79088279 0.18507445
vt 0.79088279 0.18507445
vt 0.79088279 0.15697938
vt 0.79136082 0.88483647
vt 0.79419994 -1.52769931
vt 0.79556180 0.84945888
vt 0.79659837 0.68515710
vt 0.79659837 0.65886992
vt 0.79659837 -0.10450770
vt 0.79659837 -7.8220521e-2
vt 0.79665909 0.97387871
vt 0.79665909 -2.6083515e-2
vt 0.79665909 1.18417614
vt 0.79665909 0.76358128
vt 0.79665909 -5.2370693e-2
vt 0.79665909 0.13163956
vt 0.79665909 2.6490842e-2
vt 0.79665909 0.18421391
vt 0.79665909 0.36822416
vt 0.79665909 0.92130435
vt 0.79665909 0.28936263
vt 0.79665909 0.31564981
vt 0.79665909 0.44708570
vt 0.79665909 0.10535238
vt 0.79665909 1.10531460
vt 0.79665909 5.2778021e-2
vt 0.79665909 7.9065199e-2
vt 0.79665909 0.81615564
vt 0.79665909 0.84244282
vt 0.79665909 1.05274025
vt 0.79665909 0.23678827
vt 0.79665909 1.00016589
vt 0.79665909 0.26307545
vt 0.79665909 0.39451134
vt 0.79665909 1.02645307
vt 0.79665909 1.15788896
vt 0.79665909 0.86873000
vt 0.79665909 1.07902742
vt 0.79665909 0.34193698
vt 0.79665909 1.21046332
vt 0.79665909 0.94759153
vt 0.79665909 1.13160178
vt 0.79665909 0.71100693
vt 0.79665909 0.15792673
vt 0.79665909 0.78986846
vt 0.79665909 0.89501717
vt 0.79665909 2.0366372e-4
vt 0.79665909 0.73729410
vt 0.79665909 0.42079852
vt 0.79665909 0.21050109
vt 0.79680186 0.45728102
vt 0.79680186 1.22065864
vt 0.79759274 0.93717430
vt 0.79759274 0.20008386
vt 0.79759274 0.96346148
vt 0.79759274 0.17379668
vt 0.79834223 0.14639961
vt 0.79834223 0.12011243
vt 0.79834223 0.88349005
vt 0.79834223 0.90977723
vt 0.79841851 6.6095672e-2
vt 0.79841851 0.85576047
vt 0.79841851 9.2382851e-2
vt 0.79841851 0.82947329
vt 0.79862857 1.01697479
vt 0.79862857 0.99068762
vt 0.79862857 0.22731000
vt 0.79862857 0.25359718
vt 0.79865698 0.64470174
vt 0.79865698 0.60914767
vt 0.79868490 0.57442890
vt 0.79868490 0.60567358
vt 0.79878769 0.75076466
vt 0.79897882 0.62669432
vt 0.79897882 0.59114025
vt 0.79904996 0.69657435
vt 0.79927081 0.55481669
vt 0.79927081 0.58606138
vt 0.79937846 0.60864603
vt 0.79937846 0.57309197
vt 0.79958392 0.59037215
vt 0.79958392 0.55481809
vt 0.79965616 0.52147244
vt 0.79965616 0.48591838
vt 0.79968724 0.53875949
vt 0.79968724 0.50320542
vt 0.79973001 0.55561517
vt 0.79973001 0.52006110
vt 0.79976367 0.57283805
vt 0.79976367 0.53728399
vt 0.79978034 0.53455465
vt 0.79978034 0.56579933
vt 0.79991471 0.50343060
vt 0.79991471 0.46787653
vt 0.80010711 0.60192554
vt 0.80031746 0.48538575
vt 0.80031746 0.44983168
vt 0.80050145 0.51352028
vt 0.80050145 0.54476496
vt 0.80098456 0.46714788
vt 0.80098456 0.43159382
vt 0.80154996 0.49266663
vt 0.80154996 0.52391131
vt 0.80191148 -0.25267946
vt 0.80207146 0.98346342
vt 0.80216488 1.1053900e-2
vt 0.80216488 0.77443152
vt 0.80278078 -0.10450770
vt 0.80278078 -7.8220521e-2
vt 0.80278078 0.68515710
vt 0.80278078 0.65886992
vt 0.80303331 0.47246518
vt 0.80303331 0.50370987
vt 0.80343508 0.71938975
vt 0.80343508 -4.3987873e-2
vt 0.80343738 0.65886992
vt 0.80343738 0.68515710
vt 0.80343738 -7.8220521e-2
vt 0.80343738 -0.10450770
vt 0.80423124 0.95635386
vt 0.80477715 0.48401215
vt 0.80477715 0.45276747
vt 0.80559761 0.18621702
vt 0.80559761 0.15778629
vt 0.80559761 0.15812195
vt 0.80559761 0.18588136
vt 0.80560793 -2.67014730
vt 0.80561567 -1.70215433
vt 0.80590585 0.13079569
vt 0.80619472 1.66938589
vt 0.80656259 0.46342724
vt 0.80656259 0.43218256
vt 0.80710526 0.77705811
vt 0.80710526 0.85591965
vt 0.80710526 0.22397792
vt 0.80710526 0.98735554
vt 0.80710526 0.27655228
vt 0.80710526 -1.2606687e-2
vt 0.80710526 0.30283945
vt 0.80710526 1.06621707
vt 0.80710526 -3.8893865e-2
vt 0.80710526 3.9967670e-2
vt 0.80710526 6.6254849e-2
vt 0.80710526 0.72448375
vt 0.80710526 0.80334529
vt 0.80710526 0.82963247
vt 0.80710526 0.25026510
vt 0.80710526 1.01364272
vt 0.80710526 0.14511638
vt 0.80710526 0.90849400
vt 0.80710526 0.17140356
vt 0.80710526 0.93478118
vt 0.80710526 0.11882921
vt 0.80710526 0.88220682
vt 0.80710526 0.75077093
vt 0.80710526 0.19769074
vt 0.80710526 0.96106836
vt 0.80710526 1.03992989
vt 0.80710526 1.3680492e-2
vt 0.80710526 9.2542027e-2
vt 0.80744601 -1.52700053
vt 0.80776614 0.42165368
vt 0.80805706 0.44217076
vt 0.80805706 0.41092608
vt 0.80858789 0.45242594
vt 0.80887410 0.42128848
vt 0.80887410 0.39004380
vt 0.80917445 0.40098459
vt 0.80917445 0.36973991
vt 0.80948616 0.86092258
vt 0.80960024 0.40202687
vt 0.80961979 -0.10450770
vt 0.80961979 0.68515710
vt 0.80961979 -7.8220521e-2
vt 0.80961979 0.65886992
vt 0.80983638 0.31896346
vt 0.81005785 0.30006685
vt 0.81062680 0.33773359
vt 0.81070034 0.94630234
vt 0.81097038 0.43384438
vt 0.81123469 0.38215327
vt 0.81162275 0.28127471
vt 0.81209142 0.35643264
vt 0.81253925 0.36188933
vt 0.81289442 0.19576853
vt 0.81289442 0.22386360
vt 0.81291108 0.41474089
vt 0.81332176 0.55450665
vt 0.81335843 0.37552151
vt 0.81348529 0.34130921
vt 0.81365986 0.39511528
vt 0.81400130 0.26268968
vt 0.81412927 0.32089412
vt 0.81414755 0.28339783
vt 0.81427829 1.29426376
vt 0.81432603 0.27433234
vt 0.81443300 0.81440276
vt 0.81456620 1.08466249
vt 0.81461656 0.30080575
vt 0.81524087 0.28082046
vt 0.81540357 0.64973453
vt 0.81605986 0.26083471
vt 0.81645879 0.68515710
vt 0.81645879 0.65886992
vt 0.81645879 -0.10450770
vt 0.81645879 -7.8220521e-2
vt 0.81651951 0.97387871
vt 0.81651951 -2.6083515e-2
vt 0.81651951 1.18417614
vt 0.81651951 0.76358128
vt 0.81651951 2.6490842e-2
vt 0.81651951 0.13163956
vt 0.81651951 0.36822416
vt 0.81651951 -5.2370693e-2
vt 0.81651951 0.92130435
vt 0.81651951 0.44708570
vt 0.81651951 0.28936263
vt 0.81651951 0.18421391
vt 0.81651951 0.31564981
vt 0.81651951 0.10535238
vt 0.81651951 0.86873000
vt 0.81651951 1.10531460
vt 0.81651951 5.2778021e-2
vt 0.81651951 0.81615564
vt 0.81651951 7.9065199e-2
vt 0.81651951 0.84244282
vt 0.81651951 0.23678827
vt 0.81651951 1.00016589
vt 0.81651951 0.26307545
vt 0.81651951 0.39451134
vt 0.81651951 1.02645307
vt 0.81651951 1.15788896
vt 0.81651951 0.34193698
vt 0.81651951 1.05274025
vt 0.81651951 1.07902742
vt 0.81651951 1.21046332
vt 0.81651951 0.94759153
vt 0.81651951 0.15792673
vt 0.81651951 0.71100693
vt 0.81651951 1.13160178
vt 0.81651951 0.78986846
vt 0.81651951 0.89501717
vt 0.81651951 2.0366372e-4
vt 0.81651951 0.73729410
vt 0.81651951 0.42079852
vt 0.81651951 0.21050109
vt 0.81666228 0.45728102
vt 0.81666228 1.22065864
vt 0.81725603 0.24074156
vt 0.81729935 0.24664288
vt 0.81729935 0.24664288
vt 0.81745317 0.93717430
vt 0.81745317 0.20008386
vt 0.81745317 0.96346148
vt 0.81745317 0.17379668
vt 0.81820266 0.14639961
vt 0.81820266 0.12011243
vt 0.81820266 0.88349005
vt 0.81820266 0.90977723
vt 0.81827894 6.6095672e-2
vt 0.81827894 0.85576047
vt 0.81827894 9.2382851e-2
vt 0.81827894 0.82947329
vt 0.81848899 1.01697479
vt 0.81848899 0.99068762
vt 0.81848899 0.22731000
vt 0.81848899 0.25359718
vt 0.81858427 0.22091784
vt 0.81874210 -3.40244648
vt 0.82027267 0.27433095
vt 0.82033060 0.15697938
vt 0.82033060 0.18507445
vt 0.82033060 0.15728690
vt 0.82033060 0.18538197
vt 0.82095439 -1.6963619e-2
vt 0.82202530 1.1053900e-2
vt 0.82202530 0.77443152
vt 0.82211888 0.41246197
vt 0.82264120 -0.10450770
vt 0.82264120 -7.8220521e-2
vt 0.82264120 0.68515710
vt 0.82264120 0.65886992
vt 0.82329550 0.71938975
vt 0.82329550 -4.3987873e-2
vt 0.82329780 0.65886992
vt 0.82329780 0.68515710
vt 0.82329780 -7.8220521e-2
vt 0.82329780 -0.10450770
vt 0.82417583 0.95948313
vt 0.82583465 -2.80082637
vt 0.82696568 0.77705811
vt 0.82696568 0.85591965
vt 0.82696568 0.98735554
vt 0.82696568 0.88220682
vt 0.82696568 -1.2606687e-2
vt 0.82696568 1.06621707
vt 0.82696568 0.22397792
vt 0.82696568 -3.8893865e-2
vt 0.82696568 3.9967670e-2
vt 0.82696568 6.6254849e-2
vt 0.82696568 0.72448375
vt 0.82696568 0.80334529
vt 0.82696568 0.82963247
vt 0.82696568 0.25026510
vt 0.82696568 0.96106836
vt 0.82696568 1.01364272
vt 0.82696568 0.14511638
vt 0.82696568 0.90849400
vt 0.82696568 0.17140356
vt 0.82696568 0.93478118
vt 0.82696568 0.11882921
vt 0.82696568 0.27655228
vt 0.82696568 1.03992989
vt 0.82696568 0.75077093
vt 0.82696568 0.30283945
vt 0.82696568 0.19769074
vt 0.82696568 1.3680492e-2
vt 0.82696568 9.2542027e-2
vt 0.82757005 0.95315952
vt 0.82909985 2.37911315
vt 0.82948021 -0.10450770
vt 0.82948021 0.68515710
vt 0.82948021 -7.8220521e-2
vt 0.82948021 0.65886992
vt 0.82994103 0.32636503
vt 0.83016262 0.64410331
vt 0.83043749 0.98926617
vt 0.83082988 0.88237485
vt 0.83105427 0.84496243
vt 0.83260482 0.82629406
vt 0.83418650 0.80747493
vt 0.83486229 0.55419884
vt 0.83503273 0.15697938
vt 0.83503273 0.18507445
vt 0.83503273 0.18510260
vt 0.83503273 0.15700753
vt 0.83539322 0.58681793
vt 0.83569187 0.78841872
vt 0.83570344 0.51611117
vt 0.83572363 0.87694092
vt 0.83576470 9.4076864e-2
vt 0.83631922 0.68515710
vt 0.83631922 0.65886992
vt 0.83631922 -0.10450770
vt 0.83631922 -7.8220521e-2
vt 0.83637993 0.97387871
vt 0.83637993 1.18417614
vt 0.83637993 -2.6083515e-2
vt 0.83637993 0.76358128
vt 0.83637993 0.13163956
vt 0.83637993 -5.2370693e-2
vt 0.83637993 0.36822416
vt 0.83637993 2.6490842e-2
vt 0.83637993 0.92130435
vt 0.83637993 0.18421391
vt 0.83637993 0.28936263
vt 0.83637993 0.44708570
vt 0.83637993 0.10535238
vt 0.83637993 0.86873000
vt 0.83637993 0.31564981
vt 0.83637993 1.10531460
vt 0.83637993 5.2778021e-2
vt 0.83637993 7.9065199e-2
vt 0.83637993 0.81615564
vt 0.83637993 0.84244282
vt 0.83637993 0.23678827
vt 0.83637993 1.00016589
vt 0.83637993 0.26307545
vt 0.83637993 0.39451134
vt 0.83637993 1.02645307
vt 0.83637993 1.15788896
vt 0.83637993 1.07902742
vt 0.83637993 1.21046332
vt 0.83637993 0.34193698
vt 0.83637993 1.05274025
vt 0.83637993 0.94759153
vt 0.83637993 1.13160178
vt 0.83637993 0.15792673
vt 0.83637993 0.78986846
vt 0.83637993 0.71100693
vt 0.83637993 0.89501717
vt 0.83637993 2.0366372e-4
vt 0.83637993 0.73729410
vt 0.83637993 0.42079852
vt 0.83637993 0.21050109
vt 0.83652270 0.45728102
vt 0.83652270 1.22065864
vt 0.83708168 0.76945180
vt 0.83731359 0.93717430
vt 0.83731359 0.20008386
vt 0.83731359 0.96346148
vt 0.83731359 0.17379668
vt 0.83755852 0.28805386
vt 0.83806308 0.14639961
vt 0.83806308 0.12011243
vt 0.83806308 0.88349005
vt 0.83806308 0.90977723
vt 0.83813936 6.6095672e-2
vt 0.83813936 0.85576047
vt 0.83813936 9.2382851e-2
vt 0.83813936 0.82947329
vt 0.83834942 1.01697479
vt 0.83834942 0.99068762
vt 0.83834942 0.22731000
vt 0.83834942 0.25359718
vt 0.83839821 0.75064518
vt 0.83976864 0.73197335
vt 0.84001511 2.10373565
vt 0.84006792 0.43904237
vt 0.84123010 0.71329237
vt 0.84147338 1.11358765
vt 0.84188573 1.1053900e-2
vt 0.84188573 0.77443152
vt 0.84250163 -0.10450770
vt 0.84250163 -7.8220521e-2
vt 0.84250163 0.68515710
vt 0.84250163 0.65886992
vt 0.84272275 0.69449670
vt 0.84315593 0.71938975
vt 0.84315593 -4.3987873e-2
vt 0.84315823 0.65886992
vt 0.84315823 0.68515710
vt 0.84315823 -7.8220521e-2
vt 0.84315823 -0.10450770
vt 0.84416784 0.19623809
vt 0.84416784 0.19634690
vt 0.84416784 0.22433317
vt 0.84416784 0.22444197
vt 0.84433404 0.67564225
vt 0.84482541 1.11709766
vt 0.84503674 0.35817619
vt 0.84553800 0.66015742
vt 0.84603453 0.65693383
vt 0.84682611 0.85591965
vt 0.84682611 0.77705811
vt 0.84682611 0.17140356
vt 0.84682611 0.88220682
vt 0.84682611 1.06621707
vt 0.84682611 -1.2606687e-2
vt 0.84682611 0.22397792
vt 0.84682611 0.98735554
vt 0.84682611 -3.8893865e-2
vt 0.84682611 3.9967670e-2
vt 0.84682611 6.6254849e-2
vt 0.84682611 0.72448375
vt 0.84682611 0.80334529
vt 0.84682611 0.82963247
vt 0.84682611 0.25026510
vt 0.84682611 1.01364272
vt 0.84682611 0.27655228
vt 0.84682611 1.03992989
vt 0.84682611 0.14511638
vt 0.84682611 0.90849400
vt 0.84682611 0.93478118
vt 0.84682611 0.11882921
vt 0.84682611 0.30283945
vt 0.84682611 0.19769074
vt 0.84682611 0.96106836
vt 0.84682611 0.75077093
vt 0.84682611 1.3680492e-2
vt 0.84682611 9.2542027e-2
vt 0.84693156 0.37805353
vt 0.84701354 9.9096720e-2
vt 0.84892179 0.27581123
vt 0.84934064 -0.10450770
vt 0.84934064 0.68515710
vt 0.84934064 -7.8220521e-2
vt 0.84934064 0.65886992
vt 0.84953669 0.40955384
vt 0.84974211 0.18507445
vt 0.84974211 0.15697938
vt 0.84992627 -0.98323126
vt 0.85083459 0.94767337
vt 0.85086734 0.17381714
vt 0.85116524 0.85163160
vt 0.85121309 0.11608073
vt 0.85121309 0.20348849
vt 0.85165626 9.7533810e-2
vt 0.85165626 0.18494157
vt 0.85210758 7.8972830e-2
vt 0.85210758 0.16638059
vt 0.85214227 0.19313603
vt 0.85277725 6.0362675e-2
vt 0.85277725 0.14777043
vt 0.85281705 0.67206340
vt 0.85300350 0.32136779
vt 0.85369244 4.1760563e-2
vt 0.85369244 0.12916832
vt 0.85452093 0.44633673
vt 0.85483126 2.3178374e-2
vt 0.85483126 0.11058613
vt 0.85521593 0.11060110
vt 0.85598420 9.2006684e-2
vt 0.85598420 4.5989246e-3
vt 0.85617964 0.68515710
vt 0.85617964 0.65886992
vt 0.85617964 -0.10450770
vt 0.85617964 -7.8220521e-2
vt 0.85624036 0.97387871
vt 0.85624036 -2.6083515e-2
vt 0.85624036 1.18417614
vt 0.85624036 0.76358128
vt 0.85624036 0.13163956
vt 0.85624036 -5.2370693e-2
vt 0.85624036 0.36822416
vt 0.85624036 2.6490842e-2
vt 0.85624036 0.92130435
vt 0.85624036 0.18421391
vt 0.85624036 0.44708570
vt 0.85624036 0.28936263
vt 0.85624036 0.31564981
vt 0.85624036 7.9065199e-2
vt 0.85624036 0.81615564
vt 0.85624036 0.23678827
vt 0.85624036 1.00016589
vt 0.85624036 0.39451134
vt 0.85624036 1.02645307
vt 0.85624036 1.15788896
vt 0.85624036 0.10535238
vt 0.85624036 0.86873000
vt 0.85624036 1.07902742
vt 0.85624036 1.21046332
vt 0.85624036 1.10531460
vt 0.85624036 5.2778021e-2
vt 0.85624036 0.84244282
vt 0.85624036 0.26307545
vt 0.85624036 0.34193698
vt 0.85624036 1.05274025
vt 0.85624036 0.15792673
vt 0.85624036 0.94759153
vt 0.85624036 1.13160178
vt 0.85624036 0.78986846
vt 0.85624036 0.71100693
vt 0.85624036 0.89501717
vt 0.85624036 2.0366372e-4
vt 0.85624036 0.42079852
vt 0.85624036 0.73729410
vt 0.85624036 0.21050109
vt 0.85638313 0.45728102
vt 0.85638313 1.22065864
vt 0.85650603 0.15853139
vt 0.85688796 7.3397373e-2
vt 0.85688796 -1.4010386e-2
vt 0.85699663 1.7459351e-2
vt 0.85699663 -6.9948409e-2
vt 0.85717402 0.93717430
vt 0.85717402 0.20008386
vt 0.85717402 0.96346148
vt 0.85717402 0.17379668
vt 0.85739478 3.6100542e-2
vt 0.85739478 -5.1307217e-2
vt 0.85741709 5.4761408e-2
vt 0.85741709 -3.2646352e-2
vt 0.85792351 0.14639961
vt 0.85792351 0.12011243
vt 0.85792351 0.88349005
vt 0.85792351 0.90977723
vt 0.85799978 6.6095672e-2
vt 0.85799978 0.85576047
vt 0.85799978 9.2382851e-2
vt 0.85799978 0.82947329
vt 0.85820984 1.01697479
vt 0.85820984 0.99068762
vt 0.85820984 0.22731000
vt 0.85820984 0.25359718
vt 0.85888094 2.7995517e-2
vt 0.85912812 0.12003170
vt 0.86139355 1.99589852
vt 0.86174615 1.1053900e-2
vt 0.86174615 0.77443152
vt 0.86206757 0.47363822
vt 0.86236205 -0.10450770
vt 0.86236205 -7.8220521e-2
vt 0.86236205 0.68515710
vt 0.86236205 0.65886992
vt 0.86287672 0.74382377
vt 0.86301635 0.71938975
vt 0.86301635 -4.3987873e-2
vt 0.86301865 0.65886992
vt 0.86301865 0.68515710
vt 0.86301865 -7.8220521e-2
vt 0.86301865 -0.10450770
vt 0.86463743 -1.13573990
vt 0.86478897 0.68118945
vt 0.86478897 0.70972932
vt 0.86524714 0.76571835
vt 0.86556626 0.21825582
vt 0.86622873 0.66458427
vt 0.86622873 0.69312414
vt 0.86668653 0.77705811
vt 0.86668653 0.85591965
vt 0.86668653 0.98735554
vt 0.86668653 0.27655228
vt 0.86668653 0.14511638
vt 0.86668653 0.90849400
vt 0.86668653 0.17140356
vt 0.86668653 0.93478118
vt 0.86668653 0.88220682
vt 0.86668653 0.30283945
vt 0.86668653 1.06621707
vt 0.86668653 0.22397792
vt 0.86668653 0.19769074
vt 0.86668653 0.96106836
vt 0.86668653 1.03992989
vt 0.86668653 -1.2606687e-2
vt 0.86668653 -3.8893865e-2
vt 0.86668653 3.9967670e-2
vt 0.86668653 6.6254849e-2
vt 0.86668653 0.72448375
vt 0.86668653 0.80334529
vt 0.86668653 0.82963247
vt 0.86668653 0.25026510
vt 0.86668653 1.01364272
vt 0.86668653 0.11882921
vt 0.86668653 0.75077093
vt 0.86668653 9.2542027e-2
vt 0.86668653 1.3680492e-2
vt 0.86747504 0.64764222
vt 0.86747504 0.67618208
vt 0.86809716 0.53350599
vt 0.86809716 0.49307248
vt 0.86820423 0.62994973
vt 0.86820423 0.65848960
vt 0.86824246 0.60764731
vt 0.86824246 0.57910745
vt 0.86836492 0.59094945
vt 0.86836492 0.56240958
vt 0.86840583 0.59553892
vt 0.86840583 0.62407879
vt 0.86856481 0.61233572
vt 0.86856481 0.64087558
vt 0.86882265 -3.16151371
vt 0.86903875 2.69797715
vt 0.86911199 0.57384473
vt 0.86911199 0.54530487
vt 0.86920106 -0.10450770
vt 0.86920106 0.68515710
vt 0.86920106 -7.8220521e-2
vt 0.86920106 0.65886992
vt 0.87044462 -0.52027214
vt 0.87051230 0.55673944
vt 0.87051230 0.52819958
vt 0.87092966 0.77400611
vt 0.87116542 0.66371481
vt 0.87130465 0.55322232
vt 0.87130465 0.51278882
vt 0.87183492 -1.31817700
vt 0.87226483 0.54026916
vt 0.87226483 0.51172930
vt 0.87287252 0.93977704
vt 0.87335835 0.38417322
vt 0.87415770 0.16601289
vt 0.87416699 0.57314135
vt 0.87416699 0.53270785
vt 0.87425995 0.27829963
vt 0.87490604 -0.95090033
vt 0.87543981 0.19601536
vt 0.87543981 0.22411043
vt 0.87543981 0.19576853
vt 0.87543981 0.22386360
vt 0.87549901 1.63974609
vt 0.87604007 0.68515710
vt 0.87604007 0.65886992
vt 0.87604007 -0.10450770
vt 0.87604007 -7.8220521e-2
vt 0.87610078 0.97387871
vt 0.87610078 1.18417614
vt 0.87610078 -2.6083515e-2
vt 0.87610078 0.76358128
vt 0.87610078 0.13163956
vt 0.87610078 0.36822416
vt 0.87610078 -5.2370693e-2
vt 0.87610078 0.92130435
vt 0.87610078 2.6490842e-2
vt 0.87610078 0.28936263
vt 0.87610078 0.18421391
vt 0.87610078 0.44708570
vt 0.87610078 0.31564981
vt 0.87610078 1.10531460
vt 0.87610078 0.23678827
vt 0.87610078 0.39451134
vt 0.87610078 1.02645307
vt 0.87610078 1.15788896
vt 0.87610078 0.10535238
vt 0.87610078 0.86873000
vt 0.87610078 1.07902742
vt 0.87610078 1.21046332
vt 0.87610078 5.2778021e-2
vt 0.87610078 7.9065199e-2
vt 0.87610078 0.81615564
vt 0.87610078 0.84244282
vt 0.87610078 1.05274025
vt 0.87610078 1.00016589
vt 0.87610078 0.26307545
vt 0.87610078 0.34193698
vt 0.87610078 0.94759153
vt 0.87610078 0.15792673
vt 0.87610078 1.13160178
vt 0.87610078 0.78986846
vt 0.87610078 0.71100693
vt 0.87610078 0.89501717
vt 0.87610078 2.0366372e-4
vt 0.87610078 0.73729410
vt 0.87610078 0.42079852
vt 0.87610078 0.21050109
vt 0.87624355 0.45728102
vt 0.87624355 1.22065864
vt 0.87656361 0.59361621
vt 0.87656361 0.55318271
vt 0.87703444 0.93717430
vt 0.87703444 0.20008386
vt 0.87703444 0.96346148
vt 0.87703444 0.17379668
vt 0.87733690 -1.07208016
vt 0.87748006 0.82357346
vt 0.87778393 0.14639961
vt 0.87778393 0.12011243
vt 0.87778393 0.88349005
vt 0.87778393 0.90977723
vt 0.87786021 6.6095672e-2
vt 0.87786021 0.85576047
vt 0.87786021 9.2382851e-2
vt 0.87786021 0.82947329
vt 0.87788479 0.75350136
vt 0.87807026 1.01697479
vt 0.87807026 0.99068762
vt 0.87807026 0.22731000
vt 0.87807026 0.25359718
vt 0.87862325 0.29915875
vt 0.87865185 0.61426751
vt 0.87865185 0.57383401
vt 0.87991617 0.40831189
vt 0.87995259 0.38814490
vt 0.88001007 0.42848629
vt 0.88005355 0.36783791
vt 0.88006487 0.32714925
vt 0.88009927 0.34748320
vt 0.88017815 0.44866942
vt 0.88040141 0.46893458
vt 0.88049236 0.52963310
vt 0.88051555 0.63465170
vt 0.88051555 0.59421820
vt 0.88058946 0.48919752
vt 0.88061465 0.50936096
vt 0.88160657 1.1053900e-2
vt 0.88160657 0.77443152
vt 0.88166438 0.83241300
vt 0.88222248 -0.10450770
vt 0.88222248 -7.8220521e-2
vt 0.88222248 0.68515710
vt 0.88222248 0.65886992
vt 0.88238027 0.65465707
vt 0.88238027 0.61422357
vt 0.88255950 0.33872025
vt 0.88269012 0.83122494
vt 0.88279800 0.83481417
vt 0.88287678 0.71938975
vt 0.88287678 -4.3987873e-2
vt 0.88287907 0.65886992
vt 0.88287907 0.68515710
vt 0.88287907 -7.8220521e-2
vt 0.88287907 -0.10450770
vt 0.88460698 0.67462534
vt 0.88460698 0.63419184
vt 0.88576423 0.51175526
vt 0.88612010 0.49210077
vt 0.88639351 0.47236508
vt 0.88650983 0.45252506
vt 0.88654696 0.77705811
vt 0.88654696 0.85591965
vt 0.88654696 0.27655228
vt 0.88654696 0.30283945
vt 0.88654696 1.06621707
vt 0.88654696 0.98735554
vt 0.88654696 0.25026510
vt 0.88654696 1.01364272
vt 0.88654696 1.03992989
vt 0.88654696 0.14511638
vt 0.88654696 0.90849400
vt 0.88654696 0.11882921
vt 0.88654696 0.88220682
vt 0.88654696 -1.2606687e-2
vt 0.88654696 0.22397792
vt 0.88654696 0.19769074
vt 0.88654696 0.96106836
vt 0.88654696 -3.8893865e-2
vt 0.88654696 3.9967670e-2
vt 0.88654696 0.72448375
vt 0.88654696 0.80334529
vt 0.88654696 0.82963247
vt 0.88654696 0.17140356
vt 0.88654696 0.93478118
vt 0.88654696 0.75077093
vt 0.88654696 6.6254849e-2
vt 0.88654696 1.3680492e-2
vt 0.88654696 9.2542027e-2
vt 0.88661737 0.43260770
vt 0.88680259 0.41276787
vt 0.88680369 0.48059800
vt 0.88704464 0.39310472
vt 0.88725149 0.65435324
vt 0.88725149 0.69478674
vt 0.88742912 -0.48377679
vt 0.88744035 0.37344430
vt 0.88791665 0.35382706
vt 0.88834142 0.33417326
vt 0.88873379 0.31443920
vt 0.88906148 -0.10450770
vt 0.88906148 0.68515710
vt 0.88906148 -7.8220521e-2
vt 0.88906148 0.65886992
vt 0.89024809 0.67464170
vt 0.89024809 0.71507520
vt 0.89037910 0.39956888
vt 0.89129965 0.83535384
vt 0.89286527 -1.54242893
vt 0.89302317 0.71163404
vt 0.89309418 0.92902294
vt 0.89324370 0.26337573
vt 0.89328508 0.69474464
vt 0.89328508 0.73517814
vt 0.89387080 0.93061704
vt 0.89465820 0.84432119
vt 0.89571775 0.21721646
vt 0.89590049 0.68515710
vt 0.89590049 0.65886992
vt 0.89590049 -0.10450770
vt 0.89590049 -7.8220521e-2
vt 0.89596121 0.97387871
vt 0.89596121 1.18417614
vt 0.89596121 -2.6083515e-2
vt 0.89596121 0.76358128
vt 0.89596121 0.13163956
vt 0.89596121 -5.2370693e-2
vt 0.89596121 0.36822416
vt 0.89596121 2.6490842e-2
vt 0.89596121 0.92130435
vt 0.89596121 0.18421391
vt 0.89596121 0.44708570
vt 0.89596121 0.28936263
vt 0.89596121 0.31564981
vt 0.89596121 1.15788896
vt 0.89596121 0.10535238
vt 0.89596121 0.86873000
vt 0.89596121 1.07902742
vt 0.89596121 1.21046332
vt 0.89596121 1.10531460
vt 0.89596121 5.2778021e-2
vt 0.89596121 7.9065199e-2
vt 0.89596121 0.81615564
vt 0.89596121 0.84244282
vt 0.89596121 1.05274025
vt 0.89596121 0.23678827
vt 0.89596121 1.00016589
vt 0.89596121 0.26307545
vt 0.89596121 0.39451134
vt 0.89596121 1.02645307
vt 0.89596121 0.34193698
vt 0.89596121 0.94759153
vt 0.89596121 1.13160178
vt 0.89596121 0.78986846
vt 0.89596121 0.71100693
vt 0.89596121 0.15792673
vt 0.89596121 0.89501717
vt 0.89596121 0.42079852
vt 0.89596121 2.0366372e-4
vt 0.89596121 0.73729410
vt 0.89596121 0.21050109
vt 0.89610398 0.45728102
vt 0.89610398 1.22065864
vt 0.89612545 0.23237268
vt 0.89615728 0.25125680
vt 0.89638473 0.60290875
vt 0.89655105 0.38219866
vt 0.89689487 0.93717430
vt 0.89689487 0.20008386
vt 0.89689487 0.96346148
vt 0.89689487 0.17379668
vt 0.89763264 0.46057945
vt 0.89764436 0.14639961
vt 0.89764436 0.12011243
vt 0.89764436 0.88349005
vt 0.89764436 0.90977723
vt 0.89772063 6.6095672e-2
vt 0.89772063 0.85576047
vt 0.89772063 9.2382851e-2
vt 0.89772063 0.82947329
vt 0.89778104 0.26966410
vt 0.89793069 1.01697479
vt 0.89793069 0.99068762
vt 0.89793069 0.22731000
vt 0.89793069 0.25359718
vt 0.89818350 0.21366792
vt 0.89976670 0.46953500
vt 0.89993120 0.27433095
vt 0.89996032 0.68567985
vt 0.90000642 0.36422099
vt 0.90024804 0.70425487
vt 0.90038288 0.28764410
vt 0.90069785 0.48769398
vt 0.90079775 0.66832189
vt 0.90146700 1.1053900e-2
vt 0.90146700 0.77443152
vt 0.90147581 0.19561074
vt 0.90179396 0.72295753
vt 0.90208290 -0.10450770
vt 0.90208290 -7.8220521e-2
vt 0.90208290 0.68515710
vt 0.90208290 0.65886992
vt 0.90216074 0.77818857
vt 0.90248475 0.75975860
vt 0.90273720 0.71938975
vt 0.90273720 -4.3987873e-2
vt 0.90273950 0.65886992
vt 0.90273950 0.68515710
vt 0.90273950 -7.8220521e-2
vt 0.90273950 -0.10450770
vt 0.90276819 0.34548557
vt 0.90277483 0.57178423
vt 0.90278734 0.30619950
vt 0.90290452 0.24664288
vt 0.90307260 0.62197511
vt 0.90325721 0.14480550
vt 0.90362645 0.32578373
vt 0.90378985 0.57837653
vt 0.90411559 0.74040646
vt 0.90426492 0.52195274
vt 0.90456702 0.71656516
vt 0.90521176 0.84709717
vt 0.90531579 0.94168097
vt 0.90640738 0.85591965
vt 0.90640738 0.77705811
vt 0.90640738 0.27655228
vt 0.90640738 1.03992989
vt 0.90640738 0.30283945
vt 0.90640738 1.06621707
vt 0.90640738 0.25026510
vt 0.90640738 1.01364272
vt 0.90640738 0.14511638
vt 0.90640738 0.90849400
vt 0.90640738 0.17140356
vt 0.90640738 0.93478118
vt 0.90640738 0.88220682
vt 0.90640738 0.22397792
vt 0.90640738 0.98735554
vt 0.90640738 0.19769074
vt 0.90640738 0.96106836
vt 0.90640738 0.11882921
vt 0.90640738 -1.2606687e-2
vt 0.90640738 3.9967670e-2
vt 0.90640738 6.6254849e-2
vt 0.90640738 0.72448375
vt 0.90640738 0.80334529
vt 0.90640738 0.82963247
vt 0.90640738 0.75077093
vt 0.90640738 -3.8893865e-2
vt 0.90640738 9.2542027e-2
vt 0.90640738 1.3680492e-2
vt 0.90649509 0.75674977
vt 0.90671068 0.19576853
vt 0.90671068 0.22386360
vt 0.90671068 0.19576853
vt 0.90671068 0.22386360
vt 0.90687272 0.83047631
vt 0.90838537 0.77401192
vt 0.90843146 0.81263295
vt 0.90892191 -0.10450770
vt 0.90892191 0.68515710
vt 0.90892191 -7.8220521e-2
vt 0.90892191 0.65886992
vt 0.90896478 0.79316864
vt 0.91001265 0.75878111
vt 0.91482511 0.92104890
vt 0.91507944 0.78152925
vt 0.91535478 0.95635386
vt 0.91576092 0.68515710
vt 0.91576092 0.65886992
vt 0.91576092 -0.10450770
vt 0.91576092 -7.8220521e-2
vt 0.91582163 0.97387871
vt 0.91582163 -2.6083515e-2
vt 0.91582163 1.18417614
vt 0.91582163 0.76358128
vt 0.91582163 0.13163956
vt 0.91582163 -5.2370693e-2
vt 0.91582163 0.36822416
vt 0.91582163 2.6490842e-2
vt 0.91582163 0.18421391
vt 0.91582163 0.92130435
vt 0.91582163 0.44708570
vt 0.91582163 0.28936263
vt 0.91582163 0.31564981
vt 0.91582163 1.15788896
vt 0.91582163 0.10535238
vt 0.91582163 0.86873000
vt 0.91582163 1.07902742
vt 0.91582163 1.21046332
vt 0.91582163 1.10531460
vt 0.91582163 0.81615564
vt 0.91582163 7.9065199e-2
vt 0.91582163 0.84244282
vt 0.91582163 0.23678827
vt 0.91582163 1.00016589
vt 0.91582163 0.26307545
vt 0.91582163 0.39451134
vt 0.91582163 1.02645307
vt 0.91582163 0.34193698
vt 0.91582163 1.05274025
vt 0.91582163 5.2778021e-2
vt 0.91582163 0.94759153
vt 0.91582163 1.13160178
vt 0.91582163 0.15792673
vt 0.91582163 0.78986846
vt 0.91582163 0.71100693
vt 0.91582163 0.89501717
vt 0.91582163 0.73729410
vt 0.91582163 0.42079852
vt 0.91582163 2.0366372e-4
vt 0.91582163 0.21050109
vt 0.91588237 0.52078751
vt 0.91596440 0.45728102
vt 0.91596440 1.22065864
vt 0.91675529 0.93717430
vt 0.91675529 0.20008386
vt 0.91675529 0.96346148
vt 0.91675529 0.17379668
vt 0.91750478 0.14639961
vt 0.91750478 0.12011243
vt 0.91750478 0.88349005
vt 0.91750478 0.90977723
vt 0.91758106 6.6095672e-2
vt 0.91758106 0.85576047
vt 0.91758106 9.2382851e-2
vt 0.91758106 0.82947329
vt 0.91770782 -0.47028058
vt 0.91779111 1.01697479
vt 0.91779111 0.99068762
vt 0.91779111 0.22731000
vt 0.91779111 0.25359718
vt 0.92132742 1.1053900e-2
vt 0.92132742 0.77443152
vt 0.92194333 -0.10450770
vt 0.92194333 -7.8220521e-2
vt 0.92194333 0.68515710
vt 0.92194333 0.65886992
vt 0.92259763 0.71938975
vt 0.92259763 -4.3987873e-2
vt 0.92259992 0.65886992
vt 0.92259992 0.68515710
vt 0.92259992 -7.8220521e-2
vt 0.92259992 -0.10450770
vt 0.92295946 0.82492493
vt 0.92333235 0.18571196
vt 0.92342784 -1.69964798
vt 0.92376195 0.11827185
vt 0.92440368 0.48610916
vt 0.92535018 0.25672080
vt 0.92592571 -0.64416299
vt 0.92620635 -0.84846631
vt 0.92676866 0.33359094
vt 0.92705003 0.41058234
vt 0.92755790 0.55526468
vt 0.92878233 -0.10450770
vt 0.92878233 0.68515710
vt 0.92878233 -7.8220521e-2
vt 0.92878233 0.65886992
vt 0.92929216 5.2287885e-2
vt 0.93451713 0.64395220
vt 0.93562134 0.68515710
vt 0.93562134 0.65886992
vt 0.93562134 -0.10450770
vt 0.93562134 -7.8220521e-2
vt 0.93582483 0.45728102
vt 0.93582483 1.22065864
vt 0.93661572 0.93717430
vt 0.93661572 0.20008386
vt 0.93661572 0.96346148
vt 0.93661572 0.17379668
vt 0.93677972 0.91226036
vt 0.93682600 1.12137657
vt 0.93736520 0.14639961
vt 0.93736520 0.12011243
vt 0.93736520 0.88349005
vt 0.93736520 0.90977723
vt 0.93744148 6.6095672e-2
vt 0.93744148 0.85576047
vt 0.93744148 9.2382851e-2
vt 0.93744148 0.82947329
vt 0.93765154 1.01697479
vt 0.93765154 0.99068762
vt 0.93765154 0.22731000
vt 0.93765154 0.25359718
vt 0.93798087 0.19576853
vt 0.93798087 0.19612417
vt 0.93798087 0.22386360
vt 0.93798087 0.22421924
vt 0.93869358 0.95315952
vt 0.93872636 0.41779356
vt 0.93872636 0.55342697
vt 0.93872636 0.68906039
vt 0.93872636 0.13832802
vt 0.93872636 0.27396143
vt 0.93872636 2.6946041e-3
vt 0.93956746 0.81484655
vt 0.94019218 0.26090993
vt 0.94117837 0.57595238
vt 0.94118785 1.1053900e-2
vt 0.94118785 0.77443152
vt 0.94180375 -0.10450770
vt 0.94180375 -7.8220521e-2
vt 0.94180375 0.68515710
vt 0.94180375 0.65886992
vt 0.94245805 0.71938975
vt 0.94245805 -4.3987873e-2
vt 0.94246035 0.68515710
vt 0.94246035 0.65886992
vt 0.94246035 -7.8220521e-2
vt 0.94246035 -0.10450770
vt 0.94563293 0.62794731
vt 0.94640121 0.83180130
vt 0.94640121 0.86171062
vt 0.94740121 0.80803798
vt 0.94740121 0.83794730
vt 0.94753424 0.85534328
vt 0.94753424 0.88525260
vt 0.94767399 0.12422377
vt 0.94864276 -0.10450770
vt 0.94864276 0.68515710
vt 0.94864276 -7.8220521e-2
vt 0.94864276 0.65886992
vt 0.94869504 0.48523795
vt 0.94869504 0.51476205
vt 0.94869504 -0.34638823
vt 0.94869504 1.34638823
vt 0.94869504 1.34638823
vt 0.94869504 -0.34638823
vt 0.95057254 0.87817541
vt 0.95057254 0.90808473
vt 0.95074040 0.78480215
vt 0.95074040 0.81471147
vt 0.95175344 0.82668941
vt 0.95352402 -1.33257362
vt 0.95361126 0.90093700
vt 0.95361126 0.93084632
vt 0.95480386 0.85494796
vt 0.95519278 0.93766795
vt 0.95519746 0.76222940
vt 0.95519746 0.79213872
vt 0.95548177 0.68515710
vt 0.95548177 0.65886992
vt 0.95548177 -0.10450770
vt 0.95548177 -7.8220521e-2
vt 0.95568525 0.45728102
vt 0.95568525 1.22065864
vt 0.95581910 0.71194061
vt 0.95608409 0.69030620
vt 0.95647614 0.93717430
vt 0.95647614 0.20008386
vt 0.95647614 0.96346148
vt 0.95647614 0.17379668
vt 0.95697903 0.36955349
vt 0.95722563 0.14639961
vt 0.95722563 0.12011243
vt 0.95722563 0.88349005
vt 0.95722563 0.90977723
vt 0.95730191 6.6095672e-2
vt 0.95730191 0.85576047
vt 0.95730191 9.2382851e-2
vt 0.95730191 0.82947329
vt 0.95747416 0.16653500
vt 0.95751196 1.01697479
vt 0.95751196 0.99068762
vt 0.95751196 0.22731000
vt 0.95751196 0.25359718
vt 0.95925744 0.76956844
vt 0.95925744 0.73965912
vt 0.95931844 0.69899660
vt 0.95931844 0.66908728
vt 0.95957570 -3.33558595
vt 0.95963118 0.90571750
vt 0.96104827 1.1053900e-2
vt 0.96104827 0.77443152
vt 0.96113249 8.7830006e-2
vt 0.96113655 0.90960756
vt 0.96166147 0.72232386
vt 0.96166147 0.69241454
vt 0.96166417 -0.10450770
vt 0.96166417 -7.8220521e-2
vt 0.96166417 0.68515710
vt 0.96166417 0.65886992
vt 0.96176167 0.74617199
vt 0.96176167 0.71626267
vt 0.96195812 0.94767337
vt 0.96231848 0.71938975
vt 0.96231848 -4.3987873e-2
vt 0.96232077 0.68515710
vt 0.96232077 0.65886992
vt 0.96232077 -7.8220521e-2
vt 0.96232077 -0.10450770
vt 0.96308777 0.55998357
vt 0.96466903 -1.09139044
vt 0.96495395 0.63992257
vt 0.96574865 0.19787098
vt 0.96574865 0.22596606
vt 0.96574865 0.19787098
vt 0.96574865 0.22596606
vt 0.96833378 2.20838082
vt 0.96850318 -0.10450770
vt 0.96850318 0.68515710
vt 0.96850318 -7.8220521e-2
vt 0.96850318 0.65886992
vt 0.97036182 0.22618794
vt 0.97140567 0.70875955
vt 0.97198127 0.29521197
vt 0.97218373 0.92237549
vt 0.97455412 0.96912506
vt 0.97534219 0.68515710
vt 0.97534219 0.65886992
vt 0.97534219 -0.10450770
vt 0.97534219 -7.8220521e-2
vt 0.97545862 0.95025137
vt 0.97554568 0.45728102
vt 0.97554568 1.22065864
vt 0.97633656 0.93717430
vt 0.97633656 0.20008386
vt 0.97633656 0.96346148
vt 0.97633656 0.17379668
vt 0.97633897 0.93129771
vt 0.97708605 0.14639961
vt 0.97708605 0.12011243
vt 0.97708605 0.88349005
vt 0.97708605 0.90977723
vt 0.97716233 6.6095672e-2
vt 0.97716233 0.85576047
vt 0.97716233 9.2382851e-2
vt 0.97716233 0.82947329
vt 0.97724494 0.91271827
vt 0.97724665 0.78020135
vt 0.97737239 1.01697479
vt 0.97737239 0.99068762
vt 0.97737239 0.22731000
vt 0.97737239 0.25359718
vt 0.97816984 0.89418963
vt 0.97891973 -0.49782573
vt 0.97915949 0.87529874
vt 0.98017767 0.85636867
vt 0.98032230 -0.99198648
vt 0.98075744 5.8087254e-2
vt 0.98090870 1.1053900e-2
vt 0.98090870 0.77443152
vt 0.98123417 0.83675284
vt 0.98152233 1.04803188
vt 0.98152233 -0.48006699
vt 0.98217890 0.71938975
vt 0.98217890 -4.3987873e-2
vt 0.98218120 0.65886992
vt 0.98218120 0.68515710
vt 0.98218120 -7.8220521e-2
vt 0.98218120 -0.10450770
vt 0.98227645 0.81719978
vt 0.98246778 1.38016097
vt 0.98246778 -0.38016097
vt 0.98249413 -0.16637062
vt 0.98269896 0.90136578
vt 0.98299723 0.29473500
vt 0.98327817 0.79780564
vt 0.98399606 0.93977704
vt 0.98422834 0.77840720
vt 0.98442165 0.30502244
vt 0.98484464 0.71916693
vt 0.98868407 0.70419868
vt 0.98891993 1.71850284
vt 0.98935839 0.13474114
vt 0.99097651 0.55244224
vt 0.99255287 0.67137468
vt 0.99297574 0.85118860
vt 0.99351643 0.19576853
vt 0.99351643 0.22386360
vt 0.99434377 0.36879305
vt 0.99650296 0.79486804
vt 0.99790979 7.1856153e-4
vt 0.99790979 7.1856153e-4
vt 0.99790979 1.8098504e-3
vt 0.99790979 1.8098504e-3
vt 1.00000000 1.00000000
vt 1.00000000 -3.4694470e-18
vt 1.00000000 1.00000000
vt 1.00000000 0.99810411
vt 1.00000000 0.99832237
vt 1.00000000 -6.0715322e-17
vt 1.00000000 1.3877788e-17
vt 1.00000000 1.7347235e-17
vt 1.00000000 4.2674198e-16
vt 1.00000000 0.99810411
vt 1.00000000 1.00000000
vt 1.00000000 1.00000000
vt 1.00000000 1.00000000
vt 1.00202583 0.62421487
vt 1.00239930 0.44049280
vt 1.00499434 0.93061704
vt 1.00568241 0.89899328
vt 1.00750467 0.56212528
vt 1.00849626 0.80698674
vt 1.00860893 0.30776528
vt 1.00864076 0.32664941
vt 1.00903453 0.45759127
vt 1.01026452 0.34505671
vt 1.01066698 0.28906053
vt 1.01105303 0.37233280
vt 1.01248989 0.43961359
vt 1.01262293 0.76902012
vt 1.01286636 0.36303670
vt 1.01395929 0.27100335
vt 1.01415593 6.9727865e-2
vt 1.01415593 0.20536128
vt 1.01415593 0.75766054
vt 1.01415593 -6.5905549e-2
vt 1.01415593 0.48639371
vt 1.01415593 0.62202713
vt 1.01502988 1.39957016
vt 1.01511147 0.19094231
vt 1.01525167 0.42087818
vt 1.01527081 0.38159211
vt 1.01535011 0.51182046
vt 1.01602014 1.71560459
vt 1.01610992 0.40117633
vt 1.01802170 0.83368432
vt 1.01857261 0.35077273
vt 1.01868640 0.71059380
vt 1.02069760 0.88743392
vt 1.02417676 0.36872632
vt 1.02488382 0.31202582
vt 1.02519067 0.29543429
vt 1.02556130 0.27888343
vt 1.02585797 0.26232779
vt 1.02594865 0.92104890
vt 1.02619727 0.24579732
vt 1.02651445 0.22926789
vt 1.02688879 0.21272080
vt 1.02732629 0.19617063
vt 1.02792073 0.17961297
vt 1.02830803 0.34940683
vt 1.02851597 0.89668077
vt 1.02858038 0.16306993
vt 1.02937458 0.14649773
vt 1.03057084 0.90069755
vt 1.03076219 0.56427383
vt 1.03103068 0.61976581
vt 1.03746365 0.36491538
vt 1.03869256 0.65793713
vt 1.03919921 1.08497105
vt 1.03945637 0.77189529
vt 1.04058986 0.58496806
vt 1.04130155 0.25502835
vt 1.04157420 -0.64400413
vt 1.04185484 -0.84830745
vt 1.04297017 1.70966062
vt 1.04618985 0.65745038
vt 1.04790326 0.91226036
vt 1.04989634 0.71329033
vt 1.05038265 0.77193237
vt 1.05769837 0.60433589
vt 1.05885202 0.39914571
vt 1.06106285 0.78516326
vt 1.06562171 0.32310219
vt 1.06851266 1.70010038
vt 1.06990714 0.72547506
vt 1.07070984 0.55174716
vt 1.07075471 0.90571750
vt 1.07194609 0.39397800
vt 1.07259946 0.66414908
vt 1.07446488 0.37764994
vt 1.07458128 0.64738181
vt 1.07820784 0.86239545
vt 1.08462147 0.72994015
vt 1.08466041 0.67651190
vt 1.08574548 0.39296524
vt 1.08653383 0.87674196
vt 1.08854444 0.99654146
vt 1.08955817 9.5975051e-3
vt 1.09269092 1.68872243
vt 1.09382249 0.90136578
vt 1.09510716 0.49785655
vt 1.09559029 0.73417132
vt 1.09662721 0.80593595
vt 1.09684646 1.06563946
vt 1.10004346 1.71850284
vt 1.10124713 0.71255331
vt 1.10147687 0.45931046
vt 1.10326406 0.74706064
vt 1.10332012 0.46124823
vt 1.10899685 0.58428361
vt 1.11049993 0.53507336
vt 1.11303414 0.76173773
vt 1.11356308 0.94484814
vt 1.11524009 0.95924750
vt 1.11630792 0.25619779
vt 1.11651654 0.23691263
vt 1.11676182 1.67718392
vt 1.11679064 0.94057913
vt 1.11680595 0.89899328
vt 1.11695103 0.27461369
vt 1.11713303 0.38535819
vt 1.11784372 0.21782544
vt 1.11831618 0.29218583
vt 1.11837232 0.92176000
vt 1.11891203 0.36769525
vt 1.11964514 0.31036013
vt 1.11965696 0.19976580
vt 1.11987769 0.90270379
vt 1.12012961 0.34927193
vt 1.12032405 0.32974422
vt 1.12126749 0.88373687
vt 1.12148426 0.92880520
vt 1.12221915 0.90877299
vt 1.12258403 0.86493025
vt 1.12273836 0.88871864
vt 1.12324670 0.86823438
vt 1.12394574 0.84757923
vt 1.12395446 0.84625842
vt 1.12503577 0.82723591
vt 1.12541591 0.82757744
vt 1.12650074 0.80721136
vt 1.12690857 0.80878177
vt 1.12714367 1.71560459
vt 1.12815802 0.78716594
vt 1.12851986 0.78992732
vt 1.12976181 0.76677656
vt 1.13022035 0.77121890
vt 1.13084878 0.52480634
vt 1.13109866 0.74612864
vt 1.13211831 0.72572320
vt 1.13394622 0.83462011
vt 1.13444248 0.14204811
vt 1.13648570 0.60299795
vt 1.13963950 0.89668077
vt 1.14004564 0.53577376
vt 1.14079153 0.58592786
vt 1.14081788 0.85070482
vt 1.14162427 1.66584790
vt 1.14263836 0.68094233
vt 1.14343395 0.69931883
vt 1.14454494 0.71882373
vt 1.14573945 0.73851880
vt 1.14681998 0.75719224
vt 1.14754727 0.86930729
vt 1.14759118 0.85154665
vt 1.14762194 0.77484127
vt 1.14782858 0.83289582
vt 1.14802384 0.79320825
vt 1.14804186 0.81297115
vt 1.14953466 0.75165751
vt 1.15279183 0.27336676
vt 1.15409370 1.70966062
vt 1.15604305 8.8297271e-2
vt 1.15641652 0.72012856
vt 1.15685753 0.30733464
vt 1.15720495 0.61871806
vt 1.15728899 0.28991024
vt 1.15774310 0.27250019
vt 1.15795452 0.56981987
vt 1.15812307 0.25491537
vt 1.15821986 0.93580736
vt 1.15854860 0.23732723
vt 1.15894872 0.21955495
vt 1.15943844 0.20177765
vt 1.15991557 0.18416372
vt 1.16012493 0.59031696
vt 1.16048733 0.16654390
vt 1.16101137 0.14911647
vt 1.16105900 0.60003574
vt 1.16158998 0.13168228
vt 1.16253364 0.67107388
vt 1.16322392 0.44162617
vt 1.16395881 0.42159397
vt 1.16447801 0.40153961
vt 1.16498636 0.38105535
vt 1.16501925 0.46940286
vt 1.16545064 0.73693510
vt 1.16568539 0.36040021
vt 1.16677543 0.34005688
vt 1.16804763 1.65790398
vt 1.16824039 0.32003234
vt 1.16932991 0.77851173
vt 1.16989768 0.29998692
vt 1.17112348 0.18627253
vt 1.17150146 0.27959753
vt 1.17283831 0.25894962
vt 1.17385797 0.23854417
vt 1.17388257 0.65723447
vt 1.17406110 0.34383469
vt 1.17491965 0.61273251
vt 1.17542099 0.23013397
vt 1.17963620 1.70010038
vt 1.18259911 0.84482062
vt 1.18549550 0.24756934
vt 1.18622226 0.28333546
vt 1.18686423 0.62816876
vt 1.18903239 0.80484018
vt 1.18937383 0.65594764
vt 1.19035260 0.16187777
vt 1.19451536 0.82345920
vt 1.19491259 1.65313189
vt 1.19808479 0.66685332
vt 1.20018681 0.30929013
vt 1.20108580 0.34644681
vt 1.20381446 1.68872243
vt 1.20475587 0.40872367
vt 1.20867413 0.69199146
vt 1.21459856 0.37175625
vt 1.21752999 0.71116317
vt 1.22026814 0.79858292
vt 1.22068967 0.77799413
vt 1.22078540 0.81928039
vt 1.22149911 1.65111905
vt 1.22219528 0.75828506
vt 1.22228385 0.83911358
vt 1.22228997 0.65806753
vt 1.22336273 0.73893903
vt 1.22382140 0.67779898
vt 1.22400455 0.85842317
vt 1.22433065 0.71893320
vt 1.22458865 0.69829320
vt 1.22672057 0.77709497
vt 1.22714210 0.75650618
vt 1.22723783 0.79779244
vt 1.22788535 1.67718392
vt 1.22864771 0.73679711
vt 1.22873627 0.81762563
vt 1.22874240 0.63657959
vt 1.22879140 0.33159040
vt 1.22900002 0.31230523
vt 1.22943450 0.35000629
vt 1.22948631 0.11717700
vt 1.22961651 0.46075079
vt 1.22981515 0.71745109
vt 1.23027383 0.65631103
vt 1.23031078 0.59457658
vt 1.23031078 0.62582126
vt 1.23032720 0.29321804
vt 1.23041067 0.57503021
vt 1.23041067 0.60627489
vt 1.23045697 0.83693522
vt 1.23052934 0.55512037
vt 1.23052934 0.58636506
vt 1.23078307 0.69744526
vt 1.23079965 0.36757844
vt 1.23104107 0.67680525
vt 1.23105629 0.53489663
vt 1.23105629 0.56614131
vt 1.23139550 0.44308785
vt 1.23190436 0.51451779
vt 1.23190436 0.54576247
vt 1.23212862 0.38575274
vt 1.23214044 0.27515841
vt 1.23261309 0.42466453
vt 1.23280753 0.40513683
vt 1.23320506 0.49466165
vt 1.23320506 0.52590633
vt 1.23469992 0.47491000
vt 1.23469992 0.50615468
vt 1.23623505 0.48625747
vt 1.23623505 0.45501279
vt 1.23715479 0.87376986
vt 1.23754643 0.46618419
vt 1.23754643 0.43493951
vt 1.23827486 0.85563897
vt 1.23852412 0.44618791
vt 1.23852412 0.41494322
vt 1.23916050 0.42657817
vt 1.23916050 0.39533349
vt 1.23947615 0.83731108
vt 1.24088664 0.81869929
vt 1.24237278 0.48179128
vt 1.24241782 0.80014289
vt 1.24256830 0.77383861
vt 1.24397712 0.78193607
vt 1.24408238 0.55254563
vt 1.24549719 0.76386092
vt 1.24694998 0.74554743
vt 1.24720057 0.79568100
vt 1.24812032 1.64928975
vt 1.24833992 0.72697968
vt 1.24934993 0.40710605
vt 1.24965284 0.70845412
vt 1.25102879 0.69020455
vt 1.25274780 1.66584790
vt 1.26117861 0.66260848
vt 1.27730086 0.77087778
vt 1.27837081 0.55640529
vt 1.27917116 1.65790398
vt 1.28144830 0.61935264
vt 1.28243144 0.56523889
vt 1.28303185 0.47768269
vt 1.28303185 0.43724919
vt 1.28572768 0.49812457
vt 1.28572768 0.45769107
vt 1.28758228 0.47720492
vt 1.28814224 0.51864028
vt 1.28814224 0.47820678
vt 1.29039517 0.53941517
vt 1.29039517 0.49898167
vt 1.29267756 0.56028243
vt 1.29267756 0.51984893
vt 1.29342696 0.83680582
vt 1.29426593 0.43777883
vt 1.29518759 0.58096015
vt 1.29518759 0.54052665
vt 1.29546532 0.74203934
vt 1.29633500 0.96912506
vt 1.29723950 0.95025137
vt 1.29797850 0.60144096
vt 1.29797850 0.56100746
vt 1.29801687 0.70983593
vt 1.29811985 0.93129771
vt 1.29861765 0.83223896
vt 1.29902582 0.91271827
vt 1.29995072 0.89418963
vt 1.30094037 0.87529874
vt 1.30113630 0.62192578
vt 1.30113630 0.58149228
vt 1.30162635 0.54894463
vt 1.30195855 0.85636867
vt 1.30301505 0.83675284
vt 1.30405734 0.81719978
vt 1.30447411 0.64259652
vt 1.30447411 0.60216302
vt 1.30505905 0.79780564
vt 1.30544788 0.65103301
vt 1.30600922 0.77840720
vt 1.30603612 1.65313189
vt 1.30624347 0.66940951
vt 1.30735446 0.68891441
vt 1.30778077 0.66339608
vt 1.30778077 0.62296258
vt 1.30854897 0.70860948
vt 1.30937096 0.50453370
vt 1.30962950 0.72728292
vt 1.30999827 0.66252062
vt 1.31031632 0.56990935
vt 1.31035679 0.83939797
vt 1.31040070 0.82163733
vt 1.31043146 0.74493195
vt 1.31063810 0.80298650
vt 1.31083337 0.76329893
vt 1.31085138 0.78306183
vt 1.31085817 0.64367570
vt 1.31085817 0.68410920
vt 1.31349633 0.63257532
vt 1.31792212 0.60065032
vt 1.32130778 0.55386282
vt 1.33154296 7.7507917e-2
vt 1.33158956 0.20165724
vt 1.33158956 0.23667242
vt 1.33250047 0.22176296
vt 1.33250047 0.25677814
vt 1.33262264 1.65111905
vt 1.33334063 0.24199352
vt 1.33334063 0.27700870
vt 1.33415159 0.26212464
vt 1.33415159 0.29713982
vt 1.33500902 0.28210954
vt 1.33500902 0.31712472
vt 1.33599010 0.30207451
vt 1.33599010 0.33708969
vt 1.33709481 0.32222350
vt 1.33709481 0.35723868
vt 1.33807376 0.84901868
vt 1.33829791 0.34254985
vt 1.33829791 0.37756503
vt 1.33949238 0.39778025
vt 1.33949238 0.36276507
vt 1.34057893 0.41774560
vt 1.34057893 0.38273042
vt 1.34155522 0.43767545
vt 1.34155522 0.40266027
vt 1.35924385 1.64928975
vt 1.36069519 0.68936680
vt 1.36150448 0.93426780
vt 1.36154504 0.85252580
vt 1.37240066 0.49585617
vt 1.37241133 0.47710849
vt 1.37242332 0.51458698
vt 1.37242889 0.45815431
vt 1.37256549 0.43917630
vt 1.37279318 0.42027947
vt 1.37316697 0.40140990
vt 1.37359521 0.38250880
vt 1.37409663 0.36359531
vt 1.37453379 0.34485918
vt 1.37497120 0.32612725
vt 1.37555246 9.7757175e-3
vt 1.37555246 0.99022428
vt 1.38550525 0.42744572
vt 1.38559582 0.40825179
vt 1.38563151 0.44666510
vt 1.38573245 0.38909114
vt 1.38584171 0.46589509
vt 1.38599844 0.36996179
vt 1.38619218 0.35077986
vt 1.38624205 0.48505404
vt 1.38644344 0.33159376
vt 1.38663423 0.50423861
vt 1.38712367 0.52341109
vt 1.39125223 0.97153143
vt 1.39623903 3.7651962e-3
vt 1.40523856 0.65263570
vt 1.40533334 0.48669782
vt 1.40562313 0.62226825
vt 1.40751782 0.57341496
vt 1.42311621 0.84507798
vt 1.42316932 0.74902924
vt 1.42350215 0.70964594
vt 1.42387306 0.83206654
vt 1.43892283 3.0650923e-2
vt 1.44409113 0.77073308
vt 1.46495834 0.16646582
vt 1.46495834 0.25387357
vt 1.46655577 0.14337886
vt 1.46655577 0.23078662
vt 1.46807563 0.12019529
vt 1.46807563 0.20760305
vt 1.46968126 9.6947437e-2
vt 1.46968126 0.18435520
vt 1.47135952 7.3666189e-2
vt 1.47135952 0.16107395
vt 1.47312727 5.0403680e-2
vt 1.47312727 0.13781144
vt 1.47481092 2.7157453e-2
vt 1.47481092 0.11456521
vt 1.47626959 9.1293957e-2
vt 1.47626959 3.8861984e-3
vt 1.47646918 0.70502227
vt 1.47646918 0.73356214
vt 1.47709991 0.68895685
vt 1.47709991 0.71749672
vt 1.47738603 6.7975372e-2
vt 1.47738603 -1.9432387e-2
vt 1.47768492 0.67275500
vt 1.47768492 0.70129487
vt 1.47806795 4.4613365e-2
vt 1.47806795 -4.2794395e-2
vt 1.47822515 0.65631605
vt 1.47822515 0.68485591
vt 1.47840311 2.1187645e-2
vt 1.47840311 -6.6220114e-2
vt 1.47874872 0.63991038
vt 1.47874872 0.66845024
vt 1.47925839 0.62377439
vt 1.47925839 0.65231425
vt 1.48010352 0.63629322
vt 1.48010352 0.60775336
vt 1.48100537 0.62008590
vt 1.48100537 0.59154603
vt 1.48190472 0.60367203
vt 1.48190472 0.57513217
vt 1.48281098 0.58728861
vt 1.48281098 0.55874875
vt 1.48370106 0.57110787
vt 1.48370106 0.54256801
vt 1.48801933 0.11351689
vt 1.49465807 0.67512655
vt 1.49816486 0.18435484
vt 1.50836751 0.25510936
vt 1.51625590 0.31202582
vt 1.51656275 0.29543429
vt 1.51693338 0.27888343
vt 1.51723005 0.26232779
vt 1.51756935 0.24579732
vt 1.51788654 0.22926789
vt 1.51826087 0.21272080
vt 1.51869837 0.19617063
vt 1.51883065 0.32579892
vt 1.51929281 0.17961297
vt 1.51995246 0.16306993
vt 1.52074666 0.14649773
vt 1.52134061 0.98805493
vt 1.52246067 0.96992404
vt 1.52366197 0.95159615
vt 1.52507246 0.93298436
vt 1.52660364 0.91442796
vt 1.52816294 0.89622114
vt 1.52946255 0.39646581
vt 1.52968301 0.87814599
vt 1.53113579 0.85983250
vt 1.53252574 0.84126475
vt 1.53383866 0.82273919
vt 1.53521461 0.80448962
vt 1.54030865 0.46692973
vt 1.54769058 9.7757175e-3
vt 1.54769058 0.50000000
vt 1.55137182 0.53735673
vt 1.55837568 0.61825427
vt 1.55837568 0.58270020
vt 1.55844155 0.63565311
vt 1.55844155 0.60009905
vt 1.55856568 0.60069657
vt 1.55856568 0.56514251
vt 1.55857177 0.65297922
vt 1.55857177 0.61742516
vt 1.55894718 0.58317928
vt 1.55894718 0.54762521
vt 1.55950152 0.56582525
vt 1.55950152 0.53027118
vt 1.55999749 0.54850825
vt 1.55999749 0.51295419
vt 1.56051130 0.53105844
vt 1.56051130 0.49550437
vt 1.56095600 0.51348126
vt 1.56095600 0.47792720
vt 1.56123708 0.49591576
vt 1.56123708 0.46036170
vt 1.56136691 0.47849470
vt 1.56136691 0.44294063
vt 1.56191150 0.85039416
vt 1.56238024 0.93133477
vt 1.56252757 0.60766646
vt 1.60145606 0.62769968
vt 1.63554466 3.7439096e-2
vt 1.63561144 0.99263273
vt 1.63843834 0.56698363
vt 1.63843834 0.59822832
vt 1.63862824 0.54822549
vt 1.63862824 0.57947018
vt 1.63866615 0.58564145
vt 1.63866615 0.61688614
vt 1.63902856 0.60425506
vt 1.63902856 0.63549974
vt 1.63922570 0.52949959
vt 1.63922570 0.56074428
vt 1.64030767 0.51092831
vt 1.64030767 0.54217299
vt 1.64085865 0.66220234
vt 1.64149233 6.3368798e-3
vt 1.64149233 0.96157375
vt 1.64203852 0.49256000
vt 1.64203852 0.52380469
vt 1.64370432 0.47408424
vt 1.64370432 0.50532892
vt 1.64502414 0.48672431
vt 1.64502414 0.45547962
vt 1.64585998 0.46805193
vt 1.64585998 0.43680725
vt 1.64633621 0.44944658
vt 1.64633621 0.41820189
vt 1.64734595 0.99022428
vt 1.65826430 0.57744596
vt 1.65977838 0.52862790
vt 1.67938475 0.76821813
vt 1.68889078 0.63647359
vt 1.69210908 0.58473567
vt 1.69950810 0.82828382
vt 1.69984754 0.70731195
vt 1.71636779 1.00936608
vt 1.71768389 0.99007531
vt 1.71867192 0.97065111
vt 1.71929589 0.95130590
vt 1.71964793 0.93213429
vt 1.72002991 0.91300226
vt 1.72075408 0.89369930
vt 1.72187154 0.87425633
vt 1.72317426 0.85491418
vt 1.72396933 0.64392512
vt 1.72465397 0.83580827
vt 1.72616043 0.81672564
vt 1.72631758 0.85897493
vt 1.72631758 0.88888425
vt 1.72741193 0.59037789
vt 1.72786638 0.83143249
vt 1.72786638 0.86134181
vt 1.72794180 0.88618783
vt 1.72794180 0.91609715
vt 1.73014857 0.53522912
vt 1.73217792 0.91254277
vt 1.73217792 0.94245209
vt 1.73310206 0.80458587
vt 1.73310206 0.83449519
vt 1.73349182 0.84099957
vt 1.73663597 0.93881151
vt 1.73663597 0.96872083
vt 1.73869983 0.77853208
vt 1.73869983 0.80844140
vt 1.74349125 0.70054677
vt 1.74349125 0.67063744
vt 1.74410439 0.78223851
vt 1.74410439 0.75232919
vt 1.74698153 0.72760674
vt 1.74698153 0.69769742
vt 1.74747091 0.75519995
vt 1.74747091 0.72529063
vt 1.75303210 0.35618607
vt 1.75327261 0.33878036
vt 1.75330020 0.37347216
vt 1.75343581 0.46030267
vt 1.75343815 0.47765720
vt 1.75346150 0.39079876
vt 1.75349359 0.49495933
vt 1.75395163 0.44293417
vt 1.75401241 0.40811772
vt 1.75415257 0.51236406
vt 1.75455227 0.42550181
vt 1.76056114 0.92722376
vt 1.76059674 0.84739820
vt 1.76107178 0.68701721
vt 1.80418696 0.44322962
vt 1.80421488 0.46117488
vt 1.80427084 0.42530413
vt 1.80430793 0.47913385
vt 1.80445867 0.49709414
vt 1.80459539 0.51506892
vt 1.80484773 0.40740188
vt 1.80543729 0.38948274
vt 1.80595227 0.37154620
vt 1.80636030 0.35360147
vt 1.80667163 0.33564191
vt 1.82140117 0.82651089
vt 1.82218734 0.70683082
vt 1.82889547 0.65998101
vt 1.82983438 0.74794715
vt 1.84215887 0.76660444
vt 1.87818218 0.61886742
vt 1.90227819 0.21063050
vt 1.90227819 0.29803826
vt 1.90231239 0.85116991
vt 1.90469939 0.18547632
vt 1.90469939 0.27288408
vt 1.90715060 0.16029635
vt 1.90715060 0.24770410
vt 1.90967543 0.13508070
vt 1.90967543 0.22248846
vt 1.91228183 0.10982296
vt 1.91228183 0.19723072
vt 1.91496584 8.4524969e-2
vt 1.91496584 0.17193273
vt 1.91768340 5.9161137e-2
vt 1.91768340 0.14656890
vt 1.92038397 3.3699967e-2
vt 1.92038397 0.12110773
vt 1.92303480 9.5529584e-2
vt 1.92303480 8.1218245e-3
vt 1.92531027 0.17094396
vt 1.92531027 0.20595914
vt 1.92560016 6.9828850e-2
vt 1.92560016 -1.7578909e-2
vt 1.92698407 0.19127017
vt 1.92698407 0.22628535
vt 1.92809028 0.21186570
vt 1.92809028 0.24688088
vt 1.92810640 4.4001245e-2
vt 1.92810640 -4.3406515e-2
vt 1.92829139 0.25248523
vt 1.92829139 0.28750041
vt 1.92831800 0.23232936
vt 1.92831800 0.26734454
vt 1.92854257 0.27256500
vt 1.92854257 0.30758018
vt 1.92900411 0.29293587
vt 1.92900411 0.32795105
vt 1.93027389 0.31354594
vt 1.93027389 0.34856112
vt 1.93206208 0.33398095
vt 1.93206208 0.36899613
vt 1.93380916 0.38902394
vt 1.93380916 0.35400876
vt 1.93543338 0.40899174
vt 1.93543338 0.37397656
vt 1.94664079 0.86167413
vt 1.95348774 0.77082261
vt 1.95598982 0.92566836
vt 1.95655958 0.58482923
vt 2.01540248 0.54618429
vt 2.02413642 0.74960072
vt 2.03568947 9.7757175e-3
vt 2.03568947 0.99022428
vt 2.03814868 1.00936608
vt 2.03946478 0.99007531
vt 2.04045280 0.97065111
vt 2.04107677 0.95130590
vt 2.04142881 0.93213429
vt 2.04181079 0.91300226
vt 2.04253497 0.89369930
vt 2.04365242 0.87425633
vt 2.04495514 0.85491418
vt 2.04643485 0.83580827
vt 2.04794131 0.81672564
vt 2.05210025 0.14078036
vt 2.06631280 0.20402102
vt 2.07951529 0.51830083
vt 2.08038367 0.60911585
vt 2.08064192 0.88962079
vt 2.08248360 0.70026064
vt 2.08304065 0.26805326
vt 2.08586074 0.79582443
vt 2.10157860 0.33325417
vt 2.12116507 0.39965831
vt 2.14121441 0.46678192
vt 2.14324717 0.87966338
vt 2.15466227 0.78548360
vt 2.26346644 0.92751587
vt 2.27336607 0.17121218
vt 2.27674514 0.91460809
vt 2.28260351 0.21916124
vt 2.28525127 0.82142722
vt 2.30191141 0.27076513
vt 2.32855196 0.32676639
vt 2.33459804 0.54034204
vt 2.34964534 0.84526551
vt 2.35073851 0.76605365
vt 2.35206494 0.68665734
vt 2.35340307 0.60711512
vt 2.35911231 0.38791219
vt 2.39206882 0.45094901
vt 2.40091639 0.93644192
vt 2.59393157 6.3368798e-3
vt 2.59393157 0.96157375
vt 2.88472544 0.33586740
vt 2.88714240 0.34826296
vt 2.89082258 0.32482989
vt 2.89576764 0.35749939
vt 2.90185653 0.31872919
vt 2.90829535 0.35905957
vt 2.91425001 0.32114407
vt 2.91972317 0.35373049
vt 2.92348632 0.32976919
vt 2.92504877 0.34229918
vt 2.93197041 0.30592900
vt 2.93435813 0.31817459
vt 2.93799379 0.29502502
vt 2.94287902 0.32729929
vt 2.94889425 0.28899812
vt 2.95525517 0.32884058
vt 2.96113779 0.29138379
vt 2.96654475 0.32357598
vt 2.97026236 0.29990456
vt 2.97180591 0.31228296
vt 3.50091637 0.99236837
vt 3.50095466 3.7120760e-2
vt 3.53657476 -1.6313877e-2
vt 3.53657476 -7.1238318e-2
vt 3.53735532 1.5302653e-3
vt 3.53735532 -5.3394176e-2
vt 3.53813480 1.9375891e-2
vt 3.53813480 -3.5548550e-2
vt 3.53894148 3.7249206e-2
vt 3.53894148 -1.7675235e-2
vt 3.53980723 5.5129125e-2
vt 3.53980723 2.0468367e-4
vt 3.54072756 7.2987943e-2
vt 3.54072756 1.8063502e-2
vt 3.54185902 9.0814056e-2
vt 3.54185902 3.5889615e-2
vt 3.54297456 0.10864471
vt 3.54297456 5.3720271e-2
vt 3.54351981 0.40641613
vt 3.54351981 0.34835344
vt 3.54405604 0.12649913
vt 3.54405604 7.1574687e-2
vt 3.54449557 0.38853428
vt 3.54449557 0.33047159
vt 3.54504841 0.14437423
vt 3.54504841 8.9449791e-2
vt 3.54550840 0.37063233
vt 3.54550840 0.31256964
vt 3.54598093 0.16223649
vt 3.54598093 0.10731205
vt 3.54650203 0.35274685
vt 3.54650203 0.29468416
vt 3.54751653 0.33488353
vt 3.54751653 0.27682084
vt 3.54842966 0.31701842
vt 3.54842966 0.25895573
vt 3.54968165 0.29915191
vt 3.54968165 0.24108922
vt 3.55077971 0.28126139
vt 3.55077971 0.22319870
vt 3.55184149 0.26337219
vt 3.55184149 0.20530950
vt 3.55280484 0.24550967
vt 3.55280484 0.18744698
vt 3.55370567 -8.9666899e-2
vt 3.55370567 -6.7495958e-2
vt 3.55371213 -7.1758449e-2
vt 3.55371213 -4.9587508e-2
vt 3.55375452 -3.1656979e-2
vt 3.55375452 -5.3827920e-2
vt 3.55376775 0.22765136
vt 3.55376775 0.16958867
vt 3.55376960 2.2036455e-2
vt 3.55376960 -1.3448580e-4
vt 3.55377862 -1.3743941e-2
vt 3.55377862 -3.5914881e-2
vt 3.55382477 4.1481038e-3
vt 3.55382477 -1.8022837e-2
vt 3.55405272 3.9944537e-2
vt 3.55405272 1.7773597e-2
vt 3.55418083 5.7868262e-2
vt 3.55418083 3.5697322e-2
vt 3.55426280 0.11156144
vt 3.55426280 8.9390500e-2
vt 3.55426789 9.3677189e-2
vt 3.55426789 7.1506248e-2
vt 3.55427278 7.5788713e-2
vt 3.55427278 5.3617772e-2
vt 4.16094612 -8.55537255
vt 4.18734900 -8.54330181
vt 4.21376119 -8.53123208
vt 4.24013691 -8.51905830
vt 4.26644888 -8.50672061
vt 4.29261059 -8.49409699
vt 4.31865645 -8.48124174
vt 4.34464006 -8.46823805
vt 4.37062825 -8.45525516
vt 4.39673748 -8.44252887
vt 4.42300886 -8.43016801
vt 4.49440588 -1.79218156
vt 4.50758279 -1.76641105
vt 4.52072923 -1.74056781
vt 4.53404472 -1.71474215
vt 4.54757789 -1.68901483
vt 4.56133855 -1.66348610
vt 4.57516223 -1.63810440
vt 4.58623467 -1.76250991
vt 4.58903221 -1.74166093
vt 4.58903706 -1.61277476
vt 4.60075461 -1.78200072
vt 4.60288255 -1.58739385
vt 4.61443992 -1.72757861
vt 4.61657617 -1.56191716
vt 4.62072870 -1.79893145
vt 4.63010046 -1.53636750
vt 4.64708423 -1.72274443
vt 4.67910625 -1.72321769
vt 4.68220220 0.46389746
vt 4.69612226 0.52888951
vt 4.70793945 -1.71630888
vt 4.70980224 0.39958027
vt 4.73121007 -1.69663144
vt 4.73977299 0.57807078
vt 4.74117547 0.39978592
vt 4.74639453 -1.66941986
vt 4.74753391 -1.63888615
vt 4.75793834 0.46500397
vt 4.76336731 0.35205929
vt 4.76493333 0.33479608
vt 4.79775210 0.61084962
vt 4.80415339 0.51394799
vt 4.80919896 0.28648729
vt 4.81524515 0.10369507
vt 4.82280602 0.32154582
vt 4.86250615 0.54673615
vt 4.86674349 0.14675951
vt 4.86736728 0.25551110
vt 4.87097584 0.27619251
vt 4.88563803 0.21108454
vt 4.90953889 8.0482454e-2
vt 4.90954841 0.59420571
vt 4.91492091 0.21009024
vt 4.92880490 0.14486610
vt 4.97073494 0.12425149
vt 4.97091589 9.5882935e-2
vt 4.97351680 6.4544878e-2
vt 4.97490035 3.2048490e-2
vt 4.97732529 -2.3665262e-3
vt 4.97921383 -3.7018710e-2
vt 4.98115793 -7.1342538e-2
vt 4.98362554 -0.10524410
vt 4.98477860 -0.13763198
vt 4.98708824 -0.19738981
vt 4.98710244 -0.16898630
vt 5.05954323 -5.4827426e-3
vt 5.06238646 4.6569092e-2
vt 5.07578887 0.11644459
vt 5.08729835 -3.8978177e-2
vt 5.09446621 0.16600315
vt 5.10658820 0.20706129
vt 5.11355645 -6.2636375e-2
vt 5.12502943 -0.17579244
vt 5.13573026 -8.6865842e-2
vt 5.14168367 -0.14982360
vt 5.14489787 -0.12063701
vt 5.29201468 -0.56612326
vt 5.29658525 -0.53746437
vt 5.30121070 -0.50883643
vt 5.30575462 -0.48019203
vt 5.31013580 -0.45151051
vt 5.31426759 -0.42279196
vt 5.31824560 -0.39403220
vt 5.32214962 -0.36526572
vt 5.32612090 -0.33649837
vt 5.33029542 -0.30775433
vt 5.33381929 -0.34390097
vt 5.33466731 -0.27905897
vt 5.33677214 -0.31503331
vt 5.33964327 -0.28615699
vt 5.34234916 -0.25726020
vt 5.34480555 -0.22834005
vt 5.34710055 -0.19941117
vt 5.34932315 -0.17047624
vt 5.35161212 -0.14154370
vt 5.35410628 -0.11262159
vt 5.35680205 -8.3717573e-2
vt 5.35969573 -5.4841126e-2
vn 2.8184798e-2 -0.99857590 -4.5296690e-2
vn -0.14883432 -0.98873924 1.5590669e-2
vn -0.99992479 1.9074400e-3 1.2115490e-2
vn -0.30289960 0.95302065 -1.8608617e-3
vn 0.81667238 0.57695888 -1.2832757e-2
vn 0.81038329 -0.58586763 -6.1670937e-3
vn -0.32424995 -0.94592455 9.4189356e-3
vn -0.30352275 1.9091739e-2 -0.95263290
vn -0.12318291 0.94910803 -0.28986190
vn 0.23285025 0.55317582 0.79986079
vn 0.26039917 -0.57992408 0.77193286
vn -7.3568280e-2 -0.94180103 -0.32802214
vn -0.76360710 6.5608187e-2 -0.64233929
vn -0.26009474 0.95996271 -0.10403035
vn 0.62339311 0.51333611 0.58980257
vn 0.63668053 -0.61702659 0.46251064
vn -0.23283012 -0.92151048 -0.31081920
vn -0.85940566 5.3965601e-2 -0.50843842
vn -0.26911672 0.96196666 -4.6865046e-2
vn 0.69563678 0.53344287 0.48117374
vn 0.70008030 -0.62476696 0.34576555
vn -0.26793976 -0.92470269 -0.27043154
vn -0.98533547 4.6959616e-3 -0.17056366
vn -0.30437389 0.95236354 -1.8979517e-2
vn 0.80132264 0.57703572 0.15783473
vn 0.80048648 -0.58785528 0.11682281
vn -0.31171251 -0.94614488 -8.7436695e-2
vn -0.91022196 5.6546839e-2 0.41024193
vn -0.27885473 0.96031065 -6.5947307e-3
vn 0.74022799 0.52831705 -0.41586491
vn 0.73841610 -0.62528832 -0.25249987
vn -0.29061570 -0.92012310 0.26251857
vn -0.74514688 8.6842708e-2 0.66122196
vn -0.25685593 0.96271567 8.4873827e-2
vn 0.60935004 0.49262315 -0.62130102
vn 0.62419749 -0.63013767 -0.46184848
vn -0.22602590 -0.91128281 0.34420333
vn 7.2954609e-2 0.54638549 -0.83435036
vn -4.1718304e-2 0.95164512 0.30435365
vn -9.9058146e-2 2.6269454e-2 0.99473484
vn -2.2426881e-2 -0.93948011 0.34186864
vn 8.3463988e-2 -0.58507970 -0.80666939
vn 0.99999620 5.6515405e-8 -2.7558196e-3
vn 0.30922991 0.95098691 -8.7569061e-4
vn -0.80922864 0.58748972 2.2006289e-3
vn -0.80922833 -0.58749003 2.2308755e-3
vn 0.30923082 -0.95098665 -8.2673928e-4
vn 0.99992479 1.9074400e-3 1.2115490e-2
vn 0.30289960 0.95302065 -1.8608617e-3
vn -0.81667238 0.57695888 -1.2832757e-2
vn -0.81038329 -0.58586763 -6.1670937e-3
vn 0.32424995 -0.94592455 9.4189356e-3
vn 0.30352275 1.9091739e-2 -0.95263290
vn 0.12318291 0.94910803 -0.28986190
vn -0.23285025 0.55317582 0.79986079
vn -0.26039917 -0.57992408 0.77193286
vn 7.3568280e-2 -0.94180103 -0.32802214
vn 0.76360710 6.5608187e-2 -0.64233929
vn 0.26009474 0.95996271 -0.10403035
vn -0.62339311 0.51333611 0.58980257
vn -0.63668053 -0.61702659 0.46251064
vn 0.23283012 -0.92151048 -0.31081920
vn 0.85940566 5.3965601e-2 -0.50843842
vn 0.26911672 0.96196666 -4.6865046e-2
vn -0.69563678 0.53344287 0.48117374
vn -0.70008030 -0.62476696 0.34576555
vn 0.26793976 -0.92470269 -0.27043154
vn 0.98533547 4.6959616e-3 -0.17056366
vn 0.30437389 0.95236354 -1.8979517e-2
vn -0.80132264 0.57703572 0.15783473
vn -0.80048648 -0.58785528 0.11682281
vn 0.31171251 -0.94614488 -8.7436695e-2
vn 0.99551818 -5.6480311e-8 -9.4570375e-2
vn 0.30779707 0.95099804 -2.9388615e-2
vn -0.80557213 0.58753868 7.6497293e-2
vn -0.80555558 -0.58753820 7.6675013e-2
vn 0.30782310 -0.95099845 -2.9101225e-2
vn 0.91022196 5.6546839e-2 0.41024193
vn 0.27885473 0.96031065 -6.5947307e-3
vn -0.74022799 0.52831705 -0.41586491
vn -0.73841610 -0.62528832 -0.25249987
vn 0.29061570 -0.92012310 0.26251857
vn 0.74514688 8.6842708e-2 0.66122196
vn 0.25685593 0.96271567 8.4873827e-2
vn -0.60935004 0.49262315 -0.62130102
vn -0.62419749 -0.63013767 -0.46184848
vn 0.22602590 -0.91128281 0.34420333
vn -7.2954609e-2 0.54638549 -0.83435036
vn 4.1718304e-2 0.95164512 0.30435365
vn 9.9058146e-2 2.6269454e-2 0.99473484
vn 2.2426881e-2 -0.93948011 0.34186864
vn -8.3463988e-2 -0.58507970 -0.80666939
vn -0.81546763 6.8797149e-2 -0.57469948
vn -0.25243185 -0.92169129 -0.29455615
vn 0.66327515 -0.63561739 0.39504002
vn 0.66102663 0.52399276 0.53709905
vn -0.25589441 0.96460894 -6.3621046e-2
vn -0.99270090 5.3230521e-4 -0.12060115
vn -0.30787845 -0.95038203 -4.4551751e-2
vn 0.80376393 -0.58764117 9.2959181e-2
vn 0.80374866 0.58621599 0.10168041
vn -0.30685799 0.95127903 -3.0106006e-2
vn -0.93960793 2.3605565e-2 -0.34143771
vn -0.29807754 -0.93505211 -0.19190450
vn 0.76738180 -0.59963742 0.22706858
vn 0.76387093 0.55551504 0.32848780
vn -0.29356834 0.95567415 -2.2462272e-2
vn -0.60488211 4.7319371e-2 -0.79490786
vn -0.17117019 -0.92782901 -0.33141228
vn 0.52374044 -0.58421382 0.61999207
vn 0.49186815 0.51375284 0.70293936
vn -0.23490054 0.95071376 -0.20239832
vn -0.84967119 8.0416333e-2 0.52114497
vn -0.26457903 -0.91376920 0.30825927
vn 0.69080906 -0.64200514 -0.33258419
vn 0.68998520 0.51165524 -0.51198568
vn -0.26555025 0.96395100 1.6778694e-2
vn -0.99452328 1.2122408e-2 0.10380989
vn -0.34121865 -0.93714927 7.2945789e-2
vn 0.80529565 -0.58979977 -6.0292155e-2
vn 0.82233528 0.55878522 -0.10734879
vn -0.29181096 0.95644745 -7.3914236e-3
vn 0.32293217 0.49214475 -0.80839864
vn -0.16025423 0.95841319 0.23614135
vn -0.40385099 7.0846444e-2 0.91207739
vn -0.11097285 -0.91899097 0.37833929
vn 0.34795474 -0.60304765 -0.71781685
vn 0.99999891 2.3006266e-4 1.4567335e-3
vn 0.31117521 -0.95035166 1.3103258e-3
vn -0.80926190 -0.58744770 -6.0815023e-4
vn -0.81012547 0.58625423 -1.6437911e-3
vn 0.30821372 0.95131705 -4.1007063e-4
vn 0.81546763 6.8797149e-2 -0.57469948
vn 0.25243185 -0.92169129 -0.29455615
vn -0.66327515 -0.63561739 0.39504002
vn -0.66102663 0.52399276 0.53709905
vn 0.25589441 0.96460894 -6.3621046e-2
vn 0.99270090 5.2244740e-4 -0.12060123
vn 0.30784154 -0.95039418 -4.4547601e-2
vn -0.80376365 -0.58764155 9.2959143e-2
vn -0.80372865 0.58624380 0.10167829
vn 0.30687464 0.95127360 -3.0107919e-2
vn 0.93960793 2.3605565e-2 -0.34143771
vn 0.29807754 -0.93505211 -0.19190450
vn -0.76738180 -0.59963742 0.22706858
vn -0.76387093 0.55551504 0.32848780
vn 0.29356834 0.95567415 -2.2462272e-2
vn 0.60488211 4.7319371e-2 -0.79490786
vn 0.17117019 -0.92782901 -0.33141228
vn -0.52374044 -0.58421382 0.61999207
vn -0.49186815 0.51375284 0.70293936
vn 0.23490054 0.95071376 -0.20239832
vn 0.30931987 0.95092713 -7.6693195e-3
vn -0.80917953 0.58723175 1.9681629e-2
vn -0.80917447 -0.58723416 1.9816895e-2
vn 0.30933139 -0.95092512 -7.4505622e-3
vn 0.99970128 4.0697311e-7 -2.4440939e-2
vn 0.84967119 8.0416333e-2 0.52114497
vn 0.26457903 -0.91376920 0.30825927
vn -0.69080906 -0.64200514 -0.33258419
vn -0.68998520 0.51165524 -0.51198568
vn 0.26555025 0.96395100 1.6778694e-2
vn 0.99452328 1.2122408e-2 0.10380989
vn 0.34121865 -0.93714927 7.2945789e-2
vn -0.80529565 -0.58979977 -6.0292155e-2
vn -0.82233528 0.55878522 -0.10734879
vn 0.29181096 0.95644745 -7.3914236e-3
vn -0.32293217 0.49214475 -0.80839864
vn 0.16025423 0.95841319 0.23614135
vn 0.40385099 7.0846444e-2 0.91207739
vn 0.11097285 -0.91899097 0.37833929
vn -0.34795474 -0.60304765 -0.71781685
vn -8.1118965e-17 -0.58622217 -0.81015034
vn 7.5853266e-17 -0.94801068 0.31823851
vn -9.4913614e-16 7.1028999e-3 0.99997477
vn -6.3611882e-16 0.95095291 0.30933567
vn -3.3670753e-17 0.57615580 -0.81733989
vn 1.1047843e-15 5.5228402e-3 -0.99998475
vn -1.0637557e-16 -0.94858428 -0.31652467
vn 2.6132547e-15 -0.58687792 0.80967543
vn 3.3821242e-16 0.57875785 0.81549945
vn 1.4615013e-16 0.95117989 -0.30863705
vn -0.81702465 -0.57645022 1.3261217e-2
vn -0.23647930 -0.55062034 -0.80055904
vn -0.62266907 -0.51104024 -0.59255473
vn -0.69636235 -0.53309372 -0.48051073
vn -0.80137855 -0.57657446 -0.15923040
vn -0.74119810 -0.52803924 0.41448756
vn -0.60784951 -0.48972936 0.62504730
vn 0.80925077 0.58745906 -2.2441622e-3
vn 0.81096090 0.58506537 6.3975411e-3
vn 0.26441537 0.57758760 -0.77231928
vn 0.63555634 0.61563556 -0.46589806
vn 0.70068200 0.62415075 -0.34565963
vn 0.80075875 0.58728341 -0.11782876
vn 0.80558001 0.58751174 -7.6621226e-2
vn 0.73916773 0.62453421 0.25216677
vn 0.62206808 0.62871450 0.46663624
vn -0.81096090 0.58506537 6.3975411e-3
vn 0.32517871 0.94560741 -9.2430873e-3
vn 0.99993096 -1.3688600e-3 -1.1670855e-2
vn 0.30296896 -0.95299850 1.9143257e-3
vn -0.26441537 0.57758760 -0.77231928
vn 7.3139675e-2 0.94130305 0.32954386
vn 0.29884538 -1.9552789e-2 0.95410121
vn 0.12256788 -0.94846472 0.29221874
vn -0.63555634 0.61563556 -0.46589806
vn 0.23434833 0.92104155 0.31106803
vn 0.76632880 -6.5594236e-2 0.63909120
vn 0.26220658 -0.95932837 0.10457910
vn -0.70068200 0.62415075 -0.34565963
vn 0.26829401 0.92441544 0.27106164
vn 0.85891905 -5.3727133e-2 0.50928525
vn 0.26916491 -0.96194532 4.7026047e-2
vn -0.80075875 0.58728341 -0.11782876
vn 0.31243740 0.94594174 8.7046543e-2
vn 0.98561365 -4.3500304e-3 0.16895800
vn 0.30455503 -0.95230929 1.8794847e-2
vn -0.73916773 0.62453421 0.25216677
vn 0.29100573 0.91972549 -0.26347805
vn 0.90956603 -5.6290428e-2 -0.41172930
vn 0.27883171 -0.96031869 6.3948774e-3
vn -0.62206808 0.62871450 0.46663624
vn 0.22784048 0.91081728 -0.34423916
vn 0.74932794 -8.6620698e-2 -0.65650933
vn 0.25948280 -0.96198102 -8.5212601e-2
vn 9.4377966e-2 -2.6666452e-2 -0.99517923
vn 2.1780672e-2 0.93890840 -0.34347725
vn -8.7200302e-2 0.58309867 0.80770790
vn -7.6126856e-2 -0.54405544 0.83558865
vn 4.0723406e-2 -0.95091607 -0.30675761
vn -0.30925349 0.95097929 8.2315522e-4
vn -0.99999626 -3.7048375e-8 2.7366671e-3
vn -0.30925255 -0.95097955 8.7211222e-4
vn 0.80925107 -0.58745877 -2.2139270e-3
vn -0.32517871 0.94560741 -9.2430873e-3
vn -0.99993096 -1.3688600e-3 -1.1670855e-2
vn -0.30296896 -0.95299850 1.9143257e-3
vn 0.81702465 -0.57645022 1.3261217e-2
vn -7.3139675e-2 0.94130305 0.32954386
vn -0.29884538 -1.9552789e-2 0.95410121
vn -0.12256788 -0.94846472 0.29221874
vn 0.23647930 -0.55062034 -0.80055904
vn -0.23434833 0.92104155 0.31106803
vn -0.76632880 -6.5594236e-2 0.63909120
vn -0.26220658 -0.95932837 0.10457910
vn 0.62266907 -0.51104024 -0.59255473
vn -0.26829401 0.92441544 0.27106164
vn -0.85891905 -5.3727133e-2 0.50928525
vn -0.26916491 -0.96194532 4.7026047e-2
vn 0.69636235 -0.53309372 -0.48051073
vn -0.31243740 0.94594174 8.7046543e-2
vn -0.98561365 -4.3500304e-3 0.16895800
vn -0.30455503 -0.95230929 1.8794847e-2
vn 0.80137855 -0.57657446 -0.15923040
vn -0.30784094 0.95099216 2.9118241e-2
vn -0.99551055 3.8065743e-8 9.4650633e-2
vn -0.30781492 -0.95099173 2.9405825e-2
vn 0.80559652 -0.58751220 -7.6443827e-2
vn -0.29100573 0.91972549 -0.26347805
vn -0.90956603 -5.6290428e-2 -0.41172930
vn -0.27883171 -0.96031869 6.3948774e-3
vn 0.74119810 -0.52803924 0.41448756
vn -0.22784048 0.91081728 -0.34423916
vn -0.74932794 -8.6620698e-2 -0.65650933
vn -0.25948280 -0.96198102 -8.5212601e-2
vn 0.60784951 -0.48972936 0.62504730
vn -2.1780672e-2 0.93890840 -0.34347725
vn 8.7200302e-2 0.58309867 0.80770790
vn 7.6126856e-2 -0.54405544 0.83558865
vn -4.0723406e-2 -0.95091607 -0.30675761
vn -9.4377966e-2 -2.6666452e-2 -0.99517923
vn -0.99998895 7.5444218e-4 4.6403482e-3
vn -0.31571980 -0.94884557 3.6175764e-3
vn 0.80967478 -0.58687424 -2.3201606e-3
vn 0.81240479 0.58307306 -4.9257090e-3
vn -0.30637508 0.95191059 -7.4020667e-4
vn -0.79576133 6.9168565e-2 -0.60164742
vn -0.83391593 6.3936067e-2 -0.54817552
vn -0.24513444 -0.92124196 -0.30203038
vn -0.66104826 -0.52356258 -0.53749179
vn -0.25901325 -0.92269288 -0.28556957
vn 0.65271972 -0.63023049 0.42043608
vn 0.25623282 -0.96451724 6.3649263e-2
vn 0.67730033 -0.63339098 0.37427279
vn 0.64683030 0.51925976 0.55855158
vn 0.81584076 -6.8730056e-2 0.57417770
vn 0.67513833 0.52802833 0.51514495
vn -0.66318394 0.63531188 -0.39568407
vn -0.25699021 0.96328931 -7.7651420e-2
vn 0.25270476 0.92158256 0.29466233
vn -0.25979037 0.96408242 -5.5263517e-2
vn -0.99013470 1.7969433e-3 -0.14010724
vn -0.30953552 -0.94896006 -6.0519073e-2
vn -0.80375547 -0.58613949 -0.10206686
vn 0.80262473 -0.58758926 0.10262750
vn 0.30688706 -0.95127122 3.0056736e-2
vn 0.80305357 0.58305528 0.12309148
vn 0.99275198 -4.7598856e-4 0.12018019
vn -0.80381165 0.58753972 -9.3187534e-2
vn -0.30581555 0.95172269 -2.6472107e-2
vn 0.30800431 0.95034778 4.4412080e-2
vn -0.97137063 1.1351622e-2 -0.23729777
vn -0.89694402 3.9387730e-2 -0.44038622
vn -0.76437479 -0.55474651 -0.32861450
vn -0.30940693 -0.94150638 -0.13354058
vn -0.28172910 -0.92877206 -0.24085508
vn 0.29379814 -0.95560275 2.2495409e-2
vn 0.79130494 -0.59104455 0.15653382
vn 0.73279849 -0.61217154 0.29707300
vn 0.93968914 -2.3055398e-2 0.34125178
vn 0.79106220 0.56790289 0.22739154
vn 0.72705556 0.54270434 0.42054989
vn 0.29908147 0.93463907 0.19235405
vn -0.30113516 0.95346059 -1.5182776e-2
vn -0.76800770 0.59860155 -0.22768477
vn -0.28183131 0.95881803 -3.5200806e-2
vn -0.70515976 5.8280877e-2 -0.70664917
vn -0.45598274 3.3435305e-2 -0.88936034
vn -0.49085457 -0.50950472 -0.70672960
vn -0.20972972 -0.92334238 -0.32164000
vn -0.12010616 -0.93475250 -0.33438341
vn 0.23823453 -0.94931878 0.20503208
vn 0.60052418 -0.59893195 0.52976527
vn 0.39543934 -0.57936523 0.71271569
vn 0.60888770 -4.7746893e-2 0.79181816
vn 0.57723333 0.50915604 0.63840568
vn 0.36241920 0.53100450 0.76595466
vn 0.17362173 0.92680536 0.33299748
vn -0.25749241 0.95504424 -0.14692910
vn -0.52204836 0.58115365 -0.62428034
vn -0.18286771 0.94919413 -0.25610527
vn -0.88039737 7.0690677e-2 0.46893848
vn -0.80982823 8.5847853e-2 0.58035195
vn -0.27710507 -0.91639594 0.28884471
vn -0.68988727 -0.51111648 0.51265534
vn -0.24957096 -0.91186350 0.32591302
vn 0.71332946 -0.63663420 -0.29301531
vn 0.26604959 -0.96381620 -1.6611483e-2
vn 0.66572513 -0.63984667 -0.38393527
vn 0.71462613 0.51963407 -0.46828402
vn 0.85039256 -8.0233951e-2 -0.51999520
vn 0.65949272 0.50249903 -0.55907431
vn -0.69043639 0.64175985 0.33382914
vn -0.27091346 0.96259998 2.6776412e-3
vn 0.26491337 0.91364608 -0.30833708
vn -0.26267643 0.96399884 4.1319885e-2
vn -0.96281290 3.3265852e-2 0.26811321
vn -0.99939230 4.5428141e-3 3.4559914e-2
vn -0.82292349 -0.55770435 0.10845638
vn -0.32000263 -0.93058476 0.17779293
vn -0.33563678 -0.94163788 2.5808139e-2
vn 0.29202058 -0.95638257 7.5067405e-3
vn 0.77772038 -0.60750008 -0.16153841
vn 0.81055316 -0.58536483 -1.8750776e-2
vn 0.99465259 -1.1007413e-2 -0.10268914
vn 0.79096796 0.54666515 -0.27482160
vn 0.82216245 0.56810101 -3.6196064e-2
vn 0.34320609 0.93644438 -7.2673983e-2
vn -0.28609704 0.95814844 -1.0002915e-2
vn -0.80643194 0.58816443 6.1074838e-2
vn -0.29771475 0.95464623 -4.0633307e-3
vn 0.16517444 0.51567870 -0.84070975
vn 0.49819203 0.48648957 -0.71772739
vn 0.11181418 0.91774430 -0.38110759
vn -8.8961443e-2 0.95410560 0.28595167
vn -0.22631056 0.96134365 0.15685000
vn -0.35080081 0.59929474 0.71957251
vn -0.21451266 4.8378095e-2 0.97552236
vn -0.61120302 8.3586788e-2 0.78704773
vn -0.32565371 -0.48754512 0.81009223
vn -5.3970623e-2 -0.92924008 0.36551340
vn -0.17874861 -0.91312066 0.36641452
vn 0.16122347 -0.95718630 -0.24041916
vn 0.18336798 -0.58953693 -0.78665265
vn 0.40151873 -7.1535271e-2 -0.91305280
vn 0.52180091 -0.61820306 -0.58783398
vn 0.99998895 7.5444218e-4 4.6403482e-3
vn 0.99999982 3.7598014e-5 -6.0278072e-4
vn 0.31571980 -0.94884557 3.6175764e-3
vn 0.81018193 -0.58617601 1.7114550e-3
vn 0.30946924 -0.95090945 3.6899976e-5
vn -0.80967478 -0.58687424 -2.3201606e-3
vn -0.30822572 -0.95131316 4.1821927e-4
vn -0.80914913 -0.58760301 6.3075341e-4
vn -0.81240479 0.58307306 -4.9257090e-3
vn -0.99999903 -1.5310544e-4 -1.3873664e-3
vn -0.80929345 0.58740445 3.6114671e-4
vn 0.80934708 0.58733031 6.4108821e-4
vn 0.30637508 0.95191059 -7.4020667e-4
vn -0.31130650 0.95030870 -1.2806584e-3
vn 0.30897362 0.95107052 -4.0934103e-4
vn 0.83391593 6.3936067e-2 -0.54817552
vn 0.79576133 6.9168565e-2 -0.60164742
vn 0.25901325 -0.92269288 -0.28556957
vn 0.66104826 -0.52356258 -0.53749179
vn 0.24513444 -0.92124196 -0.30203038
vn -0.67730033 -0.63339098 0.37427279
vn -0.25623282 -0.96451724 6.3649263e-2
vn -0.65271972 -0.63023049 0.42043608
vn -0.67513833 0.52802833 0.51514495
vn -0.81584076 -6.8730056e-2 0.57417770
vn -0.64683030 0.51925976 0.55855158
vn 0.66318394 0.63531188 -0.39568407
vn 0.25979037 0.96408242 -5.5263517e-2
vn -0.25270476 0.92158256 0.29466233
vn 0.25699021 0.96328931 -7.7651420e-2
vn 0.99431976 8.1812904e-5 -0.10643401
vn 0.99013470 1.7969433e-3 -0.14010724
vn 0.30747832 -0.95092340 -3.4666561e-2
vn 0.80373463 -0.58616845 -0.10206464
vn 0.30953552 -0.94896006 -6.0519073e-2
vn -0.80464231 -0.58764302 8.5008445e-2
vn -0.30690345 -0.95126587 3.0058617e-2
vn -0.80262473 -0.58758926 0.10262750
vn -0.80457877 0.58741812 8.7137593e-2
vn -0.99275198 -4.6719052e-4 0.12018025
vn -0.80305357 0.58305528 0.12309148
vn 0.80381013 0.58754182 -9.3187350e-2
vn 0.30741143 0.95106667 -3.1151347e-2
vn -0.30796547 0.95036058 4.4407719e-2
vn 0.30581555 0.95172269 -2.6472107e-2
vn 0.89694402 3.9387730e-2 -0.44038622
vn 0.97137063 1.1351622e-2 -0.23729777
vn 0.76437479 -0.55474651 -0.32861450
vn 0.28172910 -0.92877206 -0.24085508
vn 0.30940693 -0.94150638 -0.13354058
vn -0.29379814 -0.95560275 2.2495409e-2
vn -0.73279849 -0.61217154 0.29707300
vn -0.79130494 -0.59104455 0.15653382
vn -0.93968914 -2.3055398e-2 0.34125178
vn -0.72705556 0.54270434 0.42054989
vn -0.79106220 0.56790289 0.22739154
vn -0.29908147 0.93463907 0.19235405
vn 0.28183131 0.95881803 -3.5200806e-2
vn 0.76800770 0.59860155 -0.22768477
vn 0.30113516 0.95346059 -1.5182776e-2
vn 0.45598274 3.3435305e-2 -0.88936034
vn 0.70515976 5.8280877e-2 -0.70664917
vn 0.49085457 -0.50950472 -0.70672960
vn 0.12010616 -0.93475250 -0.33438341
vn 0.20972972 -0.92334238 -0.32164000
vn -0.23823453 -0.94931878 0.20503208
vn -0.39543934 -0.57936523 0.71271569
vn -0.60052418 -0.59893195 0.52976527
vn -0.60888770 -4.7746893e-2 0.79181816
vn -0.36241920 0.53100450 0.76595466
vn -0.57723333 0.50915604 0.63840568
vn -0.17362173 0.92680536 0.33299748
vn 0.18286771 0.94919413 -0.25610527
vn 0.52204836 0.58115365 -0.62428034
vn 0.25749241 0.95504424 -0.14692910
vn 0.30936537 0.95093988 -2.5327257e-3
vn 0.30862087 0.95098278 -1.9619178e-2
vn -0.30937639 0.95091054 7.4430557e-3
vn -0.80935201 0.58728873 6.4236558e-3
vn -0.80764914 0.58746986 5.0813678e-2
vn -0.99970236 -2.6717685e-7 2.4396407e-2
vn -0.80935066 -0.58728984 6.4919354e-3
vn -0.80763488 -0.58747135 5.1022727e-2
vn -0.30936464 -0.95091262 7.6619128e-3
vn 0.30936904 -0.95093897 -2.4222281e-3
vn 0.30864612 -0.95098149 -1.9281315e-2
vn 0.80922282 -0.58717102 -1.9713595e-2
vn 0.99996789 1.9921501e-7 -8.0139606e-3
vn 0.80921782 0.58717336 -1.9848673e-2
vn 0.99802010 2.0791229e-7 -6.2895728e-2
vn 0.80982823 8.5847853e-2 0.58035195
vn 0.88039737 7.0690677e-2 0.46893848
vn 0.24957096 -0.91186350 0.32591302
vn 0.68988727 -0.51111648 0.51265534
vn 0.27710507 -0.91639594 0.28884471
vn -0.66572513 -0.63984667 -0.38393527
vn -0.26604959 -0.96381620 -1.6611483e-2
vn -0.71332946 -0.63663420 -0.29301531
vn -0.65949272 0.50249903 -0.55907431
vn -0.85039256 -8.0233951e-2 -0.51999520
vn -0.71462613 0.51963407 -0.46828402
vn 0.69043639 0.64175985 0.33382914
vn 0.26267643 0.96399884 4.1319885e-2
vn -0.26491337 0.91364608 -0.30833708
vn 0.27091346 0.96259998 2.6776412e-3
vn 0.99939230 4.5428141e-3 3.4559914e-2
vn 0.96281290 3.3265852e-2 0.26811321
vn 0.82292349 -0.55770435 0.10845638
vn 0.33563678 -0.94163788 2.5808139e-2
vn 0.32000263 -0.93058476 0.17779293
vn -0.29202058 -0.95638257 7.5067405e-3
vn -0.81055316 -0.58536483 -1.8750776e-2
vn -0.77772038 -0.60750008 -0.16153841
vn -0.99465259 -1.1007413e-2 -0.10268914
vn -0.82216245 0.56810101 -3.6196064e-2
vn -0.79096796 0.54666515 -0.27482160
vn -0.34320609 0.93644438 -7.2673983e-2
vn 0.29771475 0.95464623 -4.0633307e-3
vn 0.80643194 0.58816443 6.1074838e-2
vn 0.28609704 0.95814844 -1.0002915e-2
vn -0.49819203 0.48648957 -0.71772739
vn -0.16517444 0.51567870 -0.84070975
vn -0.11181418 0.91774430 -0.38110759
vn 0.22631056 0.96134365 0.15685000
vn 8.8961443e-2 0.95410560 0.28595167
vn 0.35080081 0.59929474 0.71957251
vn 0.61120302 8.3586788e-2 0.78704773
vn 0.21451266 4.8378095e-2 0.97552236
vn 0.32565371 -0.48754512 0.81009223
vn 0.17874861 -0.91312066 0.36641452
vn 5.3970623e-2 -0.92924008 0.36551340
vn -0.16122347 -0.95718630 -0.24041916
vn -0.52180091 -0.61820306 -0.58783398
vn -0.40151873 -7.1535271e-2 -0.91305280
vn -0.18336798 -0.58953693 -0.78665265
vn 3.2586989e-2 -0.58561559 -0.80993362
vn -3.2586989e-2 -0.58561559 -0.80993362
vn -4.4164276e-17 -0.95074555 -0.30997241
vn -8.0134605e-3 -0.94593442 0.32425892
vn 8.0134605e-3 -0.94593442 0.32425892
vn -2.5444645e-16 -0.57542845 0.81785212
vn -3.8849666e-2 1.1887923e-2 0.99917435
vn 3.8849666e-2 1.1887923e-2 0.99917435
vn -9.9701767e-16 0.58558076 0.81061407
vn -1.6487260e-2 0.95101947 0.30869099
vn 1.6487260e-2 0.95101947 0.30869099
vn -1.6270176e-16 0.94787242 -0.31865008
vn 2.7755535e-2 0.56858143 -0.82215861
vn -1.3155862e-16 -7.2401493e-3 -0.99997379
vn -2.7755535e-2 0.56858143 -0.82215861
vn -0.16036473 8.9580349e-3 -0.98701718
vn 0.16036473 8.9580349e-3 -0.98701718
vn -5.0621059e-16 -0.57811269 -0.81595693
vn -3.6162827e-2 -0.94684091 -0.31966316
vn 3.6162827e-2 -0.94684091 -0.31966316
vn 2.9471131e-16 -0.95098650 0.30923240
vn 0.13625476 -0.58426835 0.80004071
vn -0.13625476 -0.58426835 0.80004071
vn 3.4855781e-15 -5.6374068e-3 0.99998411
vn 0.11939613 0.57172348 0.81171228
vn -0.11939613 0.57172348 0.81171228
vn -1.2539531e-15 0.94844802 0.31693273
vn -6.5192923e-2 0.95033641 -0.30431987
vn 1.9927589e-15 0.58630231 -0.81009234
vn 6.5192923e-2 0.95033641 -0.30431987
vn -0.80993219 0.58651858 2.4090614e-3
vn -0.81256851 -0.58284338 5.0992258e-3
vn 0.30640373 -0.95190135 7.6182650e-4
vn 0.99998992 -5.1424513e-4 -4.4606031e-3
vn 0.31612529 0.94871083 -3.5436078e-3
vn -0.65227569 0.62956113 -0.42212463
vn -0.67756324 0.63306024 -0.37435649
vn -0.64658183 -0.51814837 -0.55986982
vn -0.67549639 -0.52779471 -0.51491491
vn 0.25795622 -0.96301877 7.7803808e-2
vn 0.25987073 -0.96405661 5.5335870e-2
vn 0.79698918 -6.9122602e-2 0.60002526
vn 0.83373554 -6.3817489e-2 0.54846365
vn 0.24582576 0.92103430 0.30210182
vn 0.25920314 0.92254197 0.28588468
vn -0.80276156 0.58730724 -0.10317022
vn -0.80308016 -0.58283891 -0.12393978
vn 0.30589452 -0.95170040 2.6360643e-2
vn 0.99026806 -1.6309804e-3 0.13916363
vn 0.30988792 0.94886287 6.0238979e-2
vn -0.79122484 -0.56718533 -0.22861330
vn -0.72788034 -0.54212024 -0.41987600
vn 0.30139893 -0.95337959 1.5034975e-2
vn 0.28195731 -0.95877475 3.5370146e-2
vn 0.97173457 -1.0831936e-2 0.23582748
vn 0.89655780 -3.8971458e-2 0.44120894
vn 0.31044325 0.94118551 0.13339723
vn 0.28241219 0.92836179 0.24163557
vn -0.79173389 0.59016830 -0.15766678
vn -0.73354487 0.61124455 -0.29713973
vn -0.57590883 -0.50556798 -0.64244069
vn -0.36377797 -0.52717618 -0.76795238
vn 0.26083783 -0.95391344 0.14836706
vn 0.18424089 -0.94808203 0.25922145
vn 0.70950515 -5.8421814e-2 0.70227440
vn 0.45571634 -3.4019114e-2 0.88947474
vn 0.21215824 0.92251502 0.32242041
vn 0.12114572 0.93390789 0.33636256
vn -0.59853946 0.59663338 -0.53458312
vn -0.39661312 0.57617305 -0.71464862
vn -0.71363631 0.63625609 0.29308941
vn -0.66452971 0.63928187 0.38693533
vn -0.71516696 -0.51944410 0.46766874
vn -0.65869767 -0.50102953 0.56132591
vn 0.27098693 -0.96257917 -2.7257533e-3
vn 0.26405124 -0.96363168 -4.1120807e-2
vn 0.88011206 -7.0557785e-2 -0.46949373
vn 0.81211375 -8.5572204e-2 -0.57719031
vn 0.27727885 0.91617892 -0.28936591
vn 0.25048466 0.91167304 -0.32574483
vn -0.79164619 -0.54581132 0.27456567
vn -0.82272039 -0.56723698 3.7058939e-2
vn 0.28621187 -0.95811483 9.9368923e-3
vn 0.29785526 -0.95460194 4.1676482e-3
vn 0.96273269 -3.2527904e-2 -0.26849152
vn 0.99942657 -3.6215192e-3 -3.3666304e-2
vn 0.32130881 0.93003937 -0.17829025
vn 0.33726535 0.94106450 -2.5489089e-2
vn -0.77868727 0.60618664 0.16181435
vn -0.81153043 0.58399276 1.9256690e-2
vn 5.3545678e-2 0.92818418 -0.36824853
vn 0.18077604 0.91219989 -0.36771101
vn -0.18841479 0.58640934 0.78779690
vn -0.52072131 0.61527263 0.59185210
vn -0.16956685 -0.51194880 0.84211371
vn -0.49767566 -0.48222841 0.72095401
vn 8.8174557e-2 -0.95294933 -0.29002211
vn 0.22910922 -0.96030863 -0.15911099
vn 0.20854748 -4.8996362e-2 -0.97678416
vn 0.61445722 -8.3851532e-2 -0.78448151
vn 0.80993219 0.58651858 2.4090614e-3
vn 0.80917295 0.58757020 -6.2737134e-4
vn 0.81256851 -0.58284338 5.0992258e-3
vn 0.80931255 -0.58737813 -3.4895377e-4
vn -0.30640373 -0.95190135 7.6182650e-4
vn -0.30898517 -0.95106677 4.1007151e-4
vn -0.99998992 -5.1424513e-4 -4.4606031e-3
vn -0.99999981 -2.4651786e-5 6.1326349e-4
vn -0.31612529 0.94871083 -3.5436078e-3
vn -0.30950073 0.95089920 -3.0698749e-5
vn 0.67756324 0.63306024 -0.37435649
vn 0.65227569 0.62956113 -0.42212463
vn 0.67549639 -0.52779471 -0.51491491
vn 0.64658183 -0.51814837 -0.55986982
vn -0.25987073 -0.96405661 5.5335870e-2
vn -0.25795622 -0.96301877 7.7803808e-2
vn -0.83373554 -6.3817489e-2 0.54846365
vn -0.79698918 -6.9122602e-2 0.60002526
vn -0.25920314 0.92254197 0.28588468
vn -0.24582576 0.92103430 0.30210182
vn 0.80466056 0.58761358 -8.5039154e-2
vn 0.80276156 0.58730724 -0.10317022
vn 0.80458883 -0.58739329 -8.7212021e-2
vn 0.80308016 -0.58283891 -0.12393978
vn -0.30742475 -0.95106251 3.1146923e-2
vn -0.30589452 -0.95170040 2.6360643e-2
vn -0.99432721 -7.2362354e-5 0.10636440
vn -0.99026806 -1.6309804e-3 0.13916363
vn -0.30750899 0.95091458 3.4636331e-2
vn -0.30988792 0.94886287 6.0238979e-2
vn 0.72788034 -0.54212024 -0.41987600
vn 0.79122484 -0.56718533 -0.22861330
vn -0.28195731 -0.95877475 3.5370146e-2
vn -0.30139893 -0.95337959 1.5034975e-2
vn -0.89655780 -3.8971458e-2 0.44120894
vn -0.97173457 -1.0831936e-2 0.23582748
vn -0.28241219 0.92836179 0.24163557
vn -0.31044325 0.94118551 0.13339723
vn 0.73354487 0.61124455 -0.29713973
vn 0.79173389 0.59016830 -0.15766678
vn 0.36377797 -0.52717618 -0.76795238
vn 0.57590883 -0.50556798 -0.64244069
vn -0.18424089 -0.94808203 0.25922145
vn -0.26083783 -0.95391344 0.14836706
vn -0.45571634 -3.4019114e-2 0.88947474
vn -0.70950515 -5.8421814e-2 0.70227440
vn -0.12114572 0.93390789 0.33636256
vn -0.21215824 0.92251502 0.32242041
vn 0.39661312 0.57617305 -0.71464862
vn 0.59853946 0.59663338 -0.53458312
vn -0.30940747 0.95092649 2.4152719e-3
vn -0.30867969 0.95097045 1.9288489e-2
vn -0.99996819 -1.3068080e-7 7.9757591e-3
vn -0.99801826 -1.3579135e-7 6.2924927e-2
vn -0.30940369 -0.95092743 2.5257959e-3
vn -0.30865430 -0.95097178 1.9626586e-2
vn 0.80938959 -0.58723665 -6.4503696e-3
vn 0.80768459 -0.58742264 -5.0796024e-2
vn 0.80938827 0.58723772 -6.5185970e-3
vn 0.80767039 0.58742410 -5.1004661e-2
vn 0.66452971 0.63928187 0.38693533
vn 0.71363631 0.63625609 0.29308941
vn 0.65869767 -0.50102953 0.56132591
vn 0.71516696 -0.51944410 0.46766874
vn -0.26405124 -0.96363168 -4.1120807e-2
vn -0.27098693 -0.96257917 -2.7257533e-3
vn -0.81211375 -8.5572204e-2 -0.57719031
vn -0.88011206 -7.0557785e-2 -0.46949373
vn -0.25048466 0.91167304 -0.32574483
vn -0.27727885 0.91617892 -0.28936591
vn 0.82272039 -0.56723698 3.7058939e-2
vn 0.79164619 -0.54581132 0.27456567
vn -0.29785526 -0.95460194 4.1676482e-3
vn -0.28621187 -0.95811483 9.9368923e-3
vn -0.99942657 -3.6215192e-3 -3.3666304e-2
vn -0.96273269 -3.2527904e-2 -0.26849152
vn -0.33726535 0.94106450 -2.5489089e-2
vn -0.32130881 0.93003937 -0.17829025
vn 0.81153043 0.58399276 1.9256690e-2
vn 0.77868727 0.60618664 0.16181435
vn -0.18077604 0.91219989 -0.36771101
vn -5.3545678e-2 0.92818418 -0.36824853
vn 0.52072131 0.61527263 0.59185210
vn 0.18841479 0.58640934 0.78779690
vn 0.49767566 -0.48222841 0.72095401
vn 0.16956685 -0.51194880 0.84211371
vn -0.22910922 -0.96030863 -0.15911099
vn -8.8174557e-2 -0.95294933 -0.29002211
vn -0.61445722 -8.3851532e-2 -0.78448151
vn -0.20854748 -4.8996362e-2 -0.97678416
vn 1.5990098e-2 -0.95067791 -0.30976738
vn -1.5990098e-2 -0.95067791 -0.30976738
vn -2.9127212e-2 -0.56742112 0.82291244
vn 2.9127212e-2 -0.56742112 0.82291244
vn -3.4222028e-2 0.58460385 0.81059681
vn 3.4222028e-2 0.58460385 0.81059681
vn 7.6804467e-3 0.94569537 -0.32496351
vn -7.6804467e-3 0.94569537 -0.32496351
vn 3.6754665e-2 -1.2098857e-2 -0.99925108
vn -3.6754665e-2 -1.2098857e-2 -0.99925108
vn -0.12229977 -0.57047428 -0.81215876
vn 0.12229977 -0.57047428 -0.81215876
vn 6.4315277e-2 -0.95002683 0.30547107
vn -6.4315277e-2 -0.95002683 0.30547107
vn 0.15613683 -9.1891456e-3 0.98769269
vn -0.15613683 -9.1891456e-3 0.98769269
vn 3.5526453e-2 0.94661076 0.32041527
vn -3.5526453e-2 0.94661076 0.32041527
vn -0.13955947 0.58310508 -0.80031970
vn 0.13955947 0.58310508 -0.80031970
vn -0.99992852 9.8941252e-6 -1.1955968e-2
vn -0.30929481 -0.95095908 -3.6820275e-3
vn 0.80922143 -0.58742412 9.6734230e-3
vn 0.80924184 0.58739635 9.6525991e-3
vn -0.30923953 0.95097693 -3.7147470e-3
vn -0.80925179 0.58738207 -9.6868668e-3
vn -0.80927176 -0.58735490 -9.6665204e-3
vn 0.30926943 -0.95096721 3.7118768e-3
vn 0.99992876 -8.8137895e-6 1.1936506e-2
vn 0.30932644 0.95094880 3.6788808e-3
vn -0.99768195 1.0166673e-4 -6.8049337e-2
vn -0.30848772 -0.95095450 -2.2822630e-2
vn 0.80723281 -0.58776903 5.3877251e-2
vn 0.80725913 0.58752920 5.6054829e-2
vn -0.30830798 0.95109213 -1.9233934e-2
vn -0.80726948 0.58771274 -5.3941850e-2
vn -0.80728782 -0.58747944 -5.6163089e-2
vn 0.30834020 -0.95108197 1.9220129e-2
vn 0.99768995 -9.0064189e-5 6.7932052e-2
vn 0.30854062 0.95093829 2.2782737e-2
vn 9.6941094e-16 0.0000000e+0 1.00000000
vn 4.6840852e-16 0.0000000e+0 1.00000000
vn 0.0000000e+0 0.0000000e+0 1.00000000
vn -5.6605957e-17 0.0000000e+0 1.00000000
vn -1.00000000 1.1526741e-15 0.0000000e+0
vn -1.00000000 -1.0096019e-15 0.0000000e+0
vn -1.00000000 8.5401380e-16 0.0000000e+0
vn -1.00000000 -4.8091737e-17 0.0000000e+0
vn -0.28641564 -0.95457355 8.2191344e-2
vn 0.28641564 -0.95457355 8.2191344e-2
vn -0.20040651 -0.75821240 -0.62044435
vn 0.20040651 -0.75821240 -0.62044435
vn -0.36280099 -0.36919194 0.85561250
vn 0.36280099 -0.36919194 0.85561250
vn -0.52825543 -0.35949900 -0.76922472
vn 0.52825543 -0.35949900 -0.76922472
vn -0.92061456 -0.29123853 -0.26009411
vn 0.96286063 -0.19415742 0.18762277
vn -0.96286063 -0.19415742 0.18762277
vn -0.33932888 -0.92147591 -0.18904514
vn 0.33932888 -0.92147591 -0.18904514
vn -0.19425246 -0.71968306 0.66657504
vn -0.40717746 -0.62198011 -0.66884023
vn 0.19425246 -0.71968306 0.66657504
vn 0.40717746 -0.62198011 -0.66884023
vn -0.74444080 -0.64508933 -0.17224301
vn 0.91016791 -0.41379179 1.9254580e-2
vn -0.91016791 -0.41379179 1.9254580e-2
vn -0.15704957 -0.73962496 0.65443896
vn 0.0000000e+0 -0.99380514 0.11113658
vn 0.44576173 5.3450797e-4 0.89515149
vn -0.41639983 -0.62359018 -0.66162412
vn -8.1218813e-16 -0.78114403 -0.62435086
vn 0.61817051 -0.21037610 -0.75736855
vn -0.44576173 5.3450797e-4 0.89515149
vn 0.24933358 -0.70997022 0.65861602
vn -0.61817051 -0.21037610 -0.75736855
vn 0.40052902 -0.62091291 -0.67382762
vn -1.2263035e-16 -0.40382917 0.91483441
vn 0.84527932 -0.22943080 0.48256022
vn 0.0000000e+0 -0.33834735 -0.94102129
vn -0.84527932 -0.22943080 0.48256022
vn 0.71211711 -0.32619908 -0.62167787
vn -0.70656362 -0.34982445 -0.61513470
vn -0.95090145 -1.8759842e-2 -0.30892474
vn 0.99325983 -0.11590267 -1.2188458e-3
vn -0.99396721 -0.10967671 -4.6029906e-4
vn -0.96975242 -4.7839755e-4 0.24409016
vn 0.96975242 -4.7839755e-4 0.24409016
vn -0.23382925 -0.76413909 -0.60117828
vn 0.23382925 -0.76413909 -0.60117828
vn 2.4262287e-17 -0.98512521 -0.17183807
vn -0.74179653 -0.64505505 -0.18341727
vn 0.90052129 -0.43479413 -3.9344766e-3
vn -0.85420445 -0.51841046 3.9816423e-2
vn -0.33752423 -0.94110986 -1.9738973e-2
vn 0.33752423 -0.94110986 -1.9738973e-2
vn -0.47234365 -8.1075628e-4 -0.88141410
vn -0.65444767 0.20258774 0.72846171
vn 0.47379817 -6.8073167e-3 -0.88060715
vn 0.65425161 0.20242093 0.72868415
vn 0.97021264 -2.4450458e-3 -0.24224254
vn -0.96964884 -1.8542335e-3 -0.24449474
vn -0.24933358 -0.70997022 0.65861602
vn -0.40052902 -0.62091291 -0.67382762
vn 0.15704957 -0.73962496 0.65443896
vn 0.41639983 -0.62359018 -0.66162412
vn -0.62674977 -0.77018169 -0.11834227
vn 0.85420445 -0.51841046 3.9816423e-2
vn -0.90052129 -0.43479413 -3.9344766e-3
vn 9.0224776e-18 -0.74889442 0.66268933
vn -6.0446661e-16 -0.47175479 -0.88172979
vn -0.83952536 -0.54255596 -2.8813415e-2
vn -0.52930047 -0.63032732 -0.56791591
vn 0.55496397 -0.61656656 -0.55844487
vn 0.77576595 -0.47256792 0.41817072
vn -0.77576595 -0.47256792 0.41817072
vn 0.83952536 -0.54255596 -2.8813415e-2
vn -3.6089911e-17 -0.74889442 0.66268933
vn 0.0000000e+0 -0.29464853 -0.95560569
vn 0.0000000e+0 -2.9774987e-16 1.00000000
vn 0.80323796 -8.6848974e-2 -0.58929283
vn -1.5673656e-15 -0.47175479 -0.88172979
vn -0.84298860 -0.53772296 -1.4974545e-2
vn -0.80323796 -8.6848974e-2 -0.58929283
vn 0.88070680 1.0866153e-3 0.47366059
vn -0.88070680 1.0866153e-3 0.47366059
vn -6.0825826e-16 -0.80778246 -0.58948070
vn -0.52249122 -0.62726800 -0.57752730
vn 0.50809393 -0.66639234 -0.54567555
vn 0.77576595 -0.47256792 0.41817072
vn -0.77576595 -0.47256792 0.41817072
vn 0.0000000e+0 -1.00000000 0.0000000e+0
vn 0.83952658 -0.54312880 -1.4360426e-2
vn -7.4836899e-4 0.29626073 0.95510681
vn 0.0000000e+0 1.0915576e-15 -1.00000000
vn -0.80742517 8.3423033e-2 0.58404212
vn 0.80251236 0.10294450 0.58768728
vn -0.88037727 -3.1852800e-3 -0.47426333
vn 0.88251796 -9.5491530e-3 -0.47018173
vn -1.0714192e-16 -0.74889442 0.66268933
vn -2.7283326e-15 -0.47175479 -0.88172979
vn -0.83933652 -0.54183539 -4.3916129e-2
vn -0.53588495 -0.63322929 -0.55843350
vn 0.52645680 -0.62583593 -0.57547600
vn 0.77576595 -0.47256792 0.41817072
vn -0.77576595 -0.47256792 0.41817072
vn 0.83933652 -0.54183539 -4.3916129e-2
vn -0.21564581 -0.88184522 0.41933984
vn -4.0466347e-2 -0.99339282 0.10739266
vn 0.38790779 2.6103748e-2 0.92132846
vn -0.33672310 -0.68466841 -0.64641064
vn -6.8838130e-2 -0.77769040 -0.62486715
vn 0.61067971 -0.19531071 -0.76741385
vn -0.39275832 -8.6494465e-2 0.91556519
vn 0.29454520 -0.63204105 0.71677559
vn -0.56857467 -0.24423202 -0.78554030
vn 0.44885427 -0.53664326 -0.71452351
vn -6.2153513e-2 -0.40036491 0.91424552
vn 0.73434663 -0.27618112 0.62004759
vn -0.19372387 -0.35306438 -0.91532322
vn -0.73434663 -0.27618112 0.62004759
vn -0.70533739 -0.34535522 -0.61905487
vn -0.94887892 -2.0799193e-2 -0.31495426
vn 0.99377218 -0.11142291 -1.3360090e-3
vn -0.99377218 -0.11142291 -1.3360090e-3
vn -0.98050865 5.4657906e-2 0.18872017
vn 0.98050865 5.4657906e-2 0.18872017
vn -0.28340839 -0.83893877 -0.46460889
vn 0.28340839 -0.83893877 -0.46460889
vn 6.8206671e-2 -0.98213823 -0.17536350
vn -0.64067021 -0.74371991 -0.19084648
vn 0.72081797 -0.69261073 2.6680300e-2
vn -0.82415432 -0.53501075 0.18583097
vn -0.32255298 -0.94652528 -7.0329801e-3
vn 0.32255298 -0.94652528 -7.0329801e-3
vn 0.38376435 -3.0624018e-2 -0.92292313
vn 0.62473115 0.19560020 0.75594414
vn 0.95756441 -0.23511126 0.16671259
vn -0.97902491 -6.7584612e-2 0.19220442
vn -0.22295223 -0.71432549 0.66334862
vn -0.40359108 -0.62139016 -0.67155678
vn 0.16800863 -0.72778989 0.66490223
vn 0.41139952 -0.62270458 -0.66557452
vn -0.74570015 -0.64507481 -0.16676265
vn 0.90907864 -0.41516808 3.4806535e-2
vn -0.90813690 -0.41864416 4.9433075e-3
vn -2.5497815e-2 -0.74561085 0.66589363
vn -0.17068883 -0.54017958 -0.82405786
vn -0.87942791 -0.47540650 -2.4396922e-2
vn -0.49769997 -0.64381668 -0.58120119
vn 0.49769997 -0.64381668 -0.58120119
vn 0.57620968 -0.59990271 0.55506679
vn -0.57620968 -0.59990271 0.55506679
vn 0.81402821 -0.57915334 -4.4039697e-2
vn -0.16800863 -0.72778989 0.66490223
vn 4.0466347e-2 -0.99339282 0.10739266
vn 0.39275832 -8.6494465e-2 0.91556519
vn -0.41139952 -0.62270458 -0.66557452
vn 6.8838130e-2 -0.77769040 -0.62486715
vn 0.56857467 -0.24423202 -0.78554030
vn -0.38790779 2.6103748e-2 0.92132846
vn 0.22295223 -0.71432549 0.66334862
vn -0.61067971 -0.19531071 -0.76741385
vn 0.40359108 -0.62139016 -0.67155678
vn 6.2153513e-2 -0.40036491 0.91424552
vn 0.84320523 -0.24087062 0.48061032
vn 0.19372387 -0.35306438 -0.91532322
vn -0.84320523 -0.24087062 0.48061032
vn 0.68895258 -0.35260263 -0.63325802
vn -0.68895258 -0.35260263 -0.63325802
vn -0.96443690 9.6529358e-2 -0.24605599
vn 0.97377526 8.2470424e-2 -0.21203861
vn 0.98319889 -0.18253086 -1.5602094e-3
vn -0.96970980 -3.9156490e-4 0.24425961
vn 0.96970980 -3.9156490e-4 0.24425961
vn -0.22096244 -0.76448338 -0.60559125
vn 0.22096244 -0.76448338 -0.60559125
vn -6.8206671e-2 -0.98213823 -0.17536350
vn -0.74314001 -0.64508304 -0.17779428
vn 0.90813690 -0.41864416 4.9433075e-3
vn -0.90907864 -0.41516808 3.4806535e-2
vn -0.34735793 -0.93687744 -4.0039134e-2
vn 0.34735793 -0.93687744 -4.0039134e-2
vn -0.38302869 -2.5552797e-2 -0.92338295
vn -0.62489430 0.19583731 0.75574788
vn 0.98234769 -5.3589133e-2 -0.17922393
vn -0.98212451 -5.3187843e-2 -0.18056162
vn -0.29454520 -0.63204105 0.71677559
vn -0.44885427 -0.53664326 -0.71452351
vn 0.21564581 -0.88184522 0.41933984
vn 0.33672310 -0.68466841 -0.64641064
vn -0.59965993 -0.76546805 -0.23338088
vn 0.82415432 -0.53501075 0.18583097
vn -0.72081797 -0.69261073 2.6680300e-2
vn 2.5497815e-2 -0.74561085 0.66589363
vn 0.17068883 -0.54017958 -0.82405786
vn -0.79900550 -0.59976409 -4.3281053e-2
vn -0.62736052 -0.64799509 -0.43188093
vn 0.86537655 -0.43837391 0.24279978
vn -0.86537655 -0.43837391 0.24279978
vn 0.87942791 -0.47540650 -2.4396922e-2
vn 1.8695353e-17 -0.89611647 0.44381897
vn -1.9636123e-2 -0.74875123 0.66256020
vn -5.4134866e-17 -0.74889442 0.66268933
vn 1.9636123e-2 -0.74875123 0.66256020
vn 0.21328033 -0.28433936 -0.93469922
vn 7.0827095e-17 -0.29464853 -0.95560569
vn -0.25569383 -0.28062172 -0.92513357
vn 0.0000000e+0 -0.30115980 -0.95357369
vn -0.99998492 -5.4898444e-3 -1.6161453e-4
vn -7.1059550e-2 9.2014319e-5 0.99747207
vn 2.2061228e-16 7.3006197e-16 1.00000000
vn 8.5262806e-2 1.1040598e-4 0.99635849
vn 7.0111637e-18 -9.6991492e-2 0.99528521
vn 0.81032008 -9.1236770e-2 -0.57884128
vn 0.77420307 -0.13546637 -0.61827055
vn 0.78392882 -0.12896362 -0.60730881
vn 0.80668233 -9.6044773e-3 -0.59090725
vn -1.7171823e-15 -0.47175479 -0.88172979
vn 0.16020999 -0.53569441 -0.82907434
vn -4.8706575e-16 -0.42089816 -0.90710790
vn -0.16020999 -0.53569441 -0.82907434
vn -0.81088416 -0.58450715 -2.8605335e-2
vn -0.81984884 -0.57255140 -5.7254373e-3
vn -0.86938352 -0.49404647 -9.5068102e-3
vn -0.83954790 -0.54285978 -2.1507768e-2
vn -0.77420307 -0.13546637 -0.61827055
vn -0.81032008 -9.1236770e-2 -0.57884128
vn -0.80841615 -4.7288347e-2 -0.58670874
vn -0.78392882 -0.12896362 -0.60730881
vn 0.87483413 -3.6448191e-2 0.48304945
vn 0.79326588 7.8364034e-4 0.60887489
vn 0.88090149 9.9495886e-4 0.47329862
vn 0.88072861 1.6909609e-3 0.47361826
vn -0.88072861 1.6909609e-3 0.47361826
vn -0.88090149 9.9495886e-4 0.47329862
vn -0.79326588 7.8364034e-4 0.60887489
vn -0.87483413 -3.6448191e-2 0.48304945
vn 0.99998492 -5.4898444e-3 -1.6161453e-4
vn 4.9311917e-2 -0.80389781 -0.59271971
vn -4.0297491e-16 -0.80479628 -0.59355113
vn -4.9311917e-2 -0.80389781 -0.59271971
vn -1.2151269e-16 -0.89340314 -0.44925586
vn -0.44448766 -0.67365345 -0.59044199
vn -0.49092863 -0.64099768 -0.59000938
vn -0.52592438 -0.62881777 -0.57270565
vn -0.62232179 -0.64614906 -0.44182235
vn 0.56952052 -0.58639100 -0.57601387
vn 0.50414283 -0.64645097 -0.57266146
vn 0.53447751 -0.64750936 -0.54319924
vn 0.77576595 -0.47256792 0.41817072
vn 0.85934461 -0.45751200 0.22849423
vn 0.54974428 -0.62559972 0.55353971
vn -0.80701152 -0.51417978 0.29043341
vn -0.78989537 -0.42660694 0.44053583
vn -0.61277499 -0.58007948 0.53666993
vn -0.77576595 -0.47256792 0.41817072
vn -5.7199203e-2 -0.99835905 -2.7304559e-3
vn 0.0000000e+0 -0.99990598 1.3712401e-2
vn 5.7199203e-2 -0.99835905 -2.7304559e-3
vn -6.1369192e-17 -0.99975865 -2.1969092e-2
vn 0.86938352 -0.49404647 -9.5068102e-3
vn 0.83946422 -0.54336501 -7.3673597e-3
vn 0.80996082 -0.58547650 -3.4361880e-2
vn 0.83954790 -0.54285978 -2.1507768e-2
vn 0.22824434 0.28500304 0.93095531
vn -4.7512639e-4 0.29617163 0.95513462
vn -0.30445919 0.27820272 0.91099278
vn 0.99998660 5.1759781e-3 6.5050927e-5
vn -6.9431828e-2 2.9454429e-5 -0.99758670
vn 0.0000000e+0 -6.1512721e-16 -1.00000000
vn 9.2632539e-2 -1.2406791e-3 -0.99569959
vn -0.78406777 0.13155450 0.60657328
vn -0.81072755 9.0764694e-2 0.57834472
vn -0.81269044 4.2136456e-2 0.58117017
vn 0.81075918 9.1970148e-2 0.57810989
vn 0.78405166 0.13153616 0.60659808
vn -0.88069463 -2.8468271e-3 -0.47367591
vn -0.80777069 -1.9431037e-3 -0.58949363
vn -0.88046050 -4.9438858e-3 -0.47409373
vn 0.81007547 -1.0350897e-2 -0.58623425
vn 0.88224370 -9.8395517e-3 -0.47069017
vn 0.88245287 -8.0295061e-3 -0.47033229
vn -0.99998660 5.1759781e-3 6.5050927e-5
vn -2.3050644e-16 -0.67557958 0.73728708
vn 3.6480985e-2 -0.74484537 0.66623908
vn 4.5112388e-18 -0.74889442 0.66268933
vn -3.6480985e-2 -0.74484537 0.66623908
vn -7.4400451e-16 -0.47175479 -0.88172979
vn -0.18424987 -0.54588198 -0.81735234
vn -2.8127905e-15 -0.62645289 -0.77945929
vn 0.18424987 -0.54588198 -0.81735234
vn -0.70684273 -0.70616419 -4.1297633e-2
vn -0.79800798 -0.60004856 -5.5901565e-2
vn -0.83945595 -0.54221523 -3.6281475e-2
vn -0.87752957 -0.47777503 -4.0900852e-2
vn -0.50414283 -0.64645097 -0.57266146
vn -0.57900770 -0.57831758 -0.57471633
vn -0.52619806 -0.72520003 -0.44407266
vn -0.53262037 -0.63179754 -0.56315843
vn 0.49092863 -0.64099768 -0.59000938
vn 0.44448766 -0.67365345 -0.59044199
vn 0.52426032 -0.63029968 -0.57260233
vn 0.77576595 -0.47256792 0.41817072
vn 0.61277499 -0.58007948 0.53666993
vn 0.78989537 -0.42660694 0.44053583
vn 0.80701152 -0.51417978 0.29043341
vn -0.77576595 -0.47256792 0.41817072
vn -0.54974428 -0.62559972 0.55353971
vn -0.85934461 -0.45751200 0.22849423
vn 0.70684273 -0.70616419 -4.1297633e-2
vn 0.87752957 -0.47777503 -4.0900852e-2
vn 0.83945595 -0.54221523 -3.6281475e-2
vn 0.81955729 -0.57031946 -5.5331390e-2
vn -0.81593568 -0.33845115 0.46872143
vn -2.8093872e-2 -0.89717361 0.44078368
vn -2.1299703e-2 -0.74672437 0.66479248
vn 2.1299703e-2 -0.74672437 0.66479248
vn 2.8093872e-2 -0.89717361 0.44078368
vn 0.22684352 -0.26876532 -0.93611283
vn -0.22684352 -0.26876532 -0.93611283
vn -0.20477774 -0.29454315 -0.93344009
vn 0.20477774 -0.29454315 -0.93344009
vn -0.99999198 -4.0025577e-3 -1.6161550e-4
vn -6.9737547e-2 9.1005108e-3 0.99752386
vn 6.9737547e-2 9.1005108e-3 0.99752386
vn 6.9923199e-2 -9.5893586e-2 0.99293261
vn -6.9923199e-2 -9.5893586e-2 0.99293261
vn 0.77857511 -0.13321583 -0.61324900
vn 0.74888283 -0.18320895 -0.63687439
vn 0.78845852 -0.10742706 -0.60563403
vn 0.81516683 -5.1900182e-2 -0.57689636
vn 0.16513268 -0.53780995 -0.82673554
vn 0.17238067 -0.46867261 -0.86638957
vn -0.17238067 -0.46867261 -0.86638957
vn -0.16513268 -0.53780995 -0.82673554
vn -0.86915273 -0.49450925 -5.8432018e-3
vn -0.87932651 -0.47595909 -1.5742614e-2
vn -0.79944450 -0.59959048 -3.7144839e-2
vn -0.77857511 -0.13321583 -0.61324900
vn -0.81516683 -5.1900182e-2 -0.57689636
vn -0.79429656 -6.3682352e-2 -0.60418336
vn -0.74888283 -0.18320895 -0.63687439
vn 0.76454642 -6.1922084e-2 0.64158743
vn 0.76825625 1.6907245e-2 0.63991912
vn 0.88093281 1.5886804e-3 0.47323870
vn 0.87565098 -1.1162834e-2 0.48281544
vn -0.88093281 1.5886804e-3 0.47323870
vn -0.76825625 1.6907245e-2 0.63991912
vn -0.76454642 -6.1922084e-2 0.64158743
vn -0.87565098 -1.1162834e-2 0.48281544
vn 0.99999198 -4.0025577e-3 -1.6161550e-4
vn 0.99997565 -6.9775028e-3 -1.4175562e-4
vn 4.8893093e-2 -0.80088731 -0.59681570
vn -4.8893093e-2 -0.80088731 -0.59681570
vn -5.9088889e-2 -0.88949667 -0.45310504
vn 5.9088889e-2 -0.88949667 -0.45310504
vn -0.41643975 -0.68336939 -0.59965341
vn -0.49435689 -0.64243127 -0.58557094
vn -0.62486520 -0.64708757 -0.43683080
vn -0.53401375 -0.71257624 -0.45504331
vn 0.57157903 -0.56375602 -0.59621856
vn 0.50096096 -0.64515594 -0.57689854
vn 0.86546074 -0.44330309 0.23336681
vn 0.64774010 -0.68901061 0.32511096
vn 0.55765070 -0.61289658 0.55980664
vn -0.77578880 -0.45950639 0.43244145
vn -0.65913748 -0.50068205 0.56111966
vn -0.59566887 -0.58912503 0.54599478
vn -0.86231568 -0.43857168 0.25311371
vn -4.9794490e-2 -0.99869808 1.1074686e-2
vn 4.9794490e-2 -0.99869808 1.1074686e-2
vn 6.4809363e-2 -0.99758933 -2.4804681e-2
vn -6.4809363e-2 -0.99758933 -2.4804681e-2
vn 0.86915273 -0.49450925 -5.8432018e-3
vn 0.74994550 -0.66132549 -1.5177235e-2
vn 0.80747512 -0.58865250 -3.8368873e-2
vn 0.87932651 -0.47595909 -1.5742614e-2
vn 0.24168544 0.26999147 0.93203688
vn -0.24228277 0.27044238 0.93175103
vn 0.99999313 3.7058820e-3 6.3686780e-5
vn -6.8212521e-2 -8.6341057e-3 -0.99763345
vn 6.8252652e-2 -9.5900459e-3 -0.99762198
vn -0.78114491 0.13390346 0.60982169
vn -0.81606461 4.9379161e-2 0.57584743
vn 0.81976670 4.5715710e-2 0.57087006
vn 0.78112966 0.13388168 0.60984600
vn -0.76573285 -1.7723867e-2 -0.64291451
vn -0.88079232 -4.5691745e-3 -0.47348074
vn 0.76730180 -2.6221307e-2 -0.64074987
vn 0.88216683 -8.3521482e-3 -0.47086296
vn -0.99997770 6.6771848e-3 7.2754521e-5
vn -0.99999313 3.7058820e-3 6.3686780e-5
vn 4.6459635e-2 -0.67122664 0.73979477
vn 3.0822564e-2 -0.74509465 0.66624615
vn -3.0822564e-2 -0.74509465 0.66624615
vn -4.6459635e-2 -0.67122664 0.73979477
vn -0.17700650 -0.54285053 -0.82096407
vn -0.13925596 -0.65975761 -0.73846305
vn 0.13925596 -0.65975761 -0.73846305
vn 0.17700650 -0.54285053 -0.82096407
vn -0.68284617 -0.72844039 -5.5639073e-2
vn -0.79852732 -0.59991721 -4.9532436e-2
vn -0.87891910 -0.47583386 -3.2914512e-2
vn -0.72645121 -0.68634980 -3.4533846e-2
vn -0.57157903 -0.56375602 -0.59621856
vn -0.55939116 -0.60476589 -0.56686837
vn -0.62980866 -0.64887238 -0.42697270
vn -0.50096096 -0.64515594 -0.57689854
vn 0.41643975 -0.68336939 -0.59965341
vn 0.57181319 -0.68763784 -0.44741912
vn 0.49435689 -0.64243127 -0.58557094
vn 0.59566887 -0.58912503 0.54599478
vn 0.65913748 -0.50068205 0.56111966
vn 0.77578880 -0.45950639 0.43244145
vn 0.86231568 -0.43857168 0.25311371
vn -0.55765070 -0.61289658 0.55980664
vn -0.64774010 -0.68901061 0.32511096
vn -0.86546074 -0.44330309 0.23336681
vn 0.72645121 -0.68634980 -3.4533846e-2
vn 0.87891910 -0.47583386 -3.2914512e-2
vn 0.78954445 -0.61161400 -5.0476419e-2
vn 0.67556854 -0.73517255 -5.5932647e-2
vn 0.43812642 -0.23651677 -0.86723991
vn 1.7580537e-2 -0.28541853 -0.95824172
vn -1.7580537e-2 -0.28541853 -0.95824172
vn -0.43812642 -0.23651677 -0.86723991
vn -0.14837875 1.5675606e-2 0.98880636
vn -3.7454394e-3 4.1855348e-3 0.99998423
vn 0.14837875 1.5675606e-2 0.98880636
vn 3.7454394e-3 4.1855348e-3 0.99998423
vn 0.74400562 -0.15565047 -0.64979117
vn 0.80636380 -0.10929693 -0.58123284
vn 0.81591016 -3.5920141e-2 -0.57706183
vn 0.81300096 -7.1075702e-2 -0.57790802
vn -0.74400562 -0.15565047 -0.64979117
vn -0.80636380 -0.10929693 -0.58123284
vn -0.81300096 -7.1075702e-2 -0.57790802
vn -0.81591016 -3.5920141e-2 -0.57706183
vn 0.61700753 2.2789975e-2 0.78662718
vn 0.87510818 8.9243790e-3 0.48384504
vn 0.88091820 1.8684199e-3 0.47326487
vn 0.88091601 1.2859101e-3 0.47327088
vn -0.88091820 1.8684199e-3 0.47326487
vn -0.88091601 1.2859101e-3 0.47327088
vn -0.87510818 8.9243790e-3 0.48384504
vn -0.61700753 2.2789975e-2 0.78662718
vn 0.46198128 0.23612583 0.85487887
vn 1.9051820e-2 0.28720856 0.95767858
vn -1.9995807e-2 0.28764380 0.95752870
vn -0.46228185 0.23647668 0.85461937
vn 0.99991987 -1.2324641e-2 -2.8900625e-3
vn 0.99999015 4.4390312e-3 6.4382739e-5
vn 0.99998250 5.9152484e-3 6.6851145e-5
vn 0.99577769 -9.1387675e-2 8.6654625e-3
vn -0.14516183 -1.5084656e-2 -0.98929293
vn -3.6645215e-3 -4.0428301e-3 -0.99998511
vn 0.14526226 -1.7084869e-2 -0.98924566
vn 3.6646482e-3 -4.0945139e-3 -0.99998490
vn -0.74968107 0.15627989 0.64308233
vn -0.80663095 0.10977351 0.58077214
vn -0.85142554 -4.5635826e-2 0.52248629
vn -0.81365214 6.9682937e-2 0.57716071
vn 0.87960431 -0.12558458 0.45882978
vn 0.81750164 6.5725569e-2 0.57216363
vn 0.80662736 0.10979078 0.58077387
vn 0.74965589 0.15623938 0.64312153
vn -0.61147084 -2.2889568e-2 -0.79093582
vn -0.87475938 -1.0175772e-2 -0.48445069
vn -0.90888246 -4.4837345e-2 -0.41463513
vn -0.88074043 -3.6920713e-3 -0.47358490
vn 0.61283482 -3.0471910e-2 -0.78962330
vn 0.87636130 -1.8605211e-2 -0.48129483
vn 0.88220833 -9.1093924e-3 -0.47077116
vn 0.90987996 -4.6802034e-2 -0.41222327
vn -0.99958783 -2.8096555e-2 5.8954695e-3
vn -0.99998250 5.9152484e-3 6.6851145e-5
vn -0.99999015 4.4390312e-3 6.4382739e-5
vn -0.99991987 -1.2324641e-2 -2.8900625e-3
vn -0.99956977 2.8482922e-2 7.0002508e-3
vn 0.99906950 -1.4612093e-2 4.0578691e-2
vn -0.99997747 -6.7005417e-3 -4.0544186e-4
vn -0.99805811 5.8159500e-2 2.2304442e-2
vn -0.99998181 -6.0130122e-3 -4.7589369e-4
vn -0.99997618 -6.8962226e-3 -2.9433793e-4
vn -0.94805087 -0.31810518 -2.9406804e-3
vn -0.99997100 -7.6070061e-3 -3.7049246e-4
vn -0.99997353 -7.2598264e-3 -4.8800584e-4
vn -0.97414240 -0.22593207 -1.1370097e-3
vn -0.75491532 -0.65574406 -1.0128562e-2
vn -0.99998337 -5.7449272e-3 -5.0308467e-4
vn -0.68303450 -0.73032820 -9.1974326e-3
vn -0.62930008 -0.76959390 -0.10819726
vn -7.8118326e-2 -0.88705672 0.45500319
vn -8.3186797e-2 -0.74711850 0.65946486
vn 0.28411153 -0.41445571 0.86458493
vn -0.23146205 -0.61196490 0.75625675
vn 0.18226449 -0.38931937 0.90288985
vn 0.57788411 -0.11457522 0.80803618
vn 0.39084681 -0.13461984 0.91055822
vn 0.36411809 -0.20389777 0.90875944
vn 0.34816815 0.36953742 0.86152251
vn 0.32990188 0.61181260 0.71892287
vn 0.78156474 0.62380741 4.5691417e-3
vn 0.68834079 0.58228128 -0.43259157
vn 3.3670750e-2 0.46876020 -0.88268350
vn -0.16848694 0.12046344 -0.97831524
vn -0.18469531 7.5409334e-2 -0.97989850
vn -0.29934975 -0.38493290 -0.87305005
vn -0.33882186 -6.1058020e-2 -0.93886723
vn -0.17822421 0.20995843 -0.96132907
vn -0.65765707 -1.0095839e-2 -0.75324979
vn -0.50980489 -0.71561262 -0.47749089
vn -9.2777996e-2 0.99567638 4.5587837e-3
vn 0.98701684 -0.15493749 4.2333597e-2
vn -0.99856338 5.1950312e-2 1.3127884e-2
vn 0.99681796 -7.5549797e-2 2.5420269e-2
vn 5.3945405e-3 0.99998339 -2.0278077e-3
vn -0.78381192 -0.62097778 -5.0477856e-3
vn -0.82259877 -0.56847074 -1.3125321e-2
vn -0.77152362 -0.63616624 -6.6190781e-3
vn -0.71706100 -0.69669705 -2.0898616e-2
vn -0.52511162 -1.9847121e-3 -0.85103105
vn -0.16614690 -0.94982920 -0.26499000
vn 0.37202138 -0.57043041 0.73226310
vn 0.37051761 0.57273468 0.73122615
vn -0.16691918 0.94962747 -0.26522756
vn 0.52733335 -1.2549226e-3 -0.84965756
vn -0.42374540 -0.58464115 -0.69183420
vn 0.15783260 -0.94939011 -0.27156453
vn 0.15190612 -0.94763510 0.28091323
vn -0.37579612 -0.57240508 0.72878646
vn 0.42938754 2.0620031e-3 0.90311798
vn -0.37008000 0.57235612 0.73174399
vn -0.42481556 0.58238298 -0.69308138
vn 0.15093381 0.94779390 0.28090158
vn 0.17222505 0.95134449 -0.25550379
vn 0.43724511 0.58070605 -0.68672935
vn 0.42445158 -0.57931233 -0.69587217
vn -0.16308621 -0.94712284 0.27633532
vn -0.43507069 1.1551891e-3 0.90039556
vn -0.15238285 0.94551496 0.28771676
vn 0.93896722 2.0687944e-3 0.34400040
vn 0.31054270 -0.94269379 0.12203132
vn -0.80861621 -0.54202727 -0.22879305
vn -0.80988919 0.53959020 -0.23004765
vn 0.30923684 0.94320330 0.12140888
vn 0.85248296 4.8981588e-4 -0.52275478
vn 0.77976017 -0.55453229 0.29063383
vn 0.25137075 -0.95246523 -0.17211252
vn -0.32157861 -0.94118078 -0.10375907
vn -0.67399959 -0.59199384 0.44189120
vn -0.96971900 -1.7970932e-3 -0.24421677
vn -0.67409868 0.59122618 0.44276695
vn 0.77817862 0.55722624 0.28971875
vn -0.32269874 0.94070556 -0.10458763
vn 0.25133280 0.95272964 -0.17069874
vn 0.68153820 0.58605200 -0.43823366
vn 0.68167201 -0.58528113 -0.43905497
vn -0.25228651 -0.95086916 0.17944177
vn -0.84900211 -4.5437941e-4 0.52838927
vn -0.25232708 0.95058232 0.18089858
vn 0.24631438 4.3286462e-4 -0.96918989
vn 8.9429307e-2 -0.94012607 -0.32888505
vn -0.20664799 -0.54184027 0.81468137
vn -0.20644261 0.54078903 0.81543159
vn 8.9628503e-2 0.94079498 -0.32691212
vn -0.24814603 3.8035855e-5 -0.96872264
vn 0.21397338 -0.53753765 -0.81564004
vn -9.3645520e-2 -0.93779992 -0.33430799
vn -9.1394465e-2 -0.93802571 0.33429751
vn 0.20983807 -0.53434851 0.81880380
vn -0.23538536 -3.9821435e-4 0.97190204
vn 0.20961456 0.53417024 0.81897734
vn 0.21411843 0.53857244 -0.81491903
vn -9.1167595e-2 0.93732383 0.33632204
vn -9.4008001e-2 0.93794528 -0.33379807
vn -0.21471743 0.53791316 -0.81519682
vn -0.21449009 -0.53774016 -0.81537079
vn 9.0064707e-2 -0.93846034 0.33343745
vn 0.23548944 -2.5112634e-5 0.97187691
vn 8.9704489e-2 0.93830452 0.33397264
vn 0.97032299 -1.1048096e-3 -0.24180999
vn 0.31582793 -0.94239981 -0.11016038
vn -0.78203602 -0.55359658 0.28626996
vn -0.77860669 0.55584871 0.29121099
vn 0.32876981 0.93973076 -9.3896260e-2
vn 0.84605874 4.3175748e-5 0.53308968
vn 0.80931549 -0.53914542 -0.23308937
vn 0.25195264 -0.95101397 0.17914321
vn -0.31963633 -0.94031565 0.11678650
vn -0.68073135 -0.58429588 -0.44181801
vn -0.94151482 1.1060142e-3 0.33696975
vn -0.68088795 0.58406771 -0.44187839
vn 0.81575623 0.53501060 -0.21978496
vn -0.31005403 0.94203734 0.12818793
vn 0.25143857 0.95117858 0.17899148
vn 0.67908606 0.58508558 0.44330237
vn 0.67923336 -0.58485784 0.44337721
vn -0.25511062 -0.95060524 -0.17682832
vn -0.85581632 -2.8499757e-5 -0.51727983
vn -0.25565025 0.95043154 -0.17698259
vn -0.99992479 1.9074400e-3 1.2115490e-2
vn -0.30289960 0.95302065 -1.8608617e-3
vn 0.81667238 0.57695888 -1.2832757e-2
vn 0.81038329 -0.58586763 -6.1670937e-3
vn -0.32424995 -0.94592455 9.4189356e-3
vn -0.30352275 1.9091739e-2 -0.95263290
vn -0.12318291 0.94910803 -0.28986190
vn 0.23285025 0.55317582 0.79986079
vn 0.26039917 -0.57992408 0.77193286
vn -7.3568280e-2 -0.94180103 -0.32802214
vn -0.76360710 6.5608187e-2 -0.64233929
vn -0.26009474 0.95996271 -0.10403035
vn 0.62339311 0.51333611 0.58980257
vn 0.63668053 -0.61702659 0.46251064
vn -0.23283012 -0.92151048 -0.31081920
vn -0.85940566 5.3965601e-2 -0.50843842
vn -0.26911672 0.96196666 -4.6865046e-2
vn 0.69563678 0.53344287 0.48117374
vn 0.70008030 -0.62476696 0.34576555
vn -0.26793976 -0.92470269 -0.27043154
vn -0.98533547 4.6959616e-3 -0.17056366
vn -0.30437389 0.95236354 -1.8979517e-2
vn 0.80132264 0.57703572 0.15783473
vn 0.80048648 -0.58785528 0.11682281
vn -0.31171251 -0.94614488 -8.7436695e-2
vn -0.91022196 5.6546839e-2 0.41024193
vn -0.27885473 0.96031065 -6.5947307e-3
vn 0.74022799 0.52831705 -0.41586491
vn 0.73841610 -0.62528832 -0.25249987
vn -0.29061570 -0.92012310 0.26251857
vn -0.74514688 8.6842708e-2 0.66122196
vn -0.25685593 0.96271567 8.4873827e-2
vn 0.60935004 0.49262315 -0.62130102
vn 0.62419749 -0.63013767 -0.46184848
vn -0.22602590 -0.91128281 0.34420333
vn 7.2954609e-2 0.54638549 -0.83435036
vn -4.1718304e-2 0.95164512 0.30435365
vn -9.9058146e-2 2.6269454e-2 0.99473484
vn -2.2426881e-2 -0.93948011 0.34186864
vn 8.3463988e-2 -0.58507970 -0.80666939
vn 0.99999620 5.6515402e-8 -2.7558196e-3
vn 0.30922991 0.95098691 -8.7569061e-4
vn -0.80922864 0.58748972 2.2006289e-3
vn -0.80922833 -0.58749003 2.2308755e-3
vn 0.30923082 -0.95098665 -8.2673928e-4
vn 0.99992479 1.9074400e-3 1.2115490e-2
vn 0.30289960 0.95302065 -1.8608617e-3
vn -0.81667238 0.57695888 -1.2832757e-2
vn -0.81038329 -0.58586763 -6.1670937e-3
vn 0.32424995 -0.94592455 9.4189356e-3
vn 0.30352275 1.9091739e-2 -0.95263290
vn 0.12318291 0.94910803 -0.28986190
vn -0.23285025 0.55317582 0.79986079
vn -0.26039917 -0.57992408 0.77193286
vn 7.3568280e-2 -0.94180103 -0.32802214
vn 0.76360710 6.5608187e-2 -0.64233929
vn 0.26009474 0.95996271 -0.10403035
vn -0.62339311 0.51333611 0.58980257
vn -0.63668053 -0.61702659 0.46251064
vn 0.23283012 -0.92151048 -0.31081920
vn 0.85940566 5.3965601e-2 -0.50843842
vn 0.26911672 0.96196666 -4.6865046e-2
vn -0.69563678 0.53344287 0.48117374
vn -0.70008030 -0.62476696 0.34576555
vn 0.26793976 -0.92470269 -0.27043154
vn 0.98533547 4.6959616e-3 -0.17056366
vn 0.30437389 0.95236354 -1.8979517e-2
vn -0.80132264 0.57703572 0.15783473
vn -0.80048648 -0.58785528 0.11682281
vn 0.31171251 -0.94614488 -8.7436695e-2
vn 0.99551818 -5.6480312e-8 -9.4570375e-2
vn 0.30779707 0.95099804 -2.9388615e-2
vn -0.80557213 0.58753868 7.6497293e-2
vn -0.80555558 -0.58753820 7.6675013e-2
vn 0.30782310 -0.95099845 -2.9101225e-2
vn 0.91022196 5.6546839e-2 0.41024193
vn 0.27885473 0.96031065 -6.5947307e-3
vn -0.74022799 0.52831705 -0.41586491
vn -0.73841610 -0.62528832 -0.25249987
vn 0.29061570 -0.92012310 0.26251857
vn 0.74514688 8.6842708e-2 0.66122196
vn 0.25685593 0.96271567 8.4873827e-2
vn -0.60935004 0.49262315 -0.62130102
vn -0.62419749 -0.63013767 -0.46184848
vn 0.22602590 -0.91128281 0.34420333
vn -7.2954609e-2 0.54638549 -0.83435036
vn 4.1718304e-2 0.95164512 0.30435365
vn 9.9058146e-2 2.6269454e-2 0.99473484
vn 2.2426881e-2 -0.93948011 0.34186864
vn -8.3463988e-2 -0.58507970 -0.80666939
vn -0.81546763 6.8797149e-2 -0.57469948
vn -0.25243185 -0.92169129 -0.29455615
vn 0.66327515 -0.63561739 0.39504002
vn 0.66102663 0.52399276 0.53709905
vn -0.25589441 0.96460894 -6.3621046e-2
vn -0.99270090 5.2244740e-4 -0.12060123
vn -0.30784154 -0.95039418 -4.4547601e-2
vn 0.80376365 -0.58764155 9.2959143e-2
vn 0.80372865 0.58624380 0.10167829
vn -0.30687464 0.95127360 -3.0107919e-2
vn -0.93960793 2.3605565e-2 -0.34143771
vn -0.29807754 -0.93505211 -0.19190450
vn 0.76738180 -0.59963742 0.22706858
vn 0.76387093 0.55551504 0.32848780
vn -0.29356834 0.95567415 -2.2462272e-2
vn -0.60488211 4.7319371e-2 -0.79490786
vn -0.17117019 -0.92782901 -0.33141228
vn 0.52374044 -0.58421382 0.61999207
vn 0.49186815 0.51375284 0.70293936
vn -0.23490054 0.95071376 -0.20239832
vn -0.84967119 8.0416333e-2 0.52114497
vn -0.26457903 -0.91376920 0.30825927
vn 0.69080906 -0.64200514 -0.33258419
vn 0.68998520 0.51165524 -0.51198568
vn -0.26555025 0.96395100 1.6778694e-2
vn -0.99452328 1.2122408e-2 0.10380989
vn -0.34121865 -0.93714927 7.2945789e-2
vn 0.80529565 -0.58979977 -6.0292155e-2
vn 0.82233528 0.55878522 -0.10734879
vn -0.29181096 0.95644745 -7.3914236e-3
vn 0.32293217 0.49214475 -0.80839864
vn -0.16025423 0.95841319 0.23614135
vn -0.40385099 7.0846444e-2 0.91207739
vn -0.11097285 -0.91899097 0.37833929
vn 0.34795474 -0.60304765 -0.71781685
vn 0.99999891 2.3006266e-4 1.4567335e-3
vn 0.31117521 -0.95035166 1.3103258e-3
vn -0.80926190 -0.58744770 -6.0815023e-4
vn -0.81012547 0.58625423 -1.6437911e-3
vn 0.30821372 0.95131705 -4.1007063e-4
vn 0.81546763 6.8797149e-2 -0.57469948
vn 0.25243185 -0.92169129 -0.29455615
vn -0.66327515 -0.63561739 0.39504002
vn -0.66102663 0.52399276 0.53709905
vn 0.25589441 0.96460894 -6.3621046e-2
vn 0.99270090 5.2244740e-4 -0.12060123
vn 0.30784154 -0.95039418 -4.4547601e-2
vn -0.80376365 -0.58764155 9.2959143e-2
vn -0.80372865 0.58624380 0.10167829
vn 0.30687464 0.95127360 -3.0107919e-2
vn 0.93960793 2.3605565e-2 -0.34143771
vn 0.29807754 -0.93505211 -0.19190450
vn -0.76738180 -0.59963742 0.22706858
vn -0.76387093 0.55551504 0.32848780
vn 0.29356834 0.95567415 -2.2462272e-2
vn 0.60488211 4.7319371e-2 -0.79490786
vn 0.17117019 -0.92782901 -0.33141228
vn -0.52374044 -0.58421382 0.61999207
vn -0.49186815 0.51375284 0.70293936
vn 0.23490054 0.95071376 -0.20239832
vn 0.30931987 0.95092713 -7.6693195e-3
vn -0.80917953 0.58723175 1.9681629e-2
vn -0.80917447 -0.58723416 1.9816895e-2
vn 0.30933139 -0.95092512 -7.4505622e-3
vn 0.99970128 4.0697311e-7 -2.4440939e-2
vn 0.84967119 8.0416333e-2 0.52114497
vn 0.26457903 -0.91376920 0.30825927
vn -0.69080906 -0.64200514 -0.33258419
vn -0.68998520 0.51165524 -0.51198568
vn 0.26555025 0.96395100 1.6778694e-2
vn 0.99452328 1.2122408e-2 0.10380989
vn 0.34121865 -0.93714927 7.2945789e-2
vn -0.80529565 -0.58979977 -6.0292155e-2
vn -0.82233528 0.55878522 -0.10734879
vn 0.29181096 0.95644745 -7.3914236e-3
vn -0.32293217 0.49214475 -0.80839864
vn 0.16025423 0.95841319 0.23614135
vn 0.40385099 7.0846444e-2 0.91207739
vn 0.11097285 -0.91899097 0.37833929
vn -0.34795474 -0.60304765 -0.71781685
vn -6.5448256e-17 -0.58622217 -0.81015034
vn 1.9287080e-16 -0.94801068 0.31823851
vn -1.0457989e-15 7.1028999e-3 0.99997477
vn -5.7596260e-16 0.95095291 0.30933567
vn 1.3099307e-16 0.57615580 -0.81733989
vn 2.7342488e-16 5.5228402e-3 -0.99998475
vn -1.9147602e-16 -0.94858428 -0.31652467
vn 2.8350302e-15 -0.58687792 0.80967543
vn 3.9920155e-16 0.57875785 0.81549945
vn -4.0330035e-16 0.95117989 -0.30863705
vn -0.81702465 -0.57645022 1.3261217e-2
vn -0.23647930 -0.55062034 -0.80055904
vn -0.62266907 -0.51104024 -0.59255473
vn -0.69636235 -0.53309372 -0.48051073
vn -0.80137855 -0.57657446 -0.15923040
vn -0.74119810 -0.52803924 0.41448756
vn -0.60784951 -0.48972936 0.62504730
vn 0.80925077 0.58745906 -2.2441622e-3
vn 0.81096090 0.58506537 6.3975411e-3
vn 0.26441537 0.57758760 -0.77231928
vn 0.63555634 0.61563556 -0.46589806
vn 0.70068200 0.62415075 -0.34565963
vn 0.80075875 0.58728341 -0.11782876
vn 0.80558001 0.58751174 -7.6621226e-2
vn 0.73916773 0.62453421 0.25216677
vn 0.62206808 0.62871450 0.46663624
vn -0.81096090 0.58506537 6.3975411e-3
vn 0.32517871 0.94560741 -9.2430873e-3
vn 0.99993096 -1.3688600e-3 -1.1670855e-2
vn 0.30296896 -0.95299850 1.9143257e-3
vn -0.26441537 0.57758760 -0.77231928
vn 7.3139675e-2 0.94130305 0.32954386
vn 0.29884538 -1.9552789e-2 0.95410121
vn 0.12256788 -0.94846472 0.29221874
vn -0.63555634 0.61563556 -0.46589806
vn 0.23434833 0.92104155 0.31106803
vn 0.76632880 -6.5594236e-2 0.63909120
vn 0.26220658 -0.95932837 0.10457910
vn -0.70068200 0.62415075 -0.34565963
vn 0.26829401 0.92441544 0.27106164
vn 0.85891905 -5.3727133e-2 0.50928525
vn 0.26916491 -0.96194532 4.7026047e-2
vn -0.80075875 0.58728341 -0.11782876
vn 0.31243740 0.94594174 8.7046543e-2
vn 0.98561365 -4.3500304e-3 0.16895800
vn 0.30455503 -0.95230929 1.8794847e-2
vn -0.73916773 0.62453421 0.25216677
vn 0.29100573 0.91972549 -0.26347805
vn 0.90956603 -5.6290428e-2 -0.41172930
vn 0.27883171 -0.96031869 6.3948774e-3
vn -0.62206808 0.62871450 0.46663624
vn 0.22784048 0.91081728 -0.34423916
vn 0.74932794 -8.6620698e-2 -0.65650933
vn 0.25948280 -0.96198102 -8.5212601e-2
vn 9.4377966e-2 -2.6666452e-2 -0.99517923
vn 2.1780672e-2 0.93890840 -0.34347725
vn -8.7200302e-2 0.58309867 0.80770790
vn -7.6126856e-2 -0.54405544 0.83558865
vn 4.0723406e-2 -0.95091607 -0.30675761
vn -0.30925349 0.95097929 8.2315522e-4
vn -0.99999626 -3.7048377e-8 2.7366671e-3
vn -0.30925255 -0.95097955 8.7211222e-4
vn 0.80925107 -0.58745877 -2.2139270e-3
vn -0.32517871 0.94560741 -9.2430873e-3
vn -0.99993096 -1.3688600e-3 -1.1670855e-2
vn -0.30296896 -0.95299850 1.9143257e-3
vn 0.81702465 -0.57645022 1.3261217e-2
vn -7.3139675e-2 0.94130305 0.32954386
vn -0.29884538 -1.9552789e-2 0.95410121
vn -0.12256788 -0.94846472 0.29221874
vn 0.23647930 -0.55062034 -0.80055904
vn -0.23434833 0.92104155 0.31106803
vn -0.76632880 -6.5594236e-2 0.63909120
vn -0.26220658 -0.95932837 0.10457910
vn 0.62266907 -0.51104024 -0.59255473
vn -0.26829401 0.92441544 0.27106164
vn -0.85891905 -5.3727133e-2 0.50928525
vn -0.26916491 -0.96194532 4.7026047e-2
vn 0.69636235 -0.53309372 -0.48051073
vn -0.31243740 0.94594174 8.7046543e-2
vn -0.98561365 -4.3500304e-3 0.16895800
vn -0.30455503 -0.95230929 1.8794847e-2
vn 0.80137855 -0.57657446 -0.15923040
vn -0.30784094 0.95099216 2.9118241e-2
vn -0.99551055 3.8065745e-8 9.4650633e-2
vn -0.30781492 -0.95099173 2.9405825e-2
vn 0.80559652 -0.58751220 -7.6443827e-2
vn -0.29100573 0.91972549 -0.26347805
vn -0.90956603 -5.6290428e-2 -0.41172930
vn -0.27883171 -0.96031869 6.3948774e-3
vn 0.74119810 -0.52803924 0.41448756
vn -0.22784048 0.91081728 -0.34423916
vn -0.74932794 -8.6620698e-2 -0.65650933
vn -0.25948280 -0.96198102 -8.5212601e-2
vn 0.60784951 -0.48972936 0.62504730
vn -2.1780672e-2 0.93890840 -0.34347725
vn 8.7200302e-2 0.58309867 0.80770790
vn 7.6126856e-2 -0.54405544 0.83558865
vn -4.0723406e-2 -0.95091607 -0.30675761
vn -9.4377966e-2 -2.6666452e-2 -0.99517923
vn -0.99998895 7.5444218e-4 4.6403482e-3
vn -0.31571980 -0.94884557 3.6175764e-3
vn 0.80967478 -0.58687424 -2.3201606e-3
vn 0.81240479 0.58307306 -4.9257090e-3
vn -0.30637508 0.95191059 -7.4020667e-4
vn -0.79576133 6.9168565e-2 -0.60164742
vn -0.83391593 6.3936067e-2 -0.54817552
vn -0.24513444 -0.92124196 -0.30203038
vn -0.66104826 -0.52356258 -0.53749179
vn -0.25901325 -0.92269288 -0.28556957
vn 0.65271972 -0.63023049 0.42043608
vn 0.25623282 -0.96451724 6.3649263e-2
vn 0.67730033 -0.63339098 0.37427279
vn 0.64683030 0.51925976 0.55855158
vn 0.81584076 -6.8730056e-2 0.57417770
vn 0.67513833 0.52802833 0.51514495
vn -0.66318394 0.63531188 -0.39568407
vn -0.25699021 0.96328931 -7.7651420e-2
vn 0.25270476 0.92158256 0.29466233
vn -0.25979037 0.96408242 -5.5263517e-2
vn -0.99013470 1.7969433e-3 -0.14010724
vn -0.99772575 8.2031115e-5 -6.7404121e-2
vn -0.30953552 -0.94896006 -6.0519073e-2
vn -0.80373463 -0.58616845 -0.10206464
vn -0.30842430 -0.95098043 -2.2598111e-2
vn 0.80262473 -0.58758926 0.10262750
vn 0.30690345 -0.95126587 3.0058617e-2
vn 0.80726239 -0.58777496 5.3366935e-2
vn 0.80305357 0.58305528 0.12309148
vn 0.99275198 -4.6719052e-4 0.12018025
vn 0.80725145 0.58759070 5.5518099e-2
vn -0.80381013 0.58754182 -9.3187350e-2
vn -0.30581555 0.95172269 -2.6472107e-2
vn 0.30796547 0.95036058 4.4407719e-2
vn -0.30834976 0.95108217 -1.9055938e-2
vn -0.97137063 1.1351622e-2 -0.23729777
vn -0.89694402 3.9387730e-2 -0.44038622
vn -0.76437479 -0.55474651 -0.32861450
vn -0.30940693 -0.94150638 -0.13354058
vn -0.28172910 -0.92877206 -0.24085508
vn 0.29379814 -0.95560275 2.2495409e-2
vn 0.79130494 -0.59104455 0.15653382
vn 0.73279849 -0.61217154 0.29707300
vn 0.93968914 -2.3055398e-2 0.34125178
vn 0.79106220 0.56790289 0.22739154
vn 0.72705556 0.54270434 0.42054989
vn 0.29908147 0.93463907 0.19235405
vn -0.30113516 0.95346059 -1.5182776e-2
vn -0.76800770 0.59860155 -0.22768477
vn -0.28183131 0.95881803 -3.5200806e-2
vn -0.70515976 5.8280877e-2 -0.70664917
vn -0.45598274 3.3435305e-2 -0.88936034
vn -0.49085457 -0.50950472 -0.70672960
vn -0.20972972 -0.92334238 -0.32164000
vn -0.12010616 -0.93475250 -0.33438341
vn 0.23823453 -0.94931878 0.20503208
vn 0.60052418 -0.59893195 0.52976527
vn 0.39543934 -0.57936523 0.71271569
vn 0.60888770 -4.7746893e-2 0.79181816
vn 0.57723333 0.50915604 0.63840568
vn 0.36241920 0.53100450 0.76595466
vn 0.17362173 0.92680536 0.33299748
vn -0.25749241 0.95504424 -0.14692910
vn -0.52204836 0.58115365 -0.62428034
vn -0.18286771 0.94919413 -0.25610527
vn -0.88039737 7.0690677e-2 0.46893848
vn -0.80982823 8.5847853e-2 0.58035195
vn -0.27710507 -0.91639594 0.28884471
vn -0.68988727 -0.51111648 0.51265534
vn -0.24957096 -0.91186350 0.32591302
vn 0.71332946 -0.63663420 -0.29301531
vn 0.26604959 -0.96381620 -1.6611483e-2
vn 0.66572513 -0.63984667 -0.38393527
vn 0.71462613 0.51963407 -0.46828402
vn 0.85039256 -8.0233951e-2 -0.51999520
vn 0.65949272 0.50249903 -0.55907431
vn -0.69043639 0.64175985 0.33382914
vn -0.27091346 0.96259998 2.6776412e-3
vn 0.26491337 0.91364608 -0.30833708
vn -0.26267643 0.96399884 4.1319885e-2
vn -0.96281290 3.3265852e-2 0.26811321
vn -0.99939230 4.5428141e-3 3.4559914e-2
vn -0.82292349 -0.55770435 0.10845638
vn -0.32000263 -0.93058476 0.17779293
vn -0.33563678 -0.94163788 2.5808139e-2
vn 0.29202058 -0.95638257 7.5067405e-3
vn 0.77772038 -0.60750008 -0.16153841
vn 0.81055316 -0.58536483 -1.8750776e-2
vn 0.99465259 -1.1007413e-2 -0.10268914
vn 0.79096796 0.54666515 -0.27482160
vn 0.82216245 0.56810101 -3.6196064e-2
vn 0.34320609 0.93644438 -7.2673983e-2
vn -0.28609704 0.95814844 -1.0002915e-2
vn -0.80643194 0.58816443 6.1074838e-2
vn -0.29771475 0.95464623 -4.0633307e-3
vn 0.16517444 0.51567870 -0.84070975
vn 0.49819203 0.48648957 -0.71772739
vn 0.11181418 0.91774430 -0.38110759
vn -8.8961443e-2 0.95410560 0.28595167
vn -0.22631056 0.96134365 0.15685000
vn -0.35080081 0.59929474 0.71957251
vn -0.21451266 4.8378095e-2 0.97552236
vn -0.61120302 8.3586788e-2 0.78704773
vn -0.32565371 -0.48754512 0.81009223
vn -5.3970623e-2 -0.92924008 0.36551340
vn -0.17874861 -0.91312066 0.36641452
vn 0.16122347 -0.95718630 -0.24041916
vn 0.18336798 -0.58953693 -0.78665265
vn 0.40151873 -7.1535271e-2 -0.91305280
vn 0.52180091 -0.61820306 -0.58783398
vn 0.99998895 7.5444218e-4 4.6403482e-3
vn 0.99999982 3.7598014e-5 -6.0278072e-4
vn 0.31571980 -0.94884557 3.6175764e-3
vn 0.81018193 -0.58617601 1.7114550e-3
vn 0.30946924 -0.95090945 3.6899976e-5
vn -0.80967478 -0.58687424 -2.3201606e-3
vn -0.30822572 -0.95131316 4.1821927e-4
vn -0.80914913 -0.58760301 6.3075341e-4
vn -0.81240479 0.58307306 -4.9257090e-3
vn -0.99999903 -1.5310544e-4 -1.3873664e-3
vn -0.80929345 0.58740445 3.6114671e-4
vn 0.80934708 0.58733031 6.4108821e-4
vn 0.30637508 0.95191059 -7.4020667e-4
vn -0.31130650 0.95030870 -1.2806584e-3
vn 0.30897362 0.95107052 -4.0934103e-4
vn 0.83391593 6.3936067e-2 -0.54817552
vn 0.79576133 6.9168565e-2 -0.60164742
vn 0.25901325 -0.92269288 -0.28556957
vn 0.66104826 -0.52356258 -0.53749179
vn 0.24513444 -0.92124196 -0.30203038
vn -0.67730033 -0.63339098 0.37427279
vn -0.25623282 -0.96451724 6.3649263e-2
vn -0.65271972 -0.63023049 0.42043608
vn -0.67513833 0.52802833 0.51514495
vn -0.81584076 -6.8730056e-2 0.57417770
vn -0.64683030 0.51925976 0.55855158
vn 0.66318394 0.63531188 -0.39568407
vn 0.25979037 0.96408242 -5.5263517e-2
vn -0.25270476 0.92158256 0.29466233
vn 0.25699021 0.96328931 -7.7651420e-2
vn 0.99431976 8.1812904e-5 -0.10643401
vn 0.99013470 1.7969433e-3 -0.14010724
vn 0.30747832 -0.95092340 -3.4666561e-2
vn 0.80373463 -0.58616845 -0.10206464
vn 0.30953552 -0.94896006 -6.0519073e-2
vn -0.80464231 -0.58764302 8.5008445e-2
vn -0.30690345 -0.95126587 3.0058617e-2
vn -0.80262473 -0.58758926 0.10262750
vn -0.80457877 0.58741812 8.7137593e-2
vn -0.99275198 -4.6719052e-4 0.12018025
vn -0.80305357 0.58305528 0.12309148
vn 0.80381013 0.58754182 -9.3187350e-2
vn 0.30741143 0.95106667 -3.1151347e-2
vn -0.30796547 0.95036058 4.4407719e-2
vn 0.30581555 0.95172269 -2.6472107e-2
vn 0.89694402 3.9387730e-2 -0.44038622
vn 0.97137063 1.1351622e-2 -0.23729777
vn 0.76437479 -0.55474651 -0.32861450
vn 0.28172910 -0.92877206 -0.24085508
vn 0.30940693 -0.94150638 -0.13354058
vn -0.29379814 -0.95560275 2.2495409e-2
vn -0.73279849 -0.61217154 0.29707300
vn -0.79130494 -0.59104455 0.15653382
vn -0.93968914 -2.3055398e-2 0.34125178
vn -0.72705556 0.54270434 0.42054989
vn -0.79106220 0.56790289 0.22739154
vn -0.29908147 0.93463907 0.19235405
vn 0.28183131 0.95881803 -3.5200806e-2
vn 0.76800770 0.59860155 -0.22768477
vn 0.30113516 0.95346059 -1.5182776e-2
vn 0.45598274 3.3435305e-2 -0.88936034
vn 0.70515976 5.8280877e-2 -0.70664917
vn 0.49085457 -0.50950472 -0.70672960
vn 0.12010616 -0.93475250 -0.33438341
vn 0.20972972 -0.92334238 -0.32164000
vn -0.23823453 -0.94931878 0.20503208
vn -0.39543934 -0.57936523 0.71271569
vn -0.60052418 -0.59893195 0.52976527
vn -0.60888770 -4.7746893e-2 0.79181816
vn -0.36241920 0.53100450 0.76595466
vn -0.57723333 0.50915604 0.63840568
vn -0.17362173 0.92680536 0.33299748
vn 0.18286771 0.94919413 -0.25610527
vn 0.52204836 0.58115365 -0.62428034
vn 0.25749241 0.95504424 -0.14692910
vn 0.30936537 0.95093988 -2.5327257e-3
vn 0.30862087 0.95098278 -1.9619178e-2
vn -0.30937639 0.95091054 7.4430557e-3
vn -0.80935201 0.58728873 6.4236558e-3
vn -0.80764914 0.58746986 5.0813678e-2
vn -0.99970236 -2.6717685e-7 2.4396407e-2
vn -0.80935066 -0.58728984 6.4919354e-3
vn -0.80763488 -0.58747135 5.1022727e-2
vn -0.30936464 -0.95091262 7.6619128e-3
vn 0.30936904 -0.95093897 -2.4222281e-3
vn 0.30864612 -0.95098149 -1.9281315e-2
vn 0.80922282 -0.58717102 -1.9713595e-2
vn 0.99996789 1.9921501e-7 -8.0139606e-3
vn 0.80921782 0.58717336 -1.9848673e-2
vn 0.99802010 2.0791229e-7 -6.2895728e-2
vn 0.80982823 8.5847853e-2 0.58035195
vn 0.88039737 7.0690677e-2 0.46893848
vn 0.24957096 -0.91186350 0.32591302
vn 0.68988727 -0.51111648 0.51265534
vn 0.27710507 -0.91639594 0.28884471
vn -0.66572513 -0.63984667 -0.38393527
vn -0.26604959 -0.96381620 -1.6611483e-2
vn -0.71332946 -0.63663420 -0.29301531
vn -0.65949272 0.50249903 -0.55907431
vn -0.85039256 -8.0233951e-2 -0.51999520
vn -0.71462613 0.51963407 -0.46828402
vn 0.69043639 0.64175985 0.33382914
vn 0.26267643 0.96399884 4.1319885e-2
vn -0.26491337 0.91364608 -0.30833708
vn 0.27091346 0.96259998 2.6776412e-3
vn 0.99939230 4.5428141e-3 3.4559914e-2
vn 0.96281290 3.3265852e-2 0.26811321
vn 0.82292349 -0.55770435 0.10845638
vn 0.33563678 -0.94163788 2.5808139e-2
vn 0.32000263 -0.93058476 0.17779293
vn -0.29202058 -0.95638257 7.5067405e-3
vn -0.81055316 -0.58536483 -1.8750776e-2
vn -0.77772038 -0.60750008 -0.16153841
vn -0.99465259 -1.1007413e-2 -0.10268914
vn -0.82216245 0.56810101 -3.6196064e-2
vn -0.79096796 0.54666515 -0.27482160
vn -0.34320609 0.93644438 -7.2673983e-2
vn 0.29771475 0.95464623 -4.0633307e-3
vn 0.80643194 0.58816443 6.1074838e-2
vn 0.28609704 0.95814844 -1.0002915e-2
vn -0.49819203 0.48648957 -0.71772739
vn -0.16517444 0.51567870 -0.84070975
vn -0.11181418 0.91774430 -0.38110759
vn 0.22631056 0.96134365 0.15685000
vn 8.8961443e-2 0.95410560 0.28595167
vn 0.35080081 0.59929474 0.71957251
vn 0.61120302 8.3586788e-2 0.78704773
vn 0.21451266 4.8378095e-2 0.97552236
vn 0.32565371 -0.48754512 0.81009223
vn 0.17874861 -0.91312066 0.36641452
vn 5.3970623e-2 -0.92924008 0.36551340
vn -0.16122347 -0.95718630 -0.24041916
vn -0.52180091 -0.61820306 -0.58783398
vn -0.40151873 -7.1535271e-2 -0.91305280
vn -0.18336798 -0.58953693 -0.78665265
vn 3.2586989e-2 -0.58561559 -0.80993362
vn -3.2586989e-2 -0.58561559 -0.80993362
vn 3.7613053e-17 -0.95074555 -0.30997241
vn -8.0134605e-3 -0.94593442 0.32425892
vn 8.0134605e-3 -0.94593442 0.32425892
vn -3.6542841e-16 -0.57542845 0.81785212
vn -3.8849666e-2 1.1887923e-2 0.99917435
vn 3.8849666e-2 1.1887923e-2 0.99917435
vn -9.0592877e-16 0.58558076 0.81061407
vn -1.6487260e-2 0.95101947 0.30869099
vn 1.6487260e-2 0.95101947 0.30869099
vn -6.5532652e-17 0.94787242 -0.31865008
vn 2.7755535e-2 0.56858143 -0.82215861
vn -3.4241285e-17 -7.2401493e-3 -0.99997379
vn -2.7755535e-2 0.56858143 -0.82215861
vn -0.16036473 8.9580349e-3 -0.98701718
vn 0.16036473 8.9580349e-3 -0.98701718
vn -1.5493660e-15 -0.57811269 -0.81595693
vn -3.6162827e-2 -0.94684091 -0.31966316
vn 3.6162827e-2 -0.94684091 -0.31966316
vn 1.0613223e-15 -0.95098650 0.30923240
vn 0.13625476 -0.58426835 0.80004071
vn -0.13625476 -0.58426835 0.80004071
vn 3.3445640e-15 -5.6374068e-3 0.99998411
vn 0.11939613 0.57172348 0.81171228
vn -0.11939613 0.57172348 0.81171228
vn -7.7013374e-16 0.94844802 0.31693273
vn -6.5192923e-2 0.95033641 -0.30431987
vn 7.6310731e-16 0.58630231 -0.81009234
vn 6.5192923e-2 0.95033641 -0.30431987
vn -0.80993219 0.58651858 2.4090614e-3
vn -0.81256851 -0.58284338 5.0992258e-3
vn 0.30640373 -0.95190135 7.6182650e-4
vn 0.99998992 -5.1424513e-4 -4.4606031e-3
vn 0.31612529 0.94871083 -3.5436078e-3
vn -0.65227569 0.62956113 -0.42212463
vn -0.67756324 0.63306024 -0.37435649
vn -0.64658183 -0.51814837 -0.55986982
vn -0.67549639 -0.52779471 -0.51491491
vn 0.25795622 -0.96301877 7.7803808e-2
vn 0.25987073 -0.96405661 5.5335870e-2
vn 0.79698918 -6.9122602e-2 0.60002526
vn 0.83373554 -6.3817489e-2 0.54846365
vn 0.24582576 0.92103430 0.30210182
vn 0.25920314 0.92254197 0.28588468
vn -0.80276156 0.58730724 -0.10317022
vn -0.80729703 0.58772153 -5.3431262e-2
vn -0.80308016 -0.58283891 -0.12393978
vn -0.80727900 -0.58754268 -5.5625682e-2
vn 0.30589452 -0.95170040 2.6360643e-2
vn 0.30838186 -0.95107204 1.9042070e-2
vn 0.99026806 -1.6309804e-3 0.13916363
vn 0.99773364 -7.2524989e-5 6.7287305e-2
vn 0.30988792 0.94886287 6.0238979e-2
vn 0.30847374 0.95096534 2.2558217e-2
vn -0.79122484 -0.56718533 -0.22861330
vn -0.72788034 -0.54212024 -0.41987600
vn 0.30139893 -0.95337959 1.5034975e-2
vn 0.28195731 -0.95877475 3.5370146e-2
vn 0.97173457 -1.0831936e-2 0.23582748
vn 0.89655780 -3.8971458e-2 0.44120894
vn 0.31044325 0.94118551 0.13339723
vn 0.28241219 0.92836179 0.24163557
vn -0.79173389 0.59016830 -0.15766678
vn -0.73354487 0.61124455 -0.29713973
vn -0.57590883 -0.50556798 -0.64244069
vn -0.36377797 -0.52717618 -0.76795238
vn 0.26083783 -0.95391344 0.14836706
vn 0.18424089 -0.94808203 0.25922145
vn 0.70950515 -5.8421814e-2 0.70227440
vn 0.45571634 -3.4019114e-2 0.88947474
vn 0.21215824 0.92251502 0.32242041
vn 0.12114572 0.93390789 0.33636256
vn -0.59853946 0.59663338 -0.53458312
vn -0.39661312 0.57617305 -0.71464862
vn -0.71363631 0.63625609 0.29308941
vn -0.66452971 0.63928187 0.38693533
vn -0.71516696 -0.51944410 0.46766874
vn -0.65869767 -0.50102953 0.56132591
vn 0.27098693 -0.96257917 -2.7257533e-3
vn 0.26405124 -0.96363168 -4.1120807e-2
vn 0.88011206 -7.0557785e-2 -0.46949373
vn 0.81211375 -8.5572204e-2 -0.57719031
vn 0.27727885 0.91617892 -0.28936591
vn 0.25048466 0.91167304 -0.32574483
vn -0.79164619 -0.54581132 0.27456567
vn -0.82272039 -0.56723698 3.7058939e-2
vn 0.28621187 -0.95811483 9.9368923e-3
vn 0.29785526 -0.95460194 4.1676482e-3
vn 0.96273269 -3.2527904e-2 -0.26849152
vn 0.99942657 -3.6215192e-3 -3.3666304e-2
vn 0.32130881 0.93003937 -0.17829025
vn 0.33726535 0.94106450 -2.5489089e-2
vn -0.77868727 0.60618664 0.16181435
vn -0.81153043 0.58399276 1.9256690e-2
vn 5.3545678e-2 0.92818418 -0.36824853
vn 0.18077604 0.91219989 -0.36771101
vn -0.18841479 0.58640934 0.78779690
vn -0.52072131 0.61527263 0.59185210
vn -0.16956685 -0.51194880 0.84211371
vn -0.49767566 -0.48222841 0.72095401
vn 8.8174557e-2 -0.95294933 -0.29002211
vn 0.22910922 -0.96030863 -0.15911099
vn 0.20854748 -4.8996362e-2 -0.97678416
vn 0.61445722 -8.3851532e-2 -0.78448151
vn 0.80993219 0.58651858 2.4090614e-3
vn 0.80917295 0.58757020 -6.2737134e-4
vn 0.81256851 -0.58284338 5.0992258e-3
vn 0.80931255 -0.58737813 -3.4895377e-4
vn -0.30640373 -0.95190135 7.6182650e-4
vn -0.30898517 -0.95106677 4.1007151e-4
vn -0.99998992 -5.1424513e-4 -4.4606031e-3
vn -0.99999981 -2.4651786e-5 6.1326349e-4
vn -0.31612529 0.94871083 -3.5436078e-3
vn -0.30950073 0.95089920 -3.0698749e-5
vn 0.67756324 0.63306024 -0.37435649
vn 0.65227569 0.62956113 -0.42212463
vn 0.67549639 -0.52779471 -0.51491491
vn 0.64658183 -0.51814837 -0.55986982
vn -0.25987073 -0.96405661 5.5335870e-2
vn -0.25795622 -0.96301877 7.7803808e-2
vn -0.83373554 -6.3817489e-2 0.54846365
vn -0.79698918 -6.9122602e-2 0.60002526
vn -0.25920314 0.92254197 0.28588468
vn -0.24582576 0.92103430 0.30210182
vn 0.80466056 0.58761358 -8.5039154e-2
vn 0.80276156 0.58730724 -0.10317022
vn 0.80458883 -0.58739329 -8.7212021e-2
vn 0.80308016 -0.58283891 -0.12393978
vn -0.30742475 -0.95106251 3.1146923e-2
vn -0.30589452 -0.95170040 2.6360643e-2
vn -0.99432721 -7.2362354e-5 0.10636440
vn -0.99026806 -1.6309804e-3 0.13916363
vn -0.30750899 0.95091458 3.4636331e-2
vn -0.30988792 0.94886287 6.0238979e-2
vn 0.72788034 -0.54212024 -0.41987600
vn 0.79122484 -0.56718533 -0.22861330
vn -0.28195731 -0.95877475 3.5370146e-2
vn -0.30139893 -0.95337959 1.5034975e-2
vn -0.89655780 -3.8971458e-2 0.44120894
vn -0.97173457 -1.0831936e-2 0.23582748
vn -0.28241219 0.92836179 0.24163557
vn -0.31044325 0.94118551 0.13339723
vn 0.73354487 0.61124455 -0.29713973
vn 0.79173389 0.59016830 -0.15766678
vn 0.36377797 -0.52717618 -0.76795238
vn 0.57590883 -0.50556798 -0.64244069
vn -0.18424089 -0.94808203 0.25922145
vn -0.26083783 -0.95391344 0.14836706
vn -0.45571634 -3.4019114e-2 0.88947474
vn -0.70950515 -5.8421814e-2 0.70227440
vn -0.12114572 0.93390789 0.33636256
vn -0.21215824 0.92251502 0.32242041
vn 0.39661312 0.57617305 -0.71464862
vn 0.59853946 0.59663338 -0.53458312
vn -0.30940747 0.95092649 2.4152719e-3
vn -0.30867969 0.95097045 1.9288489e-2
vn -0.99996819 -1.3068080e-7 7.9757591e-3
vn -0.99801826 -1.3579135e-7 6.2924927e-2
vn -0.30940369 -0.95092743 2.5257959e-3
vn -0.30865430 -0.95097178 1.9626586e-2
vn 0.80938959 -0.58723665 -6.4503696e-3
vn 0.80768459 -0.58742264 -5.0796024e-2
vn 0.80938827 0.58723772 -6.5185970e-3
vn 0.80767039 0.58742410 -5.1004661e-2
vn 0.66452971 0.63928187 0.38693533
vn 0.71363631 0.63625609 0.29308941
vn 0.65869767 -0.50102953 0.56132591
vn 0.71516696 -0.51944410 0.46766874
vn -0.26405124 -0.96363168 -4.1120807e-2
vn -0.27098693 -0.96257917 -2.7257533e-3
vn -0.81211375 -8.5572204e-2 -0.57719031
vn -0.88011206 -7.0557785e-2 -0.46949373
vn -0.25048466 0.91167304 -0.32574483
vn -0.27727885 0.91617892 -0.28936591
vn 0.82272039 -0.56723698 3.7058939e-2
vn 0.79164619 -0.54581132 0.27456567
vn -0.29785526 -0.95460194 4.1676482e-3
vn -0.28621187 -0.95811483 9.9368923e-3
vn -0.99942657 -3.6215192e-3 -3.3666304e-2
vn -0.96273269 -3.2527904e-2 -0.26849152
vn -0.33726535 0.94106450 -2.5489089e-2
vn -0.32130881 0.93003937 -0.17829025
vn 0.81153043 0.58399276 1.9256690e-2
vn 0.77868727 0.60618664 0.16181435
vn -0.18077604 0.91219989 -0.36771101
vn -5.3545678e-2 0.92818418 -0.36824853
vn 0.52072131 0.61527263 0.59185210
vn 0.18841479 0.58640934 0.78779690
vn 0.49767566 -0.48222841 0.72095401
vn 0.16956685 -0.51194880 0.84211371
vn -0.22910922 -0.96030863 -0.15911099
vn -8.8174557e-2 -0.95294933 -0.29002211
vn -0.61445722 -8.3851532e-2 -0.78448151
vn -0.20854748 -4.8996362e-2 -0.97678416
vn 1.5990098e-2 -0.95067791 -0.30976738
vn -1.5990098e-2 -0.95067791 -0.30976738
vn -2.9127212e-2 -0.56742112 0.82291244
vn 2.9127212e-2 -0.56742112 0.82291244
vn -3.4222028e-2 0.58460385 0.81059681
vn 3.4222028e-2 0.58460385 0.81059681
vn 7.6804467e-3 0.94569537 -0.32496351
vn -7.6804467e-3 0.94569537 -0.32496351
vn 3.6754665e-2 -1.2098857e-2 -0.99925108
vn -3.6754665e-2 -1.2098857e-2 -0.99925108
vn -0.12229977 -0.57047428 -0.81215876
vn 0.12229977 -0.57047428 -0.81215876
vn 6.4315277e-2 -0.95002683 0.30547107
vn -6.4315277e-2 -0.95002683 0.30547107
vn 0.15613683 -9.1891456e-3 0.98769269
vn -0.15613683 -9.1891456e-3 0.98769269
vn 3.5526453e-2 0.94661076 0.32041527
vn -3.5526453e-2 0.94661076 0.32041527
vn -0.13955947 0.58310508 -0.80031970
vn 0.13955947 0.58310508 -0.80031970
vn -0.99993605 1.3565931e-7 -1.1309312e-2
vn -0.30926675 -0.95096903 -3.4615695e-3
vn 0.80923272 -0.58741676 9.1624718e-3
vn 0.80923390 0.58741584 9.1172018e-3
vn -0.30926351 0.95096982 -3.5348155e-3
vn -0.80926224 0.58737588 -9.1757740e-3
vn -0.80926340 -0.58737499 -9.1305410e-3
vn 0.30929352 -0.95096006 3.5319112e-3
vn 0.99993626 -8.8959155e-8 1.1290316e-2
vn 0.30929684 0.95095925 3.4586458e-3
vn -0.52505861 -3.3526801e-4 -0.85106600
vn -0.19515748 -0.95222515 -0.23490597
vn 0.35995117 -0.56839430 0.73983990
vn 0.38250551 0.57460384 0.72354679
vn -0.13740092 0.94562413 -0.29481517
vn 0.52729506 3.3913723e-4 -0.84968218
vn -0.44619433 -0.58794513 -0.67470819
vn 0.18710931 -0.95235371 -0.24085787
vn 0.12840387 -0.94432265 0.30293097
vn -0.36378324 -0.57019451 0.73657313
vn 0.42945979 2.0531910e-3 0.90308365
vn -0.38206004 0.57442149 0.72392685
vn -0.40188817 0.57846390 -0.70983478
vn 0.17433166 0.95002908 0.25894636
vn 0.14280232 0.94752785 -0.28600433
vn 0.41370064 0.57663368 -0.70451784
vn 0.44779376 -0.58303060 -0.67790564
vn -0.13950536 -0.94394127 0.29918747
vn -0.43511063 1.0371879e-3 0.90037640
vn -0.17587301 0.94809699 0.26491656
vn 0.93900466 2.0600767e-3 0.34389825
vn 0.28847454 -0.94632268 0.14579379
vn -0.81968022 -0.53528646 -0.20394298
vn -0.79822425 0.54577114 -0.25489587
vn 0.33103955 0.93852502 9.7895847e-2
vn 0.85248522 5.6783445e-4 -0.52275102
vn 0.77304017 -0.55752861 0.30260659
vn 0.24874515 -0.95270619 -0.17457599
vn -0.34771450 -0.93478326 -7.2628369e-2
vn -0.67520436 -0.59179484 0.44031572
vn -0.96975189 -3.5569148e-4 -0.24409251
vn -0.67289796 0.59142193 0.44432920
vn 0.78479312 0.55405801 0.27770396
vn -0.29576110 0.94558688 -0.13561276
vn 0.25395964 0.95247199 -0.16823082
vn 0.68265106 0.58584246 -0.43677928
vn 0.68056185 -0.58548911 -0.44049753
vn -0.25494308 -0.95063640 0.17690241
vn -0.84900422 -5.1075624e-4 0.52838581
vn -0.24967204 0.95079860 0.18342819
vn 0.24631735 5.0181252e-4 -0.96918910
vn 8.6695174e-2 -0.93959797 -0.33111870
vn -0.20834799 -0.54233534 0.81391860
vn -0.20475057 0.54029604 0.81618466
vn 9.2367273e-2 0.94130647 -0.32466969
vn -0.24814613 7.6872424e-5 -0.96872261
vn 0.21237971 -0.53710366 -0.81634216
vn -9.0940729e-2 -0.93723399 -0.33663369
vn -9.4173985e-2 -0.93857161 0.33198584
vn 0.21150549 -0.53481975 0.81806679
vn -0.23538839 -4.4762341e-4 0.97190128
vn 0.20795014 0.53369722 0.81970972
vn 0.21571872 0.53900939 -0.81420778
vn -8.8392941e-2 0.93676211 0.33861991
vn -9.6715954e-2 0.93849679 -0.33146614
vn -0.21629562 0.53838178 -0.81446993
vn -0.21291458 -0.53727012 -0.81609325
vn 9.2815604e-2 -0.93900639 0.33113782
vn 0.23548989 -1.0572073e-4 0.97187679
vn 8.6956633e-2 0.93774398 0.33626591
vn 0.97034126 2.9855690e-4 -0.24173901
vn 0.34254520 -0.93626248 -7.7944616e-2
vn -0.77533729 -0.55649638 0.29860320
vn -0.78525937 0.55280521 0.27888014
vn 0.30172983 0.94501738 -0.12610017
vn 0.84605931 -4.9750712e-5 0.53308877
vn 0.82064884 -0.53251467 -0.20727665
vn 0.25461957 -0.95078286 0.17658094
vn -0.29784596 -0.94412931 0.14109439
vn -0.67961750 -0.58446381 -0.44330814
vn -0.94153340 9.9299527e-4 0.33691819
vn -0.68200212 0.58389693 -0.44038333
vn 0.80414179 0.54132274 -0.24561285
vn -0.33166366 0.93764458 0.10402817
vn 0.24877117 0.95139498 0.18155027
vn 0.67793321 0.58528142 0.44480582
vn 0.68038670 -0.58465888 0.44186867
vn -0.25255418 -0.95081392 -0.17935793
vn -0.85581668 1.4910510e-5 -0.51727923
vn -0.25820648 0.95020876 -0.17444975
vn 2.6176222e-17 0.0000000e+0 -1.00000000
vn 5.6379452e-16 0.0000000e+0 -1.00000000
vn 0.0000000e+0 0.0000000e+0 -1.00000000
vn 6.4138598e-17 0.0000000e+0 -1.00000000
vn 0.0000000e+0 1.00000000 0.0000000e+0
vn 0.0000000e+0 1.00000000 0.0000000e+0
vn 0.0000000e+0 1.00000000 0.0000000e+0
vn 0.0000000e+0 1.00000000 0.0000000e+0
vn 0.0000000e+0 1.00000000 0.0000000e+0
vn 0.0000000e+0 1.00000000 0.0000000e+0
vn 0.0000000e+0 1.00000000 0.0000000e+0
vn -7.1964080e-3 0.99996223 -4.8735239e-3
vn -7.1964080e-3 0.99996223 -4.8735239e-3
vn 2.8184798e-2 -0.99857590 -4.5296690e-2
vn 0.0000000e+0 0.0000000e+0 -1.00000000
vn 1.00000000 0.0000000e+0 9.1318921e-17
vn 0.0000000e+0 0.0000000e+0 -1.00000000
vn -1.00000000 0.0000000e+0 0.0000000e+0
vn 0.0000000e+0 0.0000000e+0 -1.00000000
vn -1.7832929e-3 0.99999806 -8.3343514e-4
vn -1.00000000 0.0000000e+0 0.0000000e+0
vn -1.7832929e-3 0.99999806 -8.3343514e-4
vn -1.7832929e-3 0.99999806 -8.3343514e-4
vn 0.0000000e+0 0.0000000e+0 -1.00000000
vn 1.00000000 0.0000000e+0 9.1318921e-17
vn -6.5808645e-3 0.99997001 -4.0824090e-3
vn -6.5808645e-3 0.99997001 -4.0824090e-3
vn -6.5808645e-3 0.99997001 -4.0824090e-3
vn 0.0000000e+0 1.00000000 0.0000000e+0
vn 0.0000000e+0 1.00000000 0.0000000e+0
vn -9.2621775e-3 0.99979085 1.8233855e-2
vn -9.2621775e-3 0.99979085 1.8233855e-2
vn 0.0000000e+0 1.00000000 -1.1697219e-17
vn 0.0000000e+0 1.00000000 -1.1697219e-17
vn 0.0000000e+0 5.5570942e-15 1.00000000
vn -1.00000000 0.0000000e+0 0.0000000e+0
vn 0.0000000e+0 5.5570942e-15 1.00000000
vn 1.00000000 0.0000000e+0 9.1318921e-17
vn 0.0000000e+0 5.5570942e-15 1.00000000
vn -1.0973651e-2 0.99991519 7.0139918e-3
vn 1.00000000 0.0000000e+0 9.1318921e-17
vn -1.0973651e-2 0.99991519 7.0139918e-3
vn -1.0973651e-2 0.99991519 7.0139918e-3
vn 0.0000000e+0 5.5570942e-15 1.00000000
vn 0.0000000e+0 1.00000000 -1.1697219e-17
vn -1.00000000 0.0000000e+0 0.0000000e+0
vn 0.0000000e+0 1.00000000 -1.1697219e-17
vn 0.0000000e+0 3.7186140e-15 1.00000000
vn -1.00000000 -2.7378682e-15 9.3686985e-17
vn 0.0000000e+0 3.7186140e-15 1.00000000
vn 1.00000000 2.7378682e-15 9.3686985e-17
vn 0.0000000e+0 3.7186140e-15 1.00000000
vn 0.0000000e+0 1.00000000 0.0000000e+0
vn 1.00000000 2.7378682e-15 9.3686985e-17
vn 0.0000000e+0 1.00000000 0.0000000e+0
vn 0.0000000e+0 3.7186140e-15 1.00000000
vn -1.00000000 -2.7378682e-15 9.3686985e-17
vn 0.0000000e+0 1.00000000 0.0000000e+0
vn 0.0000000e+0 1.00000000 0.0000000e+0
vn 0.0000000e+0 1.00000000 0.0000000e+0
vn 0.0000000e+0 1.00000000 0.0000000e+0
vn 0.0000000e+0 1.00000000 0.0000000e+0
vn 0.0000000e+0 1.00000000 0.0000000e+0
vn 0.0000000e+0 1.00000000 0.0000000e+0
vn 0.0000000e+0 1.00000000 0.0000000e+0
vn 0.0000000e+0 1.00000000 0.0000000e+0
vn 0.0000000e+0 1.00000000 0.0000000e+0
vn 0.0000000e+0 3.7186140e-15 -1.00000000
vn -1.00000000 -2.7378682e-15 9.3686985e-17
vn 0.0000000e+0 3.7186140e-15 -1.00000000
vn 1.00000000 2.7378682e-15 9.3686985e-17
vn 0.0000000e+0 3.7186140e-15 -1.00000000
vn 0.0000000e+0 1.00000000 0.0000000e+0
vn 1.00000000 2.7378682e-15 9.3686985e-17
vn 0.0000000e+0 1.00000000 0.0000000e+0
vn 0.0000000e+0 3.7186140e-15 -1.00000000
vn -1.00000000 -2.7378682e-15 9.3686985e-17
vn 0.0000000e+0 1.00000000 0.0000000e+0
vn 0.0000000e+0 1.00000000 0.0000000e+0
vn 0.0000000e+0 1.00000000 -1.1697219e-17
vn 0.0000000e+0 1.00000000 -1.1697219e-17
vn 0.0000000e+0 1.00000000 -1.1697219e-17
vn 0.0000000e+0 1.00000000 -1.1697219e-17
vn 0.0000000e+0 1.00000000 0.0000000e+0
vn 0.0000000e+0 1.00000000 0.0000000e+0
vn 0.0000000e+0 1.00000000 0.0000000e+0
vn 0.0000000e+0 1.00000000 0.0000000e+0
vn -0.14883432 -0.98873924 1.5590669e-2
vn -1.7832929e-3 0.99999806 -8.3343514e-4
vn -1.7832929e-3 0.99999806 -8.3343514e-4
vn -1.7832929e-3 0.99999806 -8.3343514e-4
vn -1.6461637e-2 0.99980914 1.0521730e-2
vn -1.6461637e-2 0.99980914 1.0521730e-2
vn 2.8184798e-2 -0.99857590 -4.5296690e-2
vn -0.14883432 -0.98873924 1.5590669e-2
vn -2.6749610e-3 0.99999516 1.5886199e-3
vn -2.6749610e-3 0.99999516 1.5886199e-3
vn -1.00000000 -7.7304630e-17 1.1002345e-14
vn -1.00000000 -7.7304630e-17 1.1002345e-14
vn -0.80901699 0.0000000e+0 0.58778525
vn -0.80901699 0.0000000e+0 0.58778525
vn -0.30901699 0.0000000e+0 0.95105652
vn -0.30901699 0.0000000e+0 0.95105652
vn 0.30901699 -1.5460926e-16 0.95105652
vn 0.30901699 -1.5460926e-16 0.95105652
vn 0.80901699 -1.5460926e-16 0.58778525
vn 0.80901699 -1.5460926e-16 0.58778525
vn 1.00000000 -7.7304630e-17 1.1002345e-14
vn 1.00000000 -7.7304630e-17 1.1002345e-14
vn 0.80901699 -2.3191389e-16 -0.58778525
vn 0.80901699 -2.3191389e-16 -0.58778525
vn 0.30901699 -1.5460926e-16 -0.95105652
vn 0.30901699 -1.5460926e-16 -0.95105652
vn -0.30901699 -1.5460926e-16 -0.95105652
vn -0.30901699 -1.5460926e-16 -0.95105652
vn -0.80901699 -2.3191389e-16 -0.58778525
vn -0.80901699 -2.3191389e-16 -0.58778525
vn -1.00000000 -7.7304630e-17 1.1002345e-14
vn -1.00000000 -7.7304630e-17 1.1002345e-14
vn -0.80901699 0.0000000e+0 0.58778525
vn -0.80901699 0.0000000e+0 0.58778525
vn -0.30901699 0.0000000e+0 0.95105652
vn -0.30901699 0.0000000e+0 0.95105652
vn 0.30901699 -1.5460926e-16 0.95105652
vn 0.30901699 -1.5460926e-16 0.95105652
vn 0.80901699 -1.5460926e-16 0.58778525
vn 0.80901699 -1.5460926e-16 0.58778525
vn 1.00000000 -7.7304630e-17 1.1002345e-14
vn 1.00000000 -7.7304630e-17 1.1002345e-14
vn 0.80901699 -2.3191389e-16 -0.58778525
vn 0.80901699 -2.3191389e-16 -0.58778525
vn 0.30901699 -1.5460926e-16 -0.95105652
vn 0.30901699 -1.5460926e-16 -0.95105652
vn -0.30901699 -1.5460926e-16 -0.95105652
vn -0.30901699 -1.5460926e-16 -0.95105652
vn -0.80901699 -2.3191389e-16 -0.58778525
vn -0.80901699 -2.3191389e-16 -0.58778525
vn -0.99999652 3.8488036e-4 2.6083597e-3
vn -0.99999652 3.8488036e-4 2.6083597e-3
vn -6.2167285e-3 -2.4985897e-3 -0.99997755
vn -0.31256887 -0.94989279 2.0940919e-3
vn -0.31256887 -0.94989279 2.0940919e-3
vn -6.2167285e-3 -2.4985897e-3 -0.99997755
vn 0.80938216 -0.58728097 -1.2557439e-3
vn 0.80938216 -0.58728097 -1.2557439e-3
vn -6.2167285e-3 -2.4985897e-3 -0.99997755
vn 0.81081893 0.58529036 -2.8039135e-3
vn 0.81081893 0.58529036 -2.8039135e-3
vn -6.2167285e-3 -2.4985897e-3 -0.99997755
vn -0.30763698 0.95150368 -4.8122631e-4
vn -0.30763698 0.95150368 -4.8122631e-4
vn -6.2167285e-3 -2.4985897e-3 -0.99997755
vn -0.99999984 3.1075334e-9 -5.6481013e-4
vn -0.99999984 3.1075334e-9 -5.6481013e-4
vn -6.9259433e-3 1.6791589e-15 0.99997602
vn -0.30911425 -0.95102489 -1.6934684e-4
vn -0.30911425 -0.95102489 -1.6934684e-4
vn -6.9259433e-3 1.6791589e-15 0.99997602
vn -0.81090831 -0.58516601 2.9074675e-3
vn -0.81090831 -0.58516601 2.9074675e-3
vn -6.2167285e-3 -2.4985897e-3 -0.99997755
vn 0.80911413 -0.58765135 4.5692468e-4
vn 0.80911413 -0.58765135 4.5692468e-4
vn -6.9259433e-3 1.6791589e-15 0.99997602
vn 0.30765277 -0.95149857 4.9399878e-4
vn 0.30765277 -0.95149857 4.9399878e-4
vn -6.2167285e-3 -2.4985897e-3 -0.99997755
vn 0.80911415 0.58765134 4.5072586e-4
vn 0.80911415 0.58765134 4.5072586e-4
vn -6.9259433e-3 1.6791589e-15 0.99997602
vn 0.99999684 -2.5688954e-4 -2.5016029e-3
vn 0.99999684 -2.5688954e-4 -2.5016029e-3
vn -6.2167285e-3 -2.4985897e-3 -0.99997755
vn -0.80951956 0.58709146 1.3073182e-3
vn -0.80951956 0.58709146 1.3073182e-3
vn -6.2167285e-3 -2.4985897e-3 -0.99997755
vn -0.30911421 0.95102491 -1.7937906e-4
vn -0.30911421 0.95102491 -1.7937906e-4
vn -6.9259433e-3 1.6791589e-15 0.99997602
vn 0.31278313 0.94982236 -2.0491605e-3
vn 0.31278313 0.94982236 -2.0491605e-3
vn -6.2167285e-3 -2.4985897e-3 -0.99997755
vn -0.80912434 0.58763729 -4.5984084e-4
vn -0.80912434 0.58763729 -4.5984084e-4
vn -6.9259433e-3 1.6791589e-15 0.99997602
vn -0.80912436 -0.58763728 -4.5364183e-4
vn -0.80912436 -0.58763728 -4.5364183e-4
vn -6.9259433e-3 1.6791589e-15 0.99997602
vn 0.30912443 -0.95102158 1.7858011e-4
vn 0.30912443 -0.95102158 1.7858011e-4
vn -6.9259433e-3 1.6791589e-15 0.99997602
vn 0.99999984 -2.0353833e-9 5.6059869e-4
vn 0.99999984 -2.0353833e-9 5.6059869e-4
vn -6.9259433e-3 1.6791589e-15 0.99997602
vn 0.30912448 0.95102157 1.6854813e-4
vn 0.30912448 0.95102157 1.6854813e-4
vn -6.9259433e-3 1.6791589e-15 0.99997602
vn 0.0000000e+0 0.0000000e+0 1.00000000
vn 0.0000000e+0 0.0000000e+0 1.00000000
vn -1.00000000 9.5607675e-17 0.0000000e+0
vn -1.00000000 9.5607675e-17 0.0000000e+0
vn 0.0000000e+0 1.00000000 0.0000000e+0
vn 0.0000000e+0 1.00000000 0.0000000e+0
vn -8.4908936e-17 0.0000000e+0 1.00000000
vn -8.4908936e-17 0.0000000e+0 1.00000000
vn -1.00000000 -1.5144028e-15 0.0000000e+0
vn -1.00000000 -1.5144028e-15 0.0000000e+0
vn 1.00000000 0.0000000e+0 0.0000000e+0
vn 0.0000000e+0 1.00000000 0.0000000e+0
vn 0.0000000e+0 1.00000000 0.0000000e+0
vn -8.4908936e-17 0.0000000e+0 1.00000000
vn -8.4908936e-17 0.0000000e+0 1.00000000
vn 1.00000000 0.0000000e+0 0.0000000e+0
vn 0.0000000e+0 0.0000000e+0 1.00000000
vn 0.0000000e+0 0.0000000e+0 1.00000000
vn 0.0000000e+0 0.0000000e+0 -1.00000000
vn -1.00000000 -7.2137605e-17 0.0000000e+0
vn -1.00000000 -7.2137605e-17 0.0000000e+0
vn 0.0000000e+0 0.0000000e+0 -1.00000000
vn 0.0000000e+0 1.00000000 0.0000000e+0
vn 0.0000000e+0 1.00000000 0.0000000e+0
vn -1.00000000 -1.6821481e-15 0.0000000e+0
vn -1.00000000 -1.6821481e-15 0.0000000e+0
vn 1.00000000 0.0000000e+0 0.0000000e+0
vn 0.0000000e+0 0.0000000e+0 -1.00000000
vn 0.0000000e+0 1.00000000 0.0000000e+0
vn 0.0000000e+0 1.00000000 0.0000000e+0
vn 1.00000000 0.0000000e+0 0.0000000e+0
vn 0.0000000e+0 0.0000000e+0 -1.00000000
vn 0.0000000e+0 1.00000000 0.0000000e+0
vn 0.0000000e+0 1.00000000 0.0000000e+0
vn 0.0000000e+0 0.0000000e+0 -1.00000000
vn 1.00000000 0.0000000e+0 0.0000000e+0
vn 0.0000000e+0 1.00000000 0.0000000e+0
vn 0.0000000e+0 1.00000000 0.0000000e+0
vn 0.0000000e+0 0.0000000e+0 -1.00000000
vn -1.00000000 0.0000000e+0 0.0000000e+0
vn 0.0000000e+0 1.00000000 0.0000000e+0
vn 0.0000000e+0 1.00000000 0.0000000e+0
vn -1.00000000 0.0000000e+0 0.0000000e+0
vn 0.0000000e+0 0.0000000e+0 1.00000000
vn 0.0000000e+0 1.00000000 0.0000000e+0
vn 0.0000000e+0 1.00000000 0.0000000e+0
vn 0.0000000e+0 0.0000000e+0 1.00000000
vn 1.00000000 0.0000000e+0 0.0000000e+0
vn 0.0000000e+0 1.00000000 0.0000000e+0
vn 0.0000000e+0 0.0000000e+0 -1.00000000
vn 1.00000000 0.0000000e+0 0.0000000e+0
vn 0.0000000e+0 1.00000000 0.0000000e+0
vn 0.0000000e+0 0.0000000e+0 -1.00000000
vn -1.00000000 0.0000000e+0 0.0000000e+0
vn 0.0000000e+0 1.00000000 0.0000000e+0
vn -1.00000000 0.0000000e+0 0.0000000e+0
vn 0.0000000e+0 0.0000000e+0 1.00000000
vn 0.0000000e+0 1.00000000 0.0000000e+0
vn 0.0000000e+0 0.0000000e+0 1.00000000
vn 1.00000000 0.0000000e+0 0.0000000e+0
vn 1.4541164e-15 0.0000000e+0 1.00000000
vn 0.0000000e+0 -0.99994975 1.0025320e-2
vn 1.4541164e-15 0.0000000e+0 1.00000000
vn 0.70468233 -0.70468233 8.2738324e-2
vn 1.5390253e-15 0.0000000e+0 1.00000000
vn 0.99428347 0.0000000e+0 0.10677253
vn 1.5390253e-15 0.0000000e+0 1.00000000
vn 0.70468233 -0.70468233 8.2738324e-2
vn 7.0261278e-16 0.0000000e+0 1.00000000
vn 0.99428347 0.0000000e+0 0.10677253
vn 7.0261278e-16 0.0000000e+0 1.00000000
vn 0.70507699 0.70507699 7.5715685e-2
vn 7.0261278e-16 0.0000000e+0 1.00000000
vn 0.0000000e+0 1.00000000 0.0000000e+0
vn 7.0261278e-16 0.0000000e+0 1.00000000
vn 0.70507699 0.70507699 7.5715685e-2
vn 0.0000000e+0 0.0000000e+0 1.00000000
vn 0.0000000e+0 1.00000000 0.0000000e+0
vn 0.0000000e+0 0.0000000e+0 1.00000000
vn -0.70507699 0.70507699 7.5715685e-2
vn 0.0000000e+0 0.0000000e+0 1.00000000
vn -0.99428347 0.0000000e+0 0.10677253
vn 0.0000000e+0 0.0000000e+0 1.00000000
vn -0.70507699 0.70507699 7.5715685e-2
vn -8.4908936e-17 0.0000000e+0 1.00000000
vn 0.0000000e+0 -0.99994975 1.0025320e-2
vn -8.4908936e-17 0.0000000e+0 1.00000000
vn -0.70468233 -0.70468233 8.2738324e-2
vn 0.0000000e+0 0.0000000e+0 1.00000000
vn -0.99428347 0.0000000e+0 0.10677253
vn 0.0000000e+0 0.0000000e+0 1.00000000
vn -0.70468233 -0.70468233 8.2738324e-2
vn 0.99428347 0.0000000e+0 0.10677253
vn 0.70507699 0.70507699 7.5715685e-2
vn 0.0000000e+0 1.00000000 0.0000000e+0
vn 0.70507699 0.70507699 7.5715685e-2
vn 0.0000000e+0 -0.99994975 1.0025320e-2
vn 0.70468233 -0.70468233 8.2738324e-2
vn 0.99428347 0.0000000e+0 0.10677253
vn 0.70468233 -0.70468233 8.2738324e-2
vn -0.99428347 0.0000000e+0 0.10677253
vn -0.70468233 -0.70468233 8.2738324e-2
vn 0.0000000e+0 -0.99994975 1.0025320e-2
vn -0.70468233 -0.70468233 8.2738324e-2
vn 0.0000000e+0 1.00000000 0.0000000e+0
vn -0.70507699 0.70507699 7.5715685e-2
vn -0.99428347 0.0000000e+0 0.10677253
vn -0.70507699 0.70507699 7.5715685e-2
vn -1.00000000 1.6334035e-15 0.0000000e+0
vn 2.4690011e-2 0.99969516 0.0000000e+0
vn -1.00000000 1.6334035e-15 0.0000000e+0
vn -4.2751877e-2 0.70646029 -0.70646029
vn -1.00000000 1.7290111e-15 0.0000000e+0
vn -8.4905449e-2 0.0000000e+0 -0.99638901
vn -1.00000000 1.7290111e-15 0.0000000e+0
vn -4.2751877e-2 0.70646029 -0.70646029
vn -1.00000000 9.5607675e-17 0.0000000e+0
vn -8.4905449e-2 0.0000000e+0 -0.99638901
vn -1.00000000 9.5607675e-17 0.0000000e+0
vn -6.5482287e-2 -0.70558914 -0.70558914
vn -1.00000000 -1.6100105e-15 0.0000000e+0
vn -7.5917519e-3 -0.99997118 0.0000000e+0
vn -1.00000000 -1.6100105e-15 0.0000000e+0
vn -6.5482287e-2 -0.70558914 -0.70558914
vn -1.00000000 1.3531583e-15 0.0000000e+0
vn -7.5917519e-3 -0.99997118 0.0000000e+0
vn -1.00000000 1.3531583e-15 0.0000000e+0
vn 1.0180424e-2 -0.70707014 0.70707014
vn -1.00000000 2.8910312e-15 0.0000000e+0
vn 2.1984695e-2 0.0000000e+0 0.99975831
vn -1.00000000 2.8910312e-15 0.0000000e+0
vn 1.0180424e-2 -0.70707014 0.70707014
vn -1.00000000 0.0000000e+0 0.0000000e+0
vn 2.4690011e-2 0.99969516 0.0000000e+0
vn 3.2995108e-2 0.70672177 0.70672177
vn -1.00000000 0.0000000e+0 0.0000000e+0
vn -1.00000000 -7.2137605e-17 0.0000000e+0
vn 2.1984695e-2 0.0000000e+0 0.99975831
vn 3.2995108e-2 0.70672177 0.70672177
vn -1.00000000 -7.2137605e-17 0.0000000e+0
vn -8.4905449e-2 0.0000000e+0 -0.99638901
vn -6.5482287e-2 -0.70558914 -0.70558914
vn -7.5917519e-3 -0.99997118 0.0000000e+0
vn -6.5482287e-2 -0.70558914 -0.70558914
vn 2.4690011e-2 0.99969516 0.0000000e+0
vn -4.2751877e-2 0.70646029 -0.70646029
vn -8.4905449e-2 0.0000000e+0 -0.99638901
vn -4.2751877e-2 0.70646029 -0.70646029
vn 2.1984695e-2 0.0000000e+0 0.99975831
vn 3.2995108e-2 0.70672177 0.70672177
vn 2.4690011e-2 0.99969516 0.0000000e+0
vn 3.2995108e-2 0.70672177 0.70672177
vn -7.5917519e-3 -0.99997118 0.0000000e+0
vn 1.0180424e-2 -0.70707014 0.70707014
vn 2.1984695e-2 0.0000000e+0 0.99975831
vn 1.0180424e-2 -0.70707014 0.70707014
vn -0.37889585 5.1465589e-2 0.92400716
vn -5.3600314e-2 0.99804733 -3.2070885e-2
vn -5.3600314e-2 0.99804733 -3.2070885e-2
vn -0.37889585 5.1465589e-2 0.92400716
vn 0.37889585 5.1465589e-2 0.92400716
vn 5.3600314e-2 0.99804733 -3.2070885e-2
vn 5.3600314e-2 0.99804733 -3.2070885e-2
vn 0.37889585 5.1465589e-2 0.92400716
vn -0.62941063 -0.16553877 -0.75923591
vn -0.26980369 0.94596140 -0.17989717
vn -0.26980369 0.94596140 -0.17989717
vn -0.62941063 -0.16553877 -0.75923591
vn 0.62941063 -0.16553877 -0.75923591
vn 0.26980369 0.94596140 -0.17989717
vn 0.26980369 0.94596140 -0.17989717
vn 0.62941063 -0.16553877 -0.75923591
vn -1.2535241e-2 0.99960179 -2.5280857e-2
vn -1.2535241e-2 0.99960179 -2.5280857e-2
vn -0.98385336 0.16116986 7.7825762e-2
vn -0.98385336 0.16116986 7.7825762e-2
vn -3.8825247e-2 0.99905009 1.9787055e-2
vn -3.8825247e-2 0.99905009 1.9787055e-2
vn -0.94166416 0.31269755 -0.12445423
vn -0.94166416 0.31269755 -0.12445423
vn 1.2535241e-2 0.99960179 -2.5280857e-2
vn 1.2535241e-2 0.99960179 -2.5280857e-2
vn 0.98385336 0.16116986 7.7825762e-2
vn 0.98385336 0.16116986 7.7825762e-2
vn 0.94166416 0.31269755 -0.12445423
vn 7.6974323e-2 0.99693865 1.3721781e-2
vn 7.6974323e-2 0.99693865 1.3721781e-2
vn 0.94166416 0.31269755 -0.12445423
vn 0.37460359 -5.5341305e-2 -0.92553200
vn -5.3600314e-2 0.99804733 -3.2070885e-2
vn -5.3600314e-2 0.99804733 -3.2070885e-2
vn 0.37460359 -5.5341305e-2 -0.92553200
vn -0.37412453 -5.0453396e-2 -0.92600502
vn 5.3600314e-2 0.99804733 -3.2070885e-2
vn 5.3600314e-2 0.99804733 -3.2070885e-2
vn -0.37412453 -5.0453396e-2 -0.92600502
vn 0.64380249 0.16831847 0.74644976
vn -0.26980369 0.94596140 -0.17989717
vn -0.26980369 0.94596140 -0.17989717
vn 0.64380249 0.16831847 0.74644976
vn -0.64384893 0.16858151 0.74635034
vn 0.26980369 0.94596140 -0.17989717
vn 0.26980369 0.94596140 -0.17989717
vn -0.64384893 0.16858151 0.74635034
vn 0.98781656 -0.10324371 -0.11644393
vn -1.2535241e-2 0.99960179 -2.5280857e-2
vn -1.2535241e-2 0.99960179 -2.5280857e-2
vn 0.98781656 -0.10324371 -0.11644393
vn 0.98002403 -0.15455286 0.12516517
vn -0.10773566 0.99409791 1.2742518e-2
vn -0.10773566 0.99409791 1.2742518e-2
vn 0.98002403 -0.15455286 0.12516517
vn -0.10773566 0.99409791 1.2742518e-2
vn 0.98002403 -0.15455286 0.12516517
vn -0.98778989 -0.10299579 -0.11688881
vn 1.2535241e-2 0.99960179 -2.5280857e-2
vn 1.2535241e-2 0.99960179 -2.5280857e-2
vn -0.98778989 -0.10299579 -0.11688881
vn -0.96503977 -0.19434611 0.17586312
vn 7.6974323e-2 0.99693865 1.3721781e-2
vn 7.6974323e-2 0.99693865 1.3721781e-2
vn -0.96503977 -0.19434611 0.17586312
vn 0.0000000e+0 4.4089972e-15 1.00000000
vn 0.0000000e+0 0.99999969 -7.8272430e-4
vn 0.0000000e+0 0.99999969 -7.8272430e-4
vn 0.0000000e+0 4.4089972e-15 1.00000000
vn -0.88099014 1.0418302e-3 0.47313347
vn -9.5361177e-2 0.98812179 -0.12050546
vn -9.5361177e-2 0.98812179 -0.12050546
vn -0.88099014 1.0418302e-3 0.47313347
vn 0.88099014 1.0418302e-3 0.47313347
vn 9.5361177e-2 0.98812179 -0.12050546
vn 9.5361177e-2 0.98812179 -0.12050546
vn 0.88099014 1.0418302e-3 0.47313347
vn 1.4165419e-16 -0.29464853 -0.95560569
vn 0.0000000e+0 0.94544970 -0.32576812
vn 0.0000000e+0 0.94544970 -0.32576812
vn 1.4165419e-16 -0.29464853 -0.95560569
vn -0.99998493 -5.4887028e-3 -7.1215502e-5
vn -3.1449102e-2 0.99950528 3.9199715e-4
vn -3.1449102e-2 0.99950528 3.9199715e-4
vn -0.99998493 -5.4887028e-3 -7.1215502e-5
vn -0.81420003 -8.7105130e-2 -0.57401308
vn -0.22352611 0.97417802 -3.1831877e-2
vn -0.22352611 0.97417802 -3.1831877e-2
vn -0.81420003 -8.7105130e-2 -0.57401308
vn 0.99998493 -5.4887028e-3 -7.1215502e-5
vn 3.1449102e-2 0.99950528 3.9199715e-4
vn 3.1449102e-2 0.99950528 3.9199715e-4
vn 0.99998493 -5.4887028e-3 -7.1215502e-5
vn 0.81420003 -8.7105130e-2 -0.57401308
vn 0.22352611 0.97417802 -3.1831877e-2
vn 0.22352611 0.97417802 -3.1831877e-2
vn 0.81420003 -8.7105130e-2 -0.57401308
vn 0.91521563 8.0706540e-2 -0.39479971
vn 0.91521563 8.0706540e-2 -0.39479971
vn -0.19876578 -0.74320762 0.63885413
vn 0.91521563 8.0706540e-2 -0.39479971
vn -0.19876578 -0.74320762 0.63885413
vn -0.19876578 -0.74320762 0.63885413
vn 0.0000000e+0 -1.2302544e-15 -1.00000000
vn 0.0000000e+0 0.99999969 -7.8272430e-4
vn 0.0000000e+0 0.99999969 -7.8272430e-4
vn 0.0000000e+0 -1.2302544e-15 -1.00000000
vn 0.88201380 -9.7216683e-3 -0.47112328
vn -9.5361177e-2 0.98812179 -0.12050546
vn -9.5361177e-2 0.98812179 -0.12050546
vn 0.88201380 -9.7216683e-3 -0.47112328
vn -0.88096261 -2.9812008e-3 -0.47317649
vn 9.5361177e-2 0.98812179 -0.12050546
vn 9.5361177e-2 0.98812179 -0.12050546
vn -0.88096261 -2.9812008e-3 -0.47317649
vn -2.5930966e-4 0.29621011 0.95512277
vn 0.0000000e+0 0.94544970 -0.32576812
vn 0.0000000e+0 0.94544970 -0.32576812
vn -2.5930966e-4 0.29621011 0.95512277
vn 0.99998660 5.1759781e-3 6.5050927e-5
vn -3.1449102e-2 0.99950528 3.9199715e-4
vn -3.1449102e-2 0.99950528 3.9199715e-4
vn 0.99998660 5.1759781e-3 6.5050927e-5
vn 0.81479764 8.6472995e-2 0.57326017
vn -0.22352611 0.97417802 -3.1831877e-2
vn -0.22352611 0.97417802 -3.1831877e-2
vn 0.81479764 8.6472995e-2 0.57326017
vn -0.99998660 5.1759781e-3 6.5050927e-5
vn 3.1449102e-2 0.99950528 3.9199715e-4
vn 3.1449102e-2 0.99950528 3.9199715e-4
vn -0.99998660 5.1759781e-3 6.5050927e-5
vn -0.81480124 8.6453604e-2 0.57325799
vn 0.22352611 0.97417802 -3.1831877e-2
vn 0.22352611 0.97417802 -3.1831877e-2
vn -0.81480124 8.6453604e-2 0.57325799
vn -0.95231622 2.5303901e-2 0.30406173
vn -0.95231622 2.5303901e-2 0.30406173
vn 0.14652077 -0.74792351 0.64741183
vn 0.14652077 -0.74792351 0.64741183
vn 0.14652077 -0.74792351 0.64741183
vn -6.8320216e-2 1.8190151e-2 0.99749760
vn -1.1022960e-2 0.99992962 -4.3885425e-3
vn -1.1022960e-2 0.99992962 -4.3885425e-3
vn -6.8320216e-2 1.8190151e-2 0.99749760
vn -0.76845994 3.2932328e-2 0.63904990
vn -0.10048838 0.99113446 -8.6917035e-2
vn -0.10048838 0.99113446 -8.6917035e-2
vn -0.76845994 3.2932328e-2 0.63904990
vn 0.76845994 3.2932328e-2 0.63904990
vn 0.10048838 0.99113446 -8.6917035e-2
vn 0.10048838 0.99113446 -8.6917035e-2
vn 0.76845994 3.2932328e-2 0.63904990
vn -0.23624554 -0.24998459 -0.93898655
vn -0.11627131 0.94914536 -0.29258172
vn -0.11627131 0.94914536 -0.29258172
vn -0.23624554 -0.24998459 -0.93898655
vn -0.99999199 -4.0015450e-3 -7.1216009e-5
vn -1.6832044e-2 0.99985825 3.9208694e-4
vn -1.6832044e-2 0.99985825 3.9208694e-4
vn -0.99999199 -4.0015450e-3 -7.1216009e-5
vn -0.81864839 -4.8462403e-2 -0.57224663
vn -0.15317449 0.98803890 1.7796571e-2
vn -0.15317449 0.98803890 1.7796571e-2
vn -0.81864839 -4.8462403e-2 -0.57224663
vn 0.99999199 -4.0015450e-3 -7.1216009e-5
vn 1.6832044e-2 0.99985825 3.9208694e-4
vn 1.6832044e-2 0.99985825 3.9208694e-4
vn 0.99999199 -4.0015450e-3 -7.1216009e-5
vn 0.81864839 -4.8462403e-2 -0.57224663
vn 0.15317449 0.98803890 1.7796571e-2
vn 0.15317449 0.98803890 1.7796571e-2
vn 0.81864839 -4.8462403e-2 -0.57224663
vn 0.74979292 -0.24213923 -0.61577526
vn 0.74979292 -0.24213923 -0.61577526
vn 0.74979292 -0.24213923 -0.61577526
vn 0.44407848 -0.59767117 0.66752040
vn 0.44407848 -0.59767117 0.66752040
vn -6.6874405e-2 -1.7505042e-2 -0.99760783
vn 1.1022960e-2 0.99992962 -4.3885425e-3
vn 1.1022960e-2 0.99992962 -4.3885425e-3
vn -6.6874405e-2 -1.7505042e-2 -0.99760783
vn 0.88192582 -8.2259097e-3 -0.47131644
vn -6.7745886e-2 0.98847309 -0.13539370
vn -6.7745886e-2 0.98847309 -0.13539370
vn 0.88192582 -8.2259097e-3 -0.47131644
vn -0.88107275 -4.7141620e-3 -0.47295729
vn 6.7745886e-2 0.98847309 -0.13539370
vn 6.7745886e-2 0.98847309 -0.13539370
vn -0.88107275 -4.7141620e-3 -0.47295729
vn -0.25341906 0.25275417 0.93375270
vn 0.11627131 0.94914536 -0.29258172
vn 0.11627131 0.94914536 -0.29258172
vn -0.25341906 0.25275417 0.93375270
vn 0.78771791 0.12196726 0.60384144
vn -0.28061571 0.95565061 -8.9368555e-2
vn -0.28061571 0.95565061 -8.9368555e-2
vn 0.78771791 0.12196726 0.60384144
vn -0.99997770 6.6771848e-3 7.2754521e-5
vn 4.6043098e-2 0.99893939 3.5737217e-4
vn 4.6043098e-2 0.99893939 3.5737217e-4
vn -0.99997770 6.6771848e-3 7.2754521e-5
vn -0.78772411 0.12198362 0.60383005
vn 0.28061571 0.95565061 -8.9368555e-2
vn 0.28061571 0.95565061 -8.9368555e-2
vn -0.78772411 0.12198362 0.60383005
vn 0.84566907 0.50046015 0.18542779
vn 0.84566907 0.50046015 0.18542779
vn 0.84566907 0.50046015 0.18542779
vn 6.8320216e-2 1.8190151e-2 0.99749760
vn 1.1022960e-2 0.99992962 -4.3885425e-3
vn 1.1022960e-2 0.99992962 -4.3885425e-3
vn 6.8320216e-2 1.8190151e-2 0.99749760
vn -0.88102592 1.6399185e-3 0.47306515
vn -6.7745886e-2 0.98847309 -0.13539370
vn -6.7745886e-2 0.98847309 -0.13539370
vn -0.88102592 1.6399185e-3 0.47306515
vn 0.88102592 1.6399185e-3 0.47306515
vn 6.7745886e-2 0.98847309 -0.13539370
vn 6.7745886e-2 0.98847309 -0.13539370
vn 0.88102592 1.6399185e-3 0.47306515
vn 0.23624554 -0.24998459 -0.93898655
vn 0.11627131 0.94914536 -0.29258172
vn 0.11627131 0.94914536 -0.29258172
vn 0.23624554 -0.24998459 -0.93898655
vn -0.78515374 -0.12039710 -0.60748509
vn -0.28061571 0.95565061 -8.9368555e-2
vn -0.28061571 0.95565061 -8.9368555e-2
vn -0.78515374 -0.12039710 -0.60748509
vn 0.99997561 -6.9841452e-3 -6.4362324e-5
vn 4.6043098e-2 0.99893939 3.5737217e-4
vn 4.6043098e-2 0.99893939 3.5737217e-4
vn 0.99997561 -6.9841452e-3 -6.4362324e-5
vn 0.78515374 -0.12039710 -0.60748509
vn 0.28061571 0.95565061 -8.9368555e-2
vn 0.28061571 0.95565061 -8.9368555e-2
vn 0.78515374 -0.12039710 -0.60748509
vn 6.6902269e-2 -1.8438124e-2 -0.99758915
vn -1.1022960e-2 0.99992962 -4.3885425e-3
vn -1.1022960e-2 0.99992962 -4.3885425e-3
vn 6.6902269e-2 -1.8438124e-2 -0.99758915
vn 0.76728886 -4.1931718e-2 -0.63992933
vn -0.10048838 0.99113446 -8.6917035e-2
vn -0.10048838 0.99113446 -8.6917035e-2
vn 0.76728886 -4.1931718e-2 -0.63992933
vn -0.76623497 -3.3621240e-2 -0.64168028
vn 0.10048838 0.99113446 -8.6917035e-2
vn 0.10048838 0.99113446 -8.6917035e-2
vn -0.76623497 -3.3621240e-2 -0.64168028
vn 0.25309679 0.25226680 0.93397188
vn -0.11627131 0.94914536 -0.29258172
vn -0.11627131 0.94914536 -0.29258172
vn 0.25309679 0.25226680 0.93397188
vn 0.99999313 3.7058820e-3 6.3686780e-5
vn -1.6832044e-2 0.99985825 3.9208694e-4
vn -1.6832044e-2 0.99985825 3.9208694e-4
vn 0.99999313 3.7058820e-3 6.3686780e-5
vn 0.81976670 4.5715710e-2 0.57087006
vn -0.15317449 0.98803890 1.7796571e-2
vn -0.15317449 0.98803890 1.7796571e-2
vn 0.81976670 4.5715710e-2 0.57087006
vn -0.99999313 3.7058820e-3 6.3686780e-5
vn 1.6832044e-2 0.99985825 3.9208694e-4
vn 1.6832044e-2 0.99985825 3.9208694e-4
vn -0.99999313 3.7058820e-3 6.3686780e-5
vn -0.81976780 4.5710122e-2 0.57086893
vn 0.15317449 0.98803890 1.7796571e-2
vn 0.15317449 0.98803890 1.7796571e-2
vn -0.81976780 4.5710122e-2 0.57086893
vn -0.39576311 0.54296828 0.74064634
vn 1.9568736e-2 -0.28583050 0.95808037
vn 1.9568736e-2 -0.28583050 0.95808037
vn 0.63704462 -0.74994415 -0.17820755
vn 0.63704462 -0.74994415 -0.17820755
vn 0.63704462 -0.74994415 -0.17820755
vn 0.63704462 -0.74994415 -0.17820755
vn 0.66777896 0.70421645 0.24114405
vn 0.66777896 0.70421645 0.24114405
vn 0.66777896 0.70421645 0.24114405
vn 0.22252287 0.17199193 0.95963657
vn 0.22252287 0.17199193 0.95963657
vn 0.22252287 0.17199193 0.95963657
vn 0.61684378 -0.60214684 -0.50687566
vn 0.61684378 -0.60214684 -0.50687566
vn 0.61684378 -0.60214684 -0.50687566
vn 0.61684378 -0.60214684 -0.50687566
vn 0.42656122 0.31937218 0.84619556
vn 0.42656122 0.31937218 0.84619556
vn 0.42656122 0.31937218 0.84619556
vn 0.53954278 -0.63410951 -0.55389414
vn 0.53954278 -0.63410951 -0.55389414
vn 0.16128141 -0.50058575 0.85053054
vn 0.16128141 -0.50058575 0.85053054
vn 0.16128141 -0.50058575 0.85053054
vn 0.23003764 0.62404653 0.74675874
vn 0.23003764 0.62404653 0.74675874
vn 0.57073541 0.49459552 0.65546652
vn 0.52586851 -0.60770913 -0.59510665
vn 0.57073541 0.49459552 0.65546652
vn -0.39576311 0.54296828 0.74064634
vn -0.81593568 -0.33845115 0.46872143
vn -0.28366494 -0.52811198 0.80039486
vn -0.28366494 -0.52811198 0.80039486
vn -0.15486115 3.1199189e-2 0.98744348
vn -2.7048787e-2 0.99954881 -1.3058951e-2
vn -2.7048787e-2 0.99954881 -1.3058951e-2
vn -0.15486115 3.1199189e-2 0.98744348
vn -0.60991655 4.4994695e-2 0.79118726
vn -8.2470734e-2 0.99481693 -5.9479870e-2
vn -8.2470734e-2 0.99481693 -5.9479870e-2
vn -0.60991655 4.4994695e-2 0.79118726
vn 0.60991655 4.4994695e-2 0.79118726
vn 8.2470734e-2 0.99481693 -5.9479870e-2
vn 8.2470734e-2 0.99481693 -5.9479870e-2
vn 0.60991655 4.4994695e-2 0.79118726
vn -0.45465300 -0.21142822 -0.86521024
vn -0.20681681 0.94818498 -0.24118883
vn -0.20681681 0.94818498 -0.24118883
vn -0.45465300 -0.21142822 -0.86521024
vn -0.99946942 3.1809032e-2 7.0038558e-3
vn -9.7959162e-3 0.99994762 -2.9663705e-3
vn -9.7959162e-3 0.99994762 -2.9663705e-3
vn -0.99946942 3.1809032e-2 7.0038558e-3
vn -0.99946942 3.1809032e-2 7.0038558e-3
vn -0.87561957 0.11391908 -0.46937491
vn -0.11364830 0.99317457 2.6236201e-2
vn -0.11364830 0.99317457 2.6236201e-2
vn -0.87561957 0.11391908 -0.46937491
vn -0.87561957 0.11391908 -0.46937491
vn 9.7959162e-3 0.99994762 -2.9663705e-3
vn 9.7959162e-3 0.99994762 -2.9663705e-3
vn 0.99946942 3.1809032e-2 7.0038558e-3
vn 0.99946942 3.1809032e-2 7.0038558e-3
vn 0.99946942 3.1809032e-2 7.0038558e-3
vn 0.87561957 0.11391908 -0.46937491
vn 0.11364830 0.99317457 2.6236201e-2
vn 0.11364830 0.99317457 2.6236201e-2
vn 0.87561957 0.11391908 -0.46937491
vn 0.87561957 0.11391908 -0.46937491
vn -0.15175932 -3.0233274e-2 -0.98795499
vn 2.7048787e-2 0.99954881 -1.3058951e-2
vn 2.7048787e-2 0.99954881 -1.3058951e-2
vn -0.15175932 -3.0233274e-2 -0.98795499
vn 0.93244610 -8.6114569e-2 -0.35089677
vn -3.8880003e-2 0.99501922 -9.1788362e-2
vn -3.8880003e-2 0.99501922 -9.1788362e-2
vn 0.93244610 -8.6114569e-2 -0.35089677
vn -0.93211335 -8.4525123e-2 -0.35216502
vn 3.8880003e-2 0.99501922 -9.1788362e-2
vn 3.8880003e-2 0.99501922 -9.1788362e-2
vn -0.93211335 -8.4525123e-2 -0.35216502
vn -0.47868639 0.21346023 0.85164199
vn 0.20681681 0.94818498 -0.24118883
vn 0.20681681 0.94818498 -0.24118883
vn -0.47868639 0.21346023 0.85164199
vn 0.99882727 4.5771628e-2 1.5781350e-2
vn -0.14617823 0.98925656 -1.8373812e-3
vn -0.14617823 0.98925656 -1.8373812e-3
vn 0.99882727 4.5771628e-2 1.5781350e-2
vn 0.75457502 0.14051256 0.64099357
vn -0.29118600 0.94810713 -0.12768550
vn -0.29118600 0.94810713 -0.12768550
vn 0.75457502 0.14051256 0.64099357
vn -0.99888027 -4.6487888e-2 8.7801963e-3
vn 5.6794853e-2 0.99838207 2.7553087e-3
vn 5.6794853e-2 0.99838207 2.7553087e-3
vn -0.99888027 -4.6487888e-2 8.7801963e-3
vn -0.75458289 0.14056988 0.64097174
vn 0.29118600 0.94810713 -0.12768550
vn 0.29118600 0.94810713 -0.12768550
vn -0.75458289 0.14056988 0.64097174
vn 7.4909970e-3 8.3712017e-3 0.99993690
vn 2.6044003e-3 0.99999569 -1.3550260e-3
vn 2.6044003e-3 0.99999569 -1.3550260e-3
vn 7.4909970e-3 8.3712017e-3 0.99993690
vn -0.88100764 1.3336009e-3 0.47310016
vn -8.1564789e-2 0.98841905 -0.12796467
vn -8.1564789e-2 0.98841905 -0.12796467
vn -0.88100764 1.3336009e-3 0.47310016
vn 0.88100764 1.3336009e-3 0.47310016
vn 8.1564789e-2 0.98841905 -0.12796467
vn 8.1564789e-2 0.98841905 -0.12796467
vn 0.88100764 1.3336009e-3 0.47310016
vn 3.5168140e-2 -0.27606645 -0.96049493
vn 3.3361980e-2 0.94698209 -0.31954952
vn 3.3361980e-2 0.94698209 -0.31954952
vn 3.5168140e-2 -0.27606645 -0.96049493
vn -0.99987526 -1.2775502e-2 -9.2869683e-3
vn 8.7980470e-3 0.99996060 -1.1787606e-3
vn 8.7980470e-3 0.99996060 -1.1787606e-3
vn -0.99987526 -1.2775502e-2 -9.2869683e-3
vn -0.99987526 -1.2775502e-2 -9.2869683e-3
vn 8.7980470e-3 0.99996060 -1.1787606e-3
vn -0.80959383 -0.10156019 -0.57813784
vn -0.25574890 0.96497867 -5.8383761e-2
vn -0.25574890 0.96497867 -5.8383761e-2
vn -0.80959383 -0.10156019 -0.57813784
vn 0.99998057 -6.2329756e-3 -8.7842316e-5
vn 3.8750844e-2 0.99924883 3.8271273e-4
vn 3.8750844e-2 0.99924883 3.8271273e-4
vn 0.99998057 -6.2329756e-3 -8.7842316e-5
vn 0.99998057 -6.2329756e-3 -8.7842316e-5
vn 0.80959383 -0.10156019 -0.57813784
vn 0.25574890 0.96497867 -5.8383761e-2
vn 0.25574890 0.96497867 -5.8383761e-2
vn 0.80959383 -0.10156019 -0.57813784
vn 7.3294070e-3 -8.1891514e-3 -0.99993961
vn -2.6044003e-3 0.99999569 -1.3550260e-3
vn -2.6044003e-3 0.99999569 -1.3550260e-3
vn 7.3294070e-3 -8.1891514e-3 -0.99993961
vn 0.87001585 -2.6567025e-2 -0.49230744
vn -0.10411202 0.98865618 -0.10825728
vn -0.10411202 0.98865618 -0.10825728
vn 0.87001585 -2.6567025e-2 -0.49230744
vn -0.86895667 -1.8433644e-2 -0.49454474
vn 0.10411202 0.98865618 -0.10825728
vn 0.10411202 0.98865618 -0.10825728
vn -0.86895667 -1.8433644e-2 -0.49454474
vn 3.8804060e-2 0.27837033 0.95968964
vn -3.3361980e-2 0.94698209 -0.31954952
vn -3.3361980e-2 0.94698209 -0.31954952
vn 3.8804060e-2 0.27837033 0.95968964
vn 0.99999015 4.4390312e-3 6.4382739e-5
vn -2.4142055e-2 0.99970846 3.9205251e-4
vn -2.4142055e-2 0.99970846 3.9205251e-4
vn 0.99999015 4.4390312e-3 6.4382739e-5
vn 0.81750164 6.5725569e-2 0.57216363
vn -0.18853479 0.98204136 -7.0279967e-3
vn -0.18853479 0.98204136 -7.0279967e-3
vn 0.81750164 6.5725569e-2 0.57216363
vn -0.99999015 4.4390312e-3 6.4382739e-5
vn 2.4142055e-2 0.99970846 3.9205251e-4
vn 2.4142055e-2 0.99970846 3.9205251e-4
vn -0.99999015 4.4390312e-3 6.4382739e-5
vn -0.81750372 6.5714237e-2 0.57216196
vn 0.18853479 0.98204136 -7.0279967e-3
vn 0.18853479 0.98204136 -7.0279967e-3
vn -0.81750372 6.5714237e-2 0.57216196
vn -7.4909970e-3 8.3712017e-3 0.99993690
vn -2.6044003e-3 0.99999569 -1.3550260e-3
vn -2.6044003e-3 0.99999569 -1.3550260e-3
vn -7.4909970e-3 8.3712017e-3 0.99993690
vn -0.86923341 1.7174369e-2 0.49410355
vn -0.10411202 0.98865618 -0.10825728
vn -0.10411202 0.98865618 -0.10825728
vn -0.86923341 1.7174369e-2 0.49410355
vn 0.86923341 1.7174369e-2 0.49410355
vn 0.10411202 0.98865618 -0.10825728
vn 0.10411202 0.98865618 -0.10825728
vn 0.86923341 1.7174369e-2 0.49410355
vn -3.5168140e-2 -0.27606645 -0.96049493
vn -3.3361980e-2 0.94698209 -0.31954952
vn -3.3361980e-2 0.94698209 -0.31954952
vn -3.5168140e-2 -0.27606645 -0.96049493
vn -0.99998874 -4.7453023e-3 -8.8170290e-5
vn -2.4142055e-2 0.99970846 3.9205251e-4
vn -2.4142055e-2 0.99970846 3.9205251e-4
vn -0.99998874 -4.7453023e-3 -8.8170290e-5
vn -0.99998874 -4.7453023e-3 -8.8170290e-5
vn -0.81663745 -6.7287781e-2 -0.57321517
vn -0.18853479 0.98204136 -7.0279967e-3
vn -0.18853479 0.98204136 -7.0279967e-3
vn -0.81663745 -6.7287781e-2 -0.57321517
vn 0.99998874 -4.7453023e-3 -8.8170290e-5
vn 2.4142055e-2 0.99970846 3.9205251e-4
vn 2.4142055e-2 0.99970846 3.9205251e-4
vn 0.99998874 -4.7453023e-3 -8.8170290e-5
vn 0.99998874 -4.7453023e-3 -8.8170290e-5
vn 0.81663745 -6.7287781e-2 -0.57321517
vn 0.18853479 0.98204136 -7.0279967e-3
vn 0.18853479 0.98204136 -7.0279967e-3
vn 0.81663745 -6.7287781e-2 -0.57321517
vn -7.3291520e-3 -8.0857805e-3 -0.99994045
vn 2.6044003e-3 0.99999569 -1.3550260e-3
vn 2.6044003e-3 0.99999569 -1.3550260e-3
vn -7.3291520e-3 -8.0857805e-3 -0.99994045
vn 0.88197107 -8.9908898e-3 -0.47121779
vn -8.1564789e-2 0.98841905 -0.12796467
vn -8.1564789e-2 0.98841905 -0.12796467
vn 0.88197107 -8.9908898e-3 -0.47121779
vn -0.88101675 -3.8277757e-3 -0.47306959
vn 8.1564789e-2 0.98841905 -0.12796467
vn 8.1564789e-2 0.98841905 -0.12796467
vn -0.88101675 -3.8277757e-3 -0.47306959
vn -3.9309607e-2 0.27878565 0.95954850
vn 3.3361980e-2 0.94698209 -0.31954952
vn 3.3361980e-2 0.94698209 -0.31954952
vn -3.9309607e-2 0.27878565 0.95954850
vn 0.99998250 5.9152484e-3 6.6851145e-5
vn -4.8915424e-2 0.99880137 -1.7622827e-3
vn -4.8915424e-2 0.99880137 -1.7622827e-3
vn 0.99998250 5.9152484e-3 6.6851145e-5
vn 0.81014032 0.10236051 0.57723044
vn -0.25574890 0.96497867 -5.8383761e-2
vn -0.25574890 0.96497867 -5.8383761e-2
vn 0.81014032 0.10236051 0.57723044
vn -0.99998250 5.9152484e-3 6.6851145e-5
vn 3.8750844e-2 0.99924883 3.8271273e-4
vn 3.8750844e-2 0.99924883 3.8271273e-4
vn -0.99998250 5.9152484e-3 6.6851145e-5
vn -0.81014429 0.10233980 0.57722855
vn 0.25574890 0.96497867 -5.8383761e-2
vn 0.25574890 0.96497867 -5.8383761e-2
vn -0.81014429 0.10233980 0.57722855
vn 0.15486115 3.1199189e-2 0.98744348
vn 2.7048787e-2 0.99954881 -1.3058951e-2
vn 2.7048787e-2 0.99954881 -1.3058951e-2
vn 0.15486115 3.1199189e-2 0.98744348
vn -0.92711164 7.5718735e-2 0.36705678
vn -3.8880003e-2 0.99501922 -9.1788362e-2
vn -3.8880003e-2 0.99501922 -9.1788362e-2
vn -0.92711164 7.5718735e-2 0.36705678
vn -0.92711164 7.5718735e-2 0.36705678
vn 0.92711164 7.5718735e-2 0.36705678
vn 3.8880003e-2 0.99501922 -9.1788362e-2
vn 3.8880003e-2 0.99501922 -9.1788362e-2
vn 0.92711164 7.5718735e-2 0.36705678
vn 0.92711164 7.5718735e-2 0.36705678
vn 0.45465300 -0.21142822 -0.86521024
vn 0.20681681 0.94818498 -0.24118883
vn 0.20681681 0.94818498 -0.24118883
vn 0.45465300 -0.21142822 -0.86521024
vn -1.6409052e-2 0.99983682 7.5550823e-3
vn -0.99400444 0.10788516 -1.7775440e-2
vn -1.6409052e-2 0.99983682 7.5550823e-3
vn -0.99400444 0.10788516 -1.7775440e-2
vn -0.74873764 -0.13825211 -0.64828875
vn -0.29118600 0.94810713 -0.12768550
vn -0.29118600 0.94810713 -0.12768550
vn -0.74873764 -0.13825211 -0.64828875
vn 0.99752382 6.9095868e-2 -1.3114788e-2
vn 5.6794853e-2 0.99838207 2.7553087e-3
vn 5.6794853e-2 0.99838207 2.7553087e-3
vn 0.99752382 6.9095868e-2 -1.3114788e-2
vn 0.99752382 6.9095868e-2 -1.3114788e-2
vn 0.74873764 -0.13825211 -0.64828875
vn 0.29118600 0.94810713 -0.12768550
vn 0.29118600 0.94810713 -0.12768550
vn 0.74873764 -0.13825211 -0.64828875
vn 0.15183817 -3.2317467e-2 -0.98787689
vn -2.7048787e-2 0.99954881 -1.3058951e-2
vn -2.7048787e-2 0.99954881 -1.3058951e-2
vn 0.15183817 -3.2317467e-2 -0.98787689
vn 0.60579700 -5.2210723e-2 -0.79390430
vn -8.2470734e-2 0.99481693 -5.9479870e-2
vn -8.2470734e-2 0.99481693 -5.9479870e-2
vn 0.60579700 -5.2210723e-2 -0.79390430
vn -0.60492854 -4.4827712e-2 -0.79501694
vn 8.2470734e-2 0.99481693 -5.9479870e-2
vn 8.2470734e-2 0.99481693 -5.9479870e-2
vn -0.60492854 -4.4827712e-2 -0.79501694
vn 0.47856256 0.21304475 0.85181559
vn -0.20681681 0.94818498 -0.24118883
vn -0.20681681 0.94818498 -0.24118883
vn 0.47856256 0.21304475 0.85181559
vn 0.99979658 -1.9681672e-2 -4.4080520e-3
vn -9.7959162e-3 0.99994762 -2.9663705e-3
vn -9.7959162e-3 0.99994762 -2.9663705e-3
vn 0.99979658 -1.9681672e-2 -4.4080520e-3
vn 0.87960431 -0.12558458 0.45882978
vn -0.11364830 0.99317457 2.6236201e-2
vn -0.11364830 0.99317457 2.6236201e-2
vn 0.87960431 -0.12558458 0.45882978
vn -0.99979658 -1.9681672e-2 -4.4080520e-3
vn 9.7959162e-3 0.99994762 -2.9663705e-3
vn 9.7959162e-3 0.99994762 -2.9663705e-3
vn -0.99979658 -1.9681672e-2 -4.4080520e-3
vn -0.87960677 -0.12559488 0.45882225
vn 0.11364830 0.99317457 2.6236201e-2
vn 0.11364830 0.99317457 2.6236201e-2
vn -0.87960677 -0.12559488 0.45882225
vn -0.99998341 -5.7588421e-3 -1.3136507e-4
vn 1.2615774e-2 -0.71995221 -0.69390897
vn 1.2615774e-2 -0.71995221 -0.69390897
vn -0.99998341 -5.7588421e-3 -1.3136507e-4
vn -0.99998341 -5.7588421e-3 -1.3136507e-4
vn -0.10075002 -0.70879977 0.69817786
vn -0.10075002 -0.70879977 0.69817786
vn -0.99998116 -6.1358571e-3 -1.6590971e-4
vn -0.99998116 -6.1358571e-3 -1.6590971e-4
vn -0.99998116 -6.1358571e-3 -1.6590971e-4
vn -5.3554312e-2 -0.71001630 0.70214584
vn -5.3554312e-2 -0.71001630 0.70214584
vn -0.99998637 -5.2197049e-3 -1.3193346e-4
vn -0.99998637 -5.2197049e-3 -1.3193346e-4
vn -0.99998637 -5.2197049e-3 -1.3193346e-4
vn -0.99998826 -4.8437663e-3 -1.6590109e-4
vn -5.3495097e-2 -0.71861656 -0.69334588
vn -5.3495097e-2 -0.71861656 -0.69334588
vn -0.99998826 -4.8437663e-3 -1.6590109e-4
vn -0.99998826 -4.8437663e-3 -1.6590109e-4
vn -6.2777949e-2 0.71783723 0.69337481
vn -6.2777949e-2 0.71783723 0.69337481
vn -0.99998523 -5.4114567e-3 -5.1504338e-4
vn -0.99998523 -5.4114567e-3 -5.1504338e-4
vn -5.8346118e-2 0.70953715 -0.70224836
vn -5.8346118e-2 0.70953715 -0.70224836
vn -0.99998869 -4.7363180e-3 -4.2891787e-4
vn -0.99998869 -4.7363180e-3 -4.2891787e-4
vn -1.9896970e-2 0.71158828 -0.70231491
vn -1.9896970e-2 0.71158828 -0.70231491
vn -0.99998431 -5.5771475e-3 -5.1608971e-4
vn -0.99998431 -5.5771475e-3 -5.1608971e-4
vn -0.12971081 0.71297410 0.68908855
vn -0.12971081 0.71297410 0.68908855
vn -0.99998254 -5.8924596e-3 -4.3952417e-4
vn -0.99998254 -5.8924596e-3 -4.3952417e-4
vn -0.99998254 -5.8924596e-3 -4.3952417e-4
vn -0.99998254 -5.8924596e-3 -4.3952417e-4
vn 0.99998637 -5.2197049e-3 -1.3193346e-4
vn 5.3554312e-2 -0.71001630 0.70214584
vn 5.3554312e-2 -0.71001630 0.70214584
vn 0.99998637 -5.2197049e-3 -1.3193346e-4
vn 0.99998637 -5.2197049e-3 -1.3193346e-4
vn 5.3495097e-2 -0.71861656 -0.69334588
vn 5.3495097e-2 -0.71861656 -0.69334588
vn 0.99998826 -4.8437663e-3 -1.6590109e-4
vn 0.99998826 -4.8437663e-3 -1.6590109e-4
vn 0.99998826 -4.8437663e-3 -1.6590109e-4
vn -1.2615774e-2 -0.71995221 -0.69390897
vn -1.2615774e-2 -0.71995221 -0.69390897
vn 0.99998341 -5.7588421e-3 -1.3136507e-4
vn 0.99998341 -5.7588421e-3 -1.3136507e-4
vn 0.99998341 -5.7588421e-3 -1.3136507e-4
vn 0.99998116 -6.1358571e-3 -1.6590971e-4
vn 0.10075002 -0.70879977 0.69817786
vn 0.10075002 -0.70879977 0.69817786
vn 0.99998116 -6.1358571e-3 -1.6590971e-4
vn 0.99998116 -6.1358571e-3 -1.6590971e-4
vn 1.9896970e-2 0.71158828 -0.70231491
vn 1.9896970e-2 0.71158828 -0.70231491
vn 0.99998431 -5.5771475e-3 -5.1608971e-4
vn 0.99998431 -5.5771475e-3 -5.1608971e-4
vn 0.12971081 0.71297410 0.68908855
vn 0.12971081 0.71297410 0.68908855
vn 0.99997924 -6.4287728e-3 -4.3662082e-4
vn 0.99997924 -6.4287728e-3 -4.3662082e-4
vn 0.99997924 -6.4287728e-3 -4.3662082e-4
vn 6.2777949e-2 0.71783723 0.69337481
vn 6.2777949e-2 0.71783723 0.69337481
vn 0.99998523 -5.4114567e-3 -5.1504338e-4
vn 0.99998523 -5.4114567e-3 -5.1504338e-4
vn 5.8346118e-2 0.70953715 -0.70224836
vn 5.8346118e-2 0.70953715 -0.70224836
vn 0.99998869 -4.7363180e-3 -4.2891787e-4
vn 0.99998869 -4.7363180e-3 -4.2891787e-4
vn 0.99998853 4.7836733e-3 2.5731806e-4
vn -5.3554312e-2 -0.71001630 0.70214584
vn -5.3554312e-2 -0.71001630 0.70214584
vn 0.99998853 4.7836733e-3 2.5731806e-4
vn -5.3495097e-2 -0.71861656 -0.69334588
vn -5.3495097e-2 -0.71861656 -0.69334588
vn 0.99998948 4.5868135e-3 -2.3233078e-5
vn 0.99998948 4.5868135e-3 -2.3233078e-5
vn 1.2615774e-2 -0.71995221 -0.69390897
vn 1.2615774e-2 -0.71995221 -0.69390897
vn 0.99998592 5.3058418e-3 -4.3936758e-5
vn 0.99998592 5.3058418e-3 -4.3936758e-5
vn 0.99998481 5.5044974e-3 2.7931160e-4
vn -0.10075002 -0.70879977 0.69817786
vn -0.10075002 -0.70879977 0.69817786
vn 0.99998481 5.5044974e-3 2.7931160e-4
vn -1.9896970e-2 0.71158828 -0.70231491
vn -1.9896970e-2 0.71158828 -0.70231491
vn -0.12971081 0.71297410 0.68908855
vn -0.12971081 0.71297410 0.68908855
vn -6.2777949e-2 0.71783723 0.69337481
vn -6.2777949e-2 0.71783723 0.69337481
vn -5.8346118e-2 0.70953715 -0.70224836
vn -5.8346118e-2 0.70953715 -0.70224836
vn -0.99998592 5.3058418e-3 -4.3936758e-5
vn -1.2615774e-2 -0.71995221 -0.69390897
vn -1.2615774e-2 -0.71995221 -0.69390897
vn -0.99998592 5.3058418e-3 -4.3936758e-5
vn 0.10075002 -0.70879977 0.69817786
vn 0.10075002 -0.70879977 0.69817786
vn -0.99998481 5.5044974e-3 2.7931160e-4
vn -0.99998481 5.5044974e-3 2.7931160e-4
vn 5.3554312e-2 -0.71001630 0.70214584
vn 5.3554312e-2 -0.71001630 0.70214584
vn -0.99998853 4.7836733e-3 2.5731806e-4
vn -0.99998853 4.7836733e-3 2.5731806e-4
vn -0.99998948 4.5868135e-3 -2.3233078e-5
vn 5.3495097e-2 -0.71861656 -0.69334588
vn 5.3495097e-2 -0.71861656 -0.69334588
vn -0.99998948 4.5868135e-3 -2.3233078e-5
vn 6.2777949e-2 0.71783723 0.69337481
vn 6.2777949e-2 0.71783723 0.69337481
vn 5.8346118e-2 0.70953715 -0.70224836
vn 5.8346118e-2 0.70953715 -0.70224836
vn 1.9896970e-2 0.71158828 -0.70231491
vn 1.9896970e-2 0.71158828 -0.70231491
vn 0.12971081 0.71297410 0.68908855
vn 0.12971081 0.71297410 0.68908855
vn -5.8996942e-3 -0.71055822 0.70361368
vn -5.8996942e-3 -0.71055822 0.70361368
vn -0.99998918 -4.6488682e-3 -1.6590528e-4
vn -0.99998918 -4.6488682e-3 -1.6590528e-4
vn -0.99998918 -4.6488682e-3 -1.6590528e-4
vn -0.99999087 -4.2719855e-3 -1.3179836e-4
vn -0.11896914 -0.71500894 -0.68891840
vn -0.11896914 -0.71500894 -0.68891840
vn -0.99999087 -4.2719855e-3 -1.3179836e-4
vn -0.99999087 -4.2719855e-3 -1.3179836e-4
vn -0.99999463 -3.2733877e-3 -1.4522061e-4
vn -0.18281689 -0.70924516 -0.68084454
vn -0.18281689 -0.70924516 -0.68084454
vn -0.99999463 -3.2733877e-3 -1.4522061e-4
vn -0.99999463 -3.2733877e-3 -1.4522061e-4
vn 4.1636938e-2 -0.71041378 0.70255151
vn 4.1636938e-2 -0.71041378 0.70255151
vn -0.99999302 -3.7328278e-3 -1.3150118e-4
vn -0.99999302 -3.7328278e-3 -1.3150118e-4
vn -0.99999302 -3.7328278e-3 -1.3150118e-4
vn 0.18281689 -0.70924516 -0.68084454
vn 0.18281689 -0.70924516 -0.68084454
vn 0.99999463 -3.2733877e-3 -1.4522061e-4
vn 0.99999463 -3.2733877e-3 -1.4522061e-4
vn 0.99999463 -3.2733877e-3 -1.4522061e-4
vn 0.99999302 -3.7328278e-3 -1.3150118e-4
vn -4.1636938e-2 -0.71041378 0.70255151
vn -4.1636938e-2 -0.71041378 0.70255151
vn 0.99999302 -3.7328278e-3 -1.3150118e-4
vn 0.99999302 -3.7328278e-3 -1.3150118e-4
vn 0.99998918 -4.6488682e-3 -1.6590528e-4
vn 5.8996942e-3 -0.71055822 0.70361368
vn 5.8996942e-3 -0.71055822 0.70361368
vn 0.99998918 -4.6488682e-3 -1.6590528e-4
vn 0.99998918 -4.6488682e-3 -1.6590528e-4
vn 0.11896914 -0.71500894 -0.68891840
vn 0.11896914 -0.71500894 -0.68891840
vn 0.99999087 -4.2719855e-3 -1.3179836e-4
vn 0.99999087 -4.2719855e-3 -1.3179836e-4
vn 0.99999087 -4.2719855e-3 -1.3179836e-4
vn -7.8327014e-2 -0.71898661 -0.69059621
vn -7.8327014e-2 -0.71898661 -0.69059621
vn 0.99997994 -6.3315574e-3 -1.6556670e-4
vn 0.99997994 -6.3315574e-3 -1.6556670e-4
vn 0.99997994 -6.3315574e-3 -1.6556670e-4
vn 0.99997743 -6.7167881e-3 -1.2984709e-4
vn 0.14693583 -0.70694103 0.69184120
vn 0.14693583 -0.70694103 0.69184120
vn 0.99997743 -6.7167881e-3 -1.2984709e-4
vn 0.99997743 -6.7167881e-3 -1.2984709e-4
vn 0.99998666 -5.1413158e-3 4.9571210e-4
vn 0.16032989 -0.70031005 0.69560057
vn 0.16032989 -0.70031005 0.69560057
vn 0.99998666 -5.1413158e-3 4.9571210e-4
vn 0.99998666 -5.1413158e-3 4.9571210e-4
vn 0.99998666 -5.1413158e-3 4.9571210e-4
vn -0.11376396 -0.70936908 -0.69559562
vn -0.11376396 -0.70936908 -0.69559562
vn 0.99997371 -7.2505333e-3 -1.1997057e-4
vn 0.99997371 -7.2505333e-3 -1.1997057e-4
vn 0.99997371 -7.2505333e-3 -1.1997057e-4
vn -0.18281689 -0.70924516 -0.68084454
vn -0.18281689 -0.70924516 -0.68084454
vn 0.99999501 3.1593999e-3 1.7703383e-5
vn 0.99999501 3.1593999e-3 1.7703383e-5
vn 0.99999436 3.3530742e-3 2.1349411e-4
vn 4.1636938e-2 -0.71041378 0.70255151
vn 4.1636938e-2 -0.71041378 0.70255151
vn 0.99999436 3.3530742e-3 2.1349411e-4
vn 0.99999170 4.0665412e-3 2.3537910e-4
vn -5.8996942e-3 -0.71055822 0.70361368
vn -5.8996942e-3 -0.71055822 0.70361368
vn 0.99999170 4.0665412e-3 2.3537910e-4
vn -0.11896914 -0.71500894 -0.68891840
vn -0.11896914 -0.71500894 -0.68891840
vn 0.99999251 3.8713412e-3 -2.6868156e-6
vn 0.99999251 3.8713412e-3 -2.6868156e-6
vn 0.16032989 -0.70031005 0.69560057
vn 0.16032989 -0.70031005 0.69560057
vn -0.99997551 6.9912420e-3 3.0394833e-4
vn -0.99997551 6.9912420e-3 3.0394833e-4
vn -0.99997723 6.7475042e-3 -8.0671550e-5
vn -0.11376396 -0.70936908 -0.69559562
vn -0.11376396 -0.70936908 -0.69559562
vn -0.99997723 6.7475042e-3 -8.0671550e-5
vn -0.99998186 6.0235613e-3 -6.4694990e-5
vn -7.8327014e-2 -0.71898661 -0.69059621
vn -7.8327014e-2 -0.71898661 -0.69059621
vn -0.99998186 6.0235613e-3 -6.4694990e-5
vn 0.14693583 -0.70694103 0.69184120
vn 0.14693583 -0.70694103 0.69184120
vn -0.99998031 6.2683664e-3 2.9319363e-4
vn -0.99998031 6.2683664e-3 2.9319363e-4
vn 5.8996942e-3 -0.71055822 0.70361368
vn 5.8996942e-3 -0.71055822 0.70361368
vn -0.99999170 4.0665412e-3 2.3537910e-4
vn -0.99999170 4.0665412e-3 2.3537910e-4
vn -0.99999251 3.8713412e-3 -2.6868156e-6
vn 0.11896914 -0.71500894 -0.68891840
vn 0.11896914 -0.71500894 -0.68891840
vn -0.99999251 3.8713412e-3 -2.6868156e-6
vn -0.99999501 3.1593999e-3 1.7703383e-5
vn 0.18281689 -0.70924516 -0.68084454
vn 0.18281689 -0.70924516 -0.68084454
vn -0.99999501 3.1593999e-3 1.7703383e-5
vn -4.1636938e-2 -0.71041378 0.70255151
vn -4.1636938e-2 -0.71041378 0.70255151
vn -0.99999436 3.3530742e-3 2.1349411e-4
vn -0.99999436 3.3530742e-3 2.1349411e-4
vn -0.13456950 0.70477966 -0.69654625
vn -0.13456950 0.70477966 -0.69654625
vn -0.99999543 -2.9869651e-3 -4.6327657e-4
vn -0.99999543 -2.9869651e-3 -4.6327657e-4
vn -0.99999543 -2.9869651e-3 -4.6327657e-4
vn 7.2152418e-2 0.71985593 0.69036328
vn 7.2152418e-2 0.71985593 0.69036328
vn -0.99999218 -3.9223823e-3 -5.1366544e-4
vn -0.99999218 -3.9223823e-3 -5.1366544e-4
vn 4.8561349e-3 0.72014976 0.69380166
vn 4.8561349e-3 0.72014976 0.69380166
vn -0.99998770 -4.9401724e-3 -4.3662452e-4
vn -0.99998770 -4.9401724e-3 -4.3662452e-4
vn -0.99998770 -4.9401724e-3 -4.3662452e-4
vn -9.6708222e-2 0.70726015 -0.70030750
vn -9.6708222e-2 0.70726015 -0.70030750
vn -0.99999151 -4.0881009e-3 -5.1749035e-4
vn -0.99999151 -4.0881009e-3 -5.1749035e-4
vn 0.22893400 0.69252377 0.68410530
vn 0.22893400 0.69252377 0.68410530
vn 0.99973269 2.2780695e-2 -3.9476403e-3
vn 0.99973269 2.2780695e-2 -3.9476403e-3
vn 0.99973269 2.2780695e-2 -3.9476403e-3
vn 0.99973269 2.2780695e-2 -3.9476403e-3
vn -2.8374301e-2 0.70768489 -0.70595821
vn -2.8374301e-2 0.70768489 -0.70595821
vn 0.99997433 -7.1508312e-3 -4.4637685e-4
vn 0.99997433 -7.1508312e-3 -4.4637685e-4
vn -1.8220019e-2 0.71339982 -0.70052032
vn -1.8220019e-2 0.71339982 -0.70052032
vn 0.99998054 -6.2239755e-3 -4.2891437e-4
vn 0.99998054 -6.2239755e-3 -4.2891437e-4
vn 0.19495149 0.70571306 0.68114830
vn 0.19495149 0.70571306 0.68114830
vn 0.99997606 -6.9005022e-3 -5.1642891e-4
vn 0.99997606 -6.9005022e-3 -5.1642891e-4
vn -4.8561349e-3 0.72014976 0.69380166
vn -4.8561349e-3 0.72014976 0.69380166
vn 0.99998770 -4.9401724e-3 -4.3662452e-4
vn 0.99998770 -4.9401724e-3 -4.3662452e-4
vn 0.99998770 -4.9401724e-3 -4.3662452e-4
vn 9.6708222e-2 0.70726015 -0.70030750
vn 9.6708222e-2 0.70726015 -0.70030750
vn 0.99999151 -4.0881009e-3 -5.1749035e-4
vn 0.99999151 -4.0881009e-3 -5.1749035e-4
vn 0.13456950 0.70477966 -0.69654625
vn 0.13456950 0.70477966 -0.69654625
vn 0.99999543 -2.9869651e-3 -4.6327657e-4
vn 0.99999543 -2.9869651e-3 -4.6327657e-4
vn 0.99999543 -2.9869651e-3 -4.6327657e-4
vn -7.2152418e-2 0.71985593 0.69036328
vn -7.2152418e-2 0.71985593 0.69036328
vn 0.99999218 -3.9223823e-3 -5.1366544e-4
vn 0.99999218 -3.9223823e-3 -5.1366544e-4
vn -0.13456950 0.70477966 -0.69654625
vn -0.13456950 0.70477966 -0.69654625
vn 7.2152418e-2 0.71985593 0.69036328
vn 7.2152418e-2 0.71985593 0.69036328
vn 4.8561349e-3 0.72014976 0.69380166
vn 4.8561349e-3 0.72014976 0.69380166
vn -9.6708222e-2 0.70726015 -0.70030750
vn -9.6708222e-2 0.70726015 -0.70030750
vn 0.13456950 0.70477966 -0.69654625
vn 0.13456950 0.70477966 -0.69654625
vn -7.2152418e-2 0.71985593 0.69036328
vn -7.2152418e-2 0.71985593 0.69036328
vn -4.8561349e-3 0.72014976 0.69380166
vn -4.8561349e-3 0.72014976 0.69380166
vn 9.6708222e-2 0.70726015 -0.70030750
vn 9.6708222e-2 0.70726015 -0.70030750
vn -1.8220019e-2 0.71339982 -0.70052032
vn -1.8220019e-2 0.71339982 -0.70052032
vn 0.19495149 0.70571306 0.68114830
vn 0.19495149 0.70571306 0.68114830
vn 0.22893400 0.69252377 0.68410530
vn 0.22893400 0.69252377 0.68410530
vn -2.8374301e-2 0.70768489 -0.70595821
vn -2.8374301e-2 0.70768489 -0.70595821
vn 0.10343164 -0.99463330 2.5479177e-3
vn 0.10343164 -0.99463330 2.5479177e-3
vn 0.99999355 -3.5905867e-3 -9.7096636e-5
vn 0.99999355 -3.5905867e-3 -9.7096636e-5
vn 0.10343164 -0.99463330 2.5479177e-3
vn 0.10343164 -0.99463330 2.5479177e-3
vn -0.99999496 3.1716621e-3 1.5934640e-4
vn -0.99999496 3.1716621e-3 1.5934640e-4
vn 4.5903076e-2 0.99894589 -9.3535340e-5
vn 4.5903076e-2 0.99894589 -9.3535340e-5
vn 0.99999281 -3.7575710e-3 -5.1704152e-4
vn 0.99999281 -3.7575710e-3 -5.1704152e-4
vn 4.5903076e-2 0.99894589 -9.3535340e-5
vn 4.5903076e-2 0.99894589 -9.3535340e-5
vn -0.13285961 1.3797126e-2 0.99103883
vn -0.13285961 1.3797126e-2 0.99103883
vn 0.17606667 -1.3427378e-2 -0.98428666
vn 0.17606667 -1.3427378e-2 -0.98428666
vn -0.13285961 1.3797126e-2 0.99103883
vn -0.13285961 1.3797126e-2 0.99103883
vn 0.99999249 -3.8594019e-3 -3.6105430e-4
vn 0.99999249 -3.8594019e-3 -3.6105430e-4
vn 0.99999249 -3.8594019e-3 -3.6105430e-4
vn 0.17606667 -1.3427378e-2 -0.98428666
vn 0.17606667 -1.3427378e-2 -0.98428666
vn 0.99999560 -2.9493386e-3 -3.0979749e-4
vn 0.99999560 -2.9493386e-3 -3.0979749e-4
vn 0.99999026 -4.4134014e-3 -9.7155557e-5
vn 9.1070609e-2 -0.99584327 1.5235562e-3
vn 9.1070609e-2 -0.99584327 1.5235562e-3
vn 0.99999026 -4.4134014e-3 -9.7155557e-5
vn 9.1070609e-2 -0.99584327 1.5235562e-3
vn 9.1070609e-2 -0.99584327 1.5235562e-3
vn -0.99999251 3.8658056e-3 1.6008792e-4
vn -0.99999251 3.8658056e-3 1.6008792e-4
vn 6.7311520e-2 0.99773200 -1.5032659e-4
vn 6.7311520e-2 0.99773200 -1.5032659e-4
vn 0.99998942 -4.5726387e-3 -5.0160323e-4
vn 0.99998942 -4.5726387e-3 -5.0160323e-4
vn 0.99998942 -4.5726387e-3 -5.0160323e-4
vn 6.7311520e-2 0.99773200 -1.5032659e-4
vn 6.7311520e-2 0.99773200 -1.5032659e-4
vn 0.10005146 -1.2942632e-2 -0.99489808
vn 0.10005146 -1.2942632e-2 -0.99489808
vn -5.4299828e-2 1.2806923e-2 0.99844254
vn -5.4299828e-2 1.2806923e-2 0.99844254
vn 0.10005146 -1.2942632e-2 -0.99489808
vn 0.10005146 -1.2942632e-2 -0.99489808
vn 0.99999132 -4.1498057e-3 -3.6323573e-4
vn 0.99999132 -4.1498057e-3 -3.6323573e-4
vn 0.99999132 -4.1498057e-3 -3.6323573e-4
vn -5.4299828e-2 1.2806923e-2 0.99844254
vn -5.4299828e-2 1.2806923e-2 0.99844254
vn 0.99998867 -4.7486424e-3 -3.3423417e-4
vn 0.99998867 -4.7486424e-3 -3.3423417e-4
vn 7.8493990e-2 -0.99691436 6.7838744e-4
vn 7.8493990e-2 -0.99691436 6.7838744e-4
vn 0.99998711 -5.0772937e-3 -9.7307041e-5
vn 0.99998711 -5.0772937e-3 -9.7307041e-5
vn 8.8623319e-2 0.99606509 -4.8833499e-4
vn 8.8623319e-2 0.99606509 -4.8833499e-4
vn 0.99998643 -5.1908473e-3 -4.5174533e-4
vn 0.99998643 -5.1908473e-3 -4.5174533e-4
vn 0.99998643 -5.1908473e-3 -4.5174533e-4
vn 7.8493990e-2 -0.99691436 6.7838744e-4
vn 7.8493990e-2 -0.99691436 6.7838744e-4
vn -0.99998957 4.5633614e-3 1.6075464e-4
vn -0.99998957 4.5633614e-3 1.6075464e-4
vn 8.8623319e-2 0.99606509 -4.8833499e-4
vn 8.8623319e-2 0.99606509 -4.8833499e-4
vn 2.5258362e-2 1.1447740e-2 0.99961541
vn 2.5258362e-2 1.1447740e-2 0.99961541
vn 2.2242029e-2 -1.1918823e-2 -0.99968157
vn 2.2242029e-2 -1.1918823e-2 -0.99968157
vn 2.5258362e-2 1.1447740e-2 0.99961541
vn 2.5258362e-2 1.1447740e-2 0.99961541
vn 0.99998564 -5.3471962e-3 -3.6200779e-4
vn 0.99998564 -5.3471962e-3 -3.6200779e-4
vn 0.99998564 -5.3471962e-3 -3.6200779e-4
vn 2.2242029e-2 -1.1918823e-2 -0.99968157
vn 2.2242029e-2 -1.1918823e-2 -0.99968157
vn 0.99998867 -4.7486424e-3 -3.3423417e-4
vn 0.99998867 -4.7486424e-3 -3.3423417e-4
vn 0.99998259 -5.9000880e-3 -9.6944642e-5
vn 6.5751676e-2 -0.99783602 1.7322003e-5
vn 6.5751676e-2 -0.99783602 1.7322003e-5
vn 0.99998259 -5.9000880e-3 -9.6944642e-5
vn 0.10974883 0.99395874 -1.0996299e-3
vn 0.10974883 0.99395874 -1.0996299e-3
vn 0.99998149 -6.0635066e-3 -5.0138686e-4
vn 0.99998149 -6.0635066e-3 -5.0138686e-4
vn 0.99998149 -6.0635066e-3 -5.0138686e-4
vn 6.5751676e-2 -0.99783602 1.7322003e-5
vn 6.5751676e-2 -0.99783602 1.7322003e-5
vn -0.99998613 5.2643532e-3 1.6134603e-4
vn -0.99998613 5.2643532e-3 1.6134603e-4
vn 0.10974883 0.99395874 -1.0996299e-3
vn 0.10974883 0.99395874 -1.0996299e-3
vn -5.5948278e-2 -1.0341470e-2 -0.99838011
vn -5.5948278e-2 -1.0341470e-2 -0.99838011
vn 0.10430790 9.7363198e-3 0.99449739
vn 0.10430790 9.7363198e-3 0.99449739
vn -5.5948278e-2 -1.0341470e-2 -0.99838011
vn -5.5948278e-2 -1.0341470e-2 -0.99838011
vn 0.99998404 -5.6375734e-3 -3.6226819e-4
vn 0.99998404 -5.6375734e-3 -3.6226819e-4
vn 0.99998404 -5.6375734e-3 -3.6226819e-4
vn 0.10430790 9.7363198e-3 0.99449739
vn 0.10430790 9.7363198e-3 0.99449739
vn 0.99998050 -6.2362441e-3 -3.3423144e-4
vn 0.99998050 -6.2362441e-3 -3.3423144e-4
vn 5.2895576e-2 -0.99859994 -4.5655874e-4
vn 5.2895576e-2 -0.99859994 -4.5655874e-4
vn 0.99997838 -6.5746597e-3 -9.3911833e-5
vn 0.99997838 -6.5746597e-3 -9.3911833e-5
vn 5.2895576e-2 -0.99859994 -4.5655874e-4
vn 5.2895576e-2 -0.99859994 -4.5655874e-4
vn -0.99998207 5.9864032e-3 1.5428197e-4
vn -0.99998207 5.9864032e-3 1.5428197e-4
vn 0.13060325 0.99143275 -1.9728016e-3
vn 0.13060325 0.99143275 -1.9728016e-3
vn 0.99997759 -6.6801009e-3 -4.5195329e-4
vn 0.99997759 -6.6801009e-3 -4.5195329e-4
vn 0.99997759 -6.6801009e-3 -4.5195329e-4
vn 0.13060325 0.99143275 -1.9728016e-3
vn 0.13060325 0.99143275 -1.9728016e-3
vn 0.18138909 7.7142444e-3 0.98338115
vn 0.18138909 7.7142444e-3 0.98338115
vn 0.99997658 -6.8347706e-3 -3.4594619e-4
vn 0.99997658 -6.8347706e-3 -3.4594619e-4
vn 0.99997658 -6.8347706e-3 -3.4594619e-4
vn -0.13307030 -8.2403722e-3 -0.99107234
vn -0.13307030 -8.2403722e-3 -0.99107234
vn 0.99998050 -6.2362441e-3 -3.3423144e-4
vn 0.99998050 -6.2362441e-3 -3.3423144e-4
vn 0.18138909 7.7142444e-3 0.98338115
vn 0.18138909 7.7142444e-3 0.98338115
vn -0.13307030 -8.2403722e-3 -0.99107234
vn -0.13307030 -8.2403722e-3 -0.99107234
vn 0.99997260 -7.4015493e-3 -1.0200932e-4
vn 3.9748199e-2 -0.99920947 -7.2467764e-4
vn 3.9748199e-2 -0.99920947 -7.2467764e-4
vn 0.99997260 -7.4015493e-3 -1.0200932e-4
vn 3.9748199e-2 -0.99920947 -7.2467764e-4
vn 3.9748199e-2 -0.99920947 -7.2467764e-4
vn -0.99997759 6.6933613e-3 1.5963170e-4
vn -0.99997759 6.6933613e-3 1.5963170e-4
vn 0.15110034 0.98851517 -2.5400456e-3
vn 0.15110034 0.98851517 -2.5400456e-3
vn 0.99982035 -1.8090481e-2 5.6569395e-3
vn 0.99982035 -1.8090481e-2 5.6569395e-3
vn 0.99982035 -1.8090481e-2 5.6569395e-3
vn 0.15110034 0.98851517 -2.5400456e-3
vn 0.15110034 0.98851517 -2.5400456e-3
vn -0.16669553 -4.7734810e-3 -0.98599686
vn -0.16669553 -4.7734810e-3 -0.98599686
vn 0.21032953 4.4074454e-3 0.97762061
vn 0.21032953 4.4074454e-3 0.97762061
vn -0.16669553 -4.7734810e-3 -0.98599686
vn -0.16669553 -4.7734810e-3 -0.98599686
vn 0.99997451 -7.1336864e-3 -2.9660926e-4
vn 0.99997451 -7.1336864e-3 -2.9660926e-4
vn 0.99997451 -7.1336864e-3 -2.9660926e-4
vn 0.21032953 4.4074454e-3 0.97762061
vn 0.21032953 4.4074454e-3 0.97762061
vn 0.99785036 -6.5367477e-2 -4.6629757e-3
vn 0.99785036 -6.5367477e-2 -4.6629757e-3
vn 0.99785036 -6.5367477e-2 -4.6629757e-3
vn -6.5751676e-2 -0.99783602 1.7322003e-5
vn -6.5751676e-2 -0.99783602 1.7322003e-5
vn -0.99998259 -5.9000880e-3 -9.6944642e-5
vn -0.99998259 -5.9000880e-3 -9.6944642e-5
vn -0.10974883 0.99395874 -1.0996299e-3
vn -0.10974883 0.99395874 -1.0996299e-3
vn -0.99998575 -5.3216169e-3 -4.2798600e-4
vn -0.99998575 -5.3216169e-3 -4.2798600e-4
vn -0.99998575 -5.3216169e-3 -4.2798600e-4
vn -0.99998575 -5.3216169e-3 -4.2798600e-4
vn -6.5751676e-2 -0.99783602 1.7322003e-5
vn -6.5751676e-2 -0.99783602 1.7322003e-5
vn 0.99998613 5.2643532e-3 1.6134603e-4
vn 0.99998613 5.2643532e-3 1.6134603e-4
vn -0.10974883 0.99395874 -1.0996299e-3
vn -0.10974883 0.99395874 -1.0996299e-3
vn 5.5948278e-2 -1.0341470e-2 -0.99838011
vn 5.5948278e-2 -1.0341470e-2 -0.99838011
vn -0.10430790 9.7363198e-3 0.99449739
vn -0.10430790 9.7363198e-3 0.99449739
vn 5.5948278e-2 -1.0341470e-2 -0.99838011
vn 5.5948278e-2 -1.0341470e-2 -0.99838011
vn -0.99998404 -5.6375734e-3 -3.6226819e-4
vn -0.99998404 -5.6375734e-3 -3.6226819e-4
vn -0.99998404 -5.6375734e-3 -3.6226819e-4
vn -0.10430790 9.7363198e-3 0.99449739
vn -0.10430790 9.7363198e-3 0.99449739
vn -0.99998050 -6.2362441e-3 -3.3423144e-4
vn -0.99998050 -6.2362441e-3 -3.3423144e-4
vn -0.99998711 -5.0772937e-3 -9.7307041e-5
vn -7.8493990e-2 -0.99691436 6.7838744e-4
vn -7.8493990e-2 -0.99691436 6.7838744e-4
vn -0.99998711 -5.0772937e-3 -9.7307041e-5
vn -8.8623319e-2 0.99606509 -4.8833499e-4
vn -8.8623319e-2 0.99606509 -4.8833499e-4
vn -0.99998643 -5.1908473e-3 -4.5174533e-4
vn -0.99998643 -5.1908473e-3 -4.5174533e-4
vn -0.99998643 -5.1908473e-3 -4.5174533e-4
vn -7.8493990e-2 -0.99691436 6.7838744e-4
vn -7.8493990e-2 -0.99691436 6.7838744e-4
vn 0.99998957 4.5633614e-3 1.6075464e-4
vn 0.99998957 4.5633614e-3 1.6075464e-4
vn -8.8623319e-2 0.99606509 -4.8833499e-4
vn -8.8623319e-2 0.99606509 -4.8833499e-4
vn -2.5258362e-2 1.1447740e-2 0.99961541
vn -2.5258362e-2 1.1447740e-2 0.99961541
vn -2.2242029e-2 -1.1918823e-2 -0.99968157
vn -2.2242029e-2 -1.1918823e-2 -0.99968157
vn -2.5258362e-2 1.1447740e-2 0.99961541
vn -2.5258362e-2 1.1447740e-2 0.99961541
vn -0.99998564 -5.3471962e-3 -3.6200779e-4
vn -0.99998564 -5.3471962e-3 -3.6200779e-4
vn -0.99998564 -5.3471962e-3 -3.6200779e-4
vn -2.2242029e-2 -1.1918823e-2 -0.99968157
vn -2.2242029e-2 -1.1918823e-2 -0.99968157
vn -0.99998867 -4.7486424e-3 -3.3423417e-4
vn -0.99998867 -4.7486424e-3 -3.3423417e-4
vn -9.1070609e-2 -0.99584327 1.5235562e-3
vn -9.1070609e-2 -0.99584327 1.5235562e-3
vn -0.99999026 -4.4134014e-3 -9.7155557e-5
vn -0.99999026 -4.4134014e-3 -9.7155557e-5
vn -9.1070609e-2 -0.99584327 1.5235562e-3
vn -9.1070609e-2 -0.99584327 1.5235562e-3
vn 0.99999251 3.8658056e-3 1.6008792e-4
vn 0.99999251 3.8658056e-3 1.6008792e-4
vn -6.7311520e-2 0.99773200 -1.5032659e-4
vn -6.7311520e-2 0.99773200 -1.5032659e-4
vn -0.99998942 -4.5726387e-3 -5.0160323e-4
vn -0.99998942 -4.5726387e-3 -5.0160323e-4
vn -0.99998942 -4.5726387e-3 -5.0160323e-4
vn -6.7311520e-2 0.99773200 -1.5032659e-4
vn -6.7311520e-2 0.99773200 -1.5032659e-4
vn -0.10005146 -1.2942632e-2 -0.99489808
vn -0.10005146 -1.2942632e-2 -0.99489808
vn -0.99999132 -4.1498057e-3 -3.6323573e-4
vn -0.99999132 -4.1498057e-3 -3.6323573e-4
vn -0.99999132 -4.1498057e-3 -3.6323573e-4
vn 5.4299828e-2 1.2806923e-2 0.99844254
vn 5.4299828e-2 1.2806923e-2 0.99844254
vn -0.99998867 -4.7486424e-3 -3.3423417e-4
vn -0.99998867 -4.7486424e-3 -3.3423417e-4
vn -0.10005146 -1.2942632e-2 -0.99489808
vn -0.10005146 -1.2942632e-2 -0.99489808
vn 5.4299828e-2 1.2806923e-2 0.99844254
vn 5.4299828e-2 1.2806923e-2 0.99844254
vn -0.99999355 -3.5905867e-3 -9.7096636e-5
vn -0.10343164 -0.99463330 2.5479177e-3
vn -0.10343164 -0.99463330 2.5479177e-3
vn -0.99999355 -3.5905867e-3 -9.7096636e-5
vn -0.10343164 -0.99463330 2.5479177e-3
vn -0.10343164 -0.99463330 2.5479177e-3
vn 0.99999496 3.1716621e-3 1.5934640e-4
vn 0.99999496 3.1716621e-3 1.5934640e-4
vn -4.5903076e-2 0.99894589 -9.3535340e-5
vn -4.5903076e-2 0.99894589 -9.3535340e-5
vn -0.99999281 -3.7575710e-3 -5.1704152e-4
vn -0.99999281 -3.7575710e-3 -5.1704152e-4
vn -4.5903076e-2 0.99894589 -9.3535340e-5
vn -4.5903076e-2 0.99894589 -9.3535340e-5
vn 0.13285961 1.3797126e-2 0.99103883
vn 0.13285961 1.3797126e-2 0.99103883
vn -0.17606667 -1.3427378e-2 -0.98428666
vn -0.17606667 -1.3427378e-2 -0.98428666
vn 0.13285961 1.3797126e-2 0.99103883
vn 0.13285961 1.3797126e-2 0.99103883
vn -0.99999249 -3.8594019e-3 -3.6105430e-4
vn -0.99999249 -3.8594019e-3 -3.6105430e-4
vn -0.99999249 -3.8594019e-3 -3.6105430e-4
vn -0.17606667 -1.3427378e-2 -0.98428666
vn -0.17606667 -1.3427378e-2 -0.98428666
vn -0.99999560 -2.9493386e-3 -3.0979749e-4
vn -0.99999560 -2.9493386e-3 -3.0979749e-4
vn -0.99979188 -1.6501243e-2 -1.1996448e-2
vn 3.8653596e-2 0.99925209 -1.0767407e-3
vn 3.8653596e-2 0.99925209 -1.0767407e-3
vn -0.99979188 -1.6501243e-2 -1.1996448e-2
vn -0.99998670 -5.1558862e-3 -8.8629582e-5
vn -2.7796022e-2 0.99961354 3.9202745e-4
vn -0.99998670 -5.1558862e-3 -8.8629582e-5
vn -2.7796022e-2 0.99961354 3.9202745e-4
vn -0.99998670 -5.1558862e-3 -8.8629582e-5
vn -0.99999327 -3.6690273e-3 -8.8449103e-5
vn -1.3176294e-2 0.99991311 3.9209629e-4
vn -0.99999327 -3.6690273e-3 -8.8449103e-5
vn -1.3176294e-2 0.99991311 3.9209629e-4
vn -0.99999327 -3.6690273e-3 -8.8449103e-5
vn 0.99999060 -4.3346615e-3 -8.8529699e-5
vn 2.0487347e-2 0.99979004 3.9207234e-4
vn 0.99999060 -4.3346615e-3 -8.8529699e-5
vn 2.0487347e-2 0.99979004 3.9207234e-4
vn 0.99999060 -4.3346615e-3 -8.8529699e-5
vn 0.99998305 -5.8215035e-3 -8.8348541e-5
vn 3.5101148e-2 0.99938369 3.9196162e-4
vn 0.99998305 -5.8215035e-3 -8.8348541e-5
vn 3.5101148e-2 0.99938369 3.9196162e-4
vn 0.99998305 -5.8215035e-3 -8.8348541e-5
vn 0.99997321 -7.3198102e-3 -8.7560338e-5
vn 4.9685123e-2 0.99876487 3.4128204e-4
vn 0.99997321 -7.3198102e-3 -8.7560338e-5
vn 4.9685123e-2 0.99876487 3.4128204e-4
vn 0.99997321 -7.3198102e-3 -8.7560338e-5
vn 0.99999212 3.9689413e-3 1.1634614e-4
vn -2.0487347e-2 0.99979004 3.9207234e-4
vn 0.99999212 3.9689413e-3 1.1634614e-4
vn 0.99999212 3.9689413e-3 1.1634614e-4
vn -2.0487347e-2 0.99979004 3.9207234e-4
vn 0.99999212 3.9689413e-3 1.1634614e-4
vn 0.99998539 5.4051697e-3 1.1768742e-4
vn -3.5101148e-2 0.99938369 3.9196162e-4
vn 0.99998539 5.4051697e-3 1.1768742e-4
vn 0.99998539 5.4051697e-3 1.1768742e-4
vn -3.5101148e-2 0.99938369 3.9196162e-4
vn 0.99998539 5.4051697e-3 1.1768742e-4
vn -0.99998111 6.1459640e-3 1.1424932e-4
vn 4.2398884e-2 0.99910069 3.7345977e-4
vn -0.99998111 6.1459640e-3 1.1424932e-4
vn -0.99998111 6.1459640e-3 1.1424932e-4
vn 4.2398884e-2 0.99910069 3.7345977e-4
vn -0.99998111 6.1459640e-3 1.1424932e-4
vn -0.99998902 4.6852435e-3 1.1704249e-4
vn 2.7796022e-2 0.99961354 3.9202745e-4
vn -0.99998902 4.6852435e-3 1.1704249e-4
vn -0.99998902 4.6852435e-3 1.1704249e-4
vn 2.7796022e-2 0.99961354 3.9202745e-4
vn -0.99998902 4.6852435e-3 1.1704249e-4
vn -0.99999469 3.2562371e-3 1.1559874e-4
vn 1.3176294e-2 0.99991311 3.9209629e-4
vn -0.99999469 3.2562371e-3 1.1559874e-4
vn -0.99999469 3.2562371e-3 1.1559874e-4
vn 1.3176294e-2 0.99991311 3.9209629e-4
vn -0.99999469 3.2562371e-3 1.1559874e-4
vn -3.5101148e-2 0.99938369 3.9196162e-4
vn -0.99998305 -5.8215035e-3 -8.8348541e-5
vn -0.99998305 -5.8215035e-3 -8.8348541e-5
vn -3.5101148e-2 0.99938369 3.9196162e-4
vn -0.99998305 -5.8215035e-3 -8.8348541e-5
vn -2.0487347e-2 0.99979004 3.9207234e-4
vn -0.99999060 -4.3346615e-3 -8.8529699e-5
vn -0.99999060 -4.3346615e-3 -8.8529699e-5
vn -2.0487347e-2 0.99979004 3.9207234e-4
vn -0.99999060 -4.3346615e-3 -8.8529699e-5
vn 1.3176294e-2 0.99991311 3.9209629e-4
vn 0.99999327 -3.6690273e-3 -8.8449103e-5
vn 0.99999327 -3.6690273e-3 -8.8449103e-5
vn 1.3176294e-2 0.99991311 3.9209629e-4
vn 0.99999327 -3.6690273e-3 -8.8449103e-5
vn 2.7796022e-2 0.99961354 3.9202745e-4
vn 0.99998670 -5.1558862e-3 -8.8629582e-5
vn 0.99998670 -5.1558862e-3 -8.8629582e-5
vn 2.7796022e-2 0.99961354 3.9202745e-4
vn 0.99998670 -5.1558862e-3 -8.8629582e-5
vn 4.2398884e-2 0.99910069 3.7345977e-4
vn 0.99997786 -6.6537592e-3 -8.5961983e-5
vn 0.99997786 -6.6537592e-3 -8.5961983e-5
vn 4.2398884e-2 0.99910069 3.7345977e-4
vn 0.99997786 -6.6537592e-3 -8.5961983e-5
vn -1.3176294e-2 0.99991311 3.9209629e-4
vn 0.99999469 3.2562371e-3 1.1559874e-4
vn 0.99999469 3.2562371e-3 1.1559874e-4
vn -1.3176294e-2 0.99991311 3.9209629e-4
vn 0.99999469 3.2562371e-3 1.1559874e-4
vn 0.99999469 3.2562371e-3 1.1559874e-4
vn -2.7796022e-2 0.99961354 3.9202745e-4
vn 0.99998902 4.6852435e-3 1.1704249e-4
vn 0.99998902 4.6852435e-3 1.1704249e-4
vn -2.7796022e-2 0.99961354 3.9202745e-4
vn 0.99998902 4.6852435e-3 1.1704249e-4
vn 0.99998902 4.6852435e-3 1.1704249e-4
vn -5.4002409e-2 0.99853621 -3.0309766e-3
vn 0.99954296 1.8126536e-2 2.4192800e-2
vn 0.99954296 1.8126536e-2 2.4192800e-2
vn -5.4002409e-2 0.99853621 -3.0309766e-3
vn 0.99954296 1.8126536e-2 2.4192800e-2
vn 4.9685123e-2 0.99876487 3.4128204e-4
vn -0.99997640 6.8693733e-3 1.1163839e-4
vn -0.99997640 6.8693733e-3 1.1163839e-4
vn 4.9685123e-2 0.99876487 3.4128204e-4
vn -0.99997640 6.8693733e-3 1.1163839e-4
vn -0.99997640 6.8693733e-3 1.1163839e-4
vn 3.5101148e-2 0.99938369 3.9196162e-4
vn -0.99998539 5.4051697e-3 1.1768742e-4
vn -0.99998539 5.4051697e-3 1.1768742e-4
vn 3.5101148e-2 0.99938369 3.9196162e-4
vn -0.99998539 5.4051697e-3 1.1768742e-4
vn -0.99998539 5.4051697e-3 1.1768742e-4
vn 2.0487347e-2 0.99979004 3.9207234e-4
vn -0.99999212 3.9689413e-3 1.1634614e-4
vn -0.99999212 3.9689413e-3 1.1634614e-4
vn 2.0487347e-2 0.99979004 3.9207234e-4
vn -0.99999212 3.9689413e-3 1.1634614e-4
vn -0.99999212 3.9689413e-3 1.1634614e-4
vn 0.99742618 -7.1698054e-2 6.3557070e-4
vn 0.99742618 -7.1698054e-2 6.3557070e-4
vn 0.99742618 -7.1698054e-2 6.3557070e-4
vn -0.57634781 -0.80890180 -0.11619412
vn -0.57634781 -0.80890180 -0.11619412
vn -0.99983225 1.8262476e-2 -1.3978432e-3
vn -0.67827049 -0.72798460 -9.9937808e-2
vn -0.99983225 1.8262476e-2 -1.3978432e-3
vn -0.67827049 -0.72798460 -9.9937808e-2
vn -0.33848179 -2.1051201e-2 -0.94073744
vn -0.33848179 -2.1051201e-2 -0.94073744
vn -0.33848179 -2.1051201e-2 -0.94073744
vn 0.83150390 -0.55281352 -5.4758301e-2
vn -0.34258304 0.37355412 -0.86202911
vn 0.83150390 -0.55281352 -5.4758301e-2
vn -0.34258304 0.37355412 -0.86202911
vn 0.81841047 -0.57254727 -4.8927746e-2
vn -0.37652263 -0.33407083 -0.86407603
vn 0.81841047 -0.57254727 -4.8927746e-2
vn -0.37652263 -0.33407083 -0.86407603
vn -0.21664148 -0.43414449 -0.87440553
vn -0.21664148 -0.43414449 -0.87440553
vn 0.85200747 -0.52041300 -5.7040147e-2
vn 0.80701454 0.39532003 -0.43869078
vn 0.85200747 -0.52041300 -5.7040147e-2
vn 0.80701454 0.39532003 -0.43869078
vn 0.53378310 0.74244329 -0.40478830
vn 0.53378310 0.74244329 -0.40478830
vn 0.96395895 -0.26598216 6.0527098e-3
vn -0.10928463 -4.6916129e-2 -0.99290269
vn 0.96395895 -0.26598216 6.0527098e-3
vn 0.96395895 -0.26598216 6.0527098e-3
vn -0.10928463 -4.6916129e-2 -0.99290269
vn 2.1578884e-2 -0.14263777 -0.98953970
vn 2.1578884e-2 -0.14263777 -0.98953970
vn 0.64078380 -0.76769795 -5.9984523e-3
vn 0.64078380 -0.76769795 -5.9984523e-3
vn -0.69653365 0.43769359 -0.56856416
vn -0.69653365 0.43769359 -0.56856416
vn 0.81512545 -0.57709557 -5.0311009e-2
vn -0.22733177 -4.3543323e-2 -0.97284338
vn 0.81512545 -0.57709557 -5.0311009e-2
vn -0.22733177 -4.3543323e-2 -0.97284338
vn -0.22733177 -4.3543323e-2 -0.97284338
vn 0.16926305 -0.43521216 -0.88427394
vn 0.16926305 -0.43521216 -0.88427394
vn -0.31115057 -1.0702380e-2 -0.95030036
vn -0.31115057 -1.0702380e-2 -0.95030036
vn -0.31115057 -1.0702380e-2 -0.95030036
vn 0.75926153 -0.64748279 -6.5482530e-2
vn -0.15302769 0.64656042 -0.74735678
vn 0.75926153 -0.64748279 -6.5482530e-2
vn -0.15302769 0.64656042 -0.74735678
vn 0.23061635 0.23397011 -0.94449674
vn 0.23061635 0.23397011 -0.94449674
vn 0.62104021 -0.53695150 -0.57095722
vn 0.62104021 -0.53695150 -0.57095722
vn 0.62657285 -0.31161061 0.71435655
vn 0.62657285 -0.31161061 0.71435655
vn -0.74951618 0.66079483 3.9694929e-2
vn -0.10794761 0.15290148 0.98232808
vn -0.10794761 0.15290148 0.98232808
vn 0.43556247 -0.72563247 -0.53267519
vn 0.43556247 -0.72563247 -0.53267519
vn -1.1500988e-2 -0.29761120 0.95461788
vn -1.1500988e-2 -0.29761120 0.95461788
vn 0.36795994 -0.46237188 0.80673275
vn 0.36795994 -0.46237188 0.80673275
vn 0.54471556 -0.65458837 -0.52421277
vn 0.63575092 -0.23076958 0.73659091
vn 0.54471556 -0.65458837 -0.52421277
vn 0.63575092 -0.23076958 0.73659091
vn 0.64818635 5.0211680e-2 0.75982449
vn 0.64818635 5.0211680e-2 0.75982449
vn 0.64818635 5.0211680e-2 0.75982449
vn 0.53430751 -0.62283838 -0.57147864
vn 0.53430751 -0.62283838 -0.57147864
vn 0.53430751 -0.62283838 -0.57147864
vn 0.53403390 0.25719731 0.80539266
vn 0.53403390 0.25719731 0.80539266
vn 0.53403390 0.25719731 0.80539266
vn -0.74951618 0.66079483 3.9694929e-2
vn 0.47222432 6.6662806e-2 0.87895407
vn 0.47222432 6.6662806e-2 0.87895407
vn -0.18178812 -0.72037354 0.66933926
vn -0.18178812 -0.72037354 0.66933926
vn -0.71374245 0.14542302 -0.68514514
vn -0.71374245 0.14542302 -0.68514514
vn -0.17265468 -0.92519583 -0.33793939
vn -0.17265468 -0.92519583 -0.33793939
vn -0.17265468 -0.92519583 -0.33793939
vn 0.37169475 0.33608924 -0.86538260
vn 0.37169475 0.33608924 -0.86538260
vn 0.37169475 0.33608924 -0.86538260
vn 0.37169475 0.33608924 -0.86538260
vn 0.39787067 -0.84038179 -0.36804536
vn 0.39787067 -0.84038179 -0.36804536
vn 0.39787067 -0.84038179 -0.36804536
vn 0.39787067 -0.84038179 -0.36804536
vn 0.39787067 -0.84038179 -0.36804536
vn 0.79033073 -0.11897491 -0.60101773
vn 1.6495939e-2 -0.76602315 0.64260129
vn 0.79033073 -0.11897491 -0.60101773
vn 1.6495939e-2 -0.76602315 0.64260129
vn 0.55885683 -0.58532365 -0.58743107
vn 0.56167376 -0.20374165 0.80188025
vn 0.55885683 -0.58532365 -0.58743107
vn 0.56167376 -0.20374165 0.80188025
vn 0.34608715 7.8611836e-2 0.93490313
vn 0.34608715 7.8611836e-2 0.93490313
vn 0.42609231 0.87147041 0.24286757
vn 0.42609231 0.87147041 0.24286757
vn 0.46924628 -9.4284872e-2 0.87801953
vn 0.52586851 -0.60770913 -0.59510665
vn 0.46924628 -9.4284872e-2 0.87801953
vn -0.39576311 0.54296828 0.74064634
vn 0.29516131 -0.17731111 0.93885066
vn 0.29516131 -0.17731111 0.93885066
vn 0.29516131 -0.17731111 0.93885066
vn 0.99998508 -3.3033085e-3 -4.3503673e-3
vn 0.99998508 -3.3033085e-3 -4.3503673e-3
vn -0.71207602 -0.70150640 2.8922512e-2
vn -0.71207602 -0.70150640 2.8922512e-2
vn -0.71207602 -0.70150640 2.8922512e-2
vn -0.99960749 2.7862433e-2 -2.9239951e-3
vn -0.41000843 -0.90912980 7.3321862e-2
vn -0.41000843 -0.90912980 7.3321862e-2
vn -0.41000843 -0.90912980 7.3321862e-2
vn 0.76249318 -0.64698114 -4.4209617e-3
vn -0.43654508 -4.4770360e-2 -0.89856775
vn 0.76249318 -0.64698114 -4.4209617e-3
vn -0.43654508 -4.4770360e-2 -0.89856775
vn -0.43654508 -4.4770360e-2 -0.89856775
vn 0.63293652 -0.77374932 -2.6520887e-2
vn -0.54918162 -0.38770543 -0.74032699
vn 0.63293652 -0.77374932 -2.6520887e-2
vn -0.54918162 -0.38770543 -0.74032699
vn -0.54918162 -0.38770543 -0.74032699
vn 0.81258651 -0.58051544 -5.2009479e-2
vn -0.32954478 0.12580401 -0.93572089
vn 0.81258651 -0.58051544 -5.2009479e-2
vn -0.32954478 0.12580401 -0.93572089
vn -0.32954478 0.12580401 -0.93572089
vn 0.80810881 -0.58709798 -4.7708614e-2
vn -0.12317366 -7.6515293e-3 -0.99235563
vn 0.80810881 -0.58709798 -4.7708614e-2
vn -0.12317366 -7.6515293e-3 -0.99235563
vn 5.8470163e-2 -0.20192568 -0.97765396
vn 5.8470163e-2 -0.20192568 -0.97765396
vn -0.29800685 -0.67303714 -0.67691427
vn -0.29800685 -0.67303714 -0.67691427
vn -0.29800685 -0.67303714 -0.67691427
vn -0.24078386 -8.9478109e-2 -0.96644545
vn -0.24078386 -8.9478109e-2 -0.96644545
vn -0.14850739 1.9015760e-2 -0.98872845
vn -0.14850739 1.9015760e-2 -0.98872845
vn -0.14850739 1.9015760e-2 -0.98872845
vn -0.14850739 1.9015760e-2 -0.98872845
vn 0.83132112 -0.55282194 -5.7385493e-2
vn -0.26687914 0.16971934 -0.94866795
vn 0.83132112 -0.55282194 -5.7385493e-2
vn -0.26687914 0.16971934 -0.94866795
vn -0.26687914 0.16971934 -0.94866795
vn 0.83654567 -0.54380674 -6.6824990e-2
vn 0.48146307 0.60321519 -0.63586535
vn 0.83654567 -0.54380674 -6.6824990e-2
vn 0.48146307 0.60321519 -0.63586535
vn 0.48146307 0.60321519 -0.63586535
vn 0.48146307 0.60321519 -0.63586535
vn 0.48922432 0.59845414 -0.63443850
vn 0.48922432 0.59845414 -0.63443850
vn -7.0789921e-2 -7.6366190e-2 -0.99456372
vn -7.0789921e-2 -7.6366190e-2 -0.99456372
vn -7.0789921e-2 -7.6366190e-2 -0.99456372
vn 0.71496273 -0.69616836 -6.4636686e-2
vn 0.72454451 0.60846779 -0.32373167
vn 0.71496273 -0.69616836 -6.4636686e-2
vn 0.72454451 0.60846779 -0.32373167
vn 0.72454451 0.60846779 -0.32373167
vn 0.78170210 0.55101514 -0.29210297
vn 0.78170210 0.55101514 -0.29210297
vn 0.78170210 0.55101514 -0.29210297
vn 0.81492191 -0.52443506 -0.24671876
vn 0.37361394 0.88915148 0.26423903
vn 0.37361394 0.88915148 0.26423903
vn 0.37361394 0.88915148 0.26423903
vn 0.53745938 -0.61015353 -0.58210830
vn 0.53745938 -0.61015353 -0.58210830
vn 0.54433050 0.76782142 0.33786770
vn 0.54433050 0.76782142 0.33786770
vn 0.47908310 -0.70317894 -0.52537488
vn 0.47908310 -0.70317894 -0.52537488
vn 0.56856966 -0.17368916 0.80408993
vn 0.56856966 -0.17368916 0.80408993
vn 0.56856966 -0.17368916 0.80408993
vn 0.59912483 -0.59004438 -0.54119966
vn 0.62530774 -0.27424713 0.73060163
vn 0.59912483 -0.59004438 -0.54119966
vn 0.62530774 -0.27424713 0.73060163
vn 0.62530774 -0.27424713 0.73060163
vn 0.37680555 -7.4847589e-2 0.92326346
vn 0.37680555 -7.4847589e-2 0.92326346
vn 0.37680555 -7.4847589e-2 0.92326346
vn 0.53072022 -0.62514323 -0.57230410
vn 0.36616848 -0.27422662 0.88922461
vn 0.53072022 -0.62514323 -0.57230410
vn 0.36616848 -0.27422662 0.88922461
vn 0.36616848 -0.27422662 0.88922461
vn -0.74951618 0.66079483 3.9694929e-2
vn 0.37605549 -0.13057676 0.91735052
vn 0.37605549 -0.13057676 0.91735052
vn 0.37605549 -0.13057676 0.91735052
vn 0.55074924 -0.14352476 0.82223836
vn 0.55074924 -0.14352476 0.82223836
vn 0.55074924 -0.14352476 0.82223836
vn 0.32811809 0.77679845 0.53751528
vn 0.32811809 0.77679845 0.53751528
vn 0.32811809 0.77679845 0.53751528
vn -0.39365149 -0.56754257 0.72314171
vn -0.81593568 -0.33845115 0.46872143
vn -0.39365149 -0.56754257 0.72314171
vn -0.39365149 -0.56754257 0.72314171
vn -0.21496971 -0.67578002 0.70505985
vn -0.21496971 -0.67578002 0.70505985
vn -9.0809838e-2 -0.76200876 0.64116786
vn -9.0809838e-2 -0.76200876 0.64116786
vn -9.0809838e-2 -0.76200876 0.64116786
vn -0.37969745 -0.86459419 -0.32909987
vn -0.37969745 -0.86459419 -0.32909987
vn -0.37969745 -0.86459419 -0.32909987
vn -0.48657260 0.55638297 -0.67356150
vn -0.48657260 0.55638297 -0.67356150
vn -0.48657260 0.55638297 -0.67356150
vn -0.40018789 -0.58058594 -0.70906250
vn -0.40018789 -0.58058594 -0.70906250
vn 0.99922511 3.9346937e-2 -1.0020851e-3
vn 0.99922511 3.9346937e-2 -1.0020851e-3
vn -0.25261752 0.44893861 -0.85711056
vn -0.25261752 0.44893861 -0.85711056
vn -0.25261752 0.44893861 -0.85711056
vn 0.99550619 -9.4446418e-2 -6.8773324e-3
vn 0.99550619 -9.4446418e-2 -6.8773324e-3
vn -0.25943794 -0.90367743 -0.34067441
vn -0.25943794 -0.90367743 -0.34067441
vn 0.79717989 7.5517410e-2 -0.59900028
vn 0.79717989 7.5517410e-2 -0.59900028
vn -5.5588118e-2 -0.76589694 0.64055588
vn -5.5588118e-2 -0.76589694 0.64055588
vn 0.81903717 -0.12146688 -0.56073515
vn -6.5951054e-2 -0.76002951 0.64653352
vn -6.5951054e-2 -0.76002951 0.64653352
vn -6.5951054e-2 -0.76002951 0.64653352
vn -6.5951054e-2 -0.76002951 0.64653352
vn 0.55610856 -0.60809392 -0.56653778
vn 0.55610856 -0.60809392 -0.56653778
vn -0.43566425 -0.56538262 0.70038501
vn -0.43566425 -0.56538262 0.70038501
vn -0.43566425 -0.56538262 0.70038501
vn -0.44097923 -0.34644596 -0.82795683
vn 0.44097923 0.34644596 0.82795683
vn -0.44097923 -0.34644596 -0.82795683
vn 0.44097923 0.34644596 0.82795683
vn -0.44097923 -0.34644596 -0.82795683
vn 0.44097923 0.34644596 0.82795683
vn -0.44097923 -0.34644596 -0.82795683
vn 0.44097923 0.34644596 0.82795683
vn 0.0000000e+0 -0.38600477 -0.92249678
vn 0.0000000e+0 0.38600477 0.92249678
vn 0.0000000e+0 -0.38600477 -0.92249678
vn 0.0000000e+0 0.38600477 0.92249678
vn 0.0000000e+0 -0.38600477 -0.92249678
vn 0.0000000e+0 0.38600477 0.92249678
vn 0.0000000e+0 -0.38600477 -0.92249678
vn 0.0000000e+0 0.38600477 0.92249678
vn 0.0000000e+0 -0.38600477 -0.92249678
vn 0.0000000e+0 0.38600477 0.92249678
vn 0.0000000e+0 -0.38600477 -0.92249678
vn 0.0000000e+0 0.38600477 0.92249678
vn 0.0000000e+0 -0.38600477 -0.92249678
vn 0.0000000e+0 0.38600477 0.92249678
vn 0.0000000e+0 -0.38600477 -0.92249678
vn 0.0000000e+0 0.38600477 0.92249678
vn 0.0000000e+0 -0.38600477 -0.92249678
vn 0.0000000e+0 0.38600477 0.92249678
vn 0.0000000e+0 -0.38600477 -0.92249678
vn 0.0000000e+0 0.38600477 0.92249678
vn 0.0000000e+0 -0.38600477 -0.92249678
vn 0.0000000e+0 0.38600477 0.92249678
vn 0.0000000e+0 -0.38600477 -0.92249678
vn 0.0000000e+0 0.38600477 0.92249678
vn 0.0000000e+0 -0.38600477 -0.92249678
vn 0.0000000e+0 0.38600477 0.92249678
vn 0.0000000e+0 -0.38600477 -0.92249678
vn 0.0000000e+0 0.38600477 0.92249678
vn 0.0000000e+0 -0.38600477 -0.92249678
vn 0.0000000e+0 0.38600477 0.92249678
vn 0.0000000e+0 -0.38600477 -0.92249678
vn 0.0000000e+0 0.38600477 0.92249678
vn 0.44097923 -0.34644596 -0.82795683
vn -0.44097923 0.34644596 0.82795683
vn 0.44097923 -0.34644596 -0.82795683
vn -0.44097923 0.34644596 0.82795683
vn 0.44097923 -0.34644596 -0.82795683
vn -0.44097923 0.34644596 0.82795683
vn 0.44097923 -0.34644596 -0.82795683
vn -0.44097923 0.34644596 0.82795683
vn -0.14033639 0.95232322 0.27089885
vn 0.74481912 0.25137206 0.61810724
vn 0.42510304 -0.33372742 -0.84137591
vn 0.42510304 -0.33372742 -0.84137591
vn 8.3743867e-3 -0.99983426 -1.6165527e-2
vn 0.74481912 0.25137206 0.61810724
vn 0.42510304 -0.33372742 -0.84137591
vn 0.42510304 -0.33372742 -0.84137591
vn -0.85780577 -0.19362386 -0.47610825
vn 8.3743867e-3 -0.99983426 -1.6165527e-2
vn 0.42510304 -0.33372742 -0.84137591
vn 0.42510304 -0.33372742 -0.84137591
vn -0.14033639 0.95232322 0.27089885
vn -0.85780577 -0.19362386 -0.47610825
vn 0.42510304 -0.33372742 -0.84137591
vn 0.42510304 -0.33372742 -0.84137591
vn -0.14033639 0.95232322 0.27089885
vn 0.74481912 0.25137206 0.61810724
vn -0.44097923 0.34644596 0.82795683
vn -0.44097923 0.34644596 0.82795683
vn -0.14033639 0.95232322 0.27089885
vn -0.85780577 -0.19362386 -0.47610825
vn -0.44097923 0.34644596 0.82795683
vn -0.44097923 0.34644596 0.82795683
vn -0.85780577 -0.19362386 -0.47610825
vn 8.3743867e-3 -0.99983426 -1.6165527e-2
vn -0.44097923 0.34644596 0.82795683
vn -0.44097923 0.34644596 0.82795683
vn 8.3743867e-3 -0.99983426 -1.6165527e-2
vn 0.74481912 0.25137206 0.61810724
vn -0.44097923 0.34644596 0.82795683
vn -0.44097923 0.34644596 0.82795683
vn -0.44097923 0.34644596 0.82795683
vn -0.44097923 0.34644596 0.82795683
vn -0.74355854 -0.25176562 -0.61946329
vn 0.13937256 -0.95292277 -0.26928326
vn -0.44097923 0.34644596 0.82795683
vn -0.44097923 0.34644596 0.82795683
vn 0.85829647 0.19321101 0.47539107
vn 0.13937256 -0.95292277 -0.26928326
vn -0.44097923 0.34644596 0.82795683
vn -0.44097923 0.34644596 0.82795683
vn -8.8537627e-3 0.99981447 1.7106453e-2
vn 0.85829647 0.19321101 0.47539107
vn -0.44097923 0.34644596 0.82795683
vn -0.44097923 0.34644596 0.82795683
vn -0.74355854 -0.25176562 -0.61946329
vn -8.8537627e-3 0.99981447 1.7106453e-2
vn 0.42510304 -0.33372742 -0.84137591
vn 0.42510304 -0.33372742 -0.84137591
vn -0.74355854 -0.25176562 -0.61946329
vn 0.13937256 -0.95292277 -0.26928326
vn 0.42510304 -0.33372742 -0.84137591
vn 0.42510304 -0.33372742 -0.84137591
vn -0.74355854 -0.25176562 -0.61946329
vn -8.8537627e-3 0.99981447 1.7106453e-2
vn 0.42510304 -0.33372742 -0.84137591
vn 0.42510304 -0.33372742 -0.84137591
vn -8.8537627e-3 0.99981447 1.7106453e-2
vn 0.85829647 0.19321101 0.47539107
vn 0.42510304 -0.33372742 -0.84137591
vn 0.42510304 -0.33372742 -0.84137591
vn 0.85829647 0.19321101 0.47539107
vn 0.13937256 -0.95292277 -0.26928326
vn -0.85660485 0.19437930 0.47795902
vn 0.0000000e+0 0.93713773 0.34895970
vn 0.0000000e+0 -0.36870052 -0.92954824
vn 0.0000000e+0 -0.36870052 -0.92954824
vn 0.0000000e+0 -0.99974866 -2.2419027e-2
vn -0.85660485 0.19437930 0.47795902
vn 0.0000000e+0 -0.36870052 -0.92954824
vn 0.0000000e+0 -0.36870052 -0.92954824
vn -0.85660485 0.19437930 0.47795902
vn 0.0000000e+0 0.93713773 0.34895970
vn -9.9220615e-16 0.38600477 0.92249678
vn -9.9220615e-16 0.38600477 0.92249678
vn 0.0000000e+0 -0.99974866 -2.2419027e-2
vn -0.85660485 0.19437930 0.47795902
vn -9.9220615e-16 0.38600477 0.92249678
vn -9.9220615e-16 0.38600477 0.92249678
vn 0.91858664 -0.14888864 -0.36610210
vn 0.0000000e+0 0.93713773 0.34895970
vn 0.0000000e+0 -0.36870052 -0.92954824
vn 0.0000000e+0 -0.36870052 -0.92954824
vn 0.91858664 -0.14888864 -0.36610210
vn 0.0000000e+0 -0.99974866 -2.2419027e-2
vn 0.0000000e+0 -0.36870052 -0.92954824
vn 0.0000000e+0 -0.36870052 -0.92954824
vn 0.91858664 -0.14888864 -0.36610210
vn 0.0000000e+0 0.93713773 0.34895970
vn 9.9220615e-16 0.38600477 0.92249678
vn 9.9220615e-16 0.38600477 0.92249678
vn 0.91858664 -0.14888864 -0.36610210
vn 0.0000000e+0 -0.99974866 -2.2419027e-2
vn 9.9220615e-16 0.38600477 0.92249678
vn 9.9220615e-16 0.38600477 0.92249678
vn -9.9220615e-16 0.38600477 0.92249678
vn -9.9220615e-16 0.38600477 0.92249678
vn 0.0000000e+0 -0.93819269 -0.34611339
vn 0.85663682 -0.19425910 -0.47795059
vn -9.9220615e-16 0.38600477 0.92249678
vn -9.9220615e-16 0.38600477 0.92249678
vn 0.0000000e+0 0.99970367 2.4342933e-2
vn 0.85663682 -0.19425910 -0.47795059
vn 9.9220615e-16 0.38600477 0.92249678
vn 9.9220615e-16 0.38600477 0.92249678
vn -0.91860676 0.14879428 0.36609000
vn 0.0000000e+0 0.99970367 2.4342933e-2
vn 9.9220615e-16 0.38600477 0.92249678
vn 9.9220615e-16 0.38600477 0.92249678
vn 0.0000000e+0 -0.93819269 -0.34611339
vn -0.91860676 0.14879428 0.36609000
vn 0.0000000e+0 -0.36870052 -0.92954824
vn 0.0000000e+0 -0.36870052 -0.92954824
vn 0.0000000e+0 -0.93819269 -0.34611339
vn 0.85663682 -0.19425910 -0.47795059
vn 0.0000000e+0 -0.36870052 -0.92954824
vn 0.0000000e+0 -0.36870052 -0.92954824
vn 0.0000000e+0 -0.93819269 -0.34611339
vn -0.91860676 0.14879428 0.36609000
vn 0.0000000e+0 -0.36870052 -0.92954824
vn 0.0000000e+0 -0.36870052 -0.92954824
vn -0.91860676 0.14879428 0.36609000
vn 0.0000000e+0 0.99970367 2.4342933e-2
vn 0.0000000e+0 -0.36870052 -0.92954824
vn 0.0000000e+0 -0.36870052 -0.92954824
vn 0.0000000e+0 0.99970367 2.4342933e-2
vn 0.85663682 -0.19425910 -0.47795059
vn -0.74481912 0.25137206 0.61810724
vn 0.14033639 0.95232322 0.27089885
vn -0.42510304 -0.33372742 -0.84137591
vn -0.42510304 -0.33372742 -0.84137591
vn 0.85780577 -0.19362386 -0.47610825
vn 0.14033639 0.95232322 0.27089885
vn -0.42510304 -0.33372742 -0.84137591
vn -0.42510304 -0.33372742 -0.84137591
vn -8.3743867e-3 -0.99983426 -1.6165527e-2
vn 0.85780577 -0.19362386 -0.47610825
vn -0.42510304 -0.33372742 -0.84137591
vn -0.42510304 -0.33372742 -0.84137591
vn -0.74481912 0.25137206 0.61810724
vn -8.3743867e-3 -0.99983426 -1.6165527e-2
vn -0.42510304 -0.33372742 -0.84137591
vn -0.42510304 -0.33372742 -0.84137591
vn -0.74481912 0.25137206 0.61810724
vn 0.14033639 0.95232322 0.27089885
vn 0.44097923 0.34644596 0.82795683
vn 0.44097923 0.34644596 0.82795683
vn -0.74481912 0.25137206 0.61810724
vn -8.3743867e-3 -0.99983426 -1.6165527e-2
vn 0.44097923 0.34644596 0.82795683
vn 0.44097923 0.34644596 0.82795683
vn -8.3743867e-3 -0.99983426 -1.6165527e-2
vn 0.85780577 -0.19362386 -0.47610825
vn 0.44097923 0.34644596 0.82795683
vn 0.44097923 0.34644596 0.82795683
vn 0.85780577 -0.19362386 -0.47610825
vn 0.14033639 0.95232322 0.27089885
vn 0.44097923 0.34644596 0.82795683
vn 0.44097923 0.34644596 0.82795683
vn 0.44097923 0.34644596 0.82795683
vn 0.44097923 0.34644596 0.82795683
vn -0.13937256 -0.95292277 -0.26928326
vn 0.74355854 -0.25176562 -0.61946329
vn 0.44097923 0.34644596 0.82795683
vn 0.44097923 0.34644596 0.82795683
vn 8.8537627e-3 0.99981447 1.7106453e-2
vn 0.74355854 -0.25176562 -0.61946329
vn 0.44097923 0.34644596 0.82795683
vn 0.44097923 0.34644596 0.82795683
vn -0.85829647 0.19321101 0.47539107
vn 8.8537627e-3 0.99981447 1.7106453e-2
vn 0.44097923 0.34644596 0.82795683
vn 0.44097923 0.34644596 0.82795683
vn -0.13937256 -0.95292277 -0.26928326
vn -0.85829647 0.19321101 0.47539107
vn -0.42510304 -0.33372742 -0.84137591
vn -0.42510304 -0.33372742 -0.84137591
vn -0.13937256 -0.95292277 -0.26928326
vn 0.74355854 -0.25176562 -0.61946329
vn -0.42510304 -0.33372742 -0.84137591
vn -0.42510304 -0.33372742 -0.84137591
vn -0.13937256 -0.95292277 -0.26928326
vn -0.85829647 0.19321101 0.47539107
vn -0.42510304 -0.33372742 -0.84137591
vn -0.42510304 -0.33372742 -0.84137591
vn -0.85829647 0.19321101 0.47539107
vn 8.8537627e-3 0.99981447 1.7106453e-2
vn -0.42510304 -0.33372742 -0.84137591
vn -0.42510304 -0.33372742 -0.84137591
vn 8.8537627e-3 0.99981447 1.7106453e-2
vn 0.74355854 -0.25176562 -0.61946329
vn 0.95528835 0.11138809 0.27389205
vn 0.0000000e+0 0.93713773 0.34895970
vn 0.0000000e+0 -0.36870052 -0.92954824
vn 0.0000000e+0 -0.36870052 -0.92954824
vn 0.0000000e+0 -0.99974866 -2.2419027e-2
vn 0.95528835 0.11138809 0.27389205
vn 0.0000000e+0 -0.36870052 -0.92954824
vn 0.0000000e+0 -0.36870052 -0.92954824
vn 0.95528835 0.11138809 0.27389205
vn 0.0000000e+0 0.93713773 0.34895970
vn 9.9220615e-16 0.38600477 0.92249678
vn 9.9220615e-16 0.38600477 0.92249678
vn 0.0000000e+0 -0.99974866 -2.2419027e-2
vn 0.95528835 0.11138809 0.27389205
vn 9.9220615e-16 0.38600477 0.92249678
vn 9.9220615e-16 0.38600477 0.92249678
vn -0.91858664 -0.14888864 -0.36610210
vn 0.0000000e+0 0.93713773 0.34895970
vn 0.0000000e+0 -0.36870052 -0.92954824
vn 0.0000000e+0 -0.36870052 -0.92954824
vn -0.91858664 -0.14888864 -0.36610210
vn 0.0000000e+0 -0.99974866 -2.2419027e-2
vn 0.0000000e+0 -0.36870052 -0.92954824
vn 0.0000000e+0 -0.36870052 -0.92954824
vn -0.91858664 -0.14888864 -0.36610210
vn 0.0000000e+0 0.93713773 0.34895970
vn -9.9220615e-16 0.38600477 0.92249678
vn -9.9220615e-16 0.38600477 0.92249678
vn -0.91858664 -0.14888864 -0.36610210
vn 0.0000000e+0 -0.99974866 -2.2419027e-2
vn -9.9220615e-16 0.38600477 0.92249678
vn -9.9220615e-16 0.38600477 0.92249678
vn 9.9220615e-16 0.38600477 0.92249678
vn 9.9220615e-16 0.38600477 0.92249678
vn -0.95530006 -0.11131642 -0.27388035
vn 0.0000000e+0 -0.93819269 -0.34611339
vn -9.9220615e-16 0.38600477 0.92249678
vn -9.9220615e-16 0.38600477 0.92249678
vn 0.91860676 0.14879428 0.36609000
vn 0.0000000e+0 -0.93819269 -0.34611339
vn -9.9220615e-16 0.38600477 0.92249678
vn -9.9220615e-16 0.38600477 0.92249678
vn 0.0000000e+0 0.99970367 2.4342933e-2
vn 0.91860676 0.14879428 0.36609000
vn 9.9220615e-16 0.38600477 0.92249678
vn 9.9220615e-16 0.38600477 0.92249678
vn -0.95530006 -0.11131642 -0.27388035
vn 0.0000000e+0 0.99970367 2.4342933e-2
vn 0.0000000e+0 -0.36870052 -0.92954824
vn 0.0000000e+0 -0.36870052 -0.92954824
vn -0.95530006 -0.11131642 -0.27388035
vn 0.0000000e+0 -0.93819269 -0.34611339
vn 0.0000000e+0 -0.36870052 -0.92954824
vn 0.0000000e+0 -0.36870052 -0.92954824
vn -0.95530006 -0.11131642 -0.27388035
vn 0.0000000e+0 0.99970367 2.4342933e-2
vn 0.0000000e+0 -0.36870052 -0.92954824
vn 0.0000000e+0 -0.36870052 -0.92954824
vn 0.0000000e+0 0.99970367 2.4342933e-2
vn 0.91860676 0.14879428 0.36609000
vn 0.0000000e+0 -0.36870052 -0.92954824
vn 0.0000000e+0 -0.36870052 -0.92954824
vn 0.91860676 0.14879428 0.36609000
vn 0.0000000e+0 -0.93819269 -0.34611339
vn 0.96825764 9.4163725e-2 0.23153907
vn 0.0000000e+0 0.93713773 0.34895970
vn 0.0000000e+0 -0.36870052 -0.92954824
vn 0.0000000e+0 -0.36870052 -0.92954824
vn 0.0000000e+0 0.93713773 0.34895970
vn -0.99631817 -3.2297544e-2 -7.9416391e-2
vn 0.0000000e+0 -0.36870052 -0.92954824
vn 0.0000000e+0 -0.36870052 -0.92954824
vn -0.99631817 -3.2297544e-2 -7.9416391e-2
vn 0.0000000e+0 -0.99974866 -2.2419027e-2
vn 0.0000000e+0 -0.36870052 -0.92954824
vn 0.0000000e+0 -0.36870052 -0.92954824
vn 0.96825764 9.4163725e-2 0.23153907
vn 0.0000000e+0 -0.99974866 -2.2419027e-2
vn 0.0000000e+0 -0.36870052 -0.92954824
vn 0.0000000e+0 -0.36870052 -0.92954824
vn 0.0000000e+0 0.93713773 0.34895970
vn -0.99631817 -3.2297544e-2 -7.9416391e-2
vn -9.9220615e-16 0.38600477 0.92249678
vn -9.9220615e-16 0.38600477 0.92249678
vn 0.96825764 9.4163725e-2 0.23153907
vn 0.0000000e+0 0.93713773 0.34895970
vn 9.9220615e-16 0.38600477 0.92249678
vn 9.9220615e-16 0.38600477 0.92249678
vn 0.96825764 9.4163725e-2 0.23153907
vn 0.0000000e+0 -0.99974866 -2.2419027e-2
vn 9.9220615e-16 0.38600477 0.92249678
vn 9.9220615e-16 0.38600477 0.92249678
vn -0.99631817 -3.2297544e-2 -7.9416391e-2
vn 0.0000000e+0 -0.99974866 -2.2419027e-2
vn -9.9220615e-16 0.38600477 0.92249678
vn -9.9220615e-16 0.38600477 0.92249678
vn -9.9220615e-16 0.38600477 0.92249678
vn -9.9220615e-16 0.38600477 0.92249678
vn 0.99631920 3.2276400e-2 7.9412109e-2
vn 0.0000000e+0 -0.93819269 -0.34611339
vn -9.9220615e-16 0.38600477 0.92249678
vn -9.9220615e-16 0.38600477 0.92249678
vn 0.0000000e+0 0.99970367 2.4342933e-2
vn 0.99631920 3.2276400e-2 7.9412109e-2
vn 9.9220615e-16 0.38600477 0.92249678
vn 9.9220615e-16 0.38600477 0.92249678
vn -0.96826612 -9.4102808e-2 -0.23152837
vn 0.0000000e+0 0.99970367 2.4342933e-2
vn 9.9220615e-16 0.38600477 0.92249678
vn 9.9220615e-16 0.38600477 0.92249678
vn -0.96826612 -9.4102808e-2 -0.23152837
vn 0.0000000e+0 -0.93819269 -0.34611339
vn 0.0000000e+0 -0.36870052 -0.92954824
vn 0.0000000e+0 -0.36870052 -0.92954824
vn -0.96826612 -9.4102808e-2 -0.23152837
vn 0.0000000e+0 -0.93819269 -0.34611339
vn 0.0000000e+0 -0.36870052 -0.92954824
vn 0.0000000e+0 -0.36870052 -0.92954824
vn -0.96826612 -9.4102808e-2 -0.23152837
vn 0.0000000e+0 0.99970367 2.4342933e-2
vn 0.0000000e+0 -0.36870052 -0.92954824
vn 0.0000000e+0 -0.36870052 -0.92954824
vn 0.0000000e+0 0.99970367 2.4342933e-2
vn 0.99631920 3.2276400e-2 7.9412109e-2
vn 0.0000000e+0 -0.36870052 -0.92954824
vn 0.0000000e+0 -0.36870052 -0.92954824
vn 0.99631920 3.2276400e-2 7.9412109e-2
vn 0.0000000e+0 -0.93819269 -0.34611339
vn 0.99631817 -3.2297544e-2 -7.9416391e-2
vn 0.0000000e+0 0.93713773 0.34895970
vn 0.0000000e+0 -0.36870052 -0.92954824
vn 0.0000000e+0 -0.36870052 -0.92954824
vn 0.0000000e+0 0.93713773 0.34895970
vn -0.96825764 9.4163725e-2 0.23153907
vn 0.0000000e+0 -0.36870052 -0.92954824
vn 0.0000000e+0 -0.36870052 -0.92954824
vn -0.96825764 9.4163725e-2 0.23153907
vn 0.0000000e+0 -0.99974866 -2.2419027e-2
vn 0.0000000e+0 -0.36870052 -0.92954824
vn 0.0000000e+0 -0.36870052 -0.92954824
vn 0.99631817 -3.2297544e-2 -7.9416391e-2
vn 0.0000000e+0 -0.99974866 -2.2419027e-2
vn 0.0000000e+0 -0.36870052 -0.92954824
vn 0.0000000e+0 -0.36870052 -0.92954824
vn 0.0000000e+0 0.93713773 0.34895970
vn -0.96825764 9.4163725e-2 0.23153907
vn -9.9220615e-16 0.38600477 0.92249678
vn -9.9220615e-16 0.38600477 0.92249678
vn 0.99631817 -3.2297544e-2 -7.9416391e-2
vn 0.0000000e+0 0.93713773 0.34895970
vn 9.9220615e-16 0.38600477 0.92249678
vn 9.9220615e-16 0.38600477 0.92249678
vn 0.99631817 -3.2297544e-2 -7.9416391e-2
vn 0.0000000e+0 -0.99974866 -2.2419027e-2
vn 9.9220615e-16 0.38600477 0.92249678
vn 9.9220615e-16 0.38600477 0.92249678
vn -0.96825764 9.4163725e-2 0.23153907
vn 0.0000000e+0 -0.99974866 -2.2419027e-2
vn -9.9220615e-16 0.38600477 0.92249678
vn -9.9220615e-16 0.38600477 0.92249678
vn -9.9220615e-16 0.38600477 0.92249678
vn -9.9220615e-16 0.38600477 0.92249678
vn 0.96826612 -9.4102808e-2 -0.23152837
vn 0.0000000e+0 -0.93819269 -0.34611339
vn -9.9220615e-16 0.38600477 0.92249678
vn -9.9220615e-16 0.38600477 0.92249678
vn 0.0000000e+0 0.99970367 2.4342933e-2
vn 0.96826612 -9.4102808e-2 -0.23152837
vn 9.9220615e-16 0.38600477 0.92249678
vn 9.9220615e-16 0.38600477 0.92249678
vn -0.99631920 3.2276400e-2 7.9412109e-2
vn 0.0000000e+0 0.99970367 2.4342933e-2
vn 9.9220615e-16 0.38600477 0.92249678
vn 9.9220615e-16 0.38600477 0.92249678
vn -0.99631920 3.2276400e-2 7.9412109e-2
vn 0.0000000e+0 -0.93819269 -0.34611339
vn 0.0000000e+0 -0.36870052 -0.92954824
vn 0.0000000e+0 -0.36870052 -0.92954824
vn -0.99631920 3.2276400e-2 7.9412109e-2
vn 0.0000000e+0 -0.93819269 -0.34611339
vn 0.0000000e+0 -0.36870052 -0.92954824
vn 0.0000000e+0 -0.36870052 -0.92954824
vn -0.99631920 3.2276400e-2 7.9412109e-2
vn 0.0000000e+0 0.99970367 2.4342933e-2
vn 0.0000000e+0 -0.36870052 -0.92954824
vn 0.0000000e+0 -0.36870052 -0.92954824
vn 0.0000000e+0 0.99970367 2.4342933e-2
vn 0.96826612 -9.4102808e-2 -0.23152837
vn 0.0000000e+0 -0.36870052 -0.92954824
vn 0.0000000e+0 -0.36870052 -0.92954824
vn 0.96826612 -9.4102808e-2 -0.23152837
vn 0.0000000e+0 -0.93819269 -0.34611339
vn -1.00000000 -1.5460926e-16 1.1002345e-14
vn -1.00000000 -1.5460926e-16 1.1002345e-14
vn -0.80901699 -4.6382778e-16 0.58778525
vn -0.80901699 -4.6382778e-16 0.58778525
vn -0.30901699 -3.0921852e-16 0.95105652
vn -0.30901699 -3.0921852e-16 0.95105652
vn 0.30901699 -3.0921852e-16 0.95105652
vn 0.30901699 -3.0921852e-16 0.95105652
vn 0.80901699 -4.6382778e-16 0.58778525
vn 0.80901699 -4.6382778e-16 0.58778525
vn 1.00000000 -1.5460926e-16 1.1002345e-14
vn 1.00000000 -1.5460926e-16 1.1002345e-14
vn 0.80901699 0.0000000e+0 -0.58778525
vn 0.80901699 0.0000000e+0 -0.58778525
vn 0.30901699 0.0000000e+0 -0.95105652
vn 0.30901699 0.0000000e+0 -0.95105652
vn -0.30901699 0.0000000e+0 -0.95105652
vn -0.30901699 0.0000000e+0 -0.95105652
vn -0.80901699 0.0000000e+0 -0.58778525
vn -0.80901699 0.0000000e+0 -0.58778525
vn -1.00000000 -1.5460926e-16 1.1002345e-14
vn -1.00000000 -1.5460926e-16 1.1002345e-14
vn -0.80901699 -4.6382778e-16 0.58778525
vn -0.80901699 -4.6382778e-16 0.58778525
vn -0.30901699 -3.0921852e-16 0.95105652
vn -0.30901699 -3.0921852e-16 0.95105652
vn 0.30901699 -3.0921852e-16 0.95105652
vn 0.30901699 -3.0921852e-16 0.95105652
vn 0.80901699 -4.6382778e-16 0.58778525
vn 0.80901699 -4.6382778e-16 0.58778525
vn 1.00000000 -1.5460926e-16 1.1002345e-14
vn 1.00000000 -1.5460926e-16 1.1002345e-14
vn 0.80901699 0.0000000e+0 -0.58778525
vn 0.80901699 0.0000000e+0 -0.58778525
vn 0.30901699 0.0000000e+0 -0.95105652
vn 0.30901699 0.0000000e+0 -0.95105652
vn -0.30901699 0.0000000e+0 -0.95105652
vn -0.30901699 0.0000000e+0 -0.95105652
vn -0.80901699 0.0000000e+0 -0.58778525
vn -0.80901699 0.0000000e+0 -0.58778525
vn 1.00000000 1.5460926e-16 1.1265001e-14
vn 1.00000000 1.5460926e-16 1.1265001e-14
vn 0.80901699 1.5460926e-16 0.58778525
vn 0.80901699 1.5460926e-16 0.58778525
vn 0.30901699 0.0000000e+0 0.95105652
vn 0.30901699 0.0000000e+0 0.95105652
vn -0.30901699 0.0000000e+0 0.95105652
vn -0.30901699 0.0000000e+0 0.95105652
vn -0.80901699 1.5460926e-16 0.58778525
vn -0.80901699 1.5460926e-16 0.58778525
vn -1.00000000 1.5460926e-16 1.1265001e-14
vn -1.00000000 1.5460926e-16 1.1265001e-14
vn -0.80901699 -3.0921852e-16 -0.58778525
vn -0.80901699 -3.0921852e-16 -0.58778525
vn -0.30901699 -3.0921852e-16 -0.95105652
vn -0.30901699 -3.0921852e-16 -0.95105652
vn 0.30901699 -3.0921852e-16 -0.95105652
vn 0.30901699 -3.0921852e-16 -0.95105652
vn 0.80901699 -3.0921852e-16 -0.58778525
vn 0.80901699 -3.0921852e-16 -0.58778525
vn 1.00000000 1.5460926e-16 1.1265001e-14
vn 1.00000000 1.5460926e-16 1.1265001e-14
vn 0.80901699 1.5460926e-16 0.58778525
vn 0.80901699 1.5460926e-16 0.58778525
vn 0.30901699 0.0000000e+0 0.95105652
vn 0.30901699 0.0000000e+0 0.95105652
vn -0.30901699 0.0000000e+0 0.95105652
vn -0.30901699 0.0000000e+0 0.95105652
vn -0.80901699 1.5460926e-16 0.58778525
vn -0.80901699 1.5460926e-16 0.58778525
vn -1.00000000 1.5460926e-16 1.1265001e-14
vn -1.00000000 1.5460926e-16 1.1265001e-14
vn -0.80901699 -3.0921852e-16 -0.58778525
vn -0.80901699 -3.0921852e-16 -0.58778525
vn -0.30901699 -3.0921852e-16 -0.95105652
vn -0.30901699 -3.0921852e-16 -0.95105652
vn 0.30901699 -3.0921852e-16 -0.95105652
vn 0.30901699 -3.0921852e-16 -0.95105652
vn 0.80901699 -3.0921852e-16 -0.58778525
vn 0.80901699 -3.0921852e-16 -0.58778525
vn 1.00000000 1.5460926e-16 1.1265001e-14
vn 1.00000000 1.5460926e-16 1.1265001e-14
vn 0.80901699 1.5460926e-16 0.58778525
vn 0.80901699 1.5460926e-16 0.58778525
vn 0.30901699 0.0000000e+0 0.95105652
vn 0.30901699 0.0000000e+0 0.95105652
vn -0.30901699 0.0000000e+0 0.95105652
vn -0.30901699 0.0000000e+0 0.95105652
vn -0.80901699 1.5460926e-16 0.58778525
vn -0.80901699 1.5460926e-16 0.58778525
vn -1.00000000 1.5460926e-16 1.1265001e-14
vn -1.00000000 1.5460926e-16 1.1265001e-14
vn -0.80901699 -3.0921852e-16 -0.58778525
vn -0.80901699 -3.0921852e-16 -0.58778525
vn -0.30901699 -3.0921852e-16 -0.95105652
vn -0.30901699 -3.0921852e-16 -0.95105652
vn 0.30901699 -3.0921852e-16 -0.95105652
vn 0.30901699 -3.0921852e-16 -0.95105652
vn 0.80901699 -3.0921852e-16 -0.58778525
vn 0.80901699 -3.0921852e-16 -0.58778525
vn 1.00000000 1.5460926e-16 1.1265001e-14
vn 1.00000000 1.5460926e-16 1.1265001e-14
vn 0.80901699 1.5460926e-16 0.58778525
vn 0.80901699 1.5460926e-16 0.58778525
vn 0.30901699 0.0000000e+0 0.95105652
vn 0.30901699 0.0000000e+0 0.95105652
vn -0.30901699 0.0000000e+0 0.95105652
vn -0.30901699 0.0000000e+0 0.95105652
vn -0.80901699 1.5460926e-16 0.58778525
vn -0.80901699 1.5460926e-16 0.58778525
vn -1.00000000 1.5460926e-16 1.1265001e-14
vn -1.00000000 1.5460926e-16 1.1265001e-14
vn -0.80901699 -3.0921852e-16 -0.58778525
vn -0.80901699 -3.0921852e-16 -0.58778525
vn -0.30901699 -3.0921852e-16 -0.95105652
vn -0.30901699 -3.0921852e-16 -0.95105652
vn 0.30901699 -3.0921852e-16 -0.95105652
vn 0.30901699 -3.0921852e-16 -0.95105652
vn 0.80901699 -3.0921852e-16 -0.58778525
vn 0.80901699 -3.0921852e-16 -0.58778525
vn 1.00000000 3.8652315e-17 1.1265001e-14
vn 1.00000000 3.8652315e-17 1.1265001e-14
vn 0.80901699 0.0000000e+0 0.58778525
vn 0.80901699 0.0000000e+0 0.58778525
vn 0.30901699 0.0000000e+0 0.95105652
vn 0.30901699 0.0000000e+0 0.95105652
vn -0.30901699 0.0000000e+0 0.95105652
vn -0.30901699 0.0000000e+0 0.95105652
vn -0.80901699 0.0000000e+0 0.58778525
vn -0.80901699 0.0000000e+0 0.58778525
vn -1.00000000 3.8652315e-17 1.1265001e-14
vn -1.00000000 3.8652315e-17 1.1265001e-14
vn -0.80901699 -1.1595695e-16 -0.58778525
vn -0.80901699 -1.1595695e-16 -0.58778525
vn -0.30901699 -1.5460926e-16 -0.95105652
vn -0.30901699 -1.5460926e-16 -0.95105652
vn 0.30901699 -1.5460926e-16 -0.95105652
vn 0.30901699 -1.5460926e-16 -0.95105652
vn 0.80901699 -1.1595695e-16 -0.58778525
vn 0.80901699 -1.1595695e-16 -0.58778525
vn 1.00000000 3.8652315e-17 1.1265001e-14
vn 1.00000000 3.8652315e-17 1.1265001e-14
vn 0.80901699 0.0000000e+0 0.58778525
vn 0.80901699 0.0000000e+0 0.58778525
vn 0.30901699 0.0000000e+0 0.95105652
vn 0.30901699 0.0000000e+0 0.95105652
vn -0.30901699 0.0000000e+0 0.95105652
vn -0.30901699 0.0000000e+0 0.95105652
vn -0.80901699 0.0000000e+0 0.58778525
vn -0.80901699 0.0000000e+0 0.58778525
vn -1.00000000 3.8652315e-17 1.1265001e-14
vn -1.00000000 3.8652315e-17 1.1265001e-14
vn -0.80901699 -1.1595695e-16 -0.58778525
vn -0.80901699 -1.1595695e-16 -0.58778525
vn -0.30901699 -1.5460926e-16 -0.95105652
vn -0.30901699 -1.5460926e-16 -0.95105652
vn 0.30901699 -1.5460926e-16 -0.95105652
vn 0.30901699 -1.5460926e-16 -0.95105652
vn 0.80901699 -1.1595695e-16 -0.58778525
vn 0.80901699 -1.1595695e-16 -0.58778525
vn 1.00000000 0.0000000e+0 2.2179794e-14
vn 1.00000000 0.0000000e+0 2.2179794e-14
vn 0.80901699 0.0000000e+0 0.58778525
vn 0.80901699 0.0000000e+0 0.58778525
vn 0.30901699 0.0000000e+0 0.95105652
vn 0.30901699 0.0000000e+0 0.95105652
vn -0.30901699 0.0000000e+0 0.95105652
vn -0.30901699 0.0000000e+0 0.95105652
vn -0.80901699 0.0000000e+0 0.58778525
vn -0.80901699 0.0000000e+0 0.58778525
vn -1.00000000 0.0000000e+0 2.2179794e-14
vn -1.00000000 0.0000000e+0 2.2179794e-14
vn -0.80901699 -6.1843704e-16 -0.58778525
vn -0.80901699 -6.1843704e-16 -0.58778525
vn -0.30901699 -6.1843704e-16 -0.95105652
vn -0.30901699 -6.1843704e-16 -0.95105652
vn 0.30901699 -6.1843704e-16 -0.95105652
vn 0.30901699 -6.1843704e-16 -0.95105652
vn 0.80901699 -6.1843704e-16 -0.58778525
vn 0.80901699 -6.1843704e-16 -0.58778525
vn 1.00000000 0.0000000e+0 2.2179794e-14
vn 1.00000000 0.0000000e+0 2.2179794e-14
vn 0.80901699 0.0000000e+0 0.58778525
vn 0.80901699 0.0000000e+0 0.58778525
vn 0.30901699 0.0000000e+0 0.95105652
vn 0.30901699 0.0000000e+0 0.95105652
vn -0.30901699 0.0000000e+0 0.95105652
vn -0.30901699 0.0000000e+0 0.95105652
vn -0.80901699 0.0000000e+0 0.58778525
vn -0.80901699 0.0000000e+0 0.58778525
vn -1.00000000 0.0000000e+0 2.2179794e-14
vn -1.00000000 0.0000000e+0 2.2179794e-14
vn -0.80901699 -6.1843704e-16 -0.58778525
vn -0.80901699 -6.1843704e-16 -0.58778525
vn -0.30901699 -6.1843704e-16 -0.95105652
vn -0.30901699 -6.1843704e-16 -0.95105652
vn 0.30901699 -6.1843704e-16 -0.95105652
vn 0.30901699 -6.1843704e-16 -0.95105652
vn 0.80901699 -6.1843704e-16 -0.58778525
vn 0.80901699 -6.1843704e-16 -0.58778525
vn 1.00000000 -1.5460926e-16 0.0000000e+0
vn 1.00000000 -1.5460926e-16 0.0000000e+0
vn 0.80901699 4.6382778e-16 0.58778525
vn 0.80901699 4.6382778e-16 0.58778525
vn 0.30901699 6.1843704e-16 0.95105652
vn 0.30901699 6.1843704e-16 0.95105652
vn -0.30901699 6.1843704e-16 0.95105652
vn -0.30901699 6.1843704e-16 0.95105652
vn -0.80901699 4.6382778e-16 0.58778525
vn -0.80901699 4.6382778e-16 0.58778525
vn -1.00000000 -1.5460926e-16 0.0000000e+0
vn -1.00000000 -1.5460926e-16 0.0000000e+0
vn -0.80901699 6.1843704e-16 -0.58778525
vn -0.80901699 6.1843704e-16 -0.58778525
vn -0.30901699 6.1843704e-16 -0.95105652
vn -0.30901699 6.1843704e-16 -0.95105652
vn 0.30901699 6.1843704e-16 -0.95105652
vn 0.30901699 6.1843704e-16 -0.95105652
vn 0.80901699 6.1843704e-16 -0.58778525
vn 0.80901699 6.1843704e-16 -0.58778525
vn 1.00000000 -1.5460926e-16 0.0000000e+0
vn 1.00000000 -1.5460926e-16 0.0000000e+0
vn 0.80901699 4.6382778e-16 0.58778525
vn 0.80901699 4.6382778e-16 0.58778525
vn 0.30901699 6.1843704e-16 0.95105652
vn 0.30901699 6.1843704e-16 0.95105652
vn -0.30901699 6.1843704e-16 0.95105652
vn -0.30901699 6.1843704e-16 0.95105652
vn -0.80901699 4.6382778e-16 0.58778525
vn -0.80901699 4.6382778e-16 0.58778525
vn -1.00000000 -1.5460926e-16 0.0000000e+0
vn -1.00000000 -1.5460926e-16 0.0000000e+0
vn -0.80901699 6.1843704e-16 -0.58778525
vn -0.80901699 6.1843704e-16 -0.58778525
vn -0.30901699 6.1843704e-16 -0.95105652
vn -0.30901699 6.1843704e-16 -0.95105652
vn 0.30901699 6.1843704e-16 -0.95105652
vn 0.30901699 6.1843704e-16 -0.95105652
vn 0.80901699 6.1843704e-16 -0.58778525
vn 0.80901699 6.1843704e-16 -0.58778525
vn 1.00000000 0.0000000e+0 0.0000000e+0
vn 1.00000000 0.0000000e+0 0.0000000e+0
vn 0.80901699 -6.1843704e-16 0.58778525
vn 0.80901699 -6.1843704e-16 0.58778525
vn 0.30901699 -6.1843704e-16 0.95105652
vn 0.30901699 -6.1843704e-16 0.95105652
vn -0.30901699 -6.1843704e-16 0.95105652
vn -0.30901699 -6.1843704e-16 0.95105652
vn -0.80901699 -6.1843704e-16 0.58778525
vn -0.80901699 -6.1843704e-16 0.58778525
vn -1.00000000 0.0000000e+0 0.0000000e+0
vn -1.00000000 0.0000000e+0 0.0000000e+0
vn -0.80901699 -6.1843704e-16 -0.58778525
vn -0.80901699 -6.1843704e-16 -0.58778525
vn -0.30901699 -6.1843704e-16 -0.95105652
vn -0.30901699 -6.1843704e-16 -0.95105652
vn 0.30901699 -6.1843704e-16 -0.95105652
vn 0.30901699 -6.1843704e-16 -0.95105652
vn 0.80901699 -6.1843704e-16 -0.58778525
vn 0.80901699 -6.1843704e-16 -0.58778525
vn 1.00000000 0.0000000e+0 0.0000000e+0
vn 1.00000000 0.0000000e+0 0.0000000e+0
vn 0.80901699 -6.1843704e-16 0.58778525
vn 0.80901699 -6.1843704e-16 0.58778525
vn 0.30901699 -6.1843704e-16 0.95105652
vn 0.30901699 -6.1843704e-16 0.95105652
vn -0.30901699 -6.1843704e-16 0.95105652
vn -0.30901699 -6.1843704e-16 0.95105652
vn -0.80901699 -6.1843704e-16 0.58778525
vn -0.80901699 -6.1843704e-16 0.58778525
vn -1.00000000 0.0000000e+0 0.0000000e+0
vn -1.00000000 0.0000000e+0 0.0000000e+0
vn -0.80901699 -6.1843704e-16 -0.58778525
vn -0.80901699 -6.1843704e-16 -0.58778525
vn -0.30901699 -6.1843704e-16 -0.95105652
vn -0.30901699 -6.1843704e-16 -0.95105652
vn 0.30901699 -6.1843704e-16 -0.95105652
vn 0.30901699 -6.1843704e-16 -0.95105652
vn 0.80901699 -6.1843704e-16 -0.58778525
vn 0.80901699 -6.1843704e-16 -0.58778525
vn 1.00000000 3.8652315e-17 1.1265001e-14
vn 1.00000000 3.8652315e-17 1.1265001e-14
vn 0.80901699 0.0000000e+0 0.58778525
vn 0.80901699 0.0000000e+0 0.58778525
vn 0.30901699 0.0000000e+0 0.95105652
vn 0.30901699 0.0000000e+0 0.95105652
vn -0.30901699 0.0000000e+0 0.95105652
vn -0.30901699 0.0000000e+0 0.95105652
vn -0.80901699 0.0000000e+0 0.58778525
vn -0.80901699 0.0000000e+0 0.58778525
vn -1.00000000 3.8652315e-17 1.1265001e-14
vn -1.00000000 3.8652315e-17 1.1265001e-14
vn -0.80901699 -1.1595695e-16 -0.58778525
vn -0.80901699 -1.1595695e-16 -0.58778525
vn -0.30901699 -1.5460926e-16 -0.95105652
vn -0.30901699 -1.5460926e-16 -0.95105652
vn 0.30901699 -1.5460926e-16 -0.95105652
vn 0.30901699 -1.5460926e-16 -0.95105652
vn 0.80901699 -1.1595695e-16 -0.58778525
vn 0.80901699 -1.1595695e-16 -0.58778525
vn 1.00000000 3.8652315e-17 1.1265001e-14
vn 1.00000000 3.8652315e-17 1.1265001e-14
vn 0.80901699 0.0000000e+0 0.58778525
vn 0.80901699 0.0000000e+0 0.58778525
vn 0.30901699 0.0000000e+0 0.95105652
vn 0.30901699 0.0000000e+0 0.95105652
vn -0.30901699 0.0000000e+0 0.95105652
vn -0.30901699 0.0000000e+0 0.95105652
vn -0.80901699 0.0000000e+0 0.58778525
vn -0.80901699 0.0000000e+0 0.58778525
vn -1.00000000 3.8652315e-17 1.1265001e-14
vn -1.00000000 3.8652315e-17 1.1265001e-14
vn -0.80901699 -1.1595695e-16 -0.58778525
vn -0.80901699 -1.1595695e-16 -0.58778525
vn -0.30901699 -1.5460926e-16 -0.95105652
vn -0.30901699 -1.5460926e-16 -0.95105652
vn 0.30901699 -1.5460926e-16 -0.95105652
vn 0.30901699 -1.5460926e-16 -0.95105652
vn 0.80901699 -1.1595695e-16 -0.58778525
vn 0.80901699 -1.1595695e-16 -0.58778525
vn 1.00000000 -1.5460926e-16 0.0000000e+0
vn 1.00000000 -1.5460926e-16 0.0000000e+0
vn 0.80901699 4.6382778e-16 0.58778525
vn 0.80901699 4.6382778e-16 0.58778525
vn 0.30901699 6.1843704e-16 0.95105652
vn 0.30901699 6.1843704e-16 0.95105652
vn -0.30901699 6.1843704e-16 0.95105652
vn -0.30901699 6.1843704e-16 0.95105652
vn -0.80901699 4.6382778e-16 0.58778525
vn -0.80901699 4.6382778e-16 0.58778525
vn -1.00000000 -1.5460926e-16 0.0000000e+0
vn -1.00000000 -1.5460926e-16 0.0000000e+0
vn -0.80901699 6.1843704e-16 -0.58778525
vn -0.80901699 6.1843704e-16 -0.58778525
vn -0.30901699 6.1843704e-16 -0.95105652
vn -0.30901699 6.1843704e-16 -0.95105652
vn 0.30901699 6.1843704e-16 -0.95105652
vn 0.30901699 6.1843704e-16 -0.95105652
vn 0.80901699 6.1843704e-16 -0.58778525
vn 0.80901699 6.1843704e-16 -0.58778525
vn 1.00000000 -1.5460926e-16 0.0000000e+0
vn 1.00000000 -1.5460926e-16 0.0000000e+0
vn 0.80901699 4.6382778e-16 0.58778525
vn 0.80901699 4.6382778e-16 0.58778525
vn 0.30901699 6.1843704e-16 0.95105652
vn 0.30901699 6.1843704e-16 0.95105652
vn -0.30901699 6.1843704e-16 0.95105652
vn -0.30901699 6.1843704e-16 0.95105652
vn -0.80901699 4.6382778e-16 0.58778525
vn -0.80901699 4.6382778e-16 0.58778525
vn -1.00000000 -1.5460926e-16 0.0000000e+0
vn -1.00000000 -1.5460926e-16 0.0000000e+0
vn -0.80901699 6.1843704e-16 -0.58778525
vn -0.80901699 6.1843704e-16 -0.58778525
vn -0.30901699 6.1843704e-16 -0.95105652
vn -0.30901699 6.1843704e-16 -0.95105652
vn 0.30901699 6.1843704e-16 -0.95105652
vn 0.30901699 6.1843704e-16 -0.95105652
vn 0.80901699 6.1843704e-16 -0.58778525
vn 0.80901699 6.1843704e-16 -0.58778525
vn 1.00000000 0.0000000e+0 0.0000000e+0
vn 1.00000000 0.0000000e+0 0.0000000e+0
vn 0.80901699 -6.1843704e-16 0.58778525
vn 0.80901699 -6.1843704e-16 0.58778525
vn 0.30901699 -6.1843704e-16 0.95105652
vn 0.30901699 -6.1843704e-16 0.95105652
vn -0.30901699 -6.1843704e-16 0.95105652
vn -0.30901699 -6.1843704e-16 0.95105652
vn -0.80901699 -6.1843704e-16 0.58778525
vn -0.80901699 -6.1843704e-16 0.58778525
vn -1.00000000 0.0000000e+0 0.0000000e+0
vn -1.00000000 0.0000000e+0 0.0000000e+0
vn -0.80901699 -6.1843704e-16 -0.58778525
vn -0.80901699 -6.1843704e-16 -0.58778525
vn -0.30901699 -6.1843704e-16 -0.95105652
vn -0.30901699 -6.1843704e-16 -0.95105652
vn 0.30901699 -6.1843704e-16 -0.95105652
vn 0.30901699 -6.1843704e-16 -0.95105652
vn 0.80901699 -6.1843704e-16 -0.58778525
vn 0.80901699 -6.1843704e-16 -0.58778525
vn 1.00000000 0.0000000e+0 0.0000000e+0
vn 1.00000000 0.0000000e+0 0.0000000e+0
vn 0.80901699 -6.1843704e-16 0.58778525
vn 0.80901699 -6.1843704e-16 0.58778525
vn 0.30901699 -6.1843704e-16 0.95105652
vn 0.30901699 -6.1843704e-16 0.95105652
vn -0.30901699 -6.1843704e-16 0.95105652
vn -0.30901699 -6.1843704e-16 0.95105652
vn -0.80901699 -6.1843704e-16 0.58778525
vn -0.80901699 -6.1843704e-16 0.58778525
vn -1.00000000 0.0000000e+0 0.0000000e+0
vn -1.00000000 0.0000000e+0 0.0000000e+0
vn -0.80901699 -6.1843704e-16 -0.58778525
vn -0.80901699 -6.1843704e-16 -0.58778525
vn -0.30901699 -6.1843704e-16 -0.95105652
vn -0.30901699 -6.1843704e-16 -0.95105652
vn 0.30901699 -6.1843704e-16 -0.95105652
vn 0.30901699 -6.1843704e-16 -0.95105652
vn 0.80901699 -6.1843704e-16 -0.58778525
vn 0.80901699 -6.1843704e-16 -0.58778525
vn 2.3288784e-14 2.4737482e-15 -1.00000000
vn 2.3288784e-14 2.4737482e-15 -1.00000000
vn 0.58778525 1.2368741e-15 -0.80901699
vn 0.58778525 1.2368741e-15 -0.80901699
vn 0.95105652 0.0000000e+0 -0.30901699
vn 0.95105652 0.0000000e+0 -0.30901699
vn 0.95105652 0.0000000e+0 0.30901699
vn 0.95105652 0.0000000e+0 0.30901699
vn 0.58778525 0.0000000e+0 0.80901699
vn 0.58778525 0.0000000e+0 0.80901699
vn 2.3288784e-14 -1.2368741e-15 1.00000000
vn 2.3288784e-14 -1.2368741e-15 1.00000000
vn -0.58778525 -1.2368741e-15 0.80901699
vn -0.58778525 -1.2368741e-15 0.80901699
vn -0.95105652 0.0000000e+0 0.30901699
vn -0.95105652 0.0000000e+0 0.30901699
vn -0.95105652 0.0000000e+0 -0.30901699
vn -0.95105652 0.0000000e+0 -0.30901699
vn -0.58778525 1.2368741e-15 -0.80901699
vn -0.58778525 1.2368741e-15 -0.80901699
vn 2.3288784e-14 2.4737482e-15 -1.00000000
vn 2.3288784e-14 2.4737482e-15 -1.00000000
vn 0.58778525 1.2368741e-15 -0.80901699
vn 0.58778525 1.2368741e-15 -0.80901699
vn 0.95105652 0.0000000e+0 -0.30901699
vn 0.95105652 0.0000000e+0 -0.30901699
vn 0.95105652 0.0000000e+0 0.30901699
vn 0.95105652 0.0000000e+0 0.30901699
vn 0.58778525 0.0000000e+0 0.80901699
vn 0.58778525 0.0000000e+0 0.80901699
vn 2.3288784e-14 -1.2368741e-15 1.00000000
vn 2.3288784e-14 -1.2368741e-15 1.00000000
vn -0.58778525 -1.2368741e-15 0.80901699
vn -0.58778525 -1.2368741e-15 0.80901699
vn -0.95105652 0.0000000e+0 0.30901699
vn -0.95105652 0.0000000e+0 0.30901699
vn -0.95105652 0.0000000e+0 -0.30901699
vn -0.95105652 0.0000000e+0 -0.30901699
vn -0.58778525 1.2368741e-15 -0.80901699
vn -0.58778525 1.2368741e-15 -0.80901699
vn -1.4591970e-15 2.4737482e-15 -1.00000000
vn -1.4591970e-15 2.4737482e-15 -1.00000000
vn 0.58778525 1.2368741e-15 -0.80901699
vn 0.58778525 1.2368741e-15 -0.80901699
vn 0.95105652 0.0000000e+0 -0.30901699
vn 0.95105652 0.0000000e+0 -0.30901699
vn 0.95105652 -6.1843704e-16 0.30901699
vn 0.95105652 -6.1843704e-16 0.30901699
vn 0.58778525 -6.1843704e-16 0.80901699
vn 0.58778525 -6.1843704e-16 0.80901699
vn -1.4591970e-15 0.0000000e+0 1.00000000
vn -1.4591970e-15 0.0000000e+0 1.00000000
vn -0.58778525 -6.1843704e-16 0.80901699
vn -0.58778525 -6.1843704e-16 0.80901699
vn -0.95105652 -6.1843704e-16 0.30901699
vn -0.95105652 -6.1843704e-16 0.30901699
vn -0.95105652 0.0000000e+0 -0.30901699
vn -0.95105652 0.0000000e+0 -0.30901699
vn -0.58778525 1.2368741e-15 -0.80901699
vn -0.58778525 1.2368741e-15 -0.80901699
vn -1.4591970e-15 2.4737482e-15 -1.00000000
vn -1.4591970e-15 2.4737482e-15 -1.00000000
vn 0.58778525 1.2368741e-15 -0.80901699
vn 0.58778525 1.2368741e-15 -0.80901699
vn 0.95105652 0.0000000e+0 -0.30901699
vn 0.95105652 0.0000000e+0 -0.30901699
vn 0.95105652 -6.1843704e-16 0.30901699
vn 0.95105652 -6.1843704e-16 0.30901699
vn 0.58778525 -6.1843704e-16 0.80901699
vn 0.58778525 -6.1843704e-16 0.80901699
vn -1.4591970e-15 0.0000000e+0 1.00000000
vn -1.4591970e-15 0.0000000e+0 1.00000000
vn -0.58778525 -6.1843704e-16 0.80901699
vn -0.58778525 -6.1843704e-16 0.80901699
vn -0.95105652 -6.1843704e-16 0.30901699
vn -0.95105652 -6.1843704e-16 0.30901699
vn -0.95105652 0.0000000e+0 -0.30901699
vn -0.95105652 0.0000000e+0 -0.30901699
vn -0.58778525 1.2368741e-15 -0.80901699
vn -0.58778525 1.2368741e-15 -0.80901699
vn 2.3288784e-14 2.4737482e-15 -1.00000000
vn 2.3288784e-14 2.4737482e-15 -1.00000000
vn 0.58778525 1.2368741e-15 -0.80901699
vn 0.58778525 1.2368741e-15 -0.80901699
vn 0.95105652 0.0000000e+0 -0.30901699
vn 0.95105652 0.0000000e+0 -0.30901699
vn 0.95105652 0.0000000e+0 0.30901699
vn 0.95105652 0.0000000e+0 0.30901699
vn 0.58778525 0.0000000e+0 0.80901699
vn 0.58778525 0.0000000e+0 0.80901699
vn 2.3288784e-14 -1.2368741e-15 1.00000000
vn 2.3288784e-14 -1.2368741e-15 1.00000000
vn -0.58778525 -1.2368741e-15 0.80901699
vn -0.58778525 -1.2368741e-15 0.80901699
vn -0.95105652 0.0000000e+0 0.30901699
vn -0.95105652 0.0000000e+0 0.30901699
vn -0.95105652 0.0000000e+0 -0.30901699
vn -0.95105652 0.0000000e+0 -0.30901699
vn -0.58778525 1.2368741e-15 -0.80901699
vn -0.58778525 1.2368741e-15 -0.80901699
vn 2.3288784e-14 2.4737482e-15 -1.00000000
vn 2.3288784e-14 2.4737482e-15 -1.00000000
vn 0.58778525 1.2368741e-15 -0.80901699
vn 0.58778525 1.2368741e-15 -0.80901699
vn 0.95105652 0.0000000e+0 -0.30901699
vn 0.95105652 0.0000000e+0 -0.30901699
vn 0.95105652 0.0000000e+0 0.30901699
vn 0.95105652 0.0000000e+0 0.30901699
vn 0.58778525 0.0000000e+0 0.80901699
vn 0.58778525 0.0000000e+0 0.80901699
vn 2.3288784e-14 -1.2368741e-15 1.00000000
vn 2.3288784e-14 -1.2368741e-15 1.00000000
vn -0.58778525 -1.2368741e-15 0.80901699
vn -0.58778525 -1.2368741e-15 0.80901699
vn -0.95105652 0.0000000e+0 0.30901699
vn -0.95105652 0.0000000e+0 0.30901699
vn -0.95105652 0.0000000e+0 -0.30901699
vn -0.95105652 0.0000000e+0 -0.30901699
vn -0.58778525 1.2368741e-15 -0.80901699
vn -0.58778525 1.2368741e-15 -0.80901699
vn 2.8892100e-15 2.4737482e-15 -1.00000000
vn 2.8892100e-15 2.4737482e-15 -1.00000000
vn 0.58778525 1.2368741e-15 -0.80901699
vn 0.58778525 1.2368741e-15 -0.80901699
vn 0.95105652 0.0000000e+0 -0.30901699
vn 0.95105652 0.0000000e+0 -0.30901699
vn 0.95105652 -6.1843704e-16 0.30901699
vn 0.95105652 -6.1843704e-16 0.30901699
vn 0.58778525 -6.1843704e-16 0.80901699
vn 0.58778525 -6.1843704e-16 0.80901699
vn 2.9183939e-15 0.0000000e+0 1.00000000
vn 2.9183939e-15 0.0000000e+0 1.00000000
vn -0.58778525 -6.1843704e-16 0.80901699
vn -0.58778525 -6.1843704e-16 0.80901699
vn -0.95105652 -6.1843704e-16 0.30901699
vn -0.95105652 -6.1843704e-16 0.30901699
vn -0.95105652 0.0000000e+0 -0.30901699
vn -0.95105652 0.0000000e+0 -0.30901699
vn -0.58778525 1.2368741e-15 -0.80901699
vn -0.58778525 1.2368741e-15 -0.80901699
vn 2.8892100e-15 2.4737482e-15 -1.00000000
vn 2.8892100e-15 2.4737482e-15 -1.00000000
vn 0.58778525 1.2368741e-15 -0.80901699
vn 0.58778525 1.2368741e-15 -0.80901699
vn 0.95105652 0.0000000e+0 -0.30901699
vn 0.95105652 0.0000000e+0 -0.30901699
vn 0.95105652 -6.1843704e-16 0.30901699
vn 0.95105652 -6.1843704e-16 0.30901699
vn 0.58778525 -6.1843704e-16 0.80901699
vn 0.58778525 -6.1843704e-16 0.80901699
vn 2.9183939e-15 0.0000000e+0 1.00000000
vn 2.9183939e-15 0.0000000e+0 1.00000000
vn -0.58778525 -6.1843704e-16 0.80901699
vn -0.58778525 -6.1843704e-16 0.80901699
vn -0.95105652 -6.1843704e-16 0.30901699
vn -0.95105652 -6.1843704e-16 0.30901699
vn -0.95105652 0.0000000e+0 -0.30901699
vn -0.95105652 0.0000000e+0 -0.30901699
vn -0.58778525 1.2368741e-15 -0.80901699
vn -0.58778525 1.2368741e-15 -0.80901699
vn 2.3288784e-14 -7.7304630e-17 -1.00000000
vn 2.3288784e-14 -7.7304630e-17 -1.00000000
vn 0.58778525 0.0000000e+0 -0.80901699
vn 0.58778525 0.0000000e+0 -0.80901699
vn 0.95105652 0.0000000e+0 -0.30901699
vn 0.95105652 0.0000000e+0 -0.30901699
vn 0.95105652 0.0000000e+0 0.30901699
vn 0.95105652 0.0000000e+0 0.30901699
vn 0.58778525 7.7304630e-17 0.80901699
vn 0.58778525 7.7304630e-17 0.80901699
vn 2.3288784e-14 1.5460926e-16 1.00000000
vn 2.3288784e-14 1.5460926e-16 1.00000000
vn -0.58778525 7.7304630e-17 0.80901699
vn -0.58778525 7.7304630e-17 0.80901699
vn -0.95105652 0.0000000e+0 0.30901699
vn -0.95105652 0.0000000e+0 0.30901699
vn -0.95105652 0.0000000e+0 -0.30901699
vn -0.95105652 0.0000000e+0 -0.30901699
vn -0.58778525 -7.7304630e-17 -0.80901699
vn -0.58778525 -7.7304630e-17 -0.80901699
vn 2.3288784e-14 -7.7304630e-17 -1.00000000
vn 2.3288784e-14 -7.7304630e-17 -1.00000000
vn 0.58778525 0.0000000e+0 -0.80901699
vn 0.58778525 0.0000000e+0 -0.80901699
vn 0.95105652 0.0000000e+0 -0.30901699
vn 0.95105652 0.0000000e+0 -0.30901699
vn 0.95105652 0.0000000e+0 0.30901699
vn 0.95105652 0.0000000e+0 0.30901699
vn 0.58778525 7.7304630e-17 0.80901699
vn 0.58778525 7.7304630e-17 0.80901699
vn 2.3288784e-14 1.5460926e-16 1.00000000
vn 2.3288784e-14 1.5460926e-16 1.00000000
vn -0.58778525 7.7304630e-17 0.80901699
vn -0.58778525 7.7304630e-17 0.80901699
vn -0.95105652 0.0000000e+0 0.30901699
vn -0.95105652 0.0000000e+0 0.30901699
vn -0.95105652 0.0000000e+0 -0.30901699
vn -0.95105652 0.0000000e+0 -0.30901699
vn -0.58778525 -7.7304630e-17 -0.80901699
vn -0.58778525 -7.7304630e-17 -0.80901699
vn -1.4591970e-15 0.0000000e+0 -1.00000000
vn -1.4591970e-15 0.0000000e+0 -1.00000000
vn 0.58778525 3.8652315e-17 -0.80901699
vn 0.58778525 3.8652315e-17 -0.80901699
vn 0.95105652 3.8652315e-17 -0.30901699
vn 0.95105652 3.8652315e-17 -0.30901699
vn 0.95105652 3.8652315e-17 0.30901699
vn 0.95105652 3.8652315e-17 0.30901699
vn 0.58778525 1.1595695e-16 0.80901699
vn 0.58778525 1.1595695e-16 0.80901699
vn -1.4591970e-15 1.5460926e-16 1.00000000
vn -1.4591970e-15 1.5460926e-16 1.00000000
vn -0.58778525 1.1595695e-16 0.80901699
vn -0.58778525 1.1595695e-16 0.80901699
vn -0.95105652 3.8652315e-17 0.30901699
vn -0.95105652 3.8652315e-17 0.30901699
vn -0.95105652 3.8652315e-17 -0.30901699
vn -0.95105652 3.8652315e-17 -0.30901699
vn -0.58778525 3.8652315e-17 -0.80901699
vn -0.58778525 3.8652315e-17 -0.80901699
vn -1.4591970e-15 0.0000000e+0 -1.00000000
vn -1.4591970e-15 0.0000000e+0 -1.00000000
vn 0.58778525 3.8652315e-17 -0.80901699
vn 0.58778525 3.8652315e-17 -0.80901699
vn 0.95105652 3.8652315e-17 -0.30901699
vn 0.95105652 3.8652315e-17 -0.30901699
vn 0.95105652 3.8652315e-17 0.30901699
vn 0.95105652 3.8652315e-17 0.30901699
vn 0.58778525 1.1595695e-16 0.80901699
vn 0.58778525 1.1595695e-16 0.80901699
vn -1.4591970e-15 1.5460926e-16 1.00000000
vn -1.4591970e-15 1.5460926e-16 1.00000000
vn -0.58778525 1.1595695e-16 0.80901699
vn -0.58778525 1.1595695e-16 0.80901699
vn -0.95105652 3.8652315e-17 0.30901699
vn -0.95105652 3.8652315e-17 0.30901699
vn -0.95105652 3.8652315e-17 -0.30901699
vn -0.95105652 3.8652315e-17 -0.30901699
vn -0.58778525 3.8652315e-17 -0.80901699
vn -0.58778525 3.8652315e-17 -0.80901699
vn 2.3288784e-14 -7.7304630e-17 -1.00000000
vn 2.3288784e-14 -7.7304630e-17 -1.00000000
vn 0.58778525 0.0000000e+0 -0.80901699
vn 0.58778525 0.0000000e+0 -0.80901699
vn 0.95105652 0.0000000e+0 -0.30901699
vn 0.95105652 0.0000000e+0 -0.30901699
vn 0.95105652 0.0000000e+0 0.30901699
vn 0.95105652 0.0000000e+0 0.30901699
vn 0.58778525 7.7304630e-17 0.80901699
vn 0.58778525 7.7304630e-17 0.80901699
vn 2.3288784e-14 1.5460926e-16 1.00000000
vn 2.3288784e-14 1.5460926e-16 1.00000000
vn -0.58778525 7.7304630e-17 0.80901699
vn -0.58778525 7.7304630e-17 0.80901699
vn -0.95105652 0.0000000e+0 0.30901699
vn -0.95105652 0.0000000e+0 0.30901699
vn -0.95105652 0.0000000e+0 -0.30901699
vn -0.95105652 0.0000000e+0 -0.30901699
vn -0.58778525 -7.7304630e-17 -0.80901699
vn -0.58778525 -7.7304630e-17 -0.80901699
vn 2.3288784e-14 -7.7304630e-17 -1.00000000
vn 2.3288784e-14 -7.7304630e-17 -1.00000000
vn 0.58778525 0.0000000e+0 -0.80901699
vn 0.58778525 0.0000000e+0 -0.80901699
vn 0.95105652 0.0000000e+0 -0.30901699
vn 0.95105652 0.0000000e+0 -0.30901699
vn 0.95105652 0.0000000e+0 0.30901699
vn 0.95105652 0.0000000e+0 0.30901699
vn 0.58778525 7.7304630e-17 0.80901699
vn 0.58778525 7.7304630e-17 0.80901699
vn 2.3288784e-14 1.5460926e-16 1.00000000
vn 2.3288784e-14 1.5460926e-16 1.00000000
vn -0.58778525 7.7304630e-17 0.80901699
vn -0.58778525 7.7304630e-17 0.80901699
vn -0.95105652 0.0000000e+0 0.30901699
vn -0.95105652 0.0000000e+0 0.30901699
vn -0.95105652 0.0000000e+0 -0.30901699
vn -0.95105652 0.0000000e+0 -0.30901699
vn -0.58778525 -7.7304630e-17 -0.80901699
vn -0.58778525 -7.7304630e-17 -0.80901699
vn 2.8892100e-15 0.0000000e+0 -1.00000000
vn 2.8892100e-15 0.0000000e+0 -1.00000000
vn 0.58778525 3.8652315e-17 -0.80901699
vn 0.58778525 3.8652315e-17 -0.80901699
vn 0.95105652 3.8652315e-17 -0.30901699
vn 0.95105652 3.8652315e-17 -0.30901699
vn 0.95105652 3.8652315e-17 0.30901699
vn 0.95105652 3.8652315e-17 0.30901699
vn 0.58778525 1.1595695e-16 0.80901699
vn 0.58778525 1.1595695e-16 0.80901699
vn 2.9183939e-15 1.5460926e-16 1.00000000
vn 2.9183939e-15 1.5460926e-16 1.00000000
vn -0.58778525 1.1595695e-16 0.80901699
vn -0.58778525 1.1595695e-16 0.80901699
vn -0.95105652 3.8652315e-17 0.30901699
vn -0.95105652 3.8652315e-17 0.30901699
vn -0.95105652 3.8652315e-17 -0.30901699
vn -0.95105652 3.8652315e-17 -0.30901699
vn -0.58778525 3.8652315e-17 -0.80901699
vn -0.58778525 3.8652315e-17 -0.80901699
vn 2.8892100e-15 0.0000000e+0 -1.00000000
vn 2.8892100e-15 0.0000000e+0 -1.00000000
vn 0.58778525 3.8652315e-17 -0.80901699
vn 0.58778525 3.8652315e-17 -0.80901699
vn 0.95105652 3.8652315e-17 -0.30901699
vn 0.95105652 3.8652315e-17 -0.30901699
vn 0.95105652 3.8652315e-17 0.30901699
vn 0.95105652 3.8652315e-17 0.30901699
vn 0.58778525 1.1595695e-16 0.80901699
vn 0.58778525 1.1595695e-16 0.80901699
vn 2.9183939e-15 1.5460926e-16 1.00000000
vn 2.9183939e-15 1.5460926e-16 1.00000000
vn -0.58778525 1.1595695e-16 0.80901699
vn -0.58778525 1.1595695e-16 0.80901699
vn -0.95105652 3.8652315e-17 0.30901699
vn -0.95105652 3.8652315e-17 0.30901699
vn -0.95105652 3.8652315e-17 -0.30901699
vn -0.95105652 3.8652315e-17 -0.30901699
vn -0.58778525 3.8652315e-17 -0.80901699
vn -0.58778525 3.8652315e-17 -0.80901699
vn 1.00000000 3.0921852e-16 1.1265001e-14
vn 1.00000000 3.0921852e-16 1.1265001e-14
vn 0.80901699 1.5460926e-16 0.58778525
vn 0.80901699 1.5460926e-16 0.58778525
vn 0.30901699 0.0000000e+0 0.95105652
vn 0.30901699 0.0000000e+0 0.95105652
vn -0.30901699 0.0000000e+0 0.95105652
vn -0.30901699 0.0000000e+0 0.95105652
vn -0.80901699 1.5460926e-16 0.58778525
vn -0.80901699 1.5460926e-16 0.58778525
vn -1.00000000 3.0921852e-16 1.1265001e-14
vn -1.00000000 3.0921852e-16 1.1265001e-14
vn -0.80901699 1.5460926e-16 -0.58778525
vn -0.80901699 1.5460926e-16 -0.58778525
vn -0.30901699 0.0000000e+0 -0.95105652
vn -0.30901699 0.0000000e+0 -0.95105652
vn 0.30901699 0.0000000e+0 -0.95105652
vn 0.30901699 0.0000000e+0 -0.95105652
vn 0.80901699 1.5460926e-16 -0.58778525
vn 0.80901699 1.5460926e-16 -0.58778525
vn 1.00000000 3.0921852e-16 1.1265001e-14
vn 1.00000000 3.0921852e-16 1.1265001e-14
vn 0.80901699 1.5460926e-16 0.58778525
vn 0.80901699 1.5460926e-16 0.58778525
vn 0.30901699 0.0000000e+0 0.95105652
vn 0.30901699 0.0000000e+0 0.95105652
vn -0.30901699 0.0000000e+0 0.95105652
vn -0.30901699 0.0000000e+0 0.95105652
vn -0.80901699 1.5460926e-16 0.58778525
vn -0.80901699 1.5460926e-16 0.58778525
vn -1.00000000 3.0921852e-16 1.1265001e-14
vn -1.00000000 3.0921852e-16 1.1265001e-14
vn -0.80901699 1.5460926e-16 -0.58778525
vn -0.80901699 1.5460926e-16 -0.58778525
vn -0.30901699 0.0000000e+0 -0.95105652
vn -0.30901699 0.0000000e+0 -0.95105652
vn 0.30901699 0.0000000e+0 -0.95105652
vn 0.30901699 0.0000000e+0 -0.95105652
vn 0.80901699 1.5460926e-16 -0.58778525
vn 0.80901699 1.5460926e-16 -0.58778525
vn 1.00000000 -5.3525926e-30 1.1265001e-14
vn 1.00000000 -5.3525926e-30 1.1265001e-14
vn 0.80901699 -2.3191389e-16 0.58778525
vn 0.80901699 -2.3191389e-16 0.58778525
vn 0.30901699 -1.5460926e-16 0.95105652
vn 0.30901699 -1.5460926e-16 0.95105652
vn -0.30901699 -1.5460926e-16 0.95105652
vn -0.30901699 -1.5460926e-16 0.95105652
vn -0.80901699 -2.3191389e-16 0.58778525
vn -0.80901699 -2.3191389e-16 0.58778525
vn -1.00000000 -5.3525926e-30 1.1265001e-14
vn -1.00000000 -5.3525926e-30 1.1265001e-14
vn -0.80901699 -7.7304630e-17 -0.58778525
vn -0.80901699 -7.7304630e-17 -0.58778525
vn -0.30901699 -1.5460926e-16 -0.95105652
vn -0.30901699 -1.5460926e-16 -0.95105652
vn 0.30901699 -1.5460926e-16 -0.95105652
vn 0.30901699 -1.5460926e-16 -0.95105652
vn 0.80901699 -7.7304630e-17 -0.58778525
vn 0.80901699 -7.7304630e-17 -0.58778525
vn 1.00000000 -5.3525926e-30 1.1265001e-14
vn 1.00000000 -5.3525926e-30 1.1265001e-14
vn 0.80901699 -2.3191389e-16 0.58778525
vn 0.80901699 -2.3191389e-16 0.58778525
vn 0.30901699 -1.5460926e-16 0.95105652
vn 0.30901699 -1.5460926e-16 0.95105652
vn -0.30901699 -1.5460926e-16 0.95105652
vn -0.30901699 -1.5460926e-16 0.95105652
vn -0.80901699 -2.3191389e-16 0.58778525
vn -0.80901699 -2.3191389e-16 0.58778525
vn -1.00000000 -5.3525926e-30 1.1265001e-14
vn -1.00000000 -5.3525926e-30 1.1265001e-14
vn -0.80901699 -7.7304630e-17 -0.58778525
vn -0.80901699 -7.7304630e-17 -0.58778525
vn -0.30901699 -1.5460926e-16 -0.95105652
vn -0.30901699 -1.5460926e-16 -0.95105652
vn 0.30901699 -1.5460926e-16 -0.95105652
vn 0.30901699 -1.5460926e-16 -0.95105652
vn 0.80901699 -7.7304630e-17 -0.58778525
vn 0.80901699 -7.7304630e-17 -0.58778525
vn 1.00000000 3.0921852e-16 1.1265001e-14
vn 1.00000000 3.0921852e-16 1.1265001e-14
vn 0.80901699 1.5460926e-16 0.58778525
vn 0.80901699 1.5460926e-16 0.58778525
vn 0.30901699 0.0000000e+0 0.95105652
vn 0.30901699 0.0000000e+0 0.95105652
vn -0.30901699 0.0000000e+0 0.95105652
vn -0.30901699 0.0000000e+0 0.95105652
vn -0.80901699 1.5460926e-16 0.58778525
vn -0.80901699 1.5460926e-16 0.58778525
vn -1.00000000 3.0921852e-16 1.1265001e-14
vn -1.00000000 3.0921852e-16 1.1265001e-14
vn -0.80901699 1.5460926e-16 -0.58778525
vn -0.80901699 1.5460926e-16 -0.58778525
vn -0.30901699 0.0000000e+0 -0.95105652
vn -0.30901699 0.0000000e+0 -0.95105652
vn 0.30901699 0.0000000e+0 -0.95105652
vn 0.30901699 0.0000000e+0 -0.95105652
vn 0.80901699 1.5460926e-16 -0.58778525
vn 0.80901699 1.5460926e-16 -0.58778525
vn 1.00000000 3.0921852e-16 1.1265001e-14
vn 1.00000000 3.0921852e-16 1.1265001e-14
vn 0.80901699 1.5460926e-16 0.58778525
vn 0.80901699 1.5460926e-16 0.58778525
vn 0.30901699 0.0000000e+0 0.95105652
vn 0.30901699 0.0000000e+0 0.95105652
vn -0.30901699 0.0000000e+0 0.95105652
vn -0.30901699 0.0000000e+0 0.95105652
vn -0.80901699 1.5460926e-16 0.58778525
vn -0.80901699 1.5460926e-16 0.58778525
vn -1.00000000 3.0921852e-16 1.1265001e-14
vn -1.00000000 3.0921852e-16 1.1265001e-14
vn -0.80901699 1.5460926e-16 -0.58778525
vn -0.80901699 1.5460926e-16 -0.58778525
vn -0.30901699 0.0000000e+0 -0.95105652
vn -0.30901699 0.0000000e+0 -0.95105652
vn 0.30901699 0.0000000e+0 -0.95105652
vn 0.30901699 0.0000000e+0 -0.95105652
vn 0.80901699 1.5460926e-16 -0.58778525
vn 0.80901699 1.5460926e-16 -0.58778525
vn 1.00000000 -5.3525926e-30 1.1265001e-14
vn 1.00000000 -5.3525926e-30 1.1265001e-14
vn 0.80901699 -2.3191389e-16 0.58778525
vn 0.80901699 -2.3191389e-16 0.58778525
vn 0.30901699 -1.5460926e-16 0.95105652
vn 0.30901699 -1.5460926e-16 0.95105652
vn -0.30901699 -1.5460926e-16 0.95105652
vn -0.30901699 -1.5460926e-16 0.95105652
vn -0.80901699 -2.3191389e-16 0.58778525
vn -0.80901699 -2.3191389e-16 0.58778525
vn -1.00000000 -5.3525926e-30 1.1265001e-14
vn -1.00000000 -5.3525926e-30 1.1265001e-14
vn -0.80901699 -7.7304630e-17 -0.58778525
vn -0.80901699 -7.7304630e-17 -0.58778525
vn -0.30901699 -1.5460926e-16 -0.95105652
vn -0.30901699 -1.5460926e-16 -0.95105652
vn 0.30901699 -1.5460926e-16 -0.95105652
vn 0.30901699 -1.5460926e-16 -0.95105652
vn 0.80901699 -7.7304630e-17 -0.58778525
vn 0.80901699 -7.7304630e-17 -0.58778525
vn 1.00000000 -5.3525926e-30 1.1265001e-14
vn 1.00000000 -5.3525926e-30 1.1265001e-14
vn 0.80901699 -2.3191389e-16 0.58778525
vn 0.80901699 -2.3191389e-16 0.58778525
vn 0.30901699 -1.5460926e-16 0.95105652
vn 0.30901699 -1.5460926e-16 0.95105652
vn -0.30901699 -1.5460926e-16 0.95105652
vn -0.30901699 -1.5460926e-16 0.95105652
vn -0.80901699 -2.3191389e-16 0.58778525
vn -0.80901699 -2.3191389e-16 0.58778525
vn -1.00000000 -5.3525926e-30 1.1265001e-14
vn -1.00000000 -5.3525926e-30 1.1265001e-14
vn -0.80901699 -7.7304630e-17 -0.58778525
vn -0.80901699 -7.7304630e-17 -0.58778525
vn -0.30901699 -1.5460926e-16 -0.95105652
vn -0.30901699 -1.5460926e-16 -0.95105652
vn 0.30901699 -1.5460926e-16 -0.95105652
vn 0.30901699 -1.5460926e-16 -0.95105652
vn 0.80901699 -7.7304630e-17 -0.58778525
vn 0.80901699 -7.7304630e-17 -0.58778525
vn 1.00000000 0.0000000e+0 2.2179794e-14
vn 1.00000000 0.0000000e+0 2.2179794e-14
vn 0.80901699 0.0000000e+0 0.58778525
vn 0.80901699 0.0000000e+0 0.58778525
vn 0.30901699 0.0000000e+0 0.95105652
vn 0.30901699 0.0000000e+0 0.95105652
vn -0.30901699 0.0000000e+0 0.95105652
vn -0.30901699 0.0000000e+0 0.95105652
vn -0.80901699 0.0000000e+0 0.58778525
vn -0.80901699 0.0000000e+0 0.58778525
vn -1.00000000 0.0000000e+0 2.2179794e-14
vn -1.00000000 0.0000000e+0 2.2179794e-14
vn -0.80901699 -6.1843704e-16 -0.58778525
vn -0.80901699 -6.1843704e-16 -0.58778525
vn -0.30901699 -6.1843704e-16 -0.95105652
vn -0.30901699 -6.1843704e-16 -0.95105652
vn 0.30901699 -6.1843704e-16 -0.95105652
vn 0.30901699 -6.1843704e-16 -0.95105652
vn 0.80901699 -6.1843704e-16 -0.58778525
vn 0.80901699 -6.1843704e-16 -0.58778525
vn 1.00000000 0.0000000e+0 2.2179794e-14
vn 1.00000000 0.0000000e+0 2.2179794e-14
vn 0.80901699 0.0000000e+0 0.58778525
vn 0.80901699 0.0000000e+0 0.58778525
vn 0.30901699 0.0000000e+0 0.95105652
vn 0.30901699 0.0000000e+0 0.95105652
vn -0.30901699 0.0000000e+0 0.95105652
vn -0.30901699 0.0000000e+0 0.95105652
vn -0.80901699 0.0000000e+0 0.58778525
vn -0.80901699 0.0000000e+0 0.58778525
vn -1.00000000 0.0000000e+0 2.2179794e-14
vn -1.00000000 0.0000000e+0 2.2179794e-14
vn -0.80901699 -6.1843704e-16 -0.58778525
vn -0.80901699 -6.1843704e-16 -0.58778525
vn -0.30901699 -6.1843704e-16 -0.95105652
vn -0.30901699 -6.1843704e-16 -0.95105652
vn 0.30901699 -6.1843704e-16 -0.95105652
vn 0.30901699 -6.1843704e-16 -0.95105652
vn 0.80901699 -6.1843704e-16 -0.58778525
vn 0.80901699 -6.1843704e-16 -0.58778525
vn 1.00000000 1.9326158e-17 2.7432903e-15
vn 1.00000000 1.9326158e-17 2.7432903e-15
vn 0.80901699 -3.8652315e-17 0.58778525
vn 0.80901699 -3.8652315e-17 0.58778525
vn 0.30901699 -3.8652315e-17 0.95105652
vn 0.30901699 -3.8652315e-17 0.95105652
vn -0.30901699 -3.8652315e-17 0.95105652
vn -0.30901699 -3.8652315e-17 0.95105652
vn -0.80901699 -3.8652315e-17 0.58778525
vn -0.80901699 -3.8652315e-17 0.58778525
vn -1.00000000 1.9326158e-17 2.6849224e-15
vn -1.00000000 1.9326158e-17 2.6849224e-15
vn -0.80901699 1.9326158e-17 -0.58778525
vn -0.80901699 1.9326158e-17 -0.58778525
vn -0.30901699 0.0000000e+0 -0.95105652
vn -0.30901699 0.0000000e+0 -0.95105652
vn 0.30901699 0.0000000e+0 -0.95105652
vn 0.30901699 0.0000000e+0 -0.95105652
vn 0.80901699 1.9326158e-17 -0.58778525
vn 0.80901699 1.9326158e-17 -0.58778525
vn 1.00000000 1.9326158e-17 2.7432903e-15
vn 1.00000000 1.9326158e-17 2.7432903e-15
vn 0.80901699 -3.8652315e-17 0.58778525
vn 0.80901699 -3.8652315e-17 0.58778525
vn 0.30901699 -3.8652315e-17 0.95105652
vn 0.30901699 -3.8652315e-17 0.95105652
vn -0.30901699 -3.8652315e-17 0.95105652
vn -0.30901699 -3.8652315e-17 0.95105652
vn -0.80901699 -3.8652315e-17 0.58778525
vn -0.80901699 -3.8652315e-17 0.58778525
vn -1.00000000 1.9326158e-17 2.6849224e-15
vn -1.00000000 1.9326158e-17 2.6849224e-15
vn -0.80901699 1.9326158e-17 -0.58778525
vn -0.80901699 1.9326158e-17 -0.58778525
vn -0.30901699 0.0000000e+0 -0.95105652
vn -0.30901699 0.0000000e+0 -0.95105652
vn 0.30901699 0.0000000e+0 -0.95105652
vn 0.30901699 0.0000000e+0 -0.95105652
vn 0.80901699 1.9326158e-17 -0.58778525
vn 0.80901699 1.9326158e-17 -0.58778525
vn 1.00000000 -6.0394242e-19 5.0196376e-15
vn 1.00000000 -6.0394242e-19 5.0196376e-15
vn 0.80901699 0.0000000e+0 0.58778525
vn 0.80901699 0.0000000e+0 0.58778525
vn 0.30901699 0.0000000e+0 0.95105652
vn 0.30901699 0.0000000e+0 0.95105652
vn -0.30901699 0.0000000e+0 0.95105652
vn -0.30901699 0.0000000e+0 0.95105652
vn -0.80901699 0.0000000e+0 0.58778525
vn -0.80901699 0.0000000e+0 0.58778525
vn -1.00000000 -1.2078848e-18 4.9904536e-15
vn -1.00000000 -1.2078848e-18 4.9904536e-15
vn -0.80901699 -1.2078848e-18 -0.58778525
vn -0.80901699 -1.2078848e-18 -0.58778525
vn -0.30901699 0.0000000e+0 -0.95105652
vn -0.30901699 0.0000000e+0 -0.95105652
vn 0.30901699 0.0000000e+0 -0.95105652
vn 0.30901699 0.0000000e+0 -0.95105652
vn 0.80901699 -6.0394242e-19 -0.58778525
vn 0.80901699 -6.0394242e-19 -0.58778525
vn 1.00000000 -6.0394242e-19 5.0196376e-15
vn 1.00000000 -6.0394242e-19 5.0196376e-15
vn 0.80901699 0.0000000e+0 0.58778525
vn 0.80901699 0.0000000e+0 0.58778525
vn 0.30901699 0.0000000e+0 0.95105652
vn 0.30901699 0.0000000e+0 0.95105652
vn -0.30901699 0.0000000e+0 0.95105652
vn -0.30901699 0.0000000e+0 0.95105652
vn -0.80901699 0.0000000e+0 0.58778525
vn -0.80901699 0.0000000e+0 0.58778525
vn -1.00000000 -1.2078848e-18 4.9904536e-15
vn -1.00000000 -1.2078848e-18 4.9904536e-15
vn -0.80901699 -1.2078848e-18 -0.58778525
vn -0.80901699 -1.2078848e-18 -0.58778525
vn -0.30901699 0.0000000e+0 -0.95105652
vn -0.30901699 0.0000000e+0 -0.95105652
vn 0.30901699 0.0000000e+0 -0.95105652
vn 0.30901699 0.0000000e+0 -0.95105652
vn 0.80901699 -6.0394242e-19 -0.58778525
vn 0.80901699 -6.0394242e-19 -0.58778525
vn 0.0000000e+0 0.0000000e+0 -1.00000000
vn 0.0000000e+0 0.0000000e+0 -1.00000000
vn 0.58778525 -6.1843704e-16 -0.80901699
vn 0.58778525 -6.1843704e-16 -0.80901699
vn 0.95105652 -6.1843704e-16 -0.30901699
vn 0.95105652 -6.1843704e-16 -0.30901699
vn 0.95105652 0.0000000e+0 0.30901699
vn 0.95105652 0.0000000e+0 0.30901699
vn 0.58778525 -1.2368741e-15 0.80901699
vn 0.58778525 -1.2368741e-15 0.80901699
vn 0.0000000e+0 -2.4737482e-15 1.00000000
vn 0.0000000e+0 -2.4737482e-15 1.00000000
vn -0.58778525 -1.2368741e-15 0.80901699
vn -0.58778525 -1.2368741e-15 0.80901699
vn -0.95105652 0.0000000e+0 0.30901699
vn -0.95105652 0.0000000e+0 0.30901699
vn -0.95105652 -6.1843704e-16 -0.30901699
vn -0.95105652 -6.1843704e-16 -0.30901699
vn -0.58778525 -6.1843704e-16 -0.80901699
vn -0.58778525 -6.1843704e-16 -0.80901699
vn 0.0000000e+0 0.0000000e+0 -1.00000000
vn 0.0000000e+0 0.0000000e+0 -1.00000000
vn 0.58778525 -6.1843704e-16 -0.80901699
vn 0.58778525 -6.1843704e-16 -0.80901699
vn 0.95105652 -6.1843704e-16 -0.30901699
vn 0.95105652 -6.1843704e-16 -0.30901699
vn 0.95105652 0.0000000e+0 0.30901699
vn 0.95105652 0.0000000e+0 0.30901699
vn 0.58778525 -1.2368741e-15 0.80901699
vn 0.58778525 -1.2368741e-15 0.80901699
vn 0.0000000e+0 -2.4737482e-15 1.00000000
vn 0.0000000e+0 -2.4737482e-15 1.00000000
vn -0.58778525 -1.2368741e-15 0.80901699
vn -0.58778525 -1.2368741e-15 0.80901699
vn -0.95105652 0.0000000e+0 0.30901699
vn -0.95105652 0.0000000e+0 0.30901699
vn -0.95105652 -6.1843704e-16 -0.30901699
vn -0.95105652 -6.1843704e-16 -0.30901699
vn -0.58778525 -6.1843704e-16 -0.80901699
vn -0.58778525 -6.1843704e-16 -0.80901699
vn -7.0041454e-16 2.4737482e-15 -1.00000000
vn -7.0041454e-16 2.4737482e-15 -1.00000000
vn 0.58778525 6.1843704e-16 -0.80901699
vn 0.58778525 6.1843704e-16 -0.80901699
vn 0.95105652 -6.1843704e-16 -0.30901699
vn 0.95105652 -6.1843704e-16 -0.30901699
vn 0.95105652 -6.1843704e-16 0.30901699
vn 0.95105652 -6.1843704e-16 0.30901699
vn 0.58778525 -6.1843704e-16 0.80901699
vn 0.58778525 -6.1843704e-16 0.80901699
vn -7.2959848e-16 0.0000000e+0 1.00000000
vn -7.2959848e-16 0.0000000e+0 1.00000000
vn -0.58778525 -6.1843704e-16 0.80901699
vn -0.58778525 -6.1843704e-16 0.80901699
vn -0.95105652 -6.1843704e-16 0.30901699
vn -0.95105652 -6.1843704e-16 0.30901699
vn -0.95105652 -6.1843704e-16 -0.30901699
vn -0.95105652 -6.1843704e-16 -0.30901699
vn -0.58778525 6.1843704e-16 -0.80901699
vn -0.58778525 6.1843704e-16 -0.80901699
vn -7.0041454e-16 2.4737482e-15 -1.00000000
vn -7.0041454e-16 2.4737482e-15 -1.00000000
vn 0.58778525 6.1843704e-16 -0.80901699
vn 0.58778525 6.1843704e-16 -0.80901699
vn 0.95105652 -6.1843704e-16 -0.30901699
vn 0.95105652 -6.1843704e-16 -0.30901699
vn 0.95105652 -6.1843704e-16 0.30901699
vn 0.95105652 -6.1843704e-16 0.30901699
vn 0.58778525 -6.1843704e-16 0.80901699
vn 0.58778525 -6.1843704e-16 0.80901699
vn -7.2959848e-16 0.0000000e+0 1.00000000
vn -7.2959848e-16 0.0000000e+0 1.00000000
vn -0.58778525 -6.1843704e-16 0.80901699
vn -0.58778525 -6.1843704e-16 0.80901699
vn -0.95105652 -6.1843704e-16 0.30901699
vn -0.95105652 -6.1843704e-16 0.30901699
vn -0.95105652 -6.1843704e-16 -0.30901699
vn -0.95105652 -6.1843704e-16 -0.30901699
vn -0.58778525 6.1843704e-16 -0.80901699
vn -0.58778525 6.1843704e-16 -0.80901699
vn 0.82373056 0.0000000e+0 -0.56698145
vn 0.82373056 0.0000000e+0 -0.56698145
vn 0.99967536 0.0000000e+0 2.5479050e-2
vn 0.99967536 0.0000000e+0 2.5479050e-2
vn 0.79377814 -6.1843704e-16 0.60820742
vn 0.79377814 -6.1843704e-16 0.60820742
vn 0.28468466 -1.8553111e-15 0.95862122
vn 0.28468466 -1.8553111e-15 0.95862122
vn -0.33314869 -1.2368741e-15 0.94287430
vn -0.33314869 -1.2368741e-15 0.94287430
vn -0.82373056 -3.0921852e-16 0.56698145
vn -0.82373056 -3.0921852e-16 0.56698145
vn -0.99967536 -3.0921852e-16 -2.5479050e-2
vn -0.99967536 -3.0921852e-16 -2.5479050e-2
vn -0.79377814 0.0000000e+0 -0.60820742
vn -0.79377814 0.0000000e+0 -0.60820742
vn -0.28468466 1.2368741e-15 -0.95862122
vn -0.28468466 1.2368741e-15 -0.95862122
vn 0.33314869 1.2368741e-15 -0.94287430
vn 0.33314869 1.2368741e-15 -0.94287430
vn 0.82373056 0.0000000e+0 -0.56698145
vn 0.82373056 0.0000000e+0 -0.56698145
vn 0.99967536 0.0000000e+0 2.5479050e-2
vn 0.99967536 0.0000000e+0 2.5479050e-2
vn 0.79377814 -6.1843704e-16 0.60820742
vn 0.79377814 -6.1843704e-16 0.60820742
vn 0.28468466 -1.8553111e-15 0.95862122
vn 0.28468466 -1.8553111e-15 0.95862122
vn -0.33314869 -1.2368741e-15 0.94287430
vn -0.33314869 -1.2368741e-15 0.94287430
vn -0.82373056 -3.0921852e-16 0.56698145
vn -0.82373056 -3.0921852e-16 0.56698145
vn -0.99967536 -3.0921852e-16 -2.5479050e-2
vn -0.99967536 -3.0921852e-16 -2.5479050e-2
vn -0.79377814 0.0000000e+0 -0.60820742
vn -0.79377814 0.0000000e+0 -0.60820742
vn -0.28468466 1.2368741e-15 -0.95862122
vn -0.28468466 1.2368741e-15 -0.95862122
vn 0.33314869 1.2368741e-15 -0.94287430
vn 0.33314869 1.2368741e-15 -0.94287430
vn 0.97943463 -5.9579676e-16 0.20176174
vn 0.97943463 -5.9579676e-16 0.20176174
vn 0.67378668 -1.7873903e-15 0.73892591
vn 0.67378668 -1.7873903e-15 0.73892591
vn 0.11077512 -2.3831871e-15 0.99384550
vn 0.11077512 -2.3831871e-15 0.99384550
vn -0.49454877 -5.9579676e-16 0.86914988
vn -0.49454877 -5.9579676e-16 0.86914988
vn -0.91097184 5.9579676e-16 0.41246855
vn -0.91097184 5.9579676e-16 0.41246855
vn -0.97943463 0.0000000e+0 -0.20176174
vn -0.97943463 0.0000000e+0 -0.20176174
vn -0.67378668 1.1915935e-15 -0.73892591
vn -0.67378668 1.1915935e-15 -0.73892591
vn -0.11077512 1.1915935e-15 -0.99384550
vn -0.11077512 1.1915935e-15 -0.99384550
vn 0.49454877 0.0000000e+0 -0.86914988
vn 0.49454877 0.0000000e+0 -0.86914988
vn 0.91097184 0.0000000e+0 -0.41246855
vn 0.91097184 0.0000000e+0 -0.41246855
vn 0.97943463 -5.9579676e-16 0.20176174
vn 0.97943463 -5.9579676e-16 0.20176174
vn 0.67378668 -1.7873903e-15 0.73892591
vn 0.67378668 -1.7873903e-15 0.73892591
vn 0.11077512 -2.3831871e-15 0.99384550
vn 0.11077512 -2.3831871e-15 0.99384550
vn -0.49454877 -5.9579676e-16 0.86914988
vn -0.49454877 -5.9579676e-16 0.86914988
vn -0.91097184 5.9579676e-16 0.41246855
vn -0.91097184 5.9579676e-16 0.41246855
vn -0.97943463 0.0000000e+0 -0.20176174
vn -0.97943463 0.0000000e+0 -0.20176174
vn -0.67378668 1.1915935e-15 -0.73892591
vn -0.67378668 1.1915935e-15 -0.73892591
vn -0.11077512 1.1915935e-15 -0.99384550
vn -0.11077512 1.1915935e-15 -0.99384550
vn 0.49454877 0.0000000e+0 -0.86914988
vn 0.49454877 0.0000000e+0 -0.86914988
vn 0.91097184 0.0000000e+0 -0.41246855
vn 0.91097184 0.0000000e+0 -0.41246855
vn 0.56841826 -1.8553111e-15 0.82273974
vn 0.56841826 -1.8553111e-15 0.82273974
vn -2.3734249e-2 1.3043218e-28 0.99971830
vn -2.3734249e-2 1.3043218e-28 0.99971830
vn -0.60682109 6.1843704e-16 0.79483846
vn -0.60682109 6.1843704e-16 0.79483846
vn -0.95812289 -5.9911088e-16 0.28635733
vn -0.95812289 -5.9911088e-16 0.28635733
vn -0.94345432 1.9326158e-17 -0.33150256
vn -0.94345432 1.9326158e-17 -0.33150256
vn -0.56841826 0.0000000e+0 -0.82273974
vn -0.56841826 0.0000000e+0 -0.82273974
vn 2.3734249e-2 1.2368741e-15 -0.99971830
vn 2.3734249e-2 1.2368741e-15 -0.99971830
vn 0.60682109 1.2368741e-15 -0.79483846
vn 0.60682109 1.2368741e-15 -0.79483846
vn 0.95812289 -1.9326158e-17 -0.28635733
vn 0.95812289 -1.9326158e-17 -0.28635733
vn 0.94345432 -6.3776320e-16 0.33150256
vn 0.94345432 -6.3776320e-16 0.33150256
vn 0.56841826 -1.8553111e-15 0.82273974
vn 0.56841826 -1.8553111e-15 0.82273974
vn -2.3734249e-2 1.3043218e-28 0.99971830
vn -2.3734249e-2 1.3043218e-28 0.99971830
vn -0.60682109 6.1843704e-16 0.79483846
vn -0.60682109 6.1843704e-16 0.79483846
vn -0.95812289 -5.9911088e-16 0.28635733
vn -0.95812289 -5.9911088e-16 0.28635733
vn -0.94345432 1.9326158e-17 -0.33150256
vn -0.94345432 1.9326158e-17 -0.33150256
vn -0.56841826 0.0000000e+0 -0.82273974
vn -0.56841826 0.0000000e+0 -0.82273974
vn 2.3734249e-2 1.2368741e-15 -0.99971830
vn 2.3734249e-2 1.2368741e-15 -0.99971830
vn 0.60682109 1.2368741e-15 -0.79483846
vn 0.60682109 1.2368741e-15 -0.79483846
vn 0.95812289 -1.9326158e-17 -0.28635733
vn 0.95812289 -1.9326158e-17 -0.28635733
vn 0.94345432 -6.3776320e-16 0.33150256
vn 0.94345432 -6.3776320e-16 0.33150256
vn 0.97943463 7.4474596e-17 0.20176174
vn 0.97943463 7.4474596e-17 0.20176174
vn 0.67378668 -5.9579676e-16 0.73892591
vn 0.67378668 -5.9579676e-16 0.73892591
vn 0.11077512 -1.7873903e-15 0.99384550
vn 0.11077512 -1.7873903e-15 0.99384550
vn -0.49454877 -1.1915935e-15 0.86914988
vn -0.49454877 -1.1915935e-15 0.86914988
vn -0.91097184 7.4474596e-17 0.41246855
vn -0.91097184 7.4474596e-17 0.41246855
vn -0.97943463 -5.2132217e-16 -0.20176174
vn -0.97943463 -5.2132217e-16 -0.20176174
vn -0.67378668 -1.1915935e-15 -0.73892591
vn -0.67378668 -1.1915935e-15 -0.73892591
vn -0.11077512 5.9579676e-16 -0.99384550
vn -0.11077512 5.9579676e-16 -0.99384550
vn 0.49454877 5.9579676e-16 -0.86914988
vn 0.49454877 5.9579676e-16 -0.86914988
vn 0.91097184 -5.2132217e-16 -0.41246855
vn 0.91097184 -5.2132217e-16 -0.41246855
vn 0.97943463 7.4474596e-17 0.20176174
vn 0.97943463 7.4474596e-17 0.20176174
vn 0.67378668 -5.9579676e-16 0.73892591
vn 0.67378668 -5.9579676e-16 0.73892591
vn 0.11077512 -1.7873903e-15 0.99384550
vn 0.11077512 -1.7873903e-15 0.99384550
vn -0.49454877 -1.1915935e-15 0.86914988
vn -0.49454877 -1.1915935e-15 0.86914988
vn -0.91097184 7.4474596e-17 0.41246855
vn -0.91097184 7.4474596e-17 0.41246855
vn -0.97943463 -5.2132217e-16 -0.20176174
vn -0.97943463 -5.2132217e-16 -0.20176174
vn -0.67378668 -1.1915935e-15 -0.73892591
vn -0.67378668 -1.1915935e-15 -0.73892591
vn -0.11077512 5.9579676e-16 -0.99384550
vn -0.11077512 5.9579676e-16 -0.99384550
vn 0.49454877 5.9579676e-16 -0.86914988
vn 0.49454877 5.9579676e-16 -0.86914988
vn 0.91097184 -5.2132217e-16 -0.41246855
vn 0.91097184 -5.2132217e-16 -0.41246855
vn 0.82373056 0.0000000e+0 -0.56698145
vn 0.82373056 0.0000000e+0 -0.56698145
vn 0.99967536 0.0000000e+0 2.5479050e-2
vn 0.99967536 0.0000000e+0 2.5479050e-2
vn 0.79377814 0.0000000e+0 0.60820742
vn 0.79377814 0.0000000e+0 0.60820742
vn 0.28468466 0.0000000e+0 0.95862122
vn 0.28468466 0.0000000e+0 0.95862122
vn -0.33314869 -6.1843704e-16 0.94287430
vn -0.33314869 -6.1843704e-16 0.94287430
vn -0.82373056 -6.1843704e-16 0.56698145
vn -0.82373056 -6.1843704e-16 0.56698145
vn -0.99967536 0.0000000e+0 -2.5479050e-2
vn -0.99967536 0.0000000e+0 -2.5479050e-2
vn -0.79377814 1.2368741e-15 -0.60820742
vn -0.79377814 1.2368741e-15 -0.60820742
vn -0.28468466 9.8705436e-29 -0.95862122
vn -0.28468466 9.8705436e-29 -0.95862122
vn 0.33314869 -1.2368741e-15 -0.94287430
vn 0.33314869 -1.2368741e-15 -0.94287430
vn 0.82373056 0.0000000e+0 -0.56698145
vn 0.82373056 0.0000000e+0 -0.56698145
vn 0.99967536 0.0000000e+0 2.5479050e-2
vn 0.99967536 0.0000000e+0 2.5479050e-2
vn 0.79377814 0.0000000e+0 0.60820742
vn 0.79377814 0.0000000e+0 0.60820742
vn 0.28468466 0.0000000e+0 0.95862122
vn 0.28468466 0.0000000e+0 0.95862122
vn -0.33314869 -6.1843704e-16 0.94287430
vn -0.33314869 -6.1843704e-16 0.94287430
vn -0.82373056 -6.1843704e-16 0.56698145
vn -0.82373056 -6.1843704e-16 0.56698145
vn -0.99967536 0.0000000e+0 -2.5479050e-2
vn -0.99967536 0.0000000e+0 -2.5479050e-2
vn -0.79377814 1.2368741e-15 -0.60820742
vn -0.79377814 1.2368741e-15 -0.60820742
vn -0.28468466 9.8705436e-29 -0.95862122
vn -0.28468466 9.8705436e-29 -0.95862122
vn 0.33314869 -1.2368741e-15 -0.94287430
vn 0.33314869 -1.2368741e-15 -0.94287430
vn 0.99189444 -4.6382778e-16 -0.12706461
vn 0.99189444 -4.6382778e-16 -0.12706461
vn 0.87714616 4.6382778e-16 0.48022350
vn 0.87714616 4.6382778e-16 0.48022350
vn 0.42735786 6.1843704e-16 0.90408255
vn 0.42735786 6.1843704e-16 0.90408255
vn -0.18566662 -6.1843704e-16 0.98261280
vn -0.18566662 -6.1843704e-16 0.98261280
vn -0.72777276 -6.1843704e-16 0.68581835
vn -0.72777276 -6.1843704e-16 0.68581835
vn -0.99189444 0.0000000e+0 0.12706461
vn -0.99189444 0.0000000e+0 0.12706461
vn -0.87714616 -6.1843704e-16 -0.48022350
vn -0.87714616 -6.1843704e-16 -0.48022350
vn -0.42735786 -6.1843704e-16 -0.90408255
vn -0.42735786 -6.1843704e-16 -0.90408255
vn 0.18566662 6.1843704e-16 -0.98261280
vn 0.18566662 6.1843704e-16 -0.98261280
vn 0.72777276 3.0921852e-16 -0.68581835
vn 0.72777276 3.0921852e-16 -0.68581835
vn 0.99189444 -4.6382778e-16 -0.12706461
vn 0.99189444 -4.6382778e-16 -0.12706461
vn 0.87714616 4.6382778e-16 0.48022350
vn 0.87714616 4.6382778e-16 0.48022350
vn 0.42735786 6.1843704e-16 0.90408255
vn 0.42735786 6.1843704e-16 0.90408255
vn -0.18566662 -6.1843704e-16 0.98261280
vn -0.18566662 -6.1843704e-16 0.98261280
vn -0.72777276 -6.1843704e-16 0.68581835
vn -0.72777276 -6.1843704e-16 0.68581835
vn -0.99189444 0.0000000e+0 0.12706461
vn -0.99189444 0.0000000e+0 0.12706461
vn -0.87714616 -6.1843704e-16 -0.48022350
vn -0.87714616 -6.1843704e-16 -0.48022350
vn -0.42735786 -6.1843704e-16 -0.90408255
vn -0.42735786 -6.1843704e-16 -0.90408255
vn 0.18566662 6.1843704e-16 -0.98261280
vn 0.18566662 6.1843704e-16 -0.98261280
vn 0.72777276 3.0921852e-16 -0.68581835
vn 0.72777276 3.0921852e-16 -0.68581835
vn 0.99189444 0.0000000e+0 -0.12706461
vn 0.99189444 0.0000000e+0 -0.12706461
vn 0.87714616 0.0000000e+0 0.48022350
vn 0.87714616 0.0000000e+0 0.48022350
vn 0.42735786 0.0000000e+0 0.90408255
vn 0.42735786 0.0000000e+0 0.90408255
vn -0.18566662 -6.1843704e-16 0.98261280
vn -0.18566662 -6.1843704e-16 0.98261280
vn -0.72777276 -3.0921852e-16 0.68581835
vn -0.72777276 -3.0921852e-16 0.68581835
vn -0.99189444 3.0921852e-16 0.12706461
vn -0.99189444 3.0921852e-16 0.12706461
vn -0.87714616 0.0000000e+0 -0.48022350
vn -0.87714616 0.0000000e+0 -0.48022350
vn -0.42735786 0.0000000e+0 -0.90408255
vn -0.42735786 0.0000000e+0 -0.90408255
vn 0.18566662 -6.1843704e-16 -0.98261280
vn 0.18566662 -6.1843704e-16 -0.98261280
vn 0.72777276 -6.1843704e-16 -0.68581835
vn 0.72777276 -6.1843704e-16 -0.68581835
vn 0.99189444 0.0000000e+0 -0.12706461
vn 0.99189444 0.0000000e+0 -0.12706461
vn 0.87714616 0.0000000e+0 0.48022350
vn 0.87714616 0.0000000e+0 0.48022350
vn 0.42735786 0.0000000e+0 0.90408255
vn 0.42735786 0.0000000e+0 0.90408255
vn -0.18566662 -6.1843704e-16 0.98261280
vn -0.18566662 -6.1843704e-16 0.98261280
vn -0.72777276 -3.0921852e-16 0.68581835
vn -0.72777276 -3.0921852e-16 0.68581835
vn -0.99189444 3.0921852e-16 0.12706461
vn -0.99189444 3.0921852e-16 0.12706461
vn -0.87714616 0.0000000e+0 -0.48022350
vn -0.87714616 0.0000000e+0 -0.48022350
vn -0.42735786 0.0000000e+0 -0.90408255
vn -0.42735786 0.0000000e+0 -0.90408255
vn 0.18566662 -6.1843704e-16 -0.98261280
vn 0.18566662 -6.1843704e-16 -0.98261280
vn 0.72777276 -6.1843704e-16 -0.68581835
vn 0.72777276 -6.1843704e-16 -0.68581835
vn 0.99993366 0.0000000e+0 -1.1518918e-2
vn 0.99993366 0.0000000e+0 -1.1518918e-2
vn 0.81573397 0.0000000e+0 0.57842726
vn 0.81573397 0.0000000e+0 0.57842726
vn 0.31995163 -6.1843704e-16 0.94743388
vn 0.31995163 -6.1843704e-16 0.94743388
vn -0.29804135 -1.2368741e-15 0.95455296
vn -0.29804135 -1.2368741e-15 0.95455296
vn -0.80219267 -6.1843704e-16 0.59706526
vn -0.80219267 -6.1843704e-16 0.59706526
vn -0.99993366 -1.5460926e-16 1.1518918e-2
vn -0.99993366 -1.5460926e-16 1.1518918e-2
vn -0.81573397 -7.7304630e-16 -0.57842726
vn -0.81573397 -7.7304630e-16 -0.57842726
vn -0.31995163 -1.6692831e-29 -0.94743388
vn -0.31995163 -1.6692831e-29 -0.94743388
vn 0.29804135 1.2368741e-15 -0.95455296
vn 0.29804135 1.2368741e-15 -0.95455296
vn 0.80219267 6.1843704e-16 -0.59706526
vn 0.80219267 6.1843704e-16 -0.59706526
vn 0.99993366 0.0000000e+0 -1.1518918e-2
vn 0.99993366 0.0000000e+0 -1.1518918e-2
vn 0.81573397 0.0000000e+0 0.57842726
vn 0.81573397 0.0000000e+0 0.57842726
vn 0.31995163 -6.1843704e-16 0.94743388
vn 0.31995163 -6.1843704e-16 0.94743388
vn -0.29804135 -1.2368741e-15 0.95455296
vn -0.29804135 -1.2368741e-15 0.95455296
vn -0.80219267 -6.1843704e-16 0.59706526
vn -0.80219267 -6.1843704e-16 0.59706526
vn -0.99993366 -1.5460926e-16 1.1518918e-2
vn -0.99993366 -1.5460926e-16 1.1518918e-2
vn -0.81573397 -7.7304630e-16 -0.57842726
vn -0.81573397 -7.7304630e-16 -0.57842726
vn -0.31995163 -1.6692831e-29 -0.94743388
vn -0.31995163 -1.6692831e-29 -0.94743388
vn 0.29804135 1.2368741e-15 -0.95455296
vn 0.29804135 1.2368741e-15 -0.95455296
vn 0.80219267 6.1843704e-16 -0.59706526
vn 0.80219267 6.1843704e-16 -0.59706526
vn 0.99993366 -1.5460926e-16 -1.1518918e-2
vn 0.99993366 -1.5460926e-16 -1.1518918e-2
vn 0.81573397 -4.6382778e-16 0.57842726
vn 0.81573397 -4.6382778e-16 0.57842726
vn 0.31995163 -9.2765556e-16 0.94743388
vn 0.31995163 -9.2765556e-16 0.94743388
vn -0.29804135 -3.0921852e-16 0.95455296
vn -0.29804135 -3.0921852e-16 0.95455296
vn -0.80219267 1.5460926e-16 0.59706526
vn -0.80219267 1.5460926e-16 0.59706526
vn -0.99993366 -3.0921852e-16 1.1518918e-2
vn -0.99993366 -3.0921852e-16 1.1518918e-2
vn -0.81573397 1.5460926e-16 -0.57842726
vn -0.81573397 1.5460926e-16 -0.57842726
vn -0.31995163 -3.0921852e-16 -0.94743388
vn -0.31995163 -3.0921852e-16 -0.94743388
vn 0.29804135 -9.2765556e-16 -0.95455296
vn 0.29804135 -9.2765556e-16 -0.95455296
vn 0.80219267 -3.0921852e-16 -0.59706526
vn 0.80219267 -3.0921852e-16 -0.59706526
vn 0.99993366 -1.5460926e-16 -1.1518918e-2
vn 0.99993366 -1.5460926e-16 -1.1518918e-2
vn 0.81573397 -4.6382778e-16 0.57842726
vn 0.81573397 -4.6382778e-16 0.57842726
vn 0.31995163 -9.2765556e-16 0.94743388
vn 0.31995163 -9.2765556e-16 0.94743388
vn -0.29804135 -3.0921852e-16 0.95455296
vn -0.29804135 -3.0921852e-16 0.95455296
vn -0.80219267 1.5460926e-16 0.59706526
vn -0.80219267 1.5460926e-16 0.59706526
vn -0.99993366 -3.0921852e-16 1.1518918e-2
vn -0.99993366 -3.0921852e-16 1.1518918e-2
vn -0.81573397 1.5460926e-16 -0.57842726
vn -0.81573397 1.5460926e-16 -0.57842726
vn -0.31995163 -3.0921852e-16 -0.94743388
vn -0.31995163 -3.0921852e-16 -0.94743388
vn 0.29804135 -9.2765556e-16 -0.95455296
vn 0.29804135 -9.2765556e-16 -0.95455296
vn 0.80219267 -3.0921852e-16 -0.59706526
vn 0.80219267 -3.0921852e-16 -0.59706526
vn 0.99987663 1.5460926e-16 1.5707317e-2
vn 0.99987663 1.5460926e-16 1.5707317e-2
vn 0.79968466 0.0000000e+0 0.60042023
vn 0.79968466 0.0000000e+0 0.60042023
vn 0.29404033 0.0000000e+0 0.95579301
vn 0.29404033 0.0000000e+0 0.95579301
vn -0.32391742 6.1843704e-16 0.94608536
vn -0.32391742 6.1843704e-16 0.94608536
vn -0.81814972 7.7304630e-16 0.57500525
vn -0.81814972 7.7304630e-16 0.57500525
vn -0.99987663 3.0921852e-16 -1.5707317e-2
vn -0.99987663 3.0921852e-16 -1.5707317e-2
vn -0.79968466 1.5460926e-16 -0.60042023
vn -0.79968466 1.5460926e-16 -0.60042023
vn -0.29404033 0.0000000e+0 -0.95579301
vn -0.29404033 0.0000000e+0 -0.95579301
vn 0.32391742 -6.1843704e-16 -0.94608536
vn 0.32391742 -6.1843704e-16 -0.94608536
vn 0.81814972 -4.6382778e-16 -0.57500525
vn 0.81814972 -4.6382778e-16 -0.57500525
vn 0.99987663 1.5460926e-16 1.5707317e-2
vn 0.99987663 1.5460926e-16 1.5707317e-2
vn 0.79968466 0.0000000e+0 0.60042023
vn 0.79968466 0.0000000e+0 0.60042023
vn 0.29404033 0.0000000e+0 0.95579301
vn 0.29404033 0.0000000e+0 0.95579301
vn -0.32391742 6.1843704e-16 0.94608536
vn -0.32391742 6.1843704e-16 0.94608536
vn -0.81814972 7.7304630e-16 0.57500525
vn -0.81814972 7.7304630e-16 0.57500525
vn -0.99987663 3.0921852e-16 -1.5707317e-2
vn -0.99987663 3.0921852e-16 -1.5707317e-2
vn -0.79968466 1.5460926e-16 -0.60042023
vn -0.79968466 1.5460926e-16 -0.60042023
vn -0.29404033 0.0000000e+0 -0.95579301
vn -0.29404033 0.0000000e+0 -0.95579301
vn 0.32391742 -6.1843704e-16 -0.94608536
vn 0.32391742 -6.1843704e-16 -0.94608536
vn 0.81814972 -4.6382778e-16 -0.57500525
vn 0.81814972 -4.6382778e-16 -0.57500525
vn 1.00000000 0.0000000e+0 -5.5449485e-15
vn 1.00000000 0.0000000e+0 -5.5449485e-15
vn 0.80901699 1.5460926e-16 0.58778525
vn 0.80901699 1.5460926e-16 0.58778525
vn 0.30901699 1.5460926e-16 0.95105652
vn 0.30901699 1.5460926e-16 0.95105652
vn -0.30901699 1.5460926e-16 0.95105652
vn -0.30901699 1.5460926e-16 0.95105652
vn -0.80901699 1.5460926e-16 0.58778525
vn -0.80901699 1.5460926e-16 0.58778525
vn -1.00000000 0.0000000e+0 -5.5449485e-15
vn -1.00000000 0.0000000e+0 -5.5449485e-15
vn -0.80901699 0.0000000e+0 -0.58778525
vn -0.80901699 0.0000000e+0 -0.58778525
vn -0.30901699 0.0000000e+0 -0.95105652
vn -0.30901699 0.0000000e+0 -0.95105652
vn 0.30901699 0.0000000e+0 -0.95105652
vn 0.30901699 0.0000000e+0 -0.95105652
vn 0.80901699 0.0000000e+0 -0.58778525
vn 0.80901699 0.0000000e+0 -0.58778525
vn 1.00000000 0.0000000e+0 -5.5449485e-15
vn 1.00000000 0.0000000e+0 -5.5449485e-15
vn 0.80901699 1.5460926e-16 0.58778525
vn 0.80901699 1.5460926e-16 0.58778525
vn 0.30901699 1.5460926e-16 0.95105652
vn 0.30901699 1.5460926e-16 0.95105652
vn -0.30901699 1.5460926e-16 0.95105652
vn -0.30901699 1.5460926e-16 0.95105652
vn -0.80901699 1.5460926e-16 0.58778525
vn -0.80901699 1.5460926e-16 0.58778525
vn -1.00000000 0.0000000e+0 -5.5449485e-15
vn -1.00000000 0.0000000e+0 -5.5449485e-15
vn -0.80901699 0.0000000e+0 -0.58778525
vn -0.80901699 0.0000000e+0 -0.58778525
vn -0.30901699 0.0000000e+0 -0.95105652
vn -0.30901699 0.0000000e+0 -0.95105652
vn 0.30901699 0.0000000e+0 -0.95105652
vn 0.30901699 0.0000000e+0 -0.95105652
vn 0.80901699 0.0000000e+0 -0.58778525
vn 0.80901699 0.0000000e+0 -0.58778525
vn 1.00000000 -7.7304630e-17 5.5449485e-15
vn 1.00000000 -7.7304630e-17 5.5449485e-15
vn 0.80901699 -7.7304630e-17 0.58778525
vn 0.80901699 -7.7304630e-17 0.58778525
vn 0.30901699 0.0000000e+0 0.95105652
vn 0.30901699 0.0000000e+0 0.95105652
vn -0.30901699 0.0000000e+0 0.95105652
vn -0.30901699 0.0000000e+0 0.95105652
vn -0.80901699 -7.7304630e-17 0.58778525
vn -0.80901699 -7.7304630e-17 0.58778525
vn -1.00000000 -7.7304630e-17 5.5449485e-15
vn -1.00000000 -7.7304630e-17 5.5449485e-15
vn -0.80901699 0.0000000e+0 -0.58778525
vn -0.80901699 0.0000000e+0 -0.58778525
vn -0.30901699 0.0000000e+0 -0.95105652
vn -0.30901699 0.0000000e+0 -0.95105652
vn 0.30901699 0.0000000e+0 -0.95105652
vn 0.30901699 0.0000000e+0 -0.95105652
vn 0.80901699 0.0000000e+0 -0.58778525
vn 0.80901699 0.0000000e+0 -0.58778525
vn 1.00000000 -7.7304630e-17 5.5449485e-15
vn 1.00000000 -7.7304630e-17 5.5449485e-15
vn 0.80901699 -7.7304630e-17 0.58778525
vn 0.80901699 -7.7304630e-17 0.58778525
vn 0.30901699 0.0000000e+0 0.95105652
vn 0.30901699 0.0000000e+0 0.95105652
vn -0.30901699 0.0000000e+0 0.95105652
vn -0.30901699 0.0000000e+0 0.95105652
vn -0.80901699 -7.7304630e-17 0.58778525
vn -0.80901699 -7.7304630e-17 0.58778525
vn -1.00000000 -7.7304630e-17 5.5449485e-15
vn -1.00000000 -7.7304630e-17 5.5449485e-15
vn -0.80901699 0.0000000e+0 -0.58778525
vn -0.80901699 0.0000000e+0 -0.58778525
vn -0.30901699 0.0000000e+0 -0.95105652
vn -0.30901699 0.0000000e+0 -0.95105652
vn 0.30901699 0.0000000e+0 -0.95105652
vn 0.30901699 0.0000000e+0 -0.95105652
vn 0.80901699 0.0000000e+0 -0.58778525
vn 0.80901699 0.0000000e+0 -0.58778525
vn 1.00000000 0.0000000e+0 1.1002345e-14
vn 1.00000000 0.0000000e+0 1.1002345e-14
vn 0.80901699 0.0000000e+0 0.58778525
vn 0.80901699 0.0000000e+0 0.58778525
vn 0.30901699 0.0000000e+0 0.95105652
vn 0.30901699 0.0000000e+0 0.95105652
vn -0.30901699 0.0000000e+0 0.95105652
vn -0.30901699 0.0000000e+0 0.95105652
vn -0.80901699 0.0000000e+0 0.58778525
vn -0.80901699 0.0000000e+0 0.58778525
vn -1.00000000 0.0000000e+0 1.1002345e-14
vn -1.00000000 0.0000000e+0 1.1002345e-14
vn -0.80901699 0.0000000e+0 -0.58778525
vn -0.80901699 0.0000000e+0 -0.58778525
vn -0.30901699 0.0000000e+0 -0.95105652
vn -0.30901699 0.0000000e+0 -0.95105652
vn 0.30901699 0.0000000e+0 -0.95105652
vn 0.30901699 0.0000000e+0 -0.95105652
vn 0.80901699 0.0000000e+0 -0.58778525
vn 0.80901699 0.0000000e+0 -0.58778525
vn 1.00000000 0.0000000e+0 1.1002345e-14
vn 1.00000000 0.0000000e+0 1.1002345e-14
vn 0.80901699 0.0000000e+0 0.58778525
vn 0.80901699 0.0000000e+0 0.58778525
vn 0.30901699 0.0000000e+0 0.95105652
vn 0.30901699 0.0000000e+0 0.95105652
vn -0.30901699 0.0000000e+0 0.95105652
vn -0.30901699 0.0000000e+0 0.95105652
vn -0.80901699 0.0000000e+0 0.58778525
vn -0.80901699 0.0000000e+0 0.58778525
vn -1.00000000 0.0000000e+0 1.1002345e-14
vn -1.00000000 0.0000000e+0 1.1002345e-14
vn -0.80901699 0.0000000e+0 -0.58778525
vn -0.80901699 0.0000000e+0 -0.58778525
vn -0.30901699 0.0000000e+0 -0.95105652
vn -0.30901699 0.0000000e+0 -0.95105652
vn 0.30901699 0.0000000e+0 -0.95105652
vn 0.30901699 0.0000000e+0 -0.95105652
vn 0.80901699 0.0000000e+0 -0.58778525
vn 0.80901699 0.0000000e+0 -0.58778525
vn 1.00000000 -1.5460926e-16 1.1002345e-14
vn 1.00000000 -1.5460926e-16 1.1002345e-14
vn 0.80901699 -4.6382778e-16 0.58778525
vn 0.80901699 -4.6382778e-16 0.58778525
vn 0.30901699 -3.0921852e-16 0.95105652
vn 0.30901699 -3.0921852e-16 0.95105652
vn -0.30901699 -3.0921852e-16 0.95105652
vn -0.30901699 -3.0921852e-16 0.95105652
vn -0.80901699 -4.6382778e-16 0.58778525
vn -0.80901699 -4.6382778e-16 0.58778525
vn -1.00000000 -1.5460926e-16 1.1002345e-14
vn -1.00000000 -1.5460926e-16 1.1002345e-14
vn -0.80901699 0.0000000e+0 -0.58778525
vn -0.80901699 0.0000000e+0 -0.58778525
vn -0.30901699 0.0000000e+0 -0.95105652
vn -0.30901699 0.0000000e+0 -0.95105652
vn 0.30901699 0.0000000e+0 -0.95105652
vn 0.30901699 0.0000000e+0 -0.95105652
vn 0.80901699 0.0000000e+0 -0.58778525
vn 0.80901699 0.0000000e+0 -0.58778525
vn 1.00000000 -1.5460926e-16 1.1002345e-14
vn 1.00000000 -1.5460926e-16 1.1002345e-14
vn 0.80901699 -4.6382778e-16 0.58778525
vn 0.80901699 -4.6382778e-16 0.58778525
vn 0.30901699 -3.0921852e-16 0.95105652
vn 0.30901699 -3.0921852e-16 0.95105652
vn -0.30901699 -3.0921852e-16 0.95105652
vn -0.30901699 -3.0921852e-16 0.95105652
vn -0.80901699 -4.6382778e-16 0.58778525
vn -0.80901699 -4.6382778e-16 0.58778525
vn -1.00000000 -1.5460926e-16 1.1002345e-14
vn -1.00000000 -1.5460926e-16 1.1002345e-14
vn -0.80901699 0.0000000e+0 -0.58778525
vn -0.80901699 0.0000000e+0 -0.58778525
vn -0.30901699 0.0000000e+0 -0.95105652
vn -0.30901699 0.0000000e+0 -0.95105652
vn 0.30901699 0.0000000e+0 -0.95105652
vn 0.30901699 0.0000000e+0 -0.95105652
vn 0.80901699 0.0000000e+0 -0.58778525
vn 0.80901699 0.0000000e+0 -0.58778525
vn 1.00000000 -2.6568559e-30 -5.5741324e-15
vn 1.00000000 -2.6568559e-30 -5.5741324e-15
vn 0.80901699 7.7304630e-17 0.58778525
vn 0.80901699 7.7304630e-17 0.58778525
vn 0.30901699 0.0000000e+0 0.95105652
vn 0.30901699 0.0000000e+0 0.95105652
vn -0.30901699 0.0000000e+0 0.95105652
vn -0.30901699 0.0000000e+0 0.95105652
vn -0.80901699 7.7304630e-17 0.58778525
vn -0.80901699 7.7304630e-17 0.58778525
vn -1.00000000 -2.6309353e-30 -5.5449485e-15
vn -1.00000000 -2.6309353e-30 -5.5449485e-15
vn -0.80901699 -3.8652315e-16 -0.58778525
vn -0.80901699 -3.8652315e-16 -0.58778525
vn -0.30901699 -3.0921852e-16 -0.95105652
vn -0.30901699 -3.0921852e-16 -0.95105652
vn 0.30901699 -3.0921852e-16 -0.95105652
vn 0.30901699 -3.0921852e-16 -0.95105652
vn 0.80901699 -3.8652315e-16 -0.58778525
vn 0.80901699 -3.8652315e-16 -0.58778525
vn 1.00000000 -2.6568559e-30 -5.5741324e-15
vn 1.00000000 -2.6568559e-30 -5.5741324e-15
vn 0.80901699 7.7304630e-17 0.58778525
vn 0.80901699 7.7304630e-17 0.58778525
vn 0.30901699 0.0000000e+0 0.95105652
vn 0.30901699 0.0000000e+0 0.95105652
vn -0.30901699 0.0000000e+0 0.95105652
vn -0.30901699 0.0000000e+0 0.95105652
vn -0.80901699 7.7304630e-17 0.58778525
vn -0.80901699 7.7304630e-17 0.58778525
vn -1.00000000 -2.6309353e-30 -5.5449485e-15
vn -1.00000000 -2.6309353e-30 -5.5449485e-15
vn -0.80901699 -3.8652315e-16 -0.58778525
vn -0.80901699 -3.8652315e-16 -0.58778525
vn -0.30901699 -3.0921852e-16 -0.95105652
vn -0.30901699 -3.0921852e-16 -0.95105652
vn 0.30901699 -3.0921852e-16 -0.95105652
vn 0.30901699 -3.0921852e-16 -0.95105652
vn 0.80901699 -3.8652315e-16 -0.58778525
vn 0.80901699 -3.8652315e-16 -0.58778525
vn 1.00000000 2.6568559e-30 5.5741324e-15
vn 1.00000000 2.6568559e-30 5.5741324e-15
vn 0.80901699 7.7304630e-17 0.58778525
vn 0.80901699 7.7304630e-17 0.58778525
vn 0.30901699 0.0000000e+0 0.95105652
vn 0.30901699 0.0000000e+0 0.95105652
vn -0.30901699 0.0000000e+0 0.95105652
vn -0.30901699 0.0000000e+0 0.95105652
vn -0.80901699 7.7304630e-17 0.58778525
vn -0.80901699 7.7304630e-17 0.58778525
vn -1.00000000 2.6309353e-30 5.5449485e-15
vn -1.00000000 2.6309353e-30 5.5449485e-15
vn -0.80901699 -2.3191389e-16 -0.58778525
vn -0.80901699 -2.3191389e-16 -0.58778525
vn -0.30901699 -1.5460926e-16 -0.95105652
vn -0.30901699 -1.5460926e-16 -0.95105652
vn 0.30901699 -1.5460926e-16 -0.95105652
vn 0.30901699 -1.5460926e-16 -0.95105652
vn 0.80901699 -2.3191389e-16 -0.58778525
vn 0.80901699 -2.3191389e-16 -0.58778525
vn 1.00000000 2.6568559e-30 5.5741324e-15
vn 1.00000000 2.6568559e-30 5.5741324e-15
vn 0.80901699 7.7304630e-17 0.58778525
vn 0.80901699 7.7304630e-17 0.58778525
vn 0.30901699 0.0000000e+0 0.95105652
vn 0.30901699 0.0000000e+0 0.95105652
vn -0.30901699 0.0000000e+0 0.95105652
vn -0.30901699 0.0000000e+0 0.95105652
vn -0.80901699 7.7304630e-17 0.58778525
vn -0.80901699 7.7304630e-17 0.58778525
vn -1.00000000 2.6309353e-30 5.5449485e-15
vn -1.00000000 2.6309353e-30 5.5449485e-15
vn -0.80901699 -2.3191389e-16 -0.58778525
vn -0.80901699 -2.3191389e-16 -0.58778525
vn -0.30901699 -1.5460926e-16 -0.95105652
vn -0.30901699 -1.5460926e-16 -0.95105652
vn 0.30901699 -1.5460926e-16 -0.95105652
vn 0.30901699 -1.5460926e-16 -0.95105652
vn 0.80901699 -2.3191389e-16 -0.58778525
vn 0.80901699 -2.3191389e-16 -0.58778525
vn -1.00000000 0.0000000e+0 1.1002345e-14
vn -1.00000000 0.0000000e+0 1.1002345e-14
vn -0.80901699 3.0921852e-16 0.58778525
vn -0.80901699 3.0921852e-16 0.58778525
vn -0.30901699 3.0921852e-16 0.95105652
vn -0.30901699 3.0921852e-16 0.95105652
vn 0.30901699 3.0921852e-16 0.95105652
vn 0.30901699 3.0921852e-16 0.95105652
vn 0.80901699 3.0921852e-16 0.58778525
vn 0.80901699 3.0921852e-16 0.58778525
vn 1.00000000 0.0000000e+0 1.1002345e-14
vn 1.00000000 0.0000000e+0 1.1002345e-14
vn 0.80901699 0.0000000e+0 -0.58778525
vn 0.80901699 0.0000000e+0 -0.58778525
vn 0.30901699 0.0000000e+0 -0.95105652
vn 0.30901699 0.0000000e+0 -0.95105652
vn -0.30901699 0.0000000e+0 -0.95105652
vn -0.30901699 0.0000000e+0 -0.95105652
vn -0.80901699 0.0000000e+0 -0.58778525
vn -0.80901699 0.0000000e+0 -0.58778525
vn -1.00000000 0.0000000e+0 1.1002345e-14
vn -1.00000000 0.0000000e+0 1.1002345e-14
vn -0.80901699 3.0921852e-16 0.58778525
vn -0.80901699 3.0921852e-16 0.58778525
vn -0.30901699 3.0921852e-16 0.95105652
vn -0.30901699 3.0921852e-16 0.95105652
vn 0.30901699 3.0921852e-16 0.95105652
vn 0.30901699 3.0921852e-16 0.95105652
vn 0.80901699 3.0921852e-16 0.58778525
vn 0.80901699 3.0921852e-16 0.58778525
vn 1.00000000 0.0000000e+0 1.1002345e-14
vn 1.00000000 0.0000000e+0 1.1002345e-14
vn 0.80901699 0.0000000e+0 -0.58778525
vn 0.80901699 0.0000000e+0 -0.58778525
vn 0.30901699 0.0000000e+0 -0.95105652
vn 0.30901699 0.0000000e+0 -0.95105652
vn -0.30901699 0.0000000e+0 -0.95105652
vn -0.30901699 0.0000000e+0 -0.95105652
vn -0.80901699 0.0000000e+0 -0.58778525
vn -0.80901699 0.0000000e+0 -0.58778525
vn -1.00000000 -3.8652315e-17 1.1002345e-14
vn -1.00000000 -3.8652315e-17 1.1002345e-14
vn -0.80901699 -3.8652315e-17 0.58778525
vn -0.80901699 -3.8652315e-17 0.58778525
vn -0.30901699 0.0000000e+0 0.95105652
vn -0.30901699 0.0000000e+0 0.95105652
vn 0.30901699 1.5460926e-16 0.95105652
vn 0.30901699 1.5460926e-16 0.95105652
vn 0.80901699 1.1595695e-16 0.58778525
vn 0.80901699 1.1595695e-16 0.58778525
vn 1.00000000 -3.8652315e-17 1.1002345e-14
vn 1.00000000 -3.8652315e-17 1.1002345e-14
vn 0.80901699 0.0000000e+0 -0.58778525
vn 0.80901699 0.0000000e+0 -0.58778525
vn 0.30901699 0.0000000e+0 -0.95105652
vn 0.30901699 0.0000000e+0 -0.95105652
vn -0.30901699 1.5460926e-16 -0.95105652
vn -0.30901699 1.5460926e-16 -0.95105652
vn -0.80901699 1.5460926e-16 -0.58778525
vn -0.80901699 1.5460926e-16 -0.58778525
vn -1.00000000 -3.8652315e-17 1.1002345e-14
vn -1.00000000 -3.8652315e-17 1.1002345e-14
vn -0.80901699 -3.8652315e-17 0.58778525
vn -0.80901699 -3.8652315e-17 0.58778525
vn -0.30901699 0.0000000e+0 0.95105652
vn -0.30901699 0.0000000e+0 0.95105652
vn 0.30901699 1.5460926e-16 0.95105652
vn 0.30901699 1.5460926e-16 0.95105652
vn 0.80901699 1.1595695e-16 0.58778525
vn 0.80901699 1.1595695e-16 0.58778525
vn 1.00000000 -3.8652315e-17 1.1002345e-14
vn 1.00000000 -3.8652315e-17 1.1002345e-14
vn 0.80901699 0.0000000e+0 -0.58778525
vn 0.80901699 0.0000000e+0 -0.58778525
vn 0.30901699 0.0000000e+0 -0.95105652
vn 0.30901699 0.0000000e+0 -0.95105652
vn -0.30901699 1.5460926e-16 -0.95105652
vn -0.30901699 1.5460926e-16 -0.95105652
vn -0.80901699 1.5460926e-16 -0.58778525
vn -0.80901699 1.5460926e-16 -0.58778525
vn -1.00000000 0.0000000e+0 1.1002345e-14
vn -1.00000000 0.0000000e+0 1.1002345e-14
vn -0.80901699 0.0000000e+0 0.58778525
vn -0.80901699 0.0000000e+0 0.58778525
vn -0.30901699 0.0000000e+0 0.95105652
vn -0.30901699 0.0000000e+0 0.95105652
vn 0.30901699 0.0000000e+0 0.95105652
vn 0.30901699 0.0000000e+0 0.95105652
vn 0.80901699 0.0000000e+0 0.58778525
vn 0.80901699 0.0000000e+0 0.58778525
vn 1.00000000 0.0000000e+0 1.1002345e-14
vn 1.00000000 0.0000000e+0 1.1002345e-14
vn 0.80901699 -3.0921852e-16 -0.58778525
vn 0.80901699 -3.0921852e-16 -0.58778525
vn 0.30901699 -3.0921852e-16 -0.95105652
vn 0.30901699 -3.0921852e-16 -0.95105652
vn -0.30901699 0.0000000e+0 -0.95105652
vn -0.30901699 0.0000000e+0 -0.95105652
vn -0.80901699 0.0000000e+0 -0.58778525
vn -0.80901699 0.0000000e+0 -0.58778525
vn -1.00000000 0.0000000e+0 1.1002345e-14
vn -1.00000000 0.0000000e+0 1.1002345e-14
vn -0.80901699 0.0000000e+0 0.58778525
vn -0.80901699 0.0000000e+0 0.58778525
vn -0.30901699 0.0000000e+0 0.95105652
vn -0.30901699 0.0000000e+0 0.95105652
vn 0.30901699 0.0000000e+0 0.95105652
vn 0.30901699 0.0000000e+0 0.95105652
vn 0.80901699 0.0000000e+0 0.58778525
vn 0.80901699 0.0000000e+0 0.58778525
vn 1.00000000 0.0000000e+0 1.1002345e-14
vn 1.00000000 0.0000000e+0 1.1002345e-14
vn 0.80901699 -3.0921852e-16 -0.58778525
vn 0.80901699 -3.0921852e-16 -0.58778525
vn 0.30901699 -3.0921852e-16 -0.95105652
vn 0.30901699 -3.0921852e-16 -0.95105652
vn -0.30901699 0.0000000e+0 -0.95105652
vn -0.30901699 0.0000000e+0 -0.95105652
vn -0.80901699 0.0000000e+0 -0.58778525
vn -0.80901699 0.0000000e+0 -0.58778525
vn -7.2959848e-16 0.0000000e+0 -1.00000000
vn -7.2959848e-16 0.0000000e+0 -1.00000000
vn -0.58778525 -6.1843704e-16 -0.80901699
vn -0.58778525 -6.1843704e-16 -0.80901699
vn -0.95105652 -6.1843704e-16 -0.30901699
vn -0.95105652 -6.1843704e-16 -0.30901699
vn -0.95105652 0.0000000e+0 0.30901699
vn -0.95105652 0.0000000e+0 0.30901699
vn -0.58778525 -1.2368741e-15 0.80901699
vn -0.58778525 -1.2368741e-15 0.80901699
vn -7.2959848e-16 -2.4737482e-15 1.00000000
vn -7.2959848e-16 -2.4737482e-15 1.00000000
vn 0.58778525 -1.2368741e-15 0.80901699
vn 0.58778525 -1.2368741e-15 0.80901699
vn 0.95105652 0.0000000e+0 0.30901699
vn 0.95105652 0.0000000e+0 0.30901699
vn 0.95105652 -6.1843704e-16 -0.30901699
vn 0.95105652 -6.1843704e-16 -0.30901699
vn 0.58778525 -6.1843704e-16 -0.80901699
vn 0.58778525 -6.1843704e-16 -0.80901699
vn -7.2959848e-16 0.0000000e+0 -1.00000000
vn -7.2959848e-16 0.0000000e+0 -1.00000000
vn -0.58778525 -6.1843704e-16 -0.80901699
vn -0.58778525 -6.1843704e-16 -0.80901699
vn -0.95105652 -6.1843704e-16 -0.30901699
vn -0.95105652 -6.1843704e-16 -0.30901699
vn -0.95105652 0.0000000e+0 0.30901699
vn -0.95105652 0.0000000e+0 0.30901699
vn -0.58778525 -1.2368741e-15 0.80901699
vn -0.58778525 -1.2368741e-15 0.80901699
vn -7.2959848e-16 -2.4737482e-15 1.00000000
vn -7.2959848e-16 -2.4737482e-15 1.00000000
vn 0.58778525 -1.2368741e-15 0.80901699
vn 0.58778525 -1.2368741e-15 0.80901699
vn 0.95105652 0.0000000e+0 0.30901699
vn 0.95105652 0.0000000e+0 0.30901699
vn 0.95105652 -6.1843704e-16 -0.30901699
vn 0.95105652 -6.1843704e-16 -0.30901699
vn 0.58778525 -6.1843704e-16 -0.80901699
vn 0.58778525 -6.1843704e-16 -0.80901699
vn 7.0041454e-16 2.4737482e-15 -1.00000000
vn 7.0041454e-16 2.4737482e-15 -1.00000000
vn -0.58778525 6.1843704e-16 -0.80901699
vn -0.58778525 6.1843704e-16 -0.80901699
vn -0.95105652 -6.1843704e-16 -0.30901699
vn -0.95105652 -6.1843704e-16 -0.30901699
vn -0.95105652 -6.1843704e-16 0.30901699
vn -0.95105652 -6.1843704e-16 0.30901699
vn -0.58778525 -6.1843704e-16 0.80901699
vn -0.58778525 -6.1843704e-16 0.80901699
vn 7.2959848e-16 0.0000000e+0 1.00000000
vn 7.2959848e-16 0.0000000e+0 1.00000000
vn 0.58778525 -6.1843704e-16 0.80901699
vn 0.58778525 -6.1843704e-16 0.80901699
vn 0.95105652 -6.1843704e-16 0.30901699
vn 0.95105652 -6.1843704e-16 0.30901699
vn 0.95105652 -6.1843704e-16 -0.30901699
vn 0.95105652 -6.1843704e-16 -0.30901699
vn 0.58778525 6.1843704e-16 -0.80901699
vn 0.58778525 6.1843704e-16 -0.80901699
vn 7.0041454e-16 2.4737482e-15 -1.00000000
vn 7.0041454e-16 2.4737482e-15 -1.00000000
vn -0.58778525 6.1843704e-16 -0.80901699
vn -0.58778525 6.1843704e-16 -0.80901699
vn -0.95105652 -6.1843704e-16 -0.30901699
vn -0.95105652 -6.1843704e-16 -0.30901699
vn -0.95105652 -6.1843704e-16 0.30901699
vn -0.95105652 -6.1843704e-16 0.30901699
vn -0.58778525 -6.1843704e-16 0.80901699
vn -0.58778525 -6.1843704e-16 0.80901699
vn 7.2959848e-16 0.0000000e+0 1.00000000
vn 7.2959848e-16 0.0000000e+0 1.00000000
vn 0.58778525 -6.1843704e-16 0.80901699
vn 0.58778525 -6.1843704e-16 0.80901699
vn 0.95105652 -6.1843704e-16 0.30901699
vn 0.95105652 -6.1843704e-16 0.30901699
vn 0.95105652 -6.1843704e-16 -0.30901699
vn 0.95105652 -6.1843704e-16 -0.30901699
vn 0.58778525 6.1843704e-16 -0.80901699
vn 0.58778525 6.1843704e-16 -0.80901699
vn -0.82373056 0.0000000e+0 -0.56698145
vn -0.82373056 0.0000000e+0 -0.56698145
vn -0.99967536 -3.0921852e-16 2.5479050e-2
vn -0.99967536 -3.0921852e-16 2.5479050e-2
vn -0.79377814 3.0921852e-16 0.60820742
vn -0.79377814 3.0921852e-16 0.60820742
vn -0.28468466 -6.1843704e-16 0.95862122
vn -0.28468466 -6.1843704e-16 0.95862122
vn 0.33314869 -1.2368741e-15 0.94287430
vn 0.33314869 -1.2368741e-15 0.94287430
vn 0.82373056 0.0000000e+0 0.56698145
vn 0.82373056 0.0000000e+0 0.56698145
vn 0.99967536 0.0000000e+0 -2.5479050e-2
vn 0.99967536 0.0000000e+0 -2.5479050e-2
vn 0.79377814 0.0000000e+0 -0.60820742
vn 0.79377814 0.0000000e+0 -0.60820742
vn 0.28468466 1.2368741e-15 -0.95862122
vn 0.28468466 1.2368741e-15 -0.95862122
vn -0.33314869 1.2368741e-15 -0.94287430
vn -0.33314869 1.2368741e-15 -0.94287430
vn -0.82373056 0.0000000e+0 -0.56698145
vn -0.82373056 0.0000000e+0 -0.56698145
vn -0.99967536 -3.0921852e-16 2.5479050e-2
vn -0.99967536 -3.0921852e-16 2.5479050e-2
vn -0.79377814 3.0921852e-16 0.60820742
vn -0.79377814 3.0921852e-16 0.60820742
vn -0.28468466 -6.1843704e-16 0.95862122
vn -0.28468466 -6.1843704e-16 0.95862122
vn 0.33314869 -1.2368741e-15 0.94287430
vn 0.33314869 -1.2368741e-15 0.94287430
vn 0.82373056 0.0000000e+0 0.56698145
vn 0.82373056 0.0000000e+0 0.56698145
vn 0.99967536 0.0000000e+0 -2.5479050e-2
vn 0.99967536 0.0000000e+0 -2.5479050e-2
vn 0.79377814 0.0000000e+0 -0.60820742
vn 0.79377814 0.0000000e+0 -0.60820742
vn 0.28468466 1.2368741e-15 -0.95862122
vn 0.28468466 1.2368741e-15 -0.95862122
vn -0.33314869 1.2368741e-15 -0.94287430
vn -0.33314869 1.2368741e-15 -0.94287430
vn -0.56841826 -6.1843704e-16 0.82273974
vn -0.56841826 -6.1843704e-16 0.82273974
vn 2.3734249e-2 1.2368741e-15 0.99971830
vn 2.3734249e-2 1.2368741e-15 0.99971830
vn 0.60682109 1.2368741e-15 0.79483846
vn 0.60682109 1.2368741e-15 0.79483846
vn 0.95812289 0.0000000e+0 0.28635733
vn 0.95812289 0.0000000e+0 0.28635733
vn 0.94345432 0.0000000e+0 -0.33150256
vn 0.94345432 0.0000000e+0 -0.33150256
vn 0.56841826 0.0000000e+0 -0.82273974
vn 0.56841826 0.0000000e+0 -0.82273974
vn -2.3734249e-2 -1.2368741e-15 -0.99971830
vn -2.3734249e-2 -1.2368741e-15 -0.99971830
vn -0.60682109 -1.8553111e-15 -0.79483846
vn -0.60682109 -1.8553111e-15 -0.79483846
vn -0.95812289 -6.3776320e-16 -0.28635733
vn -0.95812289 -6.3776320e-16 -0.28635733
vn -0.94345432 -6.3776320e-16 0.33150256
vn -0.94345432 -6.3776320e-16 0.33150256
vn -0.56841826 -6.1843704e-16 0.82273974
vn -0.56841826 -6.1843704e-16 0.82273974
vn 2.3734249e-2 1.2368741e-15 0.99971830
vn 2.3734249e-2 1.2368741e-15 0.99971830
vn 0.60682109 1.2368741e-15 0.79483846
vn 0.60682109 1.2368741e-15 0.79483846
vn 0.95812289 0.0000000e+0 0.28635733
vn 0.95812289 0.0000000e+0 0.28635733
vn 0.94345432 0.0000000e+0 -0.33150256
vn 0.94345432 0.0000000e+0 -0.33150256
vn 0.56841826 0.0000000e+0 -0.82273974
vn 0.56841826 0.0000000e+0 -0.82273974
vn -2.3734249e-2 -1.2368741e-15 -0.99971830
vn -2.3734249e-2 -1.2368741e-15 -0.99971830
vn -0.60682109 -1.8553111e-15 -0.79483846
vn -0.60682109 -1.8553111e-15 -0.79483846
vn -0.95812289 -6.3776320e-16 -0.28635733
vn -0.95812289 -6.3776320e-16 -0.28635733
vn -0.94345432 -6.3776320e-16 0.33150256
vn -0.94345432 -6.3776320e-16 0.33150256
vn -0.97943463 7.4474596e-17 0.20176174
vn -0.97943463 7.4474596e-17 0.20176174
vn -0.67378668 -1.1915935e-15 0.73892591
vn -0.67378668 -1.1915935e-15 0.73892591
vn -0.11077512 -2.3831871e-15 0.99384550
vn -0.11077512 -2.3831871e-15 0.99384550
vn 0.49454877 -5.9579676e-16 0.86914988
vn 0.49454877 -5.9579676e-16 0.86914988
vn 0.91097184 5.9579676e-16 0.41246855
vn 0.91097184 5.9579676e-16 0.41246855
vn 0.97943463 0.0000000e+0 -0.20176174
vn 0.97943463 0.0000000e+0 -0.20176174
vn 0.67378668 1.1915935e-15 -0.73892591
vn 0.67378668 1.1915935e-15 -0.73892591
vn 0.11077512 1.1915935e-15 -0.99384550
vn 0.11077512 1.1915935e-15 -0.99384550
vn -0.49454877 0.0000000e+0 -0.86914988
vn -0.49454877 0.0000000e+0 -0.86914988
vn -0.91097184 7.4474596e-17 -0.41246855
vn -0.91097184 7.4474596e-17 -0.41246855
vn -0.97943463 7.4474596e-17 0.20176174
vn -0.97943463 7.4474596e-17 0.20176174
vn -0.67378668 -1.1915935e-15 0.73892591
vn -0.67378668 -1.1915935e-15 0.73892591
vn -0.11077512 -2.3831871e-15 0.99384550
vn -0.11077512 -2.3831871e-15 0.99384550
vn 0.49454877 -5.9579676e-16 0.86914988
vn 0.49454877 -5.9579676e-16 0.86914988
vn 0.91097184 5.9579676e-16 0.41246855
vn 0.91097184 5.9579676e-16 0.41246855
vn 0.97943463 0.0000000e+0 -0.20176174
vn 0.97943463 0.0000000e+0 -0.20176174
vn 0.67378668 1.1915935e-15 -0.73892591
vn 0.67378668 1.1915935e-15 -0.73892591
vn 0.11077512 1.1915935e-15 -0.99384550
vn 0.11077512 1.1915935e-15 -0.99384550
vn -0.49454877 0.0000000e+0 -0.86914988
vn -0.49454877 0.0000000e+0 -0.86914988
vn -0.91097184 7.4474596e-17 -0.41246855
vn -0.91097184 7.4474596e-17 -0.41246855
vn -0.56841826 -1.2368741e-15 0.82273974
vn -0.56841826 -1.2368741e-15 0.82273974
vn 2.3734249e-2 1.7522288e-28 0.99971830
vn 2.3734249e-2 1.7522288e-28 0.99971830
vn 0.60682109 1.2368741e-15 0.79483846
vn 0.60682109 1.2368741e-15 0.79483846
vn 0.95812289 1.9326158e-17 0.28635733
vn 0.95812289 1.9326158e-17 0.28635733
vn 0.94345432 1.9326158e-17 -0.33150256
vn 0.94345432 1.9326158e-17 -0.33150256
vn 0.56841826 0.0000000e+0 -0.82273974
vn 0.56841826 0.0000000e+0 -0.82273974
vn -2.3734249e-2 1.2368741e-15 -0.99971830
vn -2.3734249e-2 1.2368741e-15 -0.99971830
vn -0.60682109 1.2368741e-15 -0.79483846
vn -0.60682109 1.2368741e-15 -0.79483846
vn -0.95812289 -1.9326158e-17 -0.28635733
vn -0.95812289 -1.9326158e-17 -0.28635733
vn -0.94345432 -1.9326158e-17 0.33150256
vn -0.94345432 -1.9326158e-17 0.33150256
vn -0.56841826 -1.2368741e-15 0.82273974
vn -0.56841826 -1.2368741e-15 0.82273974
vn 2.3734249e-2 1.7522288e-28 0.99971830
vn 2.3734249e-2 1.7522288e-28 0.99971830
vn 0.60682109 1.2368741e-15 0.79483846
vn 0.60682109 1.2368741e-15 0.79483846
vn 0.95812289 1.9326158e-17 0.28635733
vn 0.95812289 1.9326158e-17 0.28635733
vn 0.94345432 1.9326158e-17 -0.33150256
vn 0.94345432 1.9326158e-17 -0.33150256
vn 0.56841826 0.0000000e+0 -0.82273974
vn 0.56841826 0.0000000e+0 -0.82273974
vn -2.3734249e-2 1.2368741e-15 -0.99971830
vn -2.3734249e-2 1.2368741e-15 -0.99971830
vn -0.60682109 1.2368741e-15 -0.79483846
vn -0.60682109 1.2368741e-15 -0.79483846
vn -0.95812289 -1.9326158e-17 -0.28635733
vn -0.95812289 -1.9326158e-17 -0.28635733
vn -0.94345432 -1.9326158e-17 0.33150256
vn -0.94345432 -1.9326158e-17 0.33150256
vn -0.97943463 6.7027136e-16 0.20176174
vn -0.97943463 6.7027136e-16 0.20176174
vn -0.67378668 5.9579676e-16 0.73892591
vn -0.67378668 5.9579676e-16 0.73892591
vn -0.11077512 -1.1915935e-15 0.99384550
vn -0.11077512 -1.1915935e-15 0.99384550
vn 0.49454877 -1.1915935e-15 0.86914988
vn 0.49454877 -1.1915935e-15 0.86914988
vn 0.91097184 7.4474596e-17 0.41246855
vn 0.91097184 7.4474596e-17 0.41246855
vn 0.97943463 -5.2132217e-16 -0.20176174
vn 0.97943463 -5.2132217e-16 -0.20176174
vn 0.67378668 -1.1915935e-15 -0.73892591
vn 0.67378668 -1.1915935e-15 -0.73892591
vn 0.11077512 -1.7873903e-15 -0.99384550
vn 0.11077512 -1.7873903e-15 -0.99384550
vn -0.49454877 -1.7873903e-15 -0.86914988
vn -0.49454877 -1.7873903e-15 -0.86914988
vn -0.91097184 -5.2132217e-16 -0.41246855
vn -0.91097184 -5.2132217e-16 -0.41246855
vn -0.97943463 6.7027136e-16 0.20176174
vn -0.97943463 6.7027136e-16 0.20176174
vn -0.67378668 5.9579676e-16 0.73892591
vn -0.67378668 5.9579676e-16 0.73892591
vn -0.11077512 -1.1915935e-15 0.99384550
vn -0.11077512 -1.1915935e-15 0.99384550
vn 0.49454877 -1.1915935e-15 0.86914988
vn 0.49454877 -1.1915935e-15 0.86914988
vn 0.91097184 7.4474596e-17 0.41246855
vn 0.91097184 7.4474596e-17 0.41246855
vn 0.97943463 -5.2132217e-16 -0.20176174
vn 0.97943463 -5.2132217e-16 -0.20176174
vn 0.67378668 -1.1915935e-15 -0.73892591
vn 0.67378668 -1.1915935e-15 -0.73892591
vn 0.11077512 -1.7873903e-15 -0.99384550
vn 0.11077512 -1.7873903e-15 -0.99384550
vn -0.49454877 -1.7873903e-15 -0.86914988
vn -0.49454877 -1.7873903e-15 -0.86914988
vn -0.91097184 -5.2132217e-16 -0.41246855
vn -0.91097184 -5.2132217e-16 -0.41246855
vn -0.82373056 -3.0921852e-16 -0.56698145
vn -0.82373056 -3.0921852e-16 -0.56698145
vn -0.99967536 -6.1843704e-16 2.5479050e-2
vn -0.99967536 -6.1843704e-16 2.5479050e-2
vn -0.79377814 -3.0921852e-16 0.60820742
vn -0.79377814 -3.0921852e-16 0.60820742
vn -0.28468466 0.0000000e+0 0.95862122
vn -0.28468466 0.0000000e+0 0.95862122
vn 0.33314869 0.0000000e+0 0.94287430
vn 0.33314869 0.0000000e+0 0.94287430
vn 0.82373056 0.0000000e+0 0.56698145
vn 0.82373056 0.0000000e+0 0.56698145
vn 0.99967536 0.0000000e+0 -2.5479050e-2
vn 0.99967536 0.0000000e+0 -2.5479050e-2
vn 0.79377814 -1.2368741e-15 -0.60820742
vn 0.79377814 -1.2368741e-15 -0.60820742
vn 0.28468466 -2.4737482e-15 -0.95862122
vn 0.28468466 -2.4737482e-15 -0.95862122
vn -0.33314869 -1.2368741e-15 -0.94287430
vn -0.33314869 -1.2368741e-15 -0.94287430
vn -0.82373056 -3.0921852e-16 -0.56698145
vn -0.82373056 -3.0921852e-16 -0.56698145
vn -0.99967536 -6.1843704e-16 2.5479050e-2
vn -0.99967536 -6.1843704e-16 2.5479050e-2
vn -0.79377814 -3.0921852e-16 0.60820742
vn -0.79377814 -3.0921852e-16 0.60820742
vn -0.28468466 0.0000000e+0 0.95862122
vn -0.28468466 0.0000000e+0 0.95862122
vn 0.33314869 0.0000000e+0 0.94287430
vn 0.33314869 0.0000000e+0 0.94287430
vn 0.82373056 0.0000000e+0 0.56698145
vn 0.82373056 0.0000000e+0 0.56698145
vn 0.99967536 0.0000000e+0 -2.5479050e-2
vn 0.99967536 0.0000000e+0 -2.5479050e-2
vn 0.79377814 -1.2368741e-15 -0.60820742
vn 0.79377814 -1.2368741e-15 -0.60820742
vn 0.28468466 -2.4737482e-15 -0.95862122
vn 0.28468466 -2.4737482e-15 -0.95862122
vn -0.33314869 -1.2368741e-15 -0.94287430
vn -0.33314869 -1.2368741e-15 -0.94287430
vn -0.99189444 -4.6382778e-16 -0.12706461
vn -0.99189444 -4.6382778e-16 -0.12706461
vn -0.87714616 4.6382778e-16 0.48022350
vn -0.87714616 4.6382778e-16 0.48022350
vn -0.42735786 6.1843704e-16 0.90408255
vn -0.42735786 6.1843704e-16 0.90408255
vn 0.18566662 0.0000000e+0 0.98261280
vn 0.18566662 0.0000000e+0 0.98261280
vn 0.72777276 0.0000000e+0 0.68581835
vn 0.72777276 0.0000000e+0 0.68581835
vn 0.99189444 0.0000000e+0 0.12706461
vn 0.99189444 0.0000000e+0 0.12706461
vn 0.87714616 0.0000000e+0 -0.48022350
vn 0.87714616 0.0000000e+0 -0.48022350
vn 0.42735786 0.0000000e+0 -0.90408255
vn 0.42735786 0.0000000e+0 -0.90408255
vn -0.18566662 6.1843704e-16 -0.98261280
vn -0.18566662 6.1843704e-16 -0.98261280
vn -0.72777276 3.0921852e-16 -0.68581835
vn -0.72777276 3.0921852e-16 -0.68581835
vn -0.99189444 -4.6382778e-16 -0.12706461
vn -0.99189444 -4.6382778e-16 -0.12706461
vn -0.87714616 4.6382778e-16 0.48022350
vn -0.87714616 4.6382778e-16 0.48022350
vn -0.42735786 6.1843704e-16 0.90408255
vn -0.42735786 6.1843704e-16 0.90408255
vn 0.18566662 0.0000000e+0 0.98261280
vn 0.18566662 0.0000000e+0 0.98261280
vn 0.72777276 0.0000000e+0 0.68581835
vn 0.72777276 0.0000000e+0 0.68581835
vn 0.99189444 0.0000000e+0 0.12706461
vn 0.99189444 0.0000000e+0 0.12706461
vn 0.87714616 0.0000000e+0 -0.48022350
vn 0.87714616 0.0000000e+0 -0.48022350
vn 0.42735786 0.0000000e+0 -0.90408255
vn 0.42735786 0.0000000e+0 -0.90408255
vn -0.18566662 6.1843704e-16 -0.98261280
vn -0.18566662 6.1843704e-16 -0.98261280
vn -0.72777276 3.0921852e-16 -0.68581835
vn -0.72777276 3.0921852e-16 -0.68581835
vn -0.99189444 -3.0921852e-16 -0.12706461
vn -0.99189444 -3.0921852e-16 -0.12706461
vn -0.87714616 -6.1843704e-16 0.48022350
vn -0.87714616 -6.1843704e-16 0.48022350
vn -0.42735786 -6.1843704e-16 0.90408255
vn -0.42735786 -6.1843704e-16 0.90408255
vn 0.18566662 6.1843704e-16 0.98261280
vn 0.18566662 6.1843704e-16 0.98261280
vn 0.72777276 9.2765556e-16 0.68581835
vn 0.72777276 9.2765556e-16 0.68581835
vn 0.99189444 4.6382778e-16 0.12706461
vn 0.99189444 4.6382778e-16 0.12706461
vn 0.87714616 1.5460926e-16 -0.48022350
vn 0.87714616 1.5460926e-16 -0.48022350
vn 0.42735786 0.0000000e+0 -0.90408255
vn 0.42735786 0.0000000e+0 -0.90408255
vn -0.18566662 -6.1843704e-16 -0.98261280
vn -0.18566662 -6.1843704e-16 -0.98261280
vn -0.72777276 -9.2765556e-16 -0.68581835
vn -0.72777276 -9.2765556e-16 -0.68581835
vn -0.99189444 -3.0921852e-16 -0.12706461
vn -0.99189444 -3.0921852e-16 -0.12706461
vn -0.87714616 -6.1843704e-16 0.48022350
vn -0.87714616 -6.1843704e-16 0.48022350
vn -0.42735786 -6.1843704e-16 0.90408255
vn -0.42735786 -6.1843704e-16 0.90408255
vn 0.18566662 6.1843704e-16 0.98261280
vn 0.18566662 6.1843704e-16 0.98261280
vn 0.72777276 9.2765556e-16 0.68581835
vn 0.72777276 9.2765556e-16 0.68581835
vn 0.99189444 4.6382778e-16 0.12706461
vn 0.99189444 4.6382778e-16 0.12706461
vn 0.87714616 1.5460926e-16 -0.48022350
vn 0.87714616 1.5460926e-16 -0.48022350
vn 0.42735786 0.0000000e+0 -0.90408255
vn 0.42735786 0.0000000e+0 -0.90408255
vn -0.18566662 -6.1843704e-16 -0.98261280
vn -0.18566662 -6.1843704e-16 -0.98261280
vn -0.72777276 -9.2765556e-16 -0.68581835
vn -0.72777276 -9.2765556e-16 -0.68581835
vn -0.99987663 -1.5460926e-16 1.5707317e-2
vn -0.99987663 -1.5460926e-16 1.5707317e-2
vn -0.79968466 0.0000000e+0 0.60042023
vn -0.79968466 0.0000000e+0 0.60042023
vn -0.29404033 0.0000000e+0 0.95579301
vn -0.29404033 0.0000000e+0 0.95579301
vn 0.32391742 6.1843704e-16 0.94608536
vn 0.32391742 6.1843704e-16 0.94608536
vn 0.81814972 6.1843704e-16 0.57500525
vn 0.81814972 6.1843704e-16 0.57500525
vn 0.99987663 -1.5460926e-16 -1.5707317e-2
vn 0.99987663 -1.5460926e-16 -1.5707317e-2
vn 0.79968466 -7.7304630e-16 -0.60042023
vn 0.79968466 -7.7304630e-16 -0.60042023
vn 0.29404033 -6.1843704e-16 -0.95579301
vn 0.29404033 -6.1843704e-16 -0.95579301
vn -0.32391742 0.0000000e+0 -0.94608536
vn -0.32391742 0.0000000e+0 -0.94608536
vn -0.81814972 -1.5460926e-16 -0.57500525
vn -0.81814972 -1.5460926e-16 -0.57500525
vn -0.99987663 -1.5460926e-16 1.5707317e-2
vn -0.99987663 -1.5460926e-16 1.5707317e-2
vn -0.79968466 0.0000000e+0 0.60042023
vn -0.79968466 0.0000000e+0 0.60042023
vn -0.29404033 0.0000000e+0 0.95579301
vn -0.29404033 0.0000000e+0 0.95579301
vn 0.32391742 6.1843704e-16 0.94608536
vn 0.32391742 6.1843704e-16 0.94608536
vn 0.81814972 6.1843704e-16 0.57500525
vn 0.81814972 6.1843704e-16 0.57500525
vn 0.99987663 -1.5460926e-16 -1.5707317e-2
vn 0.99987663 -1.5460926e-16 -1.5707317e-2
vn 0.79968466 -7.7304630e-16 -0.60042023
vn 0.79968466 -7.7304630e-16 -0.60042023
vn 0.29404033 -6.1843704e-16 -0.95579301
vn 0.29404033 -6.1843704e-16 -0.95579301
vn -0.32391742 0.0000000e+0 -0.94608536
vn -0.32391742 0.0000000e+0 -0.94608536
vn -0.81814972 -1.5460926e-16 -0.57500525
vn -0.81814972 -1.5460926e-16 -0.57500525
vn -0.99987663 -3.0921852e-16 1.5707317e-2
vn -0.99987663 -3.0921852e-16 1.5707317e-2
vn -0.79968466 3.0921852e-16 0.60042023
vn -0.79968466 3.0921852e-16 0.60042023
vn -0.29404033 6.1843704e-16 0.95579301
vn -0.29404033 6.1843704e-16 0.95579301
vn 0.32391742 6.1843704e-16 0.94608536
vn 0.32391742 6.1843704e-16 0.94608536
vn 0.81814972 4.6382778e-16 0.57500525
vn 0.81814972 4.6382778e-16 0.57500525
vn 0.99987663 1.5460926e-16 -1.5707317e-2
vn 0.99987663 1.5460926e-16 -1.5707317e-2
vn 0.79968466 9.2765556e-16 -0.60042023
vn 0.79968466 9.2765556e-16 -0.60042023
vn 0.29404033 6.1843704e-16 -0.95579301
vn 0.29404033 6.1843704e-16 -0.95579301
vn -0.32391742 -6.1843704e-16 -0.94608536
vn -0.32391742 -6.1843704e-16 -0.94608536
vn -0.81814972 -6.1843704e-16 -0.57500525
vn -0.81814972 -6.1843704e-16 -0.57500525
vn -0.99987663 -3.0921852e-16 1.5707317e-2
vn -0.99987663 -3.0921852e-16 1.5707317e-2
vn -0.79968466 3.0921852e-16 0.60042023
vn -0.79968466 3.0921852e-16 0.60042023
vn -0.29404033 6.1843704e-16 0.95579301
vn -0.29404033 6.1843704e-16 0.95579301
vn 0.32391742 6.1843704e-16 0.94608536
vn 0.32391742 6.1843704e-16 0.94608536
vn 0.81814972 4.6382778e-16 0.57500525
vn 0.81814972 4.6382778e-16 0.57500525
vn 0.99987663 1.5460926e-16 -1.5707317e-2
vn 0.99987663 1.5460926e-16 -1.5707317e-2
vn 0.79968466 9.2765556e-16 -0.60042023
vn 0.79968466 9.2765556e-16 -0.60042023
vn 0.29404033 6.1843704e-16 -0.95579301
vn 0.29404033 6.1843704e-16 -0.95579301
vn -0.32391742 -6.1843704e-16 -0.94608536
vn -0.32391742 -6.1843704e-16 -0.94608536
vn -0.81814972 -6.1843704e-16 -0.57500525
vn -0.81814972 -6.1843704e-16 -0.57500525
vn -1.00000000 0.0000000e+0 -5.5449485e-15
vn -1.00000000 0.0000000e+0 -5.5449485e-15
vn -0.80901699 0.0000000e+0 0.58778525
vn -0.80901699 0.0000000e+0 0.58778525
vn -0.30901699 0.0000000e+0 0.95105652
vn -0.30901699 0.0000000e+0 0.95105652
vn 0.30901699 0.0000000e+0 0.95105652
vn 0.30901699 0.0000000e+0 0.95105652
vn 0.80901699 0.0000000e+0 0.58778525
vn 0.80901699 0.0000000e+0 0.58778525
vn 1.00000000 0.0000000e+0 -5.5741324e-15
vn 1.00000000 0.0000000e+0 -5.5741324e-15
vn 0.80901699 0.0000000e+0 -0.58778525
vn 0.80901699 0.0000000e+0 -0.58778525
vn 0.30901699 0.0000000e+0 -0.95105652
vn 0.30901699 0.0000000e+0 -0.95105652
vn -0.30901699 1.5460926e-16 -0.95105652
vn -0.30901699 1.5460926e-16 -0.95105652
vn -0.80901699 1.5460926e-16 -0.58778525
vn -0.80901699 1.5460926e-16 -0.58778525
vn -1.00000000 0.0000000e+0 -5.5449485e-15
vn -1.00000000 0.0000000e+0 -5.5449485e-15
vn -0.80901699 0.0000000e+0 0.58778525
vn -0.80901699 0.0000000e+0 0.58778525
vn -0.30901699 0.0000000e+0 0.95105652
vn -0.30901699 0.0000000e+0 0.95105652
vn 0.30901699 0.0000000e+0 0.95105652
vn 0.30901699 0.0000000e+0 0.95105652
vn 0.80901699 0.0000000e+0 0.58778525
vn 0.80901699 0.0000000e+0 0.58778525
vn 1.00000000 0.0000000e+0 -5.5741324e-15
vn 1.00000000 0.0000000e+0 -5.5741324e-15
vn 0.80901699 0.0000000e+0 -0.58778525
vn 0.80901699 0.0000000e+0 -0.58778525
vn 0.30901699 0.0000000e+0 -0.95105652
vn 0.30901699 0.0000000e+0 -0.95105652
vn -0.30901699 1.5460926e-16 -0.95105652
vn -0.30901699 1.5460926e-16 -0.95105652
vn -0.80901699 1.5460926e-16 -0.58778525
vn -0.80901699 1.5460926e-16 -0.58778525
vn -1.00000000 -7.7304630e-17 5.5449485e-15
vn -1.00000000 -7.7304630e-17 5.5449485e-15
vn -0.80901699 -2.3191389e-16 0.58778525
vn -0.80901699 -2.3191389e-16 0.58778525
vn -0.30901699 -1.5460926e-16 0.95105652
vn -0.30901699 -1.5460926e-16 0.95105652
vn 0.30901699 0.0000000e+0 0.95105652
vn 0.30901699 0.0000000e+0 0.95105652
vn 0.80901699 -7.7304630e-17 0.58778525
vn 0.80901699 -7.7304630e-17 0.58778525
vn 1.00000000 -7.7304630e-17 5.5741324e-15
vn 1.00000000 -7.7304630e-17 5.5741324e-15
vn 0.80901699 1.5460926e-16 -0.58778525
vn 0.80901699 1.5460926e-16 -0.58778525
vn 0.30901699 1.5460926e-16 -0.95105652
vn 0.30901699 1.5460926e-16 -0.95105652
vn -0.30901699 0.0000000e+0 -0.95105652
vn -0.30901699 0.0000000e+0 -0.95105652
vn -0.80901699 0.0000000e+0 -0.58778525
vn -0.80901699 0.0000000e+0 -0.58778525
vn -1.00000000 -7.7304630e-17 5.5449485e-15
vn -1.00000000 -7.7304630e-17 5.5449485e-15
vn -0.80901699 -2.3191389e-16 0.58778525
vn -0.80901699 -2.3191389e-16 0.58778525
vn -0.30901699 -1.5460926e-16 0.95105652
vn -0.30901699 -1.5460926e-16 0.95105652
vn 0.30901699 0.0000000e+0 0.95105652
vn 0.30901699 0.0000000e+0 0.95105652
vn 0.80901699 -7.7304630e-17 0.58778525
vn 0.80901699 -7.7304630e-17 0.58778525
vn 1.00000000 -7.7304630e-17 5.5741324e-15
vn 1.00000000 -7.7304630e-17 5.5741324e-15
vn 0.80901699 1.5460926e-16 -0.58778525
vn 0.80901699 1.5460926e-16 -0.58778525
vn 0.30901699 1.5460926e-16 -0.95105652
vn 0.30901699 1.5460926e-16 -0.95105652
vn -0.30901699 0.0000000e+0 -0.95105652
vn -0.30901699 0.0000000e+0 -0.95105652
vn -0.80901699 0.0000000e+0 -0.58778525
vn -0.80901699 0.0000000e+0 -0.58778525
vn -1.00000000 0.0000000e+0 1.1002345e-14
vn -1.00000000 0.0000000e+0 1.1002345e-14
vn -0.80901699 0.0000000e+0 0.58778525
vn -0.80901699 0.0000000e+0 0.58778525
vn -0.30901699 0.0000000e+0 0.95105652
vn -0.30901699 0.0000000e+0 0.95105652
vn 0.30901699 3.0921852e-16 0.95105652
vn 0.30901699 3.0921852e-16 0.95105652
vn 0.80901699 3.0921852e-16 0.58778525
vn 0.80901699 3.0921852e-16 0.58778525
vn 1.00000000 0.0000000e+0 1.1002345e-14
vn 1.00000000 0.0000000e+0 1.1002345e-14
vn 0.80901699 -3.0921852e-16 -0.58778525
vn 0.80901699 -3.0921852e-16 -0.58778525
vn 0.30901699 -3.0921852e-16 -0.95105652
vn 0.30901699 -3.0921852e-16 -0.95105652
vn -0.30901699 3.0921852e-16 -0.95105652
vn -0.30901699 3.0921852e-16 -0.95105652
vn -0.80901699 3.0921852e-16 -0.58778525
vn -0.80901699 3.0921852e-16 -0.58778525
vn -1.00000000 0.0000000e+0 1.1002345e-14
vn -1.00000000 0.0000000e+0 1.1002345e-14
vn -0.80901699 0.0000000e+0 0.58778525
vn -0.80901699 0.0000000e+0 0.58778525
vn -0.30901699 0.0000000e+0 0.95105652
vn -0.30901699 0.0000000e+0 0.95105652
vn 0.30901699 3.0921852e-16 0.95105652
vn 0.30901699 3.0921852e-16 0.95105652
vn 0.80901699 3.0921852e-16 0.58778525
vn 0.80901699 3.0921852e-16 0.58778525
vn 1.00000000 0.0000000e+0 1.1002345e-14
vn 1.00000000 0.0000000e+0 1.1002345e-14
vn 0.80901699 -3.0921852e-16 -0.58778525
vn 0.80901699 -3.0921852e-16 -0.58778525
vn 0.30901699 -3.0921852e-16 -0.95105652
vn 0.30901699 -3.0921852e-16 -0.95105652
vn -0.30901699 3.0921852e-16 -0.95105652
vn -0.30901699 3.0921852e-16 -0.95105652
vn -0.80901699 3.0921852e-16 -0.58778525
vn -0.80901699 3.0921852e-16 -0.58778525
vn -0.99999652 3.8488036e-4 2.6083597e-3
vn -0.99999652 3.8488036e-4 2.6083597e-3
vn -6.2167285e-3 -2.4985897e-3 -0.99997755
vn -0.31256887 -0.94989279 2.0940919e-3
vn -0.31256887 -0.94989279 2.0940919e-3
vn -6.2167285e-3 -2.4985897e-3 -0.99997755
vn 0.80938216 -0.58728097 -1.2557439e-3
vn 0.80938216 -0.58728097 -1.2557439e-3
vn -6.2167285e-3 -2.4985897e-3 -0.99997755
vn 0.81081893 0.58529036 -2.8039135e-3
vn 0.81081893 0.58529036 -2.8039135e-3
vn -6.2167285e-3 -2.4985897e-3 -0.99997755
vn -0.30763698 0.95150368 -4.8122631e-4
vn -0.30763698 0.95150368 -4.8122631e-4
vn -6.2167285e-3 -2.4985897e-3 -0.99997755
vn -0.99999984 3.1356093e-9 -5.6481013e-4
vn -0.99999984 3.1356093e-9 -5.6481013e-4
vn -6.9259433e-3 1.6791589e-15 0.99997602
vn -0.30911368 -0.95102508 -1.6934651e-4
vn -0.30911368 -0.95102508 -1.6934651e-4
vn -6.9259433e-3 1.6791589e-15 0.99997602
vn -0.81090831 -0.58516601 2.9074675e-3
vn -0.81090831 -0.58516601 2.9074675e-3
vn -6.2167285e-3 -2.4985897e-3 -0.99997755
vn 0.80911356 -0.58765214 4.5692436e-4
vn 0.80911356 -0.58765214 4.5692436e-4
vn -6.9259433e-3 1.6791589e-15 0.99997602
vn 0.30765277 -0.95149857 4.9399878e-4
vn 0.30765277 -0.95149857 4.9399878e-4
vn -6.2167285e-3 -2.4985897e-3 -0.99997755
vn 0.80911358 0.58765212 4.5072553e-4
vn 0.80911358 0.58765212 4.5072553e-4
vn -6.9259433e-3 1.6791589e-15 0.99997602
vn 0.99999684 -2.5688954e-4 -2.5016029e-3
vn 0.99999684 -2.5688954e-4 -2.5016029e-3
vn -6.2167285e-3 -2.4985897e-3 -0.99997755
vn -0.80951956 0.58709146 1.3073182e-3
vn -0.80951956 0.58709146 1.3073182e-3
vn -6.2167285e-3 -2.4985897e-3 -0.99997755
vn -0.30911363 0.95102509 -1.7937874e-4
vn -0.30911363 0.95102509 -1.7937874e-4
vn -6.9259433e-3 1.6791589e-15 0.99997602
vn 0.31278313 0.94982236 -2.0491605e-3
vn 0.31278313 0.94982236 -2.0491605e-3
vn -6.2167285e-3 -2.4985897e-3 -0.99997755
vn -0.80912371 0.58763816 -4.5984049e-4
vn -0.80912371 0.58763816 -4.5984049e-4
vn -6.9259433e-3 1.6791589e-15 0.99997602
vn -0.80912372 -0.58763815 -4.5364146e-4
vn -0.80912372 -0.58763815 -4.5364146e-4
vn -6.9259433e-3 1.6791589e-15 0.99997602
vn 0.30912380 -0.95102179 1.7857976e-4
vn 0.30912380 -0.95102179 1.7857976e-4
vn -6.9259433e-3 1.6791589e-15 0.99997602
vn 0.99999984 -2.0558198e-9 5.6059869e-4
vn 0.99999984 -2.0558198e-9 5.6059869e-4
vn -6.9259433e-3 1.6791589e-15 0.99997602
vn 0.30912385 0.95102177 1.6854778e-4
vn 0.30912385 0.95102177 1.6854778e-4
vn -6.9259433e-3 1.6791589e-15 0.99997602
vn 0.99987663 0.0000000e+0 1.5707317e-2
vn 0.99987663 0.0000000e+0 1.5707317e-2
vn 0.79968466 0.0000000e+0 0.60042023
vn 0.79968466 0.0000000e+0 0.60042023
vn 0.29404033 0.0000000e+0 0.95579301
vn 0.29404033 0.0000000e+0 0.95579301
vn -0.32391742 -6.1843704e-16 0.94608536
vn -0.32391742 -6.1843704e-16 0.94608536
vn -0.81814972 -6.1843704e-16 0.57500525
vn -0.81814972 -6.1843704e-16 0.57500525
vn -0.99987663 3.0921852e-16 -1.5707317e-2
vn -0.99987663 3.0921852e-16 -1.5707317e-2
vn -0.79968466 9.2765556e-16 -0.60042023
vn -0.79968466 9.2765556e-16 -0.60042023
vn -0.29404033 6.1843704e-16 -0.95579301
vn -0.29404033 6.1843704e-16 -0.95579301
vn 0.32391742 -6.1843704e-16 -0.94608536
vn 0.32391742 -6.1843704e-16 -0.94608536
vn 0.81814972 -6.1843704e-16 -0.57500525
vn 0.81814972 -6.1843704e-16 -0.57500525
vn 0.99987663 0.0000000e+0 1.5707317e-2
vn 0.99987663 0.0000000e+0 1.5707317e-2
vn 0.79968466 0.0000000e+0 0.60042023
vn 0.79968466 0.0000000e+0 0.60042023
vn 0.29404033 0.0000000e+0 0.95579301
vn 0.29404033 0.0000000e+0 0.95579301
vn -0.32391742 -6.1843704e-16 0.94608536
vn -0.32391742 -6.1843704e-16 0.94608536
vn -0.81814972 -6.1843704e-16 0.57500525
vn -0.81814972 -6.1843704e-16 0.57500525
vn -0.99987663 3.0921852e-16 -1.5707317e-2
vn -0.99987663 3.0921852e-16 -1.5707317e-2
vn -0.79968466 9.2765556e-16 -0.60042023
vn -0.79968466 9.2765556e-16 -0.60042023
vn -0.29404033 6.1843704e-16 -0.95579301
vn -0.29404033 6.1843704e-16 -0.95579301
vn 0.32391742 -6.1843704e-16 -0.94608536
vn 0.32391742 -6.1843704e-16 -0.94608536
vn 0.81814972 -6.1843704e-16 -0.57500525
vn 0.81814972 -6.1843704e-16 -0.57500525
vn 0.56841826 -6.1843704e-16 0.82273974
vn 0.56841826 -6.1843704e-16 0.82273974
vn -2.3734249e-2 1.2368741e-15 0.99971830
vn -2.3734249e-2 1.2368741e-15 0.99971830
vn -0.60682109 1.2368741e-15 0.79483846
vn -0.60682109 1.2368741e-15 0.79483846
vn -0.95812289 0.0000000e+0 0.28635733
vn -0.95812289 0.0000000e+0 0.28635733
vn -0.94345432 0.0000000e+0 -0.33150256
vn -0.94345432 0.0000000e+0 -0.33150256
vn -0.56841826 0.0000000e+0 -0.82273974
vn -0.56841826 0.0000000e+0 -0.82273974
vn 2.3734249e-2 -1.2368741e-15 -0.99971830
vn 2.3734249e-2 -1.2368741e-15 -0.99971830
vn 0.60682109 -1.8553111e-15 -0.79483846
vn 0.60682109 -1.8553111e-15 -0.79483846
vn 0.95812289 -6.3776320e-16 -0.28635733
vn 0.95812289 -6.3776320e-16 -0.28635733
vn 0.94345432 -6.3776320e-16 0.33150256
vn 0.94345432 -6.3776320e-16 0.33150256
vn 0.56841826 -6.1843704e-16 0.82273974
vn 0.56841826 -6.1843704e-16 0.82273974
vn -2.3734249e-2 1.2368741e-15 0.99971830
vn -2.3734249e-2 1.2368741e-15 0.99971830
vn -0.60682109 1.2368741e-15 0.79483846
vn -0.60682109 1.2368741e-15 0.79483846
vn -0.95812289 0.0000000e+0 0.28635733
vn -0.95812289 0.0000000e+0 0.28635733
vn -0.94345432 0.0000000e+0 -0.33150256
vn -0.94345432 0.0000000e+0 -0.33150256
vn -0.56841826 0.0000000e+0 -0.82273974
vn -0.56841826 0.0000000e+0 -0.82273974
vn 2.3734249e-2 -1.2368741e-15 -0.99971830
vn 2.3734249e-2 -1.2368741e-15 -0.99971830
vn 0.60682109 -1.8553111e-15 -0.79483846
vn 0.60682109 -1.8553111e-15 -0.79483846
vn 0.95812289 -6.3776320e-16 -0.28635733
vn 0.95812289 -6.3776320e-16 -0.28635733
vn 0.94345432 -6.3776320e-16 0.33150256
vn 0.94345432 -6.3776320e-16 0.33150256
vn 0.0000000e+0 0.0000000e+0 1.00000000
vn -1.00000000 0.0000000e+0 0.0000000e+0
vn 0.0000000e+0 0.0000000e+0 1.00000000
vn -1.00000000 0.0000000e+0 0.0000000e+0
vn 8.8952397e-16 1.00000000 0.0000000e+0
vn 8.8952397e-16 1.00000000 0.0000000e+0
vn 0.0000000e+0 0.0000000e+0 1.00000000
vn 1.00000000 0.0000000e+0 0.0000000e+0
vn -8.8952397e-16 1.00000000 0.0000000e+0
vn -8.8952397e-16 1.00000000 0.0000000e+0
vn 0.0000000e+0 0.0000000e+0 1.00000000
vn 1.00000000 0.0000000e+0 0.0000000e+0
vn -1.00000000 0.0000000e+0 0.0000000e+0
vn -0.45095655 0.0000000e+0 -0.89254590
vn -1.00000000 0.0000000e+0 0.0000000e+0
vn 1.4030011e-15 1.00000000 0.0000000e+0
vn 1.4030011e-15 1.00000000 0.0000000e+0
vn -0.42961772 -0.16765665 -0.88731047
vn -0.42961772 -0.16765665 -0.88731047
vn 1.00000000 0.0000000e+0 0.0000000e+0
vn -1.4030011e-15 1.00000000 0.0000000e+0
vn -1.4030011e-15 1.00000000 0.0000000e+0
vn 0.42961772 -0.16765665 -0.88731047
vn 0.42961772 -0.16765665 -0.88731047
vn 1.00000000 0.0000000e+0 0.0000000e+0
vn 0.45095655 0.0000000e+0 -0.89254590
vn -1.00000000 0.0000000e+0 0.0000000e+0
vn -0.45095655 0.0000000e+0 -0.89254590
vn -0.43037180 -0.15739387 -0.88882354
vn -0.43037180 -0.15739387 -0.88882354
vn 1.00000000 0.0000000e+0 0.0000000e+0
vn 0.45095655 0.0000000e+0 -0.89254590
vn 0.43037180 -0.15739387 -0.88882354
vn 0.43037180 -0.15739387 -0.88882354
vn -0.45095655 0.0000000e+0 -0.89254590
vn 3.9264333e-17 0.0000000e+0 -1.00000000
vn 3.9264333e-17 0.0000000e+0 -1.00000000
vn 0.45095655 0.0000000e+0 -0.89254590
vn 3.9264333e-17 0.0000000e+0 -1.00000000
vn 3.9264333e-17 0.0000000e+0 -1.00000000
vn 5.1347717e-16 1.00000000 0.0000000e+0
vn 5.1347717e-16 1.00000000 0.0000000e+0
vn -0.45919125 -0.16420236 -0.87302977
vn -0.45919125 -0.16420236 -0.87302977
vn 1.8368232e-2 -0.18498938 -0.98256885
vn 1.8368232e-2 -0.18498938 -0.98256885
vn -5.1347717e-16 1.00000000 0.0000000e+0
vn -5.1347717e-16 1.00000000 0.0000000e+0
vn -1.8368232e-2 -0.18498938 -0.98256885
vn -1.8368232e-2 -0.18498938 -0.98256885
vn 0.45919125 -0.16420236 -0.87302977
vn 0.45919125 -0.16420236 -0.87302977
vn -0.45095655 0.0000000e+0 -0.89254590
vn 0.0000000e+0 0.0000000e+0 -1.00000000
vn 0.0000000e+0 0.0000000e+0 -1.00000000
vn -0.45994487 -0.15393382 -0.87450277
vn -0.45994487 -0.15393382 -0.87450277
vn 1.8380527e-2 -0.17357303 -0.98464946
vn 1.8380527e-2 -0.17357303 -0.98464946
vn 0.45095655 0.0000000e+0 -0.89254590
vn 0.0000000e+0 0.0000000e+0 -1.00000000
vn 0.0000000e+0 0.0000000e+0 -1.00000000
vn -1.8380527e-2 -0.17357303 -0.98464946
vn -1.8380527e-2 -0.17357303 -0.98464946
vn 0.45994487 -0.15393382 -0.87450277
vn 0.45994487 -0.15393382 -0.87450277
vn 8.8952397e-16 1.00000000 0.0000000e+0
vn 8.8952397e-16 1.00000000 0.0000000e+0
vn 0.0000000e+0 0.0000000e+0 -1.00000000
vn 1.00000000 0.0000000e+0 0.0000000e+0
vn -8.8952397e-16 1.00000000 0.0000000e+0
vn -8.8952397e-16 1.00000000 0.0000000e+0
vn 0.0000000e+0 0.0000000e+0 -1.00000000
vn -1.00000000 0.0000000e+0 0.0000000e+0
vn -1.4030011e-15 1.00000000 0.0000000e+0
vn -1.4030011e-15 1.00000000 0.0000000e+0
vn -1.00000000 0.0000000e+0 0.0000000e+0
vn -0.45095655 -4.7134218e-16 0.89254590
vn -5.1347717e-16 1.00000000 0.0000000e+0
vn -5.1347717e-16 1.00000000 0.0000000e+0
vn -0.45095655 -4.7134218e-16 0.89254590
vn 0.0000000e+0 0.0000000e+0 1.00000000
vn 5.1347717e-16 1.00000000 0.0000000e+0
vn 5.1347717e-16 1.00000000 0.0000000e+0
vn 0.0000000e+0 0.0000000e+0 1.00000000
vn 0.45095655 -9.4268436e-16 0.89254590
vn 1.4030011e-15 1.00000000 0.0000000e+0
vn 1.4030011e-15 1.00000000 0.0000000e+0
vn 0.45095655 -9.4268436e-16 0.89254590
vn 1.00000000 0.0000000e+0 0.0000000e+0
vn 0.0000000e+0 1.00000000 0.0000000e+0
vn 0.0000000e+0 0.0000000e+0 -1.00000000
vn 1.00000000 0.0000000e+0 0.0000000e+0
vn 0.0000000e+0 1.00000000 0.0000000e+0
vn 0.0000000e+0 0.0000000e+0 -1.00000000
vn -1.00000000 0.0000000e+0 0.0000000e+0
vn 0.0000000e+0 1.00000000 0.0000000e+0
vn -1.00000000 0.0000000e+0 0.0000000e+0
vn -0.45095655 -4.7134218e-16 0.89254590
vn 0.0000000e+0 1.00000000 0.0000000e+0
vn -0.45095655 -4.7134218e-16 0.89254590
vn 0.0000000e+0 0.0000000e+0 1.00000000
vn 0.0000000e+0 1.00000000 0.0000000e+0
vn 0.0000000e+0 0.0000000e+0 1.00000000
vn 0.45095655 -9.4268436e-16 0.89254590
vn 0.0000000e+0 1.00000000 0.0000000e+0
vn 0.45095655 -9.4268436e-16 0.89254590
vn 1.00000000 0.0000000e+0 0.0000000e+0
vn 0.99993770 0.0000000e+0 1.1162622e-2
vn 0.70708475 0.70708475 7.8934118e-3
vn 0.0000000e+0 1.00000000 0.0000000e+0
vn 0.70708475 0.70708475 7.8934118e-3
vn 0.0000000e+0 1.00000000 0.0000000e+0
vn -0.70702707 0.70702707 1.5014871e-2
vn -0.99977458 0.0000000e+0 2.1231841e-2
vn -0.70702707 0.70702707 1.5014871e-2
vn -0.99977458 0.0000000e+0 2.1231841e-2
vn -0.70705973 -0.70705973 1.1536147e-2
vn 0.0000000e+0 -0.99998789 -4.9209075e-3
vn -0.70705973 -0.70705973 1.1536147e-2
vn 0.99993770 0.0000000e+0 1.1162622e-2
vn 0.70709989 -0.70709989 4.4139655e-3
vn 0.0000000e+0 -0.99998789 -4.9209075e-3
vn 0.70709989 -0.70709989 4.4139655e-3
vn 3.9264333e-17 0.0000000e+0 -1.00000000
vn 0.0000000e+0 1.00000000 0.0000000e+0
vn 3.9264333e-17 0.0000000e+0 -1.00000000
vn -0.70702707 0.70702707 1.5014871e-2
vn 0.0000000e+0 0.0000000e+0 -1.00000000
vn -0.99977458 0.0000000e+0 2.1231841e-2
vn 0.0000000e+0 0.0000000e+0 -1.00000000
vn -0.70702707 0.70702707 1.5014871e-2
vn 8.0642745e-16 0.0000000e+0 -1.00000000
vn 0.99993770 0.0000000e+0 1.1162622e-2
vn 8.0642745e-16 0.0000000e+0 -1.00000000
vn 0.70708475 0.70708475 7.8934118e-3
vn 8.4569178e-16 0.0000000e+0 -1.00000000
vn 0.0000000e+0 1.00000000 0.0000000e+0
vn 8.4569178e-16 0.0000000e+0 -1.00000000
vn 0.70708475 0.70708475 7.8934118e-3
vn 0.0000000e+0 0.0000000e+0 -1.00000000
vn 0.0000000e+0 -0.99998789 -4.9209075e-3
vn 0.0000000e+0 0.0000000e+0 -1.00000000
vn 0.70709989 -0.70709989 4.4139655e-3
vn 0.0000000e+0 0.0000000e+0 -1.00000000
vn 0.99993770 0.0000000e+0 1.1162622e-2
vn 0.0000000e+0 0.0000000e+0 -1.00000000
vn 0.70709989 -0.70709989 4.4139655e-3
vn 9.6207898e-17 0.0000000e+0 -1.00000000
vn -0.99977458 0.0000000e+0 2.1231841e-2
vn 9.6207898e-17 0.0000000e+0 -1.00000000
vn -0.70705973 -0.70705973 1.1536147e-2
vn 9.6207898e-17 0.0000000e+0 -1.00000000
vn 0.0000000e+0 -0.99998789 -4.9209075e-3
vn 9.6207898e-17 0.0000000e+0 -1.00000000
vn -0.70705973 -0.70705973 1.1536147e-2
vn -0.42961772 -0.16765665 -0.88731047
vn -0.42961772 -0.16765665 -0.88731047
vn 0.74950303 -0.22664575 -0.62199430
vn -0.15486517 -0.94162038 -0.29894454
vn -0.45919125 -0.16420236 -0.87302977
vn -0.45919125 -0.16420236 -0.87302977
vn -0.86099410 0.17413180 0.47787788
vn -0.15486517 -0.94162038 -0.29894454
vn -0.45994487 -0.15393382 -0.87450277
vn -0.45994487 -0.15393382 -0.87450277
vn 9.3460333e-3 0.99979356 1.8041149e-2
vn -0.86099410 0.17413180 0.47787788
vn -0.43037180 -0.15739387 -0.88882354
vn -0.43037180 -0.15739387 -0.88882354
vn 0.74950303 -0.22664575 -0.62199430
vn 9.3460333e-3 0.99979356 1.8041149e-2
vn 0.74950303 -0.22664575 -0.62199430
vn -0.15486517 -0.94162038 -0.29894454
vn 0.74950303 -0.22664575 -0.62199430
vn 9.3460333e-3 0.99979356 1.8041149e-2
vn 9.3460333e-3 0.99979356 1.8041149e-2
vn -0.86099410 0.17413180 0.47787788
vn -0.86099410 0.17413180 0.47787788
vn -0.15486517 -0.94162038 -0.29894454
vn 1.8368232e-2 -0.18498938 -0.98256885
vn 1.8368232e-2 -0.18498938 -0.98256885
vn 0.85981376 -0.17481628 -0.47974949
vn 0.0000000e+0 -0.92342990 -0.38376714
vn -1.8368232e-2 -0.18498938 -0.98256885
vn -1.8368232e-2 -0.18498938 -0.98256885
vn -0.85981376 -0.17481628 -0.47974949
vn 0.0000000e+0 -0.92342990 -0.38376714
vn -1.8380527e-2 -0.17357303 -0.98464946
vn -1.8380527e-2 -0.17357303 -0.98464946
vn 0.0000000e+0 0.99968696 2.5019691e-2
vn -0.85981376 -0.17481628 -0.47974949
vn 1.8380527e-2 -0.17357303 -0.98464946
vn 1.8380527e-2 -0.17357303 -0.98464946
vn 0.0000000e+0 0.99968696 2.5019691e-2
vn 0.85981376 -0.17481628 -0.47974949
vn 0.42961772 -0.16765665 -0.88731047
vn 0.42961772 -0.16765665 -0.88731047
vn 0.15486517 -0.94162038 -0.29894454
vn -0.74950303 -0.22664575 -0.62199430
vn 0.43037180 -0.15739387 -0.88882354
vn 0.43037180 -0.15739387 -0.88882354
vn -9.3460333e-3 0.99979356 1.8041149e-2
vn -0.74950303 -0.22664575 -0.62199430
vn 0.45994487 -0.15393382 -0.87450277
vn 0.45994487 -0.15393382 -0.87450277
vn 0.86099410 0.17413180 0.47787788
vn -9.3460333e-3 0.99979356 1.8041149e-2
vn 0.45919125 -0.16420236 -0.87302977
vn 0.45919125 -0.16420236 -0.87302977
vn 0.15486517 -0.94162038 -0.29894454
vn 0.86099410 0.17413180 0.47787788
vn -0.85981376 -0.17481628 -0.47974949
vn 0.0000000e+0 -0.92342990 -0.38376714
vn 0.85981376 -0.17481628 -0.47974949
vn 0.0000000e+0 -0.92342990 -0.38376714
vn 0.0000000e+0 0.99968696 2.5019691e-2
vn 0.85981376 -0.17481628 -0.47974949
vn 0.0000000e+0 0.99968696 2.5019691e-2
vn -0.85981376 -0.17481628 -0.47974949
vn 0.15486517 -0.94162038 -0.29894454
vn -0.74950303 -0.22664575 -0.62199430
vn 0.15486517 -0.94162038 -0.29894454
vn 0.86099410 0.17413180 0.47787788
vn 0.86099410 0.17413180 0.47787788
vn -9.3460333e-3 0.99979356 1.8041149e-2
vn -9.3460333e-3 0.99979356 1.8041149e-2
vn -0.74950303 -0.22664575 -0.62199430
vn 0.0000000e+0 -0.23564034 -0.97184033
vn 0.0000000e+0 -0.23564034 -0.97184033
vn 0.92060089 0.13369675 0.36690488
vn 0.0000000e+0 -0.92342990 -0.38376714
vn 0.0000000e+0 -0.23564034 -0.97184033
vn 0.0000000e+0 -0.23564034 -0.97184033
vn -0.96910520 -8.4444551e-2 -0.23174174
vn 0.0000000e+0 -0.92342990 -0.38376714
vn 0.0000000e+0 -0.23564034 -0.97184033
vn 0.0000000e+0 -0.23564034 -0.97184033
vn 0.0000000e+0 -0.92342990 -0.38376714
vn 0.99642066 2.8941576e-2 7.9424560e-2
vn 0.0000000e+0 -0.23564034 -0.97184033
vn 0.0000000e+0 -0.23564034 -0.97184033
vn -0.99642066 2.8941576e-2 7.9424560e-2
vn 0.0000000e+0 -0.92342990 -0.38376714
vn 0.0000000e+0 -0.23564034 -0.97184033
vn 0.0000000e+0 -0.23564034 -0.97184033
vn 0.0000000e+0 -0.92342990 -0.38376714
vn 0.96910520 -8.4444551e-2 -0.23174174
vn 0.0000000e+0 -0.23564034 -0.97184033
vn 0.0000000e+0 -0.23564034 -0.97184033
vn -0.92060089 0.13369675 0.36690488
vn 0.0000000e+0 -0.92342990 -0.38376714
vn 0.0000000e+0 -0.22434896 -0.97450887
vn 0.0000000e+0 -0.22434896 -0.97450887
vn -0.92060089 0.13369675 0.36690488
vn 0.0000000e+0 0.99968696 2.5019691e-2
vn 0.0000000e+0 -0.22434896 -0.97450887
vn 0.0000000e+0 -0.22434896 -0.97450887
vn 0.96910520 -8.4444551e-2 -0.23174174
vn 0.0000000e+0 0.99968696 2.5019691e-2
vn 0.0000000e+0 -0.22434896 -0.97450887
vn 0.0000000e+0 -0.22434896 -0.97450887
vn -0.99642066 2.8941576e-2 7.9424560e-2
vn 0.0000000e+0 0.99968696 2.5019691e-2
vn 0.0000000e+0 -0.22434896 -0.97450887
vn 0.0000000e+0 -0.22434896 -0.97450887
vn 0.99642066 2.8941576e-2 7.9424560e-2
vn 0.0000000e+0 0.99968696 2.5019691e-2
vn 0.0000000e+0 -0.22434896 -0.97450887
vn 0.0000000e+0 -0.22434896 -0.97450887
vn -0.96910520 -8.4444551e-2 -0.23174174
vn 0.0000000e+0 0.99968696 2.5019691e-2
vn 0.0000000e+0 -0.22434896 -0.97450887
vn 0.0000000e+0 -0.22434896 -0.97450887
vn 0.92060089 0.13369675 0.36690488
vn 0.0000000e+0 0.99968696 2.5019691e-2
vn 0.0000000e+0 0.35105579 0.93635454
vn -0.92060089 0.13369675 0.36690488
vn 0.0000000e+0 -0.92342990 -0.38376714
vn 0.0000000e+0 0.35105579 0.93635454
vn 0.0000000e+0 -0.92342990 -0.38376714
vn 0.96910520 -8.4444551e-2 -0.23174174
vn 0.0000000e+0 0.35105579 0.93635454
vn -0.99642066 2.8941576e-2 7.9424560e-2
vn 0.0000000e+0 -0.92342990 -0.38376714
vn 0.0000000e+0 0.35105579 0.93635454
vn 0.0000000e+0 -0.92342990 -0.38376714
vn 0.99642066 2.8941576e-2 7.9424560e-2
vn 0.0000000e+0 0.35105579 0.93635454
vn -0.96910520 -8.4444551e-2 -0.23174174
vn 0.0000000e+0 -0.92342990 -0.38376714
vn 0.0000000e+0 0.35105579 0.93635454
vn 0.92060089 0.13369675 0.36690488
vn 0.0000000e+0 -0.92342990 -0.38376714
vn 0.0000000e+0 0.35105579 0.93635454
vn 0.92060089 0.13369675 0.36690488
vn 0.0000000e+0 0.99968696 2.5019691e-2
vn 0.0000000e+0 0.35105579 0.93635454
vn -0.96910520 -8.4444551e-2 -0.23174174
vn 0.0000000e+0 0.99968696 2.5019691e-2
vn 0.0000000e+0 0.35105579 0.93635454
vn 0.99642066 2.8941576e-2 7.9424560e-2
vn 0.0000000e+0 0.99968696 2.5019691e-2
vn 0.0000000e+0 0.35105579 0.93635454
vn -0.99642066 2.8941576e-2 7.9424560e-2
vn 0.0000000e+0 0.99968696 2.5019691e-2
vn 0.0000000e+0 0.35105579 0.93635454
vn 0.96910520 -8.4444551e-2 -0.23174174
vn 0.0000000e+0 0.99968696 2.5019691e-2
vn 0.0000000e+0 0.35105579 0.93635454
vn -0.92060089 0.13369675 0.36690488
vn 0.0000000e+0 0.99968696 2.5019691e-2
g cube1_sep2_Lines
usemtl Lines
f 6/2907/2180 9/2414/2189 8/2001/2184 7/2537/2182
f 6/2615/2181 15/2808/2203 16/2303/2206 9/2099/2190
f 8/2302/2186 17/2100/2211 14/2616/2201 7/2807/2183
f 14/2906/2200 17/2415/2209 16/2002/2204 15/2536/2202
f 18/2979/2213 21/2530/2221 20/1928/2217 19/2430/2215
f 18/2617/2214 26/2805/2234 29/2300/2242 21/2104/2222
f 20/2299/2219 28/2105/2239 27/2618/2236 19/2804/2216
f 27/2978/2235 28/2529/2237 29/1929/2241 26/2431/2233
f 34/1431/2253 41/1414/2 39/1739/2260
f 36/4141/1 38/4723/2259 5/4325/2179
f 838/3920/2424 852/3865/2459 855/3320/2465 847/3313/2448
f 841/4875/2434 843/4874/2438 851/4946/2458 850/4947/2456
f 841/1214/2432 850/1276/2455 853/1275/2461 840/1212/2428
f 844/4590/2440 856/4564/2467 851/3939/2457 843/3919/2436
f 848/3672/2454 847/3671/2450 855/3487/2466 854/3488/2464
f 848/1307/2452 854/1278/2463 857/1277/2469 846/1306/2444
f 853/3489/2462 852/3490/2460 838/3322/2426 840/3321/2430
f 857/4764/2470 856/4762/2468 844/4872/2442 846/4873/2446
f 858/2604/2472 872/2673/2507 875/2670/2513 867/2602/2496
f 861/1192/2480 870/1154/2503 873/1156/2509 860/1194/2476
f 864/3943/2490 866/3942/2494 877/4002/2518 876/4003/2516
f 864/2712/2488 876/2674/2515 871/2675/2505 863/2713/2484
f 868/1193/2500 874/1211/2511 877/1213/2517 866/1195/2492
f 871/3795/2506 870/3793/2504 861/3940/2482 863/3941/2486
f 873/3670/2510 872/3672/2508 858/3794/2474 860/3792/2478
f 875/4140/2514 874/4139/2512 868/4004/2501 867/4005/2497
f 879/2247/2521 899/3068/2553 1425/2588/3063 1369/1654/2827
f 883/1730/2529 901/2620/2561 1427/2949/3071 1371/2111/2835
f 886/3032/2536 903/3796/2569 1428/3674/3075 1372/2986/2839
f 887/1690/2540 904/2609/2573 1429/3148/3079 1373/2423/2844
f 901/2620/2560 883/1730/2528 1421/1564/3046 1381/2447/2879
f 902/2276/2564 884/3069/2532 1419/2766/3038 1379/1944/2871
f 903/3796/2568 886/3032/2535 1417/3257/3028 1377/4301/2863
f 904/2609/2575 1775/2340/1257 1380/2903/2875
f 917/1642/2590 953/2562/2628 1409/2694/2996 1385/1810/2895
f 922/1330/2598 956/1043/2636 1411/1313/3004 1387/1681/2903
f 924/1068/2602 958/1332/2640 1661/1309/3719 1665/1138/3742
f 925/1481/2606 959/2304/2644 1413/2293/3012 1389/1478/2913
f 953/2562/2629 917/1642/2591 1401/1511/2962 1393/2403/2930
f 956/4876/2637 922/3989/2599 1403/3099/2970 1395/4077/2938
f 958/1332/2641 924/1068/2603 1655/1217/3687 1671/1487/3773
f 959/2304/2645 925/1481/2607 1405/1485/2979 1397/2316/2946
f 964/1533/2658 939/1376/2619 1755/1447/1237
f 964/1533/2657 1755/1447/1237 1719/1523/3924
f 1015/1497/2666 1113/2354/2762 1393/2403/2931 1401/1511/2963
f 1020/2621/2674 1116/3260/2770 1395/4077/2939 1403/3099/2971
f 1022/2428/2678 1118/3097/2774 1660/2623/3713 1666/1864/3747
f 1023/1489/2682 1119/2328/2778 1397/2316/2947 1405/1485/2980
f 1034/1473/2695 1757/1579/1239 1713/1443/3904
f 1050/2855/2702 1079/1958/2733 1385/1810/2896 1409/2694/2997
f 1052/1550/2710 1084/2253/2741 1387/1681/2904 1411/1313/3005
f 1053/2339/2714 1086/1495/2745 1389/1478/2914 1413/2293/3013
f 1060/2359/2726 1130/1515/2797 1734/2334/3983 1715/3263/3909
f 1060/2359/2727 1733/2546/3979 1732/1683/3976 1765/1858/1247
f 1079/3938/2734 1050/4848/2703 1377/4301/2864 1417/3257/3029
f 1084/2253/2742 1052/1550/2711 1379/1944/2872 1419/2766/3039
f 1086/1495/2746 1053/2339/2715 1381/2447/2880 1421/1564/3047
f 1113/2354/2761 1015/1497/2665 1369/1654/2828 1425/2588/3064
f 1116/3260/2769 1020/2621/2673 1371/2111/2836 1427/2949/3072
f 1118/3097/2773 1022/2428/2677 1656/2840/3692 1670/3495/3767
f 1119/2328/2777 1023/1489/2681 1373/1492/2845 1429/2337/3080
f 1122/1699/2789 1757/1579/1239 1752/1486/4049 1744/1903/4021
f 1130/1515/2796 1765/1858/1247 1732/1683/3974
f 1242/2584/2807 1764/2961/1246 1734/2334/3982
f 1304/1470/2812 1758/1709/1240 1753/1613/4055
f 1335/4321/2814 1715/3263/3910 1734/2334/3984 1764/2961/1246
f 1354/1854/2815 1763/2803/1245 1716/2011/3911
f 1368/3210/2824 1424/4704/3060 899/3068/2552 879/2247/2520
f 1370/3020/2832 1426/2102/3068 900/1630/2557 880/2535/2525
f 1372/2986/2840 1428/3674/3076 1670/3495/3764 1656/2840/3690
f 1374/1738/2849 1430/1274/3084 905/1325/2578 888/1951/2543
f 1375/1726/2855 1431/1259/3088 906/1663/2582 889/2587/2548
f 1376/2066/2860 1416/2969/3025 880/2688/2524 900/1840/2556
f 1378/1251/2868 1418/1727/3034 888/1951/2544 905/1325/2579
f 1382/1622/2884 1422/2491/3051 889/2587/2549 906/1663/2583
f 1383/2519/2888 1423/3262/3056 884/3069/2533 902/2276/2565
f 1384/3004/2892 1408/2098/2993 952/2012/2625 916/2963/2587
f 1386/2908/2900 1410/1974/3001 955/2058/2633 919/3002/2595
f 1388/1314/2911 1779/1646/1261 1654/1617/3681
f 1391/3482/2923 1415/2624/3021 961/2643/2653 927/3491/2615
f 1392/2007/2927 1400/2959/2959 916/2963/2586 952/2012/2624
f 1394/2244/2935 1402/3090/2967 919/3002/2594 955/2058/2632
f 1396/1975/2943 1404/1421/2975 1666/1864/3744 1660/2623/3710
f 1399/2662/2955 1407/3493/2989 927/3491/2614 961/2643/2652
f 1400/2959/2958 1392/2007/2926 1112/1980/2757 1014/2924/2661
f 1402/3090/2966 1394/2244/2934 1115/2285/2765 1017/3107/2669
f 1404/1421/2974 1396/1975/2942 1671/1487/3770 1655/1217/3685
f 1407/3493/2988 1399/2662/2954 1121/2669/2785 1025/3525/2689
f 1408/2098/2992 1384/3004/2891 1078/3025/2730 1049/2163/2699
f 1410/1974/3000 1386/2908/2899 1081/2789/2738 1051/1875/2707
f 1412/1427/3008 1388/1314/2907 1665/1138/3739 1661/1309/3716
f 1412/1427/3009 1672/1816/3776 1779/1646/1261 1388/1314/2908
f 1415/2624/3020 1391/3482/2922 1088/3419/2754 1055/2595/2723
f 1416/2969/3024 1376/2066/2859 1049/2163/2698 1078/3025/2729
f 1418/1727/3033 1378/1251/2867 1051/942/2706 1081/1417/2737
f 1420/1395/3043 1654/2078/3682 1779/2329/1261 1672/2975/3779 1380/1945/2876 1775/1593/1257
f 1420/1948/3041 1775/2340/1257 904/2609/2572 887/1690/2539
f 1423/3262/3055 1383/2519/2887 1055/2595/2722 1088/3419/2753
f 1424/1828/3059 1368/2738/2823 1014/2924/2662 1112/1980/2758
f 1426/2102/3067 1370/3020/2831 1017/3107/2670 1115/2285/2766
f 1431/2678/3087 1375/3531/2854 1025/3525/2690 1121/2669/2786
f 1489/1823/3096 1507/2705/3179 1624/2701/3578 1622/1817/3568
f 1490/1861/3100 1504/2762/3166 1632/2702/3606 1630/1820/3598
f 1491/1851/3106 1505/2751/3169 1635/2849/3615 1637/1931/3622
f 1493/2009/3115 1511/2950/3188 1633/3060/3610 1631/2223/3601
f 1494/1915/3118 1508/2832/3181 1625/2842/3582 1623/1922/3572
f 1495/2146/3122 1509/3009/3183 1627/2847/3587 1629/1935/3594
f 1497/1766/3134 1515/2686/3203 1589/2692/3464 1587/1803/3455
f 1498/1969/3138 1512/2880/3190 1597/2741/3492 1595/1837/3484
f 1499/1725/3144 1513/2672/3193 1600/2699/3501 1602/1822/3508
f 1501/1932/3153 1519/2845/3212 1598/3058/3496 1596/2218/3487
f 1502/2224/3157 1516/3050/3205 1590/3255/3468 1588/2520/3459
f 1503/1889/3161 1517/2798/3207 1592/2734/3473 1594/1830/3480
f 1507/2705/3178 1489/1823/3095 1629/1935/3593 1627/2847/3586
f 1511/2950/3187 1493/2009/3114 1637/1931/3621 1635/2849/3614
f 1515/2686/3202 1497/1766/3133 1594/1830/3479 1592/2734/3472
f 1519/2845/3211 1501/1932/3152 1602/1822/3507 1600/2699/3500
f 1521/2985/3214 1535/2054/3284 1639/2221/3629 1638/3066/3625
f 1523/1686/3224 1533/2605/3274 1651/2769/3670 1653/1866/3677
f 1524/1907/3228 1534/2830/3279 1647/2676/3657 1646/1705/3654
f 1525/1689/3234 1544/2614/3316 1572/2661/3405 1571/1698/3401
f 1527/1923/3244 1542/2844/3306 1584/2966/3445 1586/2037/3452
f 1528/1701/3248 1543/2654/3311 1580/2695/3431 1579/1802/3428
f 1529/2836/3254 1540/1914/3300 1604/2145/3515 1603/3027/3511
f 1532/2005/3269 1539/2954/3295 1612/2780/3543 1611/1863/3540
f 1535/2054/3283 1521/2985/3213 1643/2866/3646 1645/1960/3652
f 1540/1914/3299 1529/2836/3253 1608/2684/3532 1610/1749/3538
f 1544/2614/3315 1525/1689/3233 1578/1904/3423 1576/2806/3416
f 1546/2156/3323 1559/3023/3377 1649/3475/3665 1648/2628/3661
f 1548/2790/3331 1561/1884/3380 1645/1960/3651 1643/2866/3645
f 1549/2909/3337 1562/1989/3383 1641/1694/3638 1640/2607/3633
f 1551/2000/3341 1569/2930/3397 1614/3311/3552 1613/2534/3547
f 1553/2659/3350 1567/1708/3392 1610/1749/3537 1608/2684/3531
f 1554/3043/3355 1568/2181/3395 1606/1824/3524 1605/2709/3519
f 1555/2154/3359 1565/3024/3389 1582/3070/3440 1581/2245/3435
f 1557/2220/3367 1563/3053/3384 1576/2806/3417 1578/1904/3424
f 1558/1908/3372 1564/2829/3386 1574/2683/3413 1573/1741/3409
f 1559/3023/3376 1546/2156/3322 1653/1866/3676 1651/2769/3669
f 1565/3024/3388 1555/2154/3358 1586/2037/3451 1584/2966/3444
f 1569/2930/3396 1551/2000/3340 1618/1804/3563 1616/2696/3556
f 1571/1698/3400 1572/2661/3404 1545/2795/3319 1526/1870/3240
f 1573/2710/3408 1574/3597/3412 1563/3053/3385 1557/2220/3368
f 1575/2859/3415 1577/1941/3419 1526/1870/3239 1545/2795/3318
f 1577/1941/3418 1575/2859/3414 1564/2829/3387 1558/1908/3373
f 1579/1802/3429 1580/2695/3432 1542/2844/3307 1527/1923/3245
f 1581/2296/3436 1582/3098/3441 1566/2916/3391 1556/1994/3364
f 1583/2750/3443 1585/1852/3447 1556/1994/3363 1566/2916/3390
f 1585/1852/3446 1583/2750/3442 1543/2654/3312 1528/1701/3249
f 1587/1803/3456 1589/2692/3465 1514/2802/3198 1496/1898/3130
f 1588/1993/3460 1590/2921/3469 1517/2798/3208 1503/1889/3162
f 1591/2948/3471 1593/2010/3475 1496/1898/3129 1514/2802/3197
f 1593/2010/3474 1591/2948/3470 1516/3050/3206 1502/2224/3158
f 1595/1837/3485 1597/2741/3493 1513/2672/3194 1499/1725/3145
f 1596/2280/3488 1598/3091/3497 1518/3034/3210 1500/2177/3149
f 1599/2993/3499 1601/2080/3503 1500/2177/3148 1518/3034/3209
f 1601/2080/3502 1599/2993/3498 1512/2880/3191 1498/1969/3139
f 1603/3027/3512 1604/2145/3516 1541/2348/3302 1530/3126/3259
f 1605/2663/3520 1606/1711/3525 1567/1708/3393 1553/2659/3351
f 1607/3124/3527 1609/2346/3536 1568/2181/3394 1554/3043/3354
f 1609/2346/3535 1607/3124/3526 1530/3126/3260 1541/2348/3303
f 1611/1863/3541 1612/2780/3544 1538/2630/3291 1531/1696/3265
f 1613/1862/3548 1614/2783/3553 1570/2914/3399 1552/1978/3347
f 1615/2987/3555 1617/2047/3559 1552/1978/3346 1570/2914/3398
f 1617/2047/3558 1615/2987/3554 1539/2954/3296 1532/2005/3270
f 1622/1817/3569 1624/2701/3579 1506/2782/3174 1488/1873/3092
f 1623/2539/3573 1625/3310/3583 1509/3009/3184 1495/2146/3123
f 1626/2834/3585 1628/1918/3589 1488/1873/3091 1506/2782/3173
f 1628/1918/3588 1626/2834/3584 1508/2832/3182 1494/1915/3119
f 1630/1820/3599 1632/2702/3607 1505/2751/3170 1491/1851/3107
f 1631/2287/3602 1633/3093/3611 1510/2973/3186 1492/2051/3111
f 1634/2865/3613 1636/1962/3617 1492/2051/3110 1510/2973/3185
f 1636/1962/3616 1634/2865/3612 1504/2762/3167 1490/1861/3101
f 1638/3066/3626 1639/2221/3630 1536/2269/3286 1522/3094/3219
f 1640/2693/3634 1641/1818/3639 1561/1884/3381 1548/2790/3332
f 1642/3033/3641 1644/2173/3650 1562/1989/3382 1549/2909/3336
f 1644/2173/3649 1642/3033/3640 1522/3094/3220 1536/2269/3287
f 1646/1705/3655 1647/2676/3658 1533/2605/3275 1523/1686/3225
f 1648/1869/3662 1649/2788/3666 1560/2893/3379 1547/1972/3328
f 1650/2919/3668 1652/1983/3672 1547/1972/3327 1560/2893/3378
f 1652/1983/3671 1650/2919/3667 1534/2830/3280 1524/1907/3229
f 1657/3799/3697 1675/2879/3796 1120/2135/2781 1024/2928/2685
f 1658/3959/3702 1674/2653/3790 960/1912/2649 926/3045/2611
f 1659/2820/3707 1673/2052/3784 1054/2878/2718 1087/3476/2749
f 1662/3109/3725 1669/4309/3762 1087/3476/2750 1054/2878/2719
f 1663/2544/3731 1668/3474/3757 926/2585/2610 960/1601/2648
f 1664/1440/3737 1667/2049/3752 1024/2928/2686 1120/2135/2782
f 1667/2049/3749 1664/1440/3734 1430/1274/3083 1374/1738/2848
f 1668/3474/3754 1663/2544/3728 1398/3006/2951 1406/4302/2984
f 1669/4309/3759 1662/3109/3722 1414/3047/3016 1390/4485/2917
f 1673/2052/3781 1659/2820/3705 1422/2491/3050 1382/1622/2883
f 1674/2653/3787 1658/3959/3700 1390/4485/2918 1414/3047/3017
f 1675/2879/3793 1657/3799/3695 1406/4302/2983 1398/3006/2950
f 1676/1219/3802 1754/1372/1236 1718/1270/3920
f 1677/1573/3807 1719/1523/3926 1718/1270/3922 1754/1372/1236
f 1677/1573/3805 1754/1372/1236 1746/1318/4026
f 1678/2451/3809 1720/1733/3931 1771/2147/1253 1724/2703/3946
f 1679/2336/3812 1768/2559/1250 1722/2178/3938
f 1680/2167/3816 1770/2603/1252 1725/3021/3948 1721/2317/3933
f 1681/3055/3820 1725/3021/3950 1770/2603/1252
f 1681/3055/3819 1770/2603/1252 1727/2754/3954
f 1682/1936/3822 1766/2206/1248 1729/2327/3963
f 1683/2590/3826 1730/2843/3968 1729/2327/3965 1766/2206/1248
f 1683/2590/3825 1766/2206/1248 1733/2546/3978
f 1684/1580/3831 1772/2115/1254 1749/1985/4037
f 1685/2704/3833 1726/2736/3952 1722/2178/3941 1768/2559/1250
f 1685/2704/3832 1768/2559/1250 1731/2681/3971
f 1686/1581/3837 1771/2147/1253 1720/1733/3930
f 1687/2122/3839 1769/2667/1251 1727/2754/3953 1723/2041/3943
f 1688/2937/3844 1724/2703/3947 1771/2147/1253
f 1688/2937/3843 1771/2147/1253 1721/2317/3935 1725/3021/3949
f 1689/2858/3845 1687/2122/3841 1722/2178/3940 1726/2736/3951
f 1689/2858/3847 1727/2754/3956 1769/2667/1251
f 1690/2356/3849 1767/2480/1249 1728/2355/3958
f 1691/2777/3853 1731/2681/3970 1728/2355/3960 1767/2480/1249
f 1691/2777/3852 1767/2480/1249 1729/2327/3966 1730/2843/3969
f 1692/2198/3857 1761/3153/1243 1738/3479/4000 1739/2203/4005
f 1693/3830/3859 1761/3153/1243 1740/3797/4008
f 1694/1952/3864 1759/2449/1241 1736/2084/3991
f 1696/2048/3868 1760/2765/1242 1737/2411/3995
f 1697/3426/3873 1698/2235/3879 1762/2660/1244
f 1698/2235/3878 1697/3426/3872 1742/3602/4015 1735/2123/3987
f 1699/3256/3882 1740/3797/4010 1760/2765/1242
f 1700/1901/3884 1744/1903/4022 1752/1486/4050 1756/1655/1238
f 1701/2988/3886 1748/2940/4033 1773/2690/1255
f 1702/2668/3889 1704/2117/3898 1774/2457/1256
f 1702/2668/3887 1774/2457/1256 1773/2690/1255 1748/2940/4032
f 1704/2117/3897 1702/2668/3888 1746/1902/4027 1750/1675/4041
f 1705/1462/3900 1756/1655/1238 1752/1486/4048
f 1713/1443/3906 1757/1579/1239 1717/1845/3915 1304/1470/2810
f 1714/4010/3908 1764/2961/1246 1242/2584/2806 1223/3411/2800
f 1716/2011/3913 1763/2803/1245 1223/3411/2799 1242/2584/2805
f 1717/1845/3917 1757/1579/1239 1122/1699/2790
f 1718/1270/3921 1719/1523/3925 1755/1447/1237 939/1376/2621
f 1721/2317/3936 1771/2147/1253 1686/1581/3836
f 1723/2041/3945 1727/2754/3955 1770/2603/1252 1680/2167/3818
f 1728/2355/3961 1731/2681/3972 1768/2559/1250 1679/2336/3814
f 1729/2327/3967 1767/2480/1249 1690/2356/3851
f 1732/1683/3977 1733/2546/3980 1766/2206/1248 1682/1936/3824
f 1735/2123/3988 1742/3602/4016 1763/2803/1245 1354/1854/2817
f 1736/2084/3992 1741/2689/4012 1760/2765/1242 1696/2048/3870
f 1737/2411/3998 1761/3153/1243 1692/2198/3856
f 1738/3479/4001 1761/3153/1243 1693/3830/3860
f 1739/2203/4006 1762/2660/1244 1698/2235/3877
f 1741/2689/4013 1736/2084/3993 1759/2449/1241 1695/2839/3866
f 1743/2252/4020 1753/1613/4056 1758/1709/1240 1367/1977/2821
f 1745/1637/4024 1751/1428/4045 939/1376/2622 964/1533/2659
f 1747/2610/4031 1749/1985/4038 1772/2115/1254 1678/2451/3810
f 1749/1985/4036 1747/2610/4030 1773/2690/1255 1703/2038/3892
f 1750/1067/4042 1746/1318/4028 1754/1372/1236 1676/1219/3803
f 1751/1428/4046 1745/1637/4025 1756/1655/1238 1705/1462/3902
f 1752/1486/4051 1757/1579/1239 1034/1473/2696
f 1753/1613/4054 1743/2252/4019 1759/2449/1241 1694/1952/3863
f 1756/1655/1238 1745/1637/4023 1700/1901/3883
f 1758/1709/1240 1304/1470/2811 1717/1845/3916 1367/1977/2820
f 1759/2449/1241 1743/2252/4017 1695/2839/3865
f 1760/2765/1242 1740/3797/4009 1761/3153/1243 1737/2411/3997
f 1760/2765/1242 1741/2689/4011 1699/3256/3881
f 1762/2660/1244 1739/2203/4003 1738/3479/3999 1697/3426/3871
f 1763/2803/1245 1742/3602/4014 1223/3411/2798
f 1764/2961/1246 1714/4010/3907 1335/4321/2813
f 1765/1858/1247 1130/1515/2795 1060/2359/2725
f 1769/2667/1251 1687/2122/3842 1689/2858/3846
f 1772/2115/1254 1684/1580/3828 1720/1733/3928 1678/2451/3808
f 1773/2690/1255 1747/2610/4029 1701/2988/3885
f 1773/2690/1255 1774/2457/1256 1704/2117/3896 1703/2038/3893
f 4112/1058/7177 4123/1153/7202 4128/1155/7214 4118/1060/7189
f 4114/2698/7181 4120/2697/7194 4125/2347/7206 4113/2344/7179
f 4116/4328/7186 4117/4329/7188 4130/4097/7224 4129/4095/7220
f 4116/1059/7185 4129/969/7218 4122/957/7198 4115/1057/7183
f 4119/4630/7192 4118/4629/7190 4128/4763/7216 4126/4765/7212
f 4119/2343/7191 4126/2341/7210 4130/1967/7222 4117/1966/7187
f 4122/3855/7200 4120/3854/7196 4114/4094/7182 4115/4096/7184
f 4125/4631/7208 4123/4632/7204 4112/4327/7178 4113/4326/7180
f 4144/2711/7267 4152/2833/7289 4153/3001/7291 4147/2951/7279
f 4145/2467/7272 4155/2601/7296 4152/2471/7290 4144/2264/7268
f 4146/3038/7276 4154/3000/7294 4155/3105/7295 4145/3168/7271
f 4147/2265/7280 4153/2077/7292 4154/1965/7293 4146/2090/7275
g cube1_sep2_Walls
usemtl Walls
f 822/381/2363 842/1404/744 841/1529/2431 840/1530/2427 839/1405/743 823/380/2369
f 822/5706/2366 859/1787/747 858/1402/2471 867/803/2495 869/659/750 826/371/2383
f 823/380/2370 839/1405/743 838/1796/2423 847/3011/2447 849/3624/746 824/5489/2377
f 823/5705/2371 862/1786/748 861/1526/2479 860/1525/2475 859/1787/747 822/5706/2365
f 824/5489/2376 849/3624/746 848/3206/2451 846/3207/2443 845/3631/745 825/5488/2380
f 825/199/2378 829/5683/2393 828/5684/2389 824/200/2373
f 825/5488/2379 845/3631/745 844/3012/2439 843/1797/2435 842/1404/744 822/381/2364
f 826/371/2382 869/659/750 868/720/2499 866/721/2491 865/665/749 827/372/2388
f 827/5504/2384 828/389/2390 829/388/2394 826/5503/2381
f 827/372/2387 865/665/749 864/802/2487 863/1401/2483 862/1786/748 823/5705/2372
f 840/1530/2429 838/1796/2425 839/1405/743
f 843/1797/2437 841/1529/2433 842/1404/744
f 846/3207/2445 844/3012/2441 845/3631/745
f 849/3624/746 847/3011/2449 848/3206/2453
f 860/1525/2477 858/1402/2473 859/1787/747
f 862/1786/748 863/1401/2485 861/1526/2481
f 865/665/749 866/721/2493 864/802/2489
f 867/803/2498 868/720/2502 869/659/750
f 879/1220/2519 1089/1257/904 1436/1398/1171 1368/1385/2822
f 880/4487/2526 1416/3848/3026 1438/3675/1173 1016/4416/853
f 882/2737/753 1104/2862/919 1298/2958/1101 1018/2739/854
f 884/1720/2534 1423/1504/3057 1440/1532/1175 1021/1832/856
f 885/2204/754 1105/1992/920 1294/2326/1097 1083/2419/902
f 885/2204/754 1128/2202/934 1352/1793/1153 1105/1992/920
f 888/343/2546 1040/311/870 1374/447/2851
f 888/343/2545 1418/295/3035 1040/311/870
f 889/5547/2547 1100/5588/915 1375/5636/2853
f 889/5547/2550 1422/5337/3052 1100/5588/915
f 890/1308/755 1030/1641/861 1268/1623/1071 1026/1295/857
f 890/1308/755 1125/1305/931 1339/1640/1140 1030/1641/861
f 891/4006/756 1093/3113/908 1336/3110/1137 1027/4008/858
f 892/3013/757 1098/3492/913 1283/3615/1086 1028/3036/859
f 892/3013/757 1126/2989/932 1348/3381/1149 1098/3492/913
f 893/1906/758 1095/2212/910 1263/2183/1066 1085/1874/903
f 893/1906/758 1097/1464/912 1302/1490/1105 1029/1930/860
f 894/262/759 1036/261/866 1282/215/1085 1035/238/865
f 894/262/759 1706/405/1229 1708/370/1231
f 894/262/759 1708/370/1231 1707/369/1230 1036/261/866
f 895/5177/760 1103/5243/918 1287/5106/1090 1094/5060/909
f 895/302/760 1131/310/936 1316/629/1118 1037/624/867
f 895/302/760 1557/486/3370 1103/304/918
f 896/5679/761 1546/5586/3325 1648/5573/3663 1038/5486/868
f 899/4599/2554 1424/3958/3061 1466/3839/1201 1056/4492/879
f 900/1236/2555 1114/1262/927 1464/1407/1199 1376/1391/2858
f 900/1236/2558 1426/1056/3069 1476/1088/1211 1114/1262/927
f 902/2992/2563 1117/2955/928 1468/3133/1203 1383/3161/2886
f 904/5593/2576 1463/5381/1198 1058/5641/881
f 905/5487/2577 1124/5516/930 1478/5520/1213 1378/5519/2866
f 905/5487/2580 1430/5378/3085 1487/5379/1222 1124/5516/930
f 906/402/2581 1059/344/882 1484/635/1219 1382/660/2882
f 906/402/2584 1431/312/3089 1470/296/1205 1059/344/882
f 907/1288/764 1068/1611/890 1338/1619/1139 1061/1292/883
f 907/1288/764 1076/1285/898 1257/1603/1060 1068/1611/890
f 908/2873/765 1071/3108/893 1351/3160/1152 1062/2923/884
f 908/2873/765 1082/2835/901 1299/3065/1102 1071/3108/893
f 909/4133/766 1133/3125/938 1258/3129/1061 1063/4151/885
f 910/2026/767 1072/1610/894 1355/1658/1155 1064/2085/886
f 910/2026/767 1092/1996/907 1303/1571/1106 1072/1610/894
f 910/2026/767 1134/2335/939 1273/2290/1076 1092/1996/907
f 911/297/768 1135/904/940 1279/897/1082 1065/294/887
f 911/297/768 1136/242/941 1300/244/1103 1107/299/922
f 912/394/769 1137/306/942 1305/316/1107 1108/395/923
f 912/394/769 1139/642/944 1319/640/1121 1066/384/888
f 913/5663/770 1070/5442/892 1346/5433/1147 1067/5661/889
f 913/5663/770 1109/5664/924 1278/5452/1081 1070/5442/892
f 913/5663/770 1138/5674/943 1311/5680/1113 1109/5664/924
f 914/1281/771 1012/1272/851 1256/1592/1059 1141/1597/946
f 914/1281/771 1141/1597/946 1257/1603/1060 1076/1285/898
f 916/2473/2585 1150/2466/955 1439/2892/1174 1384/2918/2890
f 916/2473/2588 1400/1976/2960 1437/1986/1172 1150/2466/955
f 918/4245/773 1016/4416/853 1438/3675/1173 1151/3146/956
f 918/4245/773 1151/3146/956 1267/3123/1070 1080/4101/900
f 918/4245/773 1448/4773/1183 1016/4416/853
f 919/5102/2593 1171/5059/976 1451/5125/1186 1386/5168/2898
f 919/5102/2596 1402/5043/2968 1449/5030/1184 1171/5059/976
f 920/2792/774 1018/2739/854 1298/2958/1101 1183/3016/988
f 920/2792/774 1183/3016/988 1299/3065/1102 1082/2835/901
f 921/2533/775 1019/2612/855 1341/2598/1142 1230/2528/1034
f 921/2533/775 1230/2528/1034 1342/2413/1143 1083/2419/902
f 923/1856/776 1154/1454/959 1270/1455/1073 1085/1874/903
f 923/1856/776 1440/1532/1175 1269/1456/1072 1154/1454/959
f 926/1671/2612 1177/1661/982 1498/2043/3141 1658/2271/3703
f 926/1671/2609 1668/1336/3755 1496/1418/3128 1177/1661/982
f 927/1129/2613 1153/1131/958 1441/1289/1176 1391/1287/2921
f 927/1129/2616 1407/903/2990 1443/906/1178 1153/1131/958
f 928/1279/777 1026/1295/857 1268/1623/1071 1149/1607/954
f 928/1279/777 1149/1607/954 1436/1398/1171 1089/1257/904
f 928/1279/777 1455/1075/1190 1289/945/1092 1175/1002/980
f 929/4078/778 1027/4008/858 1336/3110/1137 1225/3114/1029
f 929/4078/778 1225/3114/1029 1337/3119/1138 1090/4100/905
f 930/3049/779 1028/3036/859 1283/3615/1086 1165/3742/970
f 930/3049/779 1444/3367/1179 1091/3067/906
f 931/1973/780 1029/1930/860 1302/1490/1105 1187/1514/992
f 931/1973/780 1187/1514/992 1303/1571/1106 1092/1996/907
f 932/2456/781 1030/1641/861 1339/1640/1140 1224/2450/1028
f 932/2456/781 1224/2450/1028 1336/3110/1137 1093/3113/908
f 933/4993/782 1031/4731/862 1357/4725/1157 1246/4968/1049
f 933/4993/782 1246/4968/1049 1358/5046/1158 1094/5060/909
f 934/2494/783 1032/2740/863 1262/2749/1065 1147/2482/952
f 934/2494/783 1147/2482/952 1263/2183/1066 1095/2212/910
f 935/918/784 1033/1120/864 1290/1065/1093 1176/879/981
f 935/918/784 1176/879/981 1291/747/1094 1096/788/911
f 936/1162/785 1034/780/2694 1713/789/3903 1186/1197/991
f 936/1162/785 1186/1197/991 1302/1490/1105 1097/1464/912
f 937/4689/786 1035/5039/865 1282/5058/1085 1168/4775/973
f 937/4689/786 1168/4775/973 1283/3615/1086 1098/3492/913
f 938/260/787 1621/1436/1228 1520/1400/1223 1619/1286/1226 1099/254/914
f 939/5587/2617 1156/5660/961 1442/5637/1177 1100/5588/915
f 939/5587/2618 1751/5590/4043 1156/5660/961
f 940/1633/788 1037/624/867 1316/629/1118 1201/1632/1006
f 940/1633/788 1201/1632/1006 1317/4548/1119 1101/4596/916
f 940/1633/788 1581/778/3439 1037/624/867
f 941/3424/789 1623/2664/3576 1709/1198/1232
f 942/5677/790 1653/5589/3679 1546/5586/3326 1102/5678/917
f 943/5259/791 1040/5318/870 1450/5257/1185 1172/5161/977
f 943/5259/791 1172/5161/977 1287/5106/1090 1103/5243/918
f 943/307/791 1578/471/3426 1525/493/3237 1040/311/870
f 944/3035/792 1041/3169/871 1301/3478/1104 1182/3120/987
f 944/3035/792 1182/3120/987 1298/2958/1101 1104/2862/919
f 945/1665/793 1042/1444/872 1297/1979/1100 1178/2144/983
f 945/1665/793 1178/2144/983 1294/2326/1097 1105/1992/920
f 947/305/795 1044/315/874 1344/938/1145 1233/922/1037
f 947/305/795 1233/922/1037 1345/915/1146 1107/299/922
f 948/397/796 1045/401/875 1363/668/1163 1252/652/1055
f 948/397/796 1252/652/1055 1364/646/1164 1108/395/923
f 949/5665/797 1046/5675/876 1277/5461/1080 1163/5458/968
f 949/5665/797 1163/5458/968 1278/5452/1081 1109/5664/924
f 952/2492/2623 1209/2489/1014 1467/2929/1202 1392/2953/2925
f 952/2492/2626 1408/1988/2994 1465/1998/1200 1209/2489/1014
f 954/1284/800 1208/1620/1013 1464/1407/1199 1114/1262/927
f 954/1284/800 1476/1088/1211 1329/949/1131 1217/1016/1022
f 955/770/2631 1216/799/1021 1477/862/1212 1394/815/2933
f 955/770/2634 1410/711/3002 1479/726/1214 1216/799/1021
f 957/2941/801 1468/3133/1203 1117/2955/928
f 960/3017/2650 1222/3015/1027 1514/3314/3200 1663/3544/3732
f 960/3017/2647 1674/2532/3788 1512/2682/3189 1222/3015/1027
f 961/4907/2651 1212/4824/1017 1471/5027/1206 1399/5036/2953
f 961/4907/2654 1415/4425/3022 1469/4255/1204 1212/4824/1017
f 962/4393/802 1056/4492/879 1466/3839/1201 1210/3205/1015
f 962/4393/802 1480/4810/1215 1056/4492/879
f 963/1707/803 1475/1474/1210 1328/1373/1130 1215/1408/1020
f 964/342/2655 1059/344/882 1470/296/1205 1213/288/1018
f 964/342/2656 1719/398/3923 1677/457/3804 1059/344/882
f 965/313/804 1460/365/1195 1123/314/929
f 966/5517/805 1218/5542/1023 1478/5520/1213 1124/5516/930
f 967/1297/806 1061/1292/883 1338/1619/1139 1227/1631/1031
f 967/1297/806 1227/1631/1031 1339/1640/1140 1125/1305/931
f 968/2960/807 1062/2923/884 1351/3160/1152 1236/3271/1040
f 968/2960/807 1236/3271/1040 1348/3381/1149 1126/2989/932
f 969/4161/808 1063/4151/885 1258/3129/1061 1143/3131/948
f 969/4161/808 1143/3131/948 1259/3141/1062 1127/4235/933
f 970/2151/809 1064/2085/886 1355/1658/1155 1240/1695/1044
f 970/2151/809 1240/1695/1044 1352/1793/1153 1128/2202/934
f 971/292/810 1065/294/887 1279/897/1082 1161/880/966
f 971/292/810 1783/704/1265 1712/524/1235 1129/263/935
f 972/376/811 1066/384/888 1319/640/1121 1200/632/1005
f 972/376/811 1200/632/1005 1316/629/1118 1131/310/936
f 973/5656/812 1067/5661/889 1346/5433/1147 1235/5432/1039
f 973/5656/812 1235/5432/1039 1347/5430/1148 1132/5655/937
f 974/2436/813 1068/1611/890 1257/1603/1060 1142/2434/947
f 974/2436/813 1142/2434/947 1258/3129/1061 1133/3125/938
f 975/2525/814 1069/2666/891 1276/2685/1079 1157/2523/962
f 975/2525/814 1157/2523/962 1273/2290/1076 1134/2335/939
f 976/3379/815 1070/5442/892 1278/5452/1081 1164/3410/969
f 976/3379/815 1164/3410/969 1279/897/1082 1135/904/940
f 977/3663/816 1071/3108/893 1299/3065/1102 1184/3432/989
f 977/3663/816 1184/3432/989 1300/4143/1103 1136/4493/941
f 978/1293/817 1072/1610/894 1303/1571/1106 1188/1271/993
f 978/1293/817 1737/1069/3996 1692/1137/3855
f 979/4881/818 1073/4726/895 1307/4722/1109 1189/4839/994
f 979/4881/818 1189/4839/994 1305/4942/1107 1137/4990/942
f 980/991/819 1074/1113/896 1310/1112/1112 1195/952/1000
f 980/991/819 1195/952/1000 1311/841/1113 1138/909/943
f 981/1621/820 1075/4324/897 1318/4423/1120 1203/1624/1008
f 981/1621/820 1203/1624/1008 1319/640/1121 1139/642/944
f 982/2437/821 1141/1597/946 1256/1592/1059 1140/2448/945
f 982/2437/821 1142/2434/947 1257/1603/1060 1141/1597/946
f 982/2437/821 1143/3131/948 1258/3129/1061 1142/2434/947
f 983/2476/822 1145/2464/950 1433/2281/1168 1144/2149/949
f 983/2476/822 1147/2482/952 1262/2749/1065 1146/2755/951
f 983/2476/822 1434/2600/1169 1145/2464/950
f 984/2462/823 1150/2466/955 1437/1986/1172 1149/1607/954
f 984/2462/823 1152/2459/957 1267/3123/1070 1151/3146/956
f 984/2462/823 1439/2892/1174 1150/2466/955
f 985/1133/824 1154/1454/959 1441/1289/1176 1153/1131/958
f 985/1133/824 1155/1136/960 1270/1455/1073 1154/1454/959
f 985/1133/824 1156/771/961 1271/777/1074 1155/1136/960
f 985/1133/824 1443/906/1178 1272/768/1075 1156/771/961
f 986/2521/825 1158/2270/963 1273/2290/1076 1157/2523/962
f 986/2521/825 1159/2518/964 1274/2248/1077 1158/2270/963
f 986/2521/825 1160/2691/965 1275/2708/1078 1159/2518/964
f 987/3414/826 1163/5458/968 1277/5461/1080 1162/3418/967
f 987/3414/826 1164/3410/969 1278/5452/1081 1163/5458/968
f 987/3414/826 1781/1025/1263 1161/880/966
f 988/4871/827 1166/4940/971 1445/4580/1180 1165/3742/970
f 988/4871/827 1168/4775/973 1282/5058/1085 1167/5099/972
f 988/4871/827 1446/5042/1181 1166/4940/971
f 989/5040/828 1170/4882/975 1284/4788/1087 1169/5022/974
f 989/5040/828 1171/5059/976 1449/5030/1184 1170/4882/975
f 989/5040/828 1451/5125/1186 1171/5059/976
f 990/813/829 1175/1002/980 1454/833/1189 1174/795/979
f 990/813/829 1176/879/981 1290/1065/1093 1175/1002/980
f 990/813/829 1453/723/1188 1288/702/1091 1173/713/978
f 991/2606/830 1179/2563/984 1294/2326/1097 1178/2144/983
f 991/2606/830 1180/2863/985 1295/2706/1098 1179/2563/984
f 991/2606/830 1181/2677/986 1296/2997/1099 1180/2863/985
f 992/3264/831 1183/3016/988 1298/2958/1101 1182/3120/987
f 992/3264/831 1184/3432/989 1299/3065/1102 1183/3016/988
f 992/3264/831 1185/3798/990 1300/4143/1103 1184/3432/989
f 993/1235/832 1187/1514/992 1302/1490/1105 1186/1197/991
f 993/1235/832 1188/1271/993 1303/1571/1106 1187/1514/992
f 993/1235/832 1736/1040/3990 1696/1062/3869 1188/1271/993
f 994/4795/833 1190/4852/995 1305/4942/1107 1189/4839/994
f 994/4795/833 1191/4724/996 1306/4736/1108 1190/4852/995
f 995/943/834 1193/933/998 1308/800/1110 1192/814/997
f 995/943/834 1194/1119/999 1309/1125/1111 1193/933/998
f 995/943/834 1195/952/1000 1310/1112/1112 1194/1119/999
f 997/1628/836 1201/1632/1006 1316/629/1118 1200/632/1005
f 997/1628/836 1202/4483/1007 1317/4548/1119 1201/1632/1006
f 997/1628/836 1203/1624/1008 1318/4423/1120 1202/4483/1007
f 998/2338/837 1205/2301/1010 1457/2162/1192 1204/2036/1009
f 998/2338/837 1458/2468/1193 1205/2301/1010
f 999/2506/838 1209/2489/1014 1465/1998/1200 1208/1620/1013
f 999/2506/838 1467/2929/1202 1209/2489/1014
f 1000/4737/839 1212/4824/1017 1469/4255/1204 1211/3477/1016
f 1000/4737/839 1471/5027/1206 1212/4824/1017
f 1001/1072/840 1215/1408/1020 1474/1210/1209 1214/1001/1019
f 1002/816/841 1217/1016/1022 1477/862/1212 1216/799/1021
f 1002/816/841 1479/726/1214 1330/705/1132 1218/715/1023
f 1003/5045/842 1220/5063/1025 1481/5033/1216 1219/4939/1024
f 1003/5045/842 1482/5148/1217 1220/5063/1025
f 1004/2446/843 1225/3114/1029 1336/3110/1137 1224/2450/1028
f 1004/2446/843 1226/2438/1030 1337/3119/1138 1225/3114/1029
f 1004/2446/843 1227/1631/1031 1338/1619/1139 1226/2438/1030
f 1005/2527/844 1229/2613/1033 1340/2627/1141 1228/2526/1032
f 1005/2527/844 1230/2528/1034 1341/2598/1142 1229/2613/1033
f 1005/2527/844 1231/2361/1035 1342/2413/1143 1230/2528/1034
f 1006/3373/845 1233/922/1037 1344/938/1145 1232/3371/1036
f 1006/3373/845 1234/3376/1038 1345/915/1146 1233/922/1037
f 1006/3373/845 1235/5432/1039 1346/5433/1147 1234/3376/1038
f 1007/4158/846 1237/4468/1041 1348/3381/1149 1236/3271/1040
f 1007/4158/846 1238/4938/1042 1349/5011/1150 1237/4468/1041
f 1007/4158/846 1239/3947/1043 1350/4774/1151 1238/4938/1042
f 1008/1389/847 1241/1448/1045 1352/1793/1153 1240/1695/1044
f 1008/1389/847 1242/1071/2802 1353/1267/1154 1241/1448/1045
f 1008/1389/847 1698/1208/3875 1735/1097/3985 1242/1071/2803
f 1009/4948/848 1245/4730/1048 1356/4729/1156 1244/4934/1047
f 1009/4948/848 1246/4968/1049 1357/4725/1157 1245/4730/1048
f 1009/4948/848 1247/5034/1050 1358/5046/1158 1246/4968/1049
f 1010/1054/849 1249/1114/1052 1360/1117/1160 1248/1029/1051
f 1010/1054/849 1250/1009/1053 1361/1076/1161 1249/1114/1052
f 1011/1612/850 1252/652/1055 1363/668/1163 1251/1608/1054
f 1011/1612/850 1253/1616/1056 1364/646/1164 1252/652/1055
f 1011/1612/850 1254/4210/1057 1365/4256/1165 1253/1616/1056
f 1014/1575/2660 1265/1584/1068 1437/1986/1172 1400/1976/2957
f 1014/1575/2663 1368/1385/2825 1436/1398/1171 1265/1584/1068
f 1016/4416/853 1448/4773/1183 1370/4853/2830 880/4487/2523
f 1017/4999/2668 1285/4949/1088 1449/5030/1184 1402/5043/2965
f 1017/4999/2671 1370/4853/2833 1448/4773/1183 1285/4949/1088
f 1018/2739/854 1341/2598/1142 1019/2612/855 882/2737/753
f 1019/2612/855 1295/2706/1098 1104/2862/919 882/2737/753
f 1021/1832/856 1432/1926/1167 1419/1886/3037 884/1720/2531
f 1021/1832/856 1440/1532/1175 923/1856/776
f 1024/636/2687 1292/633/1095 1528/725/3251 1657/791/3698
f 1024/636/2684 1667/514/3750 1526/528/3238 1292/633/1095
f 1025/756/2688 1272/768/1075 1443/906/1178 1407/903/2987
f 1025/5659/2691 1375/5636/2856 1442/5637/1177 1272/5662/1075
f 1026/1295/857 1290/1065/1093 1033/1120/864 890/1308/755
f 1027/4008/858 1357/4725/1157 1031/4731/862 891/4006/756
f 1028/3036/859 1262/2749/1065 1032/2740/863 892/3013/757
f 1029/1930/860 1274/2248/1077 1095/2212/910 893/1906/758
f 1031/4731/862 1284/4788/1087 1080/4101/900 891/4006/756
f 1032/2740/863 1275/2708/1078 1126/2989/932 892/3013/757
f 1033/1120/864 1309/1125/1111 1125/1305/931 890/1308/755
f 1035/238/865 1349/239/1150 1129/263/935 894/262/759
f 1036/261/866 1707/369/1230 1550/1406/1225 1621/1436/1228 938/260/787
f 1037/624/867 1573/496/3410 1557/486/3369 895/302/760
f 1038/5486/868 1277/5461/1080 1046/5675/876 896/5679/761
f 1038/5486/868 1640/5347/3635 941/3424/789
f 1039/5676/869 1372/5638/2842 1523/5585/3226
f 1039/5676/869 1417/5682/3031 886/5668/2538
f 1039/5676/869 1523/5585/3227 1653/5589/3678 942/5677/790
f 1040/5318/870 1418/5278/3036 1450/5257/1185
f 1040/311/870 1525/493/3235 1374/447/2850
f 1046/712/876 1308/800/1110 1096/788/911 896/703/761
f 1049/1585/2697 1323/1598/1125 1465/1998/1200 1408/1988/2991
f 1049/1585/2700 1376/1391/2861 1464/1407/1199 1323/1598/1125
f 1051/645/2705 1330/705/1132 1479/726/1214 1410/711/2999
f 1051/5532/2708 1378/5519/2869 1478/5520/1213 1330/5537/1132
f 1054/1238/2720 1333/1258/1135 1541/1409/3305 1662/1468/3726
f 1054/1238/2717 1673/859/3782 1539/929/3294 1333/1258/1135
f 1055/3673/2721 1325/3541/1127 1469/4255/1204 1415/4425/3019
f 1055/3673/2724 1383/3161/2889 1468/3133/1203 1325/3541/1127
f 1056/4492/879 1480/4810/1215 1425/4884/3062 899/4599/2551
f 1057/1682/880 1456/1865/1191 1427/1814/3070 901/1600/2559
f 1057/1682/880 1475/1474/1210 963/1707/803
f 1058/5641/881 1472/5667/1207 1429/5666/3078 904/5593/2571
f 1059/344/882 1677/457/3806 1484/635/1219
f 1061/1292/883 1310/1112/1112 1074/1113/896 907/1288/764
f 1062/2923/884 1276/2685/1079 1069/2666/891 908/2873/765
f 1063/4151/885 1307/4722/1109 1073/4726/895 909/4133/766
f 1064/2085/886 1343/2350/1144 1134/2335/939 910/2026/767
f 1065/294/887 1350/241/1151 1136/242/941 911/297/768
f 1066/384/888 1359/298/1159 1137/306/942 912/394/769
f 1067/5661/889 1362/5673/1162 1138/5674/943 913/5663/770
f 1069/2666/891 1340/2627/1141 1082/2835/901 908/2873/765
f 1073/4726/895 1356/4729/1156 1090/4100/905 909/4133/766
f 1074/1113/896 1360/1117/1160 1076/1285/898 907/1288/764
f 1075/4324/897 1679/5165/3811 1722/5166/3937 1318/4423/1120
f 1075/4324/897 1728/5162/3959 1679/5165/3813
f 1076/1285/898 1360/1117/1160 1249/1114/1052 914/1281/771
f 1078/3209/2728 1266/3200/1069 1438/3675/1173 1416/3848/3023
f 1078/3209/2731 1384/2918/2893 1439/2892/1174 1266/3200/1069
f 1080/4101/900 1267/3123/1070 1093/3113/908 891/4006/756
f 1080/4101/900 1284/4788/1087 1170/4882/975 918/4245/773
f 1081/5245/2736 1286/5178/1089 1450/5257/1185 1418/5278/3032
f 1081/5245/2739 1386/5168/2901 1451/5125/1186 1286/5178/1089
f 1082/2835/901 1340/2627/1141 1229/2613/1033 920/2792/774
f 1083/2419/902 1294/2326/1097 1179/2563/984 921/2533/775
f 1083/2419/902 1342/2413/1143 1128/2202/934 885/2204/754
f 1085/1874/903 1263/2183/1066 1144/2149/949 923/1856/776
f 1085/1874/903 1270/1455/1073 1097/1464/912 893/1906/758
f 1087/4643/2751 1293/4597/1096 1532/5029/3272 1659/5054/3708
f 1087/4643/2748 1669/3473/3760 1530/3745/3258 1293/4597/1096
f 1088/1450/2752 1269/1456/1072 1440/1532/1175 1423/1504/3054
f 1088/1450/2755 1391/1287/2924 1441/1289/1176 1269/1456/1072
f 1089/1257/904 1455/1075/1190 928/1279/777
f 1090/4100/905 1337/3119/1138 1133/3125/938 909/4133/766
f 1090/4100/905 1356/4729/1156 1245/4730/1048 929/4078/778
f 1091/3067/906 1435/2952/1170 1146/2755/951 930/3049/779
f 1091/3067/906 1444/3367/1179 1421/3422/3045 883/3102/2527
f 1092/1996/907 1273/2290/1076 1158/2270/963 931/1973/780
f 1093/3113/908 1267/3123/1070 1152/2459/957 932/2456/781
f 1094/5060/909 1287/5106/1090 1169/5022/974 933/4993/782
f 1094/5060/909 1358/5046/1158 1131/5160/936 895/5177/760
f 1095/2212/910 1274/2248/1077 1159/2518/964 934/2494/783
f 1096/788/911 1291/747/1094 1102/639/917 896/703/761
f 1096/788/911 1308/800/1110 1193/933/998 935/918/784
f 1097/1464/912 1270/1455/1073 1155/1136/960 936/1162/785
f 1098/3492/913 1348/3381/1149 1237/4468/1041 937/4689/786
f 1099/254/914 1373/243/2846 1447/245/1182
f 1099/254/914 1420/404/3042 887/289/2542
f 1099/254/914 1447/245/1182 1167/214/972 938/260/787
f 1100/5588/915 1422/5337/3053 1531/5121/3266
f 1100/5588/915 1718/5502/3919 939/5587/2620
f 1101/4596/916 1596/2251/3491 940/1633/788
f 1101/4596/916 1720/5267/3929 1684/5306/3829
f 1102/639/917 1291/747/1094 1173/713/978 942/596/790
f 1102/5678/917 1546/5586/3324 896/5679/761
f 1103/304/918 1557/486/3371 1578/471/3425 943/307/791
f 1104/2862/919 1295/2706/1098 1180/2863/985 944/3035/792
f 1105/1992/920 1352/1793/1153 1241/1448/1045 945/1665/793
f 1107/299/922 1300/244/1103 1185/246/990 947/305/795
f 1107/299/922 1345/915/1146 1135/904/940 911/297/768
f 1108/395/923 1305/316/1107 1190/329/995 948/397/796
f 1108/395/923 1364/646/1164 1139/642/944 912/394/769
f 1109/5664/924 1311/5680/1113 1192/5681/997 949/5665/797
f 1112/3274/2756 1324/3261/1126 1466/3839/1201 1424/3958/3058
f 1112/3274/2759 1392/2953/2928 1467/2929/1202 1324/3261/1126
f 1114/1262/927 1476/1088/1211 954/1284/800
f 1115/920/2764 1329/949/1131 1476/1088/1211 1426/1056/3066
f 1115/920/2767 1394/815/2936 1477/862/1212 1329/949/1131
f 1117/2955/928 1459/2776/1194 1206/2596/1011 957/2941/801
f 1120/5127/2783 1334/5130/1136 1545/5247/3321 1664/5261/3738
f 1120/5127/2780 1675/5017/3794 1543/5037/3310 1334/5130/1136
f 1121/291/2784 1326/290/1128 1470/296/1205 1431/312/3086
f 1121/5142/2787 1399/5036/2956 1471/5027/1206 1326/5104/1128
f 1122/5032/2788 1367/4997/2818 1717/5018/3914
f 1123/314/929 1460/365/1195 1428/368/3074 903/328/2567
f 1123/314/929 1483/308/1218 1221/300/1026 965/313/804
f 1124/5516/930 1487/5379/1222 966/5517/805
f 1125/1305/931 1309/1125/1111 1194/1119/999 967/1297/806
f 1126/2989/932 1275/2708/1078 1160/2691/965 968/2960/807
f 1127/4235/933 1306/4736/1108 1191/4724/996 969/4161/808
f 1128/2202/934 1342/2413/1143 1231/2361/1035 970/2151/809
f 1129/263/935 1238/240/1042 971/292/810
f 1129/263/935 1782/468/1264 1706/405/1229 894/262/759
f 1130/5384/2794 1732/5321/3973 1366/4132/1166
f 1131/310/936 1247/293/1050 972/376/811
f 1132/5655/937 1361/5669/1161 1250/5671/1053 973/5656/812
f 1133/3125/938 1337/3119/1138 1226/2438/1030 974/2436/813
f 1134/2335/939 1343/2350/1144 1228/2526/1032 975/2525/814
f 1135/904/940 1345/915/1146 1234/3376/1038 976/3379/815
f 1136/4493/941 1350/4774/1151 1239/3947/1043 977/3663/816
f 1137/4990/942 1359/5023/1159 1244/4934/1047 979/4881/818
f 1138/909/943 1362/944/1162 1248/1029/1051 980/991/819
f 1139/642/944 1364/646/1164 1253/1616/1056 981/1621/820
f 1140/2448/945 1259/3141/1062 1143/3131/948 982/2437/821
f 1144/2149/949 1263/2183/1066 1147/2482/952 983/2476/822
f 1144/2149/949 1432/1926/1167 1021/1832/856 923/1856/776
f 1144/2149/949 1433/2281/1168 1260/2097/1063
f 1145/2464/950 1434/2600/1169 1403/2599/2969 922/2435/2597
f 1146/2755/951 1261/2761/1064 1434/2600/1169 983/2476/822
f 1146/2755/951 1262/2749/1065 1028/3036/859 930/3049/779
f 1146/2755/951 1435/2952/1170 1261/2761/1064
f 1148/3416/953 1490/4484/3103 1655/4815/3688 924/3417/2604
f 1148/3416/953 1636/4312/3620 1490/4484/3104
f 1149/1607/954 1268/1623/1071 1152/2459/957 984/2462/823
f 1149/1607/954 1437/1986/1172 1265/1584/1068
f 1151/3146/956 1266/3200/1069 1439/2892/1174 984/2462/823
f 1151/3146/956 1438/3675/1173 1266/3200/1069
f 1152/2459/957 1268/1623/1071 1030/1641/861 932/2456/781
f 1153/1131/958 1443/906/1178 985/1133/824
f 1155/1136/960 1271/777/1074 1034/780/2692 936/1162/785
f 1156/5660/961 1751/5590/4044 1705/5639/3901 1271/5658/1074
f 1157/2523/962 1276/2685/1079 1160/2691/965 986/2521/825
f 1158/2270/963 1274/2248/1077 1029/1930/860 931/1973/780
f 1159/2518/964 1275/2708/1078 1032/2740/863 934/2494/783
f 1160/2691/965 1276/2685/1079 1062/2923/884 968/2960/807
f 1161/880/966 1279/897/1082 1164/3410/969 987/3414/826
f 1161/880/966 1783/704/1265 971/292/810
f 1162/3418/967 1277/5461/1080 1038/5486/868 941/3424/789
f 1162/3418/967 1710/1204/1233 1781/1025/1263 987/3414/826
f 1162/3418/967 1780/1239/1262 1710/1204/1233
f 1165/3742/970 1280/3866/1083 1444/3367/1179 930/3049/779
f 1165/3742/970 1283/3615/1086 1168/4775/973 988/4871/827
f 1165/3742/970 1445/4580/1180 1280/3866/1083
f 1166/4940/971 1446/5042/1181 1405/5057/2978 925/4980/2605
f 1167/5099/972 1281/5137/1084 1446/5042/1181 988/4871/827
f 1167/214/972 1282/215/1085 1036/261/866 938/260/787
f 1167/214/972 1447/245/1182 1281/213/1084
f 1169/5022/974 1284/4788/1087 1031/4731/862 933/4993/782
f 1169/5022/974 1287/5106/1090 1172/5161/977 989/5040/828
f 1170/4882/975 1285/4949/1088 1448/4773/1183 918/4245/773
f 1170/4882/975 1449/5030/1184 1285/4949/1088
f 1172/5161/977 1286/5178/1089 1451/5125/1186 989/5040/828
f 1172/5161/977 1450/5257/1185 1286/5178/1089
f 1173/713/978 1291/747/1094 1176/879/981 990/813/829
f 1173/713/978 1452/619/1187 1039/567/869 942/596/790
f 1174/795/979 1453/723/1188 990/813/829
f 1174/795/979 1454/833/1189 1401/809/2961 917/755/2589
f 1175/1002/980 1290/1065/1093 1026/1295/857 928/1279/777
f 1177/1661/982 1601/1990/3506 1498/2043/3142
f 1178/2144/983 1297/1979/1100 1181/2677/986 991/2606/830
f 1179/2563/984 1295/2706/1098 1019/2612/855 921/2533/775
f 1180/2863/985 1296/2997/1099 1041/3169/871 944/3035/792
f 1182/3120/987 1301/3478/1104 1185/3798/990 992/3264/831
f 1185/246/990 1301/247/1104 1044/315/874 947/305/795
f 1186/1197/991 1713/789/3905 1304/804/2809
f 1186/1197/991 1753/889/4053 1694/995/3862 993/1235/832
f 1188/1271/993 1696/1062/3867 1737/1069/3994 978/1293/817
f 1189/4839/994 1307/4722/1109 1191/4724/996 994/4795/833
f 1190/329/995 1306/336/1108 1045/401/875 948/397/796
f 1191/4724/996 1307/4722/1109 1063/4151/885 969/4161/808
f 1192/5681/997 1046/5675/876 949/5665/797
f 1192/814/997 1311/841/1113 1195/952/1000 995/943/834
f 1193/933/998 1309/1125/1111 1033/1120/864 935/918/784
f 1194/1119/999 1310/1112/1112 1061/1292/883 967/1297/806
f 1200/632/1005 1319/640/1121 1203/1624/1008 997/1628/836
f 1202/4483/1007 1680/5179/3815 1721/5253/3932 1317/4548/1119
f 1202/4483/1007 1723/5175/3944 1680/5179/3817
f 1204/2036/1009 1456/1865/1191 1057/1682/880 963/1707/803
f 1204/2036/1009 1457/2162/1192 1320/2003/1122
f 1205/2301/1010 1458/2468/1193 1411/2452/3003 956/2279/2635
f 1206/2596/1011 1321/2591/1123 1458/2468/1193 998/2338/837
f 1206/2596/1011 1459/2776/1194 1321/2591/1123
f 1207/772/1012 1506/1007/3176 1661/1209/3720 958/776/2642
f 1208/1620/1013 1465/1998/1200 1323/1598/1125
f 1210/3205/1015 1324/3261/1126 1467/2929/1202 999/2506/838
f 1210/3205/1015 1466/3839/1201 1324/3261/1126
f 1211/3477/1016 1325/3541/1127 1468/3133/1203 957/2941/801
f 1211/3477/1016 1469/4255/1204 1325/3541/1127
f 1213/5062/1018 1326/5104/1128 1471/5027/1206 1000/4737/839
f 1213/288/1018 1470/296/1205 1326/290/1128
f 1214/1001/1019 1474/1210/1209 1413/1151/3011 959/937/2643
f 1216/799/1021 1479/726/1214 1002/816/841
f 1219/4939/1024 1331/4972/1133 1480/4810/1215 962/4393/802
f 1219/4939/1024 1481/5033/1216 1331/4972/1133
f 1220/5063/1025 1482/5148/1217 1409/5171/2995 953/5108/2627
f 1221/5167/1026 1332/5180/1134 1482/5148/1217 1003/5045/842
f 1221/300/1026 1483/308/1218 1332/301/1134
f 1224/2450/1028 1339/1640/1140 1227/1631/1031 1004/2446/843
f 1226/2438/1030 1338/1619/1139 1068/1611/890 974/2436/813
f 1228/2526/1032 1340/2627/1141 1069/2666/891 975/2525/814
f 1228/2526/1032 1343/2350/1144 1231/2361/1035 1005/2527/844
f 1229/2613/1033 1341/2598/1142 1018/2739/854 920/2792/774
f 1231/2361/1035 1343/2350/1144 1064/2085/886 970/2151/809
f 1232/3371/1036 1347/5430/1148 1235/5432/1039 1006/3373/845
f 1234/3376/1038 1346/5433/1147 1070/5442/892 976/3379/815
f 1236/3271/1040 1351/3160/1152 1239/3947/1043 1007/4158/846
f 1237/4468/1041 1349/5011/1150 1035/5039/865 937/4689/786
f 1238/240/1042 1350/241/1151 1065/294/887 971/292/810
f 1239/3947/1043 1351/3160/1152 1071/3108/893 977/3663/816
f 1240/1695/1044 1355/1658/1155 1243/1326/1046 1008/1389/847
f 1241/1448/1045 1353/1267/1154 1042/1444/872 945/1665/793
f 1242/1071/2804 1735/1097/3986 1354/1008/2816 1716/1036/3912
f 1243/1326/1046 1355/1658/1155 1072/1610/894 978/1293/817
f 1243/1326/1046 1698/1208/3874 1008/1389/847
f 1243/1326/1046 1739/1163/4004 1698/1208/3876
f 1244/4934/1047 1356/4729/1156 1073/4726/895 979/4881/818
f 1244/4934/1047 1359/5023/1159 1247/5034/1050 1009/4948/848
f 1245/4730/1048 1357/4725/1157 1027/4008/858 929/4078/778
f 1247/293/1050 1359/298/1159 1066/384/888 972/376/811
f 1248/1029/1051 1360/1117/1160 1074/1113/896 980/991/819
f 1248/1029/1051 1362/944/1162 1250/1009/1053 1010/1054/849
f 1249/1114/1052 1361/1076/1161 1012/1272/851 914/1281/771
f 1250/5671/1053 1362/5673/1162 1067/5661/889 973/5656/812
f 1251/1608/1054 1366/4132/1166 1254/4210/1057 1011/1612/850
f 1253/1616/1056 1365/4256/1165 1075/4324/897 981/1621/820
f 1254/4210/1057 1729/5170/3964 1690/5155/3850 1365/4256/1165
f 1255/4240/1058 1743/4830/4018 1367/4997/2819
f 1260/2097/1063 1432/1926/1167 1144/2149/949
f 1260/2097/1063 1433/2281/1168 1387/2250/2902 1084/2040/2740
f 1261/2761/1064 1435/2952/1170 1371/2964/2834 1020/2781/2672
f 1264/5484/1067 1524/5521/3231 1656/5571/3693 1022/5485/2679
f 1264/5484/1067 1652/5518/3675 1524/5521/3232
f 1265/1584/1068 1436/1398/1171 1149/1607/954
f 1269/1456/1072 1441/1289/1176 1154/1454/959
f 1271/5658/1074 1705/5639/3899 1752/5640/4047 1034/5657/2693
f 1272/5662/1075 1442/5637/1177 1156/5660/961
f 1280/3866/1083 1445/4580/1180 1389/4721/2912 1086/4009/2744
f 1281/213/1084 1447/245/1182 1373/243/2843 1023/212/2680
f 1288/702/1091 1452/619/1187 1173/713/978
f 1288/702/1091 1453/723/1188 1385/709/2894 1079/641/2732
f 1289/945/1092 1454/833/1189 1175/1002/980
f 1289/945/1092 1455/1075/1190 1369/1048/2826 1015/916/2664
f 1292/633/1095 1585/717/3450 1528/725/3252
f 1293/4597/1096 1617/5019/3562 1532/5029/3273
f 1304/804/2808 1753/889/4052 1186/1197/991
f 1308/800/1110 1046/712/876 1192/814/997
f 1317/4548/1119 1686/5275/3834 1720/5267/3927 1101/4596/916
f 1317/4548/1119 1721/5253/3934 1686/5275/3835
f 1318/4423/1120 1687/5174/3838 1723/5175/3942 1202/4483/1007
f 1318/4423/1120 1722/5166/3939 1687/5174/3840
f 1320/2003/1122 1456/1865/1191 1204/2036/1009
f 1320/2003/1122 1457/2162/1192 1395/2109/2937 1116/1968/2768
f 1321/2591/1123 1459/2776/1194 1379/2784/2870 1052/2593/2709
f 1322/399/1124 1536/403/3289 1660/409/3714 1118/400/2775
f 1323/1598/1125 1464/1407/1199 1208/1620/1013
f 1327/767/1129 1473/835/1208 1397/805/2945 1119/718/2776
f 1328/1373/1130 1474/1210/1209 1215/1408/1020
f 1328/1373/1130 1475/1474/1210 1381/1442/2878 1053/1300/2713
f 1329/949/1131 1477/862/1212 1217/1016/1022
f 1330/5537/1132 1478/5520/1213 1218/5542/1023
f 1331/4972/1133 1481/5033/1216 1393/5047/2929 1113/5015/2760
f 1332/301/1134 1483/308/1218 1377/309/2862 1050/303/2701
f 1349/239/1150 1238/240/1042 1129/263/935
f 1358/5046/1158 1247/5034/1050 1131/5160/936
f 1365/4256/1165 1690/5155/3848 1728/5162/3957 1075/4324/897
f 1366/4132/1166 1732/5321/3975 1682/5203/3823 1254/4210/1057
f 1369/1048/2829 1455/1075/1190 1089/1257/904 879/1220/2522
f 1371/2964/2837 1435/2952/1170 1091/3067/906 883/3102/2530
f 1372/5638/2841 1039/5676/869 886/5668/2537
f 1373/243/2847 1099/254/914 887/289/2541
f 1374/447/2852 1525/493/3236 1571/508/3402 1667/514/3751
f 1377/309/2865 1483/308/1218 1123/314/929 903/328/2570
f 1379/2784/2873 1459/2776/1194 1117/2955/928 902/2992/2566
f 1380/5380/2874 1463/5381/1198 904/5593/2574
f 1380/5380/2877 1672/2841/3780 1778/2850/1260 1463/5381/1198
f 1381/1442/2881 1475/1474/1210 1057/1682/880 901/1600/2562
f 1382/660/2885 1484/635/1219 1538/798/3293 1673/859/3786
f 1385/709/2897 1453/723/1188 1174/795/979 917/755/2592
f 1387/2250/2905 1433/2281/1168 1145/2464/950 922/2435/2600
f 1389/4721/2915 1445/4580/1180 1166/4940/971 925/4980/2608
f 1390/2894/2919 1499/2481/3146 1529/3163/3255
f 1390/2894/2920 1529/3163/3256 1603/3421/3513 1669/3473/3761
f 1393/5047/2932 1481/5033/1216 1220/5063/1025 953/5108/2630
f 1395/2109/2940 1457/2162/1192 1205/2301/1010 956/2279/2638
f 1397/805/2948 1473/835/1208 1214/1001/1019 959/937/2646
f 1398/4591/2952 1486/4588/1221 1542/4943/3309 1675/5017/3798
f 1398/4591/2949 1663/3544/3727 1515/3857/3201 1486/4588/1221
f 1401/809/2964 1454/833/1189 1289/945/1092 1015/916/2667
f 1403/2599/2972 1434/2600/1169 1261/2761/1064 1020/2781/2675
f 1404/5132/2976 1491/4996/3108 1521/5285/3215
f 1405/5057/2981 1446/5042/1181 1281/5137/1084 1023/5169/2683
f 1406/1039/2986 1497/1268/3136 1587/1331/3457 1668/1336/3756
f 1409/5171/2998 1482/5148/1217 1332/5180/1134 1050/5250/2704
f 1411/2452/3006 1458/2468/1193 1321/2591/1123 1052/2593/2712
f 1413/1151/3014 1474/1210/1209 1328/1373/1130 1053/1300/2716
f 1414/1950/3018 1485/1943/1220 1513/2333/3196 1674/2532/3792
f 1417/588/3030 1452/619/1187 1288/702/1091 1079/641/2735
f 1419/1886/3040 1432/1926/1167 1260/2097/1063 1084/2040/2743
f 1421/3422/3048 1444/3367/1179 1280/3866/1083 1086/4009/2747
f 1425/4884/3065 1480/4810/1215 1331/4972/1133 1113/5015/2763
f 1427/1814/3073 1456/1865/1191 1320/2003/1122 1116/1968/2771
f 1429/5666/3081 1472/5667/1207 1327/5672/1129 1119/5670/2779
f 1442/5637/1177 1375/5636/2857 1100/5588/915
f 1452/619/1187 1417/588/3027 1039/567/869
f 1461/489/1196 1505/529/3172 1671/582/3775 1396/490/2944
f 1485/1943/1220 1414/1950/3015 1662/1468/3721 1540/1591/3298
f 1487/5379/1222 1430/5378/3082 1664/5261/3733 1544/5320/3314
f 1488/2913/3094 1628/2982/3590 1148/3416/953
f 1488/2913/3093 1665/2652/3743 1622/2642/3571
f 1489/2360/3097 1388/1792/2909 1520/1400/1223
f 1489/2360/3099 1520/1400/1223 1621/1436/1228 1629/2286/3596
f 1492/4486/3112 941/3424/789 1631/4825/3604
f 1493/4998/3116 1631/4825/3603 1548/5283/3333
f 1494/2920/3120 941/3424/789 1628/2982/3592
f 1495/2365/3125 1629/2286/3595 1621/1436/1228 1550/1406/1225
f 1495/2365/3127 1711/1173/1234 1623/2664/3577
f 1496/1418/3132 1593/1441/3476 1177/1661/982
f 1496/1418/3131 1668/1336/3758 1587/1331/3458
f 1497/1268/3135 1406/1039/2985 1527/818/3246
f 1499/2481/3143 1390/2894/2916 1658/2271/3699 1595/2266/3483
f 1500/2013/3150 940/1633/788 1596/2251/3490
f 1501/2475/3156 1605/3423/3522 1553/3165/3353
f 1502/1413/3159 940/1633/788 1593/1441/3478
f 1503/1265/3163 1594/1244/3481 1586/830/3453 1555/817/3361
f 1504/634/3168 1671/582/3774 1632/576/3609
f 1507/1329/3180 1661/1209/3718 1624/1207/3581
f 1512/2682/3192 1674/2532/3791 1597/2531/3495
f 1515/3857/3204 1663/3544/3730 1589/3542/3467
f 1522/5383/3222 1642/5385/3642 1264/5484/1067
f 1522/5383/3221 1666/5348/3748 1638/5349/3628
f 1526/528/3242 1577/546/3420 1292/633/1095
f 1526/528/3241 1667/514/3753 1571/508/3403
f 1527/818/3243 1406/1039/2982 1657/791/3694 1579/785/3427
f 1530/3745/3262 1607/3870/3528 1293/4597/1096
f 1530/3745/3261 1669/3473/3763 1603/3421/3514
f 1531/5121/3263 1422/5337/3049 1659/5054/3704 1611/5053/3539
f 1531/999/3264 1538/977/3290 1616/958/3557 1618/998/3564
f 1531/5121/3268 1676/5431/3800 1718/5502/3918 1100/5588/915
f 1533/373/3277 1670/375/3769 1428/368/3077 1460/365/1195
f 1534/378/3281 1670/375/3768 1647/374/3660
f 1535/450/3285 1660/409/3712 1639/406/3632
f 1537/2477/1224 1672/2841/3777 1412/1714/3010 1462/1710/1197
f 1539/929/3297 1673/859/3785 1612/834/3546
f 1540/1591/3301 1662/1468/3724 1604/1480/3518
f 1543/5037/3313 1675/5017/3797 1580/5016/3434
f 1544/5320/3317 1664/5261/3736 1572/5262/3407
f 1547/5522/3329 1038/5486/868 1648/5573/3664
f 1548/5283/3335 1631/4825/3605 941/3424/789 1640/5347/3636
f 1548/5283/3334 1643/5258/3647 1637/5021/3623 1493/4998/3117
f 1549/5382/3338 1038/5486/868 1642/5385/3644
f 1550/1406/1225 1620/1290/1227 1495/2365/3124
f 1550/1406/1225 1707/369/1230 1708/370/1231 1711/1173/1234 1620/1290/1227
f 1551/5140/3342 1704/5319/3894 1750/5376/4039 1618/5159/3566
f 1551/5140/3345 1749/5291/4035 1703/5309/3891
f 1552/5031/3348 1101/4596/916 1613/5061/3549
f 1553/3165/3352 1608/3121/3533 1602/2538/3509 1501/2475/3155
f 1554/3764/3356 1101/4596/916 1607/3870/3530
f 1555/817/3362 1588/1322/3462 1503/1265/3164
f 1556/722/3365 1037/624/867 1581/778/3438
f 1558/527/3374 1037/624/867 1577/546/3422
f 1572/5262/3406 1664/5261/3735 1545/5247/3320
f 1573/496/3411 1037/624/867 1558/527/3375
f 1579/785/3430 1657/791/3696 1528/725/3250
f 1580/5016/3433 1675/5017/3795 1542/4943/3308
f 1581/778/3437 940/1633/788 1588/1322/3461 1555/817/3360
f 1585/717/3449 1037/624/867 1556/722/3366
f 1585/717/3448 1292/633/1095 1577/546/3421 1037/624/867
f 1586/830/3454 1594/1244/3482 1497/1268/3137 1527/818/3247
f 1588/1322/3463 940/1633/788 1502/1413/3160
f 1589/3542/3466 1663/3544/3729 1514/3314/3199
f 1595/2266/3486 1658/2271/3701 1498/2043/3140
f 1596/2251/3489 1101/4596/916 1605/3423/3521 1501/2475/3154
f 1597/2531/3494 1674/2532/3789 1513/2333/3195
f 1601/1990/3505 940/1633/788 1500/2013/3151
f 1601/1990/3504 1177/1661/982 1593/1441/3477 940/1633/788
f 1602/2538/3510 1608/3121/3534 1529/3163/3257 1499/2481/3147
f 1604/1480/3517 1662/1468/3723 1541/1409/3304
f 1605/3423/3523 1101/4596/916 1554/3764/3357
f 1611/5053/3542 1659/5054/3706 1532/5029/3271
f 1612/834/3545 1673/859/3783 1538/798/3292
f 1613/5061/3551 1684/5306/3830 1749/5291/4034 1551/5140/3344
f 1617/5019/3561 1101/4596/916 1552/5031/3349
f 1617/5019/3560 1293/4597/1096 1607/3870/3529 1101/4596/916
f 1618/5159/3565 1676/5431/3799 1531/5121/3267
f 1618/5159/3567 1750/5376/4040 1676/5431/3801
f 1619/1286/1226 1520/1400/1223 1777/1264/1259
f 1620/1290/1227 1711/1173/1234 1495/2365/3126
f 1622/2642/3570 1665/2652/3741 1388/1792/2910 1489/2360/3098
f 1623/2664/3575 941/3424/789 1494/2920/3121
f 1624/1207/3580 1661/1209/3717 1506/1007/3175
f 1630/4814/3600 1655/4815/3686 1490/4484/3102
f 1632/576/3608 1671/582/3772 1505/529/3171
f 1636/4312/3619 941/3424/789 1492/4486/3113
f 1636/4312/3618 1148/3416/953 1628/2982/3591 941/3424/789
f 1637/5021/3624 1643/5258/3648 1521/5285/3217 1491/4996/3109
f 1638/5349/3627 1666/5348/3746 1404/5132/2977 1521/5285/3216
f 1639/406/3631 1660/409/3711 1536/403/3288
f 1640/5347/3637 1038/5486/868 1549/5382/3339
f 1646/5572/3656 1656/5571/3691 1524/5521/3230
f 1647/374/3659 1670/375/3766 1533/373/3276
f 1652/5518/3674 1038/5486/868 1547/5522/3330
f 1652/5518/3673 1264/5484/1067 1642/5385/3643 1038/5486/868
f 1654/1269/3680 1777/1264/1259 1520/1400/1223 1388/1792/2906
f 1655/4815/3684 1630/4814/3597 1491/4996/3105 1404/5132/2973
f 1656/5571/3689 1646/5572/3653 1523/5585/3223 1372/5638/2838
f 1660/409/3709 1535/450/3282 1461/489/1196 1396/490/2941
f 1661/1209/3715 1507/1329/3177 1462/1710/1197 1412/1714/3007
f 1665/2652/3740 1488/2913/3090 1148/3416/953 924/3417/2601
f 1666/5348/3745 1522/5383/3218 1264/5484/1067 1022/5485/2676
f 1670/375/3765 1534/378/3278 1322/399/1124 1118/400/2772
f 1671/582/3771 1504/634/3165 1207/772/1012 958/776/2639
f 1682/5203/3821 1729/5170/3962 1254/4210/1057
f 1684/5306/3827 1613/5061/3550 1101/4596/916
f 1692/1137/3854 1739/1163/4002 1243/1326/1046 978/1293/817
f 1694/995/3861 1736/1040/3989 993/1235/832
f 1703/2038/3890 1704/5319/3895 1551/5140/3343
f 1706/405/1229 1709/1198/1232 1711/1173/1234 1708/370/1231
f 1709/1198/1232 1706/405/1229 1782/468/1264 1780/1239/1262
f 1709/1198/1232 1780/1239/1262 1162/3418/967 941/3424/789
f 1711/1173/1234 1709/1198/1232 1623/2664/3574
f 1712/524/1235 1782/468/1264 1129/263/935
f 1740/4062/4007 1699/4155/3880 1693/3863/3858
f 1776/2619/1258 1463/5381/1198 1778/2850/1260
f 1776/2619/1258 1778/2850/1260 1672/2841/3778 1537/2477/1224
f 1777/1264/1259 1654/1269/3683 1420/404/3044 1099/254/914 1619/1286/1226
f 1781/1025/1263 1710/1204/1233 1783/704/1265 1161/880/966
f 1783/704/1265 1710/1204/1233 1780/1239/1262 1782/468/1264 1712/524/1235
f 4084/525/7069 4087/5361/7079 4086/5362/7075 4085/526/7071
f 4085/5643/7072 4089/396/7083 4092/435/7095 4088/434/7081 4084/5642/7070
f 4087/264/7080 4091/5459/7093 4093/5460/7099 4090/5515/7088 4086/265/7076
f 4089/5374/7087 4132/5274/7226 4135/5308/7238 4092/5377/7098
f 4090/519/7092 4144/593/7266 4147/716/7278 4097/810/7120
f 4091/511/7094 4095/807/7106 4099/806/7128 4093/501/7100
f 4092/5377/7096 4098/5052/7121 4094/5049/7103 4088/5375/7082
f 4092/5377/7097 4135/5308/7237 4134/5173/7234 4098/5052/7125
f 4093/501/7101 4145/589/7269 4144/593/7265 4090/519/7091
f 4094/5049/7104 4124/3026/2167 4125/2774/7205 4120/2055/7193 4121/1813/2166 4095/807/7107
f 4095/807/7108 4121/1813/2166 4122/1946/7197 4129/1940/7217 4131/1808/2169 4099/806/7130
f 4096/5048/7111 4133/5164/7229 4132/5274/7225 4089/5374/7086
f 4096/5048/7114 4140/4945/7250 4143/4944/7262 4098/5052/7127
f 4097/810/7117 4141/986/7253 4156/1303/7297 4157/1602/7301 4158/2152/7305 4159/2752/7309 4160/3201/7313 4161/4144/7317 4140/4945/7249 4096/5048/7113
f 4097/810/7119 4147/716/7277 4146/710/7274 4099/806/7134
f 4098/5052/7122 4127/3029/2168 4128/2926/7213 4123/2925/7201 4124/3026/2167 4094/5049/7105
f 4098/5052/7124 4134/5173/7233 4133/5164/7230 4096/5048/7112
f 4098/5052/7126 4143/4944/7261 4162/4154/7321 4163/3203/7325 4164/2753/7329 4165/2150/7333 4166/1596/7337 4167/1299/7341 4142/978/7258 4099/806/7132
f 4099/806/7129 4131/1808/2169 4130/2053/7221 4126/2775/7209 4127/3029/2168 4098/5052/7123
f 4099/806/7131 4142/978/7257 4141/986/7254 4097/810/7118
f 4099/806/7133 4146/710/7273 4145/589/7270 4093/501/7102
f 4121/1813/2166 4120/2055/7195 4122/1946/7199
f 4123/2925/7203 4125/2774/7207 4124/3026/2167
f 4127/3029/2168 4126/2775/7211 4128/2926/7215
f 4131/1808/2169 4129/1940/7219 4130/2053/7223
f 4132/1819/7227 4136/1482/7241 4137/1328/7243 4135/1483/7239
f 4133/2597/7232 4139/2455/7248 4136/2904/7242 4132/3052/7228
f 4134/1392/7236 4138/1528/7246 4139/1396/7247 4133/1231/7231
f 4135/2524/7240 4137/2707/7244 4138/3089/7245 4134/2990/7235
f 4140/1493/7251 4149/1327/7283 4150/1203/7286 4143/1337/7264
f 4141/1077/7256 4148/1206/7282 4173/1496/7362 4156/1445/7300
f 4142/1301/7260 4151/1446/7288 4148/1304/7281 4141/1126/7255
f 4143/1479/7263 4150/1583/7285 4179/2222/7380 4162/2089/7324
f 4149/1399/7284 4140/1453/7252 4161/1118/7320 4168/1051/7347
f 4151/2050/7287 4142/2246/7259 4167/1556/7344 4174/1488/7365
f 4156/1303/7298 4167/1299/7342 4166/1596/7338 4157/1602/7302
f 4156/1416/7299 4173/1273/7361 4174/1078/7364 4167/1280/7343
f 4157/1200/7304 4172/1232/7359 4171/1522/7355 4158/1506/7307
f 4158/2152/7306 4165/2150/7334 4164/2753/7330 4159/2752/7310
f 4158/2083/7308 4171/1805/7356 4176/1543/7370 4165/1821/7335
f 4159/1266/7312 4170/1261/7353 4169/1557/7349 4160/1609/7315
f 4160/3201/7314 4163/3203/7326 4162/4154/7322 4161/4144/7318
f 4160/2119/7316 4169/1825/7350 4178/1561/7376 4163/1836/7327
f 4162/1847/7323 4179/2121/7379 4168/1859/7346 4161/1535/7319
f 4163/1282/7328 4178/1298/7377 4177/1666/7374 4164/1648/7332
f 4164/1653/7331 4177/1934/7373 4170/1662/7352 4159/1452/7311
f 4165/1323/7336 4176/1317/7371 4175/1691/7368 4166/1781/7340
f 4166/1844/7339 4175/2106/7367 4172/1857/7358 4157/1548/7303
f 4168/5153/7345 4179/5147/7378 4178/4563/7375 4169/4579/7348
f 4170/2999/7351 4177/2994/7372 4176/1916/7369 4171/1917/7354
f 4172/1247/7357 4175/1248/7366 4174/740/7363 4173/733/7360
g cube1_sep2_Wires
usemtl Wires
f 42/4200/2264 52/4174/2284 53/4340/2286 43/4367/2266
f 43/4367/2265 53/4340/2285 54/4504/2288 44/4529/2268
f 44/4529/2267 54/4504/2287 55/4655/2290 45/4680/2270
f 45/3242/2269 55/3218/2289 56/3332/2292 46/3355/2272
f 46/3355/2271 56/3332/2291 57/3442/2294 47/3465/2274
f 47/3465/2273 57/3442/2293 58/3563/2296 48/3585/2276
f 48/3585/2275 58/3563/2295 59/3688/2298 49/3711/2278
f 49/3711/2277 59/3688/2297 60/3882/2300 50/3909/2280
f 50/3909/2279 60/3882/2299 61/4021/2302 51/4046/2282
f 51/4046/2281 61/4021/2301 52/4174/2283 42/4200/2263
f 62/82/3 263/90/199 618/1736/543 338/1723/273
f 62/82/3 338/1723/273 620/1717/544 247/74/183
f 63/98/4 264/102/200 626/1769/547 351/1747/277
f 63/98/4 351/1747/277 618/1736/543 263/90/199
f 64/108/5 265/114/201 624/1789/546 347/1785/276
f 64/108/5 347/1785/276 626/1769/547 264/102/200
f 65/120/6 266/118/202 622/1801/545 344/1795/275
f 65/120/6 344/1795/275 624/1789/546 265/114/201
f 66/72/7 247/74/183 620/1717/544 341/1715/274
f 66/112/7 341/1807/274 622/1801/545 266/118/202
f 67/4973/8 267/4974/203 800/3845/721 602/3846/528
f 67/4973/8 602/3846/528 792/3851/713 248/4977/184
f 68/4976/9 268/4981/204 798/3852/719 614/3847/540
f 68/4976/9 614/3847/540 800/3845/721 267/4974/203
f 69/4992/10 269/4995/205 796/3860/717 611/3858/537
f 69/4992/10 611/3858/537 798/3852/719 268/4981/204
f 70/4991/11 270/4979/206 794/3849/715 608/3856/534
f 70/4991/11 608/3856/534 796/3860/717 269/4995/205
f 71/4982/12 248/4977/184 792/3851/713 605/3861/531
f 71/4975/12 605/3834/531 794/3849/715 270/4979/206
f 72/4303/13 271/4295/207 660/1876/581 392/1882/318
f 72/4303/13 392/1882/318 652/1892/573 249/4310/185
f 73/4293/14 272/4298/208 658/1888/579 404/1878/330
f 73/4293/14 404/1878/330 660/1876/581 271/4295/207
f 74/4300/15 273/4292/209 656/1900/577 401/1895/327
f 74/4300/15 401/1895/327 658/1888/579 272/4298/208
f 75/4288/16 274/4258/210 654/1881/575 398/1891/324
f 75/4288/16 398/1891/324 656/1900/577 273/4292/209
f 76/4317/17 249/4310/185 652/1892/573 395/1909/321
f 76/4254/17 395/1872/321 654/1881/575 274/4258/210
f 77/5328/18 275/5330/211 628/2768/549 353/2764/279
f 77/5328/18 353/2764/279 630/2760/551 250/5325/186
f 78/5332/19 276/5334/212 636/2773/557 366/2771/292
f 78/5332/19 366/2771/292 628/2768/549 275/5330/211
f 79/5336/20 277/5339/213 634/2785/555 362/2778/288
f 79/5336/20 362/2778/288 636/2773/557 276/5334/212
f 80/5340/21 278/5342/214 632/2796/553 359/2793/285
f 80/5340/21 359/2793/285 634/2785/555 277/5339/213
f 81/5323/22 250/5325/186 630/2760/551 356/2757/282
f 81/5344/22 356/2800/282 632/2796/553 278/5342/214
f 82/2057/23 279/2059/215 650/1178/571 377/1180/303
f 82/2057/23 377/1180/303 642/1183/563 251/2060/187
f 83/2065/24 280/2068/216 648/1182/569 389/1179/315
f 83/2065/24 389/1179/315 650/1178/571 279/2059/215
f 84/2070/25 281/2075/217 646/1187/567 386/1184/312
f 84/2070/25 386/1184/312 648/1182/569 280/2068/216
f 85/2074/26 282/2069/218 644/1190/565 383/1188/309
f 85/2074/26 383/1188/309 646/1187/567 281/2075/217
f 86/2062/27 251/2060/187 642/1183/563 380/1185/306
f 86/2067/27 380/1189/306 644/1190/565 282/2069/218
f 87/1680/28 283/1673/219 680/910/601 422/911/348
f 87/1680/28 422/911/348 672/914/593 252/1684/188
f 88/1664/29 284/1657/220 678/907/599 434/908/360
f 88/1664/29 434/908/360 680/910/601 283/1673/219
f 89/1650/30 285/1643/221 676/902/597 431/905/357
f 89/1650/30 431/905/357 678/907/599 284/1657/220
f 90/1639/31 286/1634/222 674/898/595 428/900/354
f 90/1639/31 428/900/354 676/902/597 285/1643/221
f 91/1688/32 252/1684/188 672/914/593 425/917/351
f 91/1629/32 425/893/351 674/898/595 286/1634/222
f 92/1218/33 287/1223/223 663/602/584 408/598/334
f 92/1218/33 408/598/334 665/597/586 253/1216/189
f 93/1227/34 288/1233/224 671/604/592 421/603/347
f 93/1227/34 421/603/347 663/602/584 287/1223/223
f 94/1237/35 289/1240/225 669/608/590 417/606/343
f 94/1237/35 417/606/343 671/604/592 288/1233/224
f 95/1243/36 290/1242/226 667/607/588 414/609/340
f 95/1243/36 414/609/340 669/608/590 289/1240/225
f 96/1215/37 253/1216/189 665/597/586 411/601/337
f 96/1241/37 411/605/337 667/607/588 290/1242/226
f 97/1110/38 292/1104/228 788/3756/709 599/3758/525
f 97/1110/38 599/3758/525 790/3750/711 291/1108/227
f 98/1092/39 293/1084/229 786/3752/707 596/3754/522
f 98/1092/39 596/3754/522 788/3756/709 292/1104/228
f 99/1082/40 294/1090/230 784/3765/705 593/3762/519
f 99/1082/40 593/3762/519 786/3752/707 293/1084/229
f 100/1080/41 295/1086/231 782/3743/703 590/3738/516
f 100/1106/41 590/3769/516 784/3765/705 294/1090/230
f 101/1095/42 291/1108/227 790/3750/711 587/3748/513
f 101/1095/42 587/3748/513 782/3743/703 295/1086/231
f 102/235/43 299/231/235 748/875/669 539/877/465
f 102/235/43 539/877/465 750/873/671 254/233/190
f 103/229/44 254/233/190 750/873/671 527/869/453
f 103/229/44 527/869/453 742/866/663 296/223/232
f 104/219/45 296/223/232 742/866/663 530/858/456
f 104/219/45 530/858/456 744/855/665 297/217/233
f 105/220/46 297/217/233 744/855/665 533/849/459
f 105/220/46 533/849/459 746/851/667 298/226/234
f 106/236/47 298/226/234 746/851/667 536/853/462
f 106/225/47 536/871/462 748/875/669 299/231/235
f 107/67/48 303/69/239 694/1750/615 452/1745/378
f 107/67/48 452/1745/378 692/1754/613 255/77/191
f 108/83/49 255/77/191 692/1754/613 464/1761/390
f 108/83/49 464/1761/390 700/1774/621 300/88/236
f 109/94/50 300/88/236 700/1774/621 460/1780/386
f 109/94/50 460/1780/386 698/1778/619 301/96/237
f 110/92/51 301/96/237 698/1778/619 457/1772/383
f 110/92/51 457/1772/383 696/1768/617 302/86/238
f 111/80/52 302/86/238 696/1768/617 454/1765/380
f 111/75/52 454/1756/380 694/1750/615 303/69/239
f 112/1439/53 307/1438/243 793/2107/714 603/2112/529
f 112/1439/53 603/2112/529 801/2108/722 256/1437/192
f 113/1433/54 256/1437/192 801/2108/722 616/2094/542
f 113/1433/54 616/2094/542 799/2086/720 304/1429/240
f 114/1426/55 304/1429/240 799/2086/720 612/2076/538
f 114/1426/55 612/2076/538 797/2064/718 305/1423/241
f 115/1422/56 305/1423/241 797/2064/718 609/2061/535
f 115/1422/56 609/2061/535 795/2071/716 306/1424/242
f 116/1425/57 306/1424/242 795/2071/716 606/2082/532
f 116/1435/57 606/2095/532 793/2107/714 307/1438/243
f 117/3547/58 311/3619/247 733/1920/654 513/1897/439
f 117/3547/58 513/1897/439 741/1868/662 257/3528/193
f 118/3481/59 257/3528/193 741/1868/662 526/1850/452
f 118/3481/59 526/1850/452 739/1827/660 308/3431/244
f 119/3413/60 308/3431/244 739/1827/660 522/1812/448
f 119/3413/60 522/1812/448 737/1763/658 309/3370/245
f 120/3319/61 309/3370/245 737/1763/658 519/1704/445
f 120/3319/61 519/1704/445 735/1693/656 310/3277/246
f 121/3259/62 310/3277/246 735/1693/656 516/1678/442
f 121/3669/62 516/1957/442 733/1920/654 311/3619/247
f 122/5525/63 315/5524/251 704/4890/625 467/4897/393
f 122/5525/63 467/4897/393 702/4906/623 258/5526/194
f 123/5527/64 258/5526/194 702/4906/623 479/4912/405
f 123/5527/64 479/4912/405 710/4914/631 312/5528/248
f 124/5529/65 312/5528/248 710/4914/631 475/4915/401
f 124/5529/65 475/4915/401 708/4920/629 313/5530/249
f 125/5531/66 313/5530/249 708/4920/629 472/4929/398
f 125/5531/66 472/4929/398 706/4935/627 314/5533/250
f 126/5534/67 314/5533/250 706/4935/627 469/4937/395
f 126/5523/67 469/4885/395 704/4890/625 315/5524/251
f 127/5296/68 319/5304/255 723/4481/644 498/4470/424
f 127/5296/68 498/4470/424 731/4433/652 259/5290/195
f 128/5282/69 259/5290/195 731/4433/652 511/4422/437
f 128/5282/69 511/4422/437 729/4411/650 316/5277/252
f 129/5273/70 316/5277/252 729/4411/650 507/4400/433
f 129/5273/70 507/4400/433 727/4378/648 317/5271/253
f 130/5269/71 317/5271/253 727/4378/648 504/4323/430
f 130/5269/71 504/4323/430 725/4315/646 318/5266/254
f 131/5264/72 318/5266/254 725/4315/646 501/4290/427
f 131/5316/72 501/4489/427 723/4481/644 319/5304/255
f 132/5003/73 323/5002/259 714/3074/635 482/3076/408
f 132/5003/73 482/3076/408 712/3077/633 260/5004/196
f 133/5006/74 260/5004/196 712/3077/633 494/3078/420
f 133/5006/74 494/3078/420 720/3079/641 320/5007/256
f 134/5008/75 320/5007/256 720/3079/641 490/3080/416
f 134/5008/75 490/3080/416 718/3081/639 321/5009/257
f 135/5010/76 321/5009/257 718/3081/639 487/3085/413
f 135/5010/76 487/3085/413 716/3086/637 322/5013/258
f 136/5014/77 322/5013/258 716/3086/637 484/3087/410
f 136/5001/77 484/3071/410 714/3074/635 323/5002/259
f 137/3871/78 327/3918/263 763/5157/684 558/5156/484
f 137/3871/78 558/5156/484 771/5154/692 261/3869/197
f 138/3868/79 261/3869/197 771/5154/692 571/5152/497
f 138/3868/79 571/5152/497 769/5150/690 324/3862/260
f 139/3859/80 324/3862/260 769/5150/690 567/5149/493
f 139/3859/80 567/5149/493 767/5146/688 325/3853/261
f 140/3850/81 325/3853/261 767/5146/688 564/5145/490
f 140/3850/81 564/5145/490 765/5144/686 326/3840/262
f 141/3831/82 326/3840/262 765/5144/686 561/5143/487
f 141/3937/82 561/5158/487 763/5157/684 327/3918/263
f 142/3833/83 331/3836/267 754/5238/675 542/5235/468
f 142/3833/83 542/5235/468 752/5232/673 262/3801/198
f 143/3791/84 262/3801/198 752/5232/673 554/5229/480
f 143/3791/84 554/5229/480 760/5227/681 328/3781/264
f 144/3771/85 328/3781/264 760/5227/681 550/5221/476
f 144/3771/85 550/5221/476 758/5218/679 329/3767/265
f 145/3760/86 329/3767/265 758/5218/679 547/5213/473
f 145/3760/86 547/5213/473 756/5210/677 330/3746/266
f 146/3740/87 330/3746/266 756/5210/677 544/5207/470
f 146/3838/87 544/5240/470 754/5238/675 331/3836/267
f 147/5182/88 336/5181/272 791/2188/712 601/2185/527
f 147/5182/88 601/2185/527 789/2186/710 332/5185/268
f 148/5188/89 332/5185/268 789/2186/710 597/2187/523
f 148/5188/89 597/2187/523 787/2189/708 333/5191/269
f 149/5192/90 333/5191/269 787/2189/708 594/2190/520
f 149/5192/90 594/2190/520 785/2184/706 334/5189/270
f 150/5187/91 334/5189/270 785/2184/706 591/2182/517
f 150/5190/91 591/2194/517 783/2193/704 335/5186/271
f 151/5183/92 335/5186/271 783/2193/704 588/2191/514
f 151/5183/92 588/2191/514 791/2188/712 336/5181/272
f 152/5731/2303 338/1723/273 618/1736/543 348/5735/2339
f 152/5703/2305 348/5704/2341 156/5702/2317 350/5700/2347 155/5698/2314 346/5696/2338 154/5695/2311 343/5697/2332 153/5699/2308 340/5701/2326
f 153/5723/2306 341/1715/274 620/1717/544 340/5727/2324
f 154/5745/2309 344/1795/275 622/1801/545 343/5747/2330
f 155/5741/2312 347/1785/276 624/1789/546 346/5743/2336
f 156/5737/2316 351/1747/277 626/1769/547 350/5739/2345
f 157/674/93 352/270/278 629/268/550 355/672/281
f 157/674/93 353/2764/279 628/2768/549 363/675/289
f 158/698/94 354/286/280 631/284/552 358/696/284
f 158/667/94 355/672/281 629/268/550 354/267/280
f 158/667/94 356/2757/282 630/2760/551 355/672/281
f 159/694/95 357/282/283 633/280/554 361/692/287
f 159/694/95 358/696/284 631/284/552 357/282/283
f 159/694/95 359/2793/285 632/2796/553 358/696/284
f 160/689/96 360/278/286 635/276/556 365/687/291
f 160/689/96 361/692/287 633/280/554 360/278/286
f 160/689/96 362/2778/288 634/2785/555 361/692/287
f 161/681/97 364/274/290 627/272/548 363/675/289
f 161/681/97 365/687/291 635/276/556 364/274/290
f 161/681/97 366/2771/292 636/2773/557 365/687/291
f 162/5368/98 367/4404/293 638/4406/559 369/5369/295
f 162/5368/98 812/5562/733 817/5565/738 374/5366/300
f 163/5373/99 368/4409/294 639/4413/560 371/5372/297
f 163/5371/99 369/5369/295 638/4406/559 368/4405/294
f 163/5371/99 813/5561/734 818/5560/739 369/5369/295
f 164/5370/100 370/4412/296 640/4408/561 373/5367/299
f 164/5370/100 371/5372/297 639/4413/560 370/4412/296
f 164/5370/100 814/5564/735 819/5566/740 371/5372/297
f 165/5365/101 372/4407/298 641/4403/562 376/5363/302
f 165/5365/101 373/5367/299 640/4408/561 372/4407/298
f 165/5365/101 815/5567/736 820/5563/741 373/5367/299
f 166/5364/102 375/4401/301 637/4402/558 374/5366/300
f 166/5364/102 376/5363/302 641/4403/562 375/4401/301
f 166/5364/102 816/5568/737 821/5570/742 376/5363/302
f 167/616/103 377/1180/303 650/1178/571 390/614/316
f 167/616/103 378/330/304 643/332/564 379/618/305
f 168/621/104 380/1185/306 642/1183/563 379/618/305
f 168/623/104 381/335/307 645/338/566 382/622/308
f 169/620/105 383/1188/309 644/1190/565 382/622/308
f 169/620/105 384/340/310 647/341/568 385/617/311
f 170/615/106 386/1184/312 646/1187/567 385/617/311
f 170/615/106 387/339/313 649/337/570 388/611/314
f 171/610/107 389/1179/315 648/1182/569 388/611/314
f 171/610/107 390/614/316 650/1178/571 389/1179/315
f 171/610/107 391/333/317 651/331/572 390/614/316
f 172/828/108 392/1882/318 660/1876/581 405/826/331
f 172/828/108 393/499/319 653/506/574 394/839/320
f 173/863/109 395/1909/321 652/1892/573 394/839/320
f 173/825/109 396/503/322 655/513/576 397/838/323
f 174/846/110 398/1891/324 654/1881/575 397/838/323
f 174/846/110 399/521/325 657/523/578 400/861/326
f 175/848/111 401/1895/327 656/1900/577 400/861/326
f 175/848/111 402/518/328 659/510/580 403/843/329
f 176/832/112 404/1878/330 658/1888/579 403/843/329
f 176/832/112 405/826/331 660/1876/581 404/1878/330
f 176/832/112 406/505/332 661/497/582 405/826/331
f 177/5093/113 407/3202/333 664/3204/585 410/5096/336
f 177/5093/113 408/5455/334 663/5454/584 418/5091/344
f 178/5065/114 409/3135/335 666/3139/587 413/5069/339
f 178/5098/114 410/5096/336 664/3204/585 409/3208/335
f 178/5098/114 411/5457/337 665/5456/586 410/5096/336
f 179/5075/115 412/3144/338 668/3150/589 416/5079/342
f 179/5075/115 413/5069/339 666/3139/587 412/3144/338
f 179/5075/115 414/5448/340 667/5447/588 413/5069/339
f 180/5082/116 415/3155/341 670/3157/591 420/5085/346
f 180/5082/116 416/5079/342 668/3150/589 415/3155/341
f 180/5082/116 417/5450/343 669/5449/590 416/5079/342
f 181/5089/117 419/3166/345 662/3199/583 418/5091/344
f 181/5089/117 420/5085/346 670/3157/591 419/3166/345
f 181/5089/117 421/5453/347 671/5451/592 420/5085/346
f 182/4860/118 422/5558/348 680/5554/601 435/4844/361
f 182/4860/118 423/683/349 673/685/594 424/4854/350
f 183/4846/119 425/5552/351 672/5556/593 424/4854/350
f 183/4813/119 426/664/352 675/658/596 427/4807/353
f 184/4794/120 428/5541/354 674/5544/595 427/4807/353
f 184/4794/120 429/654/355 677/649/598 430/4790/356
f 185/4792/121 431/5539/357 676/5536/597 430/4790/356
f 185/4792/121 432/651/358 679/655/600 433/4809/359
f 186/4817/122 434/5551/360 678/5546/599 433/4809/359
f 186/4817/122 435/4844/361 680/5554/601 434/5551/360
f 186/4817/122 436/669/362 681/677/602 435/4844/361
f 187/3377/123 437/5119/363 690/5120/611 450/3380/376
f 187/3377/123 438/2199/364 683/2192/604 439/3374/365
f 188/3368/124 440/5114/366 682/5117/603 439/3374/365
f 188/3368/124 441/2180/367 685/2176/606 442/3366/368
f 189/3364/125 443/5112/369 684/5113/605 442/3366/368
f 189/3364/125 444/2174/370 687/2172/608 445/3363/371
f 190/3365/126 446/5110/372 686/5111/607 445/3363/371
f 190/3372/126 447/2195/373 689/2197/610 448/3375/374
f 191/3378/127 449/5118/375 688/5116/609 448/3375/374
f 191/3378/127 450/3380/376 690/5120/611 449/5118/375
f 191/3378/127 451/2201/377 691/2200/612 450/3380/376
f 192/5754/128 452/1745/378 694/1750/615 455/5751/381
f 192/5726/128 453/1782/379 693/1775/614 463/5722/389
f 193/5768/129 454/1765/380 696/1768/617 458/5770/384
f 193/5749/129 455/5751/381 694/1750/615 454/1756/380
f 193/5734/129 456/1798/382 695/1790/616 455/5730/381
f 194/5772/130 457/1772/383 698/1778/619 461/5766/387
f 194/5772/130 458/5770/384 696/1768/617 457/1772/383
f 194/5712/130 459/1729/385 697/1722/618 458/5710/384
f 195/5764/131 460/1780/386 700/1774/621 465/5758/391
f 195/5764/131 461/5766/387 698/1778/619 460/1780/386
f 195/5716/131 462/1743/388 699/1735/620 461/5714/387
f 196/5762/132 464/1761/390 692/1754/613 463/5760/389
f 196/5762/132 465/5758/391 700/1774/621 464/1761/390
f 196/5720/132 466/1758/392 701/1753/622 465/5718/391
f 197/1340/133 467/4897/393 704/4890/625 470/1339/396
f 197/1340/133 468/382/394 703/383/624 478/1341/404
f 198/1369/134 469/4937/395 706/4935/627 473/1364/399
f 198/1335/134 470/1339/396 704/4890/625 469/4885/395
f 198/1335/134 471/377/397 705/379/626 470/1339/396
f 199/1360/135 472/4929/398 708/4920/629 476/1353/402
f 199/1360/135 473/1364/399 706/4935/627 472/4929/398
f 199/1360/135 474/391/400 707/392/628 473/1364/399
f 200/1351/136 475/4915/401 710/4914/631 480/1345/406
f 200/1351/136 476/1353/402 708/4920/629 475/4915/401
f 200/1351/136 477/387/403 709/390/630 476/1353/402
f 201/1344/137 479/4912/405 702/4906/623 478/1341/404
f 201/1344/137 480/1345/406 710/4914/631 479/4912/405
f 201/1344/137 481/385/407 711/386/632 480/1345/406
f 202/1460/138 482/3076/408 714/3074/635 485/1459/411
f 202/1460/138 483/759/409 713/760/634 493/1461/419
f 203/1472/139 484/3087/410 716/3086/637 488/1471/414
f 203/1458/139 485/1459/411 714/3074/635 484/3071/410
f 203/1458/139 486/757/412 715/758/636 485/1459/411
f 204/1469/140 487/3085/413 718/3081/639 491/1467/417
f 204/1469/140 488/1471/414 716/3086/637 487/3085/413
f 204/1469/140 489/765/415 717/766/638 488/1471/414
f 205/1466/141 490/3080/416 720/3079/641 495/1465/421
f 205/1466/141 491/1467/417 718/3081/639 490/3080/416
f 205/1466/141 492/763/418 719/764/640 491/1467/417
f 206/1463/142 494/3078/420 712/3077/633 493/1461/419
f 206/1463/142 495/1465/421 720/3079/641 494/3078/420
f 206/1463/142 496/761/422 721/762/642 495/1465/421
f 207/2460/143 497/1168/423 730/1165/651 510/2432/436
f 207/2460/143 498/4470/424 723/4481/644 499/2469/425
f 208/2478/144 500/1175/426 722/1171/643 499/2469/425
f 208/2353/144 501/4290/427 725/4315/646 502/2358/428
f 209/2364/145 503/1123/429 724/1122/645 502/2358/428
f 209/2364/145 504/4323/430 727/4378/648 505/2381/431
f 210/2406/146 506/1134/432 726/1127/647 505/2381/431
f 210/2406/146 507/4400/433 729/4411/650 508/2416/434
f 211/2425/147 509/1158/435 728/1145/649 508/2416/434
f 211/2425/147 510/2432/436 730/1165/651 509/1158/435
f 211/2425/147 511/4422/437 731/4433/652 510/2432/436
f 212/1049/148 512/643/438 740/637/661 525/1031/451
f 212/1049/148 513/1897/439 733/1920/654 514/1063/440
f 213/1073/149 515/700/441 732/661/653 514/1063/440
f 213/926/149 516/1678/442 735/1693/656 517/941/443
f 214/947/150 518/599/444 734/594/655 517/941/443
f 214/947/150 519/1704/445 737/1763/658 520/955/446
f 215/987/151 521/625/447 736/612/657 520/955/446
f 215/987/151 522/1812/448 739/1827/660 523/993/449
f 216/1004/152 524/630/450 738/627/659 523/993/449
f 216/1004/152 525/1031/451 740/637/661 524/630/450
f 216/1004/152 526/1850/452 741/1868/662 525/1031/451
f 217/4163/153 527/869/453 750/873/671 540/4212/466
f 217/4163/153 528/5398/454 743/5396/664 529/4159/455
f 218/4156/154 530/858/456 742/866/663 529/4159/455
f 218/4156/154 531/5394/457 745/5392/666 532/4152/458
f 219/4149/155 533/849/459 744/855/665 532/4152/458
f 219/4149/155 534/5390/460 747/5388/668 535/4147/461
f 220/4145/156 536/853/462 746/851/667 535/4147/461
f 220/4214/156 537/5415/463 749/5411/670 538/4220/464
f 221/4222/157 539/877/465 748/875/669 538/4220/464
f 221/4222/157 540/4212/466 750/873/671 539/877/465
f 221/4222/157 541/5407/467 751/5401/672 540/4212/466
f 222/5510/158 542/5235/468 754/5238/675 545/5512/471
f 222/1030/158 543/2110/469 753/2103/674 553/1026/479
f 223/5496/159 544/5207/470 756/5210/677 548/5494/474
f 223/5514/159 545/5512/471 754/5238/675 544/5240/470
f 223/1041/159 546/2116/472 755/2113/676 545/1038/471
f 224/5490/160 547/5213/473 758/5218/679 551/5492/477
f 224/5490/160 548/5494/474 756/5210/677 547/5213/473
f 224/1010/160 549/2081/475 757/2073/678 548/1003/474
f 225/5498/161 550/5221/476 760/5227/681 555/5500/481
f 225/5498/161 551/5492/477 758/5218/679 550/5221/476
f 225/1015/161 552/2091/478 759/2088/680 551/1012/477
f 226/5505/162 554/5229/480 752/5232/673 553/5507/479
f 226/5505/162 555/5500/481 760/5227/681 554/5229/480
f 226/1019/162 556/2096/482 761/2093/682 555/1017/481
f 227/4862/163 557/3088/483 770/3115/691 570/4936/496
f 227/4862/163 558/5123/484 763/5094/684 559/4766/485
f 228/4644/164 560/3005/486 762/3042/683 559/4766/485
f 228/5105/164 561/5346/487 765/5326/686 562/5070/488
f 229/5051/165 563/3529/489 764/3634/685 562/5070/488
f 229/5051/165 564/5300/490 767/5260/688 565/5038/491
f 230/5028/166 566/3317/492 766/3420/687 565/5038/491
f 230/5028/166 567/5256/493 769/5196/690 568/5005/494
f 231/4969/167 569/3154/495 768/3254/689 568/5005/494
f 231/4969/167 570/4936/496 770/3115/691 569/3154/495
f 231/4969/167 571/5176/497 771/5163/692 570/4936/496
f 232/1362/168 572/2267/498 780/2262/701 585/1355/511
f 232/1362/168 573/732/499 773/739/694 574/1368/500
f 233/1375/169 575/2283/501 772/2278/693 574/1368/500
f 233/1375/169 576/744/502 775/746/696 577/1379/503
f 234/1384/170 578/2292/504 774/2289/695 577/1379/503
f 234/1384/170 579/749/505 777/753/698 580/1387/506
f 235/1382/171 581/2295/507 776/2298/697 580/1387/506
f 235/1370/171 582/741/508 779/736/700 583/1365/509
f 236/1358/172 584/2260/510 778/2258/699 583/1365/509
f 236/1358/172 585/1355/511 780/2262/701 584/2260/510
f 236/1358/172 586/729/512 781/727/702 585/1355/511
f 237/5462/173 587/3748/513 790/3750/711 600/5466/526
f 237/541/173 588/2191/514 783/2193/704 589/539/515
f 238/5468/174 590/3738/516 782/3743/703 589/5464/515
f 238/530/174 591/2182/517 785/2184/706 592/531/518
f 239/5478/175 593/3762/519 784/3765/705 592/5480/518
f 239/532/175 594/2190/520 787/2189/708 595/533/521
f 240/5474/176 596/3754/522 786/3752/707 595/5476/521
f 240/534/176 597/2187/523 789/2186/710 598/538/524
f 241/5470/177 599/3758/525 788/3756/709 598/5472/524
f 241/5470/177 600/5466/526 790/3750/711 599/3758/525
f 241/540/177 601/2185/527 791/2188/712 600/542/526
f 242/2943/178 602/3846/528 800/3845/721 615/2942/541
f 242/2943/178 603/2112/529 793/2107/714 604/2945/530
f 243/2946/179 605/3861/531 792/3851/713 604/2945/530
f 243/2932/179 606/2082/532 795/2071/716 607/2933/533
f 244/2934/180 608/3856/534 794/3849/715 607/2933/533
f 244/2934/180 609/2061/535 797/2064/718 610/2935/536
f 245/2936/181 611/3858/537 796/3860/717 610/2935/536
f 245/2936/181 612/2076/538 799/2086/720 613/2938/539
f 246/2939/182 614/3847/540 798/3852/719 613/2938/539
f 246/2939/182 615/2942/541 800/3845/721 614/3847/540
f 246/2939/182 616/2094/542 801/2108/722 615/2942/541
f 247/197/183 673/685/594 423/683/349 62/195/3
f 248/4977/184 653/5209/574 393/5201/319 67/4973/8
f 249/4310/185 629/5426/550 352/5424/278 72/4303/13
f 250/5325/186 643/5615/564 378/5617/304 77/5328/18
f 251/2060/187 638/4406/559 367/4404/293 82/2057/23
f 252/1684/188 664/3204/585 407/3202/333 87/1680/28
f 253/1216/189 687/2172/608 444/2174/370 92/1218/33
f 254/125/190 693/1775/614 453/1782/379 102/127/43
f 255/1700/191 770/3115/691 557/3088/483 107/1679/48
f 256/460/192 740/637/661 512/643/438 112/462/53
f 257/204/193 703/383/624 468/382/394 117/203/58
f 258/484/194 730/1165/651 497/1168/423 122/487/63
f 259/437/195 713/760/634 483/759/409 127/429/68
f 260/5606/196 751/5401/672 541/5407/467 132/5609/73
f 261/3869/197 753/2103/674 543/2110/469 137/3871/78
f 262/3801/198 774/2289/695 578/2292/504 142/3833/83
f 263/191/199 681/677/602 436/669/362 63/189/4
f 264/187/200 679/655/600 432/651/358 64/183/5
f 265/177/201 677/649/598 429/654/355 65/179/6
f 266/182/202 675/658/596 426/664/352 66/186/7
f 267/4974/203 661/5200/582 406/5202/332 68/4976/9
f 268/4981/204 659/5216/580 402/5223/328 69/4992/10
f 269/4995/205 657/5226/578 399/5225/325 70/4991/11
f 270/4979/206 655/5220/576 396/5204/322 71/4975/12
f 271/4295/207 627/5422/548 364/5420/290 73/4293/14
f 272/4298/208 635/5419/556 360/5417/286 74/4300/15
f 273/4292/209 633/5413/554 357/5409/283 75/4288/16
f 274/4258/210 631/5405/552 354/5403/280 76/4254/17
f 275/5330/211 651/5623/572 391/5621/317 78/5332/19
f 276/5334/212 649/5625/570 387/5627/313 79/5336/20
f 277/5339/213 647/5629/568 384/5631/310 80/5340/21
f 278/5342/214 645/5632/566 381/5634/307 81/5344/22
f 279/2059/215 637/4402/558 375/4401/301 83/2065/24
f 280/2068/216 641/4403/562 372/4407/298 84/2070/25
f 281/2075/217 640/4408/561 370/4412/296 85/2074/26
f 282/2069/218 639/4413/560 368/4409/294 86/2067/27
f 283/1673/219 662/3199/583 419/3166/345 88/1664/29
f 284/1657/220 670/3157/591 415/3155/341 89/1650/30
f 285/1643/221 668/3150/589 412/3144/338 90/1639/31
f 286/1634/222 666/3139/587 409/3135/335 91/1629/32
f 287/1223/223 685/2176/606 441/2180/367 93/1227/34
f 288/1233/224 683/2192/604 438/2199/364 94/1237/35
f 289/1240/225 691/2200/612 451/2201/377 95/1243/36
f 290/1242/226 689/2197/610 447/2195/373 96/1241/37
f 291/1108/227 690/432/611 437/430/363 97/1110/38
f 292/1104/228 682/424/603 440/418/366 98/1092/39
f 293/1084/229 684/414/605 443/410/369 99/1082/40
f 294/1090/230 686/416/607 446/422/372 100/1106/41
f 295/1086/231 688/420/609 449/426/375 101/1095/42
f 296/121/232 701/1753/622 466/1758/392 103/123/44
f 297/109/233 699/1735/620 462/1743/388 104/115/45
f 298/103/234 697/1722/618 459/1729/385 105/105/46
f 299/129/235 695/1790/616 456/1798/382 106/131/47
f 300/1860/236 768/3254/689 569/3154/495 108/1809/49
f 301/1964/237 766/3420/687 566/3317/492 109/1913/50
f 302/2046/238 764/3634/685 563/3529/489 110/1999/51
f 303/1627/239 762/3042/683 560/3005/486 111/1586/52
f 304/455/240 738/627/659 524/630/450 113/458/54
f 305/451/241 736/612/657 521/625/447 114/453/55
f 306/442/242 734/594/655 518/599/444 115/448/56
f 307/464/243 732/661/653 515/700/441 116/466/57
f 308/206/244 711/386/632 481/385/407 118/205/59
f 309/209/245 709/390/630 477/387/403 119/207/60
f 310/210/246 707/392/628 474/391/400 120/211/61
f 311/201/247 705/379/626 471/377/397 121/202/62
f 312/480/248 728/1145/649 509/1158/435 123/482/64
f 313/476/249 726/1127/647 506/1134/432 124/478/65
f 314/472/250 724/1122/645 503/1123/429 125/474/66
f 315/491/251 722/1171/643 500/1175/426 126/494/67
f 316/439/252 721/762/642 496/761/422 128/438/69
f 317/441/253 719/764/640 492/763/418 129/440/70
f 318/445/254 717/766/638 489/765/415 130/444/71
f 319/428/255 715/758/636 486/757/412 131/436/72
f 320/5602/256 743/5396/664 528/5398/454 133/5604/74
f 321/5598/257 745/5392/666 531/5394/457 134/5600/75
f 322/5594/258 747/5388/668 534/5390/460 135/5596/76
f 323/5613/259 749/5411/670 537/5415/463 136/5619/77
f 324/3862/260 761/2093/682 556/2096/482 138/3868/79
f 325/3853/261 759/2088/680 552/2091/478 139/3859/80
f 326/3840/262 757/2073/678 549/2081/475 140/3850/81
f 327/3918/263 755/2113/676 546/2116/472 141/3937/82
f 328/3781/264 772/2278/693 575/2283/501 143/3791/84
f 329/3767/265 780/2262/701 572/2267/498 144/3771/85
f 330/3746/266 778/2258/699 584/2260/510 145/3760/86
f 331/3836/267 776/2298/697 581/2295/507 146/3838/87
f 332/356/268 773/739/694 573/732/499 147/354/88
f 333/360/269 775/746/696 576/744/502 148/358/89
f 334/364/270 777/753/698 579/749/505 149/362/90
f 335/347/271 779/736/700 582/741/508 150/345/91
f 336/352/272 781/727/702 586/729/512 151/350/92
f 337/1508/2320 619/1551/2353 339/1599/2323 621/1626/2356 342/1636/2329 623/1614/2359 345/1582/2335 625/1527/2362 349/1500/2344 617/1498/2350
f 337/1574/2319 802/141/723 808/142/729 619/1576/2352
f 339/1559/2322 803/139/724 809/138/730 621/1562/2355
f 340/5727/2325 620/1717/544 338/1723/273 152/5731/2304
f 342/1563/2328 804/137/725 810/135/731 623/1567/2358
f 343/5747/2331 622/1801/545 341/1807/274 153/5755/2307
f 345/1568/2334 805/134/726 811/133/732 625/1569/2361
f 346/5743/2337 624/1789/546 344/1795/275 154/5745/2310
f 348/5735/2340 618/1736/543 351/1747/277 156/5737/2315
f 349/1570/2342 806/136/727 807/140/728 617/1572/2349
f 350/5739/2346 626/1769/547 347/1785/276 155/5741/2313
f 352/5424/278 627/5422/548 271/4295/207 72/4303/13
f 354/5428/280 629/5426/550 249/4310/185 76/4317/17
f 355/672/281 630/2760/551 353/2764/279 157/674/93
f 357/5409/283 631/5405/552 274/4258/210 75/4288/16
f 358/696/284 632/2796/553 356/2800/282 158/698/94
f 360/5417/286 633/5413/554 273/4292/209 74/4300/15
f 361/692/287 634/2785/555 359/2793/285 159/694/95
f 363/675/289 627/272/548 352/270/278 157/674/93
f 363/675/289 628/2768/549 366/2771/292 161/681/97
f 364/5420/290 635/5419/556 272/4298/208 73/4293/14
f 365/687/291 636/2773/557 362/2778/288 160/689/96
f 367/4404/293 637/4402/558 279/2059/215 82/2057/23
f 368/4405/294 638/4406/559 251/2060/187 86/2062/27
f 369/5369/295 818/5560/739 812/5562/733 162/5368/98
f 370/4412/296 639/4413/560 282/2069/218 85/2074/26
f 371/5372/297 819/5566/740 813/5569/734 163/5373/99
f 372/4407/298 640/4408/561 281/2075/217 84/2070/25
f 373/5367/299 820/5563/741 814/5564/735 164/5370/100
f 374/5366/300 637/4402/558 367/4404/293 162/5368/98
f 374/5366/300 817/5565/738 816/5568/737 166/5364/102
f 375/4401/301 641/4403/562 280/2068/216 83/2065/24
f 376/5363/302 821/5570/742 815/5567/736 165/5365/101
f 378/5617/304 651/5623/572 275/5330/211 77/5328/18
f 379/618/305 642/1183/563 377/1180/303 167/616/103
f 379/618/305 643/332/564 381/334/307 168/621/104
f 381/5611/307 643/5615/564 250/5325/186 81/5323/22
f 382/622/308 644/1190/565 380/1189/306 168/623/104
f 382/622/308 645/338/566 384/340/310 169/620/105
f 384/5631/310 645/5632/566 278/5342/214 80/5340/21
f 385/617/311 646/1187/567 383/1188/309 169/620/105
f 385/617/311 647/341/568 387/339/313 170/615/106
f 387/5627/313 647/5629/568 277/5339/213 79/5336/20
f 388/611/314 648/1182/569 386/1184/312 170/615/106
f 388/611/314 649/337/570 391/333/317 171/610/107
f 390/614/316 651/331/572 378/330/304 167/616/103
f 391/5621/317 649/5625/570 276/5334/212 78/5332/19
f 393/5201/319 661/5200/582 267/4974/203 67/4973/8
f 394/839/320 652/1892/573 392/1882/318 172/828/108
f 394/839/320 653/506/574 396/515/322 173/863/109
f 396/5224/322 653/5209/574 248/4977/184 71/4982/12
f 397/838/323 654/1881/575 395/1872/321 173/825/109
f 397/838/323 655/513/576 399/521/325 174/846/110
f 399/5225/325 655/5220/576 270/4979/206 70/4991/11
f 400/861/326 656/1900/577 398/1891/324 174/846/110
f 400/861/326 657/523/578 402/518/328 175/848/111
f 402/5223/328 657/5226/578 269/4995/205 69/4992/10
f 403/843/329 658/1888/579 401/1895/327 175/848/111
f 403/843/329 659/510/580 406/505/332 176/832/112
f 405/826/331 661/497/582 393/499/319 172/828/108
f 406/5202/332 659/5216/580 268/4981/204 68/4976/9
f 407/3202/333 662/3199/583 283/1673/219 87/1680/28
f 409/3208/335 664/3204/585 252/1684/188 91/1688/32
f 410/5096/336 665/5456/586 408/5455/334 177/5093/113
f 412/3144/338 666/3139/587 286/1634/222 90/1639/31
f 413/5069/339 667/5447/588 411/5446/337 178/5065/114
f 415/3155/341 668/3150/589 285/1643/221 89/1650/30
f 416/5079/342 669/5449/590 414/5448/340 179/5075/115
f 418/5091/344 662/3199/583 407/3202/333 177/5093/113
f 418/5091/344 663/5454/584 421/5453/347 181/5089/117
f 419/3166/345 670/3157/591 284/1657/220 88/1664/29
f 420/5085/346 671/5451/592 417/5450/343 180/5082/116
f 423/683/349 681/677/602 263/191/199 62/195/3
f 424/4854/350 672/5556/593 422/5558/348 182/4860/118
f 424/4854/350 673/685/594 426/679/352 183/4846/119
f 426/679/352 673/685/594 247/197/183 66/193/7
f 427/4807/353 674/5544/595 425/5549/351 183/4813/119
f 427/4807/353 675/658/596 429/654/355 184/4794/120
f 429/654/355 675/658/596 266/182/202 65/179/6
f 430/4790/356 676/5536/597 428/5541/354 184/4794/120
f 430/4790/356 677/649/598 432/651/358 185/4792/121
f 432/651/358 677/649/598 265/177/201 64/183/5
f 433/4809/359 678/5546/599 431/5539/357 185/4792/121
f 433/4809/359 679/655/600 436/669/362 186/4817/122
f 435/4844/361 681/677/602 423/683/349 182/4860/118
f 436/669/362 679/655/600 264/187/200 63/189/4
f 437/430/363 682/424/603 292/1104/228 97/1110/38
f 438/2199/364 691/2200/612 289/1240/225 94/1237/35
f 439/3374/365 682/5117/603 437/5119/363 187/3377/123
f 439/3374/365 683/2192/604 441/2180/367 188/3368/124
f 440/418/366 684/414/605 293/1084/229 98/1092/39
f 441/2180/367 683/2192/604 288/1233/224 93/1227/34
f 442/3366/368 684/5113/605 440/5114/366 188/3368/124
f 442/3366/368 685/2176/606 444/2174/370 189/3364/125
f 443/410/369 686/416/607 294/1090/230 99/1082/40
f 444/2174/370 685/2176/606 287/1223/223 92/1218/33
f 445/3363/371 686/5111/607 443/5112/369 189/3364/125
f 445/3363/371 687/2172/608 447/2175/373 190/3365/126
f 446/407/372 688/420/609 295/1086/231 100/1080/41
f 447/2175/373 687/2172/608 253/1216/189 96/1215/37
f 448/3375/374 688/5116/609 446/5115/372 190/3372/126
f 448/3375/374 689/2197/610 451/2201/377 191/3378/127
f 449/426/375 690/432/611 291/1108/227 101/1095/42
f 450/3380/376 691/2200/612 438/2199/364 187/3377/123
f 451/2201/377 689/2197/610 290/1242/226 95/1243/36
f 453/1782/379 695/1790/616 299/129/235 102/127/43
f 455/5730/381 695/1790/616 453/1782/379 192/5726/128
f 456/1713/382 697/1722/618 298/103/234 106/99/47
f 458/5710/384 697/1722/618 456/1713/382 193/5708/129
f 459/1729/385 699/1735/620 297/109/233 105/105/46
f 461/5714/387 699/1735/620 459/1729/385 194/5712/130
f 462/1743/388 701/1753/622 296/121/232 104/115/45
f 463/5760/389 692/1754/613 452/1745/378 192/5754/128
f 463/5722/389 693/1775/614 466/1758/392 196/5720/132
f 465/5718/391 701/1753/622 462/1743/388 195/5716/131
f 466/1758/392 693/1775/614 254/125/190 103/123/44
f 468/382/394 705/379/626 311/201/247 117/203/58
f 470/1339/396 705/379/626 468/382/394 197/1340/133
f 471/393/397 707/392/628 310/210/246 121/208/62
f 473/1364/399 707/392/628 471/393/397 198/1369/134
f 474/391/400 709/390/630 309/209/245 120/211/61
f 476/1353/402 709/390/630 474/391/400 199/1360/135
f 477/387/403 711/386/632 308/206/244 119/207/60
f 478/1341/404 702/4906/623 467/4897/393 197/1340/133
f 478/1341/404 703/383/624 481/385/407 201/1344/137
f 480/1345/406 711/386/632 477/387/403 200/1351/136
f 481/385/407 703/383/624 257/204/193 118/205/59
f 483/759/409 715/758/636 319/428/255 127/429/68
f 485/1459/411 715/758/636 483/759/409 202/1460/138
f 486/769/412 717/766/638 318/445/254 131/446/72
f 488/1471/414 717/766/638 486/769/412 203/1472/139
f 489/765/415 719/764/640 317/441/253 130/444/71
f 491/1467/417 719/764/640 489/765/415 204/1469/140
f 492/763/418 721/762/642 316/439/252 129/440/70
f 493/1461/419 712/3077/633 482/3076/408 202/1460/138
f 493/1461/419 713/760/634 496/761/422 206/1463/142
f 495/1465/421 721/762/642 492/763/418 205/1466/141
f 496/761/422 713/760/634 259/437/195 128/438/69
f 497/1168/423 722/1171/643 315/491/251 122/487/63
f 499/2469/425 722/1171/643 497/1168/423 207/2460/143
f 499/2469/425 723/4481/644 501/4489/427 208/2478/144
f 500/1116/426 724/1122/645 314/472/250 126/469/67
f 502/2358/428 724/1122/645 500/1116/426 208/2353/144
f 502/2358/428 725/4315/646 504/4323/430 209/2364/145
f 503/1123/429 726/1127/647 313/476/249 125/474/66
f 505/2381/431 726/1127/647 503/1123/429 209/2364/145
f 505/2381/431 727/4378/648 507/4400/433 210/2406/146
f 506/1134/432 728/1145/649 312/480/248 124/478/65
f 508/2416/434 728/1145/649 506/1134/432 210/2406/146
f 508/2416/434 729/4411/650 511/4422/437 211/2425/147
f 509/1158/435 730/1165/651 258/484/194 123/482/64
f 510/2432/436 731/4433/652 498/4470/424 207/2460/143
f 512/643/438 732/661/653 307/464/243 112/462/53
f 514/1063/440 732/661/653 512/643/438 212/1049/148
f 514/1063/440 733/1920/654 516/1957/442 213/1073/149
f 515/591/441 734/594/655 306/442/242 116/412/57
f 517/941/443 734/594/655 515/591/441 213/926/149
f 517/941/443 735/1693/656 519/1704/445 214/947/150
f 518/599/444 736/612/657 305/451/241 115/448/56
f 520/955/446 736/612/657 518/599/444 214/947/150
f 520/955/446 737/1763/658 522/1812/448 215/987/151
f 521/625/447 738/627/659 304/455/240 114/453/55
f 523/993/449 738/627/659 521/625/447 215/987/151
f 523/993/449 739/1827/660 526/1850/452 216/1004/152
f 524/630/450 740/637/661 256/460/192 113/458/54
f 525/1031/451 741/1868/662 513/1897/439 212/1049/148
f 528/5398/454 751/5401/672 260/5606/196 133/5604/74
f 529/4159/455 742/866/663 527/869/453 217/4163/153
f 529/4159/455 743/5396/664 531/5394/457 218/4156/154
f 531/5394/457 743/5396/664 320/5602/256 134/5600/75
f 532/4152/458 744/855/665 530/858/456 218/4156/154
f 532/4152/458 745/5392/666 534/5390/460 219/4149/155
f 534/5390/460 745/5392/666 321/5598/257 135/5596/76
f 535/4147/461 746/851/667 533/849/459 219/4149/155
f 535/4147/461 747/5388/668 537/5386/463 220/4145/156
f 537/5386/463 747/5388/668 322/5594/258 136/5591/77
f 538/4220/464 748/875/669 536/871/462 220/4214/156
f 538/4220/464 749/5411/670 541/5407/467 221/4222/157
f 540/4212/466 751/5401/672 528/5398/454 217/4163/153
f 541/5407/467 749/5411/670 323/5613/259 132/5609/73
f 543/2110/469 755/2113/676 327/3918/263 137/3871/78
f 545/1038/471 755/2113/676 543/2110/469 222/1030/158
f 546/2056/472 757/2073/678 326/3840/262 141/3831/82
f 548/1003/474 757/2073/678 546/2056/472 223/997/159
f 549/2081/475 759/2088/680 325/3853/261 140/3850/81
f 551/1012/477 759/2088/680 549/2081/475 224/1010/160
f 552/2091/478 761/2093/682 324/3862/260 139/3859/80
f 553/5507/479 752/5232/673 542/5235/468 222/5510/158
f 553/1026/479 753/2103/674 556/2096/482 226/1019/162
f 555/1017/481 761/2093/682 552/2091/478 225/1015/161
f 556/2096/482 753/2103/674 261/3869/197 138/3868/79
f 557/3088/483 762/3042/683 303/1627/239 107/1679/48
f 559/4766/485 762/3042/683 557/3088/483 227/4862/163
f 559/4766/485 763/5094/684 561/5056/487 228/4644/164
f 560/3773/486 764/3634/685 302/2046/238 111/2120/52
f 562/5070/488 764/3634/685 560/3773/486 228/5105/164
f 562/5070/488 765/5326/686 564/5300/490 229/5051/165
f 563/3529/489 766/3420/687 301/1964/237 110/1999/51
f 565/5038/491 766/3420/687 563/3529/489 229/5051/165
f 565/5038/491 767/5260/688 567/5256/493 230/5028/166
f 566/3317/492 768/3254/689 300/1860/236 109/1913/50
f 568/5005/494 768/3254/689 566/3317/492 230/5028/166
f 568/5005/494 769/5196/690 571/5176/497 231/4969/167
f 569/3154/495 770/3115/691 255/1700/191 108/1809/49
f 570/4936/496 771/5163/692 558/5123/484 227/4862/163
f 572/2267/498 772/2278/693 328/3781/264 144/3771/85
f 573/732/499 781/727/702 336/352/272 147/354/88
f 574/1368/500 772/2278/693 572/2267/498 232/1362/168
f 574/1368/500 773/739/694 576/744/502 233/1375/169
f 575/2283/501 774/2289/695 262/3801/198 143/3791/84
f 576/744/502 773/739/694 332/356/268 148/358/89
f 577/1379/503 774/2289/695 575/2283/501 233/1375/169
f 577/1379/503 775/746/696 579/749/505 234/1384/170
f 578/2292/504 776/2298/697 331/3836/267 142/3833/83
f 579/749/505 775/746/696 333/360/269 149/362/90
f 580/1387/506 776/2298/697 578/2292/504 234/1384/170
f 580/1387/506 777/753/698 582/751/508 235/1382/171
f 581/2256/507 778/2258/699 330/3746/266 146/3740/87
f 582/751/508 777/753/698 334/364/270 150/367/91
f 583/1365/509 778/2258/699 581/2256/507 235/1370/171
f 583/1365/509 779/736/700 586/729/512 236/1358/172
f 584/2260/510 780/2262/701 329/3767/265 145/3760/86
f 585/1355/511 781/727/702 573/732/499 232/1362/168
f 586/729/512 779/736/700 335/347/271 151/350/92
f 589/5464/515 782/3743/703 587/3748/513 237/5462/173
f 589/539/515 783/2193/704 591/2194/517 238/536/174
f 592/5480/518 784/3765/705 590/3769/516 238/5482/174
f 592/531/518 785/2184/706 594/2190/520 239/532/175
f 595/5476/521 786/3752/707 593/3762/519 239/5478/175
f 595/533/521 787/2189/708 597/2187/523 240/534/176
f 598/5472/524 788/3756/709 596/3754/522 240/5474/176
f 598/538/524 789/2186/710 601/2185/527 241/540/177
f 600/542/526 791/2188/712 588/2191/514 237/541/173
f 604/2945/530 792/3851/713 602/3846/528 242/2943/178
f 604/2945/530 793/2107/714 606/2095/532 243/2946/179
f 607/2933/533 794/3849/715 605/3834/531 243/2932/179
f 607/2933/533 795/2071/716 609/2061/535 244/2934/180
f 610/2935/536 796/3860/717 608/3856/534 244/2934/180
f 610/2935/536 797/2064/718 612/2076/538 245/2936/181
f 613/2938/539 798/3852/719 611/3858/537 245/2936/181
f 613/2938/539 799/2086/720 616/2094/542 246/2939/182
f 615/2942/541 801/2108/722 603/2112/529 242/2943/178
f 617/1572/2348 807/140/728 802/141/723 337/1574/2318
f 619/1576/2351 808/142/729 803/143/724 339/1577/2321
f 621/1562/2354 809/138/730 804/137/725 342/1563/2327
f 623/1567/2357 810/135/731 805/134/726 345/1568/2333
f 625/1569/2360 811/133/732 806/136/727 349/1570/2343
f 802/141/723 812/5562/733 818/5560/739 808/142/729
f 803/139/724 813/5569/734 819/5566/740 809/138/730
f 804/137/725 814/5564/735 820/5563/741 810/135/731
f 805/134/726 815/5567/736 821/5570/742 811/133/732
f 806/136/727 816/5568/737 817/5565/738 807/140/728
f 807/140/728 817/5565/738 812/5562/733 802/141/723
f 808/142/729 818/5560/739 813/5561/734 803/143/724
f 809/138/730 819/5566/740 814/5564/735 804/137/725
f 810/135/731 820/5563/741 815/5567/736 805/134/726
f 811/133/732 821/5570/742 816/5568/737 806/136/727
f 1904/4528/4490 1914/4507/4510 1915/4657/4512 1905/4679/4492
f 1905/3241/4491 1915/3217/4511 1916/3329/4514 1906/3353/4494
f 1906/3353/4493 1916/3329/4513 1917/3439/4516 1907/3463/4496
f 1907/3463/4495 1917/3439/4515 1918/3562/4518 1908/3584/4498
f 1908/3584/4497 1918/3562/4517 1919/3687/4520 1909/3710/4500
f 1909/3710/4499 1919/3687/4519 1920/3887/4522 1910/3906/4502
f 1910/3906/4501 1920/3887/4521 1921/4024/4524 1911/4045/4504
f 1911/4045/4503 1921/4024/4523 1922/4177/4526 1912/4199/4506
f 1912/4199/4505 1922/4177/4525 1923/4345/4528 1913/4365/4508
f 1913/4365/4507 1923/4345/4527 1914/4507/4509 1904/4528/4489
f 1924/3802/4529 1934/3828/4549 1943/3986/4567 1933/3960/4547
f 1925/3635/4532 1935/3661/4552 1934/3828/4550 1924/3802/4530
f 1926/3497/4534 1936/3524/4554 1935/3661/4551 1925/3635/4531
f 1927/3383/4536 1937/3408/4556 1936/3524/4553 1926/3497/4533
f 1928/3278/4538 1938/3305/4558 1937/3408/4555 1927/3383/4535
f 1929/3170/4540 1939/3196/4560 1938/3305/4557 1928/3278/4537
f 1930/4438/4542 1940/4464/4562 1939/4627/4559 1929/4601/4539
f 1931/4259/4544 1941/4286/4564 1940/4464/4561 1930/4438/4541
f 1932/4104/4546 1942/4129/4566 1941/4286/4563 1931/4259/4543
f 1933/3960/4548 1943/3986/4568 1942/4129/4565 1932/4104/4545
f 1944/3287/4569 1954/3285/4589 1963/3388/4607 1953/3390/4587
f 1945/3178/4572 1955/3176/4592 1954/3285/4590 1944/3287/4570
f 1946/4458/4574 1956/4456/4594 1955/4619/4591 1945/4622/4571
f 1947/4279/4576 1957/4276/4596 1956/4456/4593 1946/4458/4573
f 1948/4115/4578 1958/4112/4598 1957/4276/4595 1947/4279/4575
f 1949/3971/4580 1959/3968/4600 1958/4112/4597 1948/4115/4577
f 1950/3814/4582 1960/3811/4602 1959/3968/4599 1949/3971/4579
f 1951/3643/4584 1961/3640/4604 1960/3811/4601 1950/3814/4581
f 1952/3504/4586 1962/3502/4606 1961/3640/4603 1951/3643/4583
f 1953/3390/4588 1963/3388/4608 1962/3502/4605 1952/3504/4585
f 1964/3248/4609 1974/3212/4629 1983/3324/4647 1973/3360/4627
f 1965/4536/4612 1975/4500/4632 1974/4650/4630 1964/4685/4610
f 1966/4372/4614 1976/4337/4634 1975/4500/4631 1965/4536/4611
f 1967/4206/4616 1977/4169/4636 1976/4337/4633 1966/4372/4613
f 1968/4052/4618 1978/4017/4638 1977/4169/4635 1967/4206/4615
f 1969/3913/4620 1979/3877/4640 1978/4017/4637 1968/4052/4617
f 1970/3717/4622 1980/3681/4642 1979/3877/4639 1969/3913/4619
f 1971/3591/4624 1981/3555/4644 1980/3681/4641 1970/3717/4621
f 1972/3470/4626 1982/3434/4646 1981/3555/4643 1971/3591/4623
f 1973/3360/4628 1983/3324/4648 1982/3434/4645 1972/3470/4625
f 1984/4443/4649 1994/4452/4669 2003/4613/4687 1993/4614/4667
f 1985/4261/4652 1995/4270/4672 1994/4452/4670 1984/4443/4650
f 1986/4110/4654 1996/4109/4674 1995/4270/4671 1985/4261/4651
f 1987/3962/4656 1997/3966/4676 1996/4109/4673 1986/4110/4653
f 1988/3805/4658 1998/3804/4678 1997/3966/4675 1987/3962/4655
f 1989/3638/4660 1999/3652/4680 1998/3804/4677 1988/3805/4657
f 1990/3500/4662 2000/3513/4682 1999/3652/4679 1989/3638/4659
f 1991/3396/4664 2001/3401/4684 2000/3513/4681 1990/3500/4661
f 1992/3292/4666 2002/3297/4686 2001/3401/4683 1991/3396/4663
f 1993/3189/4668 2003/3188/4688 2002/3297/4685 1992/3292/4665
f 2004/3233/4689 2014/3232/4709 2023/3344/4727 2013/3345/4707
f 2005/4526/4692 2015/4524/4712 2014/4673/4710 2004/4675/4690
f 2006/4351/4694 2016/4363/4714 2015/4524/4711 2005/4526/4691
f 2007/4186/4696 2017/4195/4716 2016/4363/4713 2006/4351/4693
f 2008/4039/4698 2018/4037/4718 2017/4195/4715 2007/4186/4695
f 2009/3900/4700 2019/3898/4720 2018/4037/4717 2008/4039/4697
f 2010/3704/4702 2020/3702/4722 2019/3898/4719 2009/3900/4699
f 2011/3569/4704 2021/3579/4724 2020/3702/4721 2010/3704/4701
f 2012/3452/4706 2022/3451/4726 2021/3579/4723 2011/3569/4703
f 2013/3345/4708 2023/3344/4728 2022/3451/4725 2012/3452/4705
f 2024/4445/4729 2034/4444/4749 2043/4606/4767 2033/4607/4747
f 2025/4282/4732 2035/4281/4752 2034/4444/4750 2024/4445/4730
f 2026/4118/4734 2036/4117/4754 2035/4281/4751 2025/4282/4731
f 2027/3975/4736 2037/3973/4756 2036/4117/4753 2026/4118/4733
f 2028/3817/4738 2038/3816/4758 2037/3973/4755 2027/3975/4735
f 2029/3656/4740 2039/3655/4760 2038/3816/4757 2028/3817/4737
f 2030/3518/4742 2040/3517/4762 2039/3655/4759 2029/3656/4739
f 2031/3398/4744 2041/3397/4764 2040/3517/4761 2030/3518/4741
f 2032/3294/4746 2042/3293/4766 2041/3397/4763 2031/3398/4743
f 2033/3182/4748 2043/3181/4768 2042/3293/4765 2032/3294/4745
f 2044/3878/4769 2054/3914/4789 2063/4053/4807 2053/4016/4787
f 2045/3682/4772 2055/3718/4792 2054/3914/4790 2044/3878/4770
f 2046/3556/4774 2056/3592/4794 2055/3718/4791 2045/3682/4771
f 2047/3435/4776 2057/3471/4796 2056/3592/4793 2046/3556/4773
f 2048/3325/4778 2058/3361/4798 2057/3471/4795 2047/3435/4775
f 2049/3213/4780 2059/3249/4800 2058/3361/4797 2048/3325/4777
f 2050/4499/4782 2060/4534/4802 2059/4686/4799 2049/4651/4779
f 2051/4336/4784 2061/4373/4804 2060/4534/4801 2050/4499/4781
f 2052/4170/4786 2062/4205/4806 2061/4373/4803 2051/4336/4783
f 2053/4016/4788 2063/4053/4808 2062/4205/4805 2052/4170/4785
f 2064/3658/4809 2074/3637/4829 2083/3807/4847 2073/3824/4827
f 2065/3512/4812 2075/3499/4832 2074/3637/4830 2064/3658/4810
f 2066/3386/4814 2076/3385/4834 2075/3499/4831 2065/3512/4811
f 2067/3283/4816 2077/3282/4836 2076/3385/4833 2066/3386/4813
f 2068/3174/4818 2078/3172/4838 2077/3282/4835 2067/3283/4815
f 2069/4462/4820 2079/4451/4840 2078/4618/4837 2068/4624/4817
f 2070/4284/4822 2080/4274/4842 2079/4451/4839 2069/4462/4819
f 2071/4128/4824 2081/4108/4844 2080/4274/4841 2070/4284/4821
f 2072/3983/4826 2082/3964/4846 2081/4108/4843 2071/4128/4823
f 2073/3824/4828 2083/3807/4848 2082/3964/4845 2072/3983/4825
f 2084/3521/4849 2094/3520/4869 2103/3659/4887 2093/3651/4867
f 2085/3402/4852 2095/3407/4872 2094/3520/4870 2084/3521/4850
f 2086/3298/4854 2096/3302/4874 2095/3407/4871 2085/3402/4851
f 2087/3195/4856 2097/3194/4876 2096/3302/4873 2086/3298/4853
f 2088/4442/4858 2098/4441/4878 2097/4604/4875 2087/4605/4855
f 2089/4269/4860 2099/4268/4880 2098/4441/4877 2088/4442/4857
f 2090/4107/4862 2100/4125/4882 2099/4268/4879 2089/4269/4859
f 2091/3965/4864 2101/3984/4884 2100/4125/4881 2090/4107/4861
f 2092/3809/4866 2102/3808/4886 2101/3984/4883 2091/3965/4863
f 2093/3651/4868 2103/3659/4888 2102/3808/4885 2092/3809/4865
f 2104/4239/4889 2114/4238/4909 2123/4414/4927 2113/4415/4907
f 2105/4082/4892 2115/4081/4912 2114/4238/4910 2104/4239/4890
f 2106/3946/4894 2116/3945/4914 2115/4081/4911 2105/4082/4891
f 2107/3776/4896 2117/3775/4916 2116/3945/4913 2106/3946/4893
f 2108/3617/4898 2118/3616/4918 2117/3775/4915 2107/3776/4895
f 2109/4851/4900 2119/4850/4920 2118/4918/4917 2108/4919/4897
f 2110/4777/4902 2120/4776/4922 2119/4850/4919 2109/4851/4899
f 2111/4710/4904 2121/4709/4924 2120/4776/4921 2110/4777/4901
f 2112/4572/4906 2122/4571/4926 2121/4709/4923 2111/4710/4903
f 2113/4415/4908 2123/4414/4928 2122/4571/4925 2112/4572/4905
f 2124/3815/4929 2134/3812/4949 2143/3969/4967 2133/3972/4947
f 2125/3644/4932 2135/3641/4952 2134/3812/4950 2124/3815/4930
f 2126/3505/4934 2136/3516/4954 2135/3641/4951 2125/3644/4931
f 2127/3391/4936 2137/3389/4956 2136/3516/4953 2126/3505/4933
f 2128/3281/4938 2138/3286/4958 2137/3389/4955 2127/3391/4935
f 2129/3179/4940 2139/3177/4960 2138/3286/4957 2128/3281/4937
f 2130/4459/4942 2140/4463/4962 2139/4620/4959 2129/4623/4939
f 2131/4280/4944 2141/4277/4964 2140/4463/4961 2130/4459/4941
f 2132/4116/4946 2142/4113/4966 2141/4277/4963 2131/4280/4943
f 2133/3972/4948 2143/3969/4968 2142/4113/4965 2132/4116/4945
f 2144/4217/4969 2154/4216/4989 2163/4380/5007 2153/4381/4987
f 2145/4060/4972 2155/4059/4992 2154/4216/4990 2144/4217/4970
f 2146/3923/4974 2156/3922/4994 2155/4059/4991 2145/4060/4971
f 2147/3724/4976 2157/3723/4996 2156/3922/4993 2146/3923/4973
f 2148/3600/4978 2158/3599/4998 2157/3723/4995 2147/3724/4975
f 2149/4828/4980 2159/4827/5000 2158/4894/4997 2148/4895/4977
f 2150/4746/4982 2160/4745/5002 2159/4827/4999 2149/4828/4979
f 2151/4694/4984 2161/4693/5004 2160/4745/5001 2150/4746/4981
f 2152/4546/4986 2162/4545/5006 2161/4693/5003 2151/4694/4983
f 2153/4381/4988 2163/4380/5008 2162/4545/5005 2152/4546/4985
f 2164/3570/5009 2174/3583/5029 2183/3708/5047 2173/3694/5027
f 2165/3456/5012 2175/3455/5032 2174/3583/5030 2164/3570/5010
f 2166/3348/5014 2176/3351/5034 2175/3455/5031 2165/3456/5011
f 2167/3236/5016 2177/3235/5036 2176/3351/5033 2166/3348/5013
f 2168/4516/5018 2178/4527/5038 2177/4676/5035 2167/4667/5015
f 2169/4348/5020 2179/4364/5040 2178/4527/5037 2168/4516/5017
f 2170/4192/5022 2180/4196/5042 2179/4364/5039 2169/4348/5019
f 2171/4030/5024 2181/4043/5044 2180/4196/5041 2170/4192/5021
f 2172/3891/5026 2182/3902/5046 2181/4043/5043 2171/4030/5023
f 2173/3694/5028 2183/3708/5048 2182/3902/5045 2172/3891/5025
f 2184/2725/5049 2194/2716/5069 2203/2809/5087 2193/2818/5067
f 2185/2641/5052 2195/2632/5072 2194/2716/5070 2184/2725/5050
f 2186/2574/5054 2196/2565/5074 2195/2632/5071 2185/2641/5051
f 2187/2505/5056 2197/2496/5076 2196/2565/5073 2186/2574/5053
f 2188/2391/5058 2198/2382/5078 2197/2496/5075 2187/2505/5055
f 2189/2315/5060 2199/2306/5080 2198/2382/5077 2188/2391/5057
f 2190/2234/5062 2200/2225/5082 2199/2306/5079 2189/2315/5059
f 2191/2133/5064 2201/2124/5084 2200/2225/5081 2190/2234/5061
f 2192/2025/5066 2202/2016/5086 2201/2124/5083 2191/2133/5063
f 2193/2818/5068 2203/2809/5088 2202/2882/5085 2192/2891/5065
f 2204/4863/5089 2214/4864/5109 2223/4924/5127 2213/4923/5107
f 2205/4782/5092 2215/4783/5112 2214/4864/5110 2204/4863/5090
f 2206/4715/5094 2216/4716/5114 2215/4783/5111 2205/4782/5091
f 2207/4581/5096 2217/4582/5116 2216/4716/5113 2206/4715/5093
f 2208/4426/5098 2218/4427/5118 2217/4582/5115 2207/4581/5095
f 2209/4246/5100 2219/4247/5120 2218/4427/5117 2208/4426/5097
f 2210/4088/5102 2220/4089/5122 2219/4247/5119 2209/4246/5099
f 2211/3952/5104 2221/3953/5124 2220/4089/5121 2210/4088/5101
f 2212/3783/5106 2222/3784/5126 2221/3953/5123 2211/3952/5103
f 2213/3625/5108 2223/3626/5128 2222/3784/5125 2212/3783/5105
f 2224/4840/5129 2234/4843/5149 2243/4911/5167 2233/4908/5147
f 2225/4758/5132 2235/4761/5152 2234/4843/5150 2224/4840/5130
f 2226/4705/5134 2236/4708/5154 2235/4761/5151 2225/4758/5131
f 2227/4558/5136 2237/4561/5156 2236/4708/5153 2226/4705/5133
f 2228/4394/5138 2238/4397/5158 2237/4561/5155 2227/4558/5135
f 2229/4231/5140 2239/4234/5160 2238/4397/5157 2228/4394/5137
f 2230/4071/5142 2240/4074/5162 2239/4234/5159 2229/4231/5139
f 2231/3933/5144 2241/3936/5164 2240/4074/5161 2230/4071/5141
f 2232/3734/5146 2242/3737/5166 2241/3936/5163 2231/3933/5143
f 2233/3611/5148 2243/3614/5168 2242/3737/5165 2232/3734/5145
f 2244/4826/5169 2254/4829/5189 2263/4896/5207 2253/4893/5187
f 2245/4744/5172 2255/4747/5192 2254/4829/5190 2244/4826/5170
f 2246/4692/5174 2256/4695/5194 2255/4747/5191 2245/4744/5171
f 2247/4544/5176 2257/4547/5196 2256/4695/5193 2246/4692/5173
f 2248/4379/5178 2258/4382/5198 2257/4547/5195 2247/4544/5175
f 2249/4215/5180 2259/4218/5200 2258/4382/5197 2248/4379/5177
f 2250/4058/5182 2260/4061/5202 2259/4218/5199 2249/4215/5179
f 2251/3921/5184 2261/3924/5204 2260/4061/5201 2250/4058/5181
f 2252/3722/5186 2262/3725/5206 2261/3924/5203 2251/3921/5183
f 2253/3598/5188 2263/3601/5208 2262/3725/5205 2252/3722/5185
f 2264/4450/5209 2274/4449/5229 2283/4617/5247 2273/4612/5227
f 2265/4267/5212 2275/4283/5232 2274/4449/5230 2264/4450/5210
f 2266/4106/5214 2276/4124/5234 2275/4283/5231 2265/4267/5211
f 2267/3963/5216 2277/3980/5236 2276/4124/5233 2266/4106/5213
f 2268/3823/5218 2278/3822/5238 2277/3980/5235 2267/3963/5215
f 2269/3650/5220 2279/3649/5240 2278/3822/5237 2268/3823/5217
f 2270/3511/5222 2280/3510/5242 2279/3649/5239 2269/3650/5219
f 2271/3395/5224 2281/3394/5244 2280/3510/5241 2270/3511/5221
f 2272/3291/5226 2282/3290/5246 2281/3394/5243 2271/3395/5223
f 2273/3180/5228 2283/3187/5248 2282/3290/5245 2272/3291/5225
f 2284/4278/5249 2294/4275/5269 2303/4455/5287 2293/4457/5267
f 2285/4114/5252 2295/4111/5272 2294/4275/5270 2284/4278/5250
f 2286/3970/5254 2296/3967/5274 2295/4111/5271 2285/4114/5251
f 2287/3813/5256 2297/3810/5276 2296/3967/5273 2286/3970/5253
f 2288/3642/5258 2298/3639/5278 2297/3810/5275 2287/3813/5255
f 2289/3503/5260 2299/3501/5280 2298/3639/5277 2288/3642/5257
f 2290/3384/5262 2300/3387/5282 2299/3501/5279 2289/3503/5259
f 2291/3280/5264 2301/3284/5284 2300/3387/5281 2290/3384/5261
f 2292/3173/5266 2302/3175/5286 2301/3284/5283 2291/3280/5263
f 2293/4457/5268 2303/4455/5288 2302/4625/5285 2292/4621/5265
f 2304/3803/5289 2314/3829/5309 2323/3987/5327 2313/3961/5307
f 2305/3636/5292 2315/3662/5312 2314/3829/5310 2304/3803/5290
f 2306/3498/5294 2316/3523/5314 2315/3662/5311 2305/3636/5291
f 2307/3382/5296 2317/3409/5316 2316/3523/5313 2306/3498/5293
f 2308/3279/5298 2318/3304/5318 2317/3409/5315 2307/3382/5295
f 2309/3171/5300 2319/3197/5320 2318/3304/5317 2308/3279/5297
f 2310/4439/5302 2320/4465/5322 2319/4626/5319 2309/4600/5299
f 2311/4260/5304 2321/4285/5324 2320/4465/5321 2310/4439/5301
f 2312/4103/5306 2322/4130/5326 2321/4285/5323 2311/4260/5303
f 2313/3961/5308 2323/3987/5328 2322/4130/5325 2312/4103/5305
f 2324/3648/5329 2334/3647/5349 2343/3820/5367 2333/3821/5347
f 2325/3509/5332 2335/3508/5352 2334/3647/5350 2324/3648/5330
f 2326/3393/5334 2336/3392/5354 2335/3508/5351 2325/3509/5331
f 2327/3296/5336 2337/3289/5356 2336/3392/5353 2326/3393/5333
f 2328/3186/5338 2338/3185/5358 2337/3289/5355 2327/3296/5335
f 2329/4461/5340 2339/4460/5360 2338/4610/5357 2328/4611/5337
f 2330/4266/5342 2340/4265/5362 2339/4460/5359 2329/4461/5339
f 2331/4123/5344 2341/4105/5364 2340/4265/5361 2330/4266/5341
f 2332/3979/5346 2342/3978/5366 2341/4105/5363 2331/4123/5343
f 2333/3821/5348 2343/3820/5368 2342/3978/5365 2332/3979/5345
f 2344/3982/5369 2354/3981/5389 2363/4119/5407 2353/4120/5387
f 2345/3827/5372 2355/3806/5392 2354/3981/5390 2344/3982/5370
f 2346/3660/5374 2356/3657/5394 2355/3806/5391 2345/3827/5371
f 2347/3522/5376 2357/3519/5396 2356/3657/5393 2346/3660/5373
f 2348/3406/5378 2358/3405/5398 2357/3519/5395 2347/3522/5375
f 2349/3303/5380 2359/3301/5400 2358/3405/5397 2348/3406/5377
f 2350/3193/5382 2360/3192/5402 2359/3301/5399 2349/3303/5379
f 2351/4446/5384 2361/4440/5404 2360/4602/5401 2350/4603/5381
f 2352/4273/5386 2362/4262/5406 2361/4440/5403 2351/4446/5383
f 2353/4120/5388 2363/4119/5408 2362/4262/5405 2352/4273/5385
f 2364/26/1266 2369/5864/1271 2379/5865/1281 2376/27/1278
f 2364/5792/1266 2394/5787/1296 2386/5786/1288 2370/5791/1272
f 2365/24/1267 2371/5862/1273 2380/5863/1282 2370/25/1272
f 2365/5794/1267 2392/5785/1294 2385/5784/1287 2372/5798/1274
f 2366/33/1268 2373/5870/1275 2381/5871/1283 2372/34/1274
f 2366/5809/1268 2390/5797/1292 2384/5795/1286 2374/5806/1276
f 2367/30/1269 2375/5868/1277 2382/5869/1284 2374/31/1276
f 2367/5804/1269 2396/5793/1298 2388/5790/1290 2377/5801/1279
f 2368/28/1270 2378/5866/1280 2383/5867/1285 2377/29/1279
f 2368/5800/1270 2397/5789/1299 2387/5788/1289 2376/5796/1278
f 2369/5840/1271 2424/5831/1326 2436/5832/1338 2379/5839/1281
f 2370/25/1272 2380/5863/1282 2369/5864/1271 2364/26/1266
f 2370/5791/1272 2386/5786/1288 2392/5785/1294 2365/5794/1267
f 2371/5843/1273 2425/5829/1327 2430/5830/1332 2380/5841/1282
f 2372/23/1274 2381/5860/1283 2371/5862/1273 2365/24/1267
f 2372/5810/1274 2385/5799/1287 2390/5797/1292 2366/5809/1268
f 2373/5848/1275 2426/5838/1328 2432/5837/1334 2381/5846/1283
f 2374/31/1276 2382/5869/1284 2373/5870/1275 2366/33/1268
f 2374/5806/1276 2384/5795/1286 2396/5793/1298 2367/5804/1269
f 2375/5847/1277 2427/5835/1329 2434/5836/1336 2382/5849/1284
f 2376/27/1278 2379/5865/1281 2378/5866/1280 2368/28/1270
f 2376/5796/1278 2387/5788/1289 2394/5787/1296 2364/5792/1266
f 2377/29/1279 2383/5867/1285 2375/5868/1277 2367/30/1269
f 2377/5801/1279 2388/5790/1290 2397/5789/1299 2368/5800/1270
f 2378/5842/1280 2428/5833/1330 2437/5834/1339 2383/5845/1285
f 2379/5839/1281 2436/5832/1338 2428/5833/1330 2378/5842/1280
f 2380/5841/1282 2430/5830/1332 2424/5831/1326 2369/5840/1271
f 2381/5844/1283 2432/5828/1334 2425/5829/1327 2371/5843/1273
f 2382/5849/1284 2434/5836/1336 2426/5838/1328 2373/5848/1275
f 2383/5845/1285 2437/5834/1339 2427/5835/1329 2375/5847/1277
f 2384/5795/1286 2389/20/1291 2399/19/1301 2396/5793/1298
f 2385/5799/1287 2391/22/1293 2400/21/1302 2390/5797/1292
f 2386/5786/1288 2393/14/1295 2401/13/1303 2392/5785/1294
f 2387/5788/1289 2395/16/1297 2402/15/1304 2394/5787/1296
f 2388/5790/1290 2398/18/1300 2403/17/1305 2397/5789/1299
f 2389/49/1291 2404/3037/1306 2416/3028/1318 2399/51/1301
f 2390/5797/1292 2400/21/1302 2389/20/1291 2384/5795/1286
f 2391/57/1293 2405/3022/1307 2410/3030/1312 2400/53/1302
f 2392/5785/1294 2401/13/1303 2391/12/1293 2385/5784/1287
f 2393/65/1295 2406/2980/1308 2412/2996/1314 2401/61/1303
f 2394/5787/1296 2402/15/1304 2393/14/1295 2386/5786/1288
f 2395/64/1297 2407/2976/1309 2414/2972/1316 2402/66/1304
f 2396/5793/1298 2399/19/1301 2398/18/1300 2388/5790/1290
f 2397/5789/1299 2403/17/1305 2395/16/1297 2387/5788/1289
f 2398/54/1300 2408/3010/1310 2417/2995/1319 2403/59/1305
f 2399/51/1301 2416/3028/1318 2408/3010/1310 2398/54/1300
f 2400/53/1302 2410/3030/1312 2404/3037/1306 2389/49/1291
f 2401/61/1303 2412/2996/1314 2405/3014/1307 2391/55/1293
f 2402/66/1304 2414/2972/1316 2406/2980/1308 2393/65/1295
f 2403/59/1305 2417/2995/1319 2407/2976/1309 2395/64/1297
f 2404/3037/1306 2409/3056/1311 2419/3061/1321 2416/3028/1318
f 2405/3022/1307 2411/3075/1313 2420/3059/1322 2410/3030/1312
f 2406/2980/1308 2413/3106/1315 2421/3096/1323 2412/2996/1314
f 2407/2976/1309 2415/3104/1317 2422/3111/1324 2414/2972/1316
f 2408/3010/1310 2418/3084/1320 2423/3095/1325 2417/2995/1319
f 2409/3056/1311 2442/5823/1344 2435/5822/1337 2419/3061/1321
f 2410/3030/1312 2420/3059/1322 2409/3056/1311 2404/3037/1306
f 2411/3075/1313 2441/5817/1343 2433/5820/1335 2420/3059/1322
f 2412/2996/1314 2421/3096/1323 2411/3082/1313 2405/3014/1307
f 2413/3106/1315 2440/5803/1342 2431/5807/1333 2421/3096/1323
f 2414/2972/1316 2422/3111/1324 2413/3106/1315 2406/2980/1308
f 2415/3104/1317 2439/5805/1341 2429/5802/1331 2422/3111/1324
f 2416/3028/1318 2419/3061/1321 2418/3084/1320 2408/3010/1310
f 2417/2995/1319 2423/3095/1325 2415/3104/1317 2407/2976/1309
f 2418/3084/1320 2443/5818/1345 2438/5812/1340 2423/3095/1325
f 2419/3061/1321 2435/5822/1337 2443/5818/1345 2418/3084/1320
f 2420/3059/1322 2433/5820/1335 2442/5823/1344 2409/3056/1311
f 2421/3096/1323 2431/5807/1333 2441/5814/1343 2411/3082/1313
f 2422/3111/1324 2429/5802/1331 2440/5803/1342 2413/3106/1315
f 2423/3095/1325 2438/5812/1340 2439/5805/1341 2415/3104/1317
f 2424/5831/1326 2429/8/1331 2439/7/1341 2436/5832/1338
f 2425/5829/1327 2431/10/1333 2440/9/1342 2430/5830/1332
f 2426/5838/1328 2433/2/1335 2441/1/1343 2432/5837/1334
f 2427/5835/1329 2435/6/1337 2442/3/1344 2434/5836/1336
f 2428/5833/1330 2438/4/1340 2443/5/1345 2437/5834/1339
f 2430/5830/1332 2440/9/1342 2429/8/1331 2424/5831/1326
f 2432/5828/1334 2441/11/1343 2431/10/1333 2425/5829/1327
f 2434/5836/1336 2442/3/1344 2433/2/1335 2426/5838/1328
f 2436/5832/1338 2439/7/1341 2438/4/1340 2428/5833/1330
f 2437/5834/1339 2443/5/1345 2435/6/1337 2427/5835/1329
f 2444/4521/5409 2454/4509/5429 2463/4660/5447 2453/4677/5427
f 2445/4361/5412 2455/4344/5432 2454/4509/5430 2444/4521/5410
f 2446/4197/5414 2456/4179/5434 2455/4344/5431 2445/4361/5411
f 2447/4044/5416 2457/4025/5436 2456/4179/5433 2446/4197/5413
f 2448/3903/5418 2458/3886/5438 2457/4025/5435 2447/4044/5415
f 2449/3699/5420 2459/3690/5440 2458/3886/5437 2448/3903/5417
f 2450/3576/5422 2460/3568/5442 2459/3690/5439 2449/3699/5419
f 2451/3462/5424 2461/3443/5444 2460/3568/5441 2450/3576/5421
f 2452/3349/5426 2462/3333/5446 2461/3443/5443 2451/3462/5423
f 2453/3238/5428 2463/3221/5448 2462/3333/5445 2452/3349/5425
f 2464/4355/5449 2474/4347/5469 2483/4510/5487 2473/4514/5467
f 2465/4190/5452 2475/4180/5472 2474/4347/5470 2464/4355/5450
f 2466/4041/5454 2476/4029/5474 2475/4180/5471 2465/4190/5451
f 2467/3904/5456 2477/3888/5476 2476/4029/5473 2466/4041/5453
f 2468/3707/5458 2478/3691/5478 2477/3888/5475 2467/3904/5455
f 2469/3573/5460 2479/3564/5480 2478/3691/5477 2468/3707/5457
f 2470/3454/5462 2480/3446/5482 2479/3564/5479 2469/3573/5459
f 2471/3347/5464 2481/3336/5484 2480/3446/5481 2470/3454/5461
f 2472/3237/5466 2482/3225/5486 2481/3336/5483 2471/3347/5463
f 2473/4514/5468 2483/4510/5488 2482/4661/5485 2472/4665/5465
f 2484/4070/5489 2494/4067/5509 2503/4227/5527 2493/4230/5507
f 2485/3932/5492 2495/3929/5512 2494/4067/5510 2484/4070/5490
f 2486/3733/5494 2496/3730/5514 2495/3929/5511 2485/3932/5491
f 2487/3610/5496 2497/3607/5516 2496/3730/5513 2486/3733/5493
f 2488/4838/5498 2498/4835/5518 2497/4902/5515 2487/4905/5495
f 2489/4757/5500 2499/4754/5520 2498/4835/5517 2488/4838/5497
f 2490/4703/5502 2500/4700/5522 2499/4754/5519 2489/4757/5499
f 2491/4556/5504 2501/4553/5524 2500/4700/5521 2490/4703/5501
f 2492/4392/5506 2502/4389/5526 2501/4553/5523 2491/4556/5503
f 2493/4230/5508 2503/4227/5528 2502/4389/5525 2492/4392/5505
f 2504/3184/5529 2514/3183/5549 2523/3288/5567 2513/3295/5547
f 2505/4448/5532 2515/4447/5552 2514/4608/5550 2504/4609/5530
f 2506/4264/5534 2516/4263/5554 2515/4447/5551 2505/4448/5531
f 2507/4122/5536 2517/4121/5556 2516/4263/5553 2506/4264/5533
f 2508/3977/5538 2518/3976/5558 2517/4121/5555 2507/4122/5535
f 2509/3819/5540 2519/3818/5560 2518/3976/5557 2508/3977/5537
f 2510/3646/5542 2520/3645/5562 2519/3818/5559 2509/3819/5539
f 2511/3507/5544 2521/3506/5564 2520/3645/5561 2510/3646/5541
f 2512/3400/5546 2522/3399/5566 2521/3506/5563 2511/3507/5543
f 2513/3295/5548 2523/3288/5568 2522/3399/5565 2512/3400/5545
f 2524/3608/5569 2534/3609/5589 2543/3732/5607 2533/3731/5587
f 2525/4836/5572 2535/4837/5592 2534/4904/5590 2524/4903/5570
f 2526/4755/5574 2536/4756/5594 2535/4837/5591 2525/4836/5571
f 2527/4701/5576 2537/4702/5596 2536/4756/5593 2526/4755/5573
f 2528/4554/5578 2538/4555/5598 2537/4702/5595 2527/4701/5575
f 2529/4390/5580 2539/4391/5600 2538/4555/5597 2528/4554/5577
f 2530/4228/5582 2540/4229/5602 2539/4391/5599 2529/4390/5579
f 2531/4068/5584 2541/4069/5604 2540/4229/5601 2530/4228/5581
f 2532/3930/5586 2542/3931/5606 2541/4069/5603 2531/4068/5583
f 2533/3731/5588 2543/3732/5608 2542/3931/5605 2532/3930/5585
f 2544/2827/5609 2554/2826/5629 2563/2900/5647 2553/2901/5627
f 2545/2732/5612 2555/2731/5632 2554/2826/5630 2544/2827/5610
f 2546/2650/5614 2556/2649/5634 2555/2731/5631 2545/2732/5611
f 2547/2581/5616 2557/2580/5636 2556/2649/5633 2546/2650/5613
f 2548/2515/5618 2558/2514/5638 2557/2580/5635 2547/2581/5615
f 2549/2401/5620 2559/2400/5640 2558/2514/5637 2548/2515/5617
f 2550/2324/5622 2560/2323/5642 2559/2400/5639 2549/2401/5619
f 2551/2242/5624 2561/2241/5644 2560/2323/5641 2550/2324/5621
f 2552/2142/5626 2562/2141/5646 2561/2241/5643 2551/2242/5623
f 2553/2034/5628 2563/2033/5648 2562/2141/5645 2552/2142/5625
f 2564/2812/5649 2574/2816/5669 2583/2889/5687 2573/2885/5667
f 2565/2719/5652 2575/2722/5672 2574/2816/5670 2564/2812/5650
f 2566/2635/5654 2576/2639/5674 2575/2722/5671 2565/2719/5651
f 2567/2568/5656 2577/2572/5676 2576/2639/5673 2566/2635/5653
f 2568/2499/5658 2578/2503/5678 2577/2572/5675 2567/2568/5655
f 2569/2384/5660 2579/2389/5680 2578/2503/5677 2568/2499/5657
f 2570/2308/5662 2580/2313/5682 2579/2389/5679 2569/2384/5659
f 2571/2227/5664 2581/2232/5684 2580/2313/5681 2570/2308/5661
f 2572/2125/5666 2582/2131/5686 2581/2232/5683 2571/2227/5663
f 2573/2017/5668 2583/2022/5688 2582/2131/5685 2572/2125/5665
f 2584/2634/5689 2594/2638/5709 2603/2723/5727 2593/2718/5707
f 2585/2567/5692 2595/2571/5712 2594/2638/5710 2584/2634/5690
f 2586/2498/5694 2596/2502/5714 2595/2571/5711 2585/2567/5691
f 2587/2385/5696 2597/2388/5716 2596/2502/5713 2586/2498/5693
f 2588/2309/5698 2598/2312/5718 2597/2388/5715 2587/2385/5695
f 2589/2228/5700 2599/2231/5720 2598/2312/5717 2588/2309/5697
f 2590/2127/5702 2600/2130/5722 2599/2231/5719 2589/2228/5699
f 2591/2019/5704 2601/2023/5724 2600/2130/5721 2590/2127/5701
f 2592/2811/5706 2602/2815/5726 2601/2888/5723 2591/2884/5703
f 2593/2718/5708 2603/2723/5728 2602/2815/5725 2592/2811/5705
f 2604/3323/5729 2614/3362/5749 2623/3472/5767 2613/3433/5747
f 2605/3211/5732 2615/3250/5752 2614/3362/5750 2604/3323/5730
f 2606/4498/5734 2616/4537/5754 2615/4688/5751 2605/4649/5731
f 2607/4335/5736 2617/4374/5756 2616/4537/5753 2606/4498/5733
f 2608/4168/5738 2618/4207/5758 2617/4374/5755 2607/4335/5735
f 2609/4015/5740 2619/4054/5760 2618/4207/5757 2608/4168/5737
f 2610/3876/5742 2620/3915/5762 2619/4054/5759 2609/4015/5739
f 2611/3680/5744 2621/3719/5764 2620/3915/5761 2610/3876/5741
f 2612/3554/5746 2622/3593/5766 2621/3719/5763 2611/3680/5743
f 2613/3433/5748 2623/3472/5768 2622/3593/5765 2612/3554/5745
f 2624/3486/5769 2634/3483/5789 2643/3620/5807 2633/3623/5787
f 2625/4781/5772 2635/4778/5792 2634/4856/5790 2624/4859/5770
f 2626/4714/5774 2636/4711/5794 2635/4778/5791 2625/4781/5771
f 2627/4578/5776 2637/4575/5796 2636/4711/5793 2626/4714/5773
f 2628/4420/5778 2638/4417/5798 2637/4575/5795 2627/4578/5775
f 2629/4244/5780 2639/4241/5800 2638/4417/5797 2628/4420/5777
f 2630/4086/5782 2640/4083/5802 2639/4241/5799 2629/4244/5779
f 2631/3951/5784 2641/3948/5804 2640/4083/5801 2630/4086/5781
f 2632/3780/5786 2642/3777/5806 2641/3948/5803 2631/3951/5783
f 2633/3623/5788 2643/3620/5808 2642/3777/5805 2632/3780/5785
f 2644/4834/5809 2654/4831/5829 2663/4898/5847 2653/4901/5827
f 2645/4753/5812 2655/4750/5832 2654/4831/5830 2644/4834/5810
f 2646/4699/5814 2656/4696/5834 2655/4750/5831 2645/4753/5811
f 2647/4552/5816 2657/4549/5836 2656/4696/5833 2646/4699/5813
f 2648/4388/5818 2658/4385/5838 2657/4549/5835 2647/4552/5815
f 2649/4226/5820 2659/4223/5840 2658/4385/5837 2648/4388/5817
f 2650/4066/5822 2660/4063/5842 2659/4223/5839 2649/4226/5819
f 2651/3928/5824 2661/3925/5844 2660/4063/5841 2650/4066/5821
f 2652/3729/5826 2662/3726/5846 2661/3925/5843 2651/3928/5823
f 2653/3606/5828 2663/3603/5848 2662/3726/5845 2652/3729/5825
f 2664/4733/5849 2674/4734/5869 2683/4798/5887 2673/4797/5867
f 2665/4637/5852 2675/4638/5872 2674/4734/5870 2664/4733/5850
f 2666/4478/5854 2676/4479/5874 2675/4638/5871 2665/4637/5851
f 2667/4306/5856 2677/4307/5876 2676/4479/5873 2666/4478/5853
f 2668/4135/5858 2678/4136/5878 2677/4307/5875 2667/4306/5855
f 2669/3991/5860 2679/3992/5880 2678/4136/5877 2668/4135/5857
f 2670/3842/5862 2680/3843/5882 2679/3992/5879 2669/3991/5859
f 2671/3665/5864 2681/3666/5884 2680/3843/5881 2670/3842/5861
f 2672/3533/5866 2682/3534/5886 2681/3666/5883 2671/3665/5863
f 2673/4797/5868 2683/4798/5888 2682/4879/5885 2672/4878/5865
f 2684/2824/5889 2694/2821/5909 2703/2895/5927 2693/2898/5907
f 2685/2729/5892 2695/2726/5912 2694/2821/5910 2684/2824/5890
f 2686/2647/5894 2696/2644/5914 2695/2726/5911 2685/2729/5891
f 2687/2578/5896 2697/2575/5916 2696/2644/5913 2686/2647/5893
f 2688/2512/5898 2698/2509/5918 2697/2575/5915 2687/2578/5895
f 2689/2398/5900 2699/2395/5920 2698/2509/5917 2688/2512/5897
f 2690/2321/5902 2700/2318/5922 2699/2395/5919 2689/2398/5899
f 2691/2239/5904 2701/2236/5924 2700/2318/5921 2690/2321/5901
f 2692/2139/5906 2702/2136/5926 2701/2236/5923 2691/2239/5903
f 2693/2031/5908 2703/2028/5928 2702/2136/5925 2692/2139/5905
f 2704/4752/5929 2714/4751/5949 2723/4832/5967 2713/4833/5947
f 2705/4698/5932 2715/4697/5952 2714/4751/5950 2704/4752/5930
f 2706/4551/5934 2716/4550/5954 2715/4697/5951 2705/4698/5931
f 2707/4387/5936 2717/4386/5956 2716/4550/5953 2706/4551/5933
f 2708/4225/5938 2718/4224/5958 2717/4386/5955 2707/4387/5935
f 2709/4065/5940 2719/4064/5960 2718/4224/5957 2708/4225/5937
f 2710/3927/5942 2720/3926/5962 2719/4064/5959 2709/4065/5939
f 2711/3728/5944 2721/3727/5964 2720/3926/5961 2710/3927/5941
f 2712/3605/5946 2722/3604/5966 2721/3727/5963 2711/3728/5943
f 2713/4833/5948 2723/4832/5968 2722/4899/5965 2712/4900/5945
f 2724/4531/5969 2734/4503/5989 2743/4654/6007 2733/4683/5987
f 2725/4369/5972 2735/4341/5992 2734/4503/5990 2724/4531/5970
f 2726/4202/5974 2736/4173/5994 2735/4341/5991 2725/4369/5971
f 2727/4049/5976 2737/4020/5996 2736/4173/5993 2726/4202/5973
f 2728/3908/5978 2738/3883/5998 2737/4020/5995 2727/4049/5975
f 2729/3712/5980 2739/3684/6000 2738/3883/5997 2728/3908/5977
f 2730/3586/5982 2740/3561/6002 2739/3684/5999 2729/3712/5979
f 2731/3467/5984 2741/3438/6004 2740/3561/6001 2730/3586/5981
f 2732/3357/5986 2742/3328/6006 2741/3438/6003 2731/3467/5983
f 2733/3244/5988 2743/3215/6008 2742/3328/6005 2732/3357/5985
f 2744/4184/6009 2754/4183/6029 2763/4349/6047 2753/4362/6027
f 2745/4036/6012 2755/4035/6032 2754/4183/6030 2744/4184/6010
f 2746/3897/6014 2756/3896/6034 2755/4035/6031 2745/4036/6011
f 2747/3701/6016 2757/3700/6036 2756/3896/6033 2746/3897/6013
f 2748/3578/6018 2758/3577/6038 2757/3700/6035 2747/3701/6015
f 2749/3459/6020 2759/3458/6040 2758/3577/6037 2748/3578/6017
f 2750/3343/6022 2760/3342/6042 2759/3458/6039 2749/3459/6019
f 2751/3231/6024 2761/3230/6044 2760/3342/6041 2750/3343/6021
f 2752/4523/6026 2762/4522/6046 2761/4671/6043 2751/4672/6023
f 2753/4362/6028 2763/4349/6048 2762/4522/6045 2752/4523/6025
f 2764/4519/6049 2774/4517/6069 2783/4678/6087 2773/4668/6067
f 2765/4359/6052 2775/4357/6072 2774/4517/6070 2764/4519/6050
f 2766/4182/6054 2776/4193/6074 2775/4357/6071 2765/4359/6051
f 2767/4033/6056 2777/4031/6076 2776/4193/6073 2766/4182/6053
f 2768/3893/6058 2778/3892/6078 2777/4031/6075 2767/4033/6055
f 2769/3697/6060 2779/3695/6080 2778/3892/6077 2768/3893/6057
f 2770/3567/6062 2780/3566/6082 2779/3695/6079 2769/3697/6059
f 2771/3450/6064 2781/3448/6084 2780/3566/6081 2770/3567/6061
f 2772/3340/6066 2782/3338/6086 2781/3448/6083 2771/3450/6063
f 2773/3222/6068 2783/3227/6088 2782/3338/6085 2772/3340/6065
f 2784/4194/6089 2794/4181/6109 2803/4358/6127 2793/4360/6107
f 2785/4034/6092 2795/4032/6112 2794/4181/6110 2784/4194/6090
f 2786/3895/6094 2796/3894/6114 2795/4032/6111 2785/4034/6091
f 2787/3698/6096 2797/3696/6116 2796/3894/6113 2786/3895/6093
f 2788/3575/6098 2798/3574/6118 2797/3696/6115 2787/3698/6095
f 2789/3457/6100 2799/3449/6120 2798/3574/6117 2788/3575/6097
f 2790/3341/6102 2800/3339/6122 2799/3449/6119 2789/3457/6099
f 2791/3229/6104 2801/3228/6124 2800/3339/6121 2790/3341/6101
f 2792/4520/6106 2802/4518/6126 2801/4669/6123 2791/4670/6103
f 2793/4360/6108 2803/4358/6128 2802/4518/6125 2792/4520/6105
f 2804/4799/6129 2814/4796/6149 2823/4877/6167 2813/4880/6147
f 2805/4735/6132 2815/4732/6152 2814/4796/6150 2804/4799/6130
f 2806/4639/6134 2816/4636/6154 2815/4732/6151 2805/4735/6131
f 2807/4480/6136 2817/4477/6156 2816/4636/6153 2806/4639/6133
f 2808/4308/6138 2818/4305/6158 2817/4477/6155 2807/4480/6135
f 2809/4137/6140 2819/4134/6160 2818/4305/6157 2808/4308/6137
f 2810/3993/6142 2820/3990/6162 2819/4134/6159 2809/4137/6139
f 2811/3844/6144 2821/3841/6164 2820/3990/6161 2810/3993/6141
f 2812/3667/6146 2822/3664/6166 2821/3841/6163 2811/3844/6143
f 2813/3535/6148 2823/3532/6168 2822/3664/6165 2812/3667/6145
f 2824/4352/6169 2834/4350/6189 2843/4525/6207 2833/4511/6187
f 2825/4187/6172 2835/4185/6192 2834/4350/6190 2824/4352/6170
f 2826/4040/6174 2836/4038/6194 2835/4185/6191 2825/4187/6171
f 2827/3901/6176 2837/3899/6196 2836/4038/6193 2826/4040/6173
f 2828/3705/6178 2838/3703/6198 2837/3899/6195 2827/3901/6175
f 2829/3581/6180 2839/3580/6200 2838/3703/6197 2828/3705/6177
f 2830/3453/6182 2840/3460/6202 2839/3580/6199 2829/3581/6179
f 2831/3346/6184 2841/3350/6204 2840/3460/6201 2830/3453/6181
f 2832/3234/6186 2842/3239/6206 2841/3350/6203 2831/3346/6183
f 2833/4511/6188 2843/4525/6208 2842/4674/6205 2832/4662/6185
f 2844/4200/6210 2854/4174/6230 2855/4340/6232 2845/4367/6212
f 2845/4367/6211 2855/4340/6231 2856/4504/6234 2846/4529/6214
f 2846/4529/6213 2856/4504/6233 2857/4655/6236 2847/4680/6216
f 2847/3242/6215 2857/3218/6235 2858/3332/6238 2848/3355/6218
f 2848/3355/6217 2858/3332/6237 2859/3442/6240 2849/3465/6220
f 2849/3465/6219 2859/3442/6239 2860/3563/6242 2850/3585/6222
f 2850/3585/6221 2860/3563/6241 2861/3688/6244 2851/3711/6224
f 2851/3711/6223 2861/3688/6243 2862/3882/6246 2852/3909/6226
f 2852/3909/6225 2862/3882/6245 2863/4021/6248 2853/4046/6228
f 2853/4046/6227 2863/4021/6247 2854/4174/6229 2844/4200/6209
f 2864/4506/6250 2874/4532/6270 2875/4681/6272 2865/4658/6252
f 2865/3219/6251 2875/3243/6271 2876/3354/6274 2866/3331/6254
f 2866/3331/6253 2876/3354/6273 2877/3464/6276 2867/3441/6256
f 2867/3441/6255 2877/3464/6275 2878/3587/6278 2868/3559/6258
f 2868/3559/6257 2878/3587/6277 2879/3713/6280 2869/3689/6260
f 2869/3689/6259 2879/3713/6279 2880/3907/6282 2870/3884/6262
f 2870/3884/6261 2880/3907/6281 2881/4047/6284 2871/4023/6264
f 2871/4023/6263 2881/4047/6283 2882/4198/6286 2872/4176/6266
f 2872/4176/6265 2882/4198/6285 2883/4366/6288 2873/4342/6268
f 2873/4342/6267 2883/4366/6287 2874/4532/6269 2864/4506/6249
f 2884/4506/6290 2894/4532/6310 2895/4681/6312 2885/4658/6292
f 2885/3219/6291 2895/3243/6311 2896/3354/6314 2886/3331/6294
f 2886/3331/6293 2896/3354/6313 2897/3464/6316 2887/3441/6296
f 2887/3441/6295 2897/3464/6315 2898/3587/6318 2888/3559/6298
f 2888/3559/6297 2898/3587/6317 2899/3713/6320 2889/3689/6300
f 2889/3689/6299 2899/3713/6319 2900/3907/6322 2890/3884/6302
f 2890/3884/6301 2900/3907/6321 2901/4047/6324 2891/4023/6304
f 2891/4023/6303 2901/4047/6323 2902/4198/6326 2892/4176/6306
f 2892/4176/6305 2902/4198/6325 2903/4366/6328 2893/4342/6308
f 2893/4342/6307 2903/4366/6327 2894/4532/6309 2884/4506/6289
f 2904/3683/6330 2914/3716/6350 2915/3912/6352 2905/3879/6332
f 2905/3879/6331 2915/3912/6351 2916/4051/6354 2906/4018/6334
f 2906/4018/6333 2916/4051/6353 2917/4204/6356 2907/4171/6336
f 2907/4171/6335 2917/4204/6355 2918/4371/6358 2908/4338/6338
f 2908/4338/6337 2918/4371/6357 2919/4535/6360 2909/4501/6340
f 2909/4501/6339 2919/4535/6359 2920/4687/6362 2910/4652/6342
f 2910/3214/6341 2920/3247/6361 2921/3359/6364 2911/3326/6344
f 2911/3326/6343 2921/3359/6363 2922/3468/6366 2912/3436/6346
f 2912/3436/6345 2922/3468/6365 2923/3590/6368 2913/3557/6348
f 2913/3557/6347 2923/3590/6367 2914/3716/6349 2904/3683/6329
f 2924/3191/6370 2934/3190/6390 2935/3299/6392 2925/3300/6372
f 2925/3300/6371 2935/3299/6391 2936/3403/6394 2926/3404/6374
f 2926/3404/6373 2936/3403/6393 2937/3514/6396 2927/3515/6376
f 2927/3515/6375 2937/3514/6395 2938/3653/6398 2928/3654/6378
f 2928/3654/6377 2938/3653/6397 2939/3825/6400 2929/3826/6380
f 2929/3826/6379 2939/3825/6399 2940/3985/6402 2930/3974/6382
f 2930/3974/6381 2940/3985/6401 2941/4126/6404 2931/4127/6384
f 2931/4127/6383 2941/4126/6403 2942/4271/6406 2932/4272/6386
f 2932/4272/6385 2942/4271/6405 2943/4453/6408 2933/4454/6388
f 2933/4454/6387 2943/4453/6407 2934/4615/6389 2924/4616/6369
f 2944/2238/6410 2954/2237/6430 2955/2319/6432 2945/2320/6412
f 2945/2320/6411 2955/2319/6431 2956/2396/6434 2946/2397/6414
f 2946/2397/6413 2956/2396/6433 2957/2510/6436 2947/2511/6416
f 2947/2511/6415 2957/2510/6435 2958/2576/6438 2948/2577/6418
f 2948/2577/6417 2958/2576/6437 2959/2645/6440 2949/2646/6420
f 2949/2646/6419 2959/2645/6439 2960/2727/6442 2950/2728/6422
f 2950/2728/6421 2960/2727/6441 2961/2822/6444 2951/2823/6424
f 2951/2823/6423 2961/2822/6443 2962/2896/6446 2952/2897/6426
f 2952/2030/6425 2962/2029/6445 2963/2137/6448 2953/2138/6428
f 2953/2138/6427 2963/2137/6447 2954/2237/6429 2944/2238/6409
f 2964/4785/6450 2974/4787/6470 2975/4868/6472 2965/4866/6452
f 2965/4866/6451 2975/4868/6471 2976/4928/6474 2966/4925/6454
f 2966/3627/6453 2976/3630/6473 2977/3788/6476 2967/3785/6456
f 2967/3785/6455 2977/3788/6475 2978/3957/6478 2968/3954/6458
f 2968/3954/6457 2978/3957/6477 2979/4093/6480 2969/4090/6460
f 2969/4090/6459 2979/4093/6479 2980/4251/6482 2970/4248/6462
f 2970/4248/6461 2980/4251/6481 2981/4431/6484 2971/4428/6464
f 2971/4428/6463 2981/4431/6483 2982/4586/6486 2972/4583/6466
f 2972/4583/6465 2982/4586/6485 2983/4720/6488 2973/4717/6468
f 2973/4717/6467 2983/4720/6487 2974/4787/6469 2964/4785/6449
f 2984/2828/6490 2994/2825/6510 2995/2899/6512 2985/2902/6492
f 2985/2035/6491 2995/2032/6511 2996/2140/6514 2986/2143/6494
f 2986/2143/6493 2996/2140/6513 2997/2240/6516 2987/2243/6496
f 2987/2243/6495 2997/2240/6515 2998/2322/6518 2988/2325/6498
f 2988/2325/6497 2998/2322/6517 2999/2399/6520 2989/2402/6500
f 2989/2402/6499 2999/2399/6519 3000/2513/6522 2990/2516/6502
f 2990/2516/6501 3000/2513/6521 3001/2579/6524 2991/2582/6504
f 2991/2582/6503 3001/2579/6523 3002/2648/6526 2992/2651/6506
f 2992/2651/6505 3002/2648/6525 3003/2730/6528 2993/2733/6508
f 2993/2733/6507 3003/2730/6527 2994/2825/6509 2984/2828/6489
f 3004/2020/6530 3014/2021/6550 3015/2129/6552 3005/2128/6532
f 3005/2128/6531 3015/2129/6551 3016/2230/6554 3006/2229/6534
f 3006/2229/6533 3016/2230/6553 3017/2311/6556 3007/2310/6536
f 3007/2310/6535 3017/2311/6555 3018/2387/6558 3008/2386/6538
f 3008/2386/6537 3018/2387/6557 3019/2501/6560 3009/2500/6540
f 3009/2500/6539 3019/2501/6559 3020/2570/6562 3010/2569/6542
f 3010/2569/6541 3020/2570/6561 3021/2637/6564 3011/2636/6544
f 3011/2636/6543 3021/2637/6563 3022/2721/6566 3012/2720/6546
f 3012/2720/6545 3022/2721/6565 3023/2814/6568 3013/2813/6548
f 3013/2813/6547 3023/2814/6567 3014/2887/6549 3004/2886/6529
f 3024/2810/6570 3034/2817/6590 3035/2890/6592 3025/2883/6572
f 3025/2018/6571 3035/2024/6591 3036/2132/6594 3026/2126/6574
f 3026/2126/6573 3036/2132/6593 3037/2233/6596 3027/2226/6576
f 3027/2226/6575 3037/2233/6595 3038/2314/6598 3028/2307/6578
f 3028/2307/6577 3038/2314/6597 3039/2390/6600 3029/2383/6580
f 3029/2383/6579 3039/2390/6599 3040/2504/6602 3030/2497/6582
f 3030/2497/6581 3040/2504/6601 3041/2573/6604 3031/2566/6584
f 3031/2566/6583 3041/2573/6603 3042/2640/6606 3032/2633/6586
f 3032/2633/6585 3042/2640/6605 3043/2724/6608 3033/2717/6588
f 3033/2717/6587 3043/2724/6607 3034/2817/6589 3024/2810/6569
f 3044/3628/6610 3054/3629/6630 3055/3787/6632 3045/3786/6612
f 3045/3786/6611 3055/3787/6631 3056/3956/6634 3046/3955/6614
f 3046/3955/6613 3056/3956/6633 3057/4092/6636 3047/4091/6616
f 3047/4091/6615 3057/4092/6635 3058/4250/6638 3048/4249/6618
f 3048/4249/6617 3058/4250/6637 3059/4430/6640 3049/4429/6620
f 3049/4429/6619 3059/4430/6639 3060/4585/6642 3050/4584/6622
f 3050/4584/6621 3060/4585/6641 3061/4719/6644 3051/4718/6624
f 3051/4718/6623 3061/4719/6643 3062/4786/6646 3052/4784/6626
f 3052/4784/6625 3062/4786/6645 3063/4867/6648 3053/4865/6628
f 3053/4865/6627 3063/4867/6647 3054/4927/6629 3044/4926/6609
f 3064/3352/6650 3074/3337/6670 3075/3447/6672 3065/3461/6652
f 3065/3461/6651 3075/3447/6671 3076/3565/6674 3066/3582/6654
f 3066/3582/6653 3076/3565/6673 3077/3692/6676 3067/3709/6656
f 3067/3709/6655 3077/3692/6675 3078/3885/6678 3068/3905/6658
f 3068/3905/6657 3078/3885/6677 3079/4026/6680 3069/4042/6660
f 3069/4042/6659 3079/4026/6679 3080/4178/6682 3070/4191/6662
f 3070/4191/6661 3080/4178/6681 3081/4346/6684 3071/4356/6664
f 3071/4356/6663 3081/4346/6683 3082/4508/6686 3072/4515/6666
f 3072/4515/6665 3082/4508/6685 3083/4659/6688 3073/4666/6668
f 3073/3240/6667 3083/3226/6687 3074/3337/6669 3064/3352/6649
f 3084/3622/6690 3094/3621/6710 3095/3778/6712 3085/3779/6692
f 3085/3779/6691 3095/3778/6711 3096/3949/6714 3086/3950/6694
f 3086/3950/6693 3096/3949/6713 3097/4084/6716 3087/4085/6696
f 3087/4085/6695 3097/4084/6715 3098/4242/6718 3088/4243/6698
f 3088/4243/6697 3098/4242/6717 3099/4418/6720 3089/4419/6700
f 3089/4419/6699 3099/4418/6719 3100/4576/6722 3090/4577/6702
f 3090/4577/6701 3100/4576/6721 3101/4712/6724 3091/4713/6704
f 3091/4713/6703 3101/4712/6723 3102/4779/6726 3092/4780/6706
f 3092/4780/6705 3102/4779/6725 3103/4857/6728 3093/4858/6708
f 3093/3485/6707 3103/3484/6727 3094/3621/6709 3084/3622/6689
f 3104/4841/6730 3114/4842/6750 3115/4910/6752 3105/4909/6732
f 3105/3612/6731 3115/3613/6751 3116/3736/6754 3106/3735/6734
f 3106/3735/6733 3116/3736/6753 3117/3935/6756 3107/3934/6736
f 3107/3934/6735 3117/3935/6755 3118/4073/6758 3108/4072/6738
f 3108/4072/6737 3118/4073/6757 3119/4233/6760 3109/4232/6740
f 3109/4232/6739 3119/4233/6759 3120/4396/6762 3110/4395/6742
f 3110/4395/6741 3120/4396/6761 3121/4560/6764 3111/4559/6744
f 3111/4559/6743 3121/4560/6763 3122/4707/6766 3112/4706/6746
f 3112/4706/6745 3122/4707/6765 3123/4760/6768 3113/4759/6748
f 3113/4759/6747 3123/4760/6767 3114/4842/6749 3104/4841/6729
f 3124/4823/6770 3134/4822/6790 3135/4891/6792 3125/4892/6772
f 3125/3596/6771 3135/3595/6791 3136/3720/6794 3126/3721/6774
f 3126/3721/6773 3136/3720/6793 3137/3916/6796 3127/3917/6776
f 3127/3917/6775 3137/3916/6795 3138/4055/6798 3128/4056/6778
f 3128/4056/6777 3138/4055/6797 3139/4208/6800 3129/4209/6780
f 3129/4209/6779 3139/4208/6799 3140/4375/6802 3130/4376/6782
f 3130/4376/6781 3140/4375/6801 3141/4538/6804 3131/4539/6784
f 3131/4539/6783 3141/4538/6803 3142/4690/6806 3132/4691/6786
f 3132/4691/6785 3142/4690/6805 3143/4742/6808 3133/4743/6788
f 3133/4743/6787 3143/4742/6807 3134/4822/6789 3124/4823/6769
f 3144/4203/6810 3154/4172/6830 3155/4339/6832 3145/4370/6812
f 3145/4370/6811 3155/4339/6831 3156/4502/6834 3146/4533/6814
f 3146/4533/6813 3156/4502/6833 3157/4653/6836 3147/4684/6816
f 3147/3246/6815 3157/3216/6835 3158/3327/6838 3148/3358/6818
f 3148/3358/6817 3158/3327/6837 3159/3437/6840 3149/3469/6820
f 3149/3469/6819 3159/3437/6839 3160/3558/6842 3150/3589/6822
f 3150/3589/6821 3160/3558/6841 3161/3685/6844 3151/3715/6824
f 3151/3715/6823 3161/3685/6843 3162/3881/6846 3152/3911/6826
f 3152/3911/6825 3162/3881/6845 3163/4019/6848 3153/4050/6828
f 3153/4050/6827 3163/4019/6847 3154/4172/6829 3144/4203/6809
f 3164/4530/6850 3174/4505/6870 3175/4656/6872 3165/4682/6852
f 3165/3245/6851 3175/3220/6871 3176/3330/6874 3166/3356/6854
f 3166/3356/6853 3176/3330/6873 3177/3440/6876 3167/3466/6856
f 3167/3466/6855 3177/3440/6875 3178/3560/6878 3168/3588/6858
f 3168/3588/6857 3178/3560/6877 3179/3686/6880 3169/3714/6860
f 3169/3714/6859 3179/3686/6879 3180/3880/6882 3170/3910/6862
f 3170/3910/6861 3180/3880/6881 3181/4022/6884 3171/4048/6864
f 3171/4048/6863 3181/4022/6883 3182/4175/6886 3172/4201/6866
f 3172/4201/6865 3182/4175/6885 3183/4343/6888 3173/4368/6868
f 3173/4368/6867 3183/4343/6887 3174/4505/6869 3164/4530/6849
f 3184/3550/6890 3194/3553/6910 3195/3679/6912 3185/3676/6892
f 3185/3676/6891 3195/3679/6911 3196/3875/6914 3186/3872/6894
f 3186/3872/6893 3196/3875/6913 3197/4014/6916 3187/4011/6896
f 3187/4011/6895 3197/4014/6915 3198/4167/6918 3188/4164/6898
f 3188/4164/6897 3198/4167/6917 3199/4334/6920 3189/4331/6900
f 3189/4331/6899 3199/4334/6919 3200/4497/6922 3190/4494/6902
f 3190/4494/6901 3200/4497/6921 3201/4648/6924 3191/4645/6904
f 3191/4645/6903 3201/4648/6923 3202/4741/6926 3192/4738/6906
f 3192/4738/6905 3202/4741/6925 3203/4821/6928 3193/4818/6908
f 3193/4818/6907 3203/4821/6927 3194/4889/6909 3184/4886/6889
f 3204/81/1346 3405/89/1542 3765/1737/1891 3480/1724/1616
f 3204/81/1346 3480/1724/1616 3767/1718/1892 3389/73/1526
f 3205/97/1347 3406/101/1543 3773/1770/1895 3493/1748/1620
f 3205/97/1347 3493/1748/1620 3765/1737/1891 3405/89/1542
f 3206/107/1348 3407/113/1544 3771/1788/1894 3489/1784/1619
f 3206/107/1348 3489/1784/1619 3773/1770/1895 3406/101/1543
f 3207/119/1349 3408/117/1545 3769/1800/1893 3486/1794/1618
f 3207/119/1349 3486/1794/1618 3771/1788/1894 3407/113/1544
f 3208/71/1350 3389/73/1526 3767/1718/1892 3483/1716/1617
f 3208/111/1350 3483/1806/1617 3769/1800/1893 3408/117/1545
f 3209/4540/1351 3409/4541/1546 3952/3134/2074 3749/3136/1876
f 3209/4540/1351 3749/3136/1876 3944/3142/2066 3390/4562/1527
f 3210/4557/1352 3410/4568/1547 3950/3143/2072 3761/3137/1888
f 3210/4557/1352 3761/3137/1888 3952/3134/2074 3409/4541/1546
f 3211/4589/1353 3411/4593/1548 3948/3151/2070 3758/3149/1885
f 3211/4589/1353 3758/3149/1885 3950/3143/2072 3410/4568/1547
f 3212/4587/1354 3412/4566/1549 3946/3138/2068 3755/3147/1882
f 3212/4587/1354 3755/3147/1882 3948/3151/2070 3411/4593/1548
f 3213/4573/1355 3390/4562/1527 3944/3142/2066 3752/3152/1879
f 3213/4543/1355 3752/3130/1879 3946/3138/2068 3412/4566/1549
f 3214/4304/1356 3413/4296/1550 3812/1877/1934 3539/1883/1666
f 3214/4304/1356 3539/1883/1666 3804/1893/1926 3391/4311/1528
f 3215/4294/1357 3414/4297/1551 3810/1887/1932 3551/1879/1678
f 3215/4294/1357 3551/1879/1678 3812/1877/1934 3413/4296/1550
f 3216/4299/1358 3415/4291/1552 3808/1899/1930 3548/1894/1675
f 3216/4299/1358 3548/1894/1675 3810/1887/1932 3414/4297/1551
f 3217/4287/1359 3416/4257/1553 3806/1880/1928 3545/1890/1672
f 3217/4287/1359 3545/1890/1672 3808/1899/1930 3415/4291/1552
f 3218/4318/1360 3391/4311/1528 3804/1893/1926 3542/1910/1669
f 3218/4253/1360 3542/1871/1669 3806/1880/1928 3416/4257/1553
f 3219/5327/1361 3417/5329/1554 3775/2767/1897 3495/2763/1622
f 3219/5327/1361 3495/2763/1622 3777/2759/1899 3392/5324/1529
f 3220/5331/1362 3418/5333/1555 3783/2772/1905 3508/2770/1635
f 3220/5331/1362 3508/2770/1635 3775/2767/1897 3417/5329/1554
f 3221/5335/1363 3419/5338/1556 3781/2786/1903 3504/2779/1631
f 3221/5335/1363 3504/2779/1631 3783/2772/1905 3418/5333/1555
f 3222/5341/1364 3420/5343/1557 3779/2797/1901 3501/2794/1628
f 3222/5341/1364 3501/2794/1628 3781/2786/1903 3419/5338/1556
f 3223/5322/1365 3392/5324/1529 3777/2759/1899 3498/2756/1625
f 3223/5345/1365 3498/2801/1625 3779/2797/1901 3420/5343/1557
f 3224/2166/1366 3421/2159/1558 3802/1140/1924 3524/1144/1651
f 3224/2166/1366 3524/1144/1651 3794/1152/1916 3393/2169/1530
f 3225/2158/1367 3422/2160/1559 3800/1142/1922 3536/1139/1663
f 3225/2158/1367 3536/1139/1663 3802/1140/1924 3421/2159/1558
f 3226/2164/1368 3423/2165/1560 3798/1149/1920 3533/1147/1660
f 3226/2164/1368 3533/1147/1660 3800/1142/1922 3422/2160/1559
f 3227/2161/1369 3424/2157/1561 3796/1148/1918 3530/1150/1657
f 3227/2161/1369 3530/1150/1657 3798/1149/1920 3423/2165/1560
f 3228/2170/1370 3393/2169/1530 3794/1152/1916 3527/1157/1654
f 3228/2153/1370 3527/1143/1654 3796/1148/1918 3424/2157/1561
f 3229/1047/1371 3425/1046/1562 3832/572/1954 3569/573/1696
f 3229/1047/1371 3569/573/1696 3824/574/1946 3394/1052/1531
f 3230/1042/1372 3426/1035/1563 3830/570/1952 3581/571/1708
f 3230/1042/1372 3581/571/1708 3832/572/1954 3425/1046/1562
f 3231/1018/1373 3427/1011/1564 3828/568/1950 3578/569/1705
f 3231/1018/1373 3578/569/1705 3830/570/1952 3426/1035/1563
f 3232/1006/1374 3428/1000/1565 3826/565/1948 3575/566/1702
f 3232/1006/1374 3575/566/1702 3828/568/1950 3427/1011/1564
f 3233/1053/1375 3394/1052/1531 3824/574/1946 3572/575/1699
f 3233/996/1375 3572/564/1699 3826/565/1948 3428/1000/1565
f 3234/1505/1376 3429/1507/1566 3815/784/1937 3555/782/1682
f 3234/1505/1376 3555/782/1682 3817/781/1939 3395/1503/1532
f 3235/1509/1377 3430/1513/1567 3823/790/1945 3568/786/1695
f 3235/1509/1377 3568/786/1695 3815/784/1937 3429/1507/1566
f 3236/1517/1378 3431/1518/1568 3821/796/1943 3564/793/1691
f 3236/1517/1378 3564/793/1691 3823/790/1945 3430/1513/1567
f 3237/1521/1379 3432/1520/1569 3819/794/1941 3561/797/1688
f 3237/1521/1379 3561/797/1688 3821/796/1943 3431/1518/1568
f 3238/1502/1380 3395/1503/1532 3817/781/1939 3558/783/1685
f 3238/1519/1380 3558/792/1685 3819/794/1941 3432/1520/1569
f 3239/1111/1381 3434/1105/1571 3940/3757/2062 3746/3759/1873
f 3239/1111/1381 3746/3759/1873 3942/3751/2064 3433/1109/1570
f 3240/1093/1382 3435/1085/1572 3938/3753/2060 3743/3755/1870
f 3240/1093/1382 3743/3755/1870 3940/3757/2062 3434/1105/1571
f 3241/1083/1383 3436/1091/1573 3936/3766/2058 3740/3763/1867
f 3241/1083/1383 3740/3763/1867 3938/3753/2060 3435/1085/1572
f 3242/1081/1384 3437/1087/1574 3934/3744/2056 3737/3739/1864
f 3242/1107/1384 3737/3770/1864 3936/3766/2058 3436/1091/1573
f 3243/1096/1385 3433/1109/1570 3942/3751/2064 3734/3749/1861
f 3243/1096/1385 3734/3749/1861 3934/3744/2056 3437/1087/1574
f 3244/234/1386 3441/230/1578 3900/874/2022 3686/876/1813
f 3244/234/1386 3686/876/1813 3902/872/2024 3396/232/1533
f 3245/228/1387 3396/232/1533 3902/872/2024 3674/868/1801
f 3245/228/1387 3674/868/1801 3894/865/2016 3438/222/1575
f 3246/218/1388 3438/222/1575 3894/865/2016 3677/857/1804
f 3246/218/1388 3677/857/1804 3896/856/2018 3439/216/1576
f 3247/221/1389 3439/216/1576 3896/856/2018 3680/850/1807
f 3247/221/1389 3680/850/1807 3898/852/2020 3440/227/1577
f 3248/237/1390 3440/227/1577 3898/852/2020 3683/854/1810
f 3248/224/1390 3683/870/1810 3900/874/2022 3441/230/1578
f 3249/68/1391 3445/70/1582 3846/1751/1968 3599/1746/1726
f 3249/68/1391 3599/1746/1726 3844/1755/1966 3397/78/1534
f 3250/84/1392 3397/78/1534 3844/1755/1966 3611/1760/1738
f 3250/84/1392 3611/1760/1738 3852/1773/1974 3442/87/1579
f 3251/93/1393 3442/87/1579 3852/1773/1974 3607/1779/1734
f 3251/93/1393 3607/1779/1734 3850/1777/1972 3443/95/1580
f 3252/91/1394 3443/95/1580 3850/1777/1972 3604/1771/1731
f 3252/91/1394 3604/1771/1731 3848/1767/1970 3444/85/1581
f 3253/79/1395 3444/85/1581 3848/1767/1970 3601/1764/1728
f 3253/76/1395 3601/1757/1728 3846/1751/1968 3445/70/1582
f 3254/1256/1396 3449/1255/1586 3945/1667/2067 3750/1672/1877
f 3254/1256/1396 3750/1672/1877 3953/1670/2075 3398/1254/1535
f 3255/1249/1397 3398/1254/1535 3953/1670/2075 3763/1659/1890
f 3255/1249/1397 3763/1659/1890 3951/1656/2073 3446/1245/1583
f 3256/1234/1398 3446/1245/1583 3951/1656/2073 3759/1649/1886
f 3256/1234/1398 3759/1649/1886 3949/1645/2071 3447/1225/1584
f 3257/1224/1399 3447/1225/1584 3949/1645/2071 3756/1644/1883
f 3257/1224/1399 3756/1644/1883 3947/1647/2069 3448/1228/1585
f 3258/1230/1400 3448/1228/1585 3947/1647/2069 3753/1651/1880
f 3258/1250/1400 3753/1660/1880 3945/1667/2067 3449/1255/1586
f 3259/3546/1401 3453/3618/1590 3885/1919/2007 3660/1896/1787
f 3259/3546/1401 3660/1896/1787 3893/1867/2015 3399/3527/1536
f 3260/3480/1402 3399/3527/1536 3893/1867/2015 3673/1849/1800
f 3260/3480/1402 3673/1849/1800 3891/1826/2013 3450/3430/1587
f 3261/3412/1403 3450/3430/1587 3891/1826/2013 3669/1811/1796
f 3261/3412/1403 3669/1811/1796 3889/1762/2011 3451/3369/1588
f 3262/3318/1404 3451/3369/1588 3889/1762/2011 3666/1703/1793
f 3262/3318/1404 3666/1703/1793 3887/1692/2009 3452/3276/1589
f 3263/3258/1405 3452/3276/1589 3887/1692/2009 3663/1677/1790
f 3263/3668/1405 3663/1956/1790 3885/1919/2007 3453/3618/1590
f 3264/5646/1406 3457/5645/1594 3856/5280/1978 3614/5284/1741
f 3264/5646/1406 3614/5284/1741 3854/5286/1976 3400/5647/1537
f 3265/5648/1407 3400/5647/1537 3854/5286/1976 3626/5287/1753
f 3265/5648/1407 3626/5287/1753 3862/5288/1984 3454/5649/1591
f 3266/5650/1408 3454/5649/1591 3862/5288/1984 3622/5292/1749
f 3266/5650/1408 3622/5292/1749 3860/5293/1982 3455/5651/1592
f 3267/5652/1409 3455/5651/1592 3860/5293/1982 3619/5294/1746
f 3267/5652/1409 3619/5294/1746 3858/5297/1980 3456/5653/1593
f 3268/5654/1410 3456/5653/1593 3858/5297/1980 3616/5299/1743
f 3268/5644/1410 3616/5279/1743 3856/5280/1978 3457/5645/1594
f 3269/5295/1411 3461/5303/1598 3875/4482/1997 3645/4471/1772
f 3269/5295/1411 3645/4471/1772 3883/4432/2005 3401/5289/1538
f 3270/5281/1412 3401/5289/1538 3883/4432/2005 3658/4421/1785
f 3270/5281/1412 3658/4421/1785 3881/4410/2003 3458/5276/1595
f 3271/5272/1413 3458/5276/1595 3881/4410/2003 3654/4399/1781
f 3271/5272/1413 3654/4399/1781 3879/4377/2001 3459/5270/1596
f 3272/5268/1414 3459/5270/1596 3879/4377/2001 3651/4322/1778
f 3272/5268/1414 3651/4322/1778 3877/4314/1999 3460/5265/1597
f 3273/5263/1415 3460/5265/1597 3877/4314/1999 3648/4289/1775
f 3273/5317/1415 3648/4490/1775 3875/4482/1997 3461/5303/1598
f 3274/5436/1416 3465/5435/1602 3866/5128/1988 3629/5129/1756
f 3274/5436/1416 3629/5129/1756 3864/5131/1986 3402/5437/1539
f 3275/5438/1417 3402/5437/1539 3864/5131/1986 3641/5133/1768
f 3275/5438/1417 3641/5133/1768 3872/5134/1994 3462/5439/1599
f 3276/5440/1418 3462/5439/1599 3872/5134/1994 3637/5135/1764
f 3276/5440/1418 3637/5135/1764 3870/5136/1992 3463/5441/1600
f 3277/5443/1419 3463/5441/1600 3870/5136/1992 3634/5138/1761
f 3277/5443/1419 3634/5138/1761 3868/5139/1990 3464/5444/1601
f 3278/5445/1420 3464/5444/1601 3868/5139/1990 3631/5141/1758
f 3278/5434/1420 3631/5126/1758 3866/5128/1988 3465/5435/1602
f 3279/3545/1421 3469/3548/1606 3915/5100/2037 3705/5097/1832
f 3279/3545/1421 3705/5097/1832 3923/5095/2045 3403/3543/1540
f 3280/3540/1422 3403/3543/1540 3923/5095/2045 3718/5092/1845
f 3280/3540/1422 3718/5092/1845 3921/5090/2043 3466/3539/1603
f 3281/3538/1423 3466/3539/1603 3921/5090/2043 3714/5088/1841
f 3281/3538/1423 3714/5088/1841 3919/5087/2041 3467/3537/1604
f 3282/3530/1424 3467/3537/1604 3919/5087/2041 3711/5086/1838
f 3282/3530/1424 3711/5086/1838 3917/5084/2039 3468/3526/1605
f 3283/3494/1425 3468/3526/1605 3917/5084/2039 3708/5083/1835
f 3283/3594/1425 3708/5101/1835 3915/5100/2037 3469/3548/1606
f 3284/3832/1426 3473/3835/1610 3906/5237/2028 3689/5234/1816
f 3284/3832/1426 3689/5234/1816 3904/5231/2026 3404/3800/1541
f 3285/3790/1427 3404/3800/1541 3904/5231/2026 3701/5230/1828
f 3285/3790/1427 3701/5230/1828 3912/5228/2034 3470/3782/1607
f 3286/3772/1428 3470/3782/1607 3912/5228/2034 3697/5222/1824
f 3286/3772/1428 3697/5222/1824 3910/5219/2032 3471/3768/1608
f 3287/3761/1429 3471/3768/1608 3910/5219/2032 3694/5214/1821
f 3287/3761/1429 3694/5214/1821 3908/5211/2030 3472/3747/1609
f 3288/3741/1430 3472/3747/1609 3908/5211/2030 3691/5208/1818
f 3288/3837/1430 3691/5239/1818 3906/5237/2028 3473/3835/1610
f 3289/5194/1431 3478/5193/1615 3943/2211/2065 3748/2208/1875
f 3289/5194/1431 3748/2208/1875 3941/2209/2063 3474/5197/1611
f 3290/5205/1432 3474/5197/1611 3941/2209/2063 3744/2210/1871
f 3290/5205/1432 3744/2210/1871 3939/2213/2061 3475/5215/1612
f 3291/5217/1433 3475/5215/1612 3939/2213/2061 3741/2214/1868
f 3291/5217/1433 3741/2214/1868 3937/2207/2059 3476/5206/1613
f 3292/5199/1434 3476/5206/1613 3937/2207/2059 3738/2205/1865
f 3292/5212/1434 3738/2217/1865 3935/2216/2057 3477/5198/1614
f 3293/5195/1435 3477/5198/1614 3935/2216/2057 3735/2215/1862
f 3293/5195/1435 3735/2215/1862 3943/2211/2065 3478/5193/1615
f 3294/5732/6929 3480/1724/1616 3765/1737/1891 3490/5736/6965
f 3294/5693/6931 3490/5694/6967 3298/5692/6943 3492/5690/6973 3297/5688/6940 3488/5686/6964 3296/5685/6937 3485/5687/6958 3295/5689/6934 3482/5691/6952
f 3295/5724/6932 3483/1716/1617 3767/1718/1892 3482/5728/6950
f 3296/5746/6935 3486/1794/1618 3769/1800/1893 3485/5748/6956
f 3297/5742/6938 3489/1784/1619 3771/1788/1894 3488/5744/6962
f 3298/5738/6942 3493/1748/1620 3773/1770/1895 3492/5740/6971
f 3299/673/1436 3494/271/1621 3776/269/1898 3497/671/1624
f 3299/673/1436 3495/2763/1622 3775/2767/1897 3505/676/1632
f 3300/699/1437 3496/287/1623 3778/285/1900 3500/697/1627
f 3300/666/1437 3497/671/1624 3776/269/1898 3496/266/1623
f 3300/666/1437 3498/2756/1625 3777/2759/1899 3497/671/1624
f 3301/695/1438 3499/283/1626 3780/281/1902 3503/693/1630
f 3301/695/1438 3500/697/1627 3778/285/1900 3499/283/1626
f 3301/695/1438 3501/2794/1628 3779/2797/1901 3500/697/1627
f 3302/690/1439 3502/279/1629 3782/277/1904 3507/688/1634
f 3302/690/1439 3503/693/1630 3780/281/1902 3502/279/1629
f 3302/690/1439 3504/2779/1631 3781/2786/1903 3503/693/1630
f 3303/682/1440 3506/275/1633 3774/273/1896 3505/676/1632
f 3303/682/1440 3507/688/1634 3782/277/1904 3506/275/1633
f 3303/682/1440 3508/2770/1635 3783/2772/1905 3507/688/1634
f 3304/5358/1441 3509/4474/1636 3786/4475/1908 3512/5359/1639
f 3304/5358/1441 3510/5582/1637 3785/5581/1907 3520/5357/1647
f 3305/5352/1442 3511/4434/1638 3788/4435/1910 3515/5350/1642
f 3305/5360/1442 3512/5359/1639 3786/4475/1908 3511/4476/1638
f 3305/5360/1442 3513/5584/1640 3787/5583/1909 3512/5359/1639
f 3306/5351/1443 3514/4436/1641 3790/4437/1912 3518/5353/1645
f 3306/5351/1443 3515/5350/1642 3788/4435/1910 3514/4436/1641
f 3306/5351/1443 3516/5577/1643 3789/5578/1911 3515/5350/1642
f 3307/5354/1444 3517/4466/1644 3792/4467/1914 3522/5355/1649
f 3307/5354/1444 3518/5353/1645 3790/4437/1912 3517/4466/1644
f 3307/5354/1444 3519/5574/1646 3791/5575/1913 3518/5353/1645
f 3308/5356/1445 3521/4469/1648 3784/4473/1906 3520/5357/1647
f 3308/5356/1445 3522/5355/1649 3792/4467/1914 3521/4469/1648
f 3308/5356/1445 3523/5580/1650 3793/5576/1915 3522/5355/1649
f 3309/586/1446 3524/1144/1651 3802/1140/1924 3537/581/1664
f 3309/586/1446 3525/320/1652 3795/324/1917 3526/587/1653
f 3310/590/1447 3527/1157/1654 3794/1152/1916 3526/587/1653
f 3310/583/1447 3528/319/1655 3797/322/1919 3529/585/1656
f 3311/584/1448 3530/1150/1657 3796/1148/1918 3529/585/1656
f 3311/584/1448 3531/325/1658 3799/326/1921 3532/580/1659
f 3312/579/1449 3533/1147/1660 3798/1149/1920 3532/580/1659
f 3312/579/1449 3534/323/1661 3801/321/1923 3535/577/1662
f 3313/578/1450 3536/1139/1663 3800/1142/1922 3535/577/1662
f 3313/578/1450 3537/581/1664 3802/1140/1924 3536/1139/1663
f 3313/578/1450 3538/318/1665 3803/317/1925 3537/581/1664
f 3314/829/1451 3539/1883/1666 3812/1877/1934 3552/827/1679
f 3314/829/1451 3540/500/1667 3805/507/1927 3541/840/1668
f 3315/864/1452 3542/1910/1669 3804/1893/1926 3541/840/1668
f 3315/824/1452 3543/502/1670 3807/512/1929 3544/837/1671
f 3316/845/1453 3545/1890/1672 3806/1880/1928 3544/837/1671
f 3316/845/1453 3546/520/1673 3809/522/1931 3547/860/1674
f 3317/847/1454 3548/1894/1675 3808/1899/1930 3547/860/1674
f 3317/847/1454 3549/517/1676 3811/509/1933 3550/842/1677
f 3318/831/1455 3551/1879/1678 3810/1887/1932 3550/842/1677
f 3318/831/1455 3552/827/1679 3812/1877/1934 3551/1879/1678
f 3318/831/1455 3553/504/1680 3813/498/1935 3552/827/1679
f 3319/4087/1456 3554/2148/1681 3816/2155/1938 3557/4098/1684
f 3319/4087/1456 3555/5252/1682 3815/5249/1937 3565/4079/1692
f 3320/3998/1457 3556/2072/1683 3818/2079/1940 3560/3999/1687
f 3320/4102/1457 3557/4098/1684 3816/2155/1938 3556/2168/1683
f 3320/4102/1457 3558/5255/1685 3817/5254/1939 3557/4098/1684
f 3321/4000/1458 3559/2087/1686 3820/2092/1942 3563/4007/1690
f 3321/4000/1458 3560/3999/1687 3818/2079/1940 3559/2087/1686
f 3321/4000/1458 3561/5241/1688 3819/5236/1941 3560/3999/1687
f 3322/4057/1459 3562/2101/1689 3822/2114/1944 3567/4075/1694
f 3322/4057/1459 3563/4007/1690 3820/2092/1942 3562/2101/1689
f 3322/4057/1459 3564/5244/1691 3821/5242/1943 3563/4007/1690
f 3323/4076/1460 3566/2118/1693 3814/2134/1936 3565/4079/1692
f 3323/4076/1460 3567/4075/1694 3822/2114/1944 3566/2118/1693
f 3323/4076/1460 3568/5248/1695 3823/5246/1945 3567/4075/1694
f 3324/4861/1461 3569/5559/1696 3832/5555/1954 3582/4845/1709
f 3324/4861/1461 3570/684/1697 3825/686/1947 3571/4855/1698
f 3325/4847/1462 3572/5553/1699 3824/5557/1946 3571/4855/1698
f 3325/4812/1462 3573/663/1700 3827/657/1949 3574/4806/1701
f 3326/4793/1463 3575/5540/1702 3826/5543/1948 3574/4806/1701
f 3326/4793/1463 3576/653/1703 3829/648/1951 3577/4789/1704
f 3327/4791/1464 3578/5538/1705 3828/5535/1950 3577/4789/1704
f 3327/4791/1464 3579/650/1706 3831/656/1953 3580/4808/1707
f 3328/4816/1465 3581/5550/1708 3830/5545/1952 3580/4808/1707
f 3328/4816/1465 3582/4845/1709 3832/5555/1954 3581/5550/1708
f 3328/4816/1465 3583/670/1710 3833/678/1955 3582/4845/1709
f 3329/4634/1466 3584/5314/1711 3842/5315/1964 3597/4640/1724
f 3329/4634/1466 3585/2874/1712 3835/2869/1957 3586/4628/1713
f 3330/4595/1467 3587/5307/1714 3834/5312/1956 3586/4628/1713
f 3330/4595/1467 3588/2864/1715 3837/2857/1959 3589/4574/1716
f 3331/4567/1468 3590/5302/1717 3836/5305/1958 3589/4574/1716
f 3331/4567/1468 3591/2853/1718 3839/2851/1961 3592/4565/1719
f 3332/4570/1469 3593/5298/1720 3838/5301/1960 3592/4565/1719
f 3332/4598/1469 3594/2871/1721 3841/2872/1963 3595/4633/1722
f 3333/4635/1470 3596/5313/1723 3840/5311/1962 3595/4633/1722
f 3333/4635/1470 3597/4640/1724 3842/5315/1964 3596/5313/1723
f 3333/4635/1470 3598/2876/1725 3843/2875/1965 3597/4640/1724
f 3334/5753/1471 3599/1746/1726 3846/1751/1968 3602/5752/1729
f 3334/5725/1471 3600/1783/1727 3845/1776/1967 3610/5721/1737
f 3335/5767/1472 3601/1764/1728 3848/1767/1970 3605/5769/1732
f 3335/5750/1472 3602/5752/1729 3846/1751/1968 3601/1757/1728
f 3335/5733/1472 3603/1799/1730 3847/1791/1969 3602/5729/1729
f 3336/5771/1473 3604/1771/1731 3850/1777/1972 3608/5765/1735
f 3336/5771/1473 3605/5769/1732 3848/1767/1970 3604/1771/1731
f 3336/5711/1473 3606/1728/1733 3849/1721/1971 3605/5709/1732
f 3337/5763/1474 3607/1779/1734 3852/1773/1974 3612/5757/1739
f 3337/5763/1474 3608/5765/1735 3850/1777/1972 3607/1779/1734
f 3337/5715/1474 3609/1742/1736 3851/1734/1973 3608/5713/1735
f 3338/5761/1475 3611/1760/1738 3844/1755/1966 3610/5759/1737
f 3338/5761/1475 3612/5757/1739 3852/1773/1974 3611/1760/1738
f 3338/5719/1475 3613/1759/1740 3853/1752/1975 3612/5717/1739
f 3339/2404/1476 3614/5284/1741 3856/5280/1978 3617/2394/1744
f 3339/2404/1476 3615/543/1742 3855/544/1977 3625/2412/1752
f 3340/2458/1477 3616/5299/1743 3858/5297/1980 3620/2453/1747
f 3340/2377/1477 3617/2394/1744 3856/5280/1978 3616/5279/1743
f 3340/2377/1477 3618/535/1745 3857/537/1979 3617/2394/1744
f 3341/2445/1478 3619/5294/1746 3860/5293/1982 3623/2429/1750
f 3341/2445/1478 3620/2453/1747 3858/5297/1980 3619/5294/1746
f 3341/2445/1478 3621/561/1748 3859/562/1981 3620/2453/1747
f 3342/2427/1479 3622/5292/1749 3862/5288/1984 3627/2424/1754
f 3342/2427/1479 3623/2429/1750 3860/5293/1982 3622/5292/1749
f 3342/2427/1479 3624/553/1751 3861/560/1983 3623/2429/1750
f 3343/2418/1480 3626/5287/1753 3854/5286/1976 3625/2412/1752
f 3343/2418/1480 3627/2424/1754 3862/5288/1984 3626/5287/1753
f 3343/2418/1480 3628/545/1755 3863/550/1985 3627/2424/1754
f 3344/3269/1481 3629/5129/1756 3866/5128/1988 3632/3267/1759
f 3344/3269/1481 3630/1833/1757 3865/1834/1987 3640/3270/1767
f 3345/3309/1482 3631/5141/1758 3868/5139/1990 3635/3308/1762
f 3345/3265/1482 3632/3267/1759 3866/5128/1988 3631/5126/1758
f 3345/3265/1482 3633/1829/1760 3867/1831/1989 3632/3267/1759
f 3346/3307/1483 3634/5138/1761 3870/5136/1992 3638/3306/1765
f 3346/3307/1483 3635/3308/1762 3868/5139/1990 3634/5138/1761
f 3346/3307/1483 3636/1848/1763 3869/1853/1991 3635/3308/1762
f 3347/3275/1484 3637/5135/1764 3872/5134/1994 3642/3273/1769
f 3347/3275/1484 3638/3306/1765 3870/5136/1992 3637/5135/1764
f 3347/3275/1484 3639/1839/1766 3871/1843/1993 3638/3306/1765
f 3348/3272/1485 3641/5133/1768 3864/5131/1986 3640/3270/1767
f 3348/3272/1485 3642/3273/1769 3872/5134/1994 3641/5133/1768
f 3348/3272/1485 3643/1835/1770 3873/1838/1995 3642/3273/1769
f 3349/2461/1486 3644/1169/1771 3882/1166/2004 3657/2433/1784
f 3349/2461/1486 3645/4471/1772 3875/4482/1997 3646/2470/1773
f 3350/2479/1487 3647/1176/1774 3874/1172/1996 3646/2470/1773
f 3350/2352/1487 3648/4289/1775 3877/4314/1999 3649/2357/1776
f 3351/2363/1488 3650/1124/1777 3876/1121/1998 3649/2357/1776
f 3351/2363/1488 3651/4322/1778 3879/4377/2001 3652/2380/1779
f 3352/2405/1489 3653/1135/1780 3878/1128/2000 3652/2380/1779
f 3352/2405/1489 3654/4399/1781 3881/4410/2003 3655/2417/1782
f 3353/2426/1490 3656/1159/1783 3880/1146/2002 3655/2417/1782
f 3353/2426/1490 3657/2433/1784 3882/1166/2004 3656/1159/1783
f 3353/2426/1490 3658/4421/1785 3883/4432/2005 3657/2433/1784
f 3354/1050/1491 3659/644/1786 3892/638/2014 3672/1032/1799
f 3354/1050/1491 3660/1896/1787 3885/1919/2007 3661/1064/1788
f 3355/1074/1492 3662/701/1789 3884/662/2006 3661/1064/1788
f 3355/925/1492 3663/1677/1790 3887/1692/2009 3664/940/1791
f 3356/946/1493 3665/600/1792 3886/595/2008 3664/940/1791
f 3356/946/1493 3666/1703/1793 3889/1762/2011 3667/954/1794
f 3357/988/1494 3668/626/1795 3888/613/2010 3667/954/1794
f 3357/988/1494 3669/1811/1796 3891/1826/2013 3670/994/1797
f 3358/1005/1495 3671/631/1798 3890/628/2012 3670/994/1797
f 3358/1005/1495 3672/1032/1799 3892/638/2014 3671/631/1798
f 3358/1005/1495 3673/1849/1800 3893/1867/2015 3672/1032/1799
f 3359/4162/1496 3674/868/1801 3902/872/2024 3687/4211/1814
f 3359/4162/1496 3675/5399/1802 3895/5397/2017 3676/4160/1803
f 3360/4157/1497 3677/857/1804 3894/865/2016 3676/4160/1803
f 3360/4157/1497 3678/5395/1805 3897/5393/2019 3679/4153/1806
f 3361/4150/1498 3680/850/1807 3896/856/2018 3679/4153/1806
f 3361/4150/1498 3681/5391/1808 3899/5389/2021 3682/4148/1809
f 3362/4146/1499 3683/854/1810 3898/852/2020 3682/4148/1809
f 3362/4213/1499 3684/5414/1811 3901/5410/2023 3685/4219/1812
f 3363/4221/1500 3686/876/1813 3900/874/2022 3685/4219/1812
f 3363/4221/1500 3687/4211/1814 3902/872/2024 3686/876/1813
f 3363/4221/1500 3688/5406/1815 3903/5400/2025 3687/4211/1814
f 3364/5509/1501 3689/5234/1816 3906/5237/2028 3692/5511/1819
f 3364/932/1501 3690/1959/1817 3905/1955/2027 3700/931/1827
f 3365/5497/1502 3691/5208/1818 3908/5211/2030 3695/5495/1822
f 3365/5513/1502 3692/5511/1819 3906/5237/2028 3691/5239/1818
f 3365/936/1502 3693/1963/1820 3907/1961/2029 3692/934/1819
f 3366/5491/1503 3694/5214/1821 3910/5219/2032 3698/5493/1825
f 3366/5491/1503 3695/5495/1822 3908/5211/2030 3694/5214/1821
f 3366/923/1503 3696/1933/1823 3909/1927/2031 3695/921/1822
f 3367/5499/1504 3697/5222/1824 3912/5228/2034 3702/5501/1829
f 3367/5499/1504 3698/5493/1825 3910/5219/2032 3697/5222/1824
f 3367/927/1504 3699/1947/1826 3911/1942/2033 3698/924/1825
f 3368/5506/1505 3701/5230/1828 3904/5231/2026 3700/5508/1827
f 3368/5506/1505 3702/5501/1829 3912/5228/2034 3701/5230/1828
f 3368/930/1505 3703/1953/1830 3913/1949/2035 3702/928/1829
f 3369/4142/1506 3704/2700/1831 3922/2787/2044 3717/4319/1844
f 3369/4142/1506 3705/5026/1832 3915/4994/2037 3706/3988/1833
f 3370/3789/1507 3707/2586/1834 3914/2631/2036 3706/3988/1833
f 3370/5012/1507 3708/5251/1835 3917/5184/2039 3709/4970/1836
f 3371/4933/1508 3710/3048/1837 3916/3092/2038 3709/4970/1836
f 3371/4933/1508 3711/5172/1838 3919/5151/2041 3712/4849/1839
f 3372/4748/1509 3713/2965/1840 3918/3007/2040 3712/4849/1839
f 3372/4748/1509 3714/5109/1841 3921/5068/2043 3715/4642/1842
f 3373/4491/1510 3716/2848/1843 3920/2910/2042 3715/4642/1842
f 3373/4491/1510 3717/4319/1844 3922/2787/2044 3716/2848/1843
f 3373/4491/1510 3718/5050/1845 3923/5035/2045 3717/4319/1844
f 3374/1361/1511 3719/2268/1846 3932/2263/2054 3732/1356/1859
f 3374/1361/1511 3720/731/1847 3925/738/2047 3721/1367/1848
f 3375/1374/1512 3722/2282/1849 3924/2277/2046 3721/1367/1848
f 3375/1374/1512 3723/743/1850 3927/745/2049 3724/1378/1851
f 3376/1383/1513 3725/2291/1852 3926/2288/2048 3724/1378/1851
f 3376/1383/1513 3726/748/1853 3929/752/2051 3727/1386/1854
f 3377/1381/1514 3728/2294/1855 3928/2297/2050 3727/1386/1854
f 3377/1371/1514 3729/742/1856 3931/737/2053 3730/1366/1857
f 3378/1359/1515 3731/2261/1858 3930/2259/2052 3730/1366/1857
f 3378/1359/1515 3732/1356/1859 3932/2263/2054 3731/2261/1858
f 3378/1359/1515 3733/730/1860 3933/728/2055 3732/1356/1859
f 3379/5463/1516 3734/3749/1861 3942/3751/2064 3747/5467/1874
f 3379/558/1516 3735/2215/1862 3935/2216/2057 3736/556/1863
f 3380/5469/1517 3737/3739/1864 3934/3744/2056 3736/5465/1863
f 3380/547/1517 3738/2205/1865 3937/2207/2059 3739/548/1866
f 3381/5479/1518 3740/3763/1867 3936/3766/2058 3739/5481/1866
f 3381/549/1518 3741/2214/1868 3939/2213/2061 3742/551/1869
f 3382/5475/1519 3743/3755/1870 3938/3753/2060 3742/5477/1869
f 3382/552/1519 3744/2210/1871 3941/2209/2063 3745/555/1872
f 3383/5471/1520 3746/3759/1873 3940/3757/2062 3745/5473/1872
f 3383/5471/1520 3747/5467/1874 3942/3751/2064 3746/3759/1873
f 3383/557/1520 3748/2208/1875 3943/2211/2065 3747/559/1874
f 3384/2507/1521 3749/3136/1876 3952/3134/2074 3762/2495/1889
f 3384/2507/1521 3750/1672/1877 3945/1667/2067 3751/2508/1878
f 3385/2517/1522 3752/3152/1879 3944/3142/2066 3751/2508/1878
f 3385/2483/1522 3753/1651/1880 3947/1647/2069 3754/2484/1881
f 3386/2485/1523 3755/3147/1882 3946/3138/2068 3754/2484/1881
f 3386/2485/1523 3756/1644/1883 3949/1645/2071 3757/2486/1884
f 3387/2488/1524 3758/3149/1885 3948/3151/2070 3757/2486/1884
f 3387/2488/1524 3759/1649/1886 3951/1656/2073 3760/2490/1887
f 3388/2493/1525 3761/3137/1888 3950/3143/2072 3760/2490/1887
f 3388/2493/1525 3762/2495/1889 3952/3134/2074 3761/3137/1888
f 3388/2493/1525 3763/1659/1890 3953/1670/2075 3762/2495/1889
f 3389/198/1526 3825/686/1947 3570/684/1697 3204/196/1346
f 3390/4562/1527 3805/5073/1927 3540/5067/1667 3209/4540/1351
f 3391/4311/1528 3776/5427/1898 3494/5425/1621 3214/4304/1356
f 3392/5324/1529 3795/5614/1917 3525/5616/1652 3219/5327/1361
f 3393/2169/1530 3786/4475/1908 3509/4474/1636 3224/2166/1366
f 3394/1052/1531 3816/2155/1938 3554/2148/1681 3229/1047/1371
f 3395/1503/1532 3839/2851/1961 3591/2853/1718 3234/1505/1376
f 3396/126/1533 3845/1776/1967 3600/1783/1727 3244/128/1386
f 3397/1430/1534 3922/2787/2044 3704/2700/1831 3249/1410/1391
f 3398/461/1535 3892/638/2014 3659/644/1786 3254/463/1396
f 3399/251/1536 3855/544/1977 3615/543/1742 3259/250/1401
f 3400/485/1537 3882/1166/2004 3644/1169/1771 3264/488/1406
f 3401/887/1538 3865/1834/1987 3630/1833/1757 3269/884/1411
f 3402/5607/1539 3903/5400/2025 3688/5406/1815 3274/5608/1416
f 3403/3543/1540 3905/1955/2027 3690/1959/1817 3279/3545/1421
f 3404/3800/1541 3926/2288/2048 3725/2291/1852 3284/3832/1426
f 3405/192/1542 3833/678/1955 3583/670/1710 3205/190/1347
f 3406/188/1543 3831/656/1953 3579/650/1706 3206/184/1348
f 3407/178/1544 3829/648/1951 3576/653/1703 3207/180/1349
f 3408/181/1545 3827/657/1949 3573/663/1700 3208/185/1350
f 3409/4541/1546 3813/5066/1935 3553/5071/1680 3210/4557/1352
f 3410/4568/1547 3811/5074/1933 3549/5077/1676 3211/4589/1353
f 3411/4593/1548 3809/5081/1931 3546/5080/1673 3212/4587/1354
f 3412/4566/1549 3807/5076/1929 3543/5072/1670 3213/4543/1355
f 3413/4296/1550 3774/5423/1896 3506/5421/1633 3215/4294/1357
f 3414/4297/1551 3782/5418/1904 3502/5416/1629 3216/4299/1358
f 3415/4291/1552 3780/5412/1902 3499/5408/1626 3217/4287/1359
f 3416/4257/1553 3778/5404/1900 3496/5402/1623 3218/4253/1360
f 3417/5329/1554 3803/5622/1925 3538/5620/1665 3220/5331/1362
f 3418/5333/1555 3801/5624/1923 3534/5626/1661 3221/5335/1363
f 3419/5338/1556 3799/5628/1921 3531/5630/1658 3222/5341/1364
f 3420/5343/1557 3797/5633/1919 3528/5635/1655 3223/5345/1365
f 3421/2159/1558 3784/4473/1906 3521/4469/1648 3225/2158/1367
f 3422/2160/1559 3792/4467/1914 3517/4466/1644 3226/2164/1368
f 3423/2165/1560 3790/4437/1912 3514/4436/1641 3227/2161/1369
f 3424/2157/1561 3788/4435/1910 3511/4434/1638 3228/2153/1370
f 3425/1046/1562 3814/2134/1936 3566/2118/1693 3230/1042/1372
f 3426/1035/1563 3822/2114/1944 3562/2101/1689 3231/1018/1373
f 3427/1011/1564 3820/2092/1942 3559/2087/1686 3232/1006/1374
f 3428/1000/1565 3818/2079/1940 3556/2072/1683 3233/996/1375
f 3429/1507/1566 3837/2857/1959 3588/2864/1715 3235/1509/1377
f 3430/1513/1567 3835/2869/1957 3585/2874/1712 3236/1517/1378
f 3431/1518/1568 3843/2875/1965 3598/2876/1725 3237/1521/1379
f 3432/1520/1569 3841/2872/1963 3594/2871/1721 3238/1519/1380
f 3433/1109/1570 3842/433/1964 3584/431/1711 3239/1111/1381
f 3434/1105/1571 3834/425/1956 3587/419/1714 3240/1093/1382
f 3435/1085/1572 3836/415/1958 3590/411/1717 3241/1083/1383
f 3436/1091/1573 3838/417/1960 3593/423/1720 3242/1107/1384
f 3437/1087/1574 3840/421/1962 3596/427/1723 3243/1096/1385
f 3438/122/1575 3853/1752/1975 3613/1759/1740 3245/124/1387
f 3439/110/1576 3851/1734/1973 3609/1742/1736 3246/116/1388
f 3440/104/1577 3849/1721/1971 3606/1728/1733 3247/106/1389
f 3441/130/1578 3847/1791/1969 3603/1799/1730 3248/132/1390
f 3442/1477/1579 3920/2910/2042 3716/2848/1843 3250/1451/1392
f 3443/1538/1580 3918/3007/2040 3713/2965/1840 3251/1501/1393
f 3444/1638/1581 3916/3092/2038 3710/3048/1837 3252/1595/1394
f 3445/1393/1582 3914/2631/2036 3707/2586/1834 3253/1357/1395
f 3446/456/1583 3890/628/2012 3671/631/1798 3255/459/1397
f 3447/452/1584 3888/613/2010 3668/626/1795 3256/454/1398
f 3448/443/1585 3886/595/2008 3665/600/1792 3257/449/1399
f 3449/465/1586 3884/662/2006 3662/701/1789 3258/467/1400
f 3450/253/1587 3863/550/1985 3628/545/1755 3260/252/1402
f 3451/257/1588 3861/560/1983 3624/553/1751 3261/255/1403
f 3452/258/1589 3859/562/1981 3621/561/1748 3262/259/1404
f 3453/248/1590 3857/537/1979 3618/535/1745 3263/249/1405
f 3454/481/1591 3880/1146/2002 3656/1159/1783 3265/483/1407
f 3455/477/1592 3878/1128/2000 3653/1135/1780 3266/479/1408
f 3456/473/1593 3876/1121/1998 3650/1124/1777 3267/475/1409
f 3457/492/1594 3874/1172/1996 3647/1176/1774 3268/495/1410
f 3458/890/1595 3873/1838/1995 3643/1835/1770 3270/888/1412
f 3459/892/1596 3871/1843/1993 3639/1839/1766 3271/891/1413
f 3460/895/1597 3869/1853/1991 3636/1848/1763 3272/894/1414
f 3461/883/1598 3867/1831/1989 3633/1829/1760 3273/885/1415
f 3462/5603/1599 3895/5397/2017 3675/5399/1802 3275/5605/1417
f 3463/5599/1600 3897/5393/2019 3678/5395/1805 3276/5601/1418
f 3464/5595/1601 3899/5389/2021 3681/5391/1808 3277/5597/1419
f 3465/5612/1602 3901/5410/2023 3684/5414/1811 3278/5618/1420
f 3466/3539/1603 3913/1949/2035 3703/1953/1830 3280/3540/1422
f 3467/3537/1604 3911/1942/2033 3699/1947/1826 3281/3538/1423
f 3468/3526/1605 3909/1927/2031 3696/1933/1823 3282/3530/1424
f 3469/3548/1606 3907/1961/2029 3693/1963/1820 3283/3594/1425
f 3470/3782/1607 3924/2277/2046 3722/2282/1849 3285/3790/1427
f 3471/3768/1608 3932/2263/2054 3719/2268/1846 3286/3772/1428
f 3472/3747/1609 3930/2259/2052 3731/2261/1858 3287/3761/1429
f 3473/3835/1610 3928/2297/2050 3728/2294/1855 3288/3837/1430
f 3474/355/1611 3925/738/2047 3720/731/1847 3289/353/1431
f 3475/359/1612 3927/745/2049 3723/743/1850 3290/357/1432
f 3476/363/1613 3929/752/2051 3726/748/1853 3291/361/1433
f 3477/348/1614 3931/737/2053 3729/742/1856 3292/346/1434
f 3478/351/1615 3933/728/2055 3733/730/1860 3293/349/1435
f 3479/1499/6946 3766/1531/6979 3481/1588/6949 3768/1615/6982 3484/1625/6955 3770/1605/6985 3487/1560/6961 3772/1510/6988 3491/1494/6970 3764/1491/6976
f 3479/1549/6945 3954/152/2076 3960/153/2082 3766/1552/6978
f 3481/1539/6948 3955/150/2077 3961/149/2083 3768/1540/6981
f 3482/5728/6951 3767/1718/1892 3480/1724/1616 3294/5732/6930
f 3484/1541/6954 3956/148/2078 3962/146/2084 3770/1542/6984
f 3485/5748/6957 3769/1800/1893 3483/1806/1617 3295/5756/6933
f 3487/1544/6960 3957/145/2079 3963/144/2085 3772/1545/6987
f 3488/5744/6963 3771/1788/1894 3486/1794/1618 3296/5746/6936
f 3490/5736/6966 3765/1737/1891 3493/1748/1620 3298/5738/6941
f 3491/1546/6968 3958/147/2080 3959/151/2081 3764/1547/6975
f 3492/5740/6972 3773/1770/1895 3489/1784/1619 3297/5742/6939
f 3494/5425/1621 3774/5423/1896 3413/4296/1550 3214/4304/1356
f 3496/5429/1623 3776/5427/1898 3391/4311/1528 3218/4318/1360
f 3497/671/1624 3777/2759/1899 3495/2763/1622 3299/673/1436
f 3499/5408/1626 3778/5404/1900 3416/4257/1553 3217/4287/1359
f 3500/697/1627 3779/2797/1901 3498/2801/1625 3300/699/1437
f 3502/5416/1629 3780/5412/1902 3415/4291/1552 3216/4299/1358
f 3503/693/1630 3781/2786/1903 3501/2794/1628 3301/695/1438
f 3505/676/1632 3774/273/1896 3494/271/1621 3299/673/1436
f 3505/676/1632 3775/2767/1897 3508/2770/1635 3303/682/1440
f 3506/5421/1633 3782/5418/1904 3414/4297/1551 3215/4294/1357
f 3507/688/1634 3783/2772/1905 3504/2779/1631 3302/690/1439
f 3509/4474/1636 3784/4473/1906 3421/2159/1558 3224/2166/1366
f 3510/5582/1637 3954/152/2076 3959/151/2081 3785/5581/1907
f 3511/4476/1638 3786/4475/1908 3393/2169/1530 3228/2170/1370
f 3512/5359/1639 3787/5583/1909 3510/5582/1637 3304/5358/1441
f 3513/5584/1640 3955/154/2077 3960/153/2082 3787/5583/1909
f 3514/4436/1641 3788/4435/1910 3424/2157/1561 3227/2161/1369
f 3515/5350/1642 3789/5578/1911 3513/5579/1640 3305/5352/1442
f 3516/5577/1643 3956/148/2078 3961/149/2083 3789/5578/1911
f 3517/4466/1644 3790/4437/1912 3423/2165/1560 3226/2164/1368
f 3518/5353/1645 3791/5575/1913 3516/5577/1643 3306/5351/1443
f 3519/5574/1646 3957/145/2079 3962/146/2084 3791/5575/1913
f 3520/5357/1647 3784/4473/1906 3509/4474/1636 3304/5358/1441
f 3520/5357/1647 3785/5581/1907 3523/5580/1650 3308/5356/1445
f 3521/4469/1648 3792/4467/1914 3422/2160/1559 3225/2158/1367
f 3522/5355/1649 3793/5576/1915 3519/5574/1646 3307/5354/1444
f 3523/5580/1650 3958/147/2080 3963/144/2085 3793/5576/1915
f 3525/5616/1652 3803/5622/1925 3417/5329/1554 3219/5327/1361
f 3526/587/1653 3794/1152/1916 3524/1144/1651 3309/586/1446
f 3526/587/1653 3795/324/1917 3528/327/1655 3310/590/1447
f 3528/5610/1655 3795/5614/1917 3392/5324/1529 3223/5322/1365
f 3529/585/1656 3796/1148/1918 3527/1143/1654 3310/583/1447
f 3529/585/1656 3797/322/1919 3531/325/1658 3311/584/1448
f 3531/5630/1658 3797/5633/1919 3420/5343/1557 3222/5341/1364
f 3532/580/1659 3798/1149/1920 3530/1150/1657 3311/584/1448
f 3532/580/1659 3799/326/1921 3534/323/1661 3312/579/1449
f 3534/5626/1661 3799/5628/1921 3419/5338/1556 3221/5335/1363
f 3535/577/1662 3800/1142/1922 3533/1147/1660 3312/579/1449
f 3535/577/1662 3801/321/1923 3538/318/1665 3313/578/1450
f 3537/581/1664 3803/317/1925 3525/320/1652 3309/586/1446
f 3538/5620/1665 3801/5624/1923 3418/5333/1555 3220/5331/1362
f 3540/5067/1667 3813/5066/1935 3409/4541/1546 3209/4540/1351
f 3541/840/1668 3804/1893/1926 3539/1883/1666 3314/829/1451
f 3541/840/1668 3805/507/1927 3543/516/1670 3315/864/1452
f 3543/5078/1670 3805/5073/1927 3390/4562/1527 3213/4573/1355
f 3544/837/1671 3806/1880/1928 3542/1871/1669 3315/824/1452
f 3544/837/1671 3807/512/1929 3546/520/1673 3316/845/1453
f 3546/5080/1673 3807/5076/1929 3412/4566/1549 3212/4587/1354
f 3547/860/1674 3808/1899/1930 3545/1890/1672 3316/845/1453
f 3547/860/1674 3809/522/1931 3549/517/1676 3317/847/1454
f 3549/5077/1676 3809/5081/1931 3411/4593/1548 3211/4589/1353
f 3550/842/1677 3810/1887/1932 3548/1894/1675 3317/847/1454
f 3550/842/1677 3811/509/1933 3553/504/1680 3318/831/1455
f 3552/827/1679 3813/498/1935 3540/500/1667 3314/829/1451
f 3553/5071/1680 3811/5074/1933 3410/4568/1547 3210/4557/1352
f 3554/2148/1681 3814/2134/1936 3425/1046/1562 3229/1047/1371
f 3556/2168/1683 3816/2155/1938 3394/1052/1531 3233/1053/1375
f 3557/4098/1684 3817/5254/1939 3555/5252/1682 3319/4087/1456
f 3559/2087/1686 3818/2079/1940 3428/1000/1565 3232/1006/1374
f 3560/3999/1687 3819/5236/1941 3558/5233/1685 3320/3998/1457
f 3562/2101/1689 3820/2092/1942 3427/1011/1564 3231/1018/1373
f 3563/4007/1690 3821/5242/1943 3561/5241/1688 3321/4000/1458
f 3565/4079/1692 3814/2134/1936 3554/2148/1681 3319/4087/1456
f 3565/4079/1692 3815/5249/1937 3568/5248/1695 3323/4076/1460
f 3566/2118/1693 3822/2114/1944 3426/1035/1563 3230/1042/1372
f 3567/4075/1694 3823/5246/1945 3564/5244/1691 3322/4057/1459
f 3570/684/1697 3833/678/1955 3405/192/1542 3204/196/1346
f 3571/4855/1698 3824/5557/1946 3569/5559/1696 3324/4861/1461
f 3571/4855/1698 3825/686/1947 3573/680/1700 3325/4847/1462
f 3573/680/1700 3825/686/1947 3389/198/1526 3208/194/1350
f 3574/4806/1701 3826/5543/1948 3572/5548/1699 3325/4812/1462
f 3574/4806/1701 3827/657/1949 3576/653/1703 3326/4793/1463
f 3576/653/1703 3827/657/1949 3408/181/1545 3207/180/1349
f 3577/4789/1704 3828/5535/1950 3575/5540/1702 3326/4793/1463
f 3577/4789/1704 3829/648/1951 3579/650/1706 3327/4791/1464
f 3579/650/1706 3829/648/1951 3407/178/1544 3206/184/1348
f 3580/4808/1707 3830/5545/1952 3578/5538/1705 3327/4791/1464
f 3580/4808/1707 3831/656/1953 3583/670/1710 3328/4816/1465
f 3582/4845/1709 3833/678/1955 3570/684/1697 3324/4861/1461
f 3583/670/1710 3831/656/1953 3406/188/1543 3205/190/1347
f 3584/431/1711 3834/425/1956 3434/1105/1571 3239/1111/1381
f 3585/2874/1712 3843/2875/1965 3431/1518/1568 3236/1517/1378
f 3586/4628/1713 3834/5312/1956 3584/5314/1711 3329/4634/1466
f 3586/4628/1713 3835/2869/1957 3588/2864/1715 3330/4595/1467
f 3587/419/1714 3836/415/1958 3435/1085/1572 3240/1093/1382
f 3588/2864/1715 3835/2869/1957 3430/1513/1567 3235/1509/1377
f 3589/4574/1716 3836/5305/1958 3587/5307/1714 3330/4595/1467
f 3589/4574/1716 3837/2857/1959 3591/2853/1718 3331/4567/1468
f 3590/411/1717 3838/417/1960 3436/1091/1573 3241/1083/1383
f 3591/2853/1718 3837/2857/1959 3429/1507/1566 3234/1505/1376
f 3592/4565/1719 3838/5301/1960 3590/5302/1717 3331/4567/1468
f 3592/4565/1719 3839/2851/1961 3594/2854/1721 3332/4570/1469
f 3593/408/1720 3840/421/1962 3437/1087/1574 3242/1081/1384
f 3594/2854/1721 3839/2851/1961 3395/1503/1532 3238/1502/1380
f 3595/4633/1722 3840/5311/1962 3593/5310/1720 3332/4598/1469
f 3595/4633/1722 3841/2872/1963 3598/2876/1725 3333/4635/1470
f 3596/427/1723 3842/433/1964 3433/1109/1570 3243/1096/1385
f 3597/4640/1724 3843/2875/1965 3585/2874/1712 3329/4634/1466
f 3598/2876/1725 3841/2872/1963 3432/1520/1569 3237/1521/1379
f 3600/1783/1727 3847/1791/1969 3441/130/1578 3244/128/1386
f 3602/5729/1729 3847/1791/1969 3600/1783/1727 3334/5725/1471
f 3603/1712/1730 3849/1721/1971 3440/104/1577 3248/100/1390
f 3605/5709/1732 3849/1721/1971 3603/1712/1730 3335/5707/1472
f 3606/1728/1733 3851/1734/1973 3439/110/1576 3247/106/1389
f 3608/5713/1735 3851/1734/1973 3606/1728/1733 3336/5711/1473
f 3609/1742/1736 3853/1752/1975 3438/122/1575 3246/116/1388
f 3610/5759/1737 3844/1755/1966 3599/1746/1726 3334/5753/1471
f 3610/5721/1737 3845/1776/1967 3613/1759/1740 3338/5719/1475
f 3612/5717/1739 3853/1752/1975 3609/1742/1736 3337/5715/1474
f 3613/1759/1740 3845/1776/1967 3396/126/1533 3245/124/1387
f 3615/543/1742 3857/537/1979 3453/248/1590 3259/250/1401
f 3617/2394/1744 3857/537/1979 3615/543/1742 3339/2404/1476
f 3618/563/1745 3859/562/1981 3452/258/1589 3263/256/1405
f 3620/2453/1747 3859/562/1981 3618/563/1745 3340/2458/1477
f 3621/561/1748 3861/560/1983 3451/257/1588 3262/259/1404
f 3623/2429/1750 3861/560/1983 3621/561/1748 3341/2445/1478
f 3624/553/1751 3863/550/1985 3450/253/1587 3261/255/1403
f 3625/2412/1752 3854/5286/1976 3614/5284/1741 3339/2404/1476
f 3625/2412/1752 3855/544/1977 3628/545/1755 3343/2418/1480
f 3627/2424/1754 3863/550/1985 3624/553/1751 3342/2427/1479
f 3628/545/1755 3855/544/1977 3399/251/1536 3260/252/1402
f 3630/1833/1757 3867/1831/1989 3461/883/1598 3269/884/1411
f 3632/3267/1759 3867/1831/1989 3630/1833/1757 3344/3269/1481
f 3633/1855/1760 3869/1853/1991 3460/895/1597 3273/896/1415
f 3635/3308/1762 3869/1853/1991 3633/1855/1760 3345/3309/1482
f 3636/1848/1763 3871/1843/1993 3459/892/1596 3272/894/1414
f 3638/3306/1765 3871/1843/1993 3636/1848/1763 3346/3307/1483
f 3639/1839/1766 3873/1838/1995 3458/890/1595 3271/891/1413
f 3640/3270/1767 3864/5131/1986 3629/5129/1756 3344/3269/1481
f 3640/3270/1767 3865/1834/1987 3643/1835/1770 3348/3272/1485
f 3642/3273/1769 3873/1838/1995 3639/1839/1766 3347/3275/1484
f 3643/1835/1770 3865/1834/1987 3401/887/1538 3270/888/1412
f 3644/1169/1771 3874/1172/1996 3457/492/1594 3264/488/1406
f 3646/2470/1773 3874/1172/1996 3644/1169/1771 3349/2461/1486
f 3646/2470/1773 3875/4482/1997 3648/4490/1775 3350/2479/1487
f 3647/1115/1774 3876/1121/1998 3456/473/1593 3268/470/1410
f 3649/2357/1776 3876/1121/1998 3647/1115/1774 3350/2352/1487
f 3649/2357/1776 3877/4314/1999 3651/4322/1778 3351/2363/1488
f 3650/1124/1777 3878/1128/2000 3455/477/1592 3267/475/1409
f 3652/2380/1779 3878/1128/2000 3650/1124/1777 3351/2363/1488
f 3652/2380/1779 3879/4377/2001 3654/4399/1781 3352/2405/1489
f 3653/1135/1780 3880/1146/2002 3454/481/1591 3266/479/1408
f 3655/2417/1782 3880/1146/2002 3653/1135/1780 3352/2405/1489
f 3655/2417/1782 3881/4410/2003 3658/4421/1785 3353/2426/1490
f 3656/1159/1783 3882/1166/2004 3400/485/1537 3265/483/1407
f 3657/2433/1784 3883/4432/2005 3645/4471/1772 3349/2461/1486
f 3659/644/1786 3884/662/2006 3449/465/1586 3254/463/1396
f 3661/1064/1788 3884/662/2006 3659/644/1786 3354/1050/1491
f 3661/1064/1788 3885/1919/2007 3663/1956/1790 3355/1074/1492
f 3662/592/1789 3886/595/2008 3448/443/1585 3258/413/1400
f 3664/940/1791 3886/595/2008 3662/592/1789 3355/925/1492
f 3664/940/1791 3887/1692/2009 3666/1703/1793 3356/946/1493
f 3665/600/1792 3888/613/2010 3447/452/1584 3257/449/1399
f 3667/954/1794 3888/613/2010 3665/600/1792 3356/946/1493
f 3667/954/1794 3889/1762/2011 3669/1811/1796 3357/988/1494
f 3668/626/1795 3890/628/2012 3446/456/1583 3256/454/1398
f 3670/994/1797 3890/628/2012 3668/626/1795 3357/988/1494
f 3670/994/1797 3891/1826/2013 3673/1849/1800 3358/1005/1495
f 3671/631/1798 3892/638/2014 3398/461/1535 3255/459/1397
f 3672/1032/1799 3893/1867/2015 3660/1896/1787 3354/1050/1491
f 3675/5399/1802 3903/5400/2025 3402/5607/1539 3275/5605/1417
f 3676/4160/1803 3894/865/2016 3674/868/1801 3359/4162/1496
f 3676/4160/1803 3895/5397/2017 3678/5395/1805 3360/4157/1497
f 3678/5395/1805 3895/5397/2017 3462/5603/1599 3276/5601/1418
f 3679/4153/1806 3896/856/2018 3677/857/1804 3360/4157/1497
f 3679/4153/1806 3897/5393/2019 3681/5391/1808 3361/4150/1498
f 3681/5391/1808 3897/5393/2019 3463/5599/1600 3277/5597/1419
f 3682/4148/1809 3898/852/2020 3680/850/1807 3361/4150/1498
f 3682/4148/1809 3899/5389/2021 3684/5387/1811 3362/4146/1499
f 3684/5387/1811 3899/5389/2021 3464/5595/1601 3278/5592/1420
f 3685/4219/1812 3900/874/2022 3683/870/1810 3362/4213/1499
f 3685/4219/1812 3901/5410/2023 3688/5406/1815 3363/4221/1500
f 3687/4211/1814 3903/5400/2025 3675/5399/1802 3359/4162/1496
f 3688/5406/1815 3901/5410/2023 3465/5612/1602 3274/5608/1416
f 3690/1959/1817 3907/1961/2029 3469/3548/1606 3279/3545/1421
f 3692/934/1819 3907/1961/2029 3690/1959/1817 3364/932/1501
f 3693/1921/1820 3909/1927/2031 3468/3526/1605 3283/3494/1425
f 3695/921/1822 3909/1927/2031 3693/1921/1820 3365/919/1502
f 3696/1933/1823 3911/1942/2033 3467/3537/1604 3282/3530/1424
f 3698/924/1825 3911/1942/2033 3696/1933/1823 3366/923/1503
f 3699/1947/1826 3913/1949/2035 3466/3539/1603 3281/3538/1423
f 3700/5508/1827 3904/5231/2026 3689/5234/1816 3364/5509/1501
f 3700/931/1827 3905/1955/2027 3703/1953/1830 3368/930/1505
f 3702/928/1829 3913/1949/2035 3699/1947/1826 3367/927/1504
f 3703/1953/1830 3905/1955/2027 3403/3543/1540 3280/3540/1422
f 3704/2700/1831 3914/2631/2036 3445/1393/1582 3249/1410/1391
f 3706/3988/1833 3914/2631/2036 3704/2700/1831 3369/4142/1506
f 3706/3988/1833 3915/4994/2037 3708/4941/1835 3370/3789/1507
f 3707/3122/1834 3916/3092/2038 3444/1638/1581 3253/1687/1395
f 3709/4970/1836 3916/3092/2038 3707/3122/1834 3370/5012/1507
f 3709/4970/1836 3917/5184/2039 3711/5172/1838 3371/4933/1508
f 3710/3048/1837 3918/3007/2040 3443/1538/1580 3252/1595/1394
f 3712/4849/1839 3918/3007/2040 3710/3048/1837 3371/4933/1508
f 3712/4849/1839 3919/5151/2041 3714/5109/1841 3372/4748/1509
f 3713/2965/1840 3920/2910/2042 3442/1477/1579 3251/1501/1393
f 3715/4642/1842 3920/2910/2042 3713/2965/1840 3372/4748/1509
f 3715/4642/1842 3921/5068/2043 3718/5050/1845 3373/4491/1510
f 3716/2848/1843 3922/2787/2044 3397/1430/1534 3250/1451/1392
f 3717/4319/1844 3923/5035/2045 3705/5026/1832 3369/4142/1506
f 3719/2268/1846 3924/2277/2046 3470/3782/1607 3286/3772/1428
f 3720/731/1847 3933/728/2055 3478/351/1615 3289/353/1431
f 3721/1367/1848 3924/2277/2046 3719/2268/1846 3374/1361/1511
f 3721/1367/1848 3925/738/2047 3723/743/1850 3375/1374/1512
f 3722/2282/1849 3926/2288/2048 3404/3800/1541 3285/3790/1427
f 3723/743/1850 3925/738/2047 3474/355/1611 3290/357/1432
f 3724/1378/1851 3926/2288/2048 3722/2282/1849 3375/1374/1512
f 3724/1378/1851 3927/745/2049 3726/748/1853 3376/1383/1513
f 3725/2291/1852 3928/2297/2050 3473/3835/1610 3284/3832/1426
f 3726/748/1853 3927/745/2049 3475/359/1612 3291/361/1433
f 3727/1386/1854 3928/2297/2050 3725/2291/1852 3376/1383/1513
f 3727/1386/1854 3929/752/2051 3729/750/1856 3377/1381/1514
f 3728/2257/1855 3930/2259/2052 3472/3747/1609 3288/3741/1430
f 3729/750/1856 3929/752/2051 3476/363/1613 3292/366/1434
f 3730/1366/1857 3930/2259/2052 3728/2257/1855 3377/1371/1514
f 3730/1366/1857 3931/737/2053 3733/730/1860 3378/1359/1515
f 3731/2261/1858 3932/2263/2054 3471/3768/1608 3287/3761/1429
f 3732/1356/1859 3933/728/2055 3720/731/1847 3374/1361/1511
f 3733/730/1860 3931/737/2053 3477/348/1614 3293/349/1435
f 3736/5465/1863 3934/3744/2056 3734/3749/1861 3379/5463/1516
f 3736/556/1863 3935/2216/2057 3738/2217/1865 3380/554/1517
f 3739/5481/1866 3936/3766/2058 3737/3770/1864 3380/5483/1517
f 3739/548/1866 3937/2207/2059 3741/2214/1868 3381/549/1518
f 3742/5477/1869 3938/3753/2060 3740/3763/1867 3381/5479/1518
f 3742/551/1869 3939/2213/2061 3744/2210/1871 3382/552/1519
f 3745/5473/1872 3940/3757/2062 3743/3755/1870 3382/5475/1519
f 3745/555/1872 3941/2209/2063 3748/2208/1875 3383/557/1520
f 3747/559/1874 3943/2211/2065 3735/2215/1862 3379/558/1516
f 3751/2508/1878 3944/3142/2066 3749/3136/1876 3384/2507/1521
f 3751/2508/1878 3945/1667/2067 3753/1660/1880 3385/2517/1522
f 3754/2484/1881 3946/3138/2068 3752/3130/1879 3385/2483/1522
f 3754/2484/1881 3947/1647/2069 3756/1644/1883 3386/2485/1523
f 3757/2486/1884 3948/3151/2070 3755/3147/1882 3386/2485/1523
f 3757/2486/1884 3949/1645/2071 3759/1649/1886 3387/2488/1524
f 3760/2490/1887 3950/3143/2072 3758/3149/1885 3387/2488/1524
f 3760/2490/1887 3951/1656/2073 3763/1659/1890 3388/2493/1525
f 3762/2495/1889 3953/1670/2075 3750/1672/1877 3384/2507/1521
f 3764/1547/6974 3959/151/2081 3954/152/2076 3479/1549/6944
f 3766/1552/6977 3960/153/2082 3955/154/2077 3481/1553/6947
f 3768/1540/6980 3961/149/2083 3956/148/2078 3484/1541/6953
f 3770/1542/6983 3962/146/2084 3957/145/2079 3487/1544/6959
f 3772/1545/6986 3963/144/2085 3958/147/2080 3491/1546/6969
f 3785/5581/1907 3959/151/2081 3958/147/2080 3523/5580/1650
f 3787/5583/1909 3960/153/2082 3954/152/2076 3510/5582/1637
f 3789/5578/1911 3961/149/2083 3955/150/2077 3513/5579/1640
f 3791/5575/1913 3962/146/2084 3956/148/2078 3516/5577/1643
f 3793/5576/1915 3963/144/2085 3957/145/2079 3519/5574/1646
f 3964/4513/6989 3974/4512/7009 3983/4663/7027 3973/4664/7007
f 3965/4354/6992 3975/4353/7012 3974/4512/7010 3964/4513/6990
f 3966/4189/6994 3976/4188/7014 3975/4353/7011 3965/4354/6991
f 3967/4028/6996 3977/4027/7016 3976/4188/7013 3966/4189/6993
f 3968/3890/6998 3978/3889/7018 3977/4027/7015 3967/4028/6995
f 3969/3706/7000 3979/3693/7020 3978/3889/7017 3968/3890/6997
f 3970/3572/7002 3980/3571/7022 3979/3693/7019 3969/3706/6999
f 3971/3445/7004 3981/3444/7024 3980/3571/7021 3970/3572/7001
f 3972/3335/7006 3982/3334/7026 3981/3444/7023 3971/3445/7003
f 3973/3224/7008 3983/3223/7028 3982/3334/7025 3972/3335/7005
f 3984/4819/7029 3994/4820/7049 4003/4888/7067 3993/4887/7047
f 3985/4739/7032 3995/4740/7052 3994/4820/7050 3984/4819/7030
f 3986/4646/7034 3996/4647/7054 3995/4740/7051 3985/4739/7031
f 3987/4495/7036 3997/4496/7056 3996/4647/7053 3986/4646/7033
f 3988/4332/7038 3998/4333/7058 3997/4496/7055 3987/4495/7035
f 3989/4165/7040 3999/4166/7060 3998/4333/7057 3988/4332/7037
f 3990/4012/7042 4000/4013/7062 3999/4166/7059 3989/4165/7039
f 3991/3873/7044 4001/3874/7064 4000/4013/7061 3990/4012/7041
f 3992/3677/7046 4002/3678/7066 4001/3874/7063 3991/3873/7043
f 3993/3551/7048 4003/3552/7068 4002/3678/7065 3992/3677/7045
f 4004/38/2086 4009/5854/2091 4019/5855/2101 4016/39/2098
f 4004/1061/2086 4034/1066/2116 4026/1167/2108 4010/1089/2092
f 4005/36/2087 4011/5852/2093 4020/5853/2102 4010/37/2092
f 4005/1141/2087 4032/1229/2114 4025/1283/2107 4012/1164/2094
f 4006/32/2088 4013/5850/2095 4021/5851/2103 4012/35/2094
f 4006/821/2088 4030/773/2112 4024/801/2106 4014/901/2096
f 4007/42/2089 4015/5858/2097 4022/5859/2104 4014/43/2096
f 4007/935/2089 4036/820/2118 4028/899/2110 4017/951/2099
f 4008/40/2090 4018/5856/2100 4023/5857/2105 4017/41/2099
f 4008/981/2090 4037/939/2119 4027/992/2109 4016/1014/2098
f 4009/163/2091 4064/168/2146 4076/170/2158 4019/165/2101
f 4010/37/2092 4020/5853/2102 4009/5854/2091 4004/38/2086
f 4010/1089/2092 4026/1167/2108 4032/1229/2114 4005/1141/2087
f 4011/159/2093 4065/160/2147 4070/162/2152 4020/161/2102
f 4012/35/2094 4021/5851/2103 4011/5852/2093 4005/36/2087
f 4012/1164/2094 4025/1283/2107 4030/1319/2112 4006/1177/2088
f 4013/156/2095 4066/155/2148 4072/157/2154 4021/158/2103
f 4014/43/2096 4022/5859/2104 4013/5861/2095 4006/44/2088
f 4014/901/2096 4024/801/2106 4036/820/2118 4007/935/2089
f 4015/167/2097 4067/174/2149 4074/175/2156 4022/169/2104
f 4016/39/2098 4019/5855/2101 4018/5856/2100 4008/40/2090
f 4016/1014/2098 4027/992/2109 4034/1066/2116 4004/1061/2086
f 4017/41/2099 4023/5857/2105 4015/5858/2097 4007/42/2089
f 4017/951/2099 4028/899/2110 4037/939/2119 4008/981/2090
f 4018/166/2100 4068/172/2150 4077/173/2159 4023/164/2105
f 4019/165/2101 4076/170/2158 4068/172/2150 4018/166/2100
f 4020/161/2102 4070/162/2152 4064/168/2146 4009/163/2091
f 4021/158/2103 4072/157/2154 4065/160/2147 4011/159/2093
f 4022/169/2104 4074/175/2156 4066/176/2148 4013/171/2095
f 4023/164/2105 4077/173/2159 4067/174/2149 4015/167/2097
f 4024/801/2106 4029/808/2111 4039/836/2121 4036/820/2118
f 4025/1283/2107 4031/1294/2113 4040/1348/2122 4030/1319/2112
f 4026/1167/2108 4033/1199/2115 4041/1263/2123 4032/1229/2114
f 4027/992/2109 4035/1044/2117 4042/1094/2124 4034/1066/2116
f 4028/899/2110 4038/912/2120 4043/950/2125 4037/939/2119
f 4029/45/2111 4044/2977/2126 4056/2970/2138 4039/46/2121
f 4030/773/2112 4040/787/2122 4029/808/2111 4024/801/2106
f 4031/52/2113 4045/2968/2127 4050/2984/2132 4040/48/2122
f 4032/1229/2114 4041/1263/2123 4031/1294/2113 4025/1283/2107
f 4033/62/2115 4046/2922/2128 4052/2944/2134 4041/58/2123
f 4034/1066/2116 4042/1094/2124 4033/1199/2115 4026/1167/2108
f 4035/60/2117 4047/2917/2129 4054/2911/2136 4042/63/2124
f 4036/820/2118 4039/836/2121 4038/912/2120 4028/899/2110
f 4037/939/2119 4043/950/2125 4035/1044/2117 4027/992/2109
f 4038/50/2120 4048/2957/2130 4057/2931/2139 4043/56/2125
f 4039/46/2121 4056/2970/2138 4048/2957/2130 4038/50/2120
f 4040/47/2122 4050/2971/2132 4044/2977/2126 4029/45/2111
f 4041/58/2123 4052/2944/2134 4045/2968/2127 4031/52/2113
f 4042/63/2124 4054/2911/2136 4046/2922/2128 4033/62/2115
f 4043/56/2125 4057/2931/2139 4047/2917/2129 4035/60/2117
f 4044/2977/2126 4049/3112/2131 4059/3117/2141 4056/2970/2138
f 4045/2968/2127 4051/3118/2133 4060/3103/2142 4050/2984/2132
f 4046/2922/2128 4053/3156/2135 4061/3132/2143 4052/2944/2134
f 4047/2917/2129 4055/3158/2137 4062/3164/2144 4054/2911/2136
f 4048/2957/2130 4058/3127/2140 4063/3145/2145 4057/2931/2139
f 4049/3112/2131 4082/5827/2164 4075/5826/2157 4059/3117/2141
f 4050/2971/2132 4060/3116/2142 4049/3112/2131 4044/2977/2126
f 4051/3118/2133 4081/5819/2163 4073/5825/2155 4060/3103/2142
f 4052/2944/2134 4061/3132/2143 4051/3118/2133 4045/2968/2127
f 4053/3156/2135 4080/5811/2162 4071/5815/2153 4061/3132/2143
f 4054/2911/2136 4062/3164/2144 4053/3156/2135 4046/2922/2128
f 4055/3158/2137 4079/5813/2161 4069/5808/2151 4062/3164/2144
f 4056/2970/2138 4059/3117/2141 4058/3127/2140 4048/2957/2130
f 4057/2931/2139 4063/3145/2145 4055/3158/2137 4047/2917/2129
f 4058/3127/2140 4083/5821/2165 4078/5816/2160 4063/3145/2145
f 4059/3117/2141 4075/5826/2157 4083/5821/2165 4058/3127/2140
f 4060/3116/2142 4073/5824/2155 4082/5827/2164 4049/3112/2131
f 4061/3132/2143 4071/5815/2153 4081/5819/2163 4051/3118/2133
f 4062/3164/2144 4069/5808/2151 4080/5811/2162 4053/3156/2135
f 4063/3145/2145 4078/5816/2160 4079/5813/2161 4055/3158/2137
f 4064/168/2146 4069/5777/2151 4079/5778/2161 4076/170/2158
f 4065/160/2147 4071/5775/2153 4080/5776/2162 4070/162/2152
f 4066/155/2148 4073/5773/2155 4081/5774/2163 4072/157/2154
f 4067/174/2149 4075/5781/2157 4082/5782/2164 4074/175/2156
f 4068/172/2150 4078/5779/2160 4083/5780/2165 4077/173/2159
f 4070/162/2152 4080/5776/2162 4069/5777/2151 4064/168/2146
f 4072/157/2154 4081/5774/2163 4071/5775/2153 4065/160/2147
f 4074/175/2156 4082/5782/2164 4073/5783/2155 4066/176/2148
f 4076/170/2158 4079/5778/2161 4078/5779/2160 4068/172/2150
f 4077/173/2159 4083/5780/2165 4075/5781/2157 4067/174/2149
g cube1_sep2_cube1_copy190_auv
usemtl cube1_copy190_auv
f 1784/4958/4057 1787/982/4063 1786/961/4061 1785/4951/4059
f 1785/973/4060 1786/4953/4062 1787/4963/4064 1784/985/4058
f 1788/963/4066 1789/962/4068 1791/4959/4072 1790/4964/4070
f 1790/975/4069 1791/960/4071 1789/4955/4067 1788/4966/4065
f 1792/965/4074 1795/964/4080 1794/4961/4078 1793/4956/4076
f 1793/972/4075 1794/971/4077 1795/4960/4079 1792/4965/4073
f 1796/968/4082 1799/967/4088 1798/4961/4086 1797/4966/4084
f 1797/956/4083 1798/976/4085 1799/4962/4087 1796/4954/4081
f 1801/4961/4092 1800/4956/4090 1802/970/4094 1803/974/4096
f 1803/4960/4095 1802/4965/4093 1800/972/4089 1801/971/4091
f 1804/984/4097 1807/959/4103 1806/4952/4101 1805/4957/4099
f 1805/983/4100 1806/966/4102 1807/4950/4104 1804/4958/4098
g cube1_sep2_default
usemtl default
f 1808/3549/4106 1812/2345/4122 1815/1415/4134 1809/2349/4110
f 1808/881/4108 1820/1021/4154 1823/1669/4166 1811/1970/4120
f 1809/2927/4109 1815/3633/4133 1814/5103/4130 1810/4978/4114
f 1809/882/4111 1821/1020/4157 1820/1021/4153 1808/881/4107
f 1810/1161/4113 1814/1702/4129 1813/1205/4126 1811/708/4118
f 1810/1971/4115 1822/1668/4161 1821/1020/4158 1809/882/4112
f 1811/3425/4117 1813/2981/4125 1812/4932/4121 1808/5124/4105
f 1811/1970/4119 1823/1669/4165 1822/1668/4162 1810/1971/4116
f 1812/2861/4124 1816/2561/4138 1819/2560/4150 1815/2860/4136
f 1813/1420/4127 1817/1590/4141 1816/2561/4137 1812/2861/4123
f 1814/1419/4131 1818/1589/4145 1817/1590/4142 1813/1420/4128
f 1815/2860/4135 1819/2560/4149 1818/1589/4146 1814/1419/4132
f 1816/3774/4139 1820/2472/4155 1821/3315/4159 1819/4967/4151
f 1817/3040/4144 1823/2589/4168 1820/1524/4156 1816/2196/4140
f 1818/2008/4148 1822/3054/4164 1823/4313/4167 1817/2799/4143
f 1819/2687/4152 1821/3266/4160 1822/2305/4163 1818/1815/4147
f 1824/2715/4172 1836/2421/4218 1839/2420/4230 1825/2714/4176
f 1825/2867/4174 1827/4138/4182 1826/2915/4177 1824/1719/4169
f 1825/2714/4175 1839/2420/4229 1838/1201/4226 1829/990/4192
f 1826/1034/4180 1832/1222/4202 1835/2331/4214 1830/2625/4196
f 1827/1033/4183 1833/1221/4205 1832/1222/4201 1826/1034/4179
f 1828/2179/4185 1830/1352/4193 1831/867/4197 1829/1388/4189
f 1828/989/4187 1837/1202/4221 1836/2421/4217 1824/2715/4171
f 1829/754/4190 1831/691/4198 1827/1604/4181 1825/2042/4173
f 1829/990/4191 1838/1201/4225 1837/1202/4222 1828/989/4188
f 1830/1997/4194 1828/1674/4186 1824/647/4170 1826/779/4178
f 1830/2625/4195 1835/2331/4213 1834/2332/4210 1831/2626/4200
f 1831/2626/4199 1834/2332/4209 1833/1221/4206 1827/1033/4184
f 1832/2665/4203 1836/3073/4219 1837/1512/4223 1835/1377/4215
f 1833/3031/4208 1839/4569/4232 1836/5064/4220 1832/3997/4204
f 1834/3039/4212 1838/2748/4228 1839/1333/4231 1833/1587/4207
f 1835/1226/4216 1837/724/4224 1838/1055/4227 1834/1536/4211
f 1840/2362/4234 1844/3041/4250 1847/4971/4262 1841/4424/4238
f 1840/1566/4236 1852/1411/4282 1855/1412/4294 1843/1565/4248
f 1841/5000/4237 1847/3316/4261 1846/2463/4258 1842/3428/4242
f 1841/735/4239 1853/811/4285 1852/1411/4281 1840/1566/4235
f 1842/3427/4241 1846/2983/4257 1845/4917/4254 1843/5122/4246
f 1842/734/4243 1854/812/4289 1853/811/4286 1841/735/4240
f 1843/2991/4245 1845/4594/4253 1844/3003/4249 1840/1744/4233
f 1843/1565/4247 1855/1412/4293 1854/812/4290 1842/734/4244
f 1844/1732/4252 1848/2015/4266 1851/3019/4278 1847/3253/4264
f 1845/1731/4255 1849/2014/4269 1848/2015/4265 1844/1732/4251
f 1846/3252/4259 1850/3018/4273 1849/2014/4270 1845/1731/4256
f 1847/3253/4263 1851/3019/4277 1850/3018/4274 1846/3252/4260
f 1848/2856/4267 1852/3496/4283 1853/2487/4287 1851/1954/4279
f 1849/2998/4272 1855/4592/4296 1852/5107/4284 1848/4001/4268
f 1850/3167/4276 1854/2819/4292 1855/1697/4295 1849/2454/4271
f 1851/3100/4280 1853/1981/4288 1854/2868/4291 1850/4236/4275
f 1856/4320/4297 1858/2947/4305 1859/2004/4310 1857/2974/4302
f 1856/1342/4300 1868/1475/4346 1871/2837/4358 1860/3063/4316
f 1857/1343/4303 1869/1476/4349 1868/1475/4345 1856/1342/4299
f 1858/4987/4308 1864/4767/4330 1867/4772/4342 1859/4986/4312
f 1859/4986/4311 1867/4772/4341 1866/2746/4338 1863/2439/4328
f 1860/1252/4314 1862/1022/4322 1858/2622/4306 1856/2881/4298
f 1860/3063/4315 1871/2837/4357 1870/2838/4354 1861/3064/4320
f 1861/1160/4317 1863/1652/4325 1862/1181/4321 1860/714/4313
f 1861/3064/4319 1870/2838/4353 1869/1476/4350 1857/1343/4304
f 1862/2441/4323 1865/2742/4333 1864/4767/4329 1858/4987/4307
f 1863/3429/4326 1861/3083/4318 1857/1363/4301 1859/1457/4309
f 1863/2439/4327 1866/2746/4337 1865/2742/4334 1862/2441/4324
f 1864/3062/4331 1868/2039/4347 1869/2877/4351 1867/3994/4343
f 1865/4869/4336 1871/4384/4360 1868/2592/4348 1864/2846/4332
f 1866/3051/4340 1870/4542/4356 1871/5055/4359 1865/3996/4335
f 1867/2351/4344 1869/2611/4352 1870/1397/4355 1866/1253/4339
f 1872/3008/4361 1877/1984/4381 1878/1354/4385 1875/2006/4373
f 1872/706/4364 1884/774/4410 1887/1554/4422 1873/1841/4368
f 1873/844/4365 1876/819/4377 1877/2219/4382 1872/2465/4362
f 1873/1841/4367 1887/1554/4421 1886/1555/4418 1874/1842/4372
f 1874/1132/4369 1879/1594/4389 1876/1170/4378 1873/719/4366
f 1874/1842/4371 1886/1555/4417 1885/775/4414 1875/707/4376
f 1875/1037/4374 1878/1174/4386 1879/2852/4390 1874/2791/4370
f 1875/707/4375 1885/775/4413 1884/774/4409 1872/706/4363
f 1876/2443/4380 1880/2743/4394 1883/4768/4406 1877/4988/4384
f 1877/4988/4383 1883/4768/4405 1882/4770/4402 1878/4983/4388
f 1878/4983/4387 1882/4770/4401 1881/2747/4398 1879/2440/4392
f 1879/2440/4391 1881/2747/4397 1880/2743/4393 1876/2443/4379
f 1880/1982/4396 1887/1924/4424 1884/913/4412 1883/1013/4408
f 1881/1676/4400 1886/2594/4420 1887/3251/4423 1880/2342/4395
f 1882/2171/4404 1885/2366/4416 1886/1186/4419 1881/1130/4399
f 1883/4641/4407 1884/3046/4411 1885/4131/4415 1882/5041/4403
f 1888/2027/4425 1893/1324/4445 1894/886/4449 1891/1349/4437
f 1888/822/4428 1900/979/4474 1903/2044/4486 1889/2392/4432
f 1889/1079/4429 1892/1246/4441 1893/2962/4446 1888/2905/4426
f 1889/2392/4431 1903/2044/4485 1902/2045/4482 1890/2393/4436
f 1890/1606/4433 1895/2545/4453 1892/1635/4442 1889/1070/4430
f 1890/2393/4435 1902/2045/4481 1901/980/4478 1891/823/4440
f 1891/1403/4438 1894/1380/4450 1895/3140/4454 1890/3415/4434
f 1891/823/4439 1901/980/4477 1900/979/4473 1888/822/4427
f 1892/2444/4444 1896/2744/4458 1899/4769/4470 1893/4985/4448
f 1893/4985/4447 1899/4769/4469 1898/4771/4466 1894/4984/4452
f 1894/4984/4451 1898/4771/4465 1897/2745/4462 1895/2442/4456
f 1895/2442/4455 1897/2745/4461 1896/2744/4457 1892/2444/4443
f 1896/2608/4460 1903/2831/4488 1900/1390/4476 1899/1338/4472
f 1897/3072/4464 1902/4488/4484 1903/5044/4487 1896/3995/4459
f 1898/1911/4468 1901/1846/4480 1902/878/4483 1897/948/4463
f 1899/3057/4471 1900/2063/4475 1901/2870/4479 1898/3944/4467
g cube1_sep2_under
usemtl under
f 1/1315/2171 20/1534/2220 21/4727/2224 35/1312/2254
f 1/1315/2170 25/1316/2231 28/1537/2238 20/1534/2218
f 3/5020/2174 13/4989/2198 17/3864/2210 8/3867/2185
f 3/5020/2176 21/4727/2226 2/5024/2173
f 4/1310/2178 40/1321/2261 9/1938/2192
f 8/3867/2187 35/1312/2255 21/4727/2225 3/5020/2175
f 9/1939/2191 16/1937/2208 37/1334/2258 4/1311/2177
f 9/1938/2193 40/1321/2262 35/1312/2256 8/3867/2188
f 10/2522/2194 30/1685/2245 31/4330/2247 11/3101/2195
f 12/1346/2197 16/1937/2207 17/3864/2212 13/4989/2199 31/4330/2248 30/1685/2246
f 12/1346/2196 37/1334/2257 16/1937/2205
f 21/4727/2223 29/4728/2243 24/5025/2229 2/5024/2172
f 23/4252/2228 33/4916/2251 32/1432/2249 22/1740/2227
f 25/1316/2232 32/1432/2250 33/4916/2252 24/5025/2230 29/4728/2244 28/1537/2240
f 823/1023/2368 830/1099/2396 833/1098/2408 827/1024/2386
f 824/4931/2374 831/4805/2399 830/1099/2395 823/1023/2367
f 827/1024/2385 833/1098/2407 832/4804/2404 828/4930/2392
f 828/4930/2391 832/4804/2403 831/4805/2400 824/4931/2375
f 830/2410/2398 834/2543/2413 837/2540/2422 833/2407/2410
f 831/1103/2401 835/1102/2415 834/4800/2412 830/4801/2397
f 832/2408/2405 836/2541/2418 835/2542/2416 831/2409/2402
f 833/1103/2409 837/1102/2421 836/4800/2419 832/4801/2406
f 835/4802/2414 836/4803/2417 837/1101/2420 834/1100/2411
f 4085/2274/7074 4100/2656/7136 4105/2657/7156 4089/2273/7085
f 4086/2629/7077 4101/2255/7139 4100/2284/7135 4085/2671/7073
f 4089/2758/7084 4105/2967/7155 4104/2254/7152 4096/1905/7110
f 4090/2658/7089 4102/2275/7143 4101/2272/7140 4086/2655/7078
f 4096/1905/7109 4104/2254/7151 4103/2249/7148 4097/1885/7116
f 4097/1885/7115 4103/2249/7147 4102/2956/7144 4090/2735/7090
f 4100/2368/7138 4106/2548/7161 4111/2557/7176 4105/2378/7158
f 4101/2369/7141 4107/2549/7163 4106/2556/7160 4100/2376/7137
f 4102/2367/7145 4108/2547/7166 4107/2558/7164 4101/2379/7142
f 4103/2371/7149 4109/2552/7169 4108/2553/7167 4102/2373/7146
f 4104/2370/7153 4110/2550/7172 4109/2555/7170 4103/2375/7150
f 4105/2372/7157 4111/2551/7175 4110/2554/7173 4104/2374/7154
f 4107/4922/7162 4108/4921/7165 4109/4099/7168 4110/1320/7171 4111/1028/7174 4106/1027/7159
g cube1_sep2_underunder
usemtl underunder
f 878/4383/751 1013/3162/852 1256/3128/1059 1012/4316/851
f 878/4383/751 1047/4472/877 1312/3268/1114 1013/3162/852
f 878/4383/751 1132/4870/937 1347/4913/1148 1047/4472/877
f 881/1260/752 1048/1347/878 1363/1196/1163 1045/1045/875
f 881/1260/752 1077/1558/899 1313/1706/1115 1048/1347/878
f 881/1260/752 1127/1191/933 1259/1484/1062 1077/1558/899
f 897/3536/762 1044/4237/874 1301/3632/1104 1041/3159/871
f 897/3536/762 1110/4080/925 1344/4749/1145 1044/4237/874
f 898/1578/763 1043/1991/873 1297/1987/1100 1042/1618/872
f 898/1578/763 1111/1516/926 1314/1995/1116 1043/1991/873
f 898/1578/763 1130/1394/2793 1366/1350/1166 1111/1516/926
f 915/2422/772 1013/3162/852 1312/3268/1114 1197/2583/1002
f 915/2422/772 1197/2583/1002 1313/1706/1115 1077/1558/899
f 946/2564/794 1043/1991/873 1314/1995/1116 1199/2679/1004
f 946/2564/794 1199/2679/1004 1315/3198/1117 1106/3044/921
f 950/4398/798 1047/4472/877 1347/4913/1148 1232/4883/1036
f 950/4398/798 1232/4883/1036 1344/4749/1145 1110/4080/925
f 951/1449/799 1048/1347/878 1313/1706/1115 1198/1925/1003
f 951/1449/799 1198/1925/1003 1314/1995/1116 1111/1516/926
f 996/2680/835 1197/2583/1002 1312/3268/1114 1196/3312/1001
f 996/2680/835 1198/1925/1003 1313/1706/1115 1197/2583/1002
f 996/2680/835 1199/2679/1004 1314/1995/1116 1198/1925/1003
f 1012/4316/851 1361/4811/1161 1132/4870/937 878/4383/751
f 1041/3159/871 1296/2912/1099 1106/3044/921 897/3536/762
f 1042/1618/872 1353/1434/1154 1130/1394/2791 898/1578/763
f 1045/1045/875 1306/953/1108 1127/1191/933 881/1260/752
f 1077/1558/899 1259/1484/1062 1140/2330/945 915/2422/772
f 1106/3044/921 1296/2912/1099 1181/2474/986 946/2564/794
f 1106/3044/921 1315/3198/1117 1110/4080/925 897/3536/762
f 1110/4080/925 1315/3198/1117 1196/3312/1001 950/4398/798
f 1111/1516/926 1366/1350/1166 1251/1291/1054 951/1449/799
f 1140/2330/945 1256/3128/1059 1013/3162/852 915/2422/772
f 1181/2474/986 1297/1987/1100 1043/1991/873 946/2564/794
f 1196/3312/1001 1312/3268/1114 1047/4472/877 950/4398/798
f 1196/3312/1001 1315/3198/1117 1199/2679/1004 996/2680/835
f 1251/1291/1054 1363/1196/1163 1048/1347/878 951/1449/799
f 1353/1434/1154 1242/1296/2801 1734/1302/3981 1130/1394/2792
