# Exported from Wings 3D 1.0.2
mtllib control room 01.mtl
o cube208
#1390 vertices, 1056 faces
v -0.37699200 -0.41066477 0.25038910
v 0.37699200 -0.41066477 0.25038910
v -0.37699200 -0.41066477 -0.21272359
v -0.37699200 0.44523587 -0.21272359
v 0.37699200 0.44523587 -0.21272359
v 0.37699200 -0.41066477 -0.21272359
v -0.37699200 0.23660773 0.25038910
v -0.37699200 0.44523587 -7.5331015e-2
v 0.37699200 0.23660773 0.25038910
v 0.37699200 0.44523587 -7.5331015e-2
v -1.10575701 -0.41069045 0.37129728
v -1.10575701 0.13575520 0.37129728
v -0.37460116 0.13575520 0.37129728
v -0.37460116 -0.41069045 0.37129728
v -1.10575701 -0.41069045 -0.21167371
v -1.10575701 0.13575520 -0.21167371
v -0.37460116 0.13575520 -0.21167371
v -0.37460116 -0.41069045 -0.21167371
v -1.85868756 -0.41066477 0.25038910
v -1.10470356 -0.41066477 0.25038910
v -1.85868756 -0.41066477 -0.21272359
v -1.85868756 0.34331923 -0.21272359
v -1.10470356 0.34331923 -0.21272359
v -1.10470356 -0.41066477 -0.21272359
v -1.85868756 0.13469108 0.25038910
v -1.85868756 0.34331923 -7.5331015e-2
v -1.10470356 0.13469108 0.25038910
v -1.10470356 0.34331923 -7.5331015e-2
v -1.19873609 0.25028686 8.7994802e-2
v -1.20179993 0.24517881 9.5920939e-2
v -1.20982115 0.24202186 0.10081956
v -1.21973594 0.24202186 0.10081956
v -1.22775716 0.24517881 9.5920939e-2
v -1.23082100 0.25028686 8.7994802e-2
v -1.22775716 0.25539490 8.0068665e-2
v -1.21973594 0.25855185 7.5170044e-2
v -1.20982115 0.25855185 7.5170044e-2
v -1.20179993 0.25539490 8.0068665e-2
v -1.19827397 0.24740695 8.6138831e-2
v -1.20142606 0.24215176 9.4293293e-2
v -1.20967835 0.23890388 9.9333027e-2
v -1.21987874 0.23890388 9.9333027e-2
v -1.22813103 0.24215176 9.4293293e-2
v -1.23128312 0.24740695 8.6138831e-2
v -1.22813103 0.25266215 7.7984369e-2
v -1.21987874 0.25591003 7.2944635e-2
v -1.20967835 0.25591003 7.2944635e-2
v -1.20142606 0.25266215 7.7984369e-2
v -1.20257437 0.24601202 9.5788517e-2
v -1.19969336 0.25081527 8.8335339e-2
v -1.20257437 0.25561851 8.0882161e-2
v -1.21011697 0.25858708 7.6275844e-2
v -1.21944012 0.25858708 7.6275844e-2
v -1.22698272 0.25561851 8.0882161e-2
v -1.22986373 0.25081527 8.8335339e-2
v -1.22698272 0.24601202 9.5788517e-2
v -1.21944012 0.24304345 0.10039483
v -1.21011697 0.24304345 0.10039483
v -1.20257437 0.24536167 9.5369395e-2
v -1.19969336 0.25016492 8.7916217e-2
v -1.20257437 0.25496816 8.0463039e-2
v -1.21011697 0.25793673 7.5856721e-2
v -1.21944012 0.25793673 7.5856721e-2
v -1.22698272 0.25496816 8.0463039e-2
v -1.22986373 0.25016492 8.7916217e-2
v -1.22698272 0.24536167 9.5369395e-2
v -1.21944012 0.24239310 9.9975712e-2
v -1.21011697 0.24239310 9.9975712e-2
v -1.15688637 0.25028686 8.7994802e-2
v -1.15995020 0.24517881 9.5920939e-2
v -1.16797143 0.24202186 0.10081956
v -1.17788621 0.24202186 0.10081956
v -1.18590744 0.24517881 9.5920939e-2
v -1.18897127 0.25028686 8.7994802e-2
v -1.18590744 0.25539490 8.0068665e-2
v -1.17788621 0.25855185 7.5170044e-2
v -1.16797143 0.25855185 7.5170044e-2
v -1.15995020 0.25539490 8.0068665e-2
v -1.15642424 0.24740695 8.6138831e-2
v -1.15957633 0.24215176 9.4293293e-2
v -1.16782862 0.23890388 9.9333027e-2
v -1.17802902 0.23890388 9.9333027e-2
v -1.18628131 0.24215176 9.4293293e-2
v -1.18943340 0.24740695 8.6138831e-2
v -1.18628131 0.25266215 7.7984369e-2
v -1.17802902 0.25591003 7.2944635e-2
v -1.16782862 0.25591003 7.2944635e-2
v -1.15957633 0.25266215 7.7984369e-2
v -1.16072465 0.24601202 9.5788517e-2
v -1.15784363 0.25081527 8.8335339e-2
v -1.16072465 0.25561851 8.0882161e-2
v -1.16826724 0.25858708 7.6275844e-2
v -1.17759040 0.25858708 7.6275844e-2
v -1.18513299 0.25561851 8.0882161e-2
v -1.18801401 0.25081527 8.8335339e-2
v -1.18513299 0.24601202 9.5788517e-2
v -1.17759040 0.24304345 0.10039483
v -1.16826724 0.24304345 0.10039483
v -1.16072465 0.24536167 9.5369395e-2
v -1.15784363 0.25016492 8.7916217e-2
v -1.16072465 0.25496816 8.0463039e-2
v -1.16826724 0.25793673 7.5856721e-2
v -1.17759040 0.25793673 7.5856721e-2
v -1.18513299 0.25496816 8.0463039e-2
v -1.18801401 0.25016492 8.7916217e-2
v -1.18513299 0.24536167 9.5369395e-2
v -1.17759040 0.24239310 9.9975712e-2
v -1.16826724 0.24239310 9.9975712e-2
v -1.37276479 0.26178456 7.8260103e-2
v -1.37995690 0.24979384 9.6866057e-2
v -1.39878606 0.24238317 0.10836517
v -1.42206020 0.24238317 0.10836517
v -1.44088936 0.24979384 9.6866057e-2
v -1.44808147 0.26178456 7.8260103e-2
v -1.44088936 0.27377528 5.9654148e-2
v -1.42206020 0.28118595 4.8155036e-2
v -1.39878606 0.28118595 4.8155036e-2
v -1.37995690 0.27377528 5.9654148e-2
v -1.37167998 0.25502422 7.3903363e-2
v -1.37907927 0.24268809 9.3045292e-2
v -1.39845084 0.23506394 0.10487565
v -1.42239542 0.23506394 0.10487565
v -1.44176699 0.24268809 9.3045292e-2
v -1.44916628 0.25502422 7.3903363e-2
v -1.44176699 0.26736035 5.4761435e-2
v -1.42239542 0.27498450 4.2931072e-2
v -1.39845084 0.27498450 4.2931072e-2
v -1.37907927 0.26736035 5.4761435e-2
v -1.38177484 0.25174973 9.6555208e-2
v -1.37501190 0.26302496 7.9059485e-2
v -1.38177484 0.27430018 6.1563762e-2
v -1.39948046 0.28126865 5.0750811e-2
v -1.42136580 0.28126865 5.0750811e-2
v -1.43907142 0.27430018 6.1563762e-2
v -1.44583436 0.26302496 7.9059485e-2
v -1.43907142 0.25174973 9.6555208e-2
v -1.42136580 0.24478126 0.10736816
v -1.39948046 0.24478126 0.10736816
v -1.38177484 0.25022309 9.5571353e-2
v -1.37501190 0.26149831 7.8075630e-2
v -1.38177484 0.27277354 6.0579907e-2
v -1.39948046 0.27974201 4.9766956e-2
v -1.42136580 0.27974201 4.9766956e-2
v -1.43907142 0.27277354 6.0579907e-2
v -1.44583436 0.26149831 7.8075630e-2
v -1.43907142 0.25022309 9.5571353e-2
v -1.42136580 0.24325462 0.10638430
v -1.39948046 0.24325462 0.10638430
v -1.75286584 0.26178456 7.8260103e-2
v -1.76005794 0.24979384 9.6866057e-2
v -1.77888711 0.24238317 0.10836517
v -1.80216124 0.24238317 0.10836517
v -1.82099041 0.24979384 9.6866057e-2
v -1.82818251 0.26178456 7.8260103e-2
v -1.82099041 0.27377528 5.9654148e-2
v -1.80216124 0.28118595 4.8155036e-2
v -1.77888711 0.28118595 4.8155036e-2
v -1.76005794 0.27377528 5.9654148e-2
v -1.75178103 0.25502422 7.3903363e-2
v -1.75918031 0.24268809 9.3045292e-2
v -1.77855188 0.23506394 0.10487565
v -1.80249646 0.23506394 0.10487565
v -1.82186804 0.24268809 9.3045292e-2
v -1.82926732 0.25502422 7.3903363e-2
v -1.82186804 0.26736035 5.4761435e-2
v -1.80249646 0.27498450 4.2931072e-2
v -1.77855188 0.27498450 4.2931072e-2
v -1.75918031 0.26736035 5.4761435e-2
v -1.76187588 0.25174973 9.6555208e-2
v -1.75511294 0.26302496 7.9059485e-2
v -1.76187588 0.27430018 6.1563762e-2
v -1.77958150 0.28126865 5.0750811e-2
v -1.80146685 0.28126865 5.0750811e-2
v -1.81917247 0.27430018 6.1563762e-2
v -1.82593541 0.26302496 7.9059485e-2
v -1.81917247 0.25174973 9.6555208e-2
v -1.80146685 0.24478126 0.10736816
v -1.77958150 0.24478126 0.10736816
v -1.76187588 0.25022309 9.5571353e-2
v -1.75511294 0.26149831 7.8075630e-2
v -1.76187588 0.27277354 6.0579907e-2
v -1.77958150 0.27974201 4.9766956e-2
v -1.80146685 0.27974201 4.9766956e-2
v -1.81917247 0.27277354 6.0579907e-2
v -1.82593541 0.26149831 7.8075630e-2
v -1.81917247 0.25022309 9.5571353e-2
v -1.80146685 0.24325462 0.10638430
v -1.77958150 0.24325462 0.10638430
v -1.53698741 0.25028686 8.7994802e-2
v -1.54005125 0.24517881 9.5920939e-2
v -1.54807247 0.24202186 0.10081956
v -1.55798725 0.24202186 0.10081956
v -1.56600848 0.24517881 9.5920939e-2
v -1.56907232 0.25028686 8.7994802e-2
v -1.56600848 0.25539490 8.0068665e-2
v -1.55798725 0.25855185 7.5170044e-2
v -1.54807247 0.25855185 7.5170044e-2
v -1.54005125 0.25539490 8.0068665e-2
v -1.53652528 0.24740695 8.6138831e-2
v -1.53967738 0.24215176 9.4293293e-2
v -1.54792967 0.23890388 9.9333027e-2
v -1.55813006 0.23890388 9.9333027e-2
v -1.56638235 0.24215176 9.4293293e-2
v -1.56953444 0.24740695 8.6138831e-2
v -1.56638235 0.25266215 7.7984369e-2
v -1.55813006 0.25591003 7.2944635e-2
v -1.54792967 0.25591003 7.2944635e-2
v -1.53967738 0.25266215 7.7984369e-2
v -1.54082569 0.24601202 9.5788517e-2
v -1.53794468 0.25081527 8.8335339e-2
v -1.54082569 0.25561851 8.0882161e-2
v -1.54836828 0.25858708 7.6275844e-2
v -1.55769144 0.25858708 7.6275844e-2
v -1.56523404 0.25561851 8.0882161e-2
v -1.56811505 0.25081527 8.8335339e-2
v -1.56523404 0.24601202 9.5788517e-2
v -1.55769144 0.24304345 0.10039483
v -1.54836828 0.24304345 0.10039483
v -1.54082569 0.24536167 9.5369395e-2
v -1.53794468 0.25016492 8.7916217e-2
v -1.54082569 0.25496816 8.0463039e-2
v -1.54836828 0.25793673 7.5856721e-2
v -1.55769144 0.25793673 7.5856721e-2
v -1.56523404 0.25496816 8.0463039e-2
v -1.56811505 0.25016492 8.7916217e-2
v -1.56523404 0.24536167 9.5369395e-2
v -1.55769144 0.24239310 9.9975712e-2
v -1.54836828 0.24239310 9.9975712e-2
v -1.57883714 0.25028686 8.7994802e-2
v -1.58190097 0.24517881 9.5920939e-2
v -1.58992220 0.24202186 0.10081956
v -1.59983698 0.24202186 0.10081956
v -1.60785821 0.24517881 9.5920939e-2
v -1.61092204 0.25028686 8.7994802e-2
v -1.60785821 0.25539490 8.0068665e-2
v -1.59983698 0.25855185 7.5170044e-2
v -1.58992220 0.25855185 7.5170044e-2
v -1.58190097 0.25539490 8.0068665e-2
v -1.57837501 0.24740695 8.6138831e-2
v -1.58152710 0.24215176 9.4293293e-2
v -1.58977939 0.23890388 9.9333027e-2
v -1.59997979 0.23890388 9.9333027e-2
v -1.60823208 0.24215176 9.4293293e-2
v -1.61138417 0.24740695 8.6138831e-2
v -1.60823208 0.25266215 7.7984369e-2
v -1.59997979 0.25591003 7.2944635e-2
v -1.58977939 0.25591003 7.2944635e-2
v -1.58152710 0.25266215 7.7984369e-2
v -1.58267542 0.24601202 9.5788517e-2
v -1.57979440 0.25081527 8.8335339e-2
v -1.58267542 0.25561851 8.0882161e-2
v -1.59021801 0.25858708 7.6275844e-2
v -1.59954117 0.25858708 7.6275844e-2
v -1.60708376 0.25561851 8.0882161e-2
v -1.60996478 0.25081527 8.8335339e-2
v -1.60708376 0.24601202 9.5788517e-2
v -1.59954117 0.24304345 0.10039483
v -1.59021801 0.24304345 0.10039483
v -1.58267542 0.24536167 9.5369395e-2
v -1.57979440 0.25016492 8.7916217e-2
v -1.58267542 0.25496816 8.0463039e-2
v -1.59021801 0.25793673 7.5856721e-2
v -1.59954117 0.25793673 7.5856721e-2
v -1.60708376 0.25496816 8.0463039e-2
v -1.60996478 0.25016492 8.7916217e-2
v -1.60708376 0.24536167 9.5369395e-2
v -1.59954117 0.24239310 9.9975712e-2
v -1.59021801 0.24239310 9.9975712e-2
v -1.53529117 0.30579224 2.1996048e-2
v -1.54658580 0.28696175 5.1215248e-2
v -1.57615554 0.27532386 6.9273707e-2
v -1.61270575 0.27532386 6.9273707e-2
v -1.64227549 0.28696175 5.1215248e-2
v -1.65357013 0.30579224 2.1996048e-2
v -1.64227549 0.32462272 -7.2231517e-3
v -1.61270575 0.33626061 -2.5281610e-2
v -1.57615554 0.33626061 -2.5281610e-2
v -1.54658580 0.32462272 -7.2231517e-3
v -1.53529117 0.29357951 1.4125485e-2
v -1.54658580 0.27474902 4.3344685e-2
v -1.57615554 0.26311114 6.1403144e-2
v -1.61270575 0.26311114 6.1403144e-2
v -1.64227549 0.27474902 4.3344685e-2
v -1.65357013 0.29357951 1.4125485e-2
v -1.64227549 0.31241000 -1.5093715e-2
v -1.61270575 0.32404788 -3.3152174e-2
v -1.57615554 0.32404788 -3.3152174e-2
v -1.54658580 0.31241000 -1.5093715e-2
v -1.54849960 0.28771497 5.0046480e-2
v -1.53765674 0.30579224 2.1996048e-2
v -1.54849960 0.32386951 -6.0543837e-3
v -1.57688655 0.33504187 -2.3390504e-2
v -1.61197475 0.33504187 -2.3390504e-2
v -1.64036170 0.32386951 -6.0543837e-3
v -1.65120455 0.30579224 2.1996048e-2
v -1.64036170 0.28771497 5.0046480e-2
v -1.61197475 0.27654260 6.7382600e-2
v -1.57688655 0.27654260 6.7382600e-2
v -1.54849960 0.28111416 4.5792554e-2
v -1.53765674 0.29919143 1.7742122e-2
v -1.54849960 0.31726870 -1.0308310e-2
v -1.57688655 0.32844107 -2.7644430e-2
v -1.61197475 0.32844107 -2.7644430e-2
v -1.64036170 0.31726870 -1.0308310e-2
v -1.65120455 0.29919143 1.7742122e-2
v -1.64036170 0.28111416 4.5792554e-2
v -1.61197475 0.26994180 6.3128674e-2
v -1.57688655 0.26994180 6.3128674e-2
v -1.15519012 0.30579224 2.1996048e-2
v -1.16648476 0.28696175 5.1215248e-2
v -1.19605450 0.27532386 6.9273707e-2
v -1.23260471 0.27532386 6.9273707e-2
v -1.26217445 0.28696175 5.1215248e-2
v -1.27346908 0.30579224 2.1996048e-2
v -1.26217445 0.32462272 -7.2231517e-3
v -1.23260471 0.33626061 -2.5281610e-2
v -1.19605450 0.33626061 -2.5281610e-2
v -1.16648476 0.32462272 -7.2231517e-3
v -1.15519012 0.29357951 1.4125485e-2
v -1.16648476 0.27474902 4.3344685e-2
v -1.19605450 0.26311114 6.1403144e-2
v -1.23260471 0.26311114 6.1403144e-2
v -1.26217445 0.27474902 4.3344685e-2
v -1.27346908 0.29357951 1.4125485e-2
v -1.26217445 0.31241000 -1.5093715e-2
v -1.23260471 0.32404788 -3.3152174e-2
v -1.19605450 0.32404788 -3.3152174e-2
v -1.16648476 0.31241000 -1.5093715e-2
v -1.16839855 0.28771497 5.0046480e-2
v -1.15755570 0.30579224 2.1996048e-2
v -1.16839855 0.32386951 -6.0543837e-3
v -1.19678550 0.33504187 -2.3390504e-2
v -1.23187370 0.33504187 -2.3390504e-2
v -1.26026065 0.32386951 -6.0543837e-3
v -1.27110350 0.30579224 2.1996048e-2
v -1.26026065 0.28771497 5.0046480e-2
v -1.23187370 0.27654260 6.7382600e-2
v -1.19678550 0.27654260 6.7382600e-2
v -1.16839855 0.28111416 4.5792554e-2
v -1.15755570 0.29919143 1.7742122e-2
v -1.16839855 0.31726870 -1.0308310e-2
v -1.19678550 0.32844107 -2.7644430e-2
v -1.23187370 0.32844107 -2.7644430e-2
v -1.26026065 0.31726870 -1.0308310e-2
v -1.27110350 0.29919143 1.7742122e-2
v -1.26026065 0.28111416 4.5792554e-2
v -1.23187370 0.26994180 6.3128674e-2
v -1.19678550 0.26994180 6.3128674e-2
v -1.67678206 0.15883509 0.20851768
v -1.69575662 0.16911377 0.19256829
v -1.67678206 0.16610994 0.21320600
v -1.69575662 0.17638862 0.19725661
v -1.13658721 0.16610994 0.21320600
v -1.11761264 0.17638862 0.19725661
v -1.13658721 0.15883509 0.20851768
v -1.11761264 0.16911377 0.19256829
v -1.69575662 0.19589644 0.15100972
v -1.67678206 0.20617512 0.13506033
v -1.69575662 0.20317129 0.15569804
v -1.67678206 0.21344997 0.13974865
v -1.13658721 0.21344997 0.13974865
v -1.11761264 0.20317129 0.15569804
v -1.13658721 0.20617512 0.13506033
v -1.11761264 0.19589644 0.15100972
v -1.82845980 0.22067259 0.11256466
v -1.84743437 0.23095126 9.6615279e-2
v -1.82845980 0.22794744 0.11725299
v -1.84743437 0.23822612 0.10130360
v -1.51374447 0.22794744 0.11725299
v -1.49476990 0.23822612 0.10130360
v -1.51374447 0.22067259 0.11256466
v -1.49476990 0.23095126 9.6615279e-2
v -1.84743437 0.31456034 -3.3120610e-2
v -1.82845980 0.32483902 -4.9069996e-2
v -1.84743437 0.32183519 -2.8432287e-2
v -1.82845980 0.33211387 -4.4381673e-2
v -1.51374447 0.33211387 -4.4381673e-2
v -1.49476990 0.32183519 -2.8432287e-2
v -1.51374447 0.32483902 -4.9069996e-2
v -1.49476990 0.31456034 -3.3120610e-2
v -1.44835876 0.22067259 0.11256466
v -1.46733332 0.23095126 9.6615279e-2
v -1.44835876 0.22794744 0.11725299
v -1.46733332 0.23822612 0.10130360
v -1.13364343 0.22794744 0.11725299
v -1.11466886 0.23822612 0.10130360
v -1.13364343 0.22067259 0.11256466
v -1.11466886 0.23095126 9.6615279e-2
v -1.46733332 0.31456034 -3.3120610e-2
v -1.44835876 0.32483902 -4.9069996e-2
v -1.46733332 0.32183519 -2.8432287e-2
v -1.44835876 0.33211387 -4.4381673e-2
v -1.13364343 0.33211387 -4.4381673e-2
v -1.11466886 0.32183519 -2.8432287e-2
v -1.13364343 0.32483902 -4.9069996e-2
v -1.11466886 0.31456034 -3.3120610e-2
v -1.28237861 0.26178456 7.8260103e-2
v -1.28957071 0.24979384 9.6866057e-2
v -1.30839988 0.24238317 0.10836517
v -1.33167401 0.24238317 0.10836517
v -1.35050318 0.24979384 9.6866057e-2
v -1.35769528 0.26178456 7.8260103e-2
v -1.35050318 0.27377528 5.9654148e-2
v -1.33167401 0.28118595 4.8155036e-2
v -1.30839988 0.28118595 4.8155036e-2
v -1.28957071 0.27377528 5.9654148e-2
v -1.28129380 0.25502422 7.3903363e-2
v -1.28869308 0.24268809 9.3045292e-2
v -1.30806466 0.23506394 0.10487565
v -1.33200924 0.23506394 0.10487565
v -1.35138081 0.24268809 9.3045292e-2
v -1.35878009 0.25502422 7.3903363e-2
v -1.35138081 0.26736035 5.4761435e-2
v -1.33200924 0.27498450 4.2931072e-2
v -1.30806466 0.27498450 4.2931072e-2
v -1.28869308 0.26736035 5.4761435e-2
v -1.29138865 0.25174973 9.6555208e-2
v -1.28462571 0.26302496 7.9059485e-2
v -1.29138865 0.27430018 6.1563762e-2
v -1.30909427 0.28126865 5.0750811e-2
v -1.33097962 0.28126865 5.0750811e-2
v -1.34868524 0.27430018 6.1563762e-2
v -1.35544818 0.26302496 7.9059485e-2
v -1.34868524 0.25174973 9.6555208e-2
v -1.33097962 0.24478126 0.10736816
v -1.30909427 0.24478126 0.10736816
v -1.29138865 0.25022309 9.5571353e-2
v -1.28462571 0.26149831 7.8075630e-2
v -1.29138865 0.27277354 6.0579907e-2
v -1.30909427 0.27974201 4.9766956e-2
v -1.33097962 0.27974201 4.9766956e-2
v -1.34868524 0.27277354 6.0579907e-2
v -1.35544818 0.26149831 7.8075630e-2
v -1.34868524 0.25022309 9.5571353e-2
v -1.33097962 0.24325462 0.10638430
v -1.30909427 0.24325462 0.10638430
v -1.37276479 0.30506430 1.1103092e-2
v -1.37995690 0.29307358 2.9709047e-2
v -1.39878606 0.28566291 4.1208159e-2
v -1.42206020 0.28566291 4.1208159e-2
v -1.44088936 0.29307358 2.9709047e-2
v -1.44808147 0.30506430 1.1103092e-2
v -1.44088936 0.31705502 -7.5028625e-3
v -1.42206020 0.32446569 -1.9001975e-2
v -1.39878606 0.32446569 -1.9001975e-2
v -1.37995690 0.31705502 -7.5028625e-3
v -1.37167998 0.29830396 6.7463526e-3
v -1.37907927 0.28596783 2.5888281e-2
v -1.39845084 0.27834368 3.7718644e-2
v -1.42239542 0.27834368 3.7718644e-2
v -1.44176699 0.28596783 2.5888281e-2
v -1.44916628 0.29830396 6.7463526e-3
v -1.44176699 0.31064009 -1.2395576e-2
v -1.42239542 0.31826424 -2.4225938e-2
v -1.39845084 0.31826424 -2.4225938e-2
v -1.37907927 0.31064009 -1.2395576e-2
v -1.38177484 0.29502947 2.9398197e-2
v -1.37501190 0.30630470 1.1902475e-2
v -1.38177484 0.31757992 -5.5932482e-3
v -1.39948046 0.32454839 -1.6406199e-2
v -1.42136580 0.32454839 -1.6406199e-2
v -1.43907142 0.31757992 -5.5932482e-3
v -1.44583436 0.30630470 1.1902475e-2
v -1.43907142 0.29502947 2.9398197e-2
v -1.42136580 0.28806100 4.0211149e-2
v -1.39948046 0.28806100 4.0211149e-2
v -1.38177484 0.29350283 2.8414342e-2
v -1.37501190 0.30477805 1.0918619e-2
v -1.38177484 0.31605328 -6.5771035e-3
v -1.39948046 0.32302175 -1.7390055e-2
v -1.42136580 0.32302175 -1.7390055e-2
v -1.43907142 0.31605328 -6.5771035e-3
v -1.44583436 0.30477805 1.0918619e-2
v -1.43907142 0.29350283 2.8414342e-2
v -1.42136580 0.28653436 3.9227293e-2
v -1.39948046 0.28653436 3.9227293e-2
v -1.75286584 0.30506430 1.1103092e-2
v -1.76005794 0.29307358 2.9709047e-2
v -1.77888711 0.28566291 4.1208159e-2
v -1.80216124 0.28566291 4.1208159e-2
v -1.82099041 0.29307358 2.9709047e-2
v -1.82818251 0.30506430 1.1103092e-2
v -1.82099041 0.31705502 -7.5028625e-3
v -1.80216124 0.32446569 -1.9001975e-2
v -1.77888711 0.32446569 -1.9001975e-2
v -1.76005794 0.31705502 -7.5028625e-3
v -1.75178103 0.29830396 6.7463526e-3
v -1.75918031 0.28596783 2.5888281e-2
v -1.77855188 0.27834368 3.7718644e-2
v -1.80249646 0.27834368 3.7718644e-2
v -1.82186804 0.28596783 2.5888281e-2
v -1.82926732 0.29830396 6.7463526e-3
v -1.82186804 0.31064009 -1.2395576e-2
v -1.80249646 0.31826424 -2.4225938e-2
v -1.77855188 0.31826424 -2.4225938e-2
v -1.75918031 0.31064009 -1.2395576e-2
v -1.76187588 0.29502947 2.9398197e-2
v -1.75511294 0.30630470 1.1902475e-2
v -1.76187588 0.31757992 -5.5932482e-3
v -1.77958150 0.32454839 -1.6406199e-2
v -1.80146685 0.32454839 -1.6406199e-2
v -1.81917247 0.31757992 -5.5932482e-3
v -1.82593541 0.30630470 1.1902475e-2
v -1.81917247 0.29502947 2.9398197e-2
v -1.80146685 0.28806100 4.0211149e-2
v -1.77958150 0.28806100 4.0211149e-2
v -1.76187588 0.29350283 2.8414342e-2
v -1.75511294 0.30477805 1.0918619e-2
v -1.76187588 0.31605328 -6.5771035e-3
v -1.77958150 0.32302175 -1.7390055e-2
v -1.80146685 0.32302175 -1.7390055e-2
v -1.81917247 0.31605328 -6.5771035e-3
v -1.82593541 0.30477805 1.0918619e-2
v -1.81917247 0.29350283 2.8414342e-2
v -1.80146685 0.28653436 3.9227293e-2
v -1.77958150 0.28653436 3.9227293e-2
v -1.66247965 0.26178456 7.8260103e-2
v -1.66967176 0.24979384 9.6866057e-2
v -1.68850092 0.24238317 0.10836517
v -1.71177506 0.24238317 0.10836517
v -1.73060422 0.24979384 9.6866057e-2
v -1.73779633 0.26178456 7.8260103e-2
v -1.73060422 0.27377528 5.9654148e-2
v -1.71177506 0.28118595 4.8155036e-2
v -1.68850092 0.28118595 4.8155036e-2
v -1.66967176 0.27377528 5.9654148e-2
v -1.66139484 0.25502422 7.3903363e-2
v -1.66879413 0.24268809 9.3045292e-2
v -1.68816570 0.23506394 0.10487565
v -1.71211028 0.23506394 0.10487565
v -1.73148185 0.24268809 9.3045292e-2
v -1.73888114 0.25502422 7.3903363e-2
v -1.73148185 0.26736035 5.4761435e-2
v -1.71211028 0.27498450 4.2931072e-2
v -1.68816570 0.27498450 4.2931072e-2
v -1.66879413 0.26736035 5.4761435e-2
v -1.67148970 0.25174973 9.6555208e-2
v -1.66472676 0.26302496 7.9059485e-2
v -1.67148970 0.27430018 6.1563762e-2
v -1.68919532 0.28126865 5.0750811e-2
v -1.71108066 0.28126865 5.0750811e-2
v -1.72878628 0.27430018 6.1563762e-2
v -1.73554922 0.26302496 7.9059485e-2
v -1.72878628 0.25174973 9.6555208e-2
v -1.71108066 0.24478126 0.10736816
v -1.68919532 0.24478126 0.10736816
v -1.67148970 0.25022309 9.5571353e-2
v -1.66472676 0.26149831 7.8075630e-2
v -1.67148970 0.27277354 6.0579907e-2
v -1.68919532 0.27974201 4.9766956e-2
v -1.71108066 0.27974201 4.9766956e-2
v -1.72878628 0.27277354 6.0579907e-2
v -1.73554922 0.26149831 7.8075630e-2
v -1.72878628 0.25022309 9.5571353e-2
v -1.71108066 0.24325462 0.10638430
v -1.68919532 0.24325462 0.10638430
v -1.55293818 0.19500727 0.18033091
v -1.56034670 0.18948349 0.18890213
v -1.57233394 0.19159339 0.18562821
v -1.57233394 0.19842115 0.17503360
v -1.56034670 0.20053104 0.17175969
v -1.54719134 0.18778285 0.17567509
v -1.55857083 0.17929833 0.18884048
v -1.57698323 0.18253913 0.18381175
v -1.57698323 0.19302657 0.16753843
v -1.55857083 0.19626736 0.16250969
v -1.56210269 0.19241109 0.18435938
v -1.55862069 0.19500727 0.18033091
v -1.56210269 0.19760344 0.17630243
v -1.56773669 0.19661179 0.17784117
v -1.56773669 0.19340274 0.18282064
v -1.56210269 0.21048070 0.19600445
v -1.55862069 0.21307688 0.19197598
v -1.56210269 0.21567305 0.18794750
v -1.56773669 0.21468140 0.18948624
v -1.56773669 0.21147235 0.19446571
v -1.55968448 0.20644904 0.20226036
v -1.55079518 0.21307688 0.19197598
v -1.55968448 0.21970471 0.18169159
v -1.57406766 0.21717310 0.18561987
v -1.57406766 0.20898065 0.19833208
v -1.55968448 0.20970157 0.20435648
v -1.55079518 0.21632941 0.19407209
v -1.55968448 0.22295724 0.18378770
v -1.57406766 0.22042563 0.18771599
v -1.57406766 0.21223318 0.20042819
v -1.15834449 0.19903457 0.17408175
v -1.15661212 0.19227161 0.18457581
v -1.16795027 0.18928923 0.18920356
v -1.17668999 0.19420898 0.18156960
v -1.17075330 0.20023193 0.17222381
v -1.15420360 0.19396879 0.16607638
v -1.15154268 0.18358088 0.18219526
v -1.16895807 0.17899995 0.18930348
v -1.18238229 0.18655668 0.17757772
v -1.17326353 0.19580794 0.16322259
v -1.16162482 0.19372151 0.18232601
v -1.16243903 0.19690010 0.17739380
v -1.16827117 0.19746286 0.17652057
v -1.17106142 0.19463207 0.18091309
v -1.16695374 0.19231979 0.18450105
v -1.16162482 0.21179112 0.19397108
v -1.16243903 0.21496971 0.18903887
v -1.16827117 0.21553247 0.18816564
v -1.17106142 0.21270168 0.19255816
v -1.16695374 0.21038940 0.19614612
v -1.15472173 0.20979443 0.19706933
v -1.15680035 0.21790914 0.18447777
v -1.17168936 0.21934582 0.18224848
v -1.17881265 0.21211904 0.19346225
v -1.16832608 0.20621595 0.20262204
v -1.15472173 0.21304696 0.19916544
v -1.15680035 0.22116167 0.18657389
v -1.17168936 0.22259835 0.18434459
v -1.17881265 0.21537157 0.19555836
v -1.16832608 0.20946848 0.20471816
v -1.22076335 0.18920636 0.18933215
v -1.23058071 0.19348837 0.18268776
v -1.22609668 0.19986945 0.17278628
v -1.21350803 0.19953115 0.17331121
v -1.21021185 0.19294100 0.18353712
v -1.22104809 0.17887266 0.18950100
v -1.23612756 0.18544983 0.17929522
v -1.22924007 0.19525115 0.16408654
v -1.20990391 0.19473153 0.16489284
v -1.20484099 0.18460906 0.18059983
v -1.22509596 0.19429339 0.18143863
v -1.22048180 0.19228084 0.18456149
v -1.21552260 0.19403612 0.18183783
v -1.21707180 0.19713349 0.17703165
v -1.22298846 0.19729249 0.17678493
v -1.22509596 0.21236300 0.19308370
v -1.22048180 0.21035045 0.19620656
v -1.21552260 0.21210573 0.19348290
v -1.21707180 0.21520310 0.18867672
v -1.22298846 0.21536210 0.18843000
v -1.23264913 0.21125440 0.19480391
v -1.22086953 0.20611652 0.20277634
v -1.20820906 0.21059762 0.19582303
v -1.21216405 0.21850497 0.18355322
v -1.22726885 0.21891088 0.18292337
v -1.23264913 0.21450693 0.19690002
v -1.22086953 0.20936905 0.20487245
v -1.20820906 0.21385015 0.19791915
v -1.21216405 0.22175750 0.18564934
v -1.22726885 0.22216341 0.18501948
v -1.27208488 0.19903457 0.17408175
v -1.27035251 0.19227161 0.18457581
v -1.28169065 0.18928923 0.18920356
v -1.29043038 0.19420898 0.18156960
v -1.28449369 0.20023193 0.17222381
v -1.26794399 0.19396879 0.16607638
v -1.26528307 0.18358088 0.18219526
v -1.28269846 0.17899995 0.18930348
v -1.29612268 0.18655668 0.17757772
v -1.28700391 0.19580794 0.16322259
v -1.27536520 0.19372151 0.18232601
v -1.27617942 0.19690010 0.17739380
v -1.28201156 0.19746286 0.17652057
v -1.28480180 0.19463207 0.18091309
v -1.28069413 0.19231979 0.18450105
v -1.27536520 0.21179112 0.19397108
v -1.27617942 0.21496971 0.18903887
v -1.28201156 0.21553247 0.18816564
v -1.28480180 0.21270168 0.19255816
v -1.28069413 0.21038940 0.19614612
v -1.26846212 0.20979443 0.19706933
v -1.27054074 0.21790914 0.18447777
v -1.28542975 0.21934582 0.18224848
v -1.29255304 0.21211904 0.19346225
v -1.28206647 0.20621595 0.20262204
v -1.26846212 0.21304696 0.19916544
v -1.27054074 0.22116167 0.18657389
v -1.28542975 0.22259835 0.18434459
v -1.29255304 0.21537157 0.19555836
v -1.28206647 0.20946848 0.20471816
v -1.32325080 0.19500727 0.18033091
v -1.33065932 0.18948349 0.18890213
v -1.34264656 0.19159339 0.18562821
v -1.34264656 0.19842115 0.17503360
v -1.33065932 0.20053104 0.17175969
v -1.31750396 0.18778285 0.17567509
v -1.32888345 0.17929833 0.18884048
v -1.34729585 0.18253913 0.18381175
v -1.34729585 0.19302657 0.16753843
v -1.32888345 0.19626736 0.16250969
v -1.33241531 0.19241109 0.18435938
v -1.32893331 0.19500727 0.18033091
v -1.33241531 0.19760344 0.17630243
v -1.33804931 0.19661179 0.17784117
v -1.33804931 0.19340274 0.18282064
v -1.33241531 0.21048070 0.19600445
v -1.32893331 0.21307688 0.19197598
v -1.33241531 0.21567305 0.18794750
v -1.33804931 0.21468140 0.18948624
v -1.33804931 0.21147235 0.19446571
v -1.32999710 0.20644904 0.20226036
v -1.32110780 0.21307688 0.19197598
v -1.32999710 0.21970471 0.18169159
v -1.34438028 0.21717310 0.18561987
v -1.34438028 0.20898065 0.19833208
v -1.32999710 0.20970157 0.20435648
v -1.32110780 0.21632941 0.19407209
v -1.32999710 0.22295724 0.18378770
v -1.34438028 0.22042563 0.18771599
v -1.34438028 0.21223318 0.20042819
v -1.38803187 0.19903457 0.17408175
v -1.38629950 0.19227161 0.18457581
v -1.39763765 0.18928923 0.18920356
v -1.40637737 0.19420898 0.18156960
v -1.40044068 0.20023193 0.17222381
v -1.38389098 0.19396879 0.16607638
v -1.38123006 0.18358088 0.18219526
v -1.39864545 0.17899995 0.18930348
v -1.41206967 0.18655668 0.17757772
v -1.40295091 0.19580794 0.16322259
v -1.39131220 0.19372151 0.18232601
v -1.39212641 0.19690010 0.17739380
v -1.39795855 0.19746286 0.17652057
v -1.40074879 0.19463207 0.18091309
v -1.39664112 0.19231979 0.18450105
v -1.39131220 0.21179112 0.19397108
v -1.39212641 0.21496971 0.18903887
v -1.39795855 0.21553247 0.18816564
v -1.40074879 0.21270168 0.19255816
v -1.39664112 0.21038940 0.19614612
v -1.38440911 0.20979443 0.19706933
v -1.38648773 0.21790914 0.18447777
v -1.40137674 0.21934582 0.18224848
v -1.40850003 0.21211904 0.19346225
v -1.39801346 0.20621595 0.20262204
v -1.38440911 0.21304696 0.19916544
v -1.38648773 0.22116167 0.18657389
v -1.40137674 0.22259835 0.18434459
v -1.40850003 0.21537157 0.19555836
v -1.39801346 0.20946848 0.20471816
v -1.45045073 0.18920636 0.18933215
v -1.46026809 0.19348837 0.18268776
v -1.45578405 0.19986945 0.17278628
v -1.44319541 0.19953115 0.17331121
v -1.43989923 0.19294100 0.18353712
v -1.45073547 0.17887266 0.18950100
v -1.46581494 0.18544983 0.17929522
v -1.45892745 0.19525115 0.16408654
v -1.43959129 0.19473153 0.16489284
v -1.43452837 0.18460906 0.18059983
v -1.45478334 0.19429339 0.18143863
v -1.45016918 0.19228084 0.18456149
v -1.44520998 0.19403612 0.18183783
v -1.44675918 0.19713349 0.17703165
v -1.45267584 0.19729249 0.17678493
v -1.45478334 0.21236300 0.19308370
v -1.45016918 0.21035045 0.19620656
v -1.44520998 0.21210573 0.19348290
v -1.44675918 0.21520310 0.18867672
v -1.45267584 0.21536210 0.18843000
v -1.46233651 0.21125440 0.19480391
v -1.45055691 0.20611652 0.20277634
v -1.43789643 0.21059762 0.19582303
v -1.44185143 0.21850497 0.18355322
v -1.45695623 0.21891088 0.18292337
v -1.46233651 0.21450693 0.19690002
v -1.45055691 0.20936905 0.20487245
v -1.43789643 0.21385015 0.19791915
v -1.44185143 0.22175750 0.18564934
v -1.45695623 0.22216341 0.18501948
v -1.50177226 0.19903457 0.17408175
v -1.50003989 0.19227161 0.18457581
v -1.51137803 0.18928923 0.18920356
v -1.52011776 0.19420898 0.18156960
v -1.51418106 0.20023193 0.17222381
v -1.49763137 0.19396879 0.16607638
v -1.49497045 0.18358088 0.18219526
v -1.51238584 0.17899995 0.18930348
v -1.52581006 0.18655668 0.17757772
v -1.51669129 0.19580794 0.16322259
v -1.50505258 0.19372151 0.18232601
v -1.50586680 0.19690010 0.17739380
v -1.51169894 0.19746286 0.17652057
v -1.51448918 0.19463207 0.18091309
v -1.51038151 0.19231979 0.18450105
v -1.50505258 0.21179112 0.19397108
v -1.50586680 0.21496971 0.18903887
v -1.51169894 0.21553247 0.18816564
v -1.51448918 0.21270168 0.19255816
v -1.51038151 0.21038940 0.19614612
v -1.49814949 0.20979443 0.19706933
v -1.50022812 0.21790914 0.18447777
v -1.51511713 0.21934582 0.18224848
v -1.52224042 0.21211904 0.19346225
v -1.51175384 0.20621595 0.20262204
v -1.49814949 0.21304696 0.19916544
v -1.50022812 0.22116167 0.18657389
v -1.51511713 0.22259835 0.18434459
v -1.52224042 0.21537157 0.19555836
v -1.51175384 0.20946848 0.20471816
v -0.84965415 0.15130483 0.32904512
v -0.84965415 0.15130483 2.4548477e-2
v -0.68837415 0.15130483 2.4548477e-2
v -0.68837415 0.15130483 0.32904512
v -0.84965415 0.13453171 0.32904512
v -0.84965415 0.13453171 2.4548477e-2
v -0.68837415 0.13453171 2.4548477e-2
v -0.68837415 0.13453171 0.32904512
v -0.82844086 0.15433202 0.30936272
v -0.82227564 0.15433202 0.30457014
v -0.82334353 0.15433202 0.29683461
v -0.83057663 0.15433202 0.29389167
v -0.83674185 0.15433202 0.29868425
v -0.83567396 0.15433202 0.30641978
v -0.82844086 0.15049991 0.30936272
v -0.82227564 0.15049991 0.30457014
v -0.82334353 0.15049991 0.29683461
v -0.83057663 0.15049991 0.29389167
v -0.83674185 0.15049991 0.29868425
v -0.83567396 0.15049991 0.30641978
v -0.76158149 0.20183089 5.5076420e-2
v -0.76375846 0.20688751 5.6509205e-2
v -0.76901415 0.20898203 5.7102684e-2
v -0.77426984 0.20688751 5.6509205e-2
v -0.77644682 0.20183089 5.5076420e-2
v -0.77426984 0.19677427 5.3643634e-2
v -0.76901415 0.19467975 5.3050155e-2
v -0.76375846 0.19677427 5.3643634e-2
v -0.76158149 0.19935885 6.3800809e-2
v -0.76375846 0.20441547 6.5233595e-2
v -0.76901415 0.20650999 6.5827074e-2
v -0.77426984 0.20441547 6.5233595e-2
v -0.77644682 0.19935885 6.3800809e-2
v -0.77426984 0.19430223 6.2368024e-2
v -0.76901415 0.19220771 6.1774545e-2
v -0.76375846 0.19430223 6.2368024e-2
v -0.75855515 0.21481358 4.7622926e-2
v -0.75422289 0.20475074 4.4771632e-2
v -0.75855515 0.19468789 4.1920339e-2
v -0.76901415 0.19051972 4.0739295e-2
v -0.77947316 0.19468789 4.1920339e-2
v -0.78380542 0.20475074 4.4771632e-2
v -0.77947316 0.21481358 4.7622926e-2
v -0.76901415 0.21898175 4.8803970e-2
v -0.76190203 0.21230422 4.4202110e-2
v -0.75895609 0.20546149 4.2263230e-2
v -0.76190203 0.19861875 4.0324351e-2
v -0.76901415 0.19578440 3.9521241e-2
v -0.77612628 0.19861875 4.0324351e-2
v -0.77907222 0.20546149 4.2263230e-2
v -0.77612628 0.21230422 4.4202110e-2
v -0.76901415 0.21513858 4.5005220e-2
v -0.75688087 0.22638189 1.2937325e-2
v -0.75185510 0.21470818 9.6295969e-3
v -0.75688087 0.20303447 6.3218686e-3
v -0.76901415 0.19819906 4.9517626e-3
v -0.78114744 0.20303447 6.3218686e-3
v -0.78617321 0.21470818 9.6295969e-3
v -0.78114744 0.22638189 1.2937325e-2
v -0.76901415 0.23121730 1.4307431e-2
v -0.76901415 0.21600828 5.0412549e-3
v -0.80622910 0.20030646 6.1518744e-2
v -0.81149240 0.19153546 5.9033492e-2
v -0.82201900 0.19153546 5.9033492e-2
v -0.82728231 0.20030646 6.1518744e-2
v -0.82201900 0.20907747 6.4003997e-2
v -0.81149240 0.20907747 6.4003997e-2
v -0.80622910 0.19964962 6.3836896e-2
v -0.81149240 0.19087861 6.1351644e-2
v -0.82201900 0.19087861 6.1351644e-2
v -0.82728231 0.19964962 6.3836896e-2
v -0.82201900 0.20842063 6.6322149e-2
v -0.81149240 0.20842063 6.6322149e-2
v -0.71642979 0.20855379 6.3855611e-2
v -0.71206113 0.19933927 6.1244691e-2
v -0.71817097 0.19109194 5.8907824e-2
v -0.72864947 0.19205914 5.9181877e-2
v -0.73301812 0.20127366 6.1792798e-2
v -0.72690828 0.20952098 6.4129665e-2
v -0.71642979 0.20789694 6.6173763e-2
v -0.71206113 0.19868242 6.3562843e-2
v -0.71817097 0.19043510 6.1225976e-2
v -0.72864947 0.19140230 6.1500029e-2
v -0.73301812 0.20061681 6.4110950e-2
v -0.72690828 0.20886414 6.6447817e-2
v -0.81449002 0.19921037 5.7076216e-2
v -0.81758500 0.19841249 5.6850136e-2
v -0.81985068 0.20059235 5.7467797e-2
v -0.81902138 0.20357010 5.8311538e-2
v -0.81592641 0.20436798 5.8537618e-2
v -0.81366073 0.20218812 5.7919957e-2
v -0.81284936 0.19651339 6.0576235e-2
v -0.81818552 0.19513773 6.0186443e-2
v -0.82209187 0.19889611 6.1251375e-2
v -0.82066205 0.20403016 6.2706101e-2
v -0.81532588 0.20540582 6.3095893e-2
v -0.81141954 0.20164744 6.2030960e-2
v -0.71937960 0.20190010 5.7838348e-2
v -0.72050067 0.19901216 5.7020053e-2
v -0.72366070 0.19850229 5.6875583e-2
v -0.72569966 0.20088037 5.7549406e-2
v -0.72457858 0.20376831 5.8367701e-2
v -0.72141856 0.20427818 5.8512171e-2
v -0.71709130 0.20115086 6.1890255e-2
v -0.71902419 0.19617165 6.0479403e-2
v -0.72447251 0.19529256 6.0230316e-2
v -0.72798795 0.19939269 6.1392081e-2
v -0.72605507 0.20437190 6.2802933e-2
v -0.72060675 0.20525099 6.3052020e-2
v -0.82760266 0.20757036 6.5761747e-2
v -0.82760266 0.19143256 6.1189125e-2
v -0.71042565 0.19143256 6.1189125e-2
v -0.71042565 0.20757036 6.5761747e-2
v -0.82760266 0.20126014 8.8031915e-2
v -0.82760266 0.18512234 8.3459292e-2
v -0.71042565 0.18512234 8.3459292e-2
v -0.71042565 0.20126014 8.8031915e-2
v -0.82290421 0.16734144 0.17761656
v -0.82012518 0.16271034 0.17630435
v -0.81456714 0.16271034 0.17630435
v -0.81178811 0.16734144 0.17761656
v -0.81456714 0.17197253 0.17892877
v -0.82012518 0.17197253 0.17892877
v -0.82290421 0.19336432 8.5776029e-2
v -0.82012518 0.18873322 8.4463816e-2
v -0.81456714 0.18873322 8.4463816e-2
v -0.81178811 0.19336432 8.5776029e-2
v -0.81456714 0.19799541 8.7088242e-2
v -0.82012518 0.19799541 8.7088242e-2
v -0.72766715 0.16734144 0.17761656
v -0.72488812 0.16271034 0.17630435
v -0.71933007 0.16271034 0.17630435
v -0.71655105 0.16734144 0.17761656
v -0.71933007 0.17197253 0.17892877
v -0.72488812 0.17197253 0.17892877
v -0.72766715 0.19336432 8.5776029e-2
v -0.72488812 0.18873322 8.4463816e-2
v -0.71933007 0.18873322 8.4463816e-2
v -0.71655105 0.19336432 8.5776029e-2
v -0.71933007 0.19799541 8.7088242e-2
v -0.72488812 0.19799541 8.7088242e-2
v -0.70042936 0.15433202 4.8217117e-2
v -0.70088159 0.15433202 4.0421335e-2
v -0.70785905 0.15433202 3.6915088e-2
v -0.71438428 0.15433202 4.1204624e-2
v -0.71393205 0.15433202 4.9000407e-2
v -0.70695459 0.15433202 5.2506653e-2
v -0.70042936 0.15049991 4.8217117e-2
v -0.70088159 0.15049991 4.0421335e-2
v -0.70785905 0.15049991 3.6915088e-2
v -0.71438428 0.15049991 4.1204624e-2
v -0.71393205 0.15049991 4.9000407e-2
v -0.70695459 0.15049991 5.2506653e-2
v -0.43360986 0.15433202 4.8217117e-2
v -0.43406209 0.15433202 4.0421335e-2
v -0.44103955 0.15433202 3.6915088e-2
v -0.44756478 0.15433202 4.1204624e-2
v -0.44711255 0.15433202 4.9000407e-2
v -0.44013509 0.15433202 5.2506653e-2
v -0.43360986 0.15049991 4.8217117e-2
v -0.43406209 0.15049991 4.0421335e-2
v -0.44103955 0.15049991 3.6915088e-2
v -0.44756478 0.15049991 4.1204624e-2
v -0.44711255 0.15049991 4.9000407e-2
v -0.44013509 0.15049991 5.2506653e-2
v -0.54868826 0.16143342 0.14188181
v -0.55178323 0.16143342 0.14105251
v -0.55404891 0.16143342 0.14331819
v -0.55321962 0.16143342 0.14641317
v -0.55012464 0.16143342 0.14724247
v -0.54785896 0.16143342 0.14497679
v -0.54704759 0.15733073 0.14024115
v -0.55238376 0.15733073 0.13881132
v -0.55629010 0.15733073 0.14271767
v -0.55486028 0.15733073 0.14805384
v -0.54952412 0.15733073 0.14948366
v -0.54561777 0.15733073 0.14557731
v -0.81550775 0.16143342 0.14188181
v -0.81860273 0.16143342 0.14105251
v -0.82086841 0.16143342 0.14331819
v -0.82003912 0.16143342 0.14641317
v -0.81694414 0.16143342 0.14724247
v -0.81467846 0.16143342 0.14497679
v -0.81386709 0.15733073 0.14024115
v -0.81920326 0.15733073 0.13881132
v -0.82310960 0.15733073 0.14271767
v -0.82167978 0.15733073 0.14805384
v -0.81634361 0.15733073 0.14948366
v -0.81243727 0.15733073 0.14557731
v -0.54042733 0.15745797 0.14414749
v -0.54569063 0.15745797 0.13503118
v -0.55621724 0.15745797 0.13503118
v -0.56148054 0.15745797 0.14414749
v -0.55621724 0.15745797 0.15326380
v -0.54569063 0.15745797 0.15326380
v -0.54042733 0.15504856 0.14414749
v -0.54569063 0.15504856 0.13503118
v -0.55621724 0.15504856 0.13503118
v -0.56148054 0.15504856 0.14414749
v -0.55621724 0.15504856 0.15326380
v -0.54569063 0.15504856 0.15326380
v -0.80724683 0.15745797 0.14414749
v -0.81251013 0.15745797 0.13503118
v -0.82303674 0.15745797 0.13503118
v -0.82830004 0.15745797 0.14414749
v -0.82303674 0.15745797 0.15326380
v -0.81251013 0.15745797 0.15326380
v -0.80724683 0.15504856 0.14414749
v -0.81251013 0.15504856 0.13503118
v -0.82303674 0.15504856 0.13503118
v -0.82830004 0.15504856 0.14414749
v -0.82303674 0.15504856 0.15326380
v -0.81251013 0.15504856 0.15326380
v -0.53740731 0.16028988 0.17237148
v -0.53740731 0.16306891 0.16755807
v -0.53740731 0.16862695 0.16755807
v -0.53740731 0.17140598 0.17237148
v -0.53740731 0.16862695 0.17718489
v -0.53740731 0.16306891 0.17718489
v -0.56408112 0.16028988 0.17237148
v -0.56408112 0.16306891 0.16755807
v -0.56408112 0.16862695 0.16755807
v -0.56408112 0.17140598 0.17237148
v -0.56408112 0.16862695 0.17718489
v -0.56408112 0.16306891 0.17718489
v -0.80422681 0.16028988 0.17237148
v -0.80422681 0.16306891 0.16755807
v -0.80422681 0.16862695 0.16755807
v -0.80422681 0.17140598 0.17237148
v -0.80422681 0.16862695 0.17718489
v -0.80422681 0.16306891 0.17718489
v -0.83090062 0.16028988 0.17237148
v -0.83090062 0.16306891 0.16755807
v -0.83090062 0.16862695 0.16755807
v -0.83090062 0.17140598 0.17237148
v -0.83090062 0.16862695 0.17718489
v -0.83090062 0.16306891 0.17718489
v -0.46794079 0.15525185 0.13430840
v -0.46794079 0.15525185 0.18554521
v -0.44224853 0.15525185 0.18554521
v -0.44224853 0.15525185 0.13430840
v -0.46794079 0.14828503 0.13430840
v -0.46794079 0.14828503 0.18554521
v -0.44224853 0.14828503 0.18554521
v -0.44224853 0.14828503 0.13430840
v -0.46794079 0.15525185 0.15992680
v -0.44224853 0.15525185 0.15992680
v -0.46403557 0.15525185 0.18554521
v -0.44615375 0.15525185 0.18554521
v -0.46403557 0.15525185 0.15992680
v -0.44615375 0.15525185 0.15992680
v -0.44615375 0.17743323 0.16602399
v -0.44615375 0.17743323 0.17944803
v -0.46403557 0.17743323 0.17944803
v -0.46403557 0.17743323 0.16602399
v -0.46089433 0.17743323 0.17944803
v -0.44929499 0.17743323 0.17944803
v -0.44929499 0.17743323 0.16602399
v -0.46089433 0.17743323 0.16602399
v -0.45509466 0.15829124 0.18554521
v -0.45509466 0.15829124 0.15992680
v -0.73476029 0.15525185 0.13430840
v -0.73476029 0.15525185 0.18554521
v -0.70906803 0.15525185 0.18554521
v -0.70906803 0.15525185 0.13430840
v -0.73476029 0.14828503 0.13430840
v -0.73476029 0.14828503 0.18554521
v -0.70906803 0.14828503 0.18554521
v -0.70906803 0.14828503 0.13430840
v -0.73476029 0.15525185 0.15992680
v -0.70906803 0.15525185 0.15992680
v -0.73085506 0.15525185 0.18554521
v -0.71297325 0.15525185 0.18554521
v -0.73085506 0.15525185 0.15992680
v -0.71297325 0.15525185 0.15992680
v -0.71297325 0.17743323 0.16602399
v -0.71297325 0.17743323 0.17944803
v -0.73085506 0.17743323 0.17944803
v -0.73085506 0.17743323 0.16602399
v -0.72771383 0.17743323 0.17944803
v -0.71611449 0.17743323 0.17944803
v -0.71611449 0.17743323 0.16602399
v -0.72771383 0.17743323 0.16602399
v -0.72191416 0.15829124 0.18554521
v -0.72191416 0.15829124 0.15992680
v -0.55888675 0.15433202 5.1531408e-2
v -0.55488124 0.15433202 4.4828076e-2
v -0.55868374 0.15433202 3.8007539e-2
v -0.56649175 0.15433202 3.7890334e-2
v -0.57049726 0.15433202 4.4593665e-2
v -0.56669476 0.15433202 5.1414202e-2
v -0.55888675 0.15049991 5.1531408e-2
v -0.55488124 0.15049991 4.4828076e-2
v -0.55868374 0.15049991 3.8007539e-2
v -0.56649175 0.15049991 3.7890334e-2
v -0.57049726 0.15049991 4.4593665e-2
v -0.56669476 0.15049991 5.1414202e-2
v -0.82570624 0.15433202 5.1531408e-2
v -0.82170074 0.15433202 4.4828076e-2
v -0.82550324 0.15433202 3.8007539e-2
v -0.83331125 0.15433202 3.7890334e-2
v -0.83731676 0.15433202 4.4593665e-2
v -0.83351425 0.15433202 5.1414202e-2
v -0.82570624 0.15049991 5.1531408e-2
v -0.82170074 0.15049991 4.4828076e-2
v -0.82550324 0.15049991 3.8007539e-2
v -0.83331125 0.15049991 3.7890334e-2
v -0.83731676 0.15049991 4.4593665e-2
v -0.83351425 0.15049991 5.1414202e-2
v -0.43294625 0.15433202 0.30001697
v -0.43816128 0.15433202 0.29420472
v -0.44580235 0.15433202 0.29581495
v -0.44822839 0.15433202 0.30323742
v -0.44301336 0.15433202 0.30904967
v -0.43537229 0.15433202 0.30743944
v -0.43294625 0.15049991 0.30001697
v -0.43816128 0.15049991 0.29420472
v -0.44580235 0.15049991 0.29581495
v -0.44822839 0.15049991 0.30323742
v -0.44301336 0.15049991 0.30904967
v -0.43537229 0.15049991 0.30743944
v -0.69976575 0.15433202 0.30001697
v -0.70498078 0.15433202 0.29420472
v -0.71262185 0.15433202 0.29581495
v -0.71504789 0.15433202 0.30323742
v -0.70983286 0.15433202 0.30904967
v -0.70219179 0.15433202 0.30743944
v -0.69976575 0.15049991 0.30001697
v -0.70498078 0.15049991 0.29420472
v -0.71262185 0.15049991 0.29581495
v -0.71504789 0.15049991 0.30323742
v -0.70983286 0.15049991 0.30904967
v -0.70219179 0.15049991 0.30743944
v -0.44519352 0.15745797 0.14464060
v -0.45045683 0.15745797 0.13552429
v -0.46098343 0.15745797 0.13552429
v -0.46624674 0.15745797 0.14464060
v -0.46098343 0.15745797 0.15375690
v -0.45045683 0.15745797 0.15375690
v -0.44519352 0.15504856 0.14464060
v -0.45045683 0.15504856 0.13552429
v -0.46098343 0.15504856 0.13552429
v -0.46624674 0.15504856 0.14464060
v -0.46098343 0.15504856 0.15375690
v -0.45045683 0.15504856 0.15375690
v -0.71201302 0.15745797 0.14464060
v -0.71727633 0.15745797 0.13552429
v -0.72780293 0.15745797 0.13552429
v -0.73306623 0.15745797 0.14464060
v -0.72780293 0.15745797 0.15375690
v -0.71727633 0.15745797 0.15375690
v -0.71201302 0.15504856 0.14464060
v -0.71727633 0.15504856 0.13552429
v -0.72780293 0.15504856 0.13552429
v -0.73306623 0.15504856 0.14464060
v -0.72780293 0.15504856 0.15375690
v -0.71727633 0.15504856 0.15375690
v -0.44195269 0.16028988 0.17237148
v -0.44195269 0.16306891 0.16755807
v -0.44195269 0.16862695 0.16755807
v -0.44195269 0.17140598 0.17237148
v -0.44195269 0.16862695 0.17718489
v -0.44195269 0.16306891 0.17718489
v -0.46862651 0.16028988 0.17237148
v -0.46862651 0.16306891 0.16755807
v -0.46862651 0.16862695 0.16755807
v -0.46862651 0.17140598 0.17237148
v -0.46862651 0.16862695 0.17718489
v -0.46862651 0.16306891 0.17718489
v -0.70877219 0.16028988 0.17237148
v -0.70877219 0.16306891 0.16755807
v -0.70877219 0.16862695 0.16755807
v -0.70877219 0.17140598 0.17237148
v -0.70877219 0.16862695 0.17718489
v -0.70877219 0.16306891 0.17718489
v -0.73544600 0.16028988 0.17237148
v -0.73544600 0.16306891 0.16755807
v -0.73544600 0.16862695 0.16755807
v -0.73544600 0.17140598 0.17237148
v -0.73544600 0.16862695 0.17718489
v -0.73544600 0.16306891 0.17718489
v -0.45345445 0.16143342 0.14237491
v -0.45654943 0.16143342 0.14154562
v -0.45881511 0.16143342 0.14381130
v -0.45798581 0.16143342 0.14690628
v -0.45489083 0.16143342 0.14773557
v -0.45262515 0.16143342 0.14546989
v -0.45181378 0.15733073 0.14073425
v -0.45714995 0.15733073 0.13930443
v -0.46105630 0.15733073 0.14321077
v -0.45962648 0.15733073 0.14854694
v -0.45429031 0.15733073 0.14997676
v -0.45038396 0.15733073 0.14607042
v -0.72027395 0.16143342 0.14237491
v -0.72336892 0.16143342 0.14154562
v -0.72563460 0.16143342 0.14381130
v -0.72480531 0.16143342 0.14690628
v -0.72171033 0.16143342 0.14773557
v -0.71944465 0.16143342 0.14546989
v -0.71863328 0.15733073 0.14073425
v -0.72396945 0.15733073 0.13930443
v -0.72787580 0.15733073 0.14321077
v -0.72644597 0.15733073 0.14854694
v -0.72110981 0.15733073 0.14997676
v -0.71720346 0.15733073 0.14607042
v -0.56317460 0.15525185 0.13430840
v -0.56317460 0.15525185 0.18554521
v -0.53748234 0.15525185 0.18554521
v -0.53748234 0.15525185 0.13430840
v -0.56317460 0.14828503 0.13430840
v -0.56317460 0.14828503 0.18554521
v -0.53748234 0.14828503 0.18554521
v -0.53748234 0.14828503 0.13430840
v -0.56317460 0.15525185 0.15992680
v -0.53748234 0.15525185 0.15992680
v -0.55926937 0.15525185 0.18554521
v -0.54138756 0.15525185 0.18554521
v -0.55926937 0.15525185 0.15992680
v -0.54138756 0.15525185 0.15992680
v -0.54138756 0.17743323 0.16602399
v -0.54138756 0.17743323 0.17944803
v -0.55926937 0.17743323 0.17944803
v -0.55926937 0.17743323 0.16602399
v -0.55612814 0.17743323 0.17944803
v -0.54452880 0.17743323 0.17944803
v -0.54452880 0.17743323 0.16602399
v -0.55612814 0.17743323 0.16602399
v -0.55032847 0.15829124 0.18554521
v -0.55032847 0.15829124 0.15992680
v -0.82999410 0.15525185 0.13430840
v -0.82999410 0.15525185 0.18554521
v -0.80430184 0.15525185 0.18554521
v -0.80430184 0.15525185 0.13430840
v -0.82999410 0.14828503 0.13430840
v -0.82999410 0.14828503 0.18554521
v -0.80430184 0.14828503 0.18554521
v -0.80430184 0.14828503 0.13430840
v -0.82999410 0.15525185 0.15992680
v -0.80430184 0.15525185 0.15992680
v -0.82608887 0.15525185 0.18554521
v -0.80820706 0.15525185 0.18554521
v -0.82608887 0.15525185 0.15992680
v -0.80820706 0.15525185 0.15992680
v -0.80820706 0.17743323 0.16602399
v -0.80820706 0.17743323 0.17944803
v -0.82608887 0.17743323 0.17944803
v -0.82608887 0.17743323 0.16602399
v -0.82294763 0.17743323 0.17944803
v -0.81134830 0.17743323 0.17944803
v -0.81134830 0.17743323 0.16602399
v -0.82294763 0.17743323 0.16602399
v -0.81714797 0.15829124 0.18554521
v -0.81714797 0.15829124 0.15992680
v -0.49476199 0.24033508 7.6979102e-2
v -0.49693897 0.24449013 8.0197451e-2
v -0.50219466 0.24621121 8.1530535e-2
v -0.50745035 0.24449013 8.0197451e-2
v -0.50962732 0.24033508 7.6979102e-2
v -0.50745035 0.23618002 7.3760753e-2
v -0.50219466 0.23445894 7.2427669e-2
v -0.49693897 0.23618002 7.3760753e-2
v -0.49476199 0.23478233 8.4147991e-2
v -0.49693897 0.23893738 8.7366340e-2
v -0.50219466 0.24065847 8.8699424e-2
v -0.50745035 0.23893738 8.7366340e-2
v -0.50962732 0.23478233 8.4147991e-2
v -0.50745035 0.23062727 8.0929642e-2
v -0.50219466 0.22890619 7.9596558e-2
v -0.49693897 0.23062727 8.0929642e-2
v -0.49173565 0.25516240 7.4916218e-2
v -0.48740339 0.24689369 6.8511591e-2
v -0.49173565 0.23862498 6.2106964e-2
v -0.50219466 0.23519997 5.9454081e-2
v -0.51265366 0.23862498 6.2106964e-2
v -0.51698592 0.24689369 6.8511591e-2
v -0.51265366 0.25516240 7.4916218e-2
v -0.50219466 0.25858741 7.7569101e-2
v -0.49508253 0.25411291 7.0805567e-2
v -0.49213659 0.24849019 6.6450420e-2
v -0.49508253 0.24286747 6.2095274e-2
v -0.50219466 0.24053846 6.0291313e-2
v -0.50930678 0.24286747 6.2095274e-2
v -0.51225272 0.24849019 6.6450420e-2
v -0.50930678 0.25411291 7.0805567e-2
v -0.50219466 0.25644192 7.2609527e-2
v -0.49006137 0.27885264 4.7065029e-2
v -0.48503560 0.26926028 3.9635149e-2
v -0.49006137 0.25966792 3.2205269e-2
v -0.50219466 0.25569463 2.9127712e-2
v -0.51432794 0.25966792 3.2205269e-2
v -0.51935371 0.26926028 3.9635149e-2
v -0.51432794 0.27885264 4.7065029e-2
v -0.50219466 0.28282593 5.0142586e-2
v -0.50219466 0.27218059 3.5864878e-2
v -0.53940960 0.23651397 8.2385266e-2
v -0.54467290 0.22930678 7.6802847e-2
v -0.55519951 0.22930678 7.6802847e-2
v -0.56046281 0.23651397 8.2385266e-2
v -0.55519951 0.24372117 8.7967685e-2
v -0.54467290 0.24372117 8.7967685e-2
v -0.53940960 0.23503856 8.4290107e-2
v -0.54467290 0.22783136 7.8707688e-2
v -0.55519951 0.22783136 7.8707688e-2
v -0.56046281 0.23503856 8.4290107e-2
v -0.55519951 0.24224575 8.9872526e-2
v -0.54467290 0.24224575 8.9872526e-2
v -0.44961029 0.24329085 8.7634379e-2
v -0.44524164 0.23571922 8.1769682e-2
v -0.45135147 0.22894234 7.6520569e-2
v -0.46182997 0.22973709 7.7136153e-2
v -0.46619862 0.23730873 8.3000850e-2
v -0.46008879 0.24408561 8.8249964e-2
v -0.44961029 0.24181544 8.9539220e-2
v -0.44524164 0.23424381 8.3674523e-2
v -0.45135147 0.22746693 7.8425410e-2
v -0.46182997 0.22826168 7.9040994e-2
v -0.46619862 0.23583331 8.4905691e-2
v -0.46008879 0.24261019 9.0154804e-2
v -0.54767052 0.23715715 7.7854946e-2
v -0.55076550 0.23650152 7.7347122e-2
v -0.55303118 0.23829273 7.8734524e-2
v -0.55220188 0.24073957 8.0629749e-2
v -0.54910691 0.24139519 8.1137573e-2
v -0.54684123 0.23960399 7.9750172e-2
v -0.54602986 0.23334777 8.0093791e-2
v -0.55136603 0.23221738 7.9218233e-2
v -0.55527237 0.23530566 8.1610304e-2
v -0.55384255 0.23952435 8.4877934e-2
v -0.54850638 0.24065474 8.5753493e-2
v -0.54460004 0.23756645 8.3361421e-2
v -0.45256010 0.23936732 7.9566860e-2
v -0.45368117 0.23699428 7.7728793e-2
v -0.45684120 0.23657532 7.7404281e-2
v -0.45888016 0.23852940 7.8917835e-2
v -0.45775909 0.24090244 8.0755903e-2
v -0.45459906 0.24132140 8.1080415e-2
v -0.45027181 0.23715841 8.3045367e-2
v -0.45220469 0.23306696 7.9876285e-2
v -0.45765301 0.23234461 7.9316781e-2
v -0.46116845 0.23571371 8.1926358e-2
v -0.45923557 0.23980516 8.5095440e-2
v -0.45378725 0.24052751 8.5654944e-2
v -0.56078316 0.24166645 8.9035023e-2
v -0.56078316 0.22840592 7.8763914e-2
v -0.44360615 0.22840592 7.8763914e-2
v -0.44360615 0.24166645 8.9035023e-2
v -0.56078316 0.22749232 0.10733457
v -0.56078316 0.21423179 9.7063458e-2
v -0.44360615 0.21423179 9.7063458e-2
v -0.44360615 0.22749232 0.10733457
v -0.55608471 0.16255816 0.17775787
v -0.55330568 0.15875276 0.17481035
v -0.54774764 0.15875276 0.17481035
v -0.54496861 0.16255816 0.17775787
v -0.54774764 0.16636356 0.18070539
v -0.55330568 0.16636356 0.18070539
v -0.55608471 0.22101123 0.10229190
v -0.55330568 0.21720583 9.9344383e-2
v -0.54774764 0.21720583 9.9344383e-2
v -0.54496861 0.22101123 0.10229190
v -0.54774764 0.22481663 0.10523942
v -0.55330568 0.22481663 0.10523942
v -0.46084765 0.16255816 0.17775787
v -0.45806862 0.15875276 0.17481035
v -0.45251058 0.15875276 0.17481035
v -0.44973155 0.16255816 0.17775787
v -0.45251058 0.16636356 0.18070539
v -0.45806862 0.16636356 0.18070539
v -0.46084765 0.22101123 0.10229190
v -0.45806862 0.21720583 9.9344383e-2
v -0.45251058 0.21720583 9.9344383e-2
v -0.44973155 0.22101123 0.10229190
v -0.45251058 0.22481663 0.10523942
v -0.45806862 0.22481663 0.10523942
v -0.56162136 0.15433202 0.30936272
v -0.55545614 0.15433202 0.30457014
v -0.55652403 0.15433202 0.29683461
v -0.56375714 0.15433202 0.29389167
v -0.56992235 0.15433202 0.29868425
v -0.56885447 0.15433202 0.30641978
v -0.56162136 0.15049991 0.30936272
v -0.55545614 0.15049991 0.30457014
v -0.55652403 0.15049991 0.29683461
v -0.56375714 0.15049991 0.29389167
v -0.56992235 0.15049991 0.29868425
v -0.56885447 0.15049991 0.30641978
v -0.58283466 0.15130483 0.32904512
v -0.58283466 0.15130483 2.4548477e-2
v -0.42155466 0.15130483 2.4548477e-2
v -0.42155466 0.15130483 0.32904512
v -0.58283466 0.13453171 0.32904512
v -0.58283466 0.13453171 2.4548477e-2
v -0.42155466 0.13453171 2.4548477e-2
v -0.42155466 0.13453171 0.32904512
vt -0.12052885 0.45443052
vt -0.12052885 0.70055447
vt -0.12052885 0.20856357
vt -0.12052885 0.28912680
vt -8.0052389e-2 0.46578966
vt -8.0052389e-2 -0.15084482
vt -8.0052389e-2 0.81243576
vt -8.0052389e-2 0.26058285
vt 0.0000000e+0 0.77090433
vt 0.0000000e+0 0.77090433
vt 0.0000000e+0 0.81336940
vt 0.0000000e+0 0.81336940
vt 0.0000000e+0 0.85583447
vt 0.0000000e+0 0.88542052
vt 0.0000000e+0 0.93403494
vt 0.0000000e+0 0.93525927
vt 2.0816682e-17 0.97772434
vt 9.7144515e-17 0.0000000e+0
vt 8.1892754e-3 0.67035963
vt 9.1121724e-3 0.96207932
vt 9.1121724e-3 0.90599056
vt 1.3839624e-2 0.22256854
vt 1.3839624e-2 0.21090748
vt 1.3839624e-2 0.23306350
vt 1.3839624e-2 0.22140244
vt 1.3839624e-2 0.19924641
vt 1.3839624e-2 0.18758535
vt 1.3839624e-2 0.20974137
vt 1.3839624e-2 0.19808031
vt 1.3874481e-2 0.66153792
vt 1.6724853e-2 0.85583447
vt 2.3758435e-2 0.44999059
vt 2.3758435e-2 0.70907930
vt 2.3758435e-2 0.52191775
vt 2.3758435e-2 0.26282903
vt 2.9427345e-2 0.50389270
vt 2.9427345e-2 0.87444822
vt 3.2968150e-2 0.97941170
vt 3.2968150e-2 0.88865817
vt 3.6485665e-2 0.92377784
vt 4.2465069e-2 0.77090433
vt 4.2465069e-2 5.5511151e-17
vt 4.2465069e-2 0.0000000e+0
vt 4.2465069e-2 0.77090433
vt 4.6379470e-2 0.22256854
vt 4.6379470e-2 0.21090748
vt 4.6379470e-2 0.23306350
vt 4.6379470e-2 0.22140244
vt 4.6379470e-2 0.19924641
vt 4.6379470e-2 0.20974137
vt 4.6379470e-2 0.18758535
vt 4.6379470e-2 0.19808031
vt 4.6767581e-2 0.47299973
vt 4.6767581e-2 0.73208845
vt 4.6767581e-2 0.49890861
vt 4.6767581e-2 0.23981989
vt 5.8601795e-2 0.93525927
vt 5.8601795e-2 0.97772434
vt 5.8601795e-2 0.93525927
vt 5.8601795e-2 0.97772434
vt 6.2455759e-2 0.97941170
vt 6.2455759e-2 0.88865817
vt 6.8403322e-2 0.86731590
vt 7.8296705e-2 -0.15084482
vt 7.8296705e-2 0.39319376
vt 8.4930138e-2 0.77090433
vt 8.4930138e-2 0.0000000e+0
vt 8.4930138e-2 5.5511151e-17
vt 8.4930138e-2 0.77090433
vt 8.6311736e-2 0.96207932
vt 8.6311736e-2 0.90599056
vt 8.8164134e-2 0.93525927
vt 9.5423908e-2 0.93403494
vt 9.5423908e-2 0.93403494
vt 0.10453608 0.96207932
vt 0.10453608 0.90599056
vt 0.10488899 0.90567322
vt 0.11104879 0.63373012
vt 0.11104879 0.66269440
vt 0.11720359 0.93525927
vt 0.11720359 0.97772434
vt 0.11767046 0.30541879
vt 0.11767046 0.45443052
vt 0.11767046 0.20856357
vt 0.11767046 0.65206489
vt 0.11903052 0.63373012
vt 0.11903052 0.66269440
vt 0.12698602 0.39319376
vt 0.12698602 0.94504667
vt 0.12701225 0.63373012
vt 0.12701225 0.66269440
vt 0.12839206 0.97941170
vt 0.12839206 0.88865817
vt 0.13499397 0.63373012
vt 0.13499397 0.66269440
vt 0.14297570 0.66269440
vt 0.14297570 0.63373012
vt 0.15095742 0.66269440
vt 0.15095742 0.63373012
vt 0.15095742 0.66269440
vt 0.15787967 0.88865817
vt 0.15787967 0.97941170
vt 0.15893915 0.63373012
vt 0.15893915 0.66269440
vt 0.16551103 0.77174658
vt 0.16562794 0.39319376
vt 0.16692088 0.63373012
vt 0.16692088 0.66269440
vt 0.17119623 0.76292487
vt 0.17208511 -0.13682084
vt 0.17208511 0.40721774
vt 0.17490260 0.66269440
vt 0.17490260 0.63373012
vt 0.18173564 0.96207932
vt 0.18173564 0.90599056
vt 0.18288433 0.66269440
vt 0.18288433 0.63373012
vt 0.18830019 0.72960191
vt 0.18830019 7.4544923e-2
vt 0.18930812 0.67035963
vt 0.19084782 0.93403494
vt 0.19084782 0.93403494
vt 0.19086605 0.66269440
vt 0.19086605 0.66269440
vt 0.19086605 0.63373012
vt 0.19086605 0.63373012
vt 0.19499332 0.66153792
vt 0.19884778 0.63373012
vt 0.19884778 0.66269440
vt 0.19995999 0.90599056
vt 0.19995999 0.96207932
vt 0.20682951 0.66269440
vt 0.20682951 0.63373012
vt 0.21130934 0.75261105
vt 0.21130934 5.1535778e-2
vt 0.21431726 -0.15084482
vt 0.21431726 0.94504667
vt 0.21431726 0.46578966
vt 0.21431726 0.39319376
vt 0.21481123 0.66269440
vt 0.21481123 0.63373012
vt 0.22279296 0.66269440
vt 0.22279296 0.63373012
vt 0.22381597 0.88865817
vt 0.22381597 0.97941170
vt 0.22386418 0.88748366
vt 0.22386418 0.88933856
vt 0.22409236 0.60811212
vt 0.22845783 0.86523621
vt 0.22845783 0.86523621
vt 0.22845783 0.86523621
vt 0.22845783 0.86523621
vt 0.22977757 0.59929041
vt 0.23077468 0.66269440
vt 0.23077468 0.63373012
vt 0.23315819 0.88855357
vt 0.23315819 0.88855357
vt 0.23333237 0.89118399
vt 0.23333237 0.89118399
vt 0.23426581 0.86035875
vt 0.23426581 0.86035875
vt 0.23426581 0.86035875
vt 0.23426581 0.86035875
vt 0.23650462 0.85920761
vt 0.23650462 0.85920761
vt 0.23650462 0.85920761
vt 0.23650462 0.85920761
vt 0.24354436 0.88176359
vt 0.24354436 0.88176359
vt 0.24354436 0.88176359
vt 0.24354436 0.88176359
vt 0.24621579 0.88748366
vt 0.24621579 0.88933856
vt 0.24860804 0.87621137
vt 0.24860804 0.87621137
vt 0.24860804 0.87621137
vt 0.24860804 0.87621137
vt 0.25026563 0.87439445
vt 0.25026563 0.87439445
vt 0.25026563 0.87439445
vt 0.25026563 0.87439445
vt 0.25144427 0.62573922
vt 0.25330358 0.97941170
vt 0.25330358 0.88865817
vt 0.25712947 0.61691751
vt 0.26041477 0.50973149
vt 0.26041477 0.85707030
vt 0.26158912 0.89560619
vt 0.26158912 0.89560619
vt 0.26158912 0.89560619
vt 0.26158912 0.89560619
vt 0.26179185 0.88875306
vt 0.26180065 0.88562107
vt 0.26479517 0.88681380
vt 0.26479517 0.88681380
vt 0.26492897 0.88933462
vt 0.26492897 0.88933462
vt 0.26569079 0.88901624
vt 0.26569079 0.88901624
vt 0.26569079 0.88901624
vt 0.26569079 0.88901624
vt 0.26702216 0.88685071
vt 0.26702216 0.88685071
vt 0.26702216 0.88685071
vt 0.26702216 0.88685071
vt 0.26856740 0.88933856
vt 0.26856740 0.88748366
vt 0.27126319 5.1535778e-2
vt 0.27126319 0.75261105
vt 0.27135339 0.90153203
vt 0.27135339 0.89631846
vt 0.27135339 0.87674234
vt 0.27135339 0.88195591
vt 0.27135339 0.89238305
vt 0.27135339 0.88195591
vt 0.27135339 0.88716948
vt 0.27135339 0.88716948
vt 0.27715955 0.96207932
vt 0.27715955 0.90599056
vt 0.28277329 0.90658420
vt 0.28277329 0.90658420
vt 0.28277329 0.90658420
vt 0.28277329 0.90658420
vt 0.28579407 0.89889542
vt 0.28579407 0.89889542
vt 0.28579407 0.89889542
vt 0.28579407 0.89889542
vt 0.28627173 0.93403494
vt 0.28627173 0.93403494
vt 0.28676144 0.89636817
vt 0.28676144 0.89636817
vt 0.28676144 0.89636817
vt 0.28676144 0.89636817
vt 0.28714715 0.93619677
vt 0.29091901 0.88933856
vt 0.29091901 0.88748366
vt 0.29164406 0.94944045
vt 0.29173014 0.89631846
vt 0.29173014 0.90153203
vt 0.29173014 0.88195591
vt 0.29173014 0.88716948
vt 0.29173014 0.89238305
vt 0.29173014 0.88716948
vt 0.29173014 0.87674234
vt 0.29173014 0.88195591
vt 0.29395469 0.88563824
vt 0.29395469 0.88563824
vt 0.29401572 0.88774011
vt 0.29401572 0.88774011
vt 0.29427234 0.72960191
vt 0.29427234 7.4544923e-2
vt 0.29538390 0.96207932
vt 0.29538390 0.90599056
vt 0.29904320 0.93525927
vt 0.29953022 0.88885895
vt 0.29955634 0.88606335
vt 0.30165141 0.94294061
vt 0.30183948 0.65821672
vt 0.30191503 0.95893384
vt 0.30211736 0.40102077
vt 0.30211736 0.52347483
vt 0.30736571 0.91421339
vt 0.30736571 0.91421339
vt 0.30736571 0.91421339
vt 0.30736571 0.91421339
vt 0.30752468 0.64939500
vt 0.30760857 0.94844677
vt 0.30780256 0.40984248
vt 0.30780256 0.53229655
vt 0.30907246 0.90535432
vt 0.30907246 0.90535432
vt 0.30907246 0.90535432
vt 0.30907246 0.90535432
vt 0.30959829 0.90244743
vt 0.30959829 0.90244743
vt 0.30959829 0.90244743
vt 0.30959829 0.90244743
vt 0.31210688 0.89631846
vt 0.31210688 0.90153203
vt 0.31210688 0.88716948
vt 0.31210688 0.88195591
vt 0.31210688 0.89238305
vt 0.31210688 0.88716948
vt 0.31210688 0.87674234
vt 0.31210688 0.88195591
vt 0.31327061 0.88933856
vt 0.31327061 0.88748366
vt 0.31547107 0.96237638
vt 0.31547107 0.95044345
vt 0.31564558 0.88696706
vt 0.31564558 0.88696706
vt 0.31564699 0.88553167
vt 0.31564699 0.88553167
vt 0.31588520 0.55378584
vt 0.31588520 0.58275013
vt 0.31923987 0.97941170
vt 0.31923987 0.88865817
vt 0.32135456 0.71257461
vt 0.32135456 0.74153890
vt 0.32333358 0.94844677
vt 0.32386692 0.55378584
vt 0.32386692 0.58275013
vt 0.32580700 0.88835473
vt 0.32582021 0.88873958
vt 0.32631438 0.88906652
vt 0.32633412 0.88839245
vt 0.32846651 0.88735844
vt 0.32846651 0.88735844
vt 0.32854313 0.88652621
vt 0.32854313 0.88652621
vt 0.32902711 0.95893384
vt 0.32917959 0.88875306
vt 0.32919139 0.67584382
vt 0.32920533 0.88687063
vt 0.32929074 0.94294061
vt 0.32933629 0.71257461
vt 0.32933629 0.74153890
vt 0.33184865 0.55378584
vt 0.33184865 0.58275013
vt 0.33189895 0.93525927
vt 0.33248363 0.89631846
vt 0.33248363 0.90153203
vt 0.33248363 0.88195591
vt 0.33248363 0.88716948
vt 0.33248363 0.88716948
vt 0.33248363 0.89238305
vt 0.33248363 0.88195591
vt 0.33248363 0.87674234
vt 0.33487659 0.66702211
vt 0.33554656 0.88870386
vt 0.33554656 0.88870386
vt 0.33561724 0.88800473
vt 0.33562222 0.88748366
vt 0.33562222 0.88933856
vt 0.33562222 0.91761461
vt 0.33562222 0.90425433
vt 0.33562222 0.91761461
vt 0.33562222 0.90756005
vt 0.33562222 0.90425433
vt 0.33562222 0.90756005
vt 0.33562222 0.91761461
vt 0.33562222 0.91761461
vt 0.33562222 0.90425433
vt 0.33562222 0.90425433
vt 0.33562222 0.90756005
vt 0.33562222 0.90756005
vt 0.33562720 0.88881749
vt 0.33569788 0.88811836
vt 0.33569788 0.88811836
vt 0.33731801 0.71257461
vt 0.33731801 0.74153890
vt 0.33929808 0.94944045
vt 0.33983037 0.55378584
vt 0.33983037 0.58275013
vt 0.34203911 0.88995159
vt 0.34206486 0.88806916
vt 0.34270131 0.89029601
vt 0.34270131 0.89029601
vt 0.34277793 0.88946378
vt 0.34277793 0.88946378
vt 0.34379500 0.93619677
vt 0.34491032 0.88842977
vt 0.34493007 0.88775571
vt 0.34529974 0.71257461
vt 0.34529974 0.74153890
vt 0.34542423 0.88808265
vt 0.34543744 0.88846750
vt 0.34662987 0.77174658
vt 0.34718595 0.66702211
vt 0.34781210 0.55378584
vt 0.34781210 0.58275013
vt 0.34872748 0.88865817
vt 0.34872748 0.97941170
vt 0.35231507 0.76292487
vt 0.35286037 0.89631846
vt 0.35286037 0.90153203
vt 0.35286037 0.88716948
vt 0.35286037 0.89238305
vt 0.35286037 0.88195591
vt 0.35286037 0.88716948
vt 0.35286037 0.87674234
vt 0.35286037 0.88195591
vt 0.35287116 0.67584382
vt 0.35328147 0.74153890
vt 0.35328147 0.71257461
vt 0.35419529 8.5765492e-2
vt 0.35419529 0.74082248
vt 0.35419529 0.72916141
vt 0.35419529 7.4104427e-2
vt 0.35559745 0.89129055
vt 0.35559745 0.89129055
vt 0.35559887 0.88985516
vt 0.35559887 0.88985516
vt 0.35579383 0.55378584
vt 0.35579383 0.58275013
vt 0.35797383 0.88748366
vt 0.35797383 0.88933856
vt 0.35872816 0.45443052
vt 0.35872816 0.70055447
vt 0.35872816 0.20856357
vt 0.35872816 0.28912680
vt 0.36126319 0.71257461
vt 0.36126319 0.74153890
vt 0.36164615 0.90244743
vt 0.36164615 0.90244743
vt 0.36164615 0.90244743
vt 0.36164615 0.90244743
vt 0.36217199 0.90535432
vt 0.36217199 0.90535432
vt 0.36217199 0.90535432
vt 0.36217199 0.90535432
vt 0.36387873 0.91421339
vt 0.36387873 0.91421339
vt 0.36387873 0.91421339
vt 0.36387873 0.91421339
vt 0.36469025 0.74082248
vt 0.36469025 8.5765492e-2
vt 0.36469025 0.72916141
vt 0.36469025 7.4104427e-2
vt 0.37168810 0.89075887
vt 0.37171422 0.88796327
vt 0.37258346 0.90599056
vt 0.37258346 0.96207932
vt 0.37266635 -0.15084482
vt 0.37266635 0.26058285
vt 0.37323712 0.89631846
vt 0.37323712 0.89631846
vt 0.37323712 0.90153203
vt 0.37323712 0.90153203
vt 0.37323712 0.89238305
vt 0.37323712 0.88716948
vt 0.37323712 0.88716948
vt 0.37323712 0.88195591
vt 0.37323712 0.87674234
vt 0.37323712 0.88195591
vt 0.37323712 0.88195591
vt 0.37323712 0.89238305
vt 0.37323712 0.88716948
vt 0.37323712 0.87674234
vt 0.37323712 0.88195591
vt 0.37323712 0.88716948
vt 0.37453786 0.64939500
vt 0.37722873 0.88908211
vt 0.37722873 0.88908211
vt 0.37728975 0.89118399
vt 0.37728975 0.89118399
vt 0.38022306 0.65821672
vt 0.38032544 0.88748366
vt 0.38032544 0.88933856
vt 0.38169563 0.93403494
vt 0.38169563 0.93403494
vt 0.38448301 0.89636817
vt 0.38448301 0.89636817
vt 0.38448301 0.89636817
vt 0.38448301 0.89636817
vt 0.38545038 0.89889542
vt 0.38545038 0.89889542
vt 0.38545038 0.89889542
vt 0.38545038 0.89889542
vt 0.38847116 0.90658420
vt 0.38847116 0.90658420
vt 0.38847116 0.90658420
vt 0.38847116 0.90658420
vt 0.39080781 0.90599056
vt 0.39080781 0.96207932
vt 0.39295048 0.50089867
vt 0.39295048 0.52986295
vt 0.39295048 0.52986295
vt 0.39295048 0.55882723
vt 0.39295048 0.58779152
vt 0.39295048 0.55882723
vt 0.39361387 0.89631846
vt 0.39361387 0.90153203
vt 0.39361387 0.88195591
vt 0.39361387 0.88716948
vt 0.39361387 0.88716948
vt 0.39361387 0.89238305
vt 0.39361387 0.87674234
vt 0.39361387 0.88195591
vt 0.40044285 0.93619677
vt 0.40093221 0.50089867
vt 0.40093221 0.58779152
vt 0.40093221 0.52986295
vt 0.40093221 0.52986295
vt 0.40093221 0.55882723
vt 0.40093221 0.55882723
vt 0.40267705 0.88748366
vt 0.40267705 0.88933856
vt 0.40422229 0.88685071
vt 0.40422229 0.88685071
vt 0.40422229 0.88685071
vt 0.40422229 0.88685071
vt 0.40493977 0.94944045
vt 0.40555366 0.88901624
vt 0.40555366 0.88901624
vt 0.40555366 0.88901624
vt 0.40555366 0.88901624
vt 0.40631547 0.88748760
vt 0.40631547 0.88748760
vt 0.40644928 0.89000843
vt 0.40644928 0.89000843
vt 0.40831797 0.81336940
vt 0.40831797 0.85583447
vt 0.40831797 0.78854247
vt 0.40831797 0.80618061
vt 0.40831797 0.81336940
vt 0.40831797 0.77090433
vt 0.40891393 0.55882723
vt 0.40891393 0.58779152
vt 0.40891393 0.50089867
vt 0.40891393 0.52986295
vt 0.40891393 0.55882723
vt 0.40944379 0.89120115
vt 0.40945259 0.88806916
vt 0.40965532 0.89560619
vt 0.40965532 0.89560619
vt 0.40965532 0.89560619
vt 0.40965532 0.89560619
vt 0.41028442 -0.12052885
vt 0.41028442 0.21623628
vt 0.41028442 0.25964147
vt 0.41028442 0.30356752
vt 0.41028442 0.34697271
vt 0.41028442 0.35872816
vt 0.41233890 0.93525927
vt 0.41399061 0.89631846
vt 0.41399061 0.90153203
vt 0.41399061 0.89238305
vt 0.41399061 0.88716948
vt 0.41399061 0.88716948
vt 0.41399061 0.88195591
vt 0.41399061 0.88195591
vt 0.41399061 0.87674234
vt 0.41466378 0.88865817
vt 0.41466378 0.97941170
vt 0.41494711 0.94294061
vt 0.41521074 0.95893384
vt 0.41689566 0.55882723
vt 0.41689566 0.58779152
vt 0.41689566 0.50089867
vt 0.41689566 0.52986295
vt 0.41689566 0.52986295
vt 0.41689566 0.55882723
vt 0.42090428 0.94844677
vt 0.42097881 0.87439445
vt 0.42097881 0.87439445
vt 0.42097881 0.87439445
vt 0.42097881 0.87439445
vt 0.42263641 0.87621137
vt 0.42263641 0.87621137
vt 0.42263641 0.87621137
vt 0.42263641 0.87621137
vt 0.42487739 0.58779152
vt 0.42487739 0.55882723
vt 0.42487739 0.52986295
vt 0.42487739 0.55882723
vt 0.42487739 0.50089867
vt 0.42493307 0.61691751
vt 0.42502865 0.88748366
vt 0.42502865 0.88933856
vt 0.42770009 0.88176359
vt 0.42770009 0.88176359
vt 0.42770009 0.88176359
vt 0.42770009 0.88176359
vt 0.42801301 0.23306350
vt 0.42801301 0.22256854
vt 0.42801301 0.22140244
vt 0.42801301 0.21090748
vt 0.42801301 0.20974137
vt 0.42801301 0.19808031
vt 0.42801301 0.19924641
vt 0.42801301 0.18758535
vt 0.42840113 0.49890861
vt 0.42840113 0.23981989
vt 0.42840113 0.73208845
vt 0.42840113 0.47299973
vt 0.42876678 0.95044345
vt 0.42876678 0.96237638
vt 0.43061827 0.62573922
vt 0.43285911 0.55882723
vt 0.43285911 0.58779152
vt 0.43285911 0.50089867
vt 0.43285911 0.52986295
vt 0.43285911 0.52986295
vt 0.43285911 0.55882723
vt 0.43436736 0.89631846
vt 0.43436736 0.90153203
vt 0.43436736 0.88716948
vt 0.43436736 0.89238305
vt 0.43436736 0.88195591
vt 0.43436736 0.88716948
vt 0.43436736 0.87674234
vt 0.43436736 0.88195591
vt 0.43473983 0.85920761
vt 0.43473983 0.85920761
vt 0.43473983 0.85920761
vt 0.43473983 0.85920761
vt 0.43662928 0.94844677
vt 0.43697864 0.86035875
vt 0.43697864 0.86035875
vt 0.43697864 0.86035875
vt 0.43697864 0.86035875
vt 0.43791208 0.88563824
vt 0.43791208 0.88563824
vt 0.43808625 0.88826866
vt 0.43808625 0.88826866
vt 0.44232282 0.95893384
vt 0.44258644 0.94294061
vt 0.44278662 0.86523621
vt 0.44278662 0.86523621
vt 0.44278662 0.86523621
vt 0.44278662 0.86523621
vt 0.44415139 0.97941170
vt 0.44415139 0.88865817
vt 0.44519466 0.93525927
vt 0.44738026 0.88748366
vt 0.44738026 0.88933856
vt 0.45141027 0.52191775
vt 0.45141027 0.26282903
vt 0.45141027 0.70907930
vt 0.45141027 0.44999059
vt 0.45228498 0.59929041
vt 0.45259379 0.94944045
vt 0.45474410 0.90153203
vt 0.45474410 0.89631846
vt 0.45474410 0.89238305
vt 0.45474410 0.88716948
vt 0.45474410 0.88195591
vt 0.45474410 0.88716948
vt 0.45474410 0.87674234
vt 0.45474410 0.88195591
vt 0.45709070 0.93619677
vt 0.45797018 0.60811212
vt 0.45943911 0.29963381
vt 0.45943911 0.42208788
vt 0.46055286 0.23306350
vt 0.46055286 0.22140244
vt 0.46055286 0.22256854
vt 0.46055286 0.21090748
vt 0.46055286 0.20974137
vt 0.46055286 0.19808031
vt 0.46055286 0.19924641
vt 0.46055286 0.18758535
vt 0.46280299 0.19371524
vt 0.46280299 0.67297225
vt 0.46512432 0.30845553
vt 0.46512432 0.43090960
vt 0.46800737 0.96207932
vt 0.46800737 0.90599056
vt 0.47336392 0.82330461
vt 0.47336392 0.83897592
vt 0.47336392 0.77984534
vt 0.47336392 0.78854247
vt 0.47336392 0.80618061
vt 0.47512085 0.89631846
vt 0.47512085 0.90153203
vt 0.47512085 0.89238305
vt 0.47512085 0.88195591
vt 0.47512085 0.88716948
vt 0.47512085 0.88716948
vt 0.47512085 0.87674234
vt 0.47512085 0.88195591
vt 0.47546348 0.81546895
vt 0.47546348 0.83114027
vt 0.47620218 0.77224600
vt 0.47711954 0.93403494
vt 0.47711954 0.93403494
vt 0.47852602 0.78610301
vt 0.47910002 0.82904071
vt 0.47910002 0.84471202
vt 0.48329914 0.81336940
vt 0.48329914 0.82904071
vt 0.48420253 0.77090433
vt 0.48623171 0.96207932
vt 0.48623171 0.90599056
vt 0.48652637 0.78476134
vt 0.48693568 0.84261247
vt 0.48693568 0.82694115
vt 0.48903524 0.81910550
vt 0.48903524 0.83477681
vt 0.48936462 0.77716200
vt 0.49324811 0.0000000e+0
vt 0.49324811 0.61235029
vt 0.49324811 0.85401978
vt 0.49324811 4.2465069e-2
vt 0.49324811 0.10106686
vt 0.49324811 0.15966866
vt 0.49324811 0.20213373
vt 0.49324811 0.25813016
vt 0.49324811 0.77090433
vt 0.49324811 0.0000000e+0
vt 0.49324811 4.2465069e-2
vt 0.49324811 0.10106686
vt 0.49324811 0.61235029
vt 0.49324811 0.37068081
vt 0.49397306 0.10645688
vt 0.49397306 0.10400978
vt 0.49417404 0.87444822
vt 0.49417404 0.50389270
vt 0.49945456 7.4280396e-2
vt 0.50003328 7.4659582e-2
vt 0.50003328 7.4659582e-2
vt 0.50564220 9.9620843e-2
vt 0.50731960 0.61235029
vt 0.50731960 0.85401978
vt 0.50731960 0.61235029
vt 0.50731960 0.37068081
vt 0.50769552 6.8224939e-2
vt 0.50769552 6.8224939e-2
vt 0.50946319 0.55463804
vt 0.50946319 0.57501479
vt 0.50999274 0.92336545
vt 0.50999274 0.85583447
vt 0.51008769 0.88865817
vt 0.51008769 0.97941170
vt 0.51064910 6.6706291e-2
vt 0.51064910 6.6706291e-2
vt 0.51332437 7.5578660e-2
vt 0.51661477 0.26907594
vt 0.51661477 0.25310183
vt 0.51661477 0.26907594
vt 0.51661477 0.25310183
vt 0.51735279 9.2076346e-2
vt 0.51993635 9.6463516e-2
vt 0.51993635 9.6463516e-2
vt 0.52037982 9.3453163e-2
vt 0.52037982 0.11043556
vt 0.52040248 0.37268961
vt 0.52040248 0.39306636
vt 0.52040248 0.60149577
vt 0.52040248 0.67259238
vt 0.52040248 0.77056447
vt 0.52040248 0.83009730
vt 0.52040248 0.41584825
vt 0.52040248 0.44881852
vt 0.52040248 0.47808288
vt 0.52040248 0.50827218
vt 0.52040248 0.54172864
vt 0.52040248 0.57191794
vt 0.52040248 0.63415313
vt 0.52040248 0.70524974
vt 0.52040248 0.73790711
vt 0.52040248 0.79743994
vt 0.52111551 0.25677200
vt 0.52111551 0.25677200
vt 0.52111551 0.26540578
vt 0.52111551 0.26540578
vt 0.52139110 0.61235029
vt 0.52139110 0.85401978
vt 0.52139110 0.61235029
vt 0.52139110 0.37068081
vt 0.52216790 0.23673820
vt 0.52320315 0.81762330
vt 0.52320315 0.62167913
vt 0.52320315 0.62167913
vt 0.52320315 0.65433649
vt 0.52320315 0.85028066
vt 0.52320315 0.85028066
vt 0.52346067 0.10400978
vt 0.52346067 0.10645688
vt 0.52406424 0.85583447
vt 0.52406424 0.92336545
vt 0.52573131 0.52793980
vt 0.52573131 0.59158556
vt 0.52573131 0.59158556
vt 0.52615841 0.11573017
vt 0.52657400 9.7953498e-2
vt 0.52657400 0.10593522
vt 0.52661667 8.9138689e-2
vt 0.52661667 8.9138689e-2
vt 0.52765170 0.56077229
vt 0.52765170 0.49712653
vt 0.52880347 8.6741700e-2
vt 0.52880347 8.6741700e-2
vt 0.52884263 0.54834128
vt 0.52884263 0.58131155
vt 0.52970348 0.80240621
vt 0.52970348 0.60646204
vt 0.52970348 0.63911940
vt 0.52970348 0.83506358
vt 0.53000017 0.78853934
vt 0.53000017 0.72322462
vt 0.53000017 0.75588198
vt 0.53000017 0.69056726
vt 0.53025651 0.51202325
vt 0.53025651 0.57566901
vt 0.53070969 0.10256419
vt 0.53080052 0.81031219
vt 0.53080052 0.84296955
vt 0.53080052 0.61436802
vt 0.53080052 0.64702538
vt 0.53080052 0.61436802
vt 0.53080052 0.84296955
vt 0.53094631 0.44881852
vt 0.53094631 0.41584825
vt 0.53234386 0.58337297
vt 0.53234386 0.51972721
vt 0.53234386 0.58337297
vt 0.53237963 0.39936312
vt 0.53237963 0.46530365
vt 0.53237963 0.43233339
vt 0.53237963 0.46530365
vt 0.53237963 0.43233339
vt 0.53237963 0.43233339
vt 0.53416507 0.10840171
vt 0.53416507 9.5487009e-2
vt 0.53416507 0.10840171
vt 0.53453175 0.75588198
vt 0.53453175 0.72322462
vt 0.53453175 0.65790989
vt 0.53453175 0.69056726
vt 0.53546259 0.85401978
vt 0.53546259 0.61235029
vt 0.53546259 0.61235029
vt 0.53546259 0.37068081
vt 0.53563786 0.45527587
vt 0.53563786 0.44236117
vt 0.53563786 0.45527587
vt 0.53563786 0.42230560
vt 0.53563786 0.40939090
vt 0.53563786 0.42230560
vt 0.53627393 0.52894941
vt 0.53627393 0.46530365
vt 0.53653104 8.8205314e-2
vt 0.53653104 0.11568341
vt 0.53653104 0.11568341
vt 0.53688350 0.79891978
vt 0.53688350 0.83157714
vt 0.53688350 0.63563297
vt 0.53688350 0.60297561
vt 0.53693838 0.57130318
vt 0.53693838 0.50765742
vt 0.53746080 0.56077229
vt 0.53746080 0.49712653
vt 0.53813573 0.85583447
vt 0.53813573 0.92336545
vt 0.53865856 0.81171192
vt 0.53865856 0.81171192
vt 0.53865856 0.61576775
vt 0.53865856 0.64842511
vt 0.53865856 0.64842511
vt 0.53865856 0.84436928
vt 0.53873254 0.82119671
vt 0.53873254 0.78853934
vt 0.53873254 0.62525253
vt 0.53873254 0.59259517
vt 0.53885661 0.10194436
vt 0.53911848 0.26907594
vt 0.53911848 0.26907594
vt 0.53911848 0.25310183
vt 0.53911848 0.25310183
vt 0.53957530 0.88865817
vt 0.53957530 0.97941170
vt 0.53978192 0.36639285
vt 0.53978192 0.39936312
vt 0.54031578 0.58376844
vt 0.54031578 0.52012268
vt 0.54031578 0.52012268
vt 0.54081978 0.56482641
vt 0.54241805 0.80467102
vt 0.54241805 0.64138421
vt 0.54241805 0.60872685
vt 0.54241805 0.83732838
vt 0.54271908 0.26540578
vt 0.54271908 0.26540578
vt 0.54271908 0.25677200
vt 0.54271908 0.25677200
vt 0.54315535 0.57630890
vt 0.54315535 0.51266314
vt 0.54322893 0.45280938
vt 0.54322893 0.41983912
vt 0.54322893 0.44482766
vt 0.54322893 0.41185739
vt 0.54326412 0.82119671
vt 0.54326412 0.82119671
vt 0.54326412 0.65790989
vt 0.54326412 0.62525253
vt 0.54326412 0.65790989
vt 0.54326412 0.85385407
vt 0.54374211 0.11472552
vt 0.54374211 0.11472552
vt 0.54400956 0.10568445
vt 0.54402118 0.10155254
vt 0.54608303 0.52894941
vt 0.54608303 0.52894941
vt 0.54608303 0.59259517
vt 0.54651304 9.3453163e-2
vt 0.54651304 0.10194436
vt 0.54651304 0.11043556
vt 0.54769209 0.10256419
vt 0.54800342 0.55976268
vt 0.54800342 0.49611693
vt 0.54915328 0.10603166
vt 0.54915328 0.10603166
vt 0.54953409 0.85401978
vt 0.54953409 0.61235029
vt 0.54953409 0.61235029
vt 0.54953409 0.37068081
vt 0.55006114 0.78496594
vt 0.55006114 0.71965122
vt 0.55006114 0.75230858
vt 0.55006114 0.68699385
vt 0.55013423 0.67297225
vt 0.55090970 0.10317476
vt 0.55090970 0.10317476
vt 0.55175907 0.43863015
vt 0.55175907 0.40565988
vt 0.55175907 0.42603663
vt 0.55175907 0.45900689
vt 0.55175907 0.38287798
vt 0.55220723 0.85583447
vt 0.55220723 0.92336545
vt 0.55224337 0.11573017
vt 0.55270722 9.7953498e-2
vt 0.55270722 0.10593522
vt 0.55286181 0.80322183
vt 0.55286181 0.63993502
vt 0.55286181 0.76478258
vt 0.55286181 0.73212522
vt 0.55286181 0.69946786
vt 0.55286181 0.66681049
vt 0.55286181 0.60727766
vt 0.55286181 0.83587919
vt 0.55294828 0.10400978
vt 0.55294828 0.10645688
vt 0.55333225 0.57355152
vt 0.55333225 0.50990576
vt 0.55333225 0.54009506
vt 0.55333225 0.47644930
vt 0.55425525 0.21998061
vt 0.55550482 0.32977890
vt 0.55982503 0.34111833
vt 0.56029829 0.10840171
vt 0.56029829 9.5487009e-2
vt 0.56029829 0.10840171
vt 0.56104899 9.2076346e-2
vt 0.56104929 0.27128673
vt 0.56104929 0.27128673
vt 0.56162219 0.26907594
vt 0.56162219 0.25310183
vt 0.56162219 0.26907594
vt 0.56162219 0.25310183
vt 0.56266426 8.8205314e-2
vt 0.56266426 0.11568341
vt 0.56266426 0.11568341
vt 0.56343128 0.90599056
vt 0.56343128 0.96207932
vt 0.56360559 0.61235029
vt 0.56360559 0.85401978
vt 0.56360559 0.61235029
vt 0.56360559 0.37068081
vt 0.56365013 0.27128673
vt 0.56365013 0.27128673
vt 0.56432264 0.25677200
vt 0.56432264 0.25677200
vt 0.56432264 0.26540578
vt 0.56432264 0.26540578
vt 0.56498983 0.10194436
vt 0.56507741 7.5578660e-2
vt 0.56627872 0.85583447
vt 0.56627872 0.92336545
vt 0.57168956 0.12920838
vt 0.57168956 0.12920838
vt 0.57196071 0.31816701
vt 0.57254345 0.93403494
vt 0.57264626 9.8855785e-2
vt 0.57264626 0.10194436
vt 0.57275958 9.9620843e-2
vt 0.57346720 0.30950513
vt 0.57346720 0.23306833
vt 0.57346720 0.30950513
vt 0.57346720 0.23306833
vt 0.57557132 0.30797639
vt 0.57557132 0.30797639
vt 0.57557132 0.23459707
vt 0.57557132 0.23459707
vt 0.57567476 0.11906488
vt 0.57567476 0.11906488
vt 0.57695097 0.11573078
vt 0.57695097 0.11573078
vt 0.57710591 0.32737746
vt 0.57767708 0.61235029
vt 0.57767708 0.85401978
vt 0.57767708 0.61235029
vt 0.57767708 0.78046849
vt 0.57767708 0.79829796
vt 0.57767708 0.80439795
vt 0.57767708 0.81659794
vt 0.57767708 0.81659794
vt 0.57767708 0.83849978
vt 0.57767708 0.83849978
vt 0.57767708 0.84820164
vt 0.57767708 0.82269793
vt 0.57767708 0.82879792
vt 0.57767708 0.37068081
vt 0.57767708 0.43553979
vt 0.57767708 0.50039877
vt 0.57767708 0.54938855
vt 0.57767708 0.51010063
vt 0.57767708 0.51980249
vt 0.57767708 0.81049794
vt 0.57767708 0.37068081
vt 0.57767708 0.50039877
vt 0.57860250 0.10575457
vt 0.57860250 0.10471210
vt 0.57868791 0.11472715
vt 0.57868791 0.11472715
vt 0.57894722 7.4280396e-2
vt 0.57894722 7.4280396e-2
vt 0.57894722 0.11573017
vt 0.58003624 0.10085806
vt 0.58035022 0.85583447
vt 0.58035022 0.92336545
vt 0.58118416 9.2208915e-2
vt 0.58118416 9.2208915e-2
vt 0.58118416 9.2208915e-2
vt 0.58118416 9.2208915e-2
vt 0.58207717 0.35571744
vt 0.58243589 0.10400978
vt 0.58243589 0.10645688
vt 0.58287581 0.10831760
vt 0.58287581 0.10831760
vt 0.58412591 0.26907594
vt 0.58412591 0.25310183
vt 0.58412591 0.26907594
vt 0.58412591 0.25310183
vt 0.58431868 0.72259424
vt 0.58444827 8.9467757e-2
vt 0.58444827 8.9467757e-2
vt 0.58444827 8.9467757e-2
vt 0.58444827 8.9467757e-2
vt 0.58513486 0.14107062
vt 0.58513486 9.9620843e-2
vt 0.58570649 8.8820813e-2
vt 0.58570649 8.8820813e-2
vt 0.58570649 8.8820813e-2
vt 0.58570649 8.8820813e-2
vt 0.58587385 8.8205314e-2
vt 0.58592620 0.25677200
vt 0.58592620 0.25677200
vt 0.58592620 0.26540578
vt 0.58592620 0.26540578
vt 0.58625320 9.5852337e-2
vt 0.58657809 0.62985663
vt 0.58756407 0.43553979
vt 0.58756407 0.37068081
vt 0.58857121 0.68882849
vt 0.58877195 0.61235029
vt 0.58895177 0.20829501
vt 0.58938751 0.37068081
vt 0.58966286 0.10149739
vt 0.58966286 0.10149739
vt 0.58966286 0.10149739
vt 0.58966286 0.10149739
vt 0.59031356 0.30913501
vt 0.59084773 0.10792213
vt 0.59116422 0.10575457
vt 0.59116422 0.10471210
vt 0.59167583 0.34870314
vt 0.59221329 0.72353351
vt 0.59250868 9.8377015e-2
vt 0.59250868 9.8377015e-2
vt 0.59250868 9.8377015e-2
vt 0.59250868 9.8377015e-2
vt 0.59281703 0.11702843
vt 0.59281703 7.5578660e-2
vt 0.59293508 0.10021817
vt 0.59344026 9.7355898e-2
vt 0.59344026 9.7355898e-2
vt 0.59344026 9.7355898e-2
vt 0.59344026 9.7355898e-2
vt 0.59379633 0.10582415
vt 0.59383079 0.10213603
vt 0.59410886 0.31885556
vt 0.59440193 0.51980249
vt 0.59442172 0.92336545
vt 0.59442172 0.85583447
vt 0.59442172 0.92336545
vt 0.59564944 0.11388572
vt 0.59639119 0.63108638
vt 0.59645357 0.68987656
vt 0.59684545 0.13352612
vt 0.59684545 9.2076346e-2
vt 0.59692747 0.30541879
vt 0.59692747 0.20856357
vt 0.59692747 0.45443052
vt 0.59692747 0.65206489
vt 0.59744711 0.83849978
vt 0.59744711 0.82879792
vt 0.59744711 0.83849978
vt 0.59744711 0.84820164
vt 0.59744711 0.51010063
vt 0.59744711 0.51980249
vt 0.59744711 0.50039877
vt 0.59744711 0.51010063
vt 0.59877478 0.36609467
vt 0.59980412 0.10927701
vt 0.59980412 0.10927701
vt 0.59980412 0.10927701
vt 0.59980412 0.10927701
vt 0.59991805 0.10542551
vt 0.59991805 0.10542551
vt 0.59992300 0.10366531
vt 0.59992300 0.10366531
vt 0.60009060 9.7494327e-2
vt 0.60009060 9.8855785e-2
vt 0.60109146 0.77567405
vt 0.60210927 0.10557342
vt 0.60210927 0.10557342
vt 0.60210927 0.10557342
vt 0.60210927 0.10557342
vt 0.60285751 0.10435638
vt 0.60285751 0.10435638
vt 0.60285751 0.10435638
vt 0.60285751 0.10435638
vt 0.60372595 0.10575457
vt 0.60372595 0.10471210
vt 0.60383193 0.34331848
vt 0.60413339 0.13927327
vt 0.60413339 0.13927327
vt 0.60432764 0.82269793
vt 0.60432764 0.81659794
vt 0.60432764 0.79829796
vt 0.60432764 0.80439795
vt 0.60432764 0.81049794
vt 0.60432764 0.81659794
vt 0.60565107 0.15717994
vt 0.60565107 0.11573017
vt 0.60597771 0.33312540
vt 0.60597771 0.20944806
vt 0.60597771 0.20944806
vt 0.60597771 0.33312540
vt 0.60613225 0.11472715
vt 0.60638503 0.12758585
vt 0.60638503 0.12758585
vt 0.60662962 0.26907594
vt 0.60662962 0.25310183
vt 0.60662962 0.26907594
vt 0.60662962 0.25310183
vt 0.60678141 0.33065185
vt 0.60678141 0.21192161
vt 0.60678141 0.21192161
vt 0.60678141 0.33065185
vt 0.60707875 0.12375091
vt 0.60707875 0.12375091
vt 0.60748058 0.10085806
vt 0.60752977 0.25677200
vt 0.60752977 0.25677200
vt 0.60752977 0.26540578
vt 0.60752977 0.26540578
vt 0.60849321 0.85583447
vt 0.60849321 0.92336545
vt 0.60890270 0.36295874
vt 0.60997843 0.30316277
vt 0.61020235 0.14401396
vt 0.61020235 0.10256419
vt 0.61032016 0.10831760
vt 0.61170973 0.11544670
vt 0.61170973 0.11544670
vt 0.61170973 0.11544670
vt 0.61170973 0.11544670
vt 0.61192350 0.10400978
vt 0.61192350 0.10645688
vt 0.61214491 0.31351353
vt 0.61331820 8.8205314e-2
vt 0.61340743 0.11112557
vt 0.61340743 0.11112557
vt 0.61340743 0.11112557
vt 0.61340743 0.11112557
vt 0.61369755 9.5852337e-2
vt 0.61395109 0.10970524
vt 0.61395109 0.10970524
vt 0.61395109 0.10970524
vt 0.61395109 0.10970524
vt 0.61416275 0.58774587
vt 0.61589225 8.1222071e-2
vt 0.61616502 8.1019122e-2
vt 0.61628767 0.10575457
vt 0.61628767 0.10471210
vt 0.61721713 0.83849978
vt 0.61721713 0.82879792
vt 0.61721713 0.83849978
vt 0.61721713 0.84820164
vt 0.61721713 0.51010063
vt 0.61721713 0.50039877
vt 0.61721713 0.51010063
vt 0.61721713 0.51980249
vt 0.61759616 0.33990479
vt 0.61761488 8.2467551e-2
vt 0.61790402 0.64151459
vt 0.61803629 8.2001558e-2
vt 0.61829208 0.10792213
vt 0.61829208 0.10792213
vt 0.62031024 0.36177211
vt 0.62037942 0.10021817
vt 0.62112722 0.10548502
vt 0.62112722 0.10548502
vt 0.62114190 0.10391388
vt 0.62114190 0.10391388
vt 0.62248758 8.9012248e-2
vt 0.62256129 0.72733666
vt 0.62256471 0.85583447
vt 0.62256471 0.92336545
vt 0.62259870 0.78609797
vt 0.62309379 0.11388572
vt 0.62309379 0.11388572
vt 0.62322744 8.8329857e-2
vt 0.62553080 0.11973435
vt 0.62553080 0.11973435
vt 0.62553080 0.11973435
vt 0.62553080 0.11973435
vt 0.62565370 0.20213373
vt 0.62649000 0.11475551
vt 0.62649000 0.11475551
vt 0.62649000 0.11475551
vt 0.62649000 0.11475551
vt 0.62675734 0.69367416
vt 0.62678260 9.1783283e-2
vt 0.62678553 0.11312182
vt 0.62678553 0.11312182
vt 0.62678553 0.11312182
vt 0.62678553 0.11312182
vt 0.62718475 0.14401396
vt 0.62718475 0.10256419
vt 0.62753495 0.10044200
vt 0.62753495 9.7494327e-2
vt 0.62773618 9.0804930e-2
vt 0.62846227 0.10515895
vt 0.62847970 0.10566666
vt 0.62884939 0.10471210
vt 0.62884939 0.10575457
vt 0.62913163 0.10609799
vt 0.62913333 0.25677200
vt 0.62913333 0.25677200
vt 0.62913333 0.26540578
vt 0.62913333 0.26907594
vt 0.62913333 0.25310183
vt 0.62913333 0.26907594
vt 0.62913333 0.25310183
vt 0.62915768 0.10520871
vt 0.63044355 0.72837450
vt 0.63044845 0.30044531
vt 0.63096878 0.31111413
vt 0.63097820 0.81659794
vt 0.63097820 0.79829796
vt 0.63097820 0.80439795
vt 0.63097820 0.82269793
vt 0.63097820 0.81659794
vt 0.63097820 0.81049794
vt 0.63173603 0.15717994
vt 0.63173603 0.11573017
vt 0.63205096 9.9373622e-2
vt 0.63229972 0.33840375
vt 0.63283605 0.43553979
vt 0.63283605 0.37068081
vt 0.63290572 9.8575608e-2
vt 0.63291159 0.10568445
vt 0.63294556 0.10320104
vt 0.63346861 0.36237076
vt 0.63465457 0.69460355
vt 0.63511871 0.10149433
vt 0.63553386 0.11542263
vt 0.63589491 0.10520164
vt 0.63589491 0.10520164
vt 0.63590233 0.10541793
vt 0.63590233 0.10541793
vt 0.63618005 0.10560167
vt 0.63618005 0.10560167
vt 0.63619115 0.10522284
vt 0.63619115 0.10522284
vt 0.63663620 0.85583447
vt 0.63663620 0.92336545
vt 0.63698715 0.83849978
vt 0.63698715 0.84820164
vt 0.63698715 0.82879792
vt 0.63698715 0.83849978
vt 0.63698715 0.51010063
vt 0.63698715 0.51980249
vt 0.63698715 0.50039877
vt 0.63698715 0.51010063
vt 0.63779032 0.10542551
vt 0.63779032 0.10542551
vt 0.63780479 0.10436758
vt 0.63780479 0.10436758
vt 0.63887820 0.10853523
vt 0.63931057 8.8205314e-2
vt 0.64054165 0.13352612
vt 0.64054165 9.2076346e-2
vt 0.64065325 9.5743091e-2
vt 0.64083271 0.10581997
vt 0.64132486 0.63671737
vt 0.64140454 0.10469721
vt 0.64140831 0.10500495
vt 0.64140831 0.10500495
vt 0.64141111 0.11599514
vt 0.64141111 0.10471210
vt 0.64141111 0.10575457
vt 0.64141111 0.11599514
vt 0.64141111 0.11413731
vt 0.64141111 0.12164585
vt 0.64141111 0.12164585
vt 0.64141111 0.11413731
vt 0.64141111 0.10400978
vt 0.64141111 0.10645688
vt 0.64141111 0.12164585
vt 0.64141111 0.11413731
vt 0.64141111 0.12164585
vt 0.64141111 0.11413731
vt 0.64141111 0.11599514
vt 0.64141111 0.11599514
vt 0.64141111 0.14376038
vt 0.64141111 0.12613468
vt 0.64141111 0.13049579
vt 0.64141111 0.13049579
vt 0.64141111 0.14376038
vt 0.64141111 0.12613468
vt 0.64141391 0.10546172
vt 0.64141391 0.10546172
vt 0.64141768 0.10576945
vt 0.64198952 0.10464670
vt 0.64272303 0.50039877
vt 0.64272303 0.43553979
vt 0.64272303 0.37068081
vt 0.64457007 0.11702843
vt 0.64457007 7.5578660e-2
vt 0.64501744 0.10609909
vt 0.64501744 0.10609909
vt 0.64503191 0.10504116
vt 0.64503191 0.10504116
vt 0.64535921 0.33065185
vt 0.64535921 0.33065185
vt 0.64535921 0.21192161
vt 0.64535921 0.33065185
vt 0.64535921 0.33065185
vt 0.64535921 0.21192161
vt 0.64608040 0.53128393
vt 0.64616291 0.33312540
vt 0.64616291 0.33312540
vt 0.64616291 0.20944806
vt 0.64616291 0.33312540
vt 0.64616291 0.33312540
vt 0.64616291 0.20944806
vt 0.64650629 0.36049450
vt 0.64663107 0.10524382
vt 0.64663107 0.10524382
vt 0.64664217 0.10486499
vt 0.64664217 0.10486499
vt 0.64673623 0.10713550
vt 0.64673623 0.10713550
vt 0.64691989 0.10504873
vt 0.64691989 0.10504873
vt 0.64692732 0.10526502
vt 0.64692732 0.10526502
vt 0.64707956 0.33846685
vt 0.64783328 9.9229523e-2
vt 0.64987666 0.10726563
vt 0.64991063 0.10478222
vt 0.64991650 0.11189106
vt 0.64993680 0.31167038
vt 0.65070770 0.85583447
vt 0.65070770 0.92336545
vt 0.65073690 0.25677200
vt 0.65073690 0.25677200
vt 0.65073690 0.26540578
vt 0.65073690 0.26540578
vt 0.65077126 0.11109304
vt 0.65108576 0.30115792
vt 0.65113796 0.63794712
vt 0.65134212 -0.13682084
vt 0.65134212 0.40721774
vt 0.65163705 0.26907594
vt 0.65163705 0.25310183
vt 0.65163705 0.26907594
vt 0.65163705 0.25310183
vt 0.65213294 -8.7352604e-2
vt 0.65213294 0.25998621
vt 0.65225224 0.14107062
vt 0.65225224 9.9620843e-2
vt 0.65225308 0.11244448
vt 0.65225308 0.11244448
vt 0.65333182 0.62044079
vt 0.65333182 0.78046849
vt 0.65366454 0.10525795
vt 0.65369059 0.10436868
vt 0.65397283 0.10575457
vt 0.65397283 0.10471210
vt 0.65434252 0.10480000
vt 0.65435995 0.10530772
vt 0.65458722 9.5623255e-2
vt 0.65458722 0.10044200
vt 0.65508605 0.11966174
vt 0.65603670 0.11312182
vt 0.65603670 0.11312182
vt 0.65603670 0.11312182
vt 0.65603670 0.11312182
vt 0.65603962 0.11868338
vt 0.65633222 0.11475551
vt 0.65633222 0.11475551
vt 0.65633222 0.11475551
vt 0.65633222 0.11475551
vt 0.65675718 0.82879792
vt 0.65675718 0.83849978
vt 0.65675718 0.83849978
vt 0.65675718 0.84820164
vt 0.65675718 0.50039877
vt 0.65675718 0.51010063
vt 0.65675718 0.51010063
vt 0.65675718 0.51980249
vt 0.65729142 0.11973435
vt 0.65729142 0.11973435
vt 0.65729142 0.11973435
vt 0.65729142 0.11973435
vt 0.65762876 0.81659794
vt 0.65762876 0.82269793
vt 0.65762876 0.79829796
vt 0.65762876 0.80439795
vt 0.65762876 0.81659794
vt 0.65762876 0.81049794
vt 0.65797516 0.36056543
vt 0.65843988 0.11573017
vt 0.65843988 7.4280396e-2
vt 0.65843988 7.4280396e-2
vt 0.65843988 0.11573017
vt 0.65959479 0.12213681
vt 0.65997342 0.72259424
vt 0.66033464 0.12145442
vt 0.66111066 0.34052494
vt 0.66168033 0.10655279
vt 0.66168033 0.10655279
vt 0.66169501 0.10498164
vt 0.66169501 0.10498164
vt 0.66217098 0.10149433
vt 0.66223283 0.62985663
vt 0.66258613 0.11542263
vt 0.66278101 0.20469429
vt 0.66422595 0.68882849
vt 0.66442669 0.61235029
vt 0.66462752 9.9620843e-2
vt 0.66462752 0.14107062
vt 0.66477919 0.85583447
vt 0.66477919 0.92336545
vt 0.66478593 0.12846511
vt 0.66520734 0.12799912
vt 0.66584121 0.59922730
vt 0.66593047 0.10853523
vt 0.66636284 8.8205314e-2
vt 0.66653455 0.10575457
vt 0.66653455 0.10471210
vt 0.66665720 0.12944754
vt 0.66692998 0.12924460
vt 0.66770552 9.5743091e-2
vt 0.66786803 0.72353351
vt 0.66836017 0.36270092
vt 0.66840708 0.31523197
vt 0.66887113 0.10970524
vt 0.66887113 0.10970524
vt 0.66887113 0.10970524
vt 0.66887113 0.10970524
vt 0.66941480 0.11112557
vt 0.66941480 0.11112557
vt 0.66941480 0.11112557
vt 0.66941480 0.11112557
vt 0.67089872 0.10645688
vt 0.67089872 0.10400978
vt 0.67111249 0.11544670
vt 0.67111249 0.11544670
vt 0.67111249 0.11544670
vt 0.67111249 0.11544670
vt 0.67123846 0.30518822
vt 0.67204593 0.63108638
vt 0.67210831 0.68987656
vt 0.67230969 7.5578660e-2
vt 0.67230969 0.11702843
vt 0.67234046 0.25677200
vt 0.67234046 0.25677200
vt 0.67234046 0.26540578
vt 0.67234046 0.26540578
vt 0.67373305 0.34470114
vt 0.67378850 0.10713550
vt 0.67378850 0.10713550
vt 0.67414076 0.26907594
vt 0.67414076 0.25310183
vt 0.67414076 0.26907594
vt 0.67414076 0.25310183
vt 0.67488555 9.9229523e-2
vt 0.67574347 0.12375091
vt 0.67574347 0.12375091
vt 0.67582118 0.43261981
vt 0.67582118 8.5281001e-2
vt 0.67582118 0.25791461
vt 0.67582118 0.60525342
vt 0.67633810 0.13352612
vt 0.67633810 9.2076346e-2
vt 0.67643719 0.12758585
vt 0.67643719 0.12758585
vt 0.67652720 0.83849978
vt 0.67652720 0.84820164
vt 0.67652720 0.82879792
vt 0.67652720 0.83849978
vt 0.67652720 0.51010063
vt 0.67652720 0.51980249
vt 0.67652720 0.51010063
vt 0.67652720 0.50039877
vt 0.67656930 0.30797639
vt 0.67656930 0.23459707
vt 0.67656930 0.23459707
vt 0.67656930 0.30797639
vt 0.67674620 0.77567405
vt 0.67814916 0.36635182
vt 0.67867342 0.30950513
vt 0.67867342 0.23306833
vt 0.67867342 0.23306833
vt 0.67867342 0.30950513
vt 0.67868883 0.13927327
vt 0.67868883 0.13927327
vt 0.67885069 0.85583447
vt 0.67885069 0.92336545
vt 0.67909628 0.10471210
vt 0.67909628 0.10575457
vt 0.67930535 0.11244448
vt 0.67930535 0.11244448
vt 0.67996471 0.10435638
vt 0.67996471 0.10435638
vt 0.67996471 0.10435638
vt 0.67996471 0.10435638
vt 0.68071295 0.10557342
vt 0.68071295 0.10557342
vt 0.68071295 0.10557342
vt 0.68071295 0.10557342
vt 0.68163949 9.5623255e-2
vt 0.68163949 0.10044200
vt 0.68256607 0.56964125
vt 0.68289922 0.10680135
vt 0.68289922 0.10680135
vt 0.68290417 0.10504116
vt 0.68290417 0.10504116
vt 0.68301810 0.10927701
vt 0.68301810 0.10927701
vt 0.68301810 0.10927701
vt 0.68301810 0.10927701
vt 0.68396872 0.35074810
vt 0.68427932 0.82269793
vt 0.68427932 0.81659794
vt 0.68427932 0.81049794
vt 0.68427932 0.79829796
vt 0.68427932 0.80439795
vt 0.68427932 0.81659794
vt 0.68514373 0.11573017
vt 0.68514373 0.15717994
vt 0.68615862 0.32205885
vt 0.68849049 0.27128673
vt 0.68849049 0.27128673
vt 0.68899143 0.10833064
vt 0.68902589 0.10464251
vt 0.68922325 0.10149433
vt 0.68938196 9.7355898e-2
vt 0.68938196 9.7355898e-2
vt 0.68938196 9.7355898e-2
vt 0.68938196 9.7355898e-2
vt 0.68963840 0.11542263
vt 0.68963840 0.11542263
vt 0.68969501 0.10256419
vt 0.68969501 0.14401396
vt 0.69031354 9.8377015e-2
vt 0.69031354 9.8377015e-2
vt 0.69031354 9.8377015e-2
vt 0.69031354 9.8377015e-2
vt 0.69038312 0.31239144
vt 0.69109133 0.27128673
vt 0.69109133 0.27128673
vt 0.69165800 0.10471210
vt 0.69165800 0.10575457
vt 0.69298274 0.10853523
vt 0.69298274 0.10853523
vt 0.69315936 0.10149739
vt 0.69315936 0.10149739
vt 0.69315936 0.10149739
vt 0.69315936 0.10149739
vt 0.69341511 8.8205314e-2
vt 0.69355876 0.64151459
vt 0.69394403 0.25677200
vt 0.69394403 0.25677200
vt 0.69394403 0.26540578
vt 0.69394403 0.26540578
vt 0.69475780 9.5743091e-2
vt 0.69629723 0.83849978
vt 0.69629723 0.84820164
vt 0.69629723 0.51010063
vt 0.69629723 0.51010063
vt 0.69629723 0.51980249
vt 0.69629723 0.56295202
vt 0.69629723 0.50039877
vt 0.69629723 0.58899393
vt 0.69629723 0.60663207
vt 0.69629723 0.82879792
vt 0.69629723 0.83849978
vt 0.69629723 0.84098420
vt 0.69664447 0.26907594
vt 0.69664447 0.25310183
vt 0.69664447 0.25310183
vt 0.69664447 0.26907594
vt 0.69711573 8.8820813e-2
vt 0.69711573 8.8820813e-2
vt 0.69711573 8.8820813e-2
vt 0.69711573 8.8820813e-2
vt 0.69759821 0.58899393
vt 0.69789527 0.58776324
vt 0.69821603 0.72733666
vt 0.69825344 0.78609797
vt 0.69837395 8.9467757e-2
vt 0.69837395 8.9467757e-2
vt 0.69837395 8.9467757e-2
vt 0.69837395 8.9467757e-2
vt 0.69845000 0.21294810
vt 0.70038633 0.10645688
vt 0.70038633 0.10400978
vt 0.70084077 0.10713550
vt 0.70163807 9.2208915e-2
vt 0.70163807 9.2208915e-2
vt 0.70163807 9.2208915e-2
vt 0.70163807 9.2208915e-2
vt 0.70193782 9.9229523e-2
vt 0.70241207 0.69367416
vt 0.70297698 8.0635952e-2
vt 0.70297698 0.12208572
vt 0.70333298 0.82879792
vt 0.70333298 0.85317047
vt 0.70356533 0.56427221
vt 0.70356533 0.56427221
vt 0.70421972 0.10471210
vt 0.70421972 0.10575457
vt 0.70469461 0.33405290
vt 0.70587125 0.11573078
vt 0.70587125 0.11573078
vt 0.70588364 2.4666575e-2
vt 0.70594538 0.52297985
vt 0.70609829 0.72837450
vt 0.70635762 0.11244448
vt 0.70667741 0.14401396
vt 0.70667741 0.10256419
vt 0.70714746 0.11906488
vt 0.70714746 0.11906488
vt 0.70789087 0.32234689
vt 0.70869176 9.5623255e-2
vt 0.70869176 0.10044200
vt 0.70916462 0.10597640
vt 0.70916462 0.14742617
vt 0.71030931 0.69460355
vt 0.71063540 0.56641285
vt 0.71092988 0.82269793
vt 0.71092988 0.81659794
vt 0.71092988 0.81049794
vt 0.71092988 0.81659794
vt 0.71092988 0.79829796
vt 0.71092988 0.80439795
vt 0.71113266 0.12920838
vt 0.71113266 0.12920838
vt 0.71122869 0.11573017
vt 0.71122869 0.15717994
vt 0.71207128 5.0007021e-2
vt 0.71301545 0.52512049
vt 0.71301545 0.52512049
vt 0.71554759 0.26540578
vt 0.71554759 0.26540578
vt 0.71554759 0.25677200
vt 0.71554759 0.25677200
vt 0.71627552 0.10149433
vt 0.71669067 0.11542263
vt 0.71669067 0.11542263
vt 0.71684679 8.1934215e-2
vt 0.71684679 0.12338399
vt 0.71697960 0.63671737
vt 0.71740447 0.82879792
vt 0.71740447 0.85317047
vt 0.71868551 0.50162946
vt 0.71898257 0.50039877
vt 0.71914819 0.26907594
vt 0.71914819 0.26907594
vt 0.71914819 0.25310183
vt 0.71914819 0.25310183
vt 0.71975345 2.5964838e-2
vt 0.72003431 0.13352612
vt 0.72003431 9.2076346e-2
vt 0.72003501 0.10853523
vt 0.72003501 0.10853523
vt 0.72028355 0.51796329
vt 0.72028355 0.56354806
vt 0.72028355 0.52644068
vt 0.72046738 8.8205314e-2
vt 0.72087521 9.8431902e-2
vt 0.72087521 0.13988167
vt 0.72142848 0.54381122
vt 0.72181007 9.5743091e-2
vt 0.72378187 4.2462525e-2
vt 0.72406272 0.11702843
vt 0.72406272 7.5578660e-2
vt 0.72444022 0.84098420
vt 0.72516146 0.50973149
vt 0.72516146 0.85707030
vt 0.72679270 0.63794712
vt 0.72789305 0.10713550
vt 0.72887877 0.78553461
vt 0.72887877 0.82419561
vt 0.72887877 0.86285661
vt 0.72898656 0.61235029
vt 0.72898656 0.74206826
vt 0.72898656 0.75425453
vt 0.72898656 0.62044079
vt 0.72899009 9.9229523e-2
vt 0.72968083 0.12208572
vt 0.72968083 0.16353550
vt 0.72987394 0.10645688
vt 0.72987394 0.10400978
vt 0.72991047 0.50069551
vt 0.73042443 0.53493434
vt 0.73174490 0.14107062
vt 0.73174490 9.9620843e-2
vt 0.73191252 0.10317476
vt 0.73191252 0.10317476
vt 0.73201574 0.22650372
vt 0.73258749 6.6116347e-2
vt 0.73276056 0.81224870
vt 0.73276056 0.83614252
vt 0.73276056 0.85090971
vt 0.73276056 0.87480352
vt 0.73276056 0.77358770
vt 0.73276056 0.79748151
vt 0.73340989 0.11244448
vt 0.73366894 0.10603166
vt 0.73366894 0.10603166
vt 0.73423211 0.10891974
vt 0.73423211 0.15036952
vt 0.73574403 9.5623255e-2
vt 0.73602230 0.74206826
vt 0.73602230 0.76644080
vt 0.73680369 0.57440802
vt 0.73713877 5.2950367e-2
vt 0.73715116 0.26540578
vt 0.73715116 0.26540578
vt 0.73715116 0.25677200
vt 0.73715116 0.25677200
vt 0.73758044 0.82269793
vt 0.73758044 0.81659794
vt 0.73758044 0.81659794
vt 0.73758044 0.81049794
vt 0.73758044 0.79829796
vt 0.73758044 0.80439795
vt 0.73758044 0.79603318
vt 0.73793254 0.11573017
vt 0.73793254 7.4280396e-2
vt 0.73880104 0.10891413
vt 0.73881266 0.10478222
vt 0.73908011 0.11472552
vt 0.73908011 0.11472552
vt 0.73909356 0.53493434
vt 0.73968000 0.78819753
vt 0.74165190 0.25310183
vt 0.74165190 0.26907594
vt 0.74165190 0.26907594
vt 0.74165190 0.25310183
vt 0.74292320 0.80486511
vt 0.74292320 0.84352611
vt 0.74292320 0.88218712
vt 0.74292320 0.76620410
vt 0.74292320 0.80486511
vt 0.74331654 0.80176928
vt 0.74662470 0.61235029
vt 0.74662470 0.67720928
vt 0.74662470 0.74206826
vt 0.74751565 0.78609797
vt 0.74967827 0.50039877
vt 0.75009380 0.74206826
vt 0.75009380 0.76644080
vt 0.75019223 0.53463760
vt 0.75115219 0.79966973
vt 0.75121451 0.10891974
vt 0.75121451 0.15036952
vt 0.75325175 0.79183407
vt 0.75401875 8.6741700e-2
vt 0.75401875 8.6741700e-2
vt 0.75412117 5.2950367e-2
vt 0.75446877 0.56553114
vt 0.75548493 0.80486511
vt 0.75548493 0.84352611
vt 0.75548493 0.84352611
vt 0.75548493 0.88218712
vt 0.75548493 0.76620410
vt 0.75548493 0.80486511
vt 0.75561370 0.54579430
vt 0.75576579 0.12208572
vt 0.75576579 0.16353550
vt 0.75620555 8.9138689e-2
vt 0.75620555 8.9138689e-2
vt 0.75712955 0.75425453
vt 0.75717264 0.19371524
vt 0.75717264 0.54036135
vt 0.75867245 6.6116347e-2
vt 0.75936155 0.10645688
vt 0.75936155 0.10400978
vt 0.75981915 0.51736982
vt 0.76134318 0.58899393
vt 0.76134318 0.60663207
vt 0.76287995 0.24497996
vt 0.76287995 0.46156965
vt 0.76287995 0.52642863
vt 0.76287995 0.59128762
vt 0.76287995 0.65614660
vt 0.76287995 0.72100558
vt 0.76287995 0.72100558
vt 0.76287995 0.85072354
vt 0.76288587 9.6463516e-2
vt 0.76288587 9.6463516e-2
vt 0.76457141 9.8431902e-2
vt 0.76457141 0.13988167
vt 0.76564757 0.81224870
vt 0.76564757 0.83614252
vt 0.76564757 0.85090971
vt 0.76564757 0.87480352
vt 0.76564757 0.77358770
vt 0.76564757 0.79748151
vt 0.76747807 4.2462525e-2
vt 0.76859983 0.12338399
vt 0.76859983 8.1934215e-2
vt 0.76952936 0.82419561
vt 0.76952936 0.86285661
vt 0.76952936 0.78553461
vt 0.77150649 2.5964838e-2
vt 0.77217312 6.6706291e-2
vt 0.77217312 6.6706291e-2
vt 0.77512670 6.8224939e-2
vt 0.77512670 6.8224939e-2
vt 0.77628200 0.10597640
vt 0.77628200 0.14742617
vt 0.77897253 0.62079023
vt 0.77897253 0.76629298
vt 0.77918866 5.0007021e-2
vt 0.78051809 0.46156965
vt 0.78051809 0.59128762
vt 0.78051809 0.59128762
vt 0.78051809 0.72100558
vt 0.78051809 0.78586456
vt 0.78051809 0.85072354
vt 0.78246964 0.12208572
vt 0.78246964 8.0635952e-2
vt 0.78278894 7.4659582e-2
vt 0.78278894 7.4659582e-2
vt 0.78537630 2.4666575e-2
vt 0.78884916 0.10645688
vt 0.78884916 0.10400978
vt 0.78990908 4.2465069e-2
vt 0.78990908 0.10106686
vt 0.78990908 0.10106686
vt 0.78990908 0.15966866
vt 0.78990908 0.15966866
vt 0.78990908 0.19457694
vt 0.78990908 0.20213373
vt 0.78990908 9.0205621e-17
vt 0.78990908 4.2465069e-2
vt 0.78990908 0.12971796
vt 0.78990908 0.25943592
vt 0.79358183 0.66575305
vt 0.79358183 0.57582741
vt 0.79358183 0.81125580
vt 0.79358183 0.72133016
vt 0.79979606 0.19457694
vt 0.79979606 0.12971796
vt 0.82518536 0.66077608
vt 0.82518536 0.68514863
vt 0.82518536 0.70952117
vt 0.82518536 0.73389372
vt 0.83182949 0.69354161
vt 0.83182949 0.83904435
vt 0.83182949 0.69354161
vt 0.83182949 0.54803886
vt 0.83222111 0.72170745
vt 0.83222111 0.74607999
vt 0.83222111 0.64858981
vt 0.83222111 0.67296236
vt 0.83222111 0.69733490
vt 0.83222111 0.69733490
vt 0.83222111 0.72170745
vt 0.84506805 0.19457694
vt 0.84506805 0.12971796
vt 0.84629260 0.72170745
vt 0.84629260 0.64858981
vt 0.84629260 0.67296236
vt 0.84629260 0.69733490
vt 0.84629260 0.69733490
vt 0.84629260 0.72170745
vt 0.84629260 0.74607999
vt 0.85332835 0.68514863
vt 0.85332835 0.70952117
vt 0.85332835 0.73389372
vt 0.85332835 0.66077608
vt 0.85495503 0.19457694
vt 0.85495503 0.12971796
vt 0.85495503 0.25943592
vt 0.85495503 4.4339135e-2
vt 0.85495503 0.30987754
vt 0.85495503 0.37473652
vt 0.85495503 0.39017296
vt 0.85495503 0.42415907
vt 0.85495503 0.43959551
vt 0.85495503 0.50445449
vt 0.85495503 0.51989092
vt 0.85495503 0.55387703
vt 0.85495503 0.89454587
vt 0.85945195 0.90778955
vt 0.86685108 0.89360837
vt 0.86799749 7.5728935e-2
vt 0.86803115 1.2963343e-2
vt 0.86945929 0.90128971
vt 0.86972292 0.91728294
vt 0.87541646 0.90679587
vt 0.87910620 0.83904435
vt 0.87910620 0.69354161
vt 0.87910620 0.69354161
vt 0.87910620 0.54803886
vt 0.88327896 0.92072548
vt 0.88327896 0.90879255
vt 0.88954143 -0.12052885
vt 0.88954143 0.21623628
vt 0.88954143 0.25964147
vt 0.88954143 0.30356752
vt 0.88954143 0.34697271
vt 0.88954143 0.35872816
vt 0.89051408 0.90798868
vt 0.89114146 0.90679587
vt 0.89439587 0.89604177
vt 0.89439587 0.91993558
vt 0.89683500 0.91728294
vt 0.89709862 0.90128971
vt 0.89937504 8.8725945e-2
vt 0.89939884 4.4362972e-2
vt 0.89942263 0.0000000e+0
vt 0.89970684 0.89360837
vt 0.90455852 0.88865817
vt 0.90455852 0.92731918
vt 0.90710597 0.90778955
vt 0.91111239 0.32531398
vt 0.91111239 0.35930009
vt 0.91111239 0.37473652
vt 0.91111239 0.43959551
vt 0.91111239 0.45503194
vt 0.91111239 0.48901805
vt 0.91111239 0.50445449
vt 0.91111239 0.56931347
vt 0.91160288 0.89454587
vt 0.91712024 0.88865817
vt 0.91712024 0.92731918
vt 0.91735386 0.81125580
vt 0.91735386 0.72133016
vt 0.91735386 0.66575305
vt 0.91735386 0.57582741
vt 0.92728288 0.89604177
vt 0.92728288 0.91993558
vt 0.93076653 7.5762602e-2
vt 0.93080019 1.2997010e-2
vt 0.93116467 0.90798868
vt 0.93196317 0.76629298
vt 0.93196317 0.62079023
vt 0.94384264 4.4386810e-2
vt 0.94384264 0.14409640
vt 0.94384264 0.46583923
vt 0.94384264 0.54651507
vt 0.94384264 0.59115867
vt 0.94384264 0.28257677
vt 0.94384264 0.42105714
vt 0.94384264 0.51966647
vt 0.94654625 0.50008218
vt 0.94998472 0.56530679
vt 0.95031917 0.57418646
vt 0.95401123 0.60668210
vt 0.95490291 0.49008635
vt 0.95539387 0.58970124
vt 0.95704571 0.53180001
vt 0.95716792 0.16717646
vt 0.95716792 0.25949671
vt 0.95716792 0.39797708
vt 0.95716792 0.12101634
vt 0.95716792 0.30565683
vt 0.95716792 0.44413720
vt 0.95796300 0.58296864
vt 0.95842269 0.59512153
vt 0.95931113 0.44413720
vt 0.95945133 0.53180001
vt 0.96383277 0.58094402
vt 0.96429246 0.59309691
vt 0.96485855 0.49263144
vt 0.96686159 0.58636431
vt 0.96824424 0.56938345
vt 0.96932987 0.56938345
vt 0.97193629 0.60187909
vt 0.97639086 0.53587667
vt 0.97776363 0.52434926
vt 0.97841282 0.58490688
vt 0.98046724 0.50476497
vt 0.98143167 0.49263144
vt 0.98253294 0.55466839
vt 0.98381848 0.12101634
vt 0.98381848 0.25949671
vt 0.98381848 0.39797708
vt 0.98381848 0.16717646
vt 0.98381848 0.30565683
vt 0.98381848 0.44413720
vt 0.98583988 0.44668228
vt 0.99690015 0.47092940
vt 0.99714376 0.28257677
vt 0.99714376 0.42105714
vt 0.99714376 0.14409640
vt 1.04637670 8.5281001e-2
vt 1.04637670 0.25791461
vt 1.04637670 0.43261981
vt 1.04637670 0.60525342
vt 1.11687964 -8.7352604e-2
vt 1.11687964 0.25998621
vn 0.84212980 0.45329646 0.29212963
vn 0.68129732 0.18515551 0.70820294
vn 0.26023242 1.9435294e-2 0.96535038
vn -0.26023242 1.9435294e-2 0.96535038
vn -0.68129732 0.18515551 0.70820294
vn -0.84212980 0.45329646 0.29212963
vn -0.68129732 0.72143741 -0.12394367
vn -0.26023242 0.88715762 -0.38109111
vn 0.26023242 0.88715762 -0.38109111
vn 0.68129732 0.72143741 -0.12394367
vn 0.84212980 0.45329646 0.29212963
vn 0.68129732 0.18515551 0.70820294
vn 0.26023242 1.9435294e-2 0.96535038
vn -0.26023242 1.9435294e-2 0.96535038
vn -0.68129732 0.18515551 0.70820294
vn -0.84212980 0.45329646 0.29212963
vn -0.68129732 0.72143741 -0.12394367
vn -0.26023242 0.88715762 -0.38109111
vn 0.26023242 0.88715762 -0.38109111
vn 0.68129732 0.72143741 -0.12394367
vn 0.84212980 0.45329646 0.29212963
vn 0.68129732 0.18515551 0.70820294
vn 0.26023242 1.9435294e-2 0.96535038
vn -0.26023242 1.9435294e-2 0.96535038
vn -0.68129732 0.18515551 0.70820294
vn -0.84212980 0.45329646 0.29212963
vn -0.68129732 0.72143741 -0.12394367
vn -0.26023242 0.88715762 -0.38109111
vn 0.26023242 0.88715762 -0.38109111
vn 0.68129732 0.72143741 -0.12394367
vn 0.84212980 0.45329646 0.29212963
vn 0.68129732 0.18515551 0.70820294
vn 0.26023242 1.9435294e-2 0.96535038
vn -0.26023242 1.9435294e-2 0.96535038
vn -0.68129732 0.18515551 0.70820294
vn -0.84212980 0.45329646 0.29212963
vn -0.68129732 0.72143741 -0.12394367
vn -0.26023242 0.88715762 -0.38109111
vn 0.26023242 0.88715762 -0.38109111
vn 0.68129732 0.72143741 -0.12394367
vn 0.84212980 0.45329646 0.29212963
vn 0.68129732 0.18515551 0.70820294
vn 0.26023242 1.9435294e-2 0.96535038
vn -0.26023242 1.9435294e-2 0.96535038
vn -0.68129732 0.18515551 0.70820294
vn -0.84212980 0.45329646 0.29212963
vn -0.68129732 0.72143741 -0.12394367
vn -0.26023242 0.88715762 -0.38109111
vn 0.26023242 0.88715762 -0.38109111
vn 0.68129732 0.72143741 -0.12394367
vn 0.84212980 0.45329646 0.29212963
vn 0.68129732 0.18515551 0.70820294
vn 0.26023242 1.9435294e-2 0.96535038
vn -0.26023242 1.9435294e-2 0.96535038
vn -0.68129732 0.18515551 0.70820294
vn -0.84212980 0.45329646 0.29212963
vn -0.68129732 0.72143741 -0.12394367
vn -0.26023242 0.88715762 -0.38109111
vn 0.26023242 0.88715762 -0.38109111
vn 0.68129732 0.72143741 -0.12394367
vn 0.84212980 0.45329646 0.29212963
vn 0.68129732 0.18515551 0.70820294
vn 0.26023242 1.9435294e-2 0.96535038
vn -0.26023242 1.9435294e-2 0.96535038
vn -0.68129732 0.18515551 0.70820294
vn -0.84212980 0.45329646 0.29212963
vn -0.68129732 0.72143741 -0.12394367
vn -0.26023242 0.88715762 -0.38109111
vn 0.26023242 0.88715762 -0.38109111
vn 0.68129732 0.72143741 -0.12394367
vn 0.84212980 0.45329646 0.29212963
vn 0.68129732 0.18515551 0.70820294
vn 0.26023242 1.9435294e-2 0.96535038
vn -0.26023242 1.9435294e-2 0.96535038
vn -0.68129732 0.18515551 0.70820294
vn -0.84212980 0.45329646 0.29212963
vn -0.68129732 0.72143741 -0.12394367
vn -0.26023242 0.88715762 -0.38109111
vn 0.26023242 0.88715762 -0.38109111
vn 0.68129732 0.72143741 -0.12394367
vn 0.84212980 0.45329646 0.29212963
vn 0.68129732 0.18515551 0.70820294
vn 0.26023242 1.9435294e-2 0.96535038
vn -0.26023242 1.9435294e-2 0.96535038
vn -0.68129732 0.18515551 0.70820294
vn -0.84212980 0.45329646 0.29212963
vn -0.68129732 0.72143741 -0.12394367
vn -0.26023242 0.88715762 -0.38109111
vn 0.26023242 0.88715762 -0.38109111
vn 0.68129732 0.72143741 -0.12394367
vn 0.84212980 0.45329646 0.29212963
vn 0.68129732 0.18515551 0.70820294
vn 0.26023242 1.9435294e-2 0.96535038
vn -0.26023242 1.9435294e-2 0.96535038
vn -0.68129732 0.18515551 0.70820294
vn -0.84212980 0.45329646 0.29212963
vn -0.68129732 0.72143741 -0.12394367
vn -0.26023242 0.88715762 -0.38109111
vn 0.26023242 0.88715762 -0.38109111
vn 0.68129732 0.72143741 -0.12394367
vn 0.68472371 0.72683701 -5.3492097e-2
vn 0.96834556 6.8048646e-2 -0.24015881
vn 0.68472371 -0.59073971 -0.42682552
vn -3.6139755e-15 -0.86361879 -0.50414541
vn -0.68472371 -0.59073971 -0.42682552
vn -0.96834556 6.8048646e-2 -0.24015881
vn -0.68472371 0.72683701 -5.3492097e-2
vn -2.8311262e-15 0.99971608 2.3827788e-2
vn 0.63629223 0.73110458 -0.24620783
vn 0.89985310 0.11891326 -0.41967134
vn 0.63629223 -0.49327806 -0.59313485
vn -2.9496628e-15 -0.74685601 -0.66498579
vn -0.63629223 -0.49327806 -0.59313485
vn -0.89985310 0.11891326 -0.41967134
vn -0.63629223 0.73110458 -0.24620783
vn -2.6420293e-15 0.98468253 -0.17435689
vn 0.59168663 0.71854691 -0.36550959
vn 0.83677126 0.14927166 -0.52681290
vn 0.59168663 -0.42000359 -0.68811620
vn -1.2669507e-15 -0.65580512 -0.75493022
vn -0.59168663 -0.42000359 -0.68811620
vn -0.83677126 0.14927166 -0.52681290
vn -0.59168663 0.71854691 -0.36550959
vn -1.4550137e-15 0.95434845 -0.29869557
vn -1.0398108e-15 0.27261611 -0.96212289
vn 0.68472371 0.69418284 0.22195410
vn 0.96834556 0.15285211 -0.19734007
vn 0.68472371 -0.38847862 -0.61663425
vn 8.6864100e-16 -0.61270515 -0.79031158
vn -0.68472371 -0.38847862 -0.61663425
vn -0.96834556 0.15285211 -0.19734007
vn -0.68472371 0.69418284 0.22195410
vn 2.0161050e-15 0.91840937 0.39563144
vn 0.63629223 0.77014676 4.4790201e-2
vn 0.89985310 0.26710513 -0.34484670
vn 0.63629223 -0.23593651 -0.73448360
vn 9.7718891e-16 -0.44430318 -0.89587649
vn -0.63629223 -0.23593651 -0.73448360
vn -0.89985310 0.26710513 -0.34484670
vn -0.63629223 0.77014676 4.4790201e-2
vn 2.8953746e-15 0.97851343 0.20618309
vn 0.59168663 0.80307395 -7.0563194e-2
vn 0.83677126 0.33529673 -0.43288562
vn 0.59168663 -0.13248050 -0.79520805
vn 1.6480257e-15 -0.32624017 -0.94528692
vn -0.59168663 -0.13248050 -0.79520805
vn -0.83677126 0.33529673 -0.43288562
vn -0.59168663 0.80307395 -7.0563194e-2
vn 3.5880440e-15 0.99683362 7.9515670e-2
vn 1.8278208e-15 0.61235527 -0.79058271
vn 0.0000000e+0 0.0000000e+0 1.00000000
vn 0.0000000e+0 -1.00000000 0.0000000e+0
vn -1.00000000 0.0000000e+0 0.0000000e+0
vn 0.0000000e+0 0.0000000e+0 1.00000000
vn 1.00000000 0.0000000e+0 0.0000000e+0
vn 0.0000000e+0 -1.00000000 0.0000000e+0
vn 0.0000000e+0 -1.00000000 0.0000000e+0
vn 0.0000000e+0 0.0000000e+0 -1.00000000
vn -1.00000000 0.0000000e+0 0.0000000e+0
vn 0.0000000e+0 1.00000000 0.0000000e+0
vn 0.0000000e+0 0.0000000e+0 -1.00000000
vn -1.00000000 0.0000000e+0 0.0000000e+0
vn 1.00000000 0.0000000e+0 0.0000000e+0
vn 0.0000000e+0 1.00000000 0.0000000e+0
vn 0.0000000e+0 0.0000000e+0 -1.00000000
vn 1.00000000 0.0000000e+0 0.0000000e+0
vn 0.0000000e+0 -1.00000000 0.0000000e+0
vn 0.0000000e+0 0.0000000e+0 -1.00000000
vn 0.0000000e+0 0.0000000e+0 1.00000000
vn -1.00000000 0.0000000e+0 0.0000000e+0
vn -2.3792184e-17 0.84207500 0.53936045
vn 0.0000000e+0 1.00000000 0.0000000e+0
vn -1.00000000 0.0000000e+0 0.0000000e+0
vn -2.3792184e-17 0.84207500 0.53936045
vn 0.0000000e+0 0.0000000e+0 1.00000000
vn 1.00000000 0.0000000e+0 0.0000000e+0
vn -2.3792184e-17 0.84207500 0.53936045
vn 1.00000000 0.0000000e+0 0.0000000e+0
vn 0.0000000e+0 1.00000000 0.0000000e+0
vn -2.3792184e-17 0.84207500 0.53936045
vn 0.0000000e+0 0.0000000e+0 1.00000000
vn 0.0000000e+0 -1.00000000 0.0000000e+0
vn -1.00000000 0.0000000e+0 0.0000000e+0
vn 0.0000000e+0 0.0000000e+0 1.00000000
vn 0.0000000e+0 1.00000000 0.0000000e+0
vn -1.00000000 0.0000000e+0 0.0000000e+0
vn 0.0000000e+0 0.0000000e+0 1.00000000
vn 1.00000000 0.0000000e+0 0.0000000e+0
vn 0.0000000e+0 1.00000000 0.0000000e+0
vn 0.0000000e+0 0.0000000e+0 1.00000000
vn 1.00000000 0.0000000e+0 0.0000000e+0
vn 0.0000000e+0 -1.00000000 0.0000000e+0
vn 0.0000000e+0 -1.00000000 0.0000000e+0
vn 0.0000000e+0 0.0000000e+0 -1.00000000
vn -1.00000000 0.0000000e+0 0.0000000e+0
vn 0.0000000e+0 1.00000000 0.0000000e+0
vn 0.0000000e+0 0.0000000e+0 -1.00000000
vn -1.00000000 0.0000000e+0 0.0000000e+0
vn 1.00000000 0.0000000e+0 0.0000000e+0
vn 0.0000000e+0 1.00000000 0.0000000e+0
vn 0.0000000e+0 0.0000000e+0 -1.00000000
vn 1.00000000 0.0000000e+0 0.0000000e+0
vn 0.0000000e+0 -1.00000000 0.0000000e+0
vn 0.0000000e+0 0.0000000e+0 -1.00000000
vn 0.0000000e+0 0.0000000e+0 1.00000000
vn 0.0000000e+0 -1.00000000 0.0000000e+0
vn -1.00000000 0.0000000e+0 0.0000000e+0
vn 0.0000000e+0 0.0000000e+0 1.00000000
vn 1.00000000 0.0000000e+0 0.0000000e+0
vn 0.0000000e+0 -1.00000000 0.0000000e+0
vn 0.0000000e+0 -1.00000000 0.0000000e+0
vn 0.0000000e+0 0.0000000e+0 -1.00000000
vn -1.00000000 0.0000000e+0 0.0000000e+0
vn 0.0000000e+0 1.00000000 0.0000000e+0
vn 0.0000000e+0 0.0000000e+0 -1.00000000
vn -1.00000000 0.0000000e+0 0.0000000e+0
vn 1.00000000 0.0000000e+0 0.0000000e+0
vn 0.0000000e+0 1.00000000 0.0000000e+0
vn 0.0000000e+0 0.0000000e+0 -1.00000000
vn 1.00000000 0.0000000e+0 0.0000000e+0
vn 0.0000000e+0 -1.00000000 0.0000000e+0
vn 0.0000000e+0 0.0000000e+0 -1.00000000
vn 0.0000000e+0 0.0000000e+0 1.00000000
vn -1.00000000 0.0000000e+0 0.0000000e+0
vn -1.1896092e-17 0.84207500 0.53936045
vn 0.0000000e+0 1.00000000 0.0000000e+0
vn -1.00000000 0.0000000e+0 0.0000000e+0
vn -1.1896092e-17 0.84207500 0.53936045
vn 0.0000000e+0 0.0000000e+0 1.00000000
vn 1.00000000 0.0000000e+0 0.0000000e+0
vn -1.1896092e-17 0.84207500 0.53936045
vn 1.00000000 0.0000000e+0 0.0000000e+0
vn 0.0000000e+0 1.00000000 0.0000000e+0
vn -1.1896092e-17 0.84207500 0.53936045
vn -6.7714650e-17 -0.84056660 -0.54170821
vn 0.99102558 0.11236052 7.2411411e-2
vn 0.99102558 0.11236052 7.2411411e-2
vn -6.7714650e-17 -0.84056660 -0.54170821
vn 0.80175654 -0.20319005 0.56205005
vn 0.80175654 -0.20319005 0.56205005
vn -6.7714650e-17 -0.84056660 -0.54170821
vn 0.30624375 -0.39821103 0.86466337
vn 0.30624375 -0.39821103 0.86466337
vn -6.7714650e-17 -0.84056660 -0.54170821
vn -0.30624375 -0.39821103 0.86466337
vn -0.30624375 -0.39821103 0.86466337
vn -6.7714650e-17 -0.84056660 -0.54170821
vn -0.80175654 -0.20319005 0.56205005
vn -0.80175654 -0.20319005 0.56205005
vn -6.7714650e-17 -0.84056660 -0.54170821
vn -0.99102558 0.11236052 7.2411411e-2
vn -0.99102558 0.11236052 7.2411411e-2
vn -6.7714650e-17 -0.84056660 -0.54170821
vn -0.80175654 0.42791109 -0.41722723
vn -0.80175654 0.42791109 -0.41722723
vn -6.7714650e-17 -0.84056660 -0.54170821
vn -0.30624375 0.62293206 -0.71984055
vn -0.30624375 0.62293206 -0.71984055
vn -6.7714650e-17 -0.84056660 -0.54170821
vn 0.30624375 0.62293206 -0.71984055
vn 0.30624375 0.62293206 -0.71984055
vn -6.7714650e-17 -0.84056660 -0.54170821
vn 0.80175654 0.42791109 -0.41722723
vn 0.80175654 0.42791109 -0.41722723
vn 0.44408457 0.52782906 0.72400648
vn 0.44408457 0.52782906 0.72400648
vn -0.80901699 0.31840810 -0.49407265
vn -0.80901699 0.31840810 -0.49407265
vn 0.54891872 0.70260922 0.45280075
vn 0.54891872 0.70260922 0.45280075
vn -1.00000000 3.4728888e-15 6.7006325e-14
vn -1.00000000 3.4728888e-15 6.7006325e-14
vn 0.44408457 0.87738939 0.18159502
vn 0.44408457 0.87738939 0.18159502
vn -0.80901699 -0.31840810 0.49407265
vn -0.80901699 -0.31840810 0.49407265
vn 0.16962521 0.98540947 1.3980659e-2
vn 0.16962521 0.98540947 1.3980659e-2
vn -0.30901699 -0.51519512 0.79942635
vn -0.30901699 -0.51519512 0.79942635
vn -0.16962521 0.98540947 1.3980659e-2
vn -0.16962521 0.98540947 1.3980659e-2
vn 0.30901699 -0.51519512 0.79942635
vn 0.30901699 -0.51519512 0.79942635
vn -0.44408457 0.87738939 0.18159502
vn -0.44408457 0.87738939 0.18159502
vn 0.80901699 -0.31840810 0.49407265
vn 0.80901699 -0.31840810 0.49407265
vn -0.54891872 0.70260922 0.45280075
vn -0.54891872 0.70260922 0.45280075
vn 1.00000000 6.1140353e-15 9.4526779e-14
vn 1.00000000 6.1140353e-15 9.4526779e-14
vn -0.44408457 0.52782906 0.72400648
vn -0.44408457 0.52782906 0.72400648
vn 0.80901699 0.31840810 -0.49407265
vn 0.80901699 0.31840810 -0.49407265
vn -0.16962521 0.41980898 0.89162083
vn -0.16962521 0.41980898 0.89162083
vn 0.30901699 0.51519512 -0.79942635
vn 0.30901699 0.51519512 -0.79942635
vn 0.16962521 0.41980898 0.89162083
vn 0.16962521 0.41980898 0.89162083
vn -0.30901699 0.51519512 -0.79942635
vn -0.30901699 0.51519512 -0.79942635
vn 1.6211390e-16 0.84056660 0.54170821
vn -0.80901699 0.31840810 -0.49407265
vn -0.80901699 0.31840810 -0.49407265
vn 1.6211390e-16 0.84056660 0.54170821
vn -1.00000000 3.4728888e-15 6.7006325e-14
vn -1.00000000 3.4728888e-15 6.7006325e-14
vn 1.6211390e-16 0.84056660 0.54170821
vn -0.80901699 -0.31840810 0.49407265
vn -0.80901699 -0.31840810 0.49407265
vn 1.6211390e-16 0.84056660 0.54170821
vn -0.30901699 -0.51519512 0.79942635
vn -0.30901699 -0.51519512 0.79942635
vn 1.6211390e-16 0.84056660 0.54170821
vn 0.30901699 -0.51519512 0.79942635
vn 0.30901699 -0.51519512 0.79942635
vn 1.6211390e-16 0.84056660 0.54170821
vn 0.80901699 -0.31840810 0.49407265
vn 0.80901699 -0.31840810 0.49407265
vn 1.6211390e-16 0.84056660 0.54170821
vn 1.00000000 6.1140353e-15 9.4526779e-14
vn 1.00000000 6.1140353e-15 9.4526779e-14
vn 1.6211390e-16 0.84056660 0.54170821
vn 0.80901699 0.31840810 -0.49407265
vn 0.80901699 0.31840810 -0.49407265
vn 1.6211390e-16 0.84056660 0.54170821
vn 0.30901699 0.51519512 -0.79942635
vn 0.30901699 0.51519512 -0.79942635
vn 1.6211390e-16 0.84056660 0.54170821
vn -0.30901699 0.51519512 -0.79942635
vn -0.30901699 0.51519512 -0.79942635
vn -6.7714650e-17 -0.84056660 -0.54170821
vn 0.99102558 0.11236052 7.2411411e-2
vn 0.99102558 0.11236052 7.2411411e-2
vn -6.7714650e-17 -0.84056660 -0.54170821
vn 0.80175654 -0.20319005 0.56205005
vn 0.80175654 -0.20319005 0.56205005
vn -6.7714650e-17 -0.84056660 -0.54170821
vn 0.30624375 -0.39821103 0.86466337
vn 0.30624375 -0.39821103 0.86466337
vn -6.7714650e-17 -0.84056660 -0.54170821
vn -0.30624375 -0.39821103 0.86466337
vn -0.30624375 -0.39821103 0.86466337
vn -6.7714650e-17 -0.84056660 -0.54170821
vn -0.80175654 -0.20319005 0.56205005
vn -0.80175654 -0.20319005 0.56205005
vn -6.7714650e-17 -0.84056660 -0.54170821
vn -0.99102558 0.11236052 7.2411411e-2
vn -0.99102558 0.11236052 7.2411411e-2
vn -6.7714650e-17 -0.84056660 -0.54170821
vn -0.80175654 0.42791109 -0.41722723
vn -0.80175654 0.42791109 -0.41722723
vn -6.7714650e-17 -0.84056660 -0.54170821
vn -0.30624375 0.62293206 -0.71984055
vn -0.30624375 0.62293206 -0.71984055
vn -6.7714650e-17 -0.84056660 -0.54170821
vn 0.30624375 0.62293206 -0.71984055
vn 0.30624375 0.62293206 -0.71984055
vn -6.7714650e-17 -0.84056660 -0.54170821
vn 0.80175654 0.42791109 -0.41722723
vn 0.80175654 0.42791109 -0.41722723
vn 0.44408457 0.52782906 0.72400648
vn 0.44408457 0.52782906 0.72400648
vn -0.80901699 0.31840810 -0.49407265
vn -0.80901699 0.31840810 -0.49407265
vn 0.54891872 0.70260922 0.45280075
vn 0.54891872 0.70260922 0.45280075
vn -1.00000000 7.2959848e-16 8.0547672e-15
vn -1.00000000 7.2959848e-16 8.0547672e-15
vn 0.44408457 0.87738939 0.18159502
vn 0.44408457 0.87738939 0.18159502
vn -0.80901699 -0.31840810 0.49407265
vn -0.80901699 -0.31840810 0.49407265
vn 0.16962521 0.98540947 1.3980659e-2
vn 0.16962521 0.98540947 1.3980659e-2
vn -0.30901699 -0.51519512 0.79942635
vn -0.30901699 -0.51519512 0.79942635
vn -0.16962521 0.98540947 1.3980659e-2
vn -0.16962521 0.98540947 1.3980659e-2
vn 0.30901699 -0.51519512 0.79942635
vn 0.30901699 -0.51519512 0.79942635
vn -0.44408457 0.87738939 0.18159502
vn -0.44408457 0.87738939 0.18159502
vn 0.80901699 -0.31840810 0.49407265
vn 0.80901699 -0.31840810 0.49407265
vn -0.54891872 0.70260922 0.45280075
vn -0.54891872 0.70260922 0.45280075
vn 1.00000000 1.9845079e-15 6.0994433e-15
vn 1.00000000 1.9845079e-15 6.0994433e-15
vn -0.44408457 0.52782906 0.72400648
vn -0.44408457 0.52782906 0.72400648
vn 0.80901699 0.31840810 -0.49407265
vn 0.80901699 0.31840810 -0.49407265
vn -0.16962521 0.41980898 0.89162083
vn -0.16962521 0.41980898 0.89162083
vn 0.30901699 0.51519512 -0.79942635
vn 0.30901699 0.51519512 -0.79942635
vn 0.16962521 0.41980898 0.89162083
vn 0.16962521 0.41980898 0.89162083
vn -0.30901699 0.51519512 -0.79942635
vn -0.30901699 0.51519512 -0.79942635
vn 1.6211390e-16 0.84056660 0.54170821
vn -0.80901699 0.31840810 -0.49407265
vn -0.80901699 0.31840810 -0.49407265
vn 1.6211390e-16 0.84056660 0.54170821
vn -1.00000000 7.2959848e-16 8.0547672e-15
vn -1.00000000 7.2959848e-16 8.0547672e-15
vn 1.6211390e-16 0.84056660 0.54170821
vn -0.80901699 -0.31840810 0.49407265
vn -0.80901699 -0.31840810 0.49407265
vn 1.6211390e-16 0.84056660 0.54170821
vn -0.30901699 -0.51519512 0.79942635
vn -0.30901699 -0.51519512 0.79942635
vn 1.6211390e-16 0.84056660 0.54170821
vn 0.30901699 -0.51519512 0.79942635
vn 0.30901699 -0.51519512 0.79942635
vn 1.6211390e-16 0.84056660 0.54170821
vn 0.80901699 -0.31840810 0.49407265
vn 0.80901699 -0.31840810 0.49407265
vn 1.6211390e-16 0.84056660 0.54170821
vn 1.00000000 1.9845079e-15 6.0994433e-15
vn 1.00000000 1.9845079e-15 6.0994433e-15
vn 1.6211390e-16 0.84056660 0.54170821
vn 0.80901699 0.31840810 -0.49407265
vn 0.80901699 0.31840810 -0.49407265
vn 1.6211390e-16 0.84056660 0.54170821
vn 0.30901699 0.51519512 -0.79942635
vn 0.30901699 0.51519512 -0.79942635
vn 1.6211390e-16 0.84056660 0.54170821
vn -0.30901699 0.51519512 -0.79942635
vn -0.30901699 0.51519512 -0.79942635
vn 0.0000000e+0 -0.84056660 -0.54170821
vn 0.99102558 0.11236052 7.2411411e-2
vn 0.99102558 0.11236052 7.2411411e-2
vn 0.0000000e+0 -0.84056660 -0.54170821
vn 0.80175654 -0.20319005 0.56205005
vn 0.80175654 -0.20319005 0.56205005
vn 0.0000000e+0 -0.84056660 -0.54170821
vn 0.30624375 -0.39821103 0.86466337
vn 0.30624375 -0.39821103 0.86466337
vn 0.0000000e+0 -0.84056660 -0.54170821
vn -0.30624375 -0.39821103 0.86466337
vn -0.30624375 -0.39821103 0.86466337
vn 0.0000000e+0 -0.84056660 -0.54170821
vn -0.80175654 -0.20319005 0.56205005
vn -0.80175654 -0.20319005 0.56205005
vn 0.0000000e+0 -0.84056660 -0.54170821
vn -0.99102558 0.11236052 7.2411411e-2
vn -0.99102558 0.11236052 7.2411411e-2
vn 0.0000000e+0 -0.84056660 -0.54170821
vn -0.80175654 0.42791109 -0.41722723
vn -0.80175654 0.42791109 -0.41722723
vn 0.0000000e+0 -0.84056660 -0.54170821
vn -0.30624375 0.62293206 -0.71984055
vn -0.30624375 0.62293206 -0.71984055
vn 0.0000000e+0 -0.84056660 -0.54170821
vn 0.30624375 0.62293206 -0.71984055
vn 0.30624375 0.62293206 -0.71984055
vn 0.0000000e+0 -0.84056660 -0.54170821
vn 0.80175654 0.42791109 -0.41722723
vn 0.80175654 0.42791109 -0.41722723
vn 0.44408457 0.52782906 0.72400648
vn 0.44408457 0.52782906 0.72400648
vn -0.80901699 0.31840810 -0.49407265
vn -0.80901699 0.31840810 -0.49407265
vn 0.54891872 0.70260922 0.45280075
vn 0.54891872 0.70260922 0.45280075
vn -1.00000000 -3.5604406e-15 2.7432903e-15
vn -1.00000000 -3.5604406e-15 2.7432903e-15
vn 0.44408457 0.87738939 0.18159502
vn 0.44408457 0.87738939 0.18159502
vn -0.80901699 -0.31840810 0.49407265
vn -0.80901699 -0.31840810 0.49407265
vn 0.16962521 0.98540947 1.3980659e-2
vn 0.16962521 0.98540947 1.3980659e-2
vn -0.30901699 -0.51519512 0.79942635
vn -0.30901699 -0.51519512 0.79942635
vn -0.16962521 0.98540947 1.3980659e-2
vn -0.16962521 0.98540947 1.3980659e-2
vn 0.30901699 -0.51519512 0.79942635
vn 0.30901699 -0.51519512 0.79942635
vn -0.44408457 0.87738939 0.18159502
vn -0.44408457 0.87738939 0.18159502
vn 0.80901699 -0.31840810 0.49407265
vn 0.80901699 -0.31840810 0.49407265
vn -0.54891872 0.70260922 0.45280075
vn -0.54891872 0.70260922 0.45280075
vn 1.00000000 -2.2179794e-15 2.4164302e-14
vn 1.00000000 -2.2179794e-15 2.4164302e-14
vn -0.44408457 0.52782906 0.72400648
vn -0.44408457 0.52782906 0.72400648
vn 0.80901699 0.31840810 -0.49407265
vn 0.80901699 0.31840810 -0.49407265
vn -0.16962521 0.41980898 0.89162083
vn -0.16962521 0.41980898 0.89162083
vn 0.30901699 0.51519512 -0.79942635
vn 0.30901699 0.51519512 -0.79942635
vn 0.16962521 0.41980898 0.89162083
vn 0.16962521 0.41980898 0.89162083
vn -0.30901699 0.51519512 -0.79942635
vn -0.30901699 0.51519512 -0.79942635
vn 0.0000000e+0 0.84056660 0.54170821
vn -0.80901699 0.31840810 -0.49407265
vn -0.80901699 0.31840810 -0.49407265
vn 0.0000000e+0 0.84056660 0.54170821
vn -1.00000000 -3.5604406e-15 2.7432903e-15
vn -1.00000000 -3.5604406e-15 2.7432903e-15
vn 0.0000000e+0 0.84056660 0.54170821
vn -0.80901699 -0.31840810 0.49407265
vn -0.80901699 -0.31840810 0.49407265
vn 0.0000000e+0 0.84056660 0.54170821
vn -0.30901699 -0.51519512 0.79942635
vn -0.30901699 -0.51519512 0.79942635
vn 0.0000000e+0 0.84056660 0.54170821
vn 0.30901699 -0.51519512 0.79942635
vn 0.30901699 -0.51519512 0.79942635
vn 0.0000000e+0 0.84056660 0.54170821
vn 0.80901699 -0.31840810 0.49407265
vn 0.80901699 -0.31840810 0.49407265
vn 0.0000000e+0 0.84056660 0.54170821
vn 1.00000000 -2.2179794e-15 2.4164302e-14
vn 1.00000000 -2.2179794e-15 2.4164302e-14
vn 0.0000000e+0 0.84056660 0.54170821
vn 0.80901699 0.31840810 -0.49407265
vn 0.80901699 0.31840810 -0.49407265
vn 0.0000000e+0 0.84056660 0.54170821
vn 0.30901699 0.51519512 -0.79942635
vn 0.30901699 0.51519512 -0.79942635
vn 0.0000000e+0 0.84056660 0.54170821
vn -0.30901699 0.51519512 -0.79942635
vn -0.30901699 0.51519512 -0.79942635
vn 0.0000000e+0 -0.84056660 -0.54170821
vn 0.99102558 0.11236052 7.2411411e-2
vn 0.99102558 0.11236052 7.2411411e-2
vn 0.0000000e+0 -0.84056660 -0.54170821
vn 0.80175654 -0.20319005 0.56205005
vn 0.80175654 -0.20319005 0.56205005
vn 0.0000000e+0 -0.84056660 -0.54170821
vn 0.30624375 -0.39821103 0.86466337
vn 0.30624375 -0.39821103 0.86466337
vn 0.0000000e+0 -0.84056660 -0.54170821
vn -0.30624375 -0.39821103 0.86466337
vn -0.30624375 -0.39821103 0.86466337
vn 0.0000000e+0 -0.84056660 -0.54170821
vn -0.80175654 -0.20319005 0.56205005
vn -0.80175654 -0.20319005 0.56205005
vn 0.0000000e+0 -0.84056660 -0.54170821
vn -0.99102558 0.11236052 7.2411411e-2
vn -0.99102558 0.11236052 7.2411411e-2
vn 0.0000000e+0 -0.84056660 -0.54170821
vn -0.80175654 0.42791109 -0.41722723
vn -0.80175654 0.42791109 -0.41722723
vn 0.0000000e+0 -0.84056660 -0.54170821
vn -0.30624375 0.62293206 -0.71984055
vn -0.30624375 0.62293206 -0.71984055
vn 0.0000000e+0 -0.84056660 -0.54170821
vn 0.30624375 0.62293206 -0.71984055
vn 0.30624375 0.62293206 -0.71984055
vn 0.0000000e+0 -0.84056660 -0.54170821
vn 0.80175654 0.42791109 -0.41722723
vn 0.80175654 0.42791109 -0.41722723
vn 0.44408457 0.52782906 0.72400648
vn 0.44408457 0.52782906 0.72400648
vn -0.80901699 0.31840810 -0.49407265
vn -0.80901699 0.31840810 -0.49407265
vn 0.54891872 0.70260922 0.45280075
vn 0.54891872 0.70260922 0.45280075
vn -1.00000000 -1.7510364e-16 4.5614497e-14
vn -1.00000000 -1.7510364e-16 4.5614497e-14
vn 0.44408457 0.87738939 0.18159502
vn 0.44408457 0.87738939 0.18159502
vn -0.80901699 -0.31840810 0.49407265
vn -0.80901699 -0.31840810 0.49407265
vn 0.16962521 0.98540947 1.3980659e-2
vn 0.16962521 0.98540947 1.3980659e-2
vn -0.30901699 -0.51519512 0.79942635
vn -0.30901699 -0.51519512 0.79942635
vn -0.16962521 0.98540947 1.3980659e-2
vn -0.16962521 0.98540947 1.3980659e-2
vn 0.30901699 -0.51519512 0.79942635
vn 0.30901699 -0.51519512 0.79942635
vn -0.44408457 0.87738939 0.18159502
vn -0.44408457 0.87738939 0.18159502
vn 0.80901699 -0.31840810 0.49407265
vn 0.80901699 -0.31840810 0.49407265
vn -0.54891872 0.70260922 0.45280075
vn -0.54891872 0.70260922 0.45280075
vn 1.00000000 -5.2093332e-15 -4.0011181e-14
vn 1.00000000 -5.2093332e-15 -4.0011181e-14
vn -0.44408457 0.52782906 0.72400648
vn -0.44408457 0.52782906 0.72400648
vn 0.80901699 0.31840810 -0.49407265
vn 0.80901699 0.31840810 -0.49407265
vn -0.16962521 0.41980898 0.89162083
vn -0.16962521 0.41980898 0.89162083
vn 0.30901699 0.51519512 -0.79942635
vn 0.30901699 0.51519512 -0.79942635
vn 0.16962521 0.41980898 0.89162083
vn 0.16962521 0.41980898 0.89162083
vn -0.30901699 0.51519512 -0.79942635
vn -0.30901699 0.51519512 -0.79942635
vn 0.0000000e+0 0.84056660 0.54170821
vn -0.80901699 0.31840810 -0.49407265
vn -0.80901699 0.31840810 -0.49407265
vn 0.0000000e+0 0.84056660 0.54170821
vn -1.00000000 -1.7510364e-16 4.5614497e-14
vn -1.00000000 -1.7510364e-16 4.5614497e-14
vn 0.0000000e+0 0.84056660 0.54170821
vn -0.80901699 -0.31840810 0.49407265
vn -0.80901699 -0.31840810 0.49407265
vn 0.0000000e+0 0.84056660 0.54170821
vn -0.30901699 -0.51519512 0.79942635
vn -0.30901699 -0.51519512 0.79942635
vn 0.0000000e+0 0.84056660 0.54170821
vn 0.30901699 -0.51519512 0.79942635
vn 0.30901699 -0.51519512 0.79942635
vn 0.0000000e+0 0.84056660 0.54170821
vn 0.80901699 -0.31840810 0.49407265
vn 0.80901699 -0.31840810 0.49407265
vn 0.0000000e+0 0.84056660 0.54170821
vn 1.00000000 -5.2093332e-15 -4.0011181e-14
vn 1.00000000 -5.2093332e-15 -4.0011181e-14
vn 0.0000000e+0 0.84056660 0.54170821
vn 0.80901699 0.31840810 -0.49407265
vn 0.80901699 0.31840810 -0.49407265
vn 0.0000000e+0 0.84056660 0.54170821
vn 0.30901699 0.51519512 -0.79942635
vn 0.30901699 0.51519512 -0.79942635
vn 0.0000000e+0 0.84056660 0.54170821
vn -0.30901699 0.51519512 -0.79942635
vn -0.30901699 0.51519512 -0.79942635
vn -6.7714650e-17 -0.84056660 -0.54170821
vn 0.99102558 0.11236052 7.2411411e-2
vn 0.99102558 0.11236052 7.2411411e-2
vn -6.7714650e-17 -0.84056660 -0.54170821
vn 0.80175654 -0.20319005 0.56205005
vn 0.80175654 -0.20319005 0.56205005
vn -6.7714650e-17 -0.84056660 -0.54170821
vn 0.30624375 -0.39821103 0.86466337
vn 0.30624375 -0.39821103 0.86466337
vn -6.7714650e-17 -0.84056660 -0.54170821
vn -0.30624375 -0.39821103 0.86466337
vn -0.30624375 -0.39821103 0.86466337
vn -6.7714650e-17 -0.84056660 -0.54170821
vn -0.80175654 -0.20319005 0.56205005
vn -0.80175654 -0.20319005 0.56205005
vn -6.7714650e-17 -0.84056660 -0.54170821
vn -0.99102558 0.11236052 7.2411411e-2
vn -0.99102558 0.11236052 7.2411411e-2
vn -6.7714650e-17 -0.84056660 -0.54170821
vn -0.80175654 0.42791109 -0.41722723
vn -0.80175654 0.42791109 -0.41722723
vn -6.7714650e-17 -0.84056660 -0.54170821
vn -0.30624375 0.62293206 -0.71984055
vn -0.30624375 0.62293206 -0.71984055
vn -6.7714650e-17 -0.84056660 -0.54170821
vn 0.30624375 0.62293206 -0.71984055
vn 0.30624375 0.62293206 -0.71984055
vn -6.7714650e-17 -0.84056660 -0.54170821
vn 0.80175654 0.42791109 -0.41722723
vn 0.80175654 0.42791109 -0.41722723
vn 0.44408457 0.52782906 0.72400648
vn 0.44408457 0.52782906 0.72400648
vn -0.80901699 0.31840810 -0.49407265
vn -0.80901699 0.31840810 -0.49407265
vn 0.54891872 0.70260922 0.45280075
vn 0.54891872 0.70260922 0.45280075
vn -1.00000000 7.2959848e-16 8.0547672e-15
vn -1.00000000 7.2959848e-16 8.0547672e-15
vn 0.44408457 0.87738939 0.18159502
vn 0.44408457 0.87738939 0.18159502
vn -0.80901699 -0.31840810 0.49407265
vn -0.80901699 -0.31840810 0.49407265
vn 0.16962521 0.98540947 1.3980659e-2
vn 0.16962521 0.98540947 1.3980659e-2
vn -0.30901699 -0.51519512 0.79942635
vn -0.30901699 -0.51519512 0.79942635
vn -0.16962521 0.98540947 1.3980659e-2
vn -0.16962521 0.98540947 1.3980659e-2
vn 0.30901699 -0.51519512 0.79942635
vn 0.30901699 -0.51519512 0.79942635
vn -0.44408457 0.87738939 0.18159502
vn -0.44408457 0.87738939 0.18159502
vn 0.80901699 -0.31840810 0.49407265
vn 0.80901699 -0.31840810 0.49407265
vn -0.54891872 0.70260922 0.45280075
vn -0.54891872 0.70260922 0.45280075
vn 1.00000000 1.9845079e-15 6.0994433e-15
vn 1.00000000 1.9845079e-15 6.0994433e-15
vn -0.44408457 0.52782906 0.72400648
vn -0.44408457 0.52782906 0.72400648
vn 0.80901699 0.31840810 -0.49407265
vn 0.80901699 0.31840810 -0.49407265
vn -0.16962521 0.41980898 0.89162083
vn -0.16962521 0.41980898 0.89162083
vn 0.30901699 0.51519512 -0.79942635
vn 0.30901699 0.51519512 -0.79942635
vn 0.16962521 0.41980898 0.89162083
vn 0.16962521 0.41980898 0.89162083
vn -0.30901699 0.51519512 -0.79942635
vn -0.30901699 0.51519512 -0.79942635
vn 1.6211390e-16 0.84056660 0.54170821
vn -0.80901699 0.31840810 -0.49407265
vn -0.80901699 0.31840810 -0.49407265
vn 1.6211390e-16 0.84056660 0.54170821
vn -1.00000000 7.2959848e-16 8.0547672e-15
vn -1.00000000 7.2959848e-16 8.0547672e-15
vn 1.6211390e-16 0.84056660 0.54170821
vn -0.80901699 -0.31840810 0.49407265
vn -0.80901699 -0.31840810 0.49407265
vn 1.6211390e-16 0.84056660 0.54170821
vn -0.30901699 -0.51519512 0.79942635
vn -0.30901699 -0.51519512 0.79942635
vn 1.6211390e-16 0.84056660 0.54170821
vn 0.30901699 -0.51519512 0.79942635
vn 0.30901699 -0.51519512 0.79942635
vn 1.6211390e-16 0.84056660 0.54170821
vn 0.80901699 -0.31840810 0.49407265
vn 0.80901699 -0.31840810 0.49407265
vn 1.6211390e-16 0.84056660 0.54170821
vn 1.00000000 1.9845079e-15 6.0994433e-15
vn 1.00000000 1.9845079e-15 6.0994433e-15
vn 1.6211390e-16 0.84056660 0.54170821
vn 0.80901699 0.31840810 -0.49407265
vn 0.80901699 0.31840810 -0.49407265
vn 1.6211390e-16 0.84056660 0.54170821
vn 0.30901699 0.51519512 -0.79942635
vn 0.30901699 0.51519512 -0.79942635
vn 1.6211390e-16 0.84056660 0.54170821
vn -0.30901699 0.51519512 -0.79942635
vn -0.30901699 0.51519512 -0.79942635
vn -6.7714650e-17 -0.84056660 -0.54170821
vn 0.99102558 0.11236052 7.2411411e-2
vn 0.99102558 0.11236052 7.2411411e-2
vn -6.7714650e-17 -0.84056660 -0.54170821
vn 0.80175654 -0.20319005 0.56205005
vn 0.80175654 -0.20319005 0.56205005
vn -6.7714650e-17 -0.84056660 -0.54170821
vn 0.30624375 -0.39821103 0.86466337
vn 0.30624375 -0.39821103 0.86466337
vn -6.7714650e-17 -0.84056660 -0.54170821
vn -0.30624375 -0.39821103 0.86466337
vn -0.30624375 -0.39821103 0.86466337
vn -6.7714650e-17 -0.84056660 -0.54170821
vn -0.80175654 -0.20319005 0.56205005
vn -0.80175654 -0.20319005 0.56205005
vn -6.7714650e-17 -0.84056660 -0.54170821
vn -0.99102558 0.11236052 7.2411411e-2
vn -0.99102558 0.11236052 7.2411411e-2
vn -6.7714650e-17 -0.84056660 -0.54170821
vn -0.80175654 0.42791109 -0.41722723
vn -0.80175654 0.42791109 -0.41722723
vn -6.7714650e-17 -0.84056660 -0.54170821
vn -0.30624375 0.62293206 -0.71984055
vn -0.30624375 0.62293206 -0.71984055
vn -6.7714650e-17 -0.84056660 -0.54170821
vn 0.30624375 0.62293206 -0.71984055
vn 0.30624375 0.62293206 -0.71984055
vn -6.7714650e-17 -0.84056660 -0.54170821
vn 0.80175654 0.42791109 -0.41722723
vn 0.80175654 0.42791109 -0.41722723
vn 0.44408457 0.52782906 0.72400648
vn 0.44408457 0.52782906 0.72400648
vn -0.80901699 0.31840810 -0.49407265
vn -0.80901699 0.31840810 -0.49407265
vn 0.54891872 0.70260922 0.45280075
vn 0.54891872 0.70260922 0.45280075
vn -1.00000000 -6.4204666e-16 -2.1421011e-14
vn -1.00000000 -6.4204666e-16 -2.1421011e-14
vn 0.44408457 0.87738939 0.18159502
vn 0.44408457 0.87738939 0.18159502
vn -0.80901699 -0.31840810 0.49407265
vn -0.80901699 -0.31840810 0.49407265
vn 0.16962521 0.98540947 1.3980659e-2
vn 0.16962521 0.98540947 1.3980659e-2
vn -0.30901699 -0.51519512 0.79942635
vn -0.30901699 -0.51519512 0.79942635
vn -0.16962521 0.98540947 1.3980659e-2
vn -0.16962521 0.98540947 1.3980659e-2
vn 0.30901699 -0.51519512 0.79942635
vn 0.30901699 -0.51519512 0.79942635
vn -0.44408457 0.87738939 0.18159502
vn -0.44408457 0.87738939 0.18159502
vn 0.80901699 -0.31840810 0.49407265
vn 0.80901699 -0.31840810 0.49407265
vn -0.54891872 0.70260922 0.45280075
vn -0.54891872 0.70260922 0.45280075
vn 1.00000000 4.7423901e-15 6.5051001e-14
vn 1.00000000 4.7423901e-15 6.5051001e-14
vn -0.44408457 0.52782906 0.72400648
vn -0.44408457 0.52782906 0.72400648
vn 0.80901699 0.31840810 -0.49407265
vn 0.80901699 0.31840810 -0.49407265
vn -0.16962521 0.41980898 0.89162083
vn -0.16962521 0.41980898 0.89162083
vn 0.30901699 0.51519512 -0.79942635
vn 0.30901699 0.51519512 -0.79942635
vn 0.16962521 0.41980898 0.89162083
vn 0.16962521 0.41980898 0.89162083
vn -0.30901699 0.51519512 -0.79942635
vn -0.30901699 0.51519512 -0.79942635
vn 1.6211390e-16 0.84056660 0.54170821
vn -0.80901699 0.31840810 -0.49407265
vn -0.80901699 0.31840810 -0.49407265
vn 1.6211390e-16 0.84056660 0.54170821
vn -1.00000000 -6.4204666e-16 -2.1421011e-14
vn -1.00000000 -6.4204666e-16 -2.1421011e-14
vn 1.6211390e-16 0.84056660 0.54170821
vn -0.80901699 -0.31840810 0.49407265
vn -0.80901699 -0.31840810 0.49407265
vn 1.6211390e-16 0.84056660 0.54170821
vn -0.30901699 -0.51519512 0.79942635
vn -0.30901699 -0.51519512 0.79942635
vn 1.6211390e-16 0.84056660 0.54170821
vn 0.30901699 -0.51519512 0.79942635
vn 0.30901699 -0.51519512 0.79942635
vn 1.6211390e-16 0.84056660 0.54170821
vn 0.80901699 -0.31840810 0.49407265
vn 0.80901699 -0.31840810 0.49407265
vn 1.6211390e-16 0.84056660 0.54170821
vn 1.00000000 4.7423901e-15 6.5051001e-14
vn 1.00000000 4.7423901e-15 6.5051001e-14
vn 1.6211390e-16 0.84056660 0.54170821
vn 0.80901699 0.31840810 -0.49407265
vn 0.80901699 0.31840810 -0.49407265
vn 1.6211390e-16 0.84056660 0.54170821
vn 0.30901699 0.51519512 -0.79942635
vn 0.30901699 0.51519512 -0.79942635
vn 1.6211390e-16 0.84056660 0.54170821
vn -0.30901699 0.51519512 -0.79942635
vn -0.30901699 0.51519512 -0.79942635
vn 1.00000000 4.3775909e-16 2.5681867e-15
vn 1.00000000 4.3775909e-16 2.5681867e-15
vn -5.3815887e-15 0.84056660 0.54170821
vn -5.3815887e-15 0.84056660 0.54170821
vn 0.80901699 -0.31840810 0.49407265
vn 0.80901699 -0.31840810 0.49407265
vn -1.0763177e-14 0.84056660 0.54170821
vn -1.0763177e-14 0.84056660 0.54170821
vn 0.30901699 -0.51519512 0.79942635
vn 0.30901699 -0.51519512 0.79942635
vn -5.3815887e-15 0.84056660 0.54170821
vn -5.3815887e-15 0.84056660 0.54170821
vn -0.30901699 -0.51519512 0.79942635
vn -0.30901699 -0.51519512 0.79942635
vn 5.3815887e-15 0.84056660 0.54170821
vn 5.3815887e-15 0.84056660 0.54170821
vn -0.80901699 -0.31840810 0.49407265
vn -0.80901699 -0.31840810 0.49407265
vn 1.0763177e-14 0.84056660 0.54170821
vn 1.0763177e-14 0.84056660 0.54170821
vn -1.00000000 2.4806348e-16 -2.0136918e-15
vn -1.00000000 2.4806348e-16 -2.0136918e-15
vn 1.0763177e-14 0.84056660 0.54170821
vn 1.0763177e-14 0.84056660 0.54170821
vn -0.80901699 0.31840810 -0.49407265
vn -0.80901699 0.31840810 -0.49407265
vn 2.6907944e-15 0.84056660 0.54170821
vn 2.6907944e-15 0.84056660 0.54170821
vn -0.30901699 0.51519512 -0.79942635
vn -0.30901699 0.51519512 -0.79942635
vn -2.6907944e-15 0.84056660 0.54170821
vn -2.6907944e-15 0.84056660 0.54170821
vn 0.30901699 0.51519512 -0.79942635
vn 0.30901699 0.51519512 -0.79942635
vn 2.6907944e-15 0.84056660 0.54170821
vn 2.6907944e-15 0.84056660 0.54170821
vn 0.80901699 0.31840810 -0.49407265
vn 0.80901699 0.31840810 -0.49407265
vn 2.6907944e-15 0.84056660 0.54170821
vn 2.6907944e-15 0.84056660 0.54170821
vn 3.1643742e-17 -0.84056660 -0.54170821
vn 1.00000000 4.3775909e-16 2.5681867e-15
vn 1.00000000 4.3775909e-16 2.5681867e-15
vn 3.1643742e-17 -0.84056660 -0.54170821
vn 0.80901699 -0.31840810 0.49407265
vn 0.80901699 -0.31840810 0.49407265
vn 3.1643742e-17 -0.84056660 -0.54170821
vn 0.30901699 -0.51519512 0.79942635
vn 0.30901699 -0.51519512 0.79942635
vn 3.1643742e-17 -0.84056660 -0.54170821
vn -0.30901699 -0.51519512 0.79942635
vn -0.30901699 -0.51519512 0.79942635
vn 3.1643742e-17 -0.84056660 -0.54170821
vn -0.80901699 -0.31840810 0.49407265
vn -0.80901699 -0.31840810 0.49407265
vn 3.1643742e-17 -0.84056660 -0.54170821
vn -1.00000000 2.4806348e-16 -2.0136918e-15
vn -1.00000000 2.4806348e-16 -2.0136918e-15
vn 3.1643742e-17 -0.84056660 -0.54170821
vn -0.80901699 0.31840810 -0.49407265
vn -0.80901699 0.31840810 -0.49407265
vn 3.1643742e-17 -0.84056660 -0.54170821
vn -0.30901699 0.51519512 -0.79942635
vn -0.30901699 0.51519512 -0.79942635
vn 3.1643742e-17 -0.84056660 -0.54170821
vn 0.30901699 0.51519512 -0.79942635
vn 0.30901699 0.51519512 -0.79942635
vn 3.1643742e-17 -0.84056660 -0.54170821
vn 0.80901699 0.31840810 -0.49407265
vn 0.80901699 0.31840810 -0.49407265
vn -1.0763177e-14 0.84056660 0.54170821
vn -1.0763177e-14 0.84056660 0.54170821
vn -0.80901699 0.31840810 -0.49407265
vn -0.80901699 0.31840810 -0.49407265
vn -5.3815887e-15 0.84056660 0.54170821
vn -5.3815887e-15 0.84056660 0.54170821
vn -1.00000000 5.8367879e-17 0.0000000e+0
vn -1.00000000 5.8367879e-17 0.0000000e+0
vn 2.6907944e-15 0.84056660 0.54170821
vn 2.6907944e-15 0.84056660 0.54170821
vn -0.80901699 -0.31840810 0.49407265
vn -0.80901699 -0.31840810 0.49407265
vn 2.6907944e-15 0.84056660 0.54170821
vn 2.6907944e-15 0.84056660 0.54170821
vn -0.30901699 -0.51519512 0.79942635
vn -0.30901699 -0.51519512 0.79942635
vn -2.6907944e-15 0.84056660 0.54170821
vn -2.6907944e-15 0.84056660 0.54170821
vn 0.30901699 -0.51519512 0.79942635
vn 0.30901699 -0.51519512 0.79942635
vn 2.6907944e-15 0.84056660 0.54170821
vn 2.6907944e-15 0.84056660 0.54170821
vn 0.80901699 -0.31840810 0.49407265
vn 0.80901699 -0.31840810 0.49407265
vn 1.0763177e-14 0.84056660 0.54170821
vn 1.0763177e-14 0.84056660 0.54170821
vn 1.00000000 0.0000000e+0 0.0000000e+0
vn 1.00000000 0.0000000e+0 0.0000000e+0
vn 1.0763177e-14 0.84056660 0.54170821
vn 1.0763177e-14 0.84056660 0.54170821
vn 0.80901699 0.31840810 -0.49407265
vn 0.80901699 0.31840810 -0.49407265
vn 5.3815887e-15 0.84056660 0.54170821
vn 5.3815887e-15 0.84056660 0.54170821
vn 0.30901699 0.51519512 -0.79942635
vn 0.30901699 0.51519512 -0.79942635
vn -5.3815887e-15 0.84056660 0.54170821
vn -5.3815887e-15 0.84056660 0.54170821
vn -0.30901699 0.51519512 -0.79942635
vn -0.30901699 0.51519512 -0.79942635
vn 5.7226096e-17 0.84056660 0.54170821
vn -0.80901699 0.31840810 -0.49407265
vn -0.80901699 0.31840810 -0.49407265
vn 5.7226096e-17 0.84056660 0.54170821
vn -1.00000000 5.8367879e-17 0.0000000e+0
vn -1.00000000 5.8367879e-17 0.0000000e+0
vn 5.7226096e-17 0.84056660 0.54170821
vn -0.80901699 -0.31840810 0.49407265
vn -0.80901699 -0.31840810 0.49407265
vn 5.7226096e-17 0.84056660 0.54170821
vn -0.30901699 -0.51519512 0.79942635
vn -0.30901699 -0.51519512 0.79942635
vn 5.7226096e-17 0.84056660 0.54170821
vn 0.30901699 -0.51519512 0.79942635
vn 0.30901699 -0.51519512 0.79942635
vn 5.7226096e-17 0.84056660 0.54170821
vn 0.80901699 -0.31840810 0.49407265
vn 0.80901699 -0.31840810 0.49407265
vn 5.7226096e-17 0.84056660 0.54170821
vn 1.00000000 0.0000000e+0 0.0000000e+0
vn 1.00000000 0.0000000e+0 0.0000000e+0
vn 5.7226096e-17 0.84056660 0.54170821
vn 0.80901699 0.31840810 -0.49407265
vn 0.80901699 0.31840810 -0.49407265
vn 5.7226096e-17 0.84056660 0.54170821
vn 0.30901699 0.51519512 -0.79942635
vn 0.30901699 0.51519512 -0.79942635
vn 5.7226096e-17 0.84056660 0.54170821
vn -0.30901699 0.51519512 -0.79942635
vn -0.30901699 0.51519512 -0.79942635
vn 1.00000000 3.0643136e-16 -6.4204666e-16
vn 1.00000000 3.0643136e-16 -6.4204666e-16
vn -5.3815887e-15 0.84056660 0.54170821
vn -5.3815887e-15 0.84056660 0.54170821
vn 0.80901699 -0.31840810 0.49407265
vn 0.80901699 -0.31840810 0.49407265
vn -1.0763177e-14 0.84056660 0.54170821
vn -1.0763177e-14 0.84056660 0.54170821
vn 0.30901699 -0.51519512 0.79942635
vn 0.30901699 -0.51519512 0.79942635
vn -5.3815887e-15 0.84056660 0.54170821
vn -5.3815887e-15 0.84056660 0.54170821
vn -0.30901699 -0.51519512 0.79942635
vn -0.30901699 -0.51519512 0.79942635
vn 5.3815887e-15 0.84056660 0.54170821
vn 5.3815887e-15 0.84056660 0.54170821
vn -0.80901699 -0.31840810 0.49407265
vn -0.80901699 -0.31840810 0.49407265
vn 1.0763177e-14 0.84056660 0.54170821
vn 1.0763177e-14 0.84056660 0.54170821
vn -1.00000000 4.3775909e-16 2.0136918e-15
vn -1.00000000 4.3775909e-16 2.0136918e-15
vn 1.0763177e-14 0.84056660 0.54170821
vn 1.0763177e-14 0.84056660 0.54170821
vn -0.80901699 0.31840810 -0.49407265
vn -0.80901699 0.31840810 -0.49407265
vn 2.6907944e-15 0.84056660 0.54170821
vn 2.6907944e-15 0.84056660 0.54170821
vn -0.30901699 0.51519512 -0.79942635
vn -0.30901699 0.51519512 -0.79942635
vn -2.6907944e-15 0.84056660 0.54170821
vn -2.6907944e-15 0.84056660 0.54170821
vn 0.30901699 0.51519512 -0.79942635
vn 0.30901699 0.51519512 -0.79942635
vn 2.6907944e-15 0.84056660 0.54170821
vn 2.6907944e-15 0.84056660 0.54170821
vn 0.80901699 0.31840810 -0.49407265
vn 0.80901699 0.31840810 -0.49407265
vn 2.6907944e-15 0.84056660 0.54170821
vn 2.6907944e-15 0.84056660 0.54170821
vn 3.1643742e-17 -0.84056660 -0.54170821
vn 1.00000000 3.0643136e-16 -6.4204666e-16
vn 1.00000000 3.0643136e-16 -6.4204666e-16
vn 3.1643742e-17 -0.84056660 -0.54170821
vn 0.80901699 -0.31840810 0.49407265
vn 0.80901699 -0.31840810 0.49407265
vn 3.1643742e-17 -0.84056660 -0.54170821
vn 0.30901699 -0.51519512 0.79942635
vn 0.30901699 -0.51519512 0.79942635
vn 3.1643742e-17 -0.84056660 -0.54170821
vn -0.30901699 -0.51519512 0.79942635
vn -0.30901699 -0.51519512 0.79942635
vn 3.1643742e-17 -0.84056660 -0.54170821
vn -0.80901699 -0.31840810 0.49407265
vn -0.80901699 -0.31840810 0.49407265
vn 3.1643742e-17 -0.84056660 -0.54170821
vn -1.00000000 4.3775909e-16 2.0136918e-15
vn -1.00000000 4.3775909e-16 2.0136918e-15
vn 3.1643742e-17 -0.84056660 -0.54170821
vn -0.80901699 0.31840810 -0.49407265
vn -0.80901699 0.31840810 -0.49407265
vn 3.1643742e-17 -0.84056660 -0.54170821
vn -0.30901699 0.51519512 -0.79942635
vn -0.30901699 0.51519512 -0.79942635
vn 3.1643742e-17 -0.84056660 -0.54170821
vn 0.30901699 0.51519512 -0.79942635
vn 0.30901699 0.51519512 -0.79942635
vn 3.1643742e-17 -0.84056660 -0.54170821
vn 0.80901699 0.31840810 -0.49407265
vn 0.80901699 0.31840810 -0.49407265
vn -1.0763177e-14 0.84056660 0.54170821
vn -1.0763177e-14 0.84056660 0.54170821
vn -0.80901699 0.31840810 -0.49407265
vn -0.80901699 0.31840810 -0.49407265
vn -5.3815887e-15 0.84056660 0.54170821
vn -5.3815887e-15 0.84056660 0.54170821
vn -1.00000000 4.3775909e-16 7.7045600e-15
vn -1.00000000 4.3775909e-16 7.7045600e-15
vn 2.6907944e-15 0.84056660 0.54170821
vn 2.6907944e-15 0.84056660 0.54170821
vn -0.80901699 -0.31840810 0.49407265
vn -0.80901699 -0.31840810 0.49407265
vn 2.6907944e-15 0.84056660 0.54170821
vn 2.6907944e-15 0.84056660 0.54170821
vn -0.30901699 -0.51519512 0.79942635
vn -0.30901699 -0.51519512 0.79942635
vn -2.6907944e-15 0.84056660 0.54170821
vn -2.6907944e-15 0.84056660 0.54170821
vn 0.30901699 -0.51519512 0.79942635
vn 0.30901699 -0.51519512 0.79942635
vn 2.6907944e-15 0.84056660 0.54170821
vn 2.6907944e-15 0.84056660 0.54170821
vn 0.80901699 -0.31840810 0.49407265
vn 0.80901699 -0.31840810 0.49407265
vn 1.0763177e-14 0.84056660 0.54170821
vn 1.0763177e-14 0.84056660 0.54170821
vn 1.00000000 0.0000000e+0 0.0000000e+0
vn 1.00000000 0.0000000e+0 0.0000000e+0
vn 1.0763177e-14 0.84056660 0.54170821
vn 1.0763177e-14 0.84056660 0.54170821
vn 0.80901699 0.31840810 -0.49407265
vn 0.80901699 0.31840810 -0.49407265
vn 5.3815887e-15 0.84056660 0.54170821
vn 5.3815887e-15 0.84056660 0.54170821
vn 0.30901699 0.51519512 -0.79942635
vn 0.30901699 0.51519512 -0.79942635
vn -5.3815887e-15 0.84056660 0.54170821
vn -5.3815887e-15 0.84056660 0.54170821
vn -0.30901699 0.51519512 -0.79942635
vn -0.30901699 0.51519512 -0.79942635
vn 5.7226096e-17 0.84056660 0.54170821
vn -0.80901699 0.31840810 -0.49407265
vn -0.80901699 0.31840810 -0.49407265
vn 5.7226096e-17 0.84056660 0.54170821
vn -1.00000000 4.3775909e-16 7.7045600e-15
vn -1.00000000 4.3775909e-16 7.7045600e-15
vn 5.7226096e-17 0.84056660 0.54170821
vn -0.80901699 -0.31840810 0.49407265
vn -0.80901699 -0.31840810 0.49407265
vn 5.7226096e-17 0.84056660 0.54170821
vn -0.30901699 -0.51519512 0.79942635
vn -0.30901699 -0.51519512 0.79942635
vn 5.7226096e-17 0.84056660 0.54170821
vn 0.30901699 -0.51519512 0.79942635
vn 0.30901699 -0.51519512 0.79942635
vn 5.7226096e-17 0.84056660 0.54170821
vn 0.80901699 -0.31840810 0.49407265
vn 0.80901699 -0.31840810 0.49407265
vn 5.7226096e-17 0.84056660 0.54170821
vn 1.00000000 0.0000000e+0 0.0000000e+0
vn 1.00000000 0.0000000e+0 0.0000000e+0
vn 5.7226096e-17 0.84056660 0.54170821
vn 0.80901699 0.31840810 -0.49407265
vn 0.80901699 0.31840810 -0.49407265
vn 5.7226096e-17 0.84056660 0.54170821
vn 0.30901699 0.51519512 -0.79942635
vn 0.30901699 0.51519512 -0.79942635
vn 5.7226096e-17 0.84056660 0.54170821
vn -0.30901699 0.51519512 -0.79942635
vn -0.30901699 0.51519512 -0.79942635
vn 0.0000000e+0 -0.54170821 0.84056660
vn -8.7077357e-18 -0.84056660 -0.54170821
vn -0.70710678 -0.38304555 0.59437035
vn -8.7077357e-18 -0.84056660 -0.54170821
vn -1.00000000 0.0000000e+0 0.0000000e+0
vn -0.70710678 -0.38304555 0.59437035
vn 0.0000000e+0 -0.54170821 0.84056660
vn -8.7077357e-18 0.84056660 0.54170821
vn -0.70710678 -0.38304555 0.59437035
vn -8.7077357e-18 0.84056660 0.54170821
vn -1.00000000 0.0000000e+0 0.0000000e+0
vn -0.70710678 -0.38304555 0.59437035
vn 0.0000000e+0 -0.54170821 0.84056660
vn -8.7077357e-18 0.84056660 0.54170821
vn 0.70710678 -0.38304555 0.59437035
vn 1.00000000 0.0000000e+0 0.0000000e+0
vn -8.7077357e-18 0.84056660 0.54170821
vn 0.70710678 -0.38304555 0.59437035
vn 0.0000000e+0 -0.54170821 0.84056660
vn -8.7077357e-18 -0.84056660 -0.54170821
vn 0.70710678 -0.38304555 0.59437035
vn 1.00000000 0.0000000e+0 0.0000000e+0
vn -8.7077357e-18 -0.84056660 -0.54170821
vn 0.70710678 -0.38304555 0.59437035
vn -8.7077357e-18 -0.84056660 -0.54170821
vn -1.00000000 0.0000000e+0 0.0000000e+0
vn -0.70710678 0.38304555 -0.59437035
vn -8.7077357e-18 -0.84056660 -0.54170821
vn 0.0000000e+0 0.54170821 -0.84056660
vn -0.70710678 0.38304555 -0.59437035
vn -8.7077357e-18 0.84056660 0.54170821
vn -1.00000000 0.0000000e+0 0.0000000e+0
vn -0.70710678 0.38304555 -0.59437035
vn -8.7077357e-18 0.84056660 0.54170821
vn 0.0000000e+0 0.54170821 -0.84056660
vn -0.70710678 0.38304555 -0.59437035
vn -8.7077357e-18 0.84056660 0.54170821
vn 0.0000000e+0 0.54170821 -0.84056660
vn 0.70710678 0.38304555 -0.59437035
vn 1.00000000 0.0000000e+0 0.0000000e+0
vn -8.7077357e-18 0.84056660 0.54170821
vn 0.70710678 0.38304555 -0.59437035
vn -8.7077357e-18 -0.84056660 -0.54170821
vn 0.0000000e+0 0.54170821 -0.84056660
vn 0.70710678 0.38304555 -0.59437035
vn 1.00000000 0.0000000e+0 0.0000000e+0
vn -8.7077357e-18 -0.84056660 -0.54170821
vn 0.70710678 0.38304555 -0.59437035
vn 0.0000000e+0 -0.54170821 0.84056660
vn 3.2318580e-18 -0.84056660 -0.54170821
vn -0.70710678 -0.38304555 0.59437035
vn 3.2318580e-18 -0.84056660 -0.54170821
vn -1.00000000 0.0000000e+0 1.0389153e-14
vn -0.70710678 -0.38304555 0.59437035
vn 0.0000000e+0 -0.54170821 0.84056660
vn 6.4637161e-18 0.84056660 0.54170821
vn -0.70710678 -0.38304555 0.59437035
vn 6.4637161e-18 0.84056660 0.54170821
vn -1.00000000 0.0000000e+0 1.0389153e-14
vn -0.70710678 -0.38304555 0.59437035
vn 0.0000000e+0 -0.54170821 0.84056660
vn 6.4637161e-18 0.84056660 0.54170821
vn 0.70710678 -0.38304555 0.59437035
vn 1.00000000 0.0000000e+0 -1.0389153e-14
vn 6.4637161e-18 0.84056660 0.54170821
vn 0.70710678 -0.38304555 0.59437035
vn 0.0000000e+0 -0.54170821 0.84056660
vn 3.2318580e-18 -0.84056660 -0.54170821
vn 0.70710678 -0.38304555 0.59437035
vn 1.00000000 0.0000000e+0 -1.0389153e-14
vn 3.2318580e-18 -0.84056660 -0.54170821
vn 0.70710678 -0.38304555 0.59437035
vn 3.2318580e-18 -0.84056660 -0.54170821
vn -1.00000000 0.0000000e+0 1.0389153e-14
vn -0.70710678 0.38304555 -0.59437035
vn 3.2318580e-18 -0.84056660 -0.54170821
vn 0.0000000e+0 0.54170821 -0.84056660
vn -0.70710678 0.38304555 -0.59437035
vn 6.4637161e-18 0.84056660 0.54170821
vn -1.00000000 0.0000000e+0 1.0389153e-14
vn -0.70710678 0.38304555 -0.59437035
vn 6.4637161e-18 0.84056660 0.54170821
vn 0.0000000e+0 0.54170821 -0.84056660
vn -0.70710678 0.38304555 -0.59437035
vn 6.4637161e-18 0.84056660 0.54170821
vn 0.0000000e+0 0.54170821 -0.84056660
vn 0.70710678 0.38304555 -0.59437035
vn 1.00000000 0.0000000e+0 -1.0389153e-14
vn 6.4637161e-18 0.84056660 0.54170821
vn 0.70710678 0.38304555 -0.59437035
vn 3.2318580e-18 -0.84056660 -0.54170821
vn 0.0000000e+0 0.54170821 -0.84056660
vn 0.70710678 0.38304555 -0.59437035
vn 1.00000000 0.0000000e+0 -1.0389153e-14
vn 3.2318580e-18 -0.84056660 -0.54170821
vn 0.70710678 0.38304555 -0.59437035
vn 0.0000000e+0 -0.54170821 0.84056660
vn 3.2318580e-18 -0.84056660 -0.54170821
vn -0.70710678 -0.38304555 0.59437035
vn 3.2318580e-18 -0.84056660 -0.54170821
vn -1.00000000 0.0000000e+0 0.0000000e+0
vn -0.70710678 -0.38304555 0.59437035
vn 0.0000000e+0 -0.54170821 0.84056660
vn 6.4637161e-18 0.84056660 0.54170821
vn -0.70710678 -0.38304555 0.59437035
vn 6.4637161e-18 0.84056660 0.54170821
vn -1.00000000 0.0000000e+0 0.0000000e+0
vn -0.70710678 -0.38304555 0.59437035
vn 0.0000000e+0 -0.54170821 0.84056660
vn 6.4637161e-18 0.84056660 0.54170821
vn 0.70710678 -0.38304555 0.59437035
vn 1.00000000 0.0000000e+0 5.1945767e-15
vn 6.4637161e-18 0.84056660 0.54170821
vn 0.70710678 -0.38304555 0.59437035
vn 0.0000000e+0 -0.54170821 0.84056660
vn 3.2318580e-18 -0.84056660 -0.54170821
vn 0.70710678 -0.38304555 0.59437035
vn 1.00000000 0.0000000e+0 5.1945767e-15
vn 3.2318580e-18 -0.84056660 -0.54170821
vn 0.70710678 -0.38304555 0.59437035
vn 3.2318580e-18 -0.84056660 -0.54170821
vn -1.00000000 0.0000000e+0 0.0000000e+0
vn -0.70710678 0.38304555 -0.59437035
vn 3.2318580e-18 -0.84056660 -0.54170821
vn 0.0000000e+0 0.54170821 -0.84056660
vn -0.70710678 0.38304555 -0.59437035
vn 6.4637161e-18 0.84056660 0.54170821
vn -1.00000000 0.0000000e+0 0.0000000e+0
vn -0.70710678 0.38304555 -0.59437035
vn 6.4637161e-18 0.84056660 0.54170821
vn 0.0000000e+0 0.54170821 -0.84056660
vn -0.70710678 0.38304555 -0.59437035
vn 6.4637161e-18 0.84056660 0.54170821
vn 0.0000000e+0 0.54170821 -0.84056660
vn 0.70710678 0.38304555 -0.59437035
vn 1.00000000 0.0000000e+0 5.1945767e-15
vn 6.4637161e-18 0.84056660 0.54170821
vn 0.70710678 0.38304555 -0.59437035
vn 3.2318580e-18 -0.84056660 -0.54170821
vn 0.0000000e+0 0.54170821 -0.84056660
vn 0.70710678 0.38304555 -0.59437035
vn 1.00000000 0.0000000e+0 5.1945767e-15
vn 3.2318580e-18 -0.84056660 -0.54170821
vn 0.70710678 0.38304555 -0.59437035
vn 0.0000000e+0 -0.84056660 -0.54170821
vn 0.99102558 0.11236052 7.2411411e-2
vn 0.99102558 0.11236052 7.2411411e-2
vn 0.0000000e+0 -0.84056660 -0.54170821
vn 0.80175654 -0.20319005 0.56205005
vn 0.80175654 -0.20319005 0.56205005
vn 0.0000000e+0 -0.84056660 -0.54170821
vn 0.30624375 -0.39821103 0.86466337
vn 0.30624375 -0.39821103 0.86466337
vn 0.0000000e+0 -0.84056660 -0.54170821
vn -0.30624375 -0.39821103 0.86466337
vn -0.30624375 -0.39821103 0.86466337
vn 0.0000000e+0 -0.84056660 -0.54170821
vn -0.80175654 -0.20319005 0.56205005
vn -0.80175654 -0.20319005 0.56205005
vn 0.0000000e+0 -0.84056660 -0.54170821
vn -0.99102558 0.11236052 7.2411411e-2
vn -0.99102558 0.11236052 7.2411411e-2
vn 0.0000000e+0 -0.84056660 -0.54170821
vn -0.80175654 0.42791109 -0.41722723
vn -0.80175654 0.42791109 -0.41722723
vn 0.0000000e+0 -0.84056660 -0.54170821
vn -0.30624375 0.62293206 -0.71984055
vn -0.30624375 0.62293206 -0.71984055
vn 0.0000000e+0 -0.84056660 -0.54170821
vn 0.30624375 0.62293206 -0.71984055
vn 0.30624375 0.62293206 -0.71984055
vn 0.0000000e+0 -0.84056660 -0.54170821
vn 0.80175654 0.42791109 -0.41722723
vn 0.80175654 0.42791109 -0.41722723
vn 0.44408457 0.52782906 0.72400648
vn 0.44408457 0.52782906 0.72400648
vn -0.80901699 0.31840810 -0.49407265
vn -0.80901699 0.31840810 -0.49407265
vn 0.54891872 0.70260922 0.45280075
vn 0.54891872 0.70260922 0.45280075
vn -1.00000000 -4.5526945e-15 -1.8648537e-14
vn -1.00000000 -4.5526945e-15 -1.8648537e-14
vn 0.44408457 0.87738939 0.18159502
vn 0.44408457 0.87738939 0.18159502
vn -0.80901699 -0.31840810 0.49407265
vn -0.80901699 -0.31840810 0.49407265
vn 0.16962521 0.98540947 1.3980659e-2
vn 0.16962521 0.98540947 1.3980659e-2
vn -0.30901699 -0.51519512 0.79942635
vn -0.30901699 -0.51519512 0.79942635
vn -0.16962521 0.98540947 1.3980659e-2
vn -0.16962521 0.98540947 1.3980659e-2
vn 0.30901699 -0.51519512 0.79942635
vn 0.30901699 -0.51519512 0.79942635
vn -0.44408457 0.87738939 0.18159502
vn -0.44408457 0.87738939 0.18159502
vn 0.80901699 -0.31840810 0.49407265
vn 0.80901699 -0.31840810 0.49407265
vn -0.54891872 0.70260922 0.45280075
vn -0.54891872 0.70260922 0.45280075
vn 1.00000000 -1.2257254e-15 4.5585313e-14
vn 1.00000000 -1.2257254e-15 4.5585313e-14
vn -0.44408457 0.52782906 0.72400648
vn -0.44408457 0.52782906 0.72400648
vn 0.80901699 0.31840810 -0.49407265
vn 0.80901699 0.31840810 -0.49407265
vn -0.16962521 0.41980898 0.89162083
vn -0.16962521 0.41980898 0.89162083
vn 0.30901699 0.51519512 -0.79942635
vn 0.30901699 0.51519512 -0.79942635
vn 0.16962521 0.41980898 0.89162083
vn 0.16962521 0.41980898 0.89162083
vn -0.30901699 0.51519512 -0.79942635
vn -0.30901699 0.51519512 -0.79942635
vn 0.0000000e+0 0.84056660 0.54170821
vn -0.80901699 0.31840810 -0.49407265
vn -0.80901699 0.31840810 -0.49407265
vn 0.0000000e+0 0.84056660 0.54170821
vn -1.00000000 -4.5526945e-15 -1.8648537e-14
vn -1.00000000 -4.5526945e-15 -1.8648537e-14
vn 0.0000000e+0 0.84056660 0.54170821
vn -0.80901699 -0.31840810 0.49407265
vn -0.80901699 -0.31840810 0.49407265
vn 0.0000000e+0 0.84056660 0.54170821
vn -0.30901699 -0.51519512 0.79942635
vn -0.30901699 -0.51519512 0.79942635
vn 0.0000000e+0 0.84056660 0.54170821
vn 0.30901699 -0.51519512 0.79942635
vn 0.30901699 -0.51519512 0.79942635
vn 0.0000000e+0 0.84056660 0.54170821
vn 0.80901699 -0.31840810 0.49407265
vn 0.80901699 -0.31840810 0.49407265
vn 0.0000000e+0 0.84056660 0.54170821
vn 1.00000000 -1.2257254e-15 4.5585313e-14
vn 1.00000000 -1.2257254e-15 4.5585313e-14
vn 0.0000000e+0 0.84056660 0.54170821
vn 0.80901699 0.31840810 -0.49407265
vn 0.80901699 0.31840810 -0.49407265
vn 0.0000000e+0 0.84056660 0.54170821
vn 0.30901699 0.51519512 -0.79942635
vn 0.30901699 0.51519512 -0.79942635
vn 0.0000000e+0 0.84056660 0.54170821
vn -0.30901699 0.51519512 -0.79942635
vn -0.30901699 0.51519512 -0.79942635
vn 0.0000000e+0 -0.84056660 -0.54170821
vn 0.99102558 0.11236052 7.2411411e-2
vn 0.99102558 0.11236052 7.2411411e-2
vn 0.0000000e+0 -0.84056660 -0.54170821
vn 0.80175654 -0.20319005 0.56205005
vn 0.80175654 -0.20319005 0.56205005
vn 0.0000000e+0 -0.84056660 -0.54170821
vn 0.30624375 -0.39821103 0.86466337
vn 0.30624375 -0.39821103 0.86466337
vn 0.0000000e+0 -0.84056660 -0.54170821
vn -0.30624375 -0.39821103 0.86466337
vn -0.30624375 -0.39821103 0.86466337
vn 0.0000000e+0 -0.84056660 -0.54170821
vn -0.80175654 -0.20319005 0.56205005
vn -0.80175654 -0.20319005 0.56205005
vn 0.0000000e+0 -0.84056660 -0.54170821
vn -0.99102558 0.11236052 7.2411411e-2
vn -0.99102558 0.11236052 7.2411411e-2
vn 0.0000000e+0 -0.84056660 -0.54170821
vn -0.80175654 0.42791109 -0.41722723
vn -0.80175654 0.42791109 -0.41722723
vn 0.0000000e+0 -0.84056660 -0.54170821
vn -0.30624375 0.62293206 -0.71984055
vn -0.30624375 0.62293206 -0.71984055
vn 0.0000000e+0 -0.84056660 -0.54170821
vn 0.30624375 0.62293206 -0.71984055
vn 0.30624375 0.62293206 -0.71984055
vn 0.0000000e+0 -0.84056660 -0.54170821
vn 0.80175654 0.42791109 -0.41722723
vn 0.80175654 0.42791109 -0.41722723
vn 0.44408457 0.52782906 0.72400648
vn 0.44408457 0.52782906 0.72400648
vn -0.80901699 0.31840810 -0.49407265
vn -0.80901699 0.31840810 -0.49407265
vn 0.54891872 0.70260922 0.45280075
vn 0.54891872 0.70260922 0.45280075
vn -1.00000000 -1.3716451e-15 3.6334004e-14
vn -1.00000000 -1.3716451e-15 3.6334004e-14
vn 0.44408457 0.87738939 0.18159502
vn 0.44408457 0.87738939 0.18159502
vn -0.80901699 -0.31840810 0.49407265
vn -0.80901699 -0.31840810 0.49407265
vn 0.16962521 0.98540947 1.3980659e-2
vn 0.16962521 0.98540947 1.3980659e-2
vn -0.30901699 -0.51519512 0.79942635
vn -0.30901699 -0.51519512 0.79942635
vn -0.16962521 0.98540947 1.3980659e-2
vn -0.16962521 0.98540947 1.3980659e-2
vn 0.30901699 -0.51519512 0.79942635
vn 0.30901699 -0.51519512 0.79942635
vn -0.44408457 0.87738939 0.18159502
vn -0.44408457 0.87738939 0.18159502
vn 0.80901699 -0.31840810 0.49407265
vn 0.80901699 -0.31840810 0.49407265
vn -0.54891872 0.70260922 0.45280075
vn -0.54891872 0.70260922 0.45280075
vn 1.00000000 0.0000000e+0 0.0000000e+0
vn 1.00000000 0.0000000e+0 0.0000000e+0
vn -0.44408457 0.52782906 0.72400648
vn -0.44408457 0.52782906 0.72400648
vn 0.80901699 0.31840810 -0.49407265
vn 0.80901699 0.31840810 -0.49407265
vn -0.16962521 0.41980898 0.89162083
vn -0.16962521 0.41980898 0.89162083
vn 0.30901699 0.51519512 -0.79942635
vn 0.30901699 0.51519512 -0.79942635
vn 0.16962521 0.41980898 0.89162083
vn 0.16962521 0.41980898 0.89162083
vn -0.30901699 0.51519512 -0.79942635
vn -0.30901699 0.51519512 -0.79942635
vn 6.6194508e-17 0.84056660 0.54170821
vn -0.80901699 0.31840810 -0.49407265
vn -0.80901699 0.31840810 -0.49407265
vn 6.6194508e-17 0.84056660 0.54170821
vn -1.00000000 -1.3716451e-15 3.6334004e-14
vn -1.00000000 -1.3716451e-15 3.6334004e-14
vn 6.6194508e-17 0.84056660 0.54170821
vn -0.80901699 -0.31840810 0.49407265
vn -0.80901699 -0.31840810 0.49407265
vn 6.6194508e-17 0.84056660 0.54170821
vn -0.30901699 -0.51519512 0.79942635
vn -0.30901699 -0.51519512 0.79942635
vn 6.6194508e-17 0.84056660 0.54170821
vn 0.30901699 -0.51519512 0.79942635
vn 0.30901699 -0.51519512 0.79942635
vn 6.6194508e-17 0.84056660 0.54170821
vn 0.80901699 -0.31840810 0.49407265
vn 0.80901699 -0.31840810 0.49407265
vn 6.6194508e-17 0.84056660 0.54170821
vn 1.00000000 0.0000000e+0 0.0000000e+0
vn 1.00000000 0.0000000e+0 0.0000000e+0
vn 6.6194508e-17 0.84056660 0.54170821
vn 0.80901699 0.31840810 -0.49407265
vn 0.80901699 0.31840810 -0.49407265
vn 6.6194508e-17 0.84056660 0.54170821
vn 0.30901699 0.51519512 -0.79942635
vn 0.30901699 0.51519512 -0.79942635
vn 6.6194508e-17 0.84056660 0.54170821
vn -0.30901699 0.51519512 -0.79942635
vn -0.30901699 0.51519512 -0.79942635
vn 0.0000000e+0 -0.84056660 -0.54170821
vn 0.99102558 0.11236052 7.2411411e-2
vn 0.99102558 0.11236052 7.2411411e-2
vn 0.0000000e+0 -0.84056660 -0.54170821
vn 0.80175654 -0.20319005 0.56205005
vn 0.80175654 -0.20319005 0.56205005
vn 0.0000000e+0 -0.84056660 -0.54170821
vn 0.30624375 -0.39821103 0.86466337
vn 0.30624375 -0.39821103 0.86466337
vn 0.0000000e+0 -0.84056660 -0.54170821
vn -0.30624375 -0.39821103 0.86466337
vn -0.30624375 -0.39821103 0.86466337
vn 0.0000000e+0 -0.84056660 -0.54170821
vn -0.80175654 -0.20319005 0.56205005
vn -0.80175654 -0.20319005 0.56205005
vn 0.0000000e+0 -0.84056660 -0.54170821
vn -0.99102558 0.11236052 7.2411411e-2
vn -0.99102558 0.11236052 7.2411411e-2
vn 0.0000000e+0 -0.84056660 -0.54170821
vn -0.80175654 0.42791109 -0.41722723
vn -0.80175654 0.42791109 -0.41722723
vn 0.0000000e+0 -0.84056660 -0.54170821
vn -0.30624375 0.62293206 -0.71984055
vn -0.30624375 0.62293206 -0.71984055
vn 0.0000000e+0 -0.84056660 -0.54170821
vn 0.30624375 0.62293206 -0.71984055
vn 0.30624375 0.62293206 -0.71984055
vn 0.0000000e+0 -0.84056660 -0.54170821
vn 0.80175654 0.42791109 -0.41722723
vn 0.80175654 0.42791109 -0.41722723
vn 0.44408457 0.52782906 0.72400648
vn 0.44408457 0.52782906 0.72400648
vn -0.80901699 0.31840810 -0.49407265
vn -0.80901699 0.31840810 -0.49407265
vn 0.54891872 0.70260922 0.45280075
vn 0.54891872 0.70260922 0.45280075
vn -1.00000000 -8.4633424e-16 4.7044510e-14
vn -1.00000000 -8.4633424e-16 4.7044510e-14
vn 0.44408457 0.87738939 0.18159502
vn 0.44408457 0.87738939 0.18159502
vn -0.80901699 -0.31840810 0.49407265
vn -0.80901699 -0.31840810 0.49407265
vn 0.16962521 0.98540947 1.3980659e-2
vn 0.16962521 0.98540947 1.3980659e-2
vn -0.30901699 -0.51519512 0.79942635
vn -0.30901699 -0.51519512 0.79942635
vn -0.16962521 0.98540947 1.3980659e-2
vn -0.16962521 0.98540947 1.3980659e-2
vn 0.30901699 -0.51519512 0.79942635
vn 0.30901699 -0.51519512 0.79942635
vn -0.44408457 0.87738939 0.18159502
vn -0.44408457 0.87738939 0.18159502
vn 0.80901699 -0.31840810 0.49407265
vn 0.80901699 -0.31840810 0.49407265
vn -0.54891872 0.70260922 0.45280075
vn -0.54891872 0.70260922 0.45280075
vn 1.00000000 9.9225394e-16 2.1421011e-14
vn 1.00000000 9.9225394e-16 2.1421011e-14
vn -0.44408457 0.52782906 0.72400648
vn -0.44408457 0.52782906 0.72400648
vn 0.80901699 0.31840810 -0.49407265
vn 0.80901699 0.31840810 -0.49407265
vn -0.16962521 0.41980898 0.89162083
vn -0.16962521 0.41980898 0.89162083
vn 0.30901699 0.51519512 -0.79942635
vn 0.30901699 0.51519512 -0.79942635
vn 0.16962521 0.41980898 0.89162083
vn 0.16962521 0.41980898 0.89162083
vn -0.30901699 0.51519512 -0.79942635
vn -0.30901699 0.51519512 -0.79942635
vn 6.6194508e-17 0.84056660 0.54170821
vn -0.80901699 0.31840810 -0.49407265
vn -0.80901699 0.31840810 -0.49407265
vn 6.6194508e-17 0.84056660 0.54170821
vn -1.00000000 -8.4633424e-16 4.7044510e-14
vn -1.00000000 -8.4633424e-16 4.7044510e-14
vn 6.6194508e-17 0.84056660 0.54170821
vn -0.80901699 -0.31840810 0.49407265
vn -0.80901699 -0.31840810 0.49407265
vn 6.6194508e-17 0.84056660 0.54170821
vn -0.30901699 -0.51519512 0.79942635
vn -0.30901699 -0.51519512 0.79942635
vn 6.6194508e-17 0.84056660 0.54170821
vn 0.30901699 -0.51519512 0.79942635
vn 0.30901699 -0.51519512 0.79942635
vn 6.6194508e-17 0.84056660 0.54170821
vn 0.80901699 -0.31840810 0.49407265
vn 0.80901699 -0.31840810 0.49407265
vn 6.6194508e-17 0.84056660 0.54170821
vn 1.00000000 9.9225394e-16 2.1421011e-14
vn 1.00000000 9.9225394e-16 2.1421011e-14
vn 6.6194508e-17 0.84056660 0.54170821
vn 0.80901699 0.31840810 -0.49407265
vn 0.80901699 0.31840810 -0.49407265
vn 6.6194508e-17 0.84056660 0.54170821
vn 0.30901699 0.51519512 -0.79942635
vn 0.30901699 0.51519512 -0.79942635
vn 6.6194508e-17 0.84056660 0.54170821
vn -0.30901699 0.51519512 -0.79942635
vn -0.30901699 0.51519512 -0.79942635
vn 0.0000000e+0 -0.84056660 -0.54170821
vn 0.99102558 0.11236052 7.2411411e-2
vn 0.99102558 0.11236052 7.2411411e-2
vn 0.0000000e+0 -0.84056660 -0.54170821
vn 0.80175654 -0.20319005 0.56205005
vn 0.80175654 -0.20319005 0.56205005
vn 0.0000000e+0 -0.84056660 -0.54170821
vn 0.30624375 -0.39821103 0.86466337
vn 0.30624375 -0.39821103 0.86466337
vn 0.0000000e+0 -0.84056660 -0.54170821
vn -0.30624375 -0.39821103 0.86466337
vn -0.30624375 -0.39821103 0.86466337
vn 0.0000000e+0 -0.84056660 -0.54170821
vn -0.80175654 -0.20319005 0.56205005
vn -0.80175654 -0.20319005 0.56205005
vn 0.0000000e+0 -0.84056660 -0.54170821
vn -0.99102558 0.11236052 7.2411411e-2
vn -0.99102558 0.11236052 7.2411411e-2
vn 0.0000000e+0 -0.84056660 -0.54170821
vn -0.80175654 0.42791109 -0.41722723
vn -0.80175654 0.42791109 -0.41722723
vn 0.0000000e+0 -0.84056660 -0.54170821
vn -0.30624375 0.62293206 -0.71984055
vn -0.30624375 0.62293206 -0.71984055
vn 0.0000000e+0 -0.84056660 -0.54170821
vn 0.30624375 0.62293206 -0.71984055
vn 0.30624375 0.62293206 -0.71984055
vn 0.0000000e+0 -0.84056660 -0.54170821
vn 0.80175654 0.42791109 -0.41722723
vn 0.80175654 0.42791109 -0.41722723
vn 0.44408457 0.52782906 0.72400648
vn 0.44408457 0.52782906 0.72400648
vn -0.80901699 0.31840810 -0.49407265
vn -0.80901699 0.31840810 -0.49407265
vn 0.54891872 0.70260922 0.45280075
vn 0.54891872 0.70260922 0.45280075
vn -1.00000000 -1.5613408e-15 4.5526945e-14
vn -1.00000000 -1.5613408e-15 4.5526945e-14
vn 0.44408457 0.87738939 0.18159502
vn 0.44408457 0.87738939 0.18159502
vn -0.80901699 -0.31840810 0.49407265
vn -0.80901699 -0.31840810 0.49407265
vn 0.16962521 0.98540947 1.3980659e-2
vn 0.16962521 0.98540947 1.3980659e-2
vn -0.30901699 -0.51519512 0.79942635
vn -0.30901699 -0.51519512 0.79942635
vn -0.16962521 0.98540947 1.3980659e-2
vn -0.16962521 0.98540947 1.3980659e-2
vn 0.30901699 -0.51519512 0.79942635
vn 0.30901699 -0.51519512 0.79942635
vn -0.44408457 0.87738939 0.18159502
vn -0.44408457 0.87738939 0.18159502
vn 0.80901699 -0.31840810 0.49407265
vn 0.80901699 -0.31840810 0.49407265
vn -0.54891872 0.70260922 0.45280075
vn -0.54891872 0.70260922 0.45280075
vn 1.00000000 -5.1947412e-15 -4.0040365e-14
vn 1.00000000 -5.1947412e-15 -4.0040365e-14
vn -0.44408457 0.52782906 0.72400648
vn -0.44408457 0.52782906 0.72400648
vn 0.80901699 0.31840810 -0.49407265
vn 0.80901699 0.31840810 -0.49407265
vn -0.16962521 0.41980898 0.89162083
vn -0.16962521 0.41980898 0.89162083
vn 0.30901699 0.51519512 -0.79942635
vn 0.30901699 0.51519512 -0.79942635
vn 0.16962521 0.41980898 0.89162083
vn 0.16962521 0.41980898 0.89162083
vn -0.30901699 0.51519512 -0.79942635
vn -0.30901699 0.51519512 -0.79942635
vn 0.0000000e+0 0.84056660 0.54170821
vn -0.80901699 0.31840810 -0.49407265
vn -0.80901699 0.31840810 -0.49407265
vn 0.0000000e+0 0.84056660 0.54170821
vn -1.00000000 -1.5613408e-15 4.5526945e-14
vn -1.00000000 -1.5613408e-15 4.5526945e-14
vn 0.0000000e+0 0.84056660 0.54170821
vn -0.80901699 -0.31840810 0.49407265
vn -0.80901699 -0.31840810 0.49407265
vn 0.0000000e+0 0.84056660 0.54170821
vn -0.30901699 -0.51519512 0.79942635
vn -0.30901699 -0.51519512 0.79942635
vn 0.0000000e+0 0.84056660 0.54170821
vn 0.30901699 -0.51519512 0.79942635
vn 0.30901699 -0.51519512 0.79942635
vn 0.0000000e+0 0.84056660 0.54170821
vn 0.80901699 -0.31840810 0.49407265
vn 0.80901699 -0.31840810 0.49407265
vn 0.0000000e+0 0.84056660 0.54170821
vn 1.00000000 -5.1947412e-15 -4.0040365e-14
vn 1.00000000 -5.1947412e-15 -4.0040365e-14
vn 0.0000000e+0 0.84056660 0.54170821
vn 0.80901699 0.31840810 -0.49407265
vn 0.80901699 0.31840810 -0.49407265
vn 0.0000000e+0 0.84056660 0.54170821
vn 0.30901699 0.51519512 -0.79942635
vn 0.30901699 0.51519512 -0.79942635
vn 0.0000000e+0 0.84056660 0.54170821
vn -0.30901699 0.51519512 -0.79942635
vn -0.30901699 0.51519512 -0.79942635
vn 0.83128896 0.46722097 0.30110337
vn 0.83128896 0.46722097 0.30110337
vn -1.2728653e-15 0.84056660 0.54170821
vn -1.2728653e-15 0.84056660 0.54170821
vn 0.25688242 3.8944950e-2 0.96565766
vn 0.25688242 3.8944950e-2 0.96565766
vn -1.4319735e-15 0.84056660 0.54170821
vn -1.4319735e-15 0.84056660 0.54170821
vn -0.67252689 0.20253183 0.71182051
vn -0.67252689 0.20253183 0.71182051
vn -1.4319735e-15 0.84056660 0.54170821
vn -1.4319735e-15 0.84056660 0.54170821
vn -0.67252689 0.73191010 -0.10961377
vn -0.67252689 0.73191010 -0.10961377
vn 0.0000000e+0 0.84056660 0.54170821
vn 0.0000000e+0 0.84056660 0.54170821
vn 0.25688242 0.89549698 -0.36345093
vn 0.25688242 0.89549698 -0.36345093
vn -1.2728653e-15 0.84056660 0.54170821
vn -1.2728653e-15 0.84056660 0.54170821
vn -6.7253239e-16 -0.84056660 -0.54170821
vn 0.83128896 0.46722097 0.30110337
vn 0.83128896 0.46722097 0.30110337
vn -6.7253239e-16 -0.84056660 -0.54170821
vn 0.25688242 3.8944950e-2 0.96565766
vn 0.25688242 3.8944950e-2 0.96565766
vn -6.7253239e-16 -0.84056660 -0.54170821
vn -0.67252689 0.20253183 0.71182051
vn -0.67252689 0.20253183 0.71182051
vn -6.7253239e-16 -0.84056660 -0.54170821
vn -0.67252689 0.73191010 -0.10961377
vn -0.67252689 0.73191010 -0.10961377
vn -6.7253239e-16 -0.84056660 -0.54170821
vn 0.25688242 0.89549698 -0.36345093
vn 0.25688242 0.89549698 -0.36345093
vn -1.4319735e-15 0.84056660 0.54170821
vn -1.4319735e-15 0.84056660 0.54170821
vn 0.30901699 -0.51519512 0.79942635
vn 0.30901699 -0.51519512 0.79942635
vn -1.2728653e-15 0.84056660 0.54170821
vn -1.2728653e-15 0.84056660 0.54170821
vn 1.00000000 -3.4650856e-15 -9.8120246e-15
vn 1.00000000 -3.4650856e-15 -9.8120246e-15
vn -1.2728653e-15 0.84056660 0.54170821
vn -1.2728653e-15 0.84056660 0.54170821
vn 0.30901699 0.51519512 -0.79942635
vn 0.30901699 0.51519512 -0.79942635
vn 0.0000000e+0 0.84056660 0.54170821
vn 0.0000000e+0 0.84056660 0.54170821
vn -0.80901699 0.31840810 -0.49407265
vn -0.80901699 0.31840810 -0.49407265
vn -1.4319735e-15 0.84056660 0.54170821
vn -1.4319735e-15 0.84056660 0.54170821
vn -0.80901699 -0.31840810 0.49407265
vn -0.80901699 -0.31840810 0.49407265
vn 0.30901699 -0.51519512 0.79942635
vn 0.30901699 -0.51519512 0.79942635
vn -3.3526588e-30 -0.84056660 -0.54170821
vn -3.3526588e-30 -0.84056660 -0.54170821
vn 1.00000000 -3.4650856e-15 -9.8120246e-15
vn 1.00000000 -3.4650856e-15 -9.8120246e-15
vn 8.1366104e-16 -0.84056660 -0.54170821
vn 8.1366104e-16 -0.84056660 -0.54170821
vn 0.30901699 0.51519512 -0.79942635
vn 0.30901699 0.51519512 -0.79942635
vn 0.0000000e+0 -0.84056660 -0.54170821
vn 0.0000000e+0 -0.84056660 -0.54170821
vn -0.80901699 0.31840810 -0.49407265
vn -0.80901699 0.31840810 -0.49407265
vn 2.4409831e-15 -0.84056660 -0.54170821
vn 2.4409831e-15 -0.84056660 -0.54170821
vn -0.80901699 -0.31840810 0.49407265
vn -0.80901699 -0.31840810 0.49407265
vn 1.6273221e-15 -0.84056660 -0.54170821
vn 1.6273221e-15 -0.84056660 -0.54170821
vn -3.3526588e-30 -0.84056660 -0.54170821
vn -3.3526588e-30 -0.84056660 -0.54170821
vn 0.30901699 -0.51519512 0.79942635
vn 0.30901699 -0.51519512 0.79942635
vn 8.1366104e-16 -0.84056660 -0.54170821
vn 8.1366104e-16 -0.84056660 -0.54170821
vn 1.00000000 -1.2007722e-15 7.4790957e-15
vn 1.00000000 -1.2007722e-15 7.4790957e-15
vn 0.0000000e+0 -0.84056660 -0.54170821
vn 0.0000000e+0 -0.84056660 -0.54170821
vn 0.30901699 0.51519512 -0.79942635
vn 0.30901699 0.51519512 -0.79942635
vn 2.4409831e-15 -0.84056660 -0.54170821
vn 2.4409831e-15 -0.84056660 -0.54170821
vn -0.80901699 0.31840810 -0.49407265
vn -0.80901699 0.31840810 -0.49407265
vn 1.6273221e-15 -0.84056660 -0.54170821
vn 1.6273221e-15 -0.84056660 -0.54170821
vn -0.80901699 -0.31840810 0.49407265
vn -0.80901699 -0.31840810 0.49407265
vn -5.5105367e-16 0.84056660 0.54170821
vn 0.30901699 -0.51519512 0.79942635
vn 0.30901699 -0.51519512 0.79942635
vn -5.5105367e-16 0.84056660 0.54170821
vn 1.00000000 -1.2007722e-15 7.4790957e-15
vn 1.00000000 -1.2007722e-15 7.4790957e-15
vn -5.5105367e-16 0.84056660 0.54170821
vn 0.30901699 0.51519512 -0.79942635
vn 0.30901699 0.51519512 -0.79942635
vn -5.5105367e-16 0.84056660 0.54170821
vn -0.80901699 0.31840810 -0.49407265
vn -0.80901699 0.31840810 -0.49407265
vn -5.5105367e-16 0.84056660 0.54170821
vn -0.80901699 -0.31840810 0.49407265
vn -0.80901699 -0.31840810 0.49407265
vn 0.59898618 0.77947094 -0.18341375
vn 0.59898618 0.77947094 -0.18341375
vn 4.4550286e-15 0.84056660 0.54170821
vn 4.4550286e-15 0.84056660 0.54170821
vn 0.73330232 0.25511676 0.63022468
vn 0.73330232 0.25511676 0.63022468
vn 3.8185959e-15 0.84056660 0.54170821
vn 3.8185959e-15 0.84056660 0.54170821
vn -0.14578042 2.3883381e-2 0.98902864
vn -0.14578042 2.3883381e-2 0.98902864
vn 1.9092980e-15 0.84056660 0.54170821
vn 1.9092980e-15 0.84056660 0.54170821
vn -0.82339958 0.40532748 0.39714326
vn -0.82339958 0.40532748 0.39714326
vn -1.9092980e-15 0.84056660 0.54170821
vn -1.9092980e-15 0.84056660 0.54170821
vn -0.36310850 0.87230628 -0.32746599
vn -0.36310850 0.87230628 -0.32746599
vn -6.3643266e-16 0.84056660 0.54170821
vn -6.3643266e-16 0.84056660 0.54170821
vn -3.3626620e-16 -0.84056660 -0.54170821
vn 0.59898618 0.77947094 -0.18341375
vn 0.59898618 0.77947094 -0.18341375
vn -3.3626620e-16 -0.84056660 -0.54170821
vn 0.73330232 0.25511676 0.63022468
vn 0.73330232 0.25511676 0.63022468
vn -3.3626620e-16 -0.84056660 -0.54170821
vn -0.14578042 2.3883381e-2 0.98902864
vn -0.14578042 2.3883381e-2 0.98902864
vn -3.3626620e-16 -0.84056660 -0.54170821
vn -0.82339958 0.40532748 0.39714326
vn -0.82339958 0.40532748 0.39714326
vn -3.3626620e-16 -0.84056660 -0.54170821
vn -0.36310850 0.87230628 -0.32746599
vn -0.36310850 0.87230628 -0.32746599
vn 3.8185959e-15 0.84056660 0.54170821
vn 3.8185959e-15 0.84056660 0.54170821
vn 0.88212687 -0.25515100 0.39591686
vn 0.88212687 -0.25515100 0.39591686
vn 4.4550286e-15 0.84056660 0.54170821
vn 4.4550286e-15 0.84056660 0.54170821
vn 0.72055111 0.37562146 -0.58285042
vn 0.72055111 0.37562146 -0.58285042
vn -6.3643266e-16 0.84056660 0.54170821
vn -6.3643266e-16 0.84056660 0.54170821
vn -0.43680179 0.48729783 -0.75613823
vn -0.43680179 0.48729783 -0.75613823
vn -1.9092980e-15 0.84056660 0.54170821
vn -1.9092980e-15 0.84056660 0.54170821
vn -0.99050946 -7.4454839e-2 0.11553130
vn -0.99050946 -7.4454839e-2 0.11553130
vn 1.9092980e-15 0.84056660 0.54170821
vn 1.9092980e-15 0.84056660 0.54170821
vn -0.17536673 -0.53331346 0.82754049
vn -0.17536673 -0.53331346 0.82754049
vn 0.88212687 -0.25515100 0.39591686
vn 0.88212687 -0.25515100 0.39591686
vn -2.6443984e-15 -0.84056660 -0.54170821
vn -2.6443984e-15 -0.84056660 -0.54170821
vn 0.72055111 0.37562146 -0.58285042
vn 0.72055111 0.37562146 -0.58285042
vn -8.1366104e-16 -0.84056660 -0.54170821
vn -8.1366104e-16 -0.84056660 -0.54170821
vn -0.43680179 0.48729783 -0.75613823
vn -0.43680179 0.48729783 -0.75613823
vn -1.1832914e-30 -0.84056660 -0.54170821
vn -1.1832914e-30 -0.84056660 -0.54170821
vn -0.99050946 -7.4454839e-2 0.11553130
vn -0.99050946 -7.4454839e-2 0.11553130
vn -8.1366104e-16 -0.84056660 -0.54170821
vn -8.1366104e-16 -0.84056660 -0.54170821
vn -0.17536673 -0.53331346 0.82754049
vn -0.17536673 -0.53331346 0.82754049
vn -1.0170763e-15 -0.84056660 -0.54170821
vn -1.0170763e-15 -0.84056660 -0.54170821
vn -2.6443984e-15 -0.84056660 -0.54170821
vn -2.6443984e-15 -0.84056660 -0.54170821
vn 0.88212687 -0.25515100 0.39591686
vn 0.88212687 -0.25515100 0.39591686
vn -8.1366104e-16 -0.84056660 -0.54170821
vn -8.1366104e-16 -0.84056660 -0.54170821
vn 0.72055111 0.37562146 -0.58285042
vn 0.72055111 0.37562146 -0.58285042
vn -1.1832914e-30 -0.84056660 -0.54170821
vn -1.1832914e-30 -0.84056660 -0.54170821
vn -0.43680179 0.48729783 -0.75613823
vn -0.43680179 0.48729783 -0.75613823
vn -8.1366104e-16 -0.84056660 -0.54170821
vn -8.1366104e-16 -0.84056660 -0.54170821
vn -0.99050946 -7.4454839e-2 0.11553130
vn -0.99050946 -7.4454839e-2 0.11553130
vn -1.0170763e-15 -0.84056660 -0.54170821
vn -1.0170763e-15 -0.84056660 -0.54170821
vn -0.17536673 -0.53331346 0.82754049
vn -0.17536673 -0.53331346 0.82754049
vn 5.5105367e-16 0.84056660 0.54170821
vn 0.88212687 -0.25515100 0.39591686
vn 0.88212687 -0.25515100 0.39591686
vn 5.5105367e-16 0.84056660 0.54170821
vn 0.72055111 0.37562146 -0.58285042
vn 0.72055111 0.37562146 -0.58285042
vn 5.5105367e-16 0.84056660 0.54170821
vn -0.43680179 0.48729783 -0.75613823
vn -0.43680179 0.48729783 -0.75613823
vn 5.5105367e-16 0.84056660 0.54170821
vn -0.99050946 -7.4454839e-2 0.11553130
vn -0.99050946 -7.4454839e-2 0.11553130
vn 5.5105367e-16 0.84056660 0.54170821
vn -0.17536673 -0.53331346 0.82754049
vn -0.17536673 -0.53331346 0.82754049
vn -4.1187921e-2 1.7457997e-2 0.99899889
vn -4.1187921e-2 1.7457997e-2 0.99899889
vn 1.5910816e-15 0.84056660 0.54170821
vn 1.5910816e-15 0.84056660 0.54170821
vn -0.80235952 0.34945638 0.48383823
vn -0.80235952 0.34945638 0.48383823
vn 1.5910816e-15 0.84056660 0.54170821
vn 1.5910816e-15 0.84056660 0.54170821
vn -0.45469753 0.84420142 -0.28385579
vn -0.45469753 0.84420142 -0.28385579
vn 1.2728653e-15 0.84056660 0.54170821
vn 1.2728653e-15 0.84056660 0.54170821
vn 0.52134099 0.81797229 -0.24315614
vn 0.52134099 0.81797229 -0.24315614
vn -4.3190135e-29 0.84056660 0.54170821
vn -4.3190135e-29 0.84056660 0.54170821
vn 0.77690399 0.30701675 0.54969165
vn 0.77690399 0.30701675 0.54969165
vn -1.2728653e-15 0.84056660 0.54170821
vn -1.2728653e-15 0.84056660 0.54170821
vn 1.0087986e-15 -0.84056660 -0.54170821
vn -4.1187921e-2 1.7457997e-2 0.99899889
vn -4.1187921e-2 1.7457997e-2 0.99899889
vn 1.0087986e-15 -0.84056660 -0.54170821
vn -0.80235952 0.34945638 0.48383823
vn -0.80235952 0.34945638 0.48383823
vn 1.0087986e-15 -0.84056660 -0.54170821
vn -0.45469753 0.84420142 -0.28385579
vn -0.45469753 0.84420142 -0.28385579
vn 1.0087986e-15 -0.84056660 -0.54170821
vn 0.52134099 0.81797229 -0.24315614
vn 0.52134099 0.81797229 -0.24315614
vn 1.0087986e-15 -0.84056660 -0.54170821
vn 0.77690399 0.30701675 0.54969165
vn 0.77690399 0.30701675 0.54969165
vn 1.5910816e-15 0.84056660 0.54170821
vn 1.5910816e-15 0.84056660 0.54170821
vn -0.96519930 -0.14166504 0.21982112
vn -0.96519930 -0.14166504 0.21982112
vn 1.5910816e-15 0.84056660 0.54170821
vn 1.5910816e-15 0.84056660 0.54170821
vn -4.9547056e-2 -0.54104288 0.83953421
vn -4.9547056e-2 -0.54104288 0.83953421
vn -1.2728653e-15 0.84056660 0.54170821
vn -1.2728653e-15 0.84056660 0.54170821
vn 0.93457754 -0.19271785 0.29903956
vn 0.93457754 -0.19271785 0.29903956
vn -4.3190135e-29 0.84056660 0.54170821
vn -4.3190135e-29 0.84056660 0.54170821
vn 0.62714774 0.42193670 -0.65471760
vn 0.62714774 0.42193670 -0.65471760
vn 1.2728653e-15 0.84056660 0.54170821
vn 1.2728653e-15 0.84056660 0.54170821
vn -0.54697892 0.45348907 -0.70367729
vn -0.54697892 0.45348907 -0.70367729
vn -0.96519930 -0.14166504 0.21982112
vn -0.96519930 -0.14166504 0.21982112
vn -8.1366104e-16 -0.84056660 -0.54170821
vn -8.1366104e-16 -0.84056660 -0.54170821
vn -4.9547056e-2 -0.54104288 0.83953421
vn -4.9547056e-2 -0.54104288 0.83953421
vn -3.0512289e-16 -0.84056660 -0.54170821
vn -3.0512289e-16 -0.84056660 -0.54170821
vn 0.93457754 -0.19271785 0.29903956
vn 0.93457754 -0.19271785 0.29903956
vn 1.3221992e-15 -0.84056660 -0.54170821
vn 1.3221992e-15 -0.84056660 -0.54170821
vn 0.62714774 0.42193670 -0.65471760
vn 0.62714774 0.42193670 -0.65471760
vn 3.2546441e-15 -0.84056660 -0.54170821
vn 3.2546441e-15 -0.84056660 -0.54170821
vn -0.54697892 0.45348907 -0.70367729
vn -0.54697892 0.45348907 -0.70367729
vn 8.1366104e-16 -0.84056660 -0.54170821
vn 8.1366104e-16 -0.84056660 -0.54170821
vn -8.1366104e-16 -0.84056660 -0.54170821
vn -8.1366104e-16 -0.84056660 -0.54170821
vn -0.96519930 -0.14166504 0.21982112
vn -0.96519930 -0.14166504 0.21982112
vn -3.0512289e-16 -0.84056660 -0.54170821
vn -3.0512289e-16 -0.84056660 -0.54170821
vn -4.9547056e-2 -0.54104288 0.83953421
vn -4.9547056e-2 -0.54104288 0.83953421
vn 1.3221992e-15 -0.84056660 -0.54170821
vn 1.3221992e-15 -0.84056660 -0.54170821
vn 0.93457754 -0.19271785 0.29903956
vn 0.93457754 -0.19271785 0.29903956
vn 3.2546441e-15 -0.84056660 -0.54170821
vn 3.2546441e-15 -0.84056660 -0.54170821
vn 0.62714774 0.42193670 -0.65471760
vn 0.62714774 0.42193670 -0.65471760
vn 8.1366104e-16 -0.84056660 -0.54170821
vn 8.1366104e-16 -0.84056660 -0.54170821
vn -0.54697892 0.45348907 -0.70367729
vn -0.54697892 0.45348907 -0.70367729
vn 0.0000000e+0 0.84056660 0.54170821
vn -0.96519930 -0.14166504 0.21982112
vn -0.96519930 -0.14166504 0.21982112
vn 0.0000000e+0 0.84056660 0.54170821
vn -4.9547056e-2 -0.54104288 0.83953421
vn -4.9547056e-2 -0.54104288 0.83953421
vn 0.0000000e+0 0.84056660 0.54170821
vn 0.93457754 -0.19271785 0.29903956
vn 0.93457754 -0.19271785 0.29903956
vn 0.0000000e+0 0.84056660 0.54170821
vn 0.62714774 0.42193670 -0.65471760
vn 0.62714774 0.42193670 -0.65471760
vn 0.0000000e+0 0.84056660 0.54170821
vn -0.54697892 0.45348907 -0.70367729
vn -0.54697892 0.45348907 -0.70367729
vn 0.59898618 0.77947094 -0.18341375
vn 0.59898618 0.77947094 -0.18341375
vn 4.4550286e-15 0.84056660 0.54170821
vn 4.4550286e-15 0.84056660 0.54170821
vn 0.73330232 0.25511676 0.63022468
vn 0.73330232 0.25511676 0.63022468
vn 3.8185959e-15 0.84056660 0.54170821
vn 3.8185959e-15 0.84056660 0.54170821
vn -0.14578042 2.3883381e-2 0.98902864
vn -0.14578042 2.3883381e-2 0.98902864
vn 1.9092980e-15 0.84056660 0.54170821
vn 1.9092980e-15 0.84056660 0.54170821
vn -0.82339958 0.40532748 0.39714326
vn -0.82339958 0.40532748 0.39714326
vn -1.9092980e-15 0.84056660 0.54170821
vn -1.9092980e-15 0.84056660 0.54170821
vn -0.36310850 0.87230628 -0.32746599
vn -0.36310850 0.87230628 -0.32746599
vn -6.3643266e-16 0.84056660 0.54170821
vn -6.3643266e-16 0.84056660 0.54170821
vn -3.3626620e-16 -0.84056660 -0.54170821
vn 0.59898618 0.77947094 -0.18341375
vn 0.59898618 0.77947094 -0.18341375
vn -3.3626620e-16 -0.84056660 -0.54170821
vn 0.73330232 0.25511676 0.63022468
vn 0.73330232 0.25511676 0.63022468
vn -3.3626620e-16 -0.84056660 -0.54170821
vn -0.14578042 2.3883381e-2 0.98902864
vn -0.14578042 2.3883381e-2 0.98902864
vn -3.3626620e-16 -0.84056660 -0.54170821
vn -0.82339958 0.40532748 0.39714326
vn -0.82339958 0.40532748 0.39714326
vn -3.3626620e-16 -0.84056660 -0.54170821
vn -0.36310850 0.87230628 -0.32746599
vn -0.36310850 0.87230628 -0.32746599
vn 3.8185959e-15 0.84056660 0.54170821
vn 3.8185959e-15 0.84056660 0.54170821
vn 0.88212687 -0.25515100 0.39591686
vn 0.88212687 -0.25515100 0.39591686
vn 4.4550286e-15 0.84056660 0.54170821
vn 4.4550286e-15 0.84056660 0.54170821
vn 0.72055111 0.37562146 -0.58285042
vn 0.72055111 0.37562146 -0.58285042
vn -6.3643266e-16 0.84056660 0.54170821
vn -6.3643266e-16 0.84056660 0.54170821
vn -0.43680179 0.48729783 -0.75613823
vn -0.43680179 0.48729783 -0.75613823
vn -1.9092980e-15 0.84056660 0.54170821
vn -1.9092980e-15 0.84056660 0.54170821
vn -0.99050946 -7.4454839e-2 0.11553130
vn -0.99050946 -7.4454839e-2 0.11553130
vn 1.9092980e-15 0.84056660 0.54170821
vn 1.9092980e-15 0.84056660 0.54170821
vn -0.17536673 -0.53331346 0.82754049
vn -0.17536673 -0.53331346 0.82754049
vn 0.88212687 -0.25515100 0.39591686
vn 0.88212687 -0.25515100 0.39591686
vn -2.6443984e-15 -0.84056660 -0.54170821
vn -2.6443984e-15 -0.84056660 -0.54170821
vn 0.72055111 0.37562146 -0.58285042
vn 0.72055111 0.37562146 -0.58285042
vn -8.1366104e-16 -0.84056660 -0.54170821
vn -8.1366104e-16 -0.84056660 -0.54170821
vn -0.43680179 0.48729783 -0.75613823
vn -0.43680179 0.48729783 -0.75613823
vn -7.2969634e-30 -0.84056660 -0.54170821
vn -7.2969634e-30 -0.84056660 -0.54170821
vn -0.99050946 -7.4454839e-2 0.11553130
vn -0.99050946 -7.4454839e-2 0.11553130
vn -8.1366104e-16 -0.84056660 -0.54170821
vn -8.1366104e-16 -0.84056660 -0.54170821
vn -0.17536673 -0.53331346 0.82754049
vn -0.17536673 -0.53331346 0.82754049
vn -1.0170763e-15 -0.84056660 -0.54170821
vn -1.0170763e-15 -0.84056660 -0.54170821
vn -2.6443984e-15 -0.84056660 -0.54170821
vn -2.6443984e-15 -0.84056660 -0.54170821
vn 0.88212687 -0.25515100 0.39591686
vn 0.88212687 -0.25515100 0.39591686
vn -8.1366104e-16 -0.84056660 -0.54170821
vn -8.1366104e-16 -0.84056660 -0.54170821
vn 0.72055111 0.37562146 -0.58285042
vn 0.72055111 0.37562146 -0.58285042
vn -7.2969634e-30 -0.84056660 -0.54170821
vn -7.2969634e-30 -0.84056660 -0.54170821
vn -0.43680179 0.48729783 -0.75613823
vn -0.43680179 0.48729783 -0.75613823
vn -8.1366104e-16 -0.84056660 -0.54170821
vn -8.1366104e-16 -0.84056660 -0.54170821
vn -0.99050946 -7.4454839e-2 0.11553130
vn -0.99050946 -7.4454839e-2 0.11553130
vn -1.0170763e-15 -0.84056660 -0.54170821
vn -1.0170763e-15 -0.84056660 -0.54170821
vn -0.17536673 -0.53331346 0.82754049
vn -0.17536673 -0.53331346 0.82754049
vn 5.5105367e-16 0.84056660 0.54170821
vn 0.88212687 -0.25515100 0.39591686
vn 0.88212687 -0.25515100 0.39591686
vn 5.5105367e-16 0.84056660 0.54170821
vn 0.72055111 0.37562146 -0.58285042
vn 0.72055111 0.37562146 -0.58285042
vn 5.5105367e-16 0.84056660 0.54170821
vn -0.43680179 0.48729783 -0.75613823
vn -0.43680179 0.48729783 -0.75613823
vn 5.5105367e-16 0.84056660 0.54170821
vn -0.99050946 -7.4454839e-2 0.11553130
vn -0.99050946 -7.4454839e-2 0.11553130
vn 5.5105367e-16 0.84056660 0.54170821
vn -0.17536673 -0.53331346 0.82754049
vn -0.17536673 -0.53331346 0.82754049
vn 0.83128896 0.46722097 0.30110337
vn 0.83128896 0.46722097 0.30110337
vn -1.2728653e-15 0.84056660 0.54170821
vn -1.2728653e-15 0.84056660 0.54170821
vn 0.25688242 3.8944950e-2 0.96565766
vn 0.25688242 3.8944950e-2 0.96565766
vn -1.4319735e-15 0.84056660 0.54170821
vn -1.4319735e-15 0.84056660 0.54170821
vn -0.67252689 0.20253183 0.71182051
vn -0.67252689 0.20253183 0.71182051
vn -1.4319735e-15 0.84056660 0.54170821
vn -1.4319735e-15 0.84056660 0.54170821
vn -0.67252689 0.73191010 -0.10961377
vn -0.67252689 0.73191010 -0.10961377
vn 0.0000000e+0 0.84056660 0.54170821
vn 0.0000000e+0 0.84056660 0.54170821
vn 0.25688242 0.89549698 -0.36345093
vn 0.25688242 0.89549698 -0.36345093
vn -1.2728653e-15 0.84056660 0.54170821
vn -1.2728653e-15 0.84056660 0.54170821
vn -6.7253239e-16 -0.84056660 -0.54170821
vn 0.83128896 0.46722097 0.30110337
vn 0.83128896 0.46722097 0.30110337
vn -6.7253239e-16 -0.84056660 -0.54170821
vn 0.25688242 3.8944950e-2 0.96565766
vn 0.25688242 3.8944950e-2 0.96565766
vn -6.7253239e-16 -0.84056660 -0.54170821
vn -0.67252689 0.20253183 0.71182051
vn -0.67252689 0.20253183 0.71182051
vn -6.7253239e-16 -0.84056660 -0.54170821
vn -0.67252689 0.73191010 -0.10961377
vn -0.67252689 0.73191010 -0.10961377
vn -6.7253239e-16 -0.84056660 -0.54170821
vn 0.25688242 0.89549698 -0.36345093
vn 0.25688242 0.89549698 -0.36345093
vn -1.4319735e-15 0.84056660 0.54170821
vn -1.4319735e-15 0.84056660 0.54170821
vn 0.30901699 -0.51519512 0.79942635
vn 0.30901699 -0.51519512 0.79942635
vn -1.2728653e-15 0.84056660 0.54170821
vn -1.2728653e-15 0.84056660 0.54170821
vn 1.00000000 -8.5769446e-16 2.9504689e-15
vn 1.00000000 -8.5769446e-16 2.9504689e-15
vn -1.2728653e-15 0.84056660 0.54170821
vn -1.2728653e-15 0.84056660 0.54170821
vn 0.30901699 0.51519512 -0.79942635
vn 0.30901699 0.51519512 -0.79942635
vn 0.0000000e+0 0.84056660 0.54170821
vn 0.0000000e+0 0.84056660 0.54170821
vn -0.80901699 0.31840810 -0.49407265
vn -0.80901699 0.31840810 -0.49407265
vn -1.4319735e-15 0.84056660 0.54170821
vn -1.4319735e-15 0.84056660 0.54170821
vn -0.80901699 -0.31840810 0.49407265
vn -0.80901699 -0.31840810 0.49407265
vn 0.30901699 -0.51519512 0.79942635
vn 0.30901699 -0.51519512 0.79942635
vn -5.1275959e-30 -0.84056660 -0.54170821
vn -5.1275959e-30 -0.84056660 -0.54170821
vn 1.00000000 -8.5769446e-16 2.9504689e-15
vn 1.00000000 -8.5769446e-16 2.9504689e-15
vn 8.1366104e-16 -0.84056660 -0.54170821
vn 8.1366104e-16 -0.84056660 -0.54170821
vn 0.30901699 0.51519512 -0.79942635
vn 0.30901699 0.51519512 -0.79942635
vn 0.0000000e+0 -0.84056660 -0.54170821
vn 0.0000000e+0 -0.84056660 -0.54170821
vn -0.80901699 0.31840810 -0.49407265
vn -0.80901699 0.31840810 -0.49407265
vn 2.4409831e-15 -0.84056660 -0.54170821
vn 2.4409831e-15 -0.84056660 -0.54170821
vn -0.80901699 -0.31840810 0.49407265
vn -0.80901699 -0.31840810 0.49407265
vn 1.6273221e-15 -0.84056660 -0.54170821
vn 1.6273221e-15 -0.84056660 -0.54170821
vn -5.1275959e-30 -0.84056660 -0.54170821
vn -5.1275959e-30 -0.84056660 -0.54170821
vn 0.30901699 -0.51519512 0.79942635
vn 0.30901699 -0.51519512 0.79942635
vn 8.1366104e-16 -0.84056660 -0.54170821
vn 8.1366104e-16 -0.84056660 -0.54170821
vn 1.00000000 -5.5235523e-15 -1.3277110e-14
vn 1.00000000 -5.5235523e-15 -1.3277110e-14
vn 0.0000000e+0 -0.84056660 -0.54170821
vn 0.0000000e+0 -0.84056660 -0.54170821
vn 0.30901699 0.51519512 -0.79942635
vn 0.30901699 0.51519512 -0.79942635
vn 2.4409831e-15 -0.84056660 -0.54170821
vn 2.4409831e-15 -0.84056660 -0.54170821
vn -0.80901699 0.31840810 -0.49407265
vn -0.80901699 0.31840810 -0.49407265
vn 1.6273221e-15 -0.84056660 -0.54170821
vn 1.6273221e-15 -0.84056660 -0.54170821
vn -0.80901699 -0.31840810 0.49407265
vn -0.80901699 -0.31840810 0.49407265
vn -5.5105367e-16 0.84056660 0.54170821
vn 0.30901699 -0.51519512 0.79942635
vn 0.30901699 -0.51519512 0.79942635
vn -5.5105367e-16 0.84056660 0.54170821
vn 1.00000000 -5.5235523e-15 -1.3277110e-14
vn 1.00000000 -5.5235523e-15 -1.3277110e-14
vn -5.5105367e-16 0.84056660 0.54170821
vn 0.30901699 0.51519512 -0.79942635
vn 0.30901699 0.51519512 -0.79942635
vn -5.5105367e-16 0.84056660 0.54170821
vn -0.80901699 0.31840810 -0.49407265
vn -0.80901699 0.31840810 -0.49407265
vn -5.5105367e-16 0.84056660 0.54170821
vn -0.80901699 -0.31840810 0.49407265
vn -0.80901699 -0.31840810 0.49407265
vn 0.59898618 0.77947094 -0.18341375
vn 0.59898618 0.77947094 -0.18341375
vn 4.4550286e-15 0.84056660 0.54170821
vn 4.4550286e-15 0.84056660 0.54170821
vn 0.73330232 0.25511676 0.63022468
vn 0.73330232 0.25511676 0.63022468
vn 3.8185959e-15 0.84056660 0.54170821
vn 3.8185959e-15 0.84056660 0.54170821
vn -0.14578042 2.3883381e-2 0.98902864
vn -0.14578042 2.3883381e-2 0.98902864
vn 1.9092980e-15 0.84056660 0.54170821
vn 1.9092980e-15 0.84056660 0.54170821
vn -0.82339958 0.40532748 0.39714326
vn -0.82339958 0.40532748 0.39714326
vn -1.9092980e-15 0.84056660 0.54170821
vn -1.9092980e-15 0.84056660 0.54170821
vn -0.36310850 0.87230628 -0.32746599
vn -0.36310850 0.87230628 -0.32746599
vn -6.3643266e-16 0.84056660 0.54170821
vn -6.3643266e-16 0.84056660 0.54170821
vn -3.3626620e-16 -0.84056660 -0.54170821
vn 0.59898618 0.77947094 -0.18341375
vn 0.59898618 0.77947094 -0.18341375
vn -3.3626620e-16 -0.84056660 -0.54170821
vn 0.73330232 0.25511676 0.63022468
vn 0.73330232 0.25511676 0.63022468
vn -3.3626620e-16 -0.84056660 -0.54170821
vn -0.14578042 2.3883381e-2 0.98902864
vn -0.14578042 2.3883381e-2 0.98902864
vn -3.3626620e-16 -0.84056660 -0.54170821
vn -0.82339958 0.40532748 0.39714326
vn -0.82339958 0.40532748 0.39714326
vn -3.3626620e-16 -0.84056660 -0.54170821
vn -0.36310850 0.87230628 -0.32746599
vn -0.36310850 0.87230628 -0.32746599
vn 3.8185959e-15 0.84056660 0.54170821
vn 3.8185959e-15 0.84056660 0.54170821
vn 0.88212687 -0.25515100 0.39591686
vn 0.88212687 -0.25515100 0.39591686
vn 4.4550286e-15 0.84056660 0.54170821
vn 4.4550286e-15 0.84056660 0.54170821
vn 0.72055111 0.37562146 -0.58285042
vn 0.72055111 0.37562146 -0.58285042
vn -6.3643266e-16 0.84056660 0.54170821
vn -6.3643266e-16 0.84056660 0.54170821
vn -0.43680179 0.48729783 -0.75613823
vn -0.43680179 0.48729783 -0.75613823
vn -1.9092980e-15 0.84056660 0.54170821
vn -1.9092980e-15 0.84056660 0.54170821
vn -0.99050946 -7.4454839e-2 0.11553130
vn -0.99050946 -7.4454839e-2 0.11553130
vn 1.9092980e-15 0.84056660 0.54170821
vn 1.9092980e-15 0.84056660 0.54170821
vn -0.17536673 -0.53331346 0.82754049
vn -0.17536673 -0.53331346 0.82754049
vn 0.88212687 -0.25515100 0.39591686
vn 0.88212687 -0.25515100 0.39591686
vn -2.6443984e-15 -0.84056660 -0.54170821
vn -2.6443984e-15 -0.84056660 -0.54170821
vn 0.72055111 0.37562146 -0.58285042
vn 0.72055111 0.37562146 -0.58285042
vn -8.1366104e-16 -0.84056660 -0.54170821
vn -8.1366104e-16 -0.84056660 -0.54170821
vn -0.43680179 0.48729783 -0.75613823
vn -0.43680179 0.48729783 -0.75613823
vn -1.6763294e-29 -0.84056660 -0.54170821
vn -1.6763294e-29 -0.84056660 -0.54170821
vn -0.99050946 -7.4454839e-2 0.11553130
vn -0.99050946 -7.4454839e-2 0.11553130
vn -8.1366104e-16 -0.84056660 -0.54170821
vn -8.1366104e-16 -0.84056660 -0.54170821
vn -0.17536673 -0.53331346 0.82754049
vn -0.17536673 -0.53331346 0.82754049
vn -1.0170763e-15 -0.84056660 -0.54170821
vn -1.0170763e-15 -0.84056660 -0.54170821
vn -2.6443984e-15 -0.84056660 -0.54170821
vn -2.6443984e-15 -0.84056660 -0.54170821
vn 0.88212687 -0.25515100 0.39591686
vn 0.88212687 -0.25515100 0.39591686
vn -8.1366104e-16 -0.84056660 -0.54170821
vn -8.1366104e-16 -0.84056660 -0.54170821
vn 0.72055111 0.37562146 -0.58285042
vn 0.72055111 0.37562146 -0.58285042
vn -1.6763294e-29 -0.84056660 -0.54170821
vn -1.6763294e-29 -0.84056660 -0.54170821
vn -0.43680179 0.48729783 -0.75613823
vn -0.43680179 0.48729783 -0.75613823
vn -8.1366104e-16 -0.84056660 -0.54170821
vn -8.1366104e-16 -0.84056660 -0.54170821
vn -0.99050946 -7.4454839e-2 0.11553130
vn -0.99050946 -7.4454839e-2 0.11553130
vn -1.0170763e-15 -0.84056660 -0.54170821
vn -1.0170763e-15 -0.84056660 -0.54170821
vn -0.17536673 -0.53331346 0.82754049
vn -0.17536673 -0.53331346 0.82754049
vn 5.5105367e-16 0.84056660 0.54170821
vn 0.88212687 -0.25515100 0.39591686
vn 0.88212687 -0.25515100 0.39591686
vn 5.5105367e-16 0.84056660 0.54170821
vn 0.72055111 0.37562146 -0.58285042
vn 0.72055111 0.37562146 -0.58285042
vn 5.5105367e-16 0.84056660 0.54170821
vn -0.43680179 0.48729783 -0.75613823
vn -0.43680179 0.48729783 -0.75613823
vn 5.5105367e-16 0.84056660 0.54170821
vn -0.99050946 -7.4454839e-2 0.11553130
vn -0.99050946 -7.4454839e-2 0.11553130
vn 5.5105367e-16 0.84056660 0.54170821
vn -0.17536673 -0.53331346 0.82754049
vn -0.17536673 -0.53331346 0.82754049
vn -4.1187921e-2 1.7457997e-2 0.99899889
vn -4.1187921e-2 1.7457997e-2 0.99899889
vn 1.5910816e-15 0.84056660 0.54170821
vn 1.5910816e-15 0.84056660 0.54170821
vn -0.80235952 0.34945638 0.48383823
vn -0.80235952 0.34945638 0.48383823
vn 1.5910816e-15 0.84056660 0.54170821
vn 1.5910816e-15 0.84056660 0.54170821
vn -0.45469753 0.84420142 -0.28385579
vn -0.45469753 0.84420142 -0.28385579
vn 1.2728653e-15 0.84056660 0.54170821
vn 1.2728653e-15 0.84056660 0.54170821
vn 0.52134099 0.81797229 -0.24315614
vn 0.52134099 0.81797229 -0.24315614
vn 7.8886091e-31 0.84056660 0.54170821
vn 7.8886091e-31 0.84056660 0.54170821
vn 0.77690399 0.30701675 0.54969165
vn 0.77690399 0.30701675 0.54969165
vn -1.2728653e-15 0.84056660 0.54170821
vn -1.2728653e-15 0.84056660 0.54170821
vn 1.0087986e-15 -0.84056660 -0.54170821
vn -4.1187921e-2 1.7457997e-2 0.99899889
vn -4.1187921e-2 1.7457997e-2 0.99899889
vn 1.0087986e-15 -0.84056660 -0.54170821
vn -0.80235952 0.34945638 0.48383823
vn -0.80235952 0.34945638 0.48383823
vn 1.0087986e-15 -0.84056660 -0.54170821
vn -0.45469753 0.84420142 -0.28385579
vn -0.45469753 0.84420142 -0.28385579
vn 1.0087986e-15 -0.84056660 -0.54170821
vn 0.52134099 0.81797229 -0.24315614
vn 0.52134099 0.81797229 -0.24315614
vn 1.0087986e-15 -0.84056660 -0.54170821
vn 0.77690399 0.30701675 0.54969165
vn 0.77690399 0.30701675 0.54969165
vn 1.5910816e-15 0.84056660 0.54170821
vn 1.5910816e-15 0.84056660 0.54170821
vn -0.96519930 -0.14166504 0.21982112
vn -0.96519930 -0.14166504 0.21982112
vn 1.5910816e-15 0.84056660 0.54170821
vn 1.5910816e-15 0.84056660 0.54170821
vn -4.9547056e-2 -0.54104288 0.83953421
vn -4.9547056e-2 -0.54104288 0.83953421
vn -1.2728653e-15 0.84056660 0.54170821
vn -1.2728653e-15 0.84056660 0.54170821
vn 0.93457754 -0.19271785 0.29903956
vn 0.93457754 -0.19271785 0.29903956
vn 7.8886091e-31 0.84056660 0.54170821
vn 7.8886091e-31 0.84056660 0.54170821
vn 0.62714774 0.42193670 -0.65471760
vn 0.62714774 0.42193670 -0.65471760
vn 1.2728653e-15 0.84056660 0.54170821
vn 1.2728653e-15 0.84056660 0.54170821
vn -0.54697892 0.45348907 -0.70367729
vn -0.54697892 0.45348907 -0.70367729
vn -0.96519930 -0.14166504 0.21982112
vn -0.96519930 -0.14166504 0.21982112
vn -8.1366104e-16 -0.84056660 -0.54170821
vn -8.1366104e-16 -0.84056660 -0.54170821
vn -4.9547056e-2 -0.54104288 0.83953421
vn -4.9547056e-2 -0.54104288 0.83953421
vn -3.0512289e-16 -0.84056660 -0.54170821
vn -3.0512289e-16 -0.84056660 -0.54170821
vn 0.93457754 -0.19271785 0.29903956
vn 0.93457754 -0.19271785 0.29903956
vn 1.3221992e-15 -0.84056660 -0.54170821
vn 1.3221992e-15 -0.84056660 -0.54170821
vn 0.62714774 0.42193670 -0.65471760
vn 0.62714774 0.42193670 -0.65471760
vn 3.2546441e-15 -0.84056660 -0.54170821
vn 3.2546441e-15 -0.84056660 -0.54170821
vn -0.54697892 0.45348907 -0.70367729
vn -0.54697892 0.45348907 -0.70367729
vn 8.1366104e-16 -0.84056660 -0.54170821
vn 8.1366104e-16 -0.84056660 -0.54170821
vn -8.1366104e-16 -0.84056660 -0.54170821
vn -8.1366104e-16 -0.84056660 -0.54170821
vn -0.96519930 -0.14166504 0.21982112
vn -0.96519930 -0.14166504 0.21982112
vn -3.0512289e-16 -0.84056660 -0.54170821
vn -3.0512289e-16 -0.84056660 -0.54170821
vn -4.9547056e-2 -0.54104288 0.83953421
vn -4.9547056e-2 -0.54104288 0.83953421
vn 1.3221992e-15 -0.84056660 -0.54170821
vn 1.3221992e-15 -0.84056660 -0.54170821
vn 0.93457754 -0.19271785 0.29903956
vn 0.93457754 -0.19271785 0.29903956
vn 3.2546441e-15 -0.84056660 -0.54170821
vn 3.2546441e-15 -0.84056660 -0.54170821
vn 0.62714774 0.42193670 -0.65471760
vn 0.62714774 0.42193670 -0.65471760
vn 8.1366104e-16 -0.84056660 -0.54170821
vn 8.1366104e-16 -0.84056660 -0.54170821
vn -0.54697892 0.45348907 -0.70367729
vn -0.54697892 0.45348907 -0.70367729
vn 0.0000000e+0 0.84056660 0.54170821
vn -0.96519930 -0.14166504 0.21982112
vn -0.96519930 -0.14166504 0.21982112
vn 0.0000000e+0 0.84056660 0.54170821
vn -4.9547056e-2 -0.54104288 0.83953421
vn -4.9547056e-2 -0.54104288 0.83953421
vn 0.0000000e+0 0.84056660 0.54170821
vn 0.93457754 -0.19271785 0.29903956
vn 0.93457754 -0.19271785 0.29903956
vn 0.0000000e+0 0.84056660 0.54170821
vn 0.62714774 0.42193670 -0.65471760
vn 0.62714774 0.42193670 -0.65471760
vn 0.0000000e+0 0.84056660 0.54170821
vn -0.54697892 0.45348907 -0.70367729
vn -0.54697892 0.45348907 -0.70367729
vn 0.59898618 0.77947094 -0.18341375
vn 0.59898618 0.77947094 -0.18341375
vn 4.4550286e-15 0.84056660 0.54170821
vn 4.4550286e-15 0.84056660 0.54170821
vn 0.73330232 0.25511676 0.63022468
vn 0.73330232 0.25511676 0.63022468
vn 3.8185959e-15 0.84056660 0.54170821
vn 3.8185959e-15 0.84056660 0.54170821
vn -0.14578042 2.3883381e-2 0.98902864
vn -0.14578042 2.3883381e-2 0.98902864
vn 1.9092980e-15 0.84056660 0.54170821
vn 1.9092980e-15 0.84056660 0.54170821
vn -0.82339958 0.40532748 0.39714326
vn -0.82339958 0.40532748 0.39714326
vn -1.9092980e-15 0.84056660 0.54170821
vn -1.9092980e-15 0.84056660 0.54170821
vn -0.36310850 0.87230628 -0.32746599
vn -0.36310850 0.87230628 -0.32746599
vn -6.3643266e-16 0.84056660 0.54170821
vn -6.3643266e-16 0.84056660 0.54170821
vn -3.3626620e-16 -0.84056660 -0.54170821
vn 0.59898618 0.77947094 -0.18341375
vn 0.59898618 0.77947094 -0.18341375
vn -3.3626620e-16 -0.84056660 -0.54170821
vn 0.73330232 0.25511676 0.63022468
vn 0.73330232 0.25511676 0.63022468
vn -3.3626620e-16 -0.84056660 -0.54170821
vn -0.14578042 2.3883381e-2 0.98902864
vn -0.14578042 2.3883381e-2 0.98902864
vn -3.3626620e-16 -0.84056660 -0.54170821
vn -0.82339958 0.40532748 0.39714326
vn -0.82339958 0.40532748 0.39714326
vn -3.3626620e-16 -0.84056660 -0.54170821
vn -0.36310850 0.87230628 -0.32746599
vn -0.36310850 0.87230628 -0.32746599
vn 3.8185959e-15 0.84056660 0.54170821
vn 3.8185959e-15 0.84056660 0.54170821
vn 0.88212687 -0.25515100 0.39591686
vn 0.88212687 -0.25515100 0.39591686
vn 4.4550286e-15 0.84056660 0.54170821
vn 4.4550286e-15 0.84056660 0.54170821
vn 0.72055111 0.37562146 -0.58285042
vn 0.72055111 0.37562146 -0.58285042
vn -6.3643266e-16 0.84056660 0.54170821
vn -6.3643266e-16 0.84056660 0.54170821
vn -0.43680179 0.48729783 -0.75613823
vn -0.43680179 0.48729783 -0.75613823
vn -1.9092980e-15 0.84056660 0.54170821
vn -1.9092980e-15 0.84056660 0.54170821
vn -0.99050946 -7.4454839e-2 0.11553130
vn -0.99050946 -7.4454839e-2 0.11553130
vn 1.9092980e-15 0.84056660 0.54170821
vn 1.9092980e-15 0.84056660 0.54170821
vn -0.17536673 -0.53331346 0.82754049
vn -0.17536673 -0.53331346 0.82754049
vn 0.88212687 -0.25515100 0.39591686
vn 0.88212687 -0.25515100 0.39591686
vn -2.6443984e-15 -0.84056660 -0.54170821
vn -2.6443984e-15 -0.84056660 -0.54170821
vn 0.72055111 0.37562146 -0.58285042
vn 0.72055111 0.37562146 -0.58285042
vn -8.1366104e-16 -0.84056660 -0.54170821
vn -8.1366104e-16 -0.84056660 -0.54170821
vn -0.43680179 0.48729783 -0.75613823
vn -0.43680179 0.48729783 -0.75613823
vn 1.3410635e-29 -0.84056660 -0.54170821
vn 1.3410635e-29 -0.84056660 -0.54170821
vn -0.99050946 -7.4454839e-2 0.11553130
vn -0.99050946 -7.4454839e-2 0.11553130
vn -8.1366104e-16 -0.84056660 -0.54170821
vn -8.1366104e-16 -0.84056660 -0.54170821
vn -0.17536673 -0.53331346 0.82754049
vn -0.17536673 -0.53331346 0.82754049
vn -1.0170763e-15 -0.84056660 -0.54170821
vn -1.0170763e-15 -0.84056660 -0.54170821
vn -2.6443984e-15 -0.84056660 -0.54170821
vn -2.6443984e-15 -0.84056660 -0.54170821
vn 0.88212687 -0.25515100 0.39591686
vn 0.88212687 -0.25515100 0.39591686
vn -8.1366104e-16 -0.84056660 -0.54170821
vn -8.1366104e-16 -0.84056660 -0.54170821
vn 0.72055111 0.37562146 -0.58285042
vn 0.72055111 0.37562146 -0.58285042
vn 1.3410635e-29 -0.84056660 -0.54170821
vn 1.3410635e-29 -0.84056660 -0.54170821
vn -0.43680179 0.48729783 -0.75613823
vn -0.43680179 0.48729783 -0.75613823
vn -8.1366104e-16 -0.84056660 -0.54170821
vn -8.1366104e-16 -0.84056660 -0.54170821
vn -0.99050946 -7.4454839e-2 0.11553130
vn -0.99050946 -7.4454839e-2 0.11553130
vn -1.0170763e-15 -0.84056660 -0.54170821
vn -1.0170763e-15 -0.84056660 -0.54170821
vn -0.17536673 -0.53331346 0.82754049
vn -0.17536673 -0.53331346 0.82754049
vn 5.5105367e-16 0.84056660 0.54170821
vn 0.88212687 -0.25515100 0.39591686
vn 0.88212687 -0.25515100 0.39591686
vn 5.5105367e-16 0.84056660 0.54170821
vn 0.72055111 0.37562146 -0.58285042
vn 0.72055111 0.37562146 -0.58285042
vn 5.5105367e-16 0.84056660 0.54170821
vn -0.43680179 0.48729783 -0.75613823
vn -0.43680179 0.48729783 -0.75613823
vn 5.5105367e-16 0.84056660 0.54170821
vn -0.99050946 -7.4454839e-2 0.11553130
vn -0.99050946 -7.4454839e-2 0.11553130
vn 5.5105367e-16 0.84056660 0.54170821
vn -0.17536673 -0.53331346 0.82754049
vn -0.17536673 -0.53331346 0.82754049
vn 7.0647571e-17 1.00000000 3.6460929e-16
vn 0.0000000e+0 0.0000000e+0 1.00000000
vn -1.00000000 0.0000000e+0 0.0000000e+0
vn 7.0647571e-17 1.00000000 3.6460929e-16
vn 0.0000000e+0 0.0000000e+0 -1.00000000
vn -1.00000000 0.0000000e+0 0.0000000e+0
vn 7.0647571e-17 1.00000000 3.6460929e-16
vn 1.00000000 0.0000000e+0 0.0000000e+0
vn 0.0000000e+0 0.0000000e+0 -1.00000000
vn 7.0647571e-17 1.00000000 3.6460929e-16
vn 1.00000000 0.0000000e+0 0.0000000e+0
vn 0.0000000e+0 0.0000000e+0 1.00000000
vn 0.0000000e+0 0.0000000e+0 1.00000000
vn -1.00000000 0.0000000e+0 0.0000000e+0
vn 0.0000000e+0 0.0000000e+0 -1.00000000
vn -1.00000000 0.0000000e+0 0.0000000e+0
vn 1.00000000 0.0000000e+0 0.0000000e+0
vn 0.0000000e+0 0.0000000e+0 -1.00000000
vn 1.00000000 0.0000000e+0 0.0000000e+0
vn 0.0000000e+0 0.0000000e+0 1.00000000
vn 0.0000000e+0 1.00000000 6.8435260e-16
vn 0.13675301 2.0918155e-15 0.99060518
vn 0.13675301 2.0918155e-15 0.99060518
vn 0.0000000e+0 1.00000000 6.8435260e-16
vn 0.92626575 2.0918155e-15 0.37687101
vn 0.92626575 2.0918155e-15 0.37687101
vn 0.0000000e+0 1.00000000 6.8435260e-16
vn 0.78951274 0.0000000e+0 -0.61373417
vn 0.78951274 0.0000000e+0 -0.61373417
vn 0.0000000e+0 1.00000000 6.8435260e-16
vn -0.13675301 2.0918155e-15 -0.99060518
vn -0.13675301 2.0918155e-15 -0.99060518
vn 0.0000000e+0 1.00000000 6.8435260e-16
vn -0.92626575 1.5688616e-15 -0.37687101
vn -0.92626575 1.5688616e-15 -0.37687101
vn 0.0000000e+0 1.00000000 6.8435260e-16
vn -0.78951274 -5.2295387e-16 0.61373417
vn -0.78951274 -5.2295387e-16 0.61373417
vn 0.13675301 2.0918155e-15 0.99060518
vn 0.13675301 2.0918155e-15 0.99060518
vn 0.92626575 2.0918155e-15 0.37687101
vn 0.92626575 2.0918155e-15 0.37687101
vn 0.78951274 0.0000000e+0 -0.61373417
vn 0.78951274 0.0000000e+0 -0.61373417
vn -0.13675301 2.0918155e-15 -0.99060518
vn -0.13675301 2.0918155e-15 -0.99060518
vn -0.92626575 1.5688616e-15 -0.37687101
vn -0.92626575 1.5688616e-15 -0.37687101
vn -0.78951274 -5.2295387e-16 0.61373417
vn -0.78951274 -5.2295387e-16 0.61373417
vn 1.00000000 -4.5063628e-16 -4.4688098e-15
vn 1.00000000 -4.5063628e-16 -4.4688098e-15
vn 0.82421603 -0.15437582 0.54482662
vn 0.82421603 -0.15437582 0.54482662
vn 0.70710678 0.68032362 0.19276870
vn 0.70710678 0.68032362 0.19276870
vn 0.58280874 0.40635781 0.70370967
vn 0.58280874 0.40635781 0.70370967
vn -3.0042419e-17 0.96212289 0.27261611
vn -3.0042419e-17 0.96212289 0.27261611
vn -1.3784409e-15 0.63862128 0.76952119
vn -1.3784409e-15 0.63862128 0.76952119
vn -0.70710678 0.68032362 0.19276870
vn -0.70710678 0.68032362 0.19276870
vn -0.58280874 0.40635781 0.70370967
vn -0.58280874 0.40635781 0.70370967
vn -1.00000000 -2.4033935e-16 1.2768028e-16
vn -1.00000000 -2.4033935e-16 1.2768028e-16
vn -0.82421603 -0.15437582 0.54482662
vn -0.82421603 -0.15437582 0.54482662
vn -0.70710678 -0.68032362 -0.19276870
vn -0.70710678 -0.68032362 -0.19276870
vn -0.58280874 -0.71510945 0.38594357
vn -0.58280874 -0.71510945 0.38594357
vn 9.0127256e-17 -0.96212289 -0.27261611
vn 9.0127256e-17 -0.96212289 -0.27261611
vn -2.0236685e-15 -0.94737293 0.32013206
vn -2.0236685e-15 -0.94737293 0.32013206
vn 0.70710678 -0.68032362 -0.19276870
vn 0.70710678 -0.68032362 -0.19276870
vn 0.58280874 -0.71510945 0.38594357
vn 0.58280874 -0.71510945 0.38594357
vn 1.00000000 -4.5063628e-16 -4.4688098e-15
vn 1.00000000 -4.5063628e-16 -4.4688098e-15
vn 0.70710678 0.68032362 0.19276870
vn 0.70710678 0.68032362 0.19276870
vn -3.0042419e-17 0.96212289 0.27261611
vn -3.0042419e-17 0.96212289 0.27261611
vn -0.70710678 0.68032362 0.19276870
vn -0.70710678 0.68032362 0.19276870
vn -1.00000000 -2.4033935e-16 1.2768028e-16
vn -1.00000000 -2.4033935e-16 1.2768028e-16
vn -0.70710678 -0.68032362 -0.19276870
vn -0.70710678 -0.68032362 -0.19276870
vn 9.0127256e-17 -0.96212289 -0.27261611
vn 9.0127256e-17 -0.96212289 -0.27261611
vn 0.70710678 -0.68032362 -0.19276870
vn 0.70710678 -0.68032362 -0.19276870
vn -3.7660118e-16 0.27261611 -0.96212289
vn 1.00000000 7.7559495e-15 -2.0703898e-14
vn 1.00000000 7.7559495e-15 -2.0703898e-14
vn -3.7660118e-16 0.27261611 -0.96212289
vn 0.50000000 -0.83322287 -0.23609247
vn 0.50000000 -0.83322287 -0.23609247
vn -3.7660118e-16 0.27261611 -0.96212289
vn -0.50000000 -0.83322287 -0.23609247
vn -0.50000000 -0.83322287 -0.23609247
vn -3.7660118e-16 0.27261611 -0.96212289
vn -1.00000000 -2.6280490e-15 9.1340728e-15
vn -1.00000000 -2.6280490e-15 9.1340728e-15
vn -3.7660118e-16 0.27261611 -0.96212289
vn -0.50000000 0.83322287 0.23609247
vn -0.50000000 0.83322287 0.23609247
vn -3.7660118e-16 0.27261611 -0.96212289
vn 0.50000000 0.83322287 0.23609247
vn 0.50000000 0.83322287 0.23609247
vn 1.00000000 7.7559495e-15 -2.0703898e-14
vn 1.00000000 7.7559495e-15 -2.0703898e-14
vn 0.50000000 -0.83322287 -0.23609247
vn 0.50000000 -0.83322287 -0.23609247
vn -0.50000000 -0.83322287 -0.23609247
vn -0.50000000 -0.83322287 -0.23609247
vn -1.00000000 -2.6280490e-15 9.1340728e-15
vn -1.00000000 -2.6280490e-15 9.1340728e-15
vn -0.50000000 0.83322287 0.23609247
vn -0.50000000 0.83322287 0.23609247
vn 0.50000000 0.83322287 0.23609247
vn 0.50000000 0.83322287 0.23609247
vn 0.0000000e+0 0.27261611 -0.96212289
vn 0.58041874 0.78347415 0.22199625
vn 0.58041874 0.78347415 0.22199625
vn 0.0000000e+0 0.27261611 -0.96212289
vn 0.99542959 -9.1881089e-2 -2.6034372e-2
vn 0.99542959 -9.1881089e-2 -2.6034372e-2
vn 0.0000000e+0 0.27261611 -0.96212289
vn 0.41501085 -0.87535524 -0.24803062
vn 0.41501085 -0.87535524 -0.24803062
vn 0.0000000e+0 0.27261611 -0.96212289
vn -0.58041874 -0.78347415 -0.22199625
vn -0.58041874 -0.78347415 -0.22199625
vn 0.0000000e+0 0.27261611 -0.96212289
vn -0.99542959 9.1881089e-2 2.6034372e-2
vn -0.99542959 9.1881089e-2 2.6034372e-2
vn 0.0000000e+0 0.27261611 -0.96212289
vn -0.41501085 0.87535524 0.24803062
vn -0.41501085 0.87535524 0.24803062
vn 0.58041874 0.78347415 0.22199625
vn 0.58041874 0.78347415 0.22199625
vn 0.99542959 -9.1881089e-2 -2.6034372e-2
vn 0.99542959 -9.1881089e-2 -2.6034372e-2
vn 0.41501085 -0.87535524 -0.24803062
vn 0.41501085 -0.87535524 -0.24803062
vn -0.58041874 -0.78347415 -0.22199625
vn -0.58041874 -0.78347415 -0.22199625
vn -0.99542959 9.1881089e-2 2.6034372e-2
vn -0.99542959 9.1881089e-2 2.6034372e-2
vn -0.41501085 0.87535524 0.24803062
vn -0.41501085 0.87535524 0.24803062
vn 2.0323623e-15 0.27261611 -0.96212289
vn 0.61549477 -0.45798015 -0.64142059
vn 0.61549477 -0.45798015 -0.64142059
vn 2.0323623e-15 0.27261611 -0.96212289
vn -0.22528672 -0.67473366 -0.70283738
vn -0.22528672 -0.67473366 -0.70283738
vn 2.0323623e-15 0.27261611 -0.96212289
vn -0.84078149 -8.2552053e-2 -0.53504359
vn -0.84078149 -8.2552053e-2 -0.53504359
vn 2.0323623e-15 0.27261611 -0.96212289
vn -0.61549477 0.72638307 -0.30583301
vn -0.61549477 0.72638307 -0.30583301
vn 2.0323623e-15 0.27261611 -0.96212289
vn 0.22528672 0.94313658 -0.24441622
vn 0.22528672 0.94313658 -0.24441622
vn 2.0323623e-15 0.27261611 -0.96212289
vn 0.84078149 0.35095497 -0.41221001
vn 0.84078149 0.35095497 -0.41221001
vn 0.61549477 -0.45798015 -0.64142059
vn 0.61549477 -0.45798015 -0.64142059
vn -0.22528672 -0.67473366 -0.70283738
vn -0.22528672 -0.67473366 -0.70283738
vn -0.84078149 -8.2552053e-2 -0.53504359
vn -0.84078149 -8.2552053e-2 -0.53504359
vn -0.61549477 0.72638307 -0.30583301
vn -0.61549477 0.72638307 -0.30583301
vn 0.22528672 0.94313658 -0.24441622
vn 0.22528672 0.94313658 -0.24441622
vn 0.84078149 0.35095497 -0.41221001
vn 0.84078149 0.35095497 -0.41221001
vn -3.0485434e-15 0.27261611 -0.96212289
vn 0.85845327 0.27271240 -0.43437993
vn 0.85845327 0.27271240 -0.43437993
vn -3.0485434e-15 0.27261611 -0.96212289
vn 0.55390301 -0.51182597 -0.65667772
vn 0.55390301 -0.51182597 -0.65667772
vn -3.0485434e-15 0.27261611 -0.96212289
vn -0.30455026 -0.65033691 -0.69592460
vn -0.30455026 -0.65033691 -0.69592460
vn -3.0485434e-15 0.27261611 -0.96212289
vn -0.85845327 -4.3094829e-3 -0.51287367
vn -0.85845327 -4.3094829e-3 -0.51287367
vn -3.0485434e-15 0.27261611 -0.96212289
vn -0.55390301 0.78022888 -0.29057588
vn -0.55390301 0.78022888 -0.29057588
vn -3.0485434e-15 0.27261611 -0.96212289
vn 0.30455026 0.91873983 -0.25132901
vn 0.30455026 0.91873983 -0.25132901
vn 0.85845327 0.27271240 -0.43437993
vn 0.85845327 0.27271240 -0.43437993
vn 0.55390301 -0.51182597 -0.65667772
vn 0.55390301 -0.51182597 -0.65667772
vn -0.30455026 -0.65033691 -0.69592460
vn -0.30455026 -0.65033691 -0.69592460
vn -0.85845327 -4.3094829e-3 -0.51287367
vn -0.85845327 -4.3094829e-3 -0.51287367
vn -0.55390301 0.78022888 -0.29057588
vn -0.55390301 0.78022888 -0.29057588
vn 0.30455026 0.91873983 -0.25132901
vn 0.30455026 0.91873983 -0.25132901
vn 0.0000000e+0 0.27261611 -0.96212289
vn 3.1979000e-16 0.96212289 0.27261611
vn -1.00000000 0.0000000e+0 0.0000000e+0
vn 0.0000000e+0 0.27261611 -0.96212289
vn 0.0000000e+0 -0.96212289 -0.27261611
vn -1.00000000 0.0000000e+0 0.0000000e+0
vn 0.0000000e+0 0.27261611 -0.96212289
vn 1.00000000 0.0000000e+0 1.1170265e-15
vn 0.0000000e+0 -0.96212289 -0.27261611
vn 0.0000000e+0 0.27261611 -0.96212289
vn 1.00000000 0.0000000e+0 1.1170265e-15
vn 3.1979000e-16 0.96212289 0.27261611
vn 3.1979000e-16 0.96212289 0.27261611
vn -2.7581888e-17 -0.27261611 0.96212289
vn -1.00000000 0.0000000e+0 0.0000000e+0
vn 0.0000000e+0 -0.96212289 -0.27261611
vn -2.7581888e-17 -0.27261611 0.96212289
vn -1.00000000 0.0000000e+0 0.0000000e+0
vn 1.00000000 0.0000000e+0 1.1170265e-15
vn 0.0000000e+0 -0.96212289 -0.27261611
vn -2.7581888e-17 -0.27261611 0.96212289
vn 1.00000000 0.0000000e+0 1.1170265e-15
vn 3.1979000e-16 0.96212289 0.27261611
vn -2.7581888e-17 -0.27261611 0.96212289
vn 0.0000000e+0 -0.27261611 0.96212289
vn -1.00000000 1.9229627e-15 5.4483943e-16
vn -1.00000000 1.9229627e-15 5.4483943e-16
vn 0.0000000e+0 -0.27261611 0.96212289
vn -0.50000000 -0.83322287 -0.23609247
vn -0.50000000 -0.83322287 -0.23609247
vn 0.0000000e+0 -0.27261611 0.96212289
vn 0.50000000 -0.83322287 -0.23609247
vn 0.50000000 -0.83322287 -0.23609247
vn 0.0000000e+0 -0.27261611 0.96212289
vn 1.00000000 2.3075552e-15 6.5701225e-16
vn 1.00000000 2.3075552e-15 6.5701225e-16
vn 0.0000000e+0 -0.27261611 0.96212289
vn 0.50000000 0.83322287 0.23609247
vn 0.50000000 0.83322287 0.23609247
vn 0.0000000e+0 -0.27261611 0.96212289
vn -0.50000000 0.83322287 0.23609247
vn -0.50000000 0.83322287 0.23609247
vn -1.00000000 1.9229627e-15 5.4483943e-16
vn -1.00000000 1.9229627e-15 5.4483943e-16
vn -0.50000000 -0.83322287 -0.23609247
vn -0.50000000 -0.83322287 -0.23609247
vn 0.50000000 -0.83322287 -0.23609247
vn 0.50000000 -0.83322287 -0.23609247
vn 1.00000000 2.3075552e-15 6.5701225e-16
vn 1.00000000 2.3075552e-15 6.5701225e-16
vn 0.50000000 0.83322287 0.23609247
vn 0.50000000 0.83322287 0.23609247
vn -0.50000000 0.83322287 0.23609247
vn -0.50000000 0.83322287 0.23609247
vn 0.0000000e+0 -0.27261611 0.96212289
vn -1.00000000 2.3075552e-15 6.5701225e-16
vn -1.00000000 2.3075552e-15 6.5701225e-16
vn 0.0000000e+0 -0.27261611 0.96212289
vn -0.50000000 -0.83322287 -0.23609247
vn -0.50000000 -0.83322287 -0.23609247
vn 0.0000000e+0 -0.27261611 0.96212289
vn 0.50000000 -0.83322287 -0.23609247
vn 0.50000000 -0.83322287 -0.23609247
vn 0.0000000e+0 -0.27261611 0.96212289
vn 1.00000000 3.1408391e-15 1.8107899e-15
vn 1.00000000 3.1408391e-15 1.8107899e-15
vn 0.0000000e+0 -0.27261611 0.96212289
vn 0.50000000 0.83322287 0.23609247
vn 0.50000000 0.83322287 0.23609247
vn 0.0000000e+0 -0.27261611 0.96212289
vn -0.50000000 0.83322287 0.23609247
vn -0.50000000 0.83322287 0.23609247
vn -1.00000000 2.3075552e-15 6.5701225e-16
vn -1.00000000 2.3075552e-15 6.5701225e-16
vn -0.50000000 -0.83322287 -0.23609247
vn -0.50000000 -0.83322287 -0.23609247
vn 0.50000000 -0.83322287 -0.23609247
vn 0.50000000 -0.83322287 -0.23609247
vn 1.00000000 3.1408391e-15 1.8107899e-15
vn 1.00000000 3.1408391e-15 1.8107899e-15
vn 0.50000000 0.83322287 0.23609247
vn 0.50000000 0.83322287 0.23609247
vn -0.50000000 0.83322287 0.23609247
vn -0.50000000 0.83322287 0.23609247
vn 0.0000000e+0 1.00000000 -1.7108815e-16
vn 0.89352818 -5.2295387e-16 0.44900713
vn 0.89352818 -5.2295387e-16 0.44900713
vn 0.0000000e+0 1.00000000 -1.7108815e-16
vn 0.83561567 0.0000000e+0 -0.54931454
vn 0.83561567 0.0000000e+0 -0.54931454
vn 0.0000000e+0 1.00000000 -1.7108815e-16
vn -5.7912510e-2 -2.6147694e-16 -0.99832166
vn -5.7912510e-2 -2.6147694e-16 -0.99832166
vn 0.0000000e+0 1.00000000 -1.7108815e-16
vn -0.89352818 -2.6147694e-16 -0.44900713
vn -0.89352818 -2.6147694e-16 -0.44900713
vn 0.0000000e+0 1.00000000 -1.7108815e-16
vn -0.83561567 0.0000000e+0 0.54931454
vn -0.83561567 0.0000000e+0 0.54931454
vn 0.0000000e+0 1.00000000 -1.7108815e-16
vn 5.7912510e-2 -5.2295387e-16 0.99832166
vn 5.7912510e-2 -5.2295387e-16 0.99832166
vn 0.89352818 -5.2295387e-16 0.44900713
vn 0.89352818 -5.2295387e-16 0.44900713
vn 0.83561567 0.0000000e+0 -0.54931454
vn 0.83561567 0.0000000e+0 -0.54931454
vn -5.7912510e-2 -2.6147694e-16 -0.99832166
vn -5.7912510e-2 -2.6147694e-16 -0.99832166
vn -0.89352818 -2.6147694e-16 -0.44900713
vn -0.89352818 -2.6147694e-16 -0.44900713
vn -0.83561567 0.0000000e+0 0.54931454
vn -0.83561567 0.0000000e+0 0.54931454
vn 5.7912510e-2 -5.2295387e-16 0.99832166
vn 5.7912510e-2 -5.2295387e-16 0.99832166
vn 0.0000000e+0 1.00000000 1.1976171e-15
vn 0.89352818 -5.2295387e-16 0.44900713
vn 0.89352818 -5.2295387e-16 0.44900713
vn 0.0000000e+0 1.00000000 1.1976171e-15
vn 0.83561567 5.2295387e-16 -0.54931454
vn 0.83561567 5.2295387e-16 -0.54931454
vn 0.0000000e+0 1.00000000 1.1976171e-15
vn -5.7912510e-2 2.6147694e-16 -0.99832166
vn -5.7912510e-2 2.6147694e-16 -0.99832166
vn 0.0000000e+0 1.00000000 1.1976171e-15
vn -0.89352818 -2.6147694e-16 -0.44900713
vn -0.89352818 -2.6147694e-16 -0.44900713
vn 0.0000000e+0 1.00000000 1.1976171e-15
vn -0.83561567 0.0000000e+0 0.54931454
vn -0.83561567 0.0000000e+0 0.54931454
vn 0.0000000e+0 1.00000000 1.1976171e-15
vn 5.7912510e-2 -5.2295387e-16 0.99832166
vn 5.7912510e-2 -5.2295387e-16 0.99832166
vn 0.89352818 -5.2295387e-16 0.44900713
vn 0.89352818 -5.2295387e-16 0.44900713
vn 0.83561567 5.2295387e-16 -0.54931454
vn 0.83561567 5.2295387e-16 -0.54931454
vn -5.7912510e-2 2.6147694e-16 -0.99832166
vn -5.7912510e-2 2.6147694e-16 -0.99832166
vn -0.89352818 -2.6147694e-16 -0.44900713
vn -0.89352818 -2.6147694e-16 -0.44900713
vn -0.83561567 0.0000000e+0 0.54931454
vn -0.83561567 0.0000000e+0 0.54931454
vn 5.7912510e-2 -5.2295387e-16 0.99832166
vn 5.7912510e-2 -5.2295387e-16 0.99832166
vn 0.0000000e+0 1.00000000 0.0000000e+0
vn 0.61549477 0.49227267 -0.61549477
vn 0.61549477 0.49227267 -0.61549477
vn 0.0000000e+0 1.00000000 0.0000000e+0
vn -0.22528672 0.49227267 -0.84078149
vn -0.22528672 0.49227267 -0.84078149
vn 0.0000000e+0 1.00000000 0.0000000e+0
vn -0.84078149 0.49227267 -0.22528672
vn -0.84078149 0.49227267 -0.22528672
vn 0.0000000e+0 1.00000000 0.0000000e+0
vn -0.61549477 0.49227267 0.61549477
vn -0.61549477 0.49227267 0.61549477
vn 0.0000000e+0 1.00000000 0.0000000e+0
vn 0.22528672 0.49227267 0.84078149
vn 0.22528672 0.49227267 0.84078149
vn 0.0000000e+0 1.00000000 0.0000000e+0
vn 0.84078149 0.49227267 0.22528672
vn 0.84078149 0.49227267 0.22528672
vn 0.61549477 0.49227267 -0.61549477
vn 0.61549477 0.49227267 -0.61549477
vn -0.22528672 0.49227267 -0.84078149
vn -0.22528672 0.49227267 -0.84078149
vn -0.84078149 0.49227267 -0.22528672
vn -0.84078149 0.49227267 -0.22528672
vn -0.61549477 0.49227267 0.61549477
vn -0.61549477 0.49227267 0.61549477
vn 0.22528672 0.49227267 0.84078149
vn 0.22528672 0.49227267 0.84078149
vn 0.84078149 0.49227267 0.22528672
vn 0.84078149 0.49227267 0.22528672
vn 0.0000000e+0 1.00000000 4.0647245e-15
vn 0.61549477 0.49227267 -0.61549477
vn 0.61549477 0.49227267 -0.61549477
vn 0.0000000e+0 1.00000000 4.0647245e-15
vn -0.22528672 0.49227267 -0.84078149
vn -0.22528672 0.49227267 -0.84078149
vn 0.0000000e+0 1.00000000 4.0647245e-15
vn -0.84078149 0.49227267 -0.22528672
vn -0.84078149 0.49227267 -0.22528672
vn 0.0000000e+0 1.00000000 4.0647245e-15
vn -0.61549477 0.49227267 0.61549477
vn -0.61549477 0.49227267 0.61549477
vn 0.0000000e+0 1.00000000 4.0647245e-15
vn 0.22528672 0.49227267 0.84078149
vn 0.22528672 0.49227267 0.84078149
vn 0.0000000e+0 1.00000000 4.0647245e-15
vn 0.84078149 0.49227267 0.22528672
vn 0.84078149 0.49227267 0.22528672
vn 0.61549477 0.49227267 -0.61549477
vn 0.61549477 0.49227267 -0.61549477
vn -0.22528672 0.49227267 -0.84078149
vn -0.22528672 0.49227267 -0.84078149
vn -0.84078149 0.49227267 -0.22528672
vn -0.84078149 0.49227267 -0.22528672
vn -0.61549477 0.49227267 0.61549477
vn -0.61549477 0.49227267 0.61549477
vn 0.22528672 0.49227267 0.84078149
vn 0.22528672 0.49227267 0.84078149
vn 0.84078149 0.49227267 0.22528672
vn 0.84078149 0.49227267 0.22528672
vn 0.0000000e+0 1.00000000 -7.5320237e-16
vn 1.00000000 2.4680271e-15 0.0000000e+0
vn 1.00000000 2.4680271e-15 0.0000000e+0
vn 0.0000000e+0 1.00000000 -7.5320237e-16
vn 0.50000000 1.2340135e-15 -0.86602540
vn 0.50000000 1.2340135e-15 -0.86602540
vn 0.0000000e+0 1.00000000 -7.5320237e-16
vn -0.50000000 -1.2340135e-15 -0.86602540
vn -0.50000000 -1.2340135e-15 -0.86602540
vn 0.0000000e+0 1.00000000 -7.5320237e-16
vn -1.00000000 -1.2340135e-15 0.0000000e+0
vn -1.00000000 -1.2340135e-15 0.0000000e+0
vn 0.0000000e+0 1.00000000 -7.5320237e-16
vn -0.50000000 0.0000000e+0 0.86602540
vn -0.50000000 0.0000000e+0 0.86602540
vn 0.0000000e+0 1.00000000 -7.5320237e-16
vn 0.50000000 1.2340135e-15 0.86602540
vn 0.50000000 1.2340135e-15 0.86602540
vn 1.00000000 2.4680271e-15 0.0000000e+0
vn 1.00000000 2.4680271e-15 0.0000000e+0
vn 0.50000000 1.2340135e-15 -0.86602540
vn 0.50000000 1.2340135e-15 -0.86602540
vn -0.50000000 -1.2340135e-15 -0.86602540
vn -0.50000000 -1.2340135e-15 -0.86602540
vn -1.00000000 -1.2340135e-15 0.0000000e+0
vn -1.00000000 -1.2340135e-15 0.0000000e+0
vn -0.50000000 0.0000000e+0 0.86602540
vn -0.50000000 0.0000000e+0 0.86602540
vn 0.50000000 1.2340135e-15 0.86602540
vn 0.50000000 1.2340135e-15 0.86602540
vn 0.0000000e+0 1.00000000 -7.5320237e-16
vn 1.00000000 1.2340135e-15 0.0000000e+0
vn 1.00000000 1.2340135e-15 0.0000000e+0
vn 0.0000000e+0 1.00000000 -7.5320237e-16
vn 0.50000000 0.0000000e+0 -0.86602540
vn 0.50000000 0.0000000e+0 -0.86602540
vn 0.0000000e+0 1.00000000 -7.5320237e-16
vn -0.50000000 -1.2340135e-15 -0.86602540
vn -0.50000000 -1.2340135e-15 -0.86602540
vn 0.0000000e+0 1.00000000 -7.5320237e-16
vn -1.00000000 -1.2340135e-15 0.0000000e+0
vn -1.00000000 -1.2340135e-15 0.0000000e+0
vn 0.0000000e+0 1.00000000 -7.5320237e-16
vn -0.50000000 0.0000000e+0 0.86602540
vn -0.50000000 0.0000000e+0 0.86602540
vn 0.0000000e+0 1.00000000 -7.5320237e-16
vn 0.50000000 1.2340135e-15 0.86602540
vn 0.50000000 1.2340135e-15 0.86602540
vn 1.00000000 1.2340135e-15 0.0000000e+0
vn 1.00000000 1.2340135e-15 0.0000000e+0
vn 0.50000000 0.0000000e+0 -0.86602540
vn 0.50000000 0.0000000e+0 -0.86602540
vn -0.50000000 -1.2340135e-15 -0.86602540
vn -0.50000000 -1.2340135e-15 -0.86602540
vn -1.00000000 -1.2340135e-15 0.0000000e+0
vn -1.00000000 -1.2340135e-15 0.0000000e+0
vn -0.50000000 0.0000000e+0 0.86602540
vn -0.50000000 0.0000000e+0 0.86602540
vn 0.50000000 1.2340135e-15 0.86602540
vn 0.50000000 1.2340135e-15 0.86602540
vn 1.00000000 0.0000000e+0 0.0000000e+0
vn 0.0000000e+0 -1.00000000 -1.4742714e-15
vn 0.0000000e+0 -1.00000000 -1.4742714e-15
vn 1.00000000 0.0000000e+0 0.0000000e+0
vn 0.0000000e+0 -0.50000000 -0.86602540
vn 0.0000000e+0 -0.50000000 -0.86602540
vn 1.00000000 0.0000000e+0 0.0000000e+0
vn -2.1111170e-16 0.50000000 -0.86602540
vn -2.1111170e-16 0.50000000 -0.86602540
vn 1.00000000 0.0000000e+0 0.0000000e+0
vn -4.2222340e-16 1.00000000 -1.5063208e-15
vn -4.2222340e-16 1.00000000 -1.5063208e-15
vn 1.00000000 0.0000000e+0 0.0000000e+0
vn -2.1111170e-16 0.50000000 0.86602540
vn -2.1111170e-16 0.50000000 0.86602540
vn 1.00000000 0.0000000e+0 0.0000000e+0
vn 0.0000000e+0 -0.50000000 0.86602540
vn 0.0000000e+0 -0.50000000 0.86602540
vn -1.00000000 0.0000000e+0 0.0000000e+0
vn 0.0000000e+0 -1.00000000 -1.4742714e-15
vn 0.0000000e+0 -1.00000000 -1.4742714e-15
vn -1.00000000 0.0000000e+0 0.0000000e+0
vn 0.0000000e+0 -0.50000000 -0.86602540
vn 0.0000000e+0 -0.50000000 -0.86602540
vn -1.00000000 0.0000000e+0 0.0000000e+0
vn -2.1111170e-16 0.50000000 -0.86602540
vn -2.1111170e-16 0.50000000 -0.86602540
vn -1.00000000 0.0000000e+0 0.0000000e+0
vn -4.2222340e-16 1.00000000 -1.5063208e-15
vn -4.2222340e-16 1.00000000 -1.5063208e-15
vn -1.00000000 0.0000000e+0 0.0000000e+0
vn -2.1111170e-16 0.50000000 0.86602540
vn -2.1111170e-16 0.50000000 0.86602540
vn -1.00000000 0.0000000e+0 0.0000000e+0
vn 0.0000000e+0 -0.50000000 0.86602540
vn 0.0000000e+0 -0.50000000 0.86602540
vn 1.00000000 0.0000000e+0 0.0000000e+0
vn 0.0000000e+0 -1.00000000 -1.4742714e-15
vn 0.0000000e+0 -1.00000000 -1.4742714e-15
vn 1.00000000 0.0000000e+0 0.0000000e+0
vn 0.0000000e+0 -0.50000000 -0.86602540
vn 0.0000000e+0 -0.50000000 -0.86602540
vn 1.00000000 0.0000000e+0 0.0000000e+0
vn -2.1111170e-16 0.50000000 -0.86602540
vn -2.1111170e-16 0.50000000 -0.86602540
vn 1.00000000 0.0000000e+0 0.0000000e+0
vn -4.2222340e-16 1.00000000 -1.5063208e-15
vn -4.2222340e-16 1.00000000 -1.5063208e-15
vn 1.00000000 0.0000000e+0 0.0000000e+0
vn -2.1111170e-16 0.50000000 0.86602540
vn -2.1111170e-16 0.50000000 0.86602540
vn 1.00000000 0.0000000e+0 0.0000000e+0
vn 0.0000000e+0 -0.50000000 0.86602540
vn 0.0000000e+0 -0.50000000 0.86602540
vn -1.00000000 0.0000000e+0 0.0000000e+0
vn 0.0000000e+0 -1.00000000 -1.4742714e-15
vn 0.0000000e+0 -1.00000000 -1.4742714e-15
vn -1.00000000 0.0000000e+0 0.0000000e+0
vn 0.0000000e+0 -0.50000000 -0.86602540
vn 0.0000000e+0 -0.50000000 -0.86602540
vn -1.00000000 0.0000000e+0 0.0000000e+0
vn -2.1111170e-16 0.50000000 -0.86602540
vn -2.1111170e-16 0.50000000 -0.86602540
vn -1.00000000 0.0000000e+0 0.0000000e+0
vn -4.2222340e-16 1.00000000 -1.5063208e-15
vn -4.2222340e-16 1.00000000 -1.5063208e-15
vn -1.00000000 0.0000000e+0 0.0000000e+0
vn -2.1111170e-16 0.50000000 0.86602540
vn -2.1111170e-16 0.50000000 0.86602540
vn -1.00000000 0.0000000e+0 0.0000000e+0
vn 0.0000000e+0 -0.50000000 0.86602540
vn 0.0000000e+0 -0.50000000 0.86602540
vn 0.0000000e+0 1.00000000 0.0000000e+0
vn 0.0000000e+0 0.0000000e+0 -1.00000000
vn -1.00000000 4.8597431e-15 0.0000000e+0
vn 0.0000000e+0 0.0000000e+0 1.00000000
vn -1.00000000 4.8597431e-15 0.0000000e+0
vn 0.0000000e+0 1.00000000 0.0000000e+0
vn 1.00000000 -4.8597431e-15 0.0000000e+0
vn 0.0000000e+0 0.0000000e+0 1.00000000
vn 0.0000000e+0 1.00000000 0.0000000e+0
vn 0.0000000e+0 1.00000000 0.0000000e+0
vn 1.00000000 -4.8597431e-15 0.0000000e+0
vn 0.0000000e+0 0.0000000e+0 -1.00000000
vn 0.0000000e+0 0.0000000e+0 -1.00000000
vn -1.00000000 4.8597431e-15 0.0000000e+0
vn 0.0000000e+0 0.0000000e+0 1.00000000
vn -1.00000000 4.8597431e-15 0.0000000e+0
vn 1.00000000 -4.8597431e-15 0.0000000e+0
vn 0.0000000e+0 0.0000000e+0 1.00000000
vn 1.00000000 -4.8597431e-15 0.0000000e+0
vn 0.0000000e+0 0.0000000e+0 -1.00000000
vn 0.0000000e+0 1.00000000 0.0000000e+0
vn -1.00000000 4.8597431e-15 0.0000000e+0
vn 0.0000000e+0 1.00000000 0.0000000e+0
vn 0.0000000e+0 1.00000000 0.0000000e+0
vn 1.00000000 -4.8597431e-15 0.0000000e+0
vn 0.0000000e+0 1.00000000 0.0000000e+0
vn -2.3140675e-2 9.1988517e-2 0.99549115
vn 0.0000000e+0 1.00000000 0.0000000e+0
vn -2.3140675e-2 9.1988517e-2 0.99549115
vn -1.00000000 0.0000000e+0 0.0000000e+0
vn -2.3140675e-2 9.1988517e-2 0.99549115
vn 2.3140675e-2 9.1988517e-2 0.99549115
vn 0.0000000e+0 1.00000000 0.0000000e+0
vn 1.00000000 0.0000000e+0 0.0000000e+0
vn 2.3140675e-2 9.1988517e-2 0.99549115
vn 2.3140675e-2 9.1988517e-2 0.99549115
vn 0.0000000e+0 1.00000000 0.0000000e+0
vn 0.0000000e+0 1.00000000 0.0000000e+0
vn -1.00000000 0.0000000e+0 0.0000000e+0
vn -3.4750928e-2 0.13814145 -0.98980266
vn -3.4750928e-2 0.13814145 -0.98980266
vn 0.0000000e+0 1.00000000 0.0000000e+0
vn 0.0000000e+0 1.00000000 0.0000000e+0
vn 1.00000000 0.0000000e+0 0.0000000e+0
vn 3.4750928e-2 0.13814145 -0.98980266
vn 3.4750928e-2 0.13814145 -0.98980266
vn 0.0000000e+0 1.00000000 0.0000000e+0
vn 1.00000000 0.0000000e+0 0.0000000e+0
vn 6.8793123e-2 0.27346555 -0.95941863
vn 0.0000000e+0 1.00000000 0.0000000e+0
vn 1.00000000 0.0000000e+0 0.0000000e+0
vn 6.8793123e-2 0.27346555 0.95941863
vn -6.8793123e-2 0.27346555 0.95941863
vn -1.00000000 0.0000000e+0 0.0000000e+0
vn 0.0000000e+0 1.00000000 0.0000000e+0
vn -1.00000000 0.0000000e+0 0.0000000e+0
vn 0.0000000e+0 1.00000000 0.0000000e+0
vn -6.8793123e-2 0.27346555 -0.95941863
vn -6.8793123e-2 0.27346555 0.95941863
vn 0.95703740 0.28996449 -2.2214413e-15
vn 0.0000000e+0 1.00000000 0.0000000e+0
vn 0.0000000e+0 1.00000000 0.0000000e+0
vn -0.95703740 0.28996449 0.0000000e+0
vn 6.8793123e-2 0.27346555 0.95941863
vn 0.0000000e+0 1.00000000 0.0000000e+0
vn -0.95703740 0.28996449 0.0000000e+0
vn 6.8793123e-2 0.27346555 -0.95941863
vn 0.95703740 0.28996449 -2.2214413e-15
vn 0.0000000e+0 1.00000000 0.0000000e+0
vn -6.8793123e-2 0.27346555 -0.95941863
vn -3.1777942e-16 0.18417439 0.98289358
vn 0.95703740 0.28996449 -2.2214413e-15
vn -0.95703740 0.28996449 0.0000000e+0
vn -3.1777942e-16 0.18417439 0.98289358
vn -3.1777942e-16 0.18417439 0.98289358
vn -3.2712588e-16 0.18417439 -0.98289358
vn 0.95703740 0.28996449 -2.2214413e-15
vn -0.95703740 0.28996449 0.0000000e+0
vn -3.2712588e-16 0.18417439 -0.98289358
vn -3.2712588e-16 0.18417439 -0.98289358
vn 0.0000000e+0 1.00000000 0.0000000e+0
vn 0.0000000e+0 0.0000000e+0 -1.00000000
vn -1.00000000 0.0000000e+0 0.0000000e+0
vn 0.0000000e+0 0.0000000e+0 1.00000000
vn -1.00000000 0.0000000e+0 0.0000000e+0
vn 0.0000000e+0 1.00000000 0.0000000e+0
vn 1.00000000 -9.7194863e-15 0.0000000e+0
vn 0.0000000e+0 0.0000000e+0 1.00000000
vn 0.0000000e+0 1.00000000 0.0000000e+0
vn 0.0000000e+0 1.00000000 0.0000000e+0
vn 1.00000000 -9.7194863e-15 0.0000000e+0
vn 0.0000000e+0 0.0000000e+0 -1.00000000
vn 0.0000000e+0 0.0000000e+0 -1.00000000
vn -1.00000000 0.0000000e+0 0.0000000e+0
vn 0.0000000e+0 0.0000000e+0 1.00000000
vn -1.00000000 0.0000000e+0 0.0000000e+0
vn 1.00000000 -9.7194863e-15 0.0000000e+0
vn 0.0000000e+0 0.0000000e+0 1.00000000
vn 1.00000000 -9.7194863e-15 0.0000000e+0
vn 0.0000000e+0 0.0000000e+0 -1.00000000
vn 0.0000000e+0 1.00000000 0.0000000e+0
vn -1.00000000 0.0000000e+0 0.0000000e+0
vn 0.0000000e+0 1.00000000 0.0000000e+0
vn 0.0000000e+0 1.00000000 0.0000000e+0
vn 1.00000000 -9.7194863e-15 0.0000000e+0
vn 0.0000000e+0 1.00000000 0.0000000e+0
vn -2.3140675e-2 9.1988517e-2 0.99549115
vn 0.0000000e+0 1.00000000 0.0000000e+0
vn -2.3140675e-2 9.1988517e-2 0.99549115
vn -1.00000000 0.0000000e+0 0.0000000e+0
vn -2.3140675e-2 9.1988517e-2 0.99549115
vn 2.3140675e-2 9.1988517e-2 0.99549115
vn 0.0000000e+0 1.00000000 0.0000000e+0
vn 1.00000000 0.0000000e+0 0.0000000e+0
vn 2.3140675e-2 9.1988517e-2 0.99549115
vn 2.3140675e-2 9.1988517e-2 0.99549115
vn 0.0000000e+0 1.00000000 0.0000000e+0
vn 0.0000000e+0 1.00000000 0.0000000e+0
vn -1.00000000 0.0000000e+0 0.0000000e+0
vn -3.4750928e-2 0.13814145 -0.98980266
vn -3.4750928e-2 0.13814145 -0.98980266
vn 0.0000000e+0 1.00000000 0.0000000e+0
vn 0.0000000e+0 1.00000000 0.0000000e+0
vn 1.00000000 0.0000000e+0 0.0000000e+0
vn 3.4750928e-2 0.13814145 -0.98980266
vn 3.4750928e-2 0.13814145 -0.98980266
vn 0.0000000e+0 1.00000000 0.0000000e+0
vn 1.00000000 0.0000000e+0 0.0000000e+0
vn 6.8793123e-2 0.27346555 -0.95941863
vn 0.0000000e+0 1.00000000 0.0000000e+0
vn 1.00000000 0.0000000e+0 0.0000000e+0
vn 6.8793123e-2 0.27346555 0.95941863
vn -6.8793123e-2 0.27346555 0.95941863
vn -1.00000000 0.0000000e+0 0.0000000e+0
vn 0.0000000e+0 1.00000000 0.0000000e+0
vn -1.00000000 0.0000000e+0 0.0000000e+0
vn 0.0000000e+0 1.00000000 0.0000000e+0
vn -6.8793123e-2 0.27346555 -0.95941863
vn -6.8793123e-2 0.27346555 0.95941863
vn 0.95703740 0.28996449 0.0000000e+0
vn 0.0000000e+0 1.00000000 0.0000000e+0
vn 0.0000000e+0 1.00000000 0.0000000e+0
vn -0.95703740 0.28996449 -2.2214413e-15
vn 6.8793123e-2 0.27346555 0.95941863
vn 0.0000000e+0 1.00000000 0.0000000e+0
vn -0.95703740 0.28996449 -2.2214413e-15
vn 6.8793123e-2 0.27346555 -0.95941863
vn 0.95703740 0.28996449 0.0000000e+0
vn 0.0000000e+0 1.00000000 0.0000000e+0
vn -6.8793123e-2 0.27346555 -0.95941863
vn -2.3366134e-17 0.18417439 0.98289358
vn 0.95703740 0.28996449 0.0000000e+0
vn -0.95703740 0.28996449 -2.2214413e-15
vn -2.3366134e-17 0.18417439 0.98289358
vn -2.3366134e-17 0.18417439 0.98289358
vn -2.3366134e-17 0.18417439 -0.98289358
vn 0.95703740 0.28996449 0.0000000e+0
vn -0.95703740 0.28996449 -2.2214413e-15
vn -2.3366134e-17 0.18417439 -0.98289358
vn -2.3366134e-17 0.18417439 -0.98289358
vn 0.0000000e+0 1.00000000 -1.3687052e-15
vn 0.48694527 -5.2295387e-16 0.87343248
vn 0.48694527 -5.2295387e-16 0.87343248
vn 0.0000000e+0 1.00000000 -1.3687052e-15
vn 0.99988735 2.6147694e-16 1.5009268e-2
vn 0.99988735 2.6147694e-16 1.5009268e-2
vn 0.0000000e+0 1.00000000 -1.3687052e-15
vn 0.51294208 7.8443081e-16 -0.85842322
vn 0.51294208 7.8443081e-16 -0.85842322
vn 0.0000000e+0 1.00000000 -1.3687052e-15
vn -0.48694527 5.2295387e-16 -0.87343248
vn -0.48694527 5.2295387e-16 -0.87343248
vn 0.0000000e+0 1.00000000 -1.3687052e-15
vn -0.99988735 0.0000000e+0 -1.5009268e-2
vn -0.99988735 0.0000000e+0 -1.5009268e-2
vn 0.0000000e+0 1.00000000 -1.3687052e-15
vn -0.51294208 -5.2295387e-16 0.85842322
vn -0.51294208 -5.2295387e-16 0.85842322
vn 0.48694527 -5.2295387e-16 0.87343248
vn 0.48694527 -5.2295387e-16 0.87343248
vn 0.99988735 2.6147694e-16 1.5009268e-2
vn 0.99988735 2.6147694e-16 1.5009268e-2
vn 0.51294208 7.8443081e-16 -0.85842322
vn 0.51294208 7.8443081e-16 -0.85842322
vn -0.48694527 5.2295387e-16 -0.87343248
vn -0.48694527 5.2295387e-16 -0.87343248
vn -0.99988735 0.0000000e+0 -1.5009268e-2
vn -0.99988735 0.0000000e+0 -1.5009268e-2
vn -0.51294208 -5.2295387e-16 0.85842322
vn -0.51294208 -5.2295387e-16 0.85842322
vn 0.0000000e+0 1.00000000 0.0000000e+0
vn 0.48694527 -5.2295387e-16 0.87343248
vn 0.48694527 -5.2295387e-16 0.87343248
vn 0.0000000e+0 1.00000000 0.0000000e+0
vn 0.99988735 -2.6147694e-16 1.5009268e-2
vn 0.99988735 -2.6147694e-16 1.5009268e-2
vn 0.0000000e+0 1.00000000 0.0000000e+0
vn 0.51294208 -2.6147694e-16 -0.85842322
vn 0.51294208 -2.6147694e-16 -0.85842322
vn 0.0000000e+0 1.00000000 0.0000000e+0
vn -0.48694527 -2.6147694e-16 -0.87343248
vn -0.48694527 -2.6147694e-16 -0.87343248
vn 0.0000000e+0 1.00000000 0.0000000e+0
vn -0.99988735 -4.1559726e-30 -1.5009268e-2
vn -0.99988735 -4.1559726e-30 -1.5009268e-2
vn 0.0000000e+0 1.00000000 0.0000000e+0
vn -0.51294208 -2.6147694e-16 0.85842322
vn -0.51294208 -2.6147694e-16 0.85842322
vn 0.48694527 -5.2295387e-16 0.87343248
vn 0.48694527 -5.2295387e-16 0.87343248
vn 0.99988735 -2.6147694e-16 1.5009268e-2
vn 0.99988735 -2.6147694e-16 1.5009268e-2
vn 0.51294208 -2.6147694e-16 -0.85842322
vn 0.51294208 -2.6147694e-16 -0.85842322
vn -0.48694527 -2.6147694e-16 -0.87343248
vn -0.48694527 -2.6147694e-16 -0.87343248
vn -0.99988735 -4.1559726e-30 -1.5009268e-2
vn -0.99988735 -4.1559726e-30 -1.5009268e-2
vn -0.51294208 -2.6147694e-16 0.85842322
vn -0.51294208 -2.6147694e-16 0.85842322
vn 0.0000000e+0 1.00000000 -6.8435260e-16
vn 0.97850899 -1.0459077e-15 -0.20620419
vn 0.97850899 -1.0459077e-15 -0.20620419
vn 0.0000000e+0 1.00000000 -6.8435260e-16
vn 0.31067643 -6.2754465e-15 -0.95051573
vn 0.31067643 -6.2754465e-15 -0.95051573
vn 0.0000000e+0 1.00000000 -6.8435260e-16
vn -0.66783256 -5.2295387e-15 -0.74431155
vn -0.66783256 -5.2295387e-15 -0.74431155
vn 0.0000000e+0 1.00000000 -6.8435260e-16
vn -0.97850899 -1.0459077e-15 0.20620419
vn -0.97850899 -1.0459077e-15 0.20620419
vn 0.0000000e+0 1.00000000 -6.8435260e-16
vn -0.31067643 4.1836310e-15 0.95051573
vn -0.31067643 4.1836310e-15 0.95051573
vn 0.0000000e+0 1.00000000 -6.8435260e-16
vn 0.66783256 5.2295387e-15 0.74431155
vn 0.66783256 5.2295387e-15 0.74431155
vn 0.97850899 -1.0459077e-15 -0.20620419
vn 0.97850899 -1.0459077e-15 -0.20620419
vn 0.31067643 -6.2754465e-15 -0.95051573
vn 0.31067643 -6.2754465e-15 -0.95051573
vn -0.66783256 -5.2295387e-15 -0.74431155
vn -0.66783256 -5.2295387e-15 -0.74431155
vn -0.97850899 -1.0459077e-15 0.20620419
vn -0.97850899 -1.0459077e-15 0.20620419
vn -0.31067643 4.1836310e-15 0.95051573
vn -0.31067643 4.1836310e-15 0.95051573
vn 0.66783256 5.2295387e-15 0.74431155
vn 0.66783256 5.2295387e-15 0.74431155
vn 0.0000000e+0 1.00000000 6.8435260e-16
vn 0.97850899 -2.0918155e-15 -0.20620419
vn 0.97850899 -2.0918155e-15 -0.20620419
vn 0.0000000e+0 1.00000000 6.8435260e-16
vn 0.31067643 -6.2754465e-15 -0.95051573
vn 0.31067643 -6.2754465e-15 -0.95051573
vn 0.0000000e+0 1.00000000 6.8435260e-16
vn -0.66783256 -4.1836310e-15 -0.74431155
vn -0.66783256 -4.1836310e-15 -0.74431155
vn 0.0000000e+0 1.00000000 6.8435260e-16
vn -0.97850899 -2.0918155e-15 0.20620419
vn -0.97850899 -2.0918155e-15 0.20620419
vn 0.0000000e+0 1.00000000 6.8435260e-16
vn -0.31067643 -6.2754465e-15 0.95051573
vn -0.31067643 -6.2754465e-15 0.95051573
vn 0.0000000e+0 1.00000000 6.8435260e-16
vn 0.66783256 -4.1836310e-15 0.74431155
vn 0.66783256 -4.1836310e-15 0.74431155
vn 0.97850899 -2.0918155e-15 -0.20620419
vn 0.97850899 -2.0918155e-15 -0.20620419
vn 0.31067643 -6.2754465e-15 -0.95051573
vn 0.31067643 -6.2754465e-15 -0.95051573
vn -0.66783256 -4.1836310e-15 -0.74431155
vn -0.66783256 -4.1836310e-15 -0.74431155
vn -0.97850899 -2.0918155e-15 0.20620419
vn -0.97850899 -2.0918155e-15 0.20620419
vn -0.31067643 -6.2754465e-15 0.95051573
vn -0.31067643 -6.2754465e-15 0.95051573
vn 0.66783256 -4.1836310e-15 0.74431155
vn 0.66783256 -4.1836310e-15 0.74431155
vn 0.0000000e+0 1.00000000 7.5320237e-16
vn 1.00000000 0.0000000e+0 0.0000000e+0
vn 1.00000000 0.0000000e+0 0.0000000e+0
vn 0.0000000e+0 1.00000000 7.5320237e-16
vn 0.50000000 0.0000000e+0 -0.86602540
vn 0.50000000 0.0000000e+0 -0.86602540
vn 0.0000000e+0 1.00000000 7.5320237e-16
vn -0.50000000 0.0000000e+0 -0.86602540
vn -0.50000000 0.0000000e+0 -0.86602540
vn 0.0000000e+0 1.00000000 7.5320237e-16
vn -1.00000000 0.0000000e+0 0.0000000e+0
vn -1.00000000 0.0000000e+0 0.0000000e+0
vn 0.0000000e+0 1.00000000 7.5320237e-16
vn -0.50000000 0.0000000e+0 0.86602540
vn -0.50000000 0.0000000e+0 0.86602540
vn 0.0000000e+0 1.00000000 7.5320237e-16
vn 0.50000000 0.0000000e+0 0.86602540
vn 0.50000000 0.0000000e+0 0.86602540
vn 1.00000000 0.0000000e+0 0.0000000e+0
vn 1.00000000 0.0000000e+0 0.0000000e+0
vn 0.50000000 0.0000000e+0 -0.86602540
vn 0.50000000 0.0000000e+0 -0.86602540
vn -0.50000000 0.0000000e+0 -0.86602540
vn -0.50000000 0.0000000e+0 -0.86602540
vn -1.00000000 0.0000000e+0 0.0000000e+0
vn -1.00000000 0.0000000e+0 0.0000000e+0
vn -0.50000000 0.0000000e+0 0.86602540
vn -0.50000000 0.0000000e+0 0.86602540
vn 0.50000000 0.0000000e+0 0.86602540
vn 0.50000000 0.0000000e+0 0.86602540
vn 0.0000000e+0 1.00000000 3.7660118e-16
vn 1.00000000 0.0000000e+0 3.7177279e-15
vn 1.00000000 0.0000000e+0 3.7177279e-15
vn 0.0000000e+0 1.00000000 3.7660118e-16
vn 0.50000000 0.0000000e+0 -0.86602540
vn 0.50000000 0.0000000e+0 -0.86602540
vn 0.0000000e+0 1.00000000 3.7660118e-16
vn -0.50000000 0.0000000e+0 -0.86602540
vn -0.50000000 0.0000000e+0 -0.86602540
vn 0.0000000e+0 1.00000000 3.7660118e-16
vn -1.00000000 0.0000000e+0 0.0000000e+0
vn -1.00000000 0.0000000e+0 0.0000000e+0
vn 0.0000000e+0 1.00000000 3.7660118e-16
vn -0.50000000 0.0000000e+0 0.86602540
vn -0.50000000 0.0000000e+0 0.86602540
vn 0.0000000e+0 1.00000000 3.7660118e-16
vn 0.50000000 0.0000000e+0 0.86602540
vn 0.50000000 0.0000000e+0 0.86602540
vn 1.00000000 0.0000000e+0 3.7177279e-15
vn 1.00000000 0.0000000e+0 3.7177279e-15
vn 0.50000000 0.0000000e+0 -0.86602540
vn 0.50000000 0.0000000e+0 -0.86602540
vn -0.50000000 0.0000000e+0 -0.86602540
vn -0.50000000 0.0000000e+0 -0.86602540
vn -1.00000000 0.0000000e+0 0.0000000e+0
vn -1.00000000 0.0000000e+0 0.0000000e+0
vn -0.50000000 0.0000000e+0 0.86602540
vn -0.50000000 0.0000000e+0 0.86602540
vn 0.50000000 0.0000000e+0 0.86602540
vn 0.50000000 0.0000000e+0 0.86602540
vn 1.00000000 0.0000000e+0 0.0000000e+0
vn 0.0000000e+0 -1.00000000 -1.4742714e-15
vn 0.0000000e+0 -1.00000000 -1.4742714e-15
vn 1.00000000 0.0000000e+0 0.0000000e+0
vn 0.0000000e+0 -0.50000000 -0.86602540
vn 0.0000000e+0 -0.50000000 -0.86602540
vn 1.00000000 0.0000000e+0 0.0000000e+0
vn -2.1111170e-16 0.50000000 -0.86602540
vn -2.1111170e-16 0.50000000 -0.86602540
vn 1.00000000 0.0000000e+0 0.0000000e+0
vn -4.2222340e-16 1.00000000 -1.4101726e-15
vn -4.2222340e-16 1.00000000 -1.4101726e-15
vn 1.00000000 0.0000000e+0 0.0000000e+0
vn -2.1111170e-16 0.50000000 0.86602540
vn -2.1111170e-16 0.50000000 0.86602540
vn 1.00000000 0.0000000e+0 0.0000000e+0
vn 0.0000000e+0 -0.50000000 0.86602540
vn 0.0000000e+0 -0.50000000 0.86602540
vn -1.00000000 0.0000000e+0 0.0000000e+0
vn 0.0000000e+0 -1.00000000 -1.4742714e-15
vn 0.0000000e+0 -1.00000000 -1.4742714e-15
vn -1.00000000 0.0000000e+0 0.0000000e+0
vn 0.0000000e+0 -0.50000000 -0.86602540
vn 0.0000000e+0 -0.50000000 -0.86602540
vn -1.00000000 0.0000000e+0 0.0000000e+0
vn -2.1111170e-16 0.50000000 -0.86602540
vn -2.1111170e-16 0.50000000 -0.86602540
vn -1.00000000 0.0000000e+0 0.0000000e+0
vn -4.2222340e-16 1.00000000 -1.4101726e-15
vn -4.2222340e-16 1.00000000 -1.4101726e-15
vn -1.00000000 0.0000000e+0 0.0000000e+0
vn -2.1111170e-16 0.50000000 0.86602540
vn -2.1111170e-16 0.50000000 0.86602540
vn -1.00000000 0.0000000e+0 0.0000000e+0
vn 0.0000000e+0 -0.50000000 0.86602540
vn 0.0000000e+0 -0.50000000 0.86602540
vn 1.00000000 0.0000000e+0 0.0000000e+0
vn 0.0000000e+0 -1.00000000 -1.4742714e-15
vn 0.0000000e+0 -1.00000000 -1.4742714e-15
vn 1.00000000 0.0000000e+0 0.0000000e+0
vn 0.0000000e+0 -0.50000000 -0.86602540
vn 0.0000000e+0 -0.50000000 -0.86602540
vn 1.00000000 0.0000000e+0 0.0000000e+0
vn -2.1111170e-16 0.50000000 -0.86602540
vn -2.1111170e-16 0.50000000 -0.86602540
vn 1.00000000 0.0000000e+0 0.0000000e+0
vn -4.2222340e-16 1.00000000 -1.5063208e-15
vn -4.2222340e-16 1.00000000 -1.5063208e-15
vn 1.00000000 0.0000000e+0 0.0000000e+0
vn -2.1111170e-16 0.50000000 0.86602540
vn -2.1111170e-16 0.50000000 0.86602540
vn 1.00000000 0.0000000e+0 0.0000000e+0
vn 0.0000000e+0 -0.50000000 0.86602540
vn 0.0000000e+0 -0.50000000 0.86602540
vn -1.00000000 0.0000000e+0 0.0000000e+0
vn 0.0000000e+0 -1.00000000 -1.4742714e-15
vn 0.0000000e+0 -1.00000000 -1.4742714e-15
vn -1.00000000 0.0000000e+0 0.0000000e+0
vn 0.0000000e+0 -0.50000000 -0.86602540
vn 0.0000000e+0 -0.50000000 -0.86602540
vn -1.00000000 0.0000000e+0 0.0000000e+0
vn -2.1111170e-16 0.50000000 -0.86602540
vn -2.1111170e-16 0.50000000 -0.86602540
vn -1.00000000 0.0000000e+0 0.0000000e+0
vn -4.2222340e-16 1.00000000 -1.5063208e-15
vn -4.2222340e-16 1.00000000 -1.5063208e-15
vn -1.00000000 0.0000000e+0 0.0000000e+0
vn -2.1111170e-16 0.50000000 0.86602540
vn -2.1111170e-16 0.50000000 0.86602540
vn -1.00000000 0.0000000e+0 0.0000000e+0
vn 0.0000000e+0 -0.50000000 0.86602540
vn 0.0000000e+0 -0.50000000 0.86602540
vn 0.0000000e+0 1.00000000 0.0000000e+0
vn 0.61549477 0.49227267 -0.61549477
vn 0.61549477 0.49227267 -0.61549477
vn 0.0000000e+0 1.00000000 0.0000000e+0
vn -0.22528672 0.49227267 -0.84078149
vn -0.22528672 0.49227267 -0.84078149
vn 0.0000000e+0 1.00000000 0.0000000e+0
vn -0.84078149 0.49227267 -0.22528672
vn -0.84078149 0.49227267 -0.22528672
vn 0.0000000e+0 1.00000000 0.0000000e+0
vn -0.61549477 0.49227267 0.61549477
vn -0.61549477 0.49227267 0.61549477
vn 0.0000000e+0 1.00000000 0.0000000e+0
vn 0.22528672 0.49227267 0.84078149
vn 0.22528672 0.49227267 0.84078149
vn 0.0000000e+0 1.00000000 0.0000000e+0
vn 0.84078149 0.49227267 0.22528672
vn 0.84078149 0.49227267 0.22528672
vn 0.61549477 0.49227267 -0.61549477
vn 0.61549477 0.49227267 -0.61549477
vn -0.22528672 0.49227267 -0.84078149
vn -0.22528672 0.49227267 -0.84078149
vn -0.84078149 0.49227267 -0.22528672
vn -0.84078149 0.49227267 -0.22528672
vn -0.61549477 0.49227267 0.61549477
vn -0.61549477 0.49227267 0.61549477
vn 0.22528672 0.49227267 0.84078149
vn 0.22528672 0.49227267 0.84078149
vn 0.84078149 0.49227267 0.22528672
vn 0.84078149 0.49227267 0.22528672
vn 0.0000000e+0 1.00000000 0.0000000e+0
vn 0.61549477 0.49227267 -0.61549477
vn 0.61549477 0.49227267 -0.61549477
vn 0.0000000e+0 1.00000000 0.0000000e+0
vn -0.22528672 0.49227267 -0.84078149
vn -0.22528672 0.49227267 -0.84078149
vn 0.0000000e+0 1.00000000 0.0000000e+0
vn -0.84078149 0.49227267 -0.22528672
vn -0.84078149 0.49227267 -0.22528672
vn 0.0000000e+0 1.00000000 0.0000000e+0
vn -0.61549477 0.49227267 0.61549477
vn -0.61549477 0.49227267 0.61549477
vn 0.0000000e+0 1.00000000 0.0000000e+0
vn 0.22528672 0.49227267 0.84078149
vn 0.22528672 0.49227267 0.84078149
vn 0.0000000e+0 1.00000000 0.0000000e+0
vn 0.84078149 0.49227267 0.22528672
vn 0.84078149 0.49227267 0.22528672
vn 0.61549477 0.49227267 -0.61549477
vn 0.61549477 0.49227267 -0.61549477
vn -0.22528672 0.49227267 -0.84078149
vn -0.22528672 0.49227267 -0.84078149
vn -0.84078149 0.49227267 -0.22528672
vn -0.84078149 0.49227267 -0.22528672
vn -0.61549477 0.49227267 0.61549477
vn -0.61549477 0.49227267 0.61549477
vn 0.22528672 0.49227267 0.84078149
vn 0.22528672 0.49227267 0.84078149
vn 0.84078149 0.49227267 0.22528672
vn 0.84078149 0.49227267 0.22528672
vn 0.0000000e+0 1.00000000 0.0000000e+0
vn 0.0000000e+0 0.0000000e+0 -1.00000000
vn -1.00000000 -4.8597431e-15 0.0000000e+0
vn 0.0000000e+0 0.0000000e+0 1.00000000
vn -1.00000000 -4.8597431e-15 0.0000000e+0
vn 0.0000000e+0 1.00000000 0.0000000e+0
vn 1.00000000 0.0000000e+0 0.0000000e+0
vn 0.0000000e+0 0.0000000e+0 1.00000000
vn 0.0000000e+0 1.00000000 0.0000000e+0
vn 0.0000000e+0 1.00000000 0.0000000e+0
vn 1.00000000 0.0000000e+0 0.0000000e+0
vn 0.0000000e+0 0.0000000e+0 -1.00000000
vn 0.0000000e+0 0.0000000e+0 -1.00000000
vn -1.00000000 -4.8597431e-15 0.0000000e+0
vn 0.0000000e+0 0.0000000e+0 1.00000000
vn -1.00000000 -4.8597431e-15 0.0000000e+0
vn 1.00000000 0.0000000e+0 0.0000000e+0
vn 0.0000000e+0 0.0000000e+0 1.00000000
vn 1.00000000 0.0000000e+0 0.0000000e+0
vn 0.0000000e+0 0.0000000e+0 -1.00000000
vn 0.0000000e+0 1.00000000 0.0000000e+0
vn -1.00000000 -4.8597431e-15 0.0000000e+0
vn 0.0000000e+0 1.00000000 0.0000000e+0
vn 0.0000000e+0 1.00000000 0.0000000e+0
vn 1.00000000 0.0000000e+0 0.0000000e+0
vn 0.0000000e+0 1.00000000 0.0000000e+0
vn -2.3140675e-2 9.1988517e-2 0.99549115
vn 0.0000000e+0 1.00000000 0.0000000e+0
vn -2.3140675e-2 9.1988517e-2 0.99549115
vn -1.00000000 0.0000000e+0 0.0000000e+0
vn -2.3140675e-2 9.1988517e-2 0.99549115
vn 2.3140675e-2 9.1988517e-2 0.99549115
vn 0.0000000e+0 1.00000000 0.0000000e+0
vn 1.00000000 0.0000000e+0 0.0000000e+0
vn 2.3140675e-2 9.1988517e-2 0.99549115
vn 2.3140675e-2 9.1988517e-2 0.99549115
vn 0.0000000e+0 1.00000000 0.0000000e+0
vn 0.0000000e+0 1.00000000 0.0000000e+0
vn -1.00000000 0.0000000e+0 0.0000000e+0
vn -3.4750928e-2 0.13814145 -0.98980266
vn -3.4750928e-2 0.13814145 -0.98980266
vn 0.0000000e+0 1.00000000 0.0000000e+0
vn 0.0000000e+0 1.00000000 0.0000000e+0
vn 1.00000000 0.0000000e+0 0.0000000e+0
vn 3.4750928e-2 0.13814145 -0.98980266
vn 3.4750928e-2 0.13814145 -0.98980266
vn 0.0000000e+0 1.00000000 0.0000000e+0
vn 1.00000000 0.0000000e+0 0.0000000e+0
vn 6.8793123e-2 0.27346555 -0.95941863
vn 0.0000000e+0 1.00000000 0.0000000e+0
vn 1.00000000 0.0000000e+0 0.0000000e+0
vn 6.8793123e-2 0.27346555 0.95941863
vn -6.8793123e-2 0.27346555 0.95941863
vn -1.00000000 0.0000000e+0 0.0000000e+0
vn 0.0000000e+0 1.00000000 0.0000000e+0
vn -1.00000000 0.0000000e+0 0.0000000e+0
vn 0.0000000e+0 1.00000000 0.0000000e+0
vn -6.8793123e-2 0.27346555 -0.95941863
vn -6.8793123e-2 0.27346555 0.95941863
vn 0.95703740 0.28996449 0.0000000e+0
vn 0.0000000e+0 1.00000000 0.0000000e+0
vn 0.0000000e+0 1.00000000 0.0000000e+0
vn -0.95703740 0.28996449 0.0000000e+0
vn 6.8793123e-2 0.27346555 0.95941863
vn 0.0000000e+0 1.00000000 0.0000000e+0
vn -0.95703740 0.28996449 0.0000000e+0
vn 6.8793123e-2 0.27346555 -0.95941863
vn 0.95703740 0.28996449 0.0000000e+0
vn 0.0000000e+0 1.00000000 0.0000000e+0
vn -6.8793123e-2 0.27346555 -0.95941863
vn 1.4019681e-17 0.18417439 0.98289358
vn 0.95703740 0.28996449 0.0000000e+0
vn -0.95703740 0.28996449 0.0000000e+0
vn 1.4019681e-17 0.18417439 0.98289358
vn 1.4019681e-17 0.18417439 0.98289358
vn 2.8974006e-16 0.18417439 -0.98289358
vn 0.95703740 0.28996449 0.0000000e+0
vn -0.95703740 0.28996449 0.0000000e+0
vn 2.8974006e-16 0.18417439 -0.98289358
vn 2.8974006e-16 0.18417439 -0.98289358
vn 0.0000000e+0 1.00000000 0.0000000e+0
vn 0.0000000e+0 0.0000000e+0 -1.00000000
vn -1.00000000 0.0000000e+0 0.0000000e+0
vn 0.0000000e+0 0.0000000e+0 1.00000000
vn -1.00000000 0.0000000e+0 0.0000000e+0
vn 0.0000000e+0 1.00000000 0.0000000e+0
vn 1.00000000 -9.7194863e-15 0.0000000e+0
vn 0.0000000e+0 0.0000000e+0 1.00000000
vn 0.0000000e+0 1.00000000 0.0000000e+0
vn 0.0000000e+0 1.00000000 0.0000000e+0
vn 1.00000000 -9.7194863e-15 0.0000000e+0
vn 0.0000000e+0 0.0000000e+0 -1.00000000
vn 0.0000000e+0 0.0000000e+0 -1.00000000
vn -1.00000000 0.0000000e+0 0.0000000e+0
vn 0.0000000e+0 0.0000000e+0 1.00000000
vn -1.00000000 0.0000000e+0 0.0000000e+0
vn 1.00000000 -9.7194863e-15 0.0000000e+0
vn 0.0000000e+0 0.0000000e+0 1.00000000
vn 1.00000000 -9.7194863e-15 0.0000000e+0
vn 0.0000000e+0 0.0000000e+0 -1.00000000
vn 0.0000000e+0 1.00000000 0.0000000e+0
vn -1.00000000 0.0000000e+0 0.0000000e+0
vn 0.0000000e+0 1.00000000 0.0000000e+0
vn 0.0000000e+0 1.00000000 0.0000000e+0
vn 1.00000000 -9.7194863e-15 0.0000000e+0
vn 0.0000000e+0 1.00000000 0.0000000e+0
vn -2.3140675e-2 9.1988517e-2 0.99549115
vn 0.0000000e+0 1.00000000 0.0000000e+0
vn -2.3140675e-2 9.1988517e-2 0.99549115
vn -1.00000000 0.0000000e+0 0.0000000e+0
vn -2.3140675e-2 9.1988517e-2 0.99549115
vn 2.3140675e-2 9.1988517e-2 0.99549115
vn 0.0000000e+0 1.00000000 0.0000000e+0
vn 1.00000000 0.0000000e+0 0.0000000e+0
vn 2.3140675e-2 9.1988517e-2 0.99549115
vn 2.3140675e-2 9.1988517e-2 0.99549115
vn 0.0000000e+0 1.00000000 0.0000000e+0
vn 0.0000000e+0 1.00000000 0.0000000e+0
vn -1.00000000 0.0000000e+0 0.0000000e+0
vn -3.4750928e-2 0.13814145 -0.98980266
vn -3.4750928e-2 0.13814145 -0.98980266
vn 0.0000000e+0 1.00000000 0.0000000e+0
vn 0.0000000e+0 1.00000000 0.0000000e+0
vn 1.00000000 0.0000000e+0 0.0000000e+0
vn 3.4750928e-2 0.13814145 -0.98980266
vn 3.4750928e-2 0.13814145 -0.98980266
vn 0.0000000e+0 1.00000000 0.0000000e+0
vn 1.00000000 0.0000000e+0 0.0000000e+0
vn 6.8793123e-2 0.27346555 -0.95941863
vn 0.0000000e+0 1.00000000 0.0000000e+0
vn 1.00000000 0.0000000e+0 0.0000000e+0
vn 6.8793123e-2 0.27346555 0.95941863
vn -6.8793123e-2 0.27346555 0.95941863
vn -1.00000000 0.0000000e+0 0.0000000e+0
vn 0.0000000e+0 1.00000000 0.0000000e+0
vn -1.00000000 0.0000000e+0 0.0000000e+0
vn 0.0000000e+0 1.00000000 0.0000000e+0
vn -6.8793123e-2 0.27346555 -0.95941863
vn -6.8793123e-2 0.27346555 0.95941863
vn 0.95703740 0.28996449 0.0000000e+0
vn 0.0000000e+0 1.00000000 0.0000000e+0
vn 0.0000000e+0 1.00000000 0.0000000e+0
vn -0.95703740 0.28996449 4.4428826e-15
vn 6.8793123e-2 0.27346555 0.95941863
vn 0.0000000e+0 1.00000000 0.0000000e+0
vn -0.95703740 0.28996449 4.4428826e-15
vn 6.8793123e-2 0.27346555 -0.95941863
vn 0.95703740 0.28996449 0.0000000e+0
vn 0.0000000e+0 1.00000000 0.0000000e+0
vn -6.8793123e-2 0.27346555 -0.95941863
vn 0.0000000e+0 0.18417439 0.98289358
vn 0.95703740 0.28996449 0.0000000e+0
vn -0.95703740 0.28996449 4.4428826e-15
vn 0.0000000e+0 0.18417439 0.98289358
vn 0.0000000e+0 0.18417439 0.98289358
vn -4.6732268e-18 0.18417439 -0.98289358
vn 0.95703740 0.28996449 0.0000000e+0
vn -0.95703740 0.28996449 4.4428826e-15
vn -4.6732268e-18 0.18417439 -0.98289358
vn -4.6732268e-18 0.18417439 -0.98289358
vn 1.00000000 -6.6093321e-16 -1.5622058e-15
vn 1.00000000 -6.6093321e-16 -1.5622058e-15
vn 0.82421603 -0.34676179 0.44768762
vn 0.82421603 -0.34676179 0.44768762
vn 0.70710678 0.55902640 0.43300057
vn 0.70710678 0.55902640 0.43300057
vn 0.58280874 0.11399673 0.80457362
vn 0.58280874 0.11399673 0.80457362
vn 3.4849206e-15 0.79058271 0.61235527
vn 3.4849206e-15 0.79058271 0.61235527
vn 1.6717262e-15 0.30484915 0.95240065
vn 1.6717262e-15 0.30484915 0.95240065
vn -0.70710678 0.55902640 0.43300057
vn -0.70710678 0.55902640 0.43300057
vn -0.58280874 0.11399673 0.80457362
vn -0.58280874 0.11399673 0.80457362
vn -1.00000000 -9.9139981e-16 -3.3046660e-16
vn -1.00000000 -9.9139981e-16 -3.3046660e-16
vn -0.82421603 -0.34676179 0.44768762
vn -0.82421603 -0.34676179 0.44768762
vn -0.70710678 -0.55902640 -0.43300057
vn -0.70710678 -0.55902640 -0.43300057
vn -0.58280874 -0.80752030 9.0801615e-2
vn -0.58280874 -0.80752030 9.0801615e-2
vn 3.2145388e-15 -0.79058271 -0.61235527
vn 3.2145388e-15 -0.79058271 -0.61235527
vn 9.6784148e-16 -0.99837273 -5.7025409e-2
vn 9.6784148e-16 -0.99837273 -5.7025409e-2
vn 0.70710678 -0.55902640 -0.43300057
vn 0.70710678 -0.55902640 -0.43300057
vn 0.58280874 -0.80752030 9.0801615e-2
vn 0.58280874 -0.80752030 9.0801615e-2
vn 1.00000000 -6.6093321e-16 -1.5622058e-15
vn 1.00000000 -6.6093321e-16 -1.5622058e-15
vn 0.70710678 0.55902640 0.43300057
vn 0.70710678 0.55902640 0.43300057
vn 3.4849206e-15 0.79058271 0.61235527
vn 3.4849206e-15 0.79058271 0.61235527
vn -0.70710678 0.55902640 0.43300057
vn -0.70710678 0.55902640 0.43300057
vn -1.00000000 -9.9139981e-16 -3.3046660e-16
vn -1.00000000 -9.9139981e-16 -3.3046660e-16
vn -0.70710678 -0.55902640 -0.43300057
vn -0.70710678 -0.55902640 -0.43300057
vn 3.2145388e-15 -0.79058271 -0.61235527
vn 3.2145388e-15 -0.79058271 -0.61235527
vn 0.70710678 -0.55902640 -0.43300057
vn 0.70710678 -0.55902640 -0.43300057
vn 3.7660118e-16 0.61235527 -0.79058271
vn 1.00000000 3.0126415e-15 -1.6441331e-14
vn 1.00000000 3.0126415e-15 -1.6441331e-14
vn 3.7660118e-16 0.61235527 -0.79058271
vn 0.50000000 -0.68466471 -0.53031522
vn 0.50000000 -0.68466471 -0.53031522
vn 3.7660118e-16 0.61235527 -0.79058271
vn -0.50000000 -0.68466471 -0.53031522
vn -0.50000000 -0.68466471 -0.53031522
vn 3.7660118e-16 0.61235527 -0.79058271
vn -1.00000000 -7.9482458e-15 1.1826221e-14
vn -1.00000000 -7.9482458e-15 1.1826221e-14
vn 3.7660118e-16 0.61235527 -0.79058271
vn -0.50000000 0.68466471 0.53031522
vn -0.50000000 0.68466471 0.53031522
vn 3.7660118e-16 0.61235527 -0.79058271
vn 0.50000000 0.68466471 0.53031522
vn 0.50000000 0.68466471 0.53031522
vn 1.00000000 3.0126415e-15 -1.6441331e-14
vn 1.00000000 3.0126415e-15 -1.6441331e-14
vn 0.50000000 -0.68466471 -0.53031522
vn 0.50000000 -0.68466471 -0.53031522
vn -0.50000000 -0.68466471 -0.53031522
vn -0.50000000 -0.68466471 -0.53031522
vn -1.00000000 -7.9482458e-15 1.1826221e-14
vn -1.00000000 -7.9482458e-15 1.1826221e-14
vn -0.50000000 0.68466471 0.53031522
vn -0.50000000 0.68466471 0.53031522
vn 0.50000000 0.68466471 0.53031522
vn 0.50000000 0.68466471 0.53031522
vn -2.6362083e-15 0.61235527 -0.79058271
vn 0.58041874 0.64378587 0.49865203
vn 0.58041874 0.64378587 0.49865203
vn -2.6362083e-15 0.61235527 -0.79058271
vn 0.99542959 -7.5499295e-2 -5.8478880e-2
vn 0.99542959 -7.5499295e-2 -5.8478880e-2
vn -2.6362083e-15 0.61235527 -0.79058271
vn 0.41501085 -0.71928516 -0.55713091
vn 0.41501085 -0.71928516 -0.55713091
vn -2.6362083e-15 0.61235527 -0.79058271
vn -0.58041874 -0.64378587 -0.49865203
vn -0.58041874 -0.64378587 -0.49865203
vn -2.6362083e-15 0.61235527 -0.79058271
vn -0.99542959 7.5499295e-2 5.8478880e-2
vn -0.99542959 7.5499295e-2 5.8478880e-2
vn -2.6362083e-15 0.61235527 -0.79058271
vn -0.41501085 0.71928516 0.55713091
vn -0.41501085 0.71928516 0.55713091
vn 0.58041874 0.64378587 0.49865203
vn 0.58041874 0.64378587 0.49865203
vn 0.99542959 -7.5499295e-2 -5.8478880e-2
vn 0.99542959 -7.5499295e-2 -5.8478880e-2
vn 0.41501085 -0.71928516 -0.55713091
vn 0.41501085 -0.71928516 -0.55713091
vn -0.58041874 -0.64378587 -0.49865203
vn -0.58041874 -0.64378587 -0.49865203
vn -0.99542959 7.5499295e-2 5.8478880e-2
vn -0.99542959 7.5499295e-2 5.8478880e-2
vn -0.41501085 0.71928516 0.55713091
vn -0.41501085 0.71928516 0.55713091
vn 1.5242717e-15 0.61235527 -0.79058271
vn 0.61549477 -0.18515376 -0.76608373
vn 0.61549477 -0.18515376 -0.76608373
vn 1.5242717e-15 0.61235527 -0.79058271
vn -0.22528672 -0.36326155 -0.90403924
vn -0.22528672 -0.36326155 -0.90403924
vn 1.5242717e-15 0.61235527 -0.79058271
vn -0.84078149 0.12333798 -0.52713777
vn -0.84078149 0.12333798 -0.52713777
vn 1.5242717e-15 0.61235527 -0.79058271
vn -0.61549477 0.78804529 -1.2280792e-2
vn -0.61549477 0.78804529 -1.2280792e-2
vn 1.5242717e-15 0.61235527 -0.79058271
vn 0.22528672 0.96615307 0.12567472
vn 0.22528672 0.96615307 0.12567472
vn 1.5242717e-15 0.61235527 -0.79058271
vn 0.84078149 0.47955355 -0.25122675
vn 0.84078149 0.47955355 -0.25122675
vn 0.61549477 -0.18515376 -0.76608373
vn 0.61549477 -0.18515376 -0.76608373
vn -0.22528672 -0.36326155 -0.90403924
vn -0.22528672 -0.36326155 -0.90403924
vn -0.84078149 0.12333798 -0.52713777
vn -0.84078149 0.12333798 -0.52713777
vn -0.61549477 0.78804529 -1.2280792e-2
vn -0.61549477 0.78804529 -1.2280792e-2
vn 0.22528672 0.96615307 0.12567472
vn 0.22528672 0.96615307 0.12567472
vn 0.84078149 0.47955355 -0.25122675
vn 0.84078149 0.47955355 -0.25122675
vn 0.0000000e+0 0.61235527 -0.79058271
vn 0.85845327 0.41526111 -0.30102522
vn 0.85845327 0.41526111 -0.30102522
vn 0.0000000e+0 0.61235527 -0.79058271
vn 0.55390301 -0.22939922 -0.80035458
vn 0.55390301 -0.22939922 -0.80035458
vn 0.0000000e+0 0.61235527 -0.79058271
vn -0.30455026 -0.34321458 -0.88851162
vn -0.30455026 -0.34321458 -0.88851162
vn 0.0000000e+0 0.61235527 -0.79058271
vn -0.85845327 0.18763041 -0.47733930
vn -0.85845327 0.18763041 -0.47733930
vn 0.0000000e+0 0.61235527 -0.79058271
vn -0.55390301 0.83229075 2.1990060e-2
vn -0.55390301 0.83229075 2.1990060e-2
vn 0.0000000e+0 0.61235527 -0.79058271
vn 0.30455026 0.94610610 0.11014710
vn 0.30455026 0.94610610 0.11014710
vn 0.85845327 0.41526111 -0.30102522
vn 0.85845327 0.41526111 -0.30102522
vn 0.55390301 -0.22939922 -0.80035458
vn 0.55390301 -0.22939922 -0.80035458
vn -0.30455026 -0.34321458 -0.88851162
vn -0.30455026 -0.34321458 -0.88851162
vn -0.85845327 0.18763041 -0.47733930
vn -0.85845327 0.18763041 -0.47733930
vn -0.55390301 0.83229075 2.1990060e-2
vn -0.55390301 0.83229075 2.1990060e-2
vn 0.30455026 0.94610610 0.11014710
vn 0.30455026 0.94610610 0.11014710
vn -2.2065510e-16 0.61235527 -0.79058271
vn 1.5989500e-16 0.79058271 0.61235527
vn -1.00000000 0.0000000e+0 0.0000000e+0
vn -2.2065510e-16 0.61235527 -0.79058271
vn 0.0000000e+0 -0.79058271 -0.61235527
vn -1.00000000 0.0000000e+0 0.0000000e+0
vn -2.2065510e-16 0.61235527 -0.79058271
vn 1.00000000 0.0000000e+0 9.0758402e-16
vn 0.0000000e+0 -0.79058271 -0.61235527
vn -2.2065510e-16 0.61235527 -0.79058271
vn 1.00000000 0.0000000e+0 9.0758402e-16
vn 1.5989500e-16 0.79058271 0.61235527
vn 1.5989500e-16 0.79058271 0.61235527
vn 0.0000000e+0 -0.61235527 0.79058271
vn -1.00000000 0.0000000e+0 0.0000000e+0
vn 0.0000000e+0 -0.79058271 -0.61235527
vn 0.0000000e+0 -0.61235527 0.79058271
vn -1.00000000 0.0000000e+0 0.0000000e+0
vn 1.00000000 0.0000000e+0 9.0758402e-16
vn 0.0000000e+0 -0.79058271 -0.61235527
vn 0.0000000e+0 -0.61235527 0.79058271
vn 1.00000000 0.0000000e+0 9.0758402e-16
vn 1.5989500e-16 0.79058271 0.61235527
vn 0.0000000e+0 -0.61235527 0.79058271
vn -1.3508709e-15 -0.61235527 0.79058271
vn -1.00000000 -1.1537776e-15 2.9485428e-15
vn -1.00000000 -1.1537776e-15 2.9485428e-15
vn -1.3508709e-15 -0.61235527 0.79058271
vn -0.50000000 -0.68466471 -0.53031522
vn -0.50000000 -0.68466471 -0.53031522
vn -1.3508709e-15 -0.61235527 0.79058271
vn 0.50000000 -0.68466471 -0.53031522
vn 0.50000000 -0.68466471 -0.53031522
vn -1.3508709e-15 -0.61235527 0.79058271
vn 1.00000000 -6.4098756e-16 -4.4869129e-16
vn 1.00000000 -6.4098756e-16 -4.4869129e-16
vn -1.3508709e-15 -0.61235527 0.79058271
vn 0.50000000 0.68466471 0.53031522
vn 0.50000000 0.68466471 0.53031522
vn -1.3508709e-15 -0.61235527 0.79058271
vn -0.50000000 0.68466471 0.53031522
vn -0.50000000 0.68466471 0.53031522
vn -1.00000000 -1.1537776e-15 2.9485428e-15
vn -1.00000000 -1.1537776e-15 2.9485428e-15
vn -0.50000000 -0.68466471 -0.53031522
vn -0.50000000 -0.68466471 -0.53031522
vn 0.50000000 -0.68466471 -0.53031522
vn 0.50000000 -0.68466471 -0.53031522
vn 1.00000000 -6.4098756e-16 -4.4869129e-16
vn 1.00000000 -6.4098756e-16 -4.4869129e-16
vn 0.50000000 0.68466471 0.53031522
vn 0.50000000 0.68466471 0.53031522
vn -0.50000000 0.68466471 0.53031522
vn -0.50000000 0.68466471 0.53031522
vn 0.0000000e+0 -0.61235527 0.79058271
vn -1.00000000 1.2819751e-15 9.6148134e-16
vn -1.00000000 1.2819751e-15 9.6148134e-16
vn 0.0000000e+0 -0.61235527 0.79058271
vn -0.50000000 -0.68466471 -0.53031522
vn -0.50000000 -0.68466471 -0.53031522
vn 0.0000000e+0 -0.61235527 0.79058271
vn 0.50000000 -0.68466471 -0.53031522
vn 0.50000000 -0.68466471 -0.53031522
vn 0.0000000e+0 -0.61235527 0.79058271
vn 1.00000000 1.0576295e-15 2.7241971e-15
vn 1.00000000 1.0576295e-15 2.7241971e-15
vn 0.0000000e+0 -0.61235527 0.79058271
vn 0.50000000 0.68466471 0.53031522
vn 0.50000000 0.68466471 0.53031522
vn 0.0000000e+0 -0.61235527 0.79058271
vn -0.50000000 0.68466471 0.53031522
vn -0.50000000 0.68466471 0.53031522
vn -1.00000000 1.2819751e-15 9.6148134e-16
vn -1.00000000 1.2819751e-15 9.6148134e-16
vn -0.50000000 -0.68466471 -0.53031522
vn -0.50000000 -0.68466471 -0.53031522
vn 0.50000000 -0.68466471 -0.53031522
vn 0.50000000 -0.68466471 -0.53031522
vn 1.00000000 1.0576295e-15 2.7241971e-15
vn 1.00000000 1.0576295e-15 2.7241971e-15
vn 0.50000000 0.68466471 0.53031522
vn 0.50000000 0.68466471 0.53031522
vn -0.50000000 0.68466471 0.53031522
vn -0.50000000 0.68466471 0.53031522
vn 0.0000000e+0 1.00000000 0.0000000e+0
vn 0.13675301 0.0000000e+0 0.99060518
vn 0.13675301 0.0000000e+0 0.99060518
vn 0.0000000e+0 1.00000000 0.0000000e+0
vn 0.92626575 0.0000000e+0 0.37687101
vn 0.92626575 0.0000000e+0 0.37687101
vn 0.0000000e+0 1.00000000 0.0000000e+0
vn 0.78951274 -4.1836310e-15 -0.61373417
vn 0.78951274 -4.1836310e-15 -0.61373417
vn 0.0000000e+0 1.00000000 0.0000000e+0
vn -0.13675301 -4.1836310e-15 -0.99060518
vn -0.13675301 -4.1836310e-15 -0.99060518
vn 0.0000000e+0 1.00000000 0.0000000e+0
vn -0.92626575 -5.2295387e-16 -0.37687101
vn -0.92626575 -5.2295387e-16 -0.37687101
vn 0.0000000e+0 1.00000000 0.0000000e+0
vn -0.78951274 -5.2295387e-16 0.61373417
vn -0.78951274 -5.2295387e-16 0.61373417
vn 0.13675301 0.0000000e+0 0.99060518
vn 0.13675301 0.0000000e+0 0.99060518
vn 0.92626575 0.0000000e+0 0.37687101
vn 0.92626575 0.0000000e+0 0.37687101
vn 0.78951274 -4.1836310e-15 -0.61373417
vn 0.78951274 -4.1836310e-15 -0.61373417
vn -0.13675301 -4.1836310e-15 -0.99060518
vn -0.13675301 -4.1836310e-15 -0.99060518
vn -0.92626575 -5.2295387e-16 -0.37687101
vn -0.92626575 -5.2295387e-16 -0.37687101
vn -0.78951274 -5.2295387e-16 0.61373417
vn -0.78951274 -5.2295387e-16 0.61373417
vn 7.0647571e-17 1.00000000 3.6460929e-16
vn 0.0000000e+0 0.0000000e+0 1.00000000
vn -1.00000000 0.0000000e+0 0.0000000e+0
vn 7.0647571e-17 1.00000000 3.6460929e-16
vn 0.0000000e+0 0.0000000e+0 -1.00000000
vn -1.00000000 0.0000000e+0 0.0000000e+0
vn 7.0647571e-17 1.00000000 3.6460929e-16
vn 1.00000000 0.0000000e+0 0.0000000e+0
vn 0.0000000e+0 0.0000000e+0 -1.00000000
vn 7.0647571e-17 1.00000000 3.6460929e-16
vn 1.00000000 0.0000000e+0 0.0000000e+0
vn 0.0000000e+0 0.0000000e+0 1.00000000
vn 0.0000000e+0 0.0000000e+0 1.00000000
vn -1.00000000 0.0000000e+0 0.0000000e+0
vn 0.0000000e+0 0.0000000e+0 -1.00000000
vn -1.00000000 0.0000000e+0 0.0000000e+0
vn 1.00000000 0.0000000e+0 0.0000000e+0
vn 0.0000000e+0 0.0000000e+0 -1.00000000
vn 1.00000000 0.0000000e+0 0.0000000e+0
vn 0.0000000e+0 0.0000000e+0 1.00000000
g cube208_default
usemtl default
f 29/1167/1 39/1159/236 48/1097/263 38/1109/10
f 29/1167/1 50/1172/269 49/1220/265 30/1214/2
f 30/1214/2 40/1209/240 39/1159/237 29/1167/1
f 30/1214/2 49/1220/266 58/1302/302 31/1298/3
f 31/1298/3 41/1301/243 40/1209/239 30/1214/2
f 31/1298/3 58/1302/301 57/1393/298 32/1398/4
f 32/1398/4 42/1410/246 41/1301/242 31/1298/3
f 32/1398/4 57/1393/297 56/1457/294 33/1461/5
f 33/1461/5 43/1468/249 42/1410/245 32/1398/4
f 33/1461/5 56/1457/293 55/1524/290 34/1529/6
f 34/1529/6 44/1540/252 43/1468/248 33/1461/5
f 34/1529/6 55/1524/289 54/1559/286 35/1567/7
f 35/1567/7 45/1578/255 44/1540/251 34/1529/6
f 35/1567/7 54/1559/285 53/1605/282 36/1613/8
f 36/1613/8 46/1621/258 45/1578/254 35/1567/7
f 36/1029/8 53/1035/281 52/1069/278 37/1062/9
f 37/1062/9 47/1052/261 46/1014/257 36/1029/8
f 37/1062/9 52/1069/277 51/1113/274 38/1109/10
f 38/1109/10 48/1097/264 47/1052/260 37/1062/9
f 38/1109/10 51/1113/273 50/1172/270 29/1167/1
f 40//238 41//241 42//244 43//247 44//250 45//253 46//256 47//259 48//262 39//235
f 49/1231/268 59/1230/307 68/1296/334 58/1297/304
f 50/1178/271 60/1179/309 59/1230/306 49/1231/267
f 51/1116/275 61/1117/312 60/1179/310 50/1178/272
f 52/1057/279 62/1058/315 61/1117/313 51/1116/276
f 53/1004/283 63/1005/318 62/1058/316 52/1057/280
f 54/1572/287 64/1571/321 63/1630/319 53/1631/284
f 55/1519/291 65/1518/324 64/1571/322 54/1572/288
f 56/1447/295 66/1448/327 65/1518/325 55/1519/292
f 57/1385/299 67/1386/330 66/1448/328 56/1447/296
f 58/1297/303 68/1296/333 67/1386/331 57/1385/300
f 69/1110/11 79/1099/336 88/1053/363 78/1063/20
f 69/1110/11 90/1114/369 89/1173/365 70/1168/12
f 70/1168/12 80/1160/340 79/1099/337 69/1110/11
f 70/1168/12 89/1173/366 98/1221/402 71/1215/13
f 71/1215/13 81/1211/343 80/1160/339 70/1168/12
f 71/1215/13 98/1221/401 97/1308/398 72/1309/14
f 72/1309/14 82/1307/346 81/1211/342 71/1215/13
f 72/1309/14 97/1308/397 96/1395/394 73/1400/15
f 73/1400/15 83/1411/349 82/1307/345 72/1309/14
f 73/1400/15 96/1395/393 95/1458/390 74/1462/16
f 74/1462/16 84/1467/352 83/1411/348 73/1400/15
f 74/1462/16 95/1458/389 94/1525/386 75/1527/17
f 75/1527/17 85/1538/355 84/1467/351 74/1462/16
f 75/1527/17 94/1525/385 93/1557/382 76/1565/18
f 76/1565/18 86/1576/358 85/1538/354 75/1527/17
f 76/1565/18 93/1557/381 92/1604/378 77/1611/19
f 77/1611/19 87/1619/361 86/1576/357 76/1565/18
f 77/1030/19 92/1036/377 91/1070/374 78/1063/20
f 78/1063/20 88/1053/364 87/1016/360 77/1030/19
f 78/1063/20 91/1070/373 90/1114/370 69/1110/11
f 80//338 81//341 82//344 83//347 84//350 85//353 86//356 87//359 88//362 79//335
f 89/1270/368 99/1268/407 108/1264/434 98/1266/404
f 90/1328/371 100/1326/409 99/1268/406 89/1270/367
f 91/1430/375 101/1428/412 100/1326/410 90/1328/372
f 92/1535/379 102/1533/415 101/1428/413 91/1430/376
f 93/1199/383 103/1197/418 102/1102/416 92/1104/380
f 94/1284/387 104/1282/421 103/1197/419 93/1199/384
f 95/1346/391 105/1344/424 104/1282/422 94/1284/388
f 96/1352/395 106/1350/427 105/1344/425 95/1346/392
f 97/1317/399 107/1294/430 106/1350/428 96/1352/396
f 98/1266/403 108/1264/433 107/1294/431 97/1317/400
f 109/893/21 119/880/436 128/724/463 118/769/30
f 109/893/21 130/904/469 129/979/465 110/977/22
f 110/977/22 120/962/440 119/880/437 109/893/21
f 110/977/22 129/979/466 138/1144/502 111/1134/23
f 111/1134/23 121/1119/443 120/962/439 110/977/22
f 111/1134/23 138/1144/501 137/1312/498 112/1313/24
f 112/1313/24 122/1311/446 121/1119/442 111/1134/23
f 112/1313/24 137/1312/497 136/1486/494 113/1494/25
f 113/1494/25 123/1514/449 122/1311/445 112/1313/24
f 113/1494/25 136/1486/493 135/1634/490 114/1642/26
f 114/1642/26 124/1657/452 123/1514/448 113/1494/25
f 114/1642/26 135/1634/489 134/1718/486 115/1730/27
f 115/1730/27 125/1754/455 124/1657/451 114/1642/26
f 115/1730/27 134/1718/485 133/1780/482 116/1793/28
f 116/1793/28 126/1812/458 125/1754/454 115/1730/27
f 116/1793/28 133/1780/481 132/1829/478 117/1831/29
f 117/1831/29 127/1846/461 126/1812/457 116/1793/28
f 117/708/29 132/716/477 131/773/474 118/769/30
f 118/769/30 128/724/464 127/701/460 117/708/29
f 118/769/30 131/773/473 130/904/470 109/893/21
f 120//438 121//441 122//444 123//447 124//450 125//453 126//456 127//459 128//462 119//435
f 129/1020/468 139/1019/507 148/1162/534 138/1163/504
f 130/925/471 140/924/509 139/1019/506 129/1020/467
f 131/760/475 141/759/512 140/924/510 130/925/472
f 132/696/479 142/697/515 141/759/513 131/760/476
f 133/1798/483 143/1799/518 142/1849/516 132/1848/480
f 134/1712/487 144/1713/521 143/1799/519 133/1798/484
f 135/1615/491 145/1616/524 144/1713/522 134/1712/488
f 136/1463/495 146/1464/527 145/1616/525 135/1615/492
f 137/1304/499 147/1303/530 146/1464/528 136/1463/496
f 138/1163/503 148/1162/533 147/1303/531 137/1304/500
f 149/894/31 159/881/536 168/725/563 158/770/40
f 149/894/31 170/905/569 169/980/565 150/978/32
f 150/978/32 160/963/540 159/881/537 149/894/31
f 150/978/32 169/980/566 178/1145/602 151/1135/33
f 151/1135/33 161/1120/543 160/963/539 150/978/32
f 151/1135/33 178/1145/601 177/1316/598 152/1314/34
f 152/1314/34 162/1315/546 161/1120/542 151/1135/33
f 152/1314/34 177/1316/597 176/1487/594 153/1495/35
f 153/1495/35 163/1515/549 162/1315/545 152/1314/34
f 153/1495/35 176/1487/593 175/1633/590 154/1641/36
f 154/1641/36 164/1656/552 163/1515/548 153/1495/35
f 154/1641/36 175/1633/589 174/1719/586 155/1729/37
f 155/1729/37 165/1753/555 164/1656/551 154/1641/36
f 155/1729/37 174/1719/585 173/1779/582 156/1792/38
f 156/1792/38 166/1811/558 165/1753/554 155/1729/37
f 156/1792/38 173/1779/581 172/1828/578 157/1830/39
f 157/1830/39 167/1845/561 166/1811/557 156/1792/38
f 157/709/39 172/717/577 171/774/574 158/770/40
f 158/770/40 168/725/564 167/702/560 157/709/39
f 158/770/40 171/774/573 170/905/570 149/894/31
f 160//538 161//541 162//544 163//547 164//550 165//553 166//556 167//559 168//562 159//535
f 169/1240/568 179/1232/607 188/1228/634 178/1229/604
f 170/1357/571 180/1356/609 179/1232/606 169/1240/567
f 171/1554/575 181/1553/612 180/1356/610 170/1357/572
f 172/1752/579 182/1751/615 181/1553/613 171/1554/576
f 173/1073/583 183/1072/618 182/882/616 172/883/580
f 174/1258/587 184/1257/621 183/1072/619 173/1073/584
f 175/1384/591 185/1383/624 184/1257/622 174/1258/588
f 176/1388/595 186/1387/627 185/1383/625 175/1384/592
f 177/1319/599 187/1292/630 186/1387/628 176/1388/596
f 178/1229/603 188/1228/633 187/1292/631 177/1319/600
f 189/1111/41 199/1100/636 208/1054/663 198/1064/50
f 189/1111/41 210/1115/669 209/1174/665 190/1169/42
f 190/1169/42 200/1161/640 199/1100/637 189/1111/41
f 190/1169/42 209/1174/666 218/1222/702 191/1216/43
f 191/1216/43 201/1210/643 200/1161/639 190/1169/42
f 191/1216/43 218/1222/701 217/1306/698 192/1310/44
f 192/1310/44 202/1305/646 201/1210/642 191/1216/43
f 192/1310/44 217/1306/697 216/1394/694 193/1399/45
f 193/1399/45 203/1412/649 202/1305/645 192/1310/44
f 193/1399/45 216/1394/693 215/1455/690 194/1459/46
f 194/1459/46 204/1465/652 203/1412/648 193/1399/45
f 194/1459/46 215/1455/689 214/1522/686 195/1526/47
f 195/1526/47 205/1537/655 204/1465/651 194/1459/46
f 195/1526/47 214/1522/685 213/1556/682 196/1564/48
f 196/1564/48 206/1575/658 205/1537/654 195/1526/47
f 196/1564/48 213/1556/681 212/1602/678 197/1610/49
f 197/1610/49 207/1618/661 206/1575/657 196/1564/48
f 197/1031/49 212/1037/677 211/1071/674 198/1064/50
f 198/1064/50 208/1054/664 207/1017/660 197/1031/49
f 198/1064/50 211/1071/673 210/1115/670 189/1111/41
f 200//638 201//641 202//644 203//647 204//650 205//653 206//656 207//659 208//662 199//635
f 209/1269/668 219/1267/707 228/1263/734 218/1265/704
f 210/1329/671 220/1327/709 219/1267/706 209/1269/667
f 211/1431/675 221/1429/712 220/1327/710 210/1329/672
f 212/1536/679 222/1534/715 221/1429/713 211/1431/676
f 213/1198/683 223/1196/718 222/1101/716 212/1103/680
f 214/1283/687 224/1281/721 223/1196/719 213/1198/684
f 215/1347/691 225/1345/724 224/1281/722 214/1283/688
f 216/1353/695 226/1351/727 225/1345/725 215/1347/692
f 217/1318/699 227/1293/730 226/1351/728 216/1353/696
f 218/1265/703 228/1263/733 227/1293/731 217/1318/700
f 229/1061/51 239/1051/736 248/1015/763 238/1028/60
f 229/1061/51 250/1068/769 249/1112/765 230/1108/52
f 230/1108/52 240/1098/740 239/1051/737 229/1061/51
f 230/1108/52 249/1112/766 258/1171/802 231/1166/53
f 231/1166/53 241/1158/743 240/1098/739 230/1108/52
f 231/1166/53 258/1171/801 257/1219/798 232/1213/54
f 232/1213/54 242/1208/746 241/1158/742 231/1166/53
f 232/1213/54 257/1219/797 256/1299/794 233/1295/55
f 233/1295/55 243/1300/749 242/1208/745 232/1213/54
f 233/1295/55 256/1299/793 255/1392/790 234/1397/56
f 234/1397/56 244/1409/752 243/1300/748 233/1295/55
f 234/1397/56 255/1392/789 254/1456/786 235/1460/57
f 235/1460/57 245/1466/755 244/1409/751 234/1397/56
f 235/1460/57 254/1456/785 253/1523/782 236/1528/58
f 236/1528/58 246/1539/758 245/1466/754 235/1460/57
f 236/1528/58 253/1523/781 252/1558/778 237/1566/59
f 237/1566/59 247/1577/761 246/1539/757 236/1528/58
f 237/1566/59 252/1558/777 251/1603/774 238/1612/60
f 238/1612/60 248/1620/764 247/1577/760 237/1566/59
f 238/1028/60 251/1034/773 250/1068/770 229/1061/51
f 240//738 241//741 242//744 243//747 244//750 245//753 246//756 247//759 248//762 239//735
f 249/1177/768 259/1176/807 268/1191/834 258/1189/804
f 250/1207/771 260/1200/809 259/1176/806 249/1177/767
f 251/1256/775 261/1252/812 260/1200/810 250/1207/772
f 252/1426/779 262/1424/815 261/1358/813 251/1366/776
f 253/1450/783 263/1449/818 262/1424/816 252/1426/780
f 254/1442/787 264/1443/821 263/1449/819 253/1450/784
f 255/1391/791 265/1396/824 264/1443/822 254/1442/788
f 256/1290/795 266/1320/827 265/1396/825 255/1391/792
f 257/1218/799 267/1227/830 266/1320/828 256/1290/796
f 258/1189/803 268/1191/833 267/1227/831 257/1218/800
f 269/1601/835 279/1599/876 288/1679/903 278/1678/871
f 269/1570/837 290/1552/909 289/1505/905 270/1511/841
f 270/1481/840 280/1482/880 279/1599/877 269/1601/836
f 270/1511/842 289/1505/906 298/1335/942 271/1342/846
f 271/1371/844 281/1372/883 280/1482/879 270/1481/839
f 271/1342/845 298/1335/941 297/1142/938 272/1131/850
f 272/1236/848 282/1237/886 281/1372/882 271/1371/843
f 272/1131/849 297/1142/937 296/976/934 273/972/854
f 273/1136/852 283/1137/889 282/1237/885 272/1236/847
f 273/972/853 296/976/933 295/952/930 274/937/858
f 274/1023/856 284/1024/892 283/1137/888 273/1136/851
f 274/937/857 295/952/929 294/973/926 275/969/862
f 275/939/860 285/940/895 284/1024/891 274/1023/855
f 275/969/861 294/973/925 293/1140/922 276/1129/866
f 276/849/864 286/850/898 285/940/894 275/939/859
f 276/1129/865 293/1140/921 292/1330/918 277/1337/870
f 277/719/868 287/720/901 286/850/897 276/849/863
f 277/1338/869 292/1331/917 291/1504/914 278/1510/874
f 278/1678/872 288/1679/904 287/1760/900 277/1759/867
f 278/1510/873 291/1504/913 290/1552/910 269/1570/838
f 280//878 281//881 282//884 283//887 284//890 285//893 286//896 287//899 288//902 279//875
f 289/1042/908 299/1040/947 308/1148/974 298/1150/944
f 290/957/911 300/955/949 299/1040/946 289/1042/907
f 291/865/915 301/867/952 300/955/950 290/957/912
f 292/747/919 302/745/955 301/867/953 291/865/916
f 293/1663/923 303/1665/958 302/1740/956 292/1738/920
f 294/1583/927 304/1581/961 303/1665/959 293/1663/924
f 295/1476/931 305/1474/964 304/1581/962 294/1583/928
f 296/1364/935 306/1362/967 305/1474/965 295/1476/932
f 297/1235/939 307/1234/970 306/1362/968 296/1364/936
f 298/1150/943 308/1148/973 307/1234/971 297/1235/940
f 309/1598/975 319/1600/1016 328/1680/1043 318/1677/1011
f 309/1569/977 330/1551/1049 329/1506/1045 310/1512/981
f 310/1483/980 320/1484/1020 319/1600/1017 309/1598/976
f 310/1512/982 329/1506/1046 338/1332/1082 311/1339/986
f 311/1373/984 321/1374/1023 320/1484/1019 310/1483/979
f 311/1339/985 338/1332/1081 337/1141/1078 312/1130/990
f 312/1238/988 322/1239/1026 321/1374/1022 311/1373/983
f 312/1130/989 337/1141/1077 336/975/1074 313/970/994
f 313/1138/992 323/1139/1029 322/1239/1025 312/1238/987
f 313/970/993 336/975/1073 335/953/1070 314/938/998
f 314/1025/996 324/1026/1032 323/1139/1028 313/1138/991
f 314/938/997 335/953/1069 334/974/1066 315/971/1002
f 315/941/1000 325/942/1035 324/1026/1031 314/1025/995
f 315/971/1001 334/974/1065 333/1143/1062 316/1132/1006
f 316/848/1004 326/851/1038 325/942/1034 315/941/999
f 316/1132/1005 333/1143/1061 332/1334/1058 317/1341/1010
f 317/721/1008 327/722/1041 326/851/1037 316/848/1003
f 317/1340/1009 332/1333/1057 331/1507/1054 318/1513/1014
f 318/1677/1012 328/1680/1044 327/1757/1040 317/1758/1007
f 318/1513/1013 331/1507/1053 330/1551/1050 309/1569/978
f 320//1018 321//1021 322//1024 323//1027 324//1030 325//1033 326//1036 327//1039 328//1042 319//1015
f 329/1041/1048 339/1039/1087 348/1147/1114 338/1149/1084
f 330/956/1051 340/954/1089 339/1039/1086 329/1041/1047
f 331/864/1055 341/866/1092 340/954/1090 330/956/1052
f 332/746/1059 342/744/1095 341/866/1093 331/864/1056
f 333/1664/1063 343/1666/1098 342/1741/1096 332/1739/1060
f 334/1584/1067 344/1582/1101 343/1666/1099 333/1664/1064
f 335/1477/1071 345/1475/1104 344/1582/1102 334/1584/1068
f 336/1365/1075 346/1363/1107 345/1475/1105 335/1477/1072
f 337/1235/1079 347/1233/1110 346/1363/1108 336/1365/1076
f 338/1149/1083 348/1147/1113 347/1233/1111 337/1235/1080
f 349//1116 350//1118 357//1139 358//1142 363//1157 364//1161 356//1137 355//1134
f 349/622/1117 351/633/1123 352/579/1126 350/558/1120
f 350/558/1119 352/579/1125 359/447/1146 357/442/1140
f 353/250/1128 354/209/1131 362/134/1155 361/118/1151 360/119/1148 359/135/1145 352/208/1124 351/251/1122
f 354/182/1130 356/185/1136 364/266/1160 362/258/1154
f 355/416/1133 353/387/1127 351/386/1121 349/417/1115
f 356/185/1138 354/182/1132 353/148/1129 355/153/1135
f 358/418/1143 360/388/1149 361/389/1152 363/419/1158
f 360/383/1150 358/369/1144 357/442/1141 359/447/1147
f 362/258/1156 364/266/1162 363/329/1159 361/313/1153
f 365//1164 366//1166 373//1187 374//1190 379//1205 380//1209 372//1185 371//1182
f 365/46/1165 367/48/1171 368/25/1174 366/23/1168
f 366/634/1167 368/646/1173 375/268/1194 373/260/1188
f 369/574/1176 370/619/1179 378/621/1203 377/576/1199 376/53/1196 375/32/1193 368/35/1172 367/56/1170
f 370/19/1178 372/30/1184 380/109/1208 378/105/1202
f 371/568/1181 369/567/1175 367/48/1169 365/46/1163
f 372/639/1186 370/637/1180 369/567/1177 371/568/1183
f 374/572/1191 376/570/1197 377/52/1200 379/51/1206
f 376/570/1198 374/572/1192 373/643/1189 375/641/1195
f 378/29/1204 380/27/1210 379/51/1207 377/52/1201
f 381//1212 382//1214 389//1235 390//1238 395//1253 396//1257 388//1233 387//1230
f 381/45/1213 383/47/1219 384/24/1222 382/22/1216
f 382/635/1215 384/647/1221 391/269/1242 389/261/1236
f 385/573/1224 386/618/1227 394/620/1251 393/575/1247 392/54/1244 391/33/1241 384/34/1220 383/55/1218
f 386/120/1226 388/127/1232 396/374/1256 394/368/1250
f 387/566/1229 385/565/1223 383/47/1217 381/45/1211
f 388/638/1234 386/636/1228 385/565/1225 387/566/1231
f 390/571/1239 392/569/1245 393/50/1248 395/49/1254
f 392/569/1246 390/571/1240 389/642/1237 391/640/1243
f 394/28/1252 396/26/1258 395/49/1255 393/50/1249
f 397/201/61 407/189/1260 416/170/1287 406/176/70
f 397/201/61 418/205/1293 417/233/1289 398/227/62
f 398/227/62 408/223/1264 407/189/1261 397/201/61
f 398/227/62 417/233/1290 426/277/1326 399/273/63
f 399/273/63 409/265/1267 408/223/1263 398/227/62
f 399/273/63 426/277/1325 425/344/1322 400/345/64
f 400/345/64 410/342/1270 409/265/1266 399/273/63
f 400/345/64 425/344/1321 424/406/1318 401/410/65
f 401/410/65 411/415/1273 410/342/1269 400/345/64
f 401/410/65 424/406/1317 423/454/1314 402/458/66
f 402/458/66 412/462/1276 411/415/1272 401/410/65
f 402/458/66 423/454/1313 422/491/1310 403/496/67
f 403/496/67 413/517/1279 412/462/1275 402/458/66
f 403/496/67 422/491/1309 421/547/1306 404/551/68
f 404/551/68 414/563/1282 413/517/1278 403/496/67
f 404/551/68 421/547/1305 420/596/1302 405/601/69
f 405/601/69 415/611/1285 414/563/1281 404/551/68
f 405/162/69 420/167/1301 419/180/1298 406/176/70
f 406/176/70 416/170/1288 415/150/1284 405/162/69
f 406/176/70 419/180/1297 418/205/1294 397/201/61
f 408//1262 409//1265 410//1268 411//1271 412//1274 413//1277 414//1280 415//1283 416//1286 407//1259
f 417/290/1292 427/292/1331 436/309/1358 426/307/1328
f 418/248/1295 428/246/1333 427/292/1330 417/290/1291
f 419/196/1299 429/194/1336 428/246/1334 418/248/1296
f 420/158/1303 430/156/1339 429/194/1337 419/196/1300
f 421/501/1307 431/499/1342 430/604/1340 420/606/1304
f 422/446/1311 432/444/1345 431/499/1343 421/501/1308
f 423/391/1315 433/393/1348 432/444/1346 422/446/1312
f 424/358/1319 434/360/1351 433/393/1349 423/391/1316
f 425/331/1323 435/348/1354 434/360/1352 424/358/1320
f 426/307/1327 436/309/1357 435/348/1355 425/331/1324
f 437/198/71 447/190/1360 456/168/1387 446/174/80
f 437/198/71 458/202/1393 457/230/1389 438/224/72
f 438/224/72 448/220/1364 447/190/1361 437/198/71
f 438/224/72 457/230/1390 466/274/1426 439/270/73
f 439/270/73 449/262/1367 448/220/1363 438/224/72
f 439/270/73 466/274/1425 465/336/1422 440/338/74
f 440/338/74 450/335/1370 449/262/1366 439/270/73
f 440/338/74 465/336/1421 464/404/1418 441/408/75
f 441/408/75 451/412/1373 450/335/1369 440/338/74
f 441/408/75 464/404/1417 463/452/1414 442/457/76
f 442/457/76 452/461/1376 451/412/1372 441/408/75
f 442/457/76 463/452/1413 462/489/1410 443/495/77
f 443/495/77 453/516/1379 452/461/1375 442/457/76
f 443/495/77 462/489/1409 461/546/1406 444/550/78
f 444/550/78 454/562/1382 453/516/1378 443/495/77
f 444/550/78 461/546/1405 460/595/1402 445/600/79
f 445/600/79 455/610/1385 454/562/1381 444/550/78
f 445/160/79 460/164/1401 459/178/1398 446/174/80
f 446/174/80 456/168/1388 455/151/1384 445/160/79
f 446/174/80 459/178/1397 458/202/1394 437/198/71
f 448//1362 449//1365 450//1368 451//1371 452//1374 453//1377 454//1380 455//1383 456//1386 447//1359
f 457/235/1392 467/236/1431 476/287/1458 466/286/1428
f 458/206/1395 468/207/1433 467/236/1430 457/235/1391
f 459/173/1399 469/172/1436 468/207/1434 458/206/1396
f 460/147/1403 470/146/1439 469/172/1437 459/173/1400
f 461/560/1407 471/559/1442 470/616/1440 460/617/1404
f 462/488/1411 472/487/1445 471/559/1443 461/560/1408
f 463/449/1415 473/448/1448 472/487/1446 462/488/1412
f 464/397/1419 474/396/1451 473/448/1449 463/449/1416
f 465/334/1423 475/333/1454 474/396/1452 464/397/1420
f 466/286/1427 476/287/1457 475/333/1455 465/334/1424
f 477/200/81 487/191/1460 496/171/1487 486/177/90
f 477/200/81 498/203/1493 497/231/1489 478/225/82
f 478/225/82 488/221/1464 487/191/1461 477/200/81
f 478/225/82 497/231/1490 506/275/1526 479/271/83
f 479/271/83 489/263/1467 488/221/1463 478/225/82
f 479/271/83 506/275/1525 505/339/1522 480/340/84
f 480/340/84 490/337/1470 489/263/1466 479/271/83
f 480/340/84 505/339/1521 504/405/1518 481/409/85
f 481/409/85 491/413/1473 490/337/1469 480/340/84
f 481/409/85 504/405/1517 503/453/1514 482/456/86
f 482/456/86 492/460/1476 491/413/1472 481/409/85
f 482/456/86 503/453/1513 502/490/1510 483/494/87
f 483/494/87 493/515/1479 492/460/1475 482/456/86
f 483/494/87 502/490/1509 501/545/1506 484/549/88
f 484/549/88 494/561/1482 493/515/1478 483/494/87
f 484/549/88 501/545/1505 500/594/1502 485/599/89
f 485/599/89 495/609/1485 494/561/1481 484/549/88
f 485/163/89 500/165/1501 499/181/1498 486/177/90
f 486/177/90 496/171/1488 495/152/1484 485/163/89
f 486/177/90 499/181/1497 498/203/1494 477/200/81
f 488//1462 489//1465 490//1468 491//1471 492//1474 493//1477 494//1480 495//1483 496//1486 487//1459
f 497/306/1492 507/305/1531 516/303/1558 506/304/1528
f 498/356/1495 508/355/1533 507/305/1530 497/306/1491
f 499/421/1499 509/420/1536 508/355/1534 498/356/1496
f 500/514/1503 510/513/1539 509/420/1537 499/421/1500
f 501/256/1507 511/255/1542 510/192/1540 500/193/1504
f 502/314/1511 512/312/1545 511/255/1543 501/256/1508
f 503/363/1515 513/362/1548 512/312/1546 502/314/1512
f 504/367/1519 514/366/1551 513/362/1549 503/363/1516
f 505/347/1523 515/332/1554 514/366/1552 504/367/1520
f 506/304/1527 516/303/1557 515/332/1555 505/347/1524
f 517/199/91 527/188/1560 536/169/1587 526/175/100
f 517/199/91 538/204/1593 537/232/1589 518/226/92
f 518/226/92 528/222/1564 527/188/1561 517/199/91
f 518/226/92 537/232/1590 546/276/1626 519/272/93
f 519/272/93 529/264/1567 528/222/1563 518/226/92
f 519/272/93 546/276/1625 545/343/1622 520/346/94
f 520/346/94 530/341/1570 529/264/1566 519/272/93
f 520/346/94 545/343/1621 544/407/1618 521/411/95
f 521/411/95 531/414/1573 530/341/1569 520/346/94
f 521/411/95 544/407/1617 543/455/1614 522/459/96
f 522/459/96 532/463/1576 531/414/1572 521/411/95
f 522/459/96 543/455/1613 542/492/1610 523/497/97
f 523/497/97 533/518/1579 532/463/1575 522/459/96
f 523/497/97 542/492/1609 541/548/1606 524/552/98
f 524/552/98 534/564/1582 533/518/1578 523/497/97
f 524/552/98 541/548/1605 540/597/1602 525/602/99
f 525/602/99 535/612/1585 534/564/1581 524/552/98
f 525/161/99 540/166/1601 539/179/1598 526/175/100
f 526/175/100 536/169/1588 535/149/1584 525/161/99
f 526/175/100 539/179/1597 538/204/1594 517/199/91
f 528//1562 529//1565 530//1568 531//1571 532//1574 533//1577 534//1580 535//1583 536//1586 527//1559
f 537/291/1592 547/293/1631 556/310/1658 546/308/1628
f 538/249/1595 548/247/1633 547/293/1630 537/291/1591
f 539/197/1599 549/195/1636 548/247/1634 538/249/1596
f 540/159/1603 550/157/1639 549/195/1637 539/197/1600
f 541/500/1607 551/498/1642 550/603/1640 540/605/1604
f 542/445/1611 552/443/1645 551/498/1643 541/500/1608
f 543/390/1615 553/392/1648 552/443/1646 542/445/1612
f 544/357/1619 554/359/1651 553/392/1649 543/390/1616
f 545/330/1623 555/349/1654 554/359/1652 544/357/1620
f 546/308/1627 556/310/1657 555/349/1655 545/330/1624
f 557/1492/1659 562/1439/1680 566/1423/1692 561/1473/1675
f 557/967/1661 568/958/1698 567/934/1694 558/943/1665
f 558/1563/1664 563/1549/1684 562/1439/1681 557/1492/1660
f 558/943/1666 567/934/1695 571/914/1711 559/887/1670
f 559/1639/1668 564/1659/1687 563/1549/1683 558/1563/1663
f 559/887/1669 571/914/1710 570/915/1707 560/889/1674
f 560/1682/1672 565/1716/1690 564/1659/1686 559/1639/1667
f 560/889/1673 570/915/1706 569/935/1703 561/944/1678
f 561/1695/1676 566/1749/1693 565/1716/1689 560/1682/1671
f 561/945/1677 569/933/1702 568/958/1699 557/967/1662
f 563//1682 564//1685 565//1688 566//1691 562//1679
f 567/91/1697 572/90/1715 576/94/1731 571/95/1713
f 568/87/1700 573/86/1718 572/90/1714 567/91/1696
f 569/79/1704 574/78/1722 573/86/1719 568/87/1701
f 570/96/1708 575/97/1726 574/99/1723 569/98/1705
f 571/95/1712 576/94/1730 575/97/1727 570/96/1709
f 572/817/1717 577/801/1735 581/906/1751 576/872/1733
f 573/794/1720 578/735/1738 577/801/1734 572/817/1716
f 574/818/1724 579/800/1742 578/735/1739 573/794/1721
f 575/870/1728 580/909/1746 579/802/1743 574/816/1725
f 576/872/1732 581/906/1750 580/909/1747 575/870/1729
f 577/532/1737 582/533/1756 586/592/1768 581/593/1753
f 578/479/1740 583/478/1758 582/533/1755 577/532/1736
f 579/436/1744 584/439/1761 583/478/1759 578/479/1741
f 580/631/1748 585/630/1764 584/661/1762 579/662/1745
f 581/593/1752 586/592/1767 585/630/1765 580/631/1749
f 583/910/1757 584/855/1760 585/729/1763 586/728/1766 582/854/1754
f 587/1691/1769 592/1647/1790 596/1625/1802 591/1671/1785
f 587/1638/1771 598/1617/1808 597/1622/1804 588/1644/1775
f 588/1732/1774 593/1711/1794 592/1647/1791 587/1691/1770
f 588/1644/1776 597/1622/1805 601/1585/1821 589/1579/1780
f 589/1777/1778 594/1791/1797 593/1711/1793 588/1732/1773
f 589/1579/1779 601/1585/1820 600/1555/1817 590/1531/1784
f 590/1814/1782 595/1833/1800 594/1791/1796 589/1777/1777
f 590/1531/1783 600/1555/1816 599/1574/1813 591/1560/1788
f 591/1822/1786 596/1843/1803 595/1833/1799 590/1814/1781
f 591/1561/1787 599/1573/1812 598/1617/1809 587/1638/1772
f 593//1792 594//1795 595//1798 596//1801 592//1789
f 597/512/1807 602/511/1825 606/542/1841 601/543/1823
f 598/485/1810 603/484/1828 602/511/1824 597/512/1806
f 599/469/1814 604/468/1832 603/484/1829 598/485/1811
f 600/556/1818 605/555/1836 604/584/1833 599/585/1815
f 601/543/1822 606/542/1840 605/555/1837 600/556/1819
f 602/777/1827 607/743/1845 611/844/1861 606/827/1843
f 603/788/1830 608/753/1848 607/743/1844 602/777/1826
f 604/838/1834 609/874/1852 608/753/1849 603/788/1831
f 605/860/1838 610/916/1856 609/875/1853 604/837/1835
f 606/827/1842 611/844/1860 610/916/1857 605/860/1839
f 607/527/1847 612/526/1866 616/586/1878 611/587/1863
f 608/473/1850 613/472/1868 612/526/1865 607/527/1846
f 609/429/1854 614/427/1871 613/472/1869 608/473/1851
f 610/624/1858 615/625/1874 614/655/1872 609/656/1855
f 611/587/1862 616/586/1877 615/625/1875 610/624/1859
f 613/901/1867 614/783/1870 615/742/1873 616/809/1876 612/919/1864
f 617/1640/1879 622/1658/1900 626/1548/1912 621/1562/1895
f 617/1038/1881 628/1043/1918 627/1011/1914 618/966/1885
f 618/1683/1884 623/1717/1904 622/1658/1901 617/1640/1880
f 618/966/1886 627/1011/1915 631/1021/1931 619/1006/1890
f 619/1696/1888 624/1750/1907 623/1717/1903 618/1683/1883
f 619/1007/1889 631/1022/1930 630/1056/1927 620/1079/1894
f 620/1493/1892 625/1438/1910 624/1422/1906 619/1472/1887
f 620/1079/1893 630/1056/1926 629/1067/1923 621/1105/1898
f 621/1562/1896 626/1548/1913 625/1438/1909 620/1493/1891
f 621/1105/1897 629/1067/1922 628/1043/1919 617/1038/1882
f 623//1902 624//1905 625//1908 626//1911 622//1899
f 627/371/1917 632/370/1935 636/394/1951 631/395/1933
f 628/354/1920 633/353/1938 632/370/1934 627/371/1916
f 629/319/1924 634/318/1942 633/353/1939 628/354/1921
f 630/302/1928 635/301/1946 634/318/1943 629/319/1925
f 631/295/1932 636/294/1950 635/301/1947 630/302/1929
f 632/869/1937 637/927/1955 641/885/1971 636/858/1953
f 633/832/1940 638/834/1958 637/927/1954 632/869/1936
f 634/785/1944 639/737/1962 638/834/1959 633/832/1941
f 635/797/1948 640/763/1966 639/737/1963 634/785/1945
f 636/857/1952 641/884/1970 640/763/1967 635/797/1949
f 637/376/1957 642/375/1976 646/426/1988 641/428/1973
f 638/322/1960 643/321/1978 642/375/1975 637/376/1956
f 639/279/1964 644/278/1981 643/321/1979 638/322/1961
f 640/239/1968 645/238/1984 644/278/1982 639/279/1965
f 641/210/1972 646/211/1987 645/238/1985 640/239/1969
f 643/822/1977 644/928/1980 645/891/1983 646/771/1986 642/738/1974
f 647/1082/1989 652/1032/2010 656/1010/2022 651/1065/2005
f 647/1728/1991 658/1701/2028 657/1709/2024 648/1733/1995
f 648/1155/1994 653/1127/2014 652/1032/2011 647/1082/1990
f 648/1733/1996 657/1709/2025 661/1693/2041 649/1689/2000
f 649/1223/1998 654/1250/2017 653/1127/2013 648/1155/1993
f 649/1689/1999 661/1693/2040 660/1667/2037 650/1645/2004
f 650/1287/2002 655/1377/2020 654/1250/2016 649/1223/1997
f 650/1645/2003 660/1667/2036 659/1684/2033 651/1669/2008
f 651/1324/2006 656/1420/2023 655/1377/2019 650/1287/2001
f 651/1668/2007 659/1685/2032 658/1701/2029 647/1728/1992
f 653//2012 654//2015 655//2018 656//2021 652//2009
f 657/509/2027 662/508/2045 666/538/2061 661/539/2043
f 658/482/2030 663/486/2048 662/508/2044 657/509/2026
f 659/470/2034 664/471/2052 663/486/2049 658/482/2031
f 660/553/2038 665/554/2056 664/580/2053 659/581/2035
f 661/539/2042 666/538/2060 665/554/2057 660/553/2039
f 662/779/2047 667/740/2065 671/845/2081 666/829/2063
f 663/791/2050 668/756/2068 667/740/2064 662/779/2046
f 664/840/2054 669/878/2072 668/756/2069 663/791/2051
f 665/861/2058 670/917/2076 669/876/2073 664/841/2055
f 666/829/2062 671/845/2080 670/917/2077 665/861/2059
f 667/280/2067 672/281/2086 676/323/2098 671/324/2083
f 668/241/2070 673/240/2088 672/281/2085 667/280/2066
f 669/216/2074 674/213/2091 673/240/2089 668/241/2071
f 670/380/2078 675/379/2094 674/433/2092 669/431/2075
f 671/324/2082 676/323/2097 675/379/2095 670/380/2079
f 673/899/2087 674/781/2090 675/732/2093 676/808/2096 672/918/2084
f 677/1690/2099 682/1646/2120 686/1624/2132 681/1670/2115
f 677/888/2101 688/847/2138 687/806/2134 678/824/2105
f 678/1731/2104 683/1710/2124 682/1646/2121 677/1690/2100
f 678/824/2106 687/806/2135 691/767/2151 679/726/2110
f 679/1776/2108 684/1790/2127 683/1710/2123 678/1731/2103
f 679/726/2109 691/767/2150 690/768/2147 680/727/2114
f 680/1813/2112 685/1832/2130 684/1790/2126 679/1776/2107
f 680/727/2113 690/768/2146 689/805/2143 681/825/2118
f 681/1823/2116 686/1844/2133 685/1832/2129 680/1813/2111
f 681/826/2117 689/807/2142 688/847/2139 677/888/2102
f 683//2122 684//2125 685//2128 686//2131 682//2119
f 687/351/2137 692/350/2155 696/364/2171 691/365/2153
f 688/317/2140 693/316/2158 692/350/2154 687/351/2136
f 689/299/2144 694/298/2162 693/316/2159 688/317/2141
f 690/384/2148 695/385/2166 694/402/2163 689/403/2145
f 691/365/2152 696/364/2170 695/385/2167 690/384/2149
f 692/820/2157 697/799/2175 701/907/2191 696/873/2173
f 693/795/2160 698/734/2178 697/799/2174 692/820/2156
f 694/821/2164 699/804/2182 698/734/2179 693/795/2161
f 695/871/2168 700/908/2186 699/803/2183 694/819/2165
f 696/873/2172 701/907/2190 700/908/2187 695/871/2169
f 697/530/2177 702/531/2196 706/590/2208 701/591/2193
f 698/475/2180 703/474/2198 702/531/2195 697/530/2176
f 699/438/2184 704/440/2201 703/474/2199 698/475/2181
f 700/629/2188 705/628/2204 704/658/2202 699/660/2185
f 701/591/2192 706/590/2207 705/628/2205 700/629/2189
f 703/859/2197 704/776/2200 705/711/2203 706/710/2206 702/775/2194
f 707/1325/2209 712/1421/2230 716/1378/2242 711/1288/2225
f 707/1380/2211 718/1349/2248 717/1355/2244 708/1389/2215
f 708/1083/2214 713/1033/2234 712/1008/2231 707/1066/2210
f 708/1389/2216 717/1355/2245 721/1289/2261 709/1286/2220
f 709/1156/2218 714/1128/2237 713/1033/2233 708/1083/2213
f 709/1286/2219 721/1289/2260 720/1261/2257 710/1225/2224
f 710/1224/2222 715/1251/2240 714/1128/2236 709/1156/2217
f 710/1225/2223 720/1261/2256 719/1285/2253 711/1262/2228
f 711/1288/2226 716/1378/2243 715/1251/2239 710/1224/2221
f 711/1262/2227 719/1285/2252 718/1348/2249 707/1379/2212
f 713//2232 714//2235 715//2238 716//2241 712//2229
f 717/104/2247 722/103/2265 726/107/2281 721/108/2263
f 718/100/2250 723/99/2268 722/103/2264 717/104/2246
f 719/116/2254 724/117/2272 723/126/2269 718/123/2251
f 720/112/2258 725/113/2276 724/117/2273 719/116/2255
f 721/108/2262 726/107/2280 725/113/2277 720/112/2259
f 722/778/2267 727/730/2285 731/846/2301 726/830/2283
f 723/792/2270 728/754/2288 727/730/2284 722/778/2266
f 724/839/2274 729/877/2292 728/755/2289 723/790/2271
f 725/862/2278 730/922/2296 729/877/2293 724/839/2275
f 726/830/2282 731/846/2300 730/922/2297 725/862/2279
f 727/245/2287 732/244/2306 736/284/2318 731/285/2303
f 728/215/2290 733/212/2308 732/244/2305 727/245/2286
f 729/382/2294 734/381/2311 733/434/2309 728/435/2291
f 730/327/2298 735/328/2314 734/381/2312 729/382/2295
f 731/285/2302 736/284/2317 735/328/2315 730/327/2299
f 733/900/2307 734/782/2310 735/741/2313 736/811/2316 732/920/2304
f 737/1737/2319 742/1721/2340 746/1660/2352 741/1694/2335
f 737/1165/2321 748/1170/2358 747/1146/2354 738/1106/2325
f 738/1781/2324 743/1797/2344 742/1721/2341 737/1737/2320
f 738/1106/2326 747/1146/2355 751/1157/2371 739/1133/2330
f 739/1821/2328 744/1836/2347 743/1797/2343 738/1781/2323
f 739/1133/2329 751/1157/2370 750/1192/2367 740/1205/2334
f 740/1827/2332 745/1847/2350 744/1836/2346 739/1821/2327
f 740/1206/2333 750/1193/2366 749/1195/2363 741/1226/2338
f 741/1694/2336 746/1660/2353 745/1635/2349 740/1681/2331
f 741/1226/2337 749/1195/2362 748/1170/2359 737/1165/2322
f 743//2342 744//2345 745//2348 746//2351 742//2339
f 747/140/2357 752/141/2375 756/143/2391 751/142/2373
f 748/132/2360 753/133/2378 752/141/2374 747/140/2356
f 749/129/2364 754/128/2382 753/133/2379 748/132/2361
f 750/124/2368 755/125/2386 754/128/2383 749/129/2365
f 751/142/2372 756/143/2390 755/155/2387 750/154/2369
f 752/868/2377 757/926/2395 761/886/2411 756/856/2393
f 753/831/2380 758/833/2398 757/926/2394 752/868/2376
f 754/786/2384 759/739/2402 758/833/2399 753/831/2381
f 755/798/2388 760/765/2406 759/739/2403 754/786/2385
f 756/856/2392 761/886/2410 760/764/2407 755/796/2389
f 757/326/2397 762/325/2416 766/377/2428 761/378/2413
f 758/282/2400 763/283/2418 762/325/2415 757/326/2396
f 759/242/2404 764/243/2421 763/283/2419 758/282/2401
f 760/214/2408 765/217/2424 764/243/2422 759/242/2405
f 761/378/2412 766/377/2427 765/432/2425 760/430/2409
f 763/823/2417 764/929/2420 765/892/2423 766/772/2426 762/736/2414
f 767/959/2429 772/1009/2450 776/968/2462 771/936/2445
f 767/1521/2431 778/1480/2468 777/1485/2464 768/1530/2435
f 768/723/2434 773/703/2454 772/700/2451 767/718/2430
f 768/1530/2436 777/1485/2465 781/1451/2481 769/1446/2440
f 769/787/2438 774/766/2457 773/703/2453 768/723/2433
f 769/1446/2439 781/1451/2480 780/1432/2477 770/1390/2444
f 770/890/2442 775/913/2460 774/766/2456 769/787/2437
f 770/1390/2443 780/1432/2476 779/1445/2473 771/1434/2448
f 771/936/2446 776/968/2463 775/913/2459 770/890/2441
f 771/1434/2447 779/1445/2472 778/1479/2469 767/1520/2432
f 773//2452 774//2455 775//2458 776//2461 772//2449
f 777/483/2467 782/481/2485 786/510/2501 781/511/2483
f 778/467/2470 783/466/2488 782/481/2484 777/483/2466
f 779/555/2474 784/557/2492 783/582/2489 778/583/2471
f 780/541/2478 785/540/2496 784/557/2493 779/555/2475
f 781/511/2482 786/510/2500 785/540/2497 780/541/2479
f 782/780/2487 787/733/2505 791/843/2521 786/828/2503
f 783/793/2490 788/758/2508 787/733/2504 782/780/2486
f 784/842/2494 789/879/2512 788/757/2509 783/789/2491
f 785/863/2498 790/923/2516 789/879/2513 784/842/2495
f 786/828/2502 791/843/2520 790/923/2517 785/863/2499
f 787/477/2507 792/476/2526 796/529/2538 791/528/2523
f 788/437/2510 793/441/2528 792/476/2525 787/477/2506
f 789/626/2514 794/627/2531 793/659/2529 788/657/2511
f 790/589/2518 795/588/2534 794/627/2532 789/626/2515
f 791/528/2522 796/529/2537 795/588/2535 790/589/2519
f 793/902/2527 794/784/2530 795/731/2533 796/810/2536 792/921/2524
f 797/68/2539 800/682/2548 799/690/2545 798/69/2542
f 797/507/2540 801/506/2551 804/11/2558 800/10/2550
f 798/66/2544 802/44/2554 801/43/2552 797/67/2541
f 799/502/2547 803/503/2556 802/13/2553 798/12/2543
f 800/18/2549 804/42/2557 803/41/2555 799/9/2546
f 805/999/2561 811/997/2578 812/1094/2580 806/1095/2564
f 806/1997/2562 807/1995/2565 808/1986/2568 809/1969/2571 810/1970/2574 805/1989/2559
f 806/1095/2563 812/1094/2579 813/1185/2582 807/1184/2567
f 807/1184/2566 813/1185/2581 814/1279/2584 808/1280/2570
f 808/1280/2569 814/1279/2583 815/1405/2586 809/1406/2573
f 809/1406/2572 815/1405/2585 816/1503/2588 810/1502/2576
f 810/1502/2575 816/1503/2587 811/1592/2577 805/1588/2560
f 817/1478/2589 825/1453/2621 832/1419/2635 824/1427/2617
f 817/1478/2591 834/1550/102 833/1632/101 818/1541/2595
f 818/1541/2594 826/1509/2624 825/1453/2622 817/1478/2590
f 818/1018/2596 833/932/101 840/981/108 819/1059/2600
f 819/1059/2598 827/1096/2626 826/1050/2623 818/1018/2593
f 819/1059/2599 840/981/108 839/1074/107 820/1118/2604
f 820/1118/2602 828/1153/2628 827/1096/2625 819/1059/2597
f 820/1118/2603 839/1074/107 838/1164/106 821/1188/2608
f 821/1188/2606 829/1194/2630 828/1153/2627 820/1118/2601
f 821/1188/2607 838/1164/106 837/1243/105 822/1253/2612
f 822/1253/2610 830/1259/2632 829/1194/2629 821/1188/2605
f 822/1253/2611 837/1243/105 836/1359/104 823/1354/2616
f 823/1354/2614 831/1343/2634 830/1259/2631 822/1253/2609
f 823/1354/2615 836/1359/104 835/1454/103 824/1427/2620
f 824/1427/2618 832/1419/2636 831/1343/2633 823/1354/2613
f 824/1427/2619 835/1454/103 834/1550/102 817/1478/2592
f 833/932/101 841/931/109 848/964/116 840/981/108
f 834/1550/102 842/1568/110 841/1643/109 833/1632/101
f 835/1454/103 843/1469/111 842/1568/110 834/1550/102
f 836/1359/104 844/1367/112 843/1469/111 835/1454/103
f 837/1243/105 845/1242/113 844/1367/112 836/1359/104
f 838/1164/106 846/1154/114 845/1242/113 837/1243/105
f 839/1074/107 847/1055/115 846/1154/114 838/1164/106
f 840/981/108 848/964/116 847/1055/115 839/1074/107
f 841/931/109 849/689/117 856/752/124 848/964/116
f 842/1568/110 850/1720/118 849/1803/117 841/1643/109
f 843/1469/111 851/1614/119 850/1720/118 842/1568/110
f 844/1367/112 852/1435/120 851/1614/119 843/1469/111
f 845/1242/113 853/1212/121 852/1435/120 844/1367/112
f 846/1154/114 854/1049/122 853/1212/121 845/1242/113
f 847/1055/115 855/930/123 854/1049/122 846/1154/114
f 848/964/116 856/752/124 855/930/123 847/1055/115
f 849/1958/117 857/1934/125 856/1935/124
f 850/1962/118 857/1934/125 849/1958/117
f 851/1957/119 857/1934/125 850/1962/118
f 852/1933/120 857/1934/125 851/1957/119
f 853/1910/121 857/1934/125 852/1933/120
f 854/1898/122 857/1934/125 853/1910/121
f 855/1911/123 857/1934/125 854/1898/122
f 856/1935/124 857/1934/125 855/1911/123
f 858/1629/2639 864/1649/2656 865/1606/2658 859/1607/2642
f 859/2005/2640 860/1982/2643 861/1968/2646 862/1979/2649 863/2002/2652 858/2009/2637
f 859/1607/2641 865/1606/2657 866/1591/2660 860/1628/2645
f 860/1628/2644 866/1591/2659 867/1636/2662 861/1661/2648
f 861/1661/2647 867/1636/2661 868/1676/2664 862/1675/2651
f 862/1675/2650 868/1676/2663 869/1688/2666 863/1662/2654
f 863/1662/2653 869/1688/2665 864/1649/2655 858/1629/2638
f 870/988/2669 876/1001/2686 877/1125/2688 871/1126/2672
f 871/2007/2670 872/1998/2673 873/1974/2676 874/1964/2679 875/1985/2682 870/2006/2667
f 871/1126/2671 877/1125/2687 878/1249/2690 872/1248/2675
f 872/1248/2674 878/1249/2689 879/1418/2692 873/1417/2678
f 873/1417/2677 879/1418/2691 880/1544/2694 874/1543/2681
f 874/1543/2680 880/1544/2693 881/1652/2696 875/1653/2684
f 875/1653/2683 881/1652/2695 876/1745/2685 870/1744/2668
f 882/1988/2699 888/1993/2716 889/1973/2718 883/1984/2702
f 883/1766/2700 884/1748/2703 885/1756/2706 886/1770/2709 887/1778/2712 882/1775/2697
f 883/1984/2701 889/1973/2717 890/1966/2720 884/1975/2705
f 884/1975/2704 890/1966/2719 891/1972/2722 885/1983/2708
f 885/1983/2707 891/1972/2721 892/1991/2724 886/1987/2711
f 886/1987/2710 892/1991/2723 893/1996/2726 887/1990/2714
f 887/1990/2713 893/1996/2725 888/1993/2715 882/1988/2698
f 894/1932/2729 900/1939/2746 901/1931/2748 895/1928/2732
f 895/676/2730 896/668/2733 897/652/2736 898/665/2739 899/673/2742 894/681/2727
f 895/1928/2731 901/1931/2747 902/1919/2750 896/1920/2735
f 896/1920/2734 902/1919/2749 903/1913/2752 897/1914/2738
f 897/1914/2737 903/1913/2751 904/1908/2754 898/1912/2741
f 898/1912/2740 904/1908/2753 905/1907/2756 899/1909/2744
f 899/1936/2743 905/1948/2755 900/1939/2745 894/1932/2728
f 906/687/2757 909/1854/2766 908/1856/2763 907/688/2760
f 906/1850/2758 910/1851/2769 913/686/2779 909/685/2768
f 907/81/2762 911/60/2774 910/59/2771 906/80/2759
f 908/1852/2765 912/1853/2776 911/687/2772 907/693/2761
f 909/16/2767 913/57/2778 912/58/2775 908/17/2764
f 911/1858/2773 912/692/2777 913/691/2780 910/1857/2770
f 914/683/2783 920/695/2800 921/707/2802 915/704/2786
f 915/1890/2784 916/1876/2787 917/1870/2790 918/1875/2793 919/1884/2796 914/1893/2781
f 915/704/2785 921/707/2801 922/751/2804 916/748/2789
f 916/748/2788 922/751/2803 923/815/2806 917/814/2792
f 917/814/2791 923/815/2805 924/898/2808 918/896/2795
f 918/896/2794 924/898/2807 925/951/2810 919/948/2798
f 919/948/2797 925/951/2809 920/995/2799 914/982/2782
f 926/749/2813 932/750/2830 933/813/2832 927/812/2816
f 927/1674/2814 928/1627/2817 929/1597/2820 930/1626/2823 931/1673/2826 926/1697/2811
f 927/812/2815 933/813/2831 934/897/2834 928/895/2819
f 928/895/2818 934/897/2833 935/950/2836 929/949/2822
f 929/949/2821 935/950/2835 936/984/2838 930/983/2825
f 930/684/2824 936/694/2837 937/706/2840 931/705/2828
f 931/705/2827 937/706/2839 932/750/2829 926/749/2812
f 938/1499/2843 944/1498/2860 945/1595/2862 939/1596/2846
f 939/1782/2844 940/1736/2847 941/1687/2850 942/1692/2853 943/1755/2856 938/1789/2841
f 939/990/2845 945/994/2861 946/1089/2864 940/1088/2849
f 940/1088/2848 946/1089/2863 947/1181/2866 941/1180/2852
f 941/1180/2851 947/1181/2865 948/1275/2868 942/1276/2855
f 942/1276/2854 948/1275/2867 949/1401/2870 943/1402/2858
f 943/1402/2857 949/1401/2869 944/1498/2859 938/1499/2842
f 950/1499/2873 956/1498/2890 957/1595/2892 951/1596/2876
f 951/1782/2874 952/1736/2877 953/1687/2880 954/1692/2883 955/1755/2886 950/1789/2871
f 951/990/2875 957/994/2891 958/1089/2894 952/1088/2879
f 952/1088/2878 958/1089/2893 959/1181/2896 953/1180/2882
f 953/1180/2881 959/1181/2895 960/1275/2898 954/1276/2885
f 954/1276/2884 960/1275/2897 961/1401/2900 955/1402/2888
f 955/1402/2887 961/1401/2899 956/1498/2889 950/1499/2872
f 962/320/2903 968/361/2920 969/352/2922 963/315/2906
f 963/670/2904 964/651/2907 965/664/2910 966/672/2913 967/680/2916 962/677/2901
f 963/315/2905 969/352/2921 970/311/2924 964/300/2909
f 964/300/2908 970/311/2923 971/288/2926 965/289/2912
f 965/289/2911 971/288/2925 972/259/2928 966/267/2915
f 966/267/2914 972/259/2927 973/237/2930 967/257/2918
f 967/257/2917 973/237/2929 968/234/2919 962/254/2902
f 974/320/2933 980/361/2950 981/352/2952 975/315/2936
f 975/670/2934 976/651/2937 977/664/2940 978/672/2943 979/680/2946 974/677/2931
f 975/315/2935 981/352/2951 982/311/2954 976/300/2939
f 976/300/2938 982/311/2953 983/288/2956 977/289/2942
f 977/289/2941 983/288/2955 984/259/2958 978/267/2945
f 978/267/2944 984/259/2957 985/237/2960 979/257/2948
f 979/257/2947 985/237/2959 980/234/2949 974/254/2932
f 986/1655/2963 992/1654/2980 993/1746/2982 987/1747/2966
f 987/2004/2964 988/1981/2967 989/1967/2970 990/1978/2973 991/2001/2976 986/2008/2961
f 987/987/2965 993/986/2981 994/1123/2984 988/1124/2969
f 988/1124/2968 994/1123/2983 995/1245/2986 989/1246/2972
f 989/1246/2971 995/1245/2985 996/1415/2988 990/1416/2975
f 990/1416/2974 996/1415/2987 997/1545/2990 991/1546/2978
f 991/1546/2977 997/1545/2989 992/1654/2979 986/1655/2962
f 998/1655/2993 1004/1654/3010 1005/1746/3012 999/1747/2996
f 999/2004/2994 1000/1981/2997 1001/1967/3000 1002/1978/3003 1003/2001/3006 998/2008/2991
f 999/987/2995 1005/986/3011 1006/1123/3014 1000/1124/2999
f 1000/1124/2998 1006/1123/3013 1007/1245/3016 1001/1246/3002
f 1001/1246/3001 1007/1245/3015 1008/1415/3018 1002/1416/3005
f 1002/1416/3004 1008/1415/3017 1009/1545/3020 1003/1546/3008
f 1003/1546/3007 1009/1545/3019 1004/1654/3009 998/1655/2992
f 1010/912/3023 1016/911/3041 1017/960/3044 1011/961/3026
f 1011/1887/3024 1012/1879/3027 1013/1868/3030 1014/1878/3033 1015/1886/3036 1010/1891/3021
f 1011/961/3025 1017/960/3043 1018/1012/3047 1012/1013/3029
f 1012/1013/3028 1018/1012/3046 1019/1077/3050 1013/1076/3032
f 1013/712/3031 1019/713/3049 1020/761/3053 1014/762/3035
f 1014/762/3034 1020/761/3052 1021/835/3056 1015/836/3038
f 1015/836/3037 1021/835/3055 1016/911/3040 1010/912/3022
f 1016/1707/3039 1021/1734/3054 1020/1772/3051 1019/1794/3048 1018/1773/3045 1017/1735/3042
f 1022/912/3059 1028/911/3077 1029/960/3080 1023/961/3062
f 1023/1887/3060 1024/1879/3063 1025/1868/3066 1026/1878/3069 1027/1886/3072 1022/1891/3057
f 1023/961/3061 1029/960/3079 1030/1012/3083 1024/1013/3065
f 1024/1013/3064 1030/1012/3082 1031/1077/3086 1025/1076/3068
f 1025/712/3067 1031/713/3085 1032/761/3089 1026/762/3071
f 1026/762/3070 1032/761/3088 1033/835/3092 1027/836/3074
f 1027/836/3073 1033/835/3091 1028/911/3076 1022/912/3058
f 1028/1707/3075 1033/1734/3090 1032/1772/3087 1031/1794/3084 1030/1773/3081 1029/1735/3078
f 1034/1769/3095 1038/1706/3106 1039/1705/3108 1035/1767/3097 1042/1768/3114
f 1035/1044/3096 1039/1048/3107 1040/1381/3110 1036/1368/3100 1045/1291/3124 1044/1080/3119
f 1036/1806/3099 1040/1838/3109 1041/1840/3111 1037/1809/3103 1043/1807/3117
f 1037/1801/3104 1041/1802/3112 1038/1594/3105 1034/1593/3094
f 1042/1855/3113 1046/1865/3129 1047/1882/3134 1043/1895/3116 1037/1897/3102 1034/1860/3093
f 1043/1895/3118 1047/1882/3135 1045/1883/3125 1036/1896/3101
f 1044/1866/3120 1046/1865/3130 1042/1855/3115 1035/1859/3098
f 1044/1903/3122 1050/1944/3146 1051/1945/3148 1046/1904/3131
f 1045/1291/3128 1056/1190/3167 1044/1080/3123
f 1046/985/3132 1057/1107/3168 1047/1204/3137
f 1047/1947/3136 1048/1906/3140 1049/1905/3143 1045/1946/3126
f 1047/1204/3138 1057/1107/3172 1054/1201/3159 1048/1241/3141
f 1048/1241/3139 1054/1201/3157 1053/1217/3154 1049/1260/3142
f 1049/1260/3144 1053/1217/3156 1056/1190/3166 1045/1291/3127
f 1050/1047/3145 1044/1080/3121 1056/1190/3163 1052/1081/3151
f 1051/1027/3150 1055/1060/3162 1057/1107/3171 1046/985/3133
f 1052/1081/3153 1055/1060/3161 1051/1027/3149 1050/1047/3147
f 1056/63/3164 1057/40/3169 1055/14/3160 1052/31/3152
f 1057/40/3170 1056/63/3165 1053/77/3155 1054/72/3158
f 1058/1769/3175 1062/1706/3186 1063/1705/3188 1059/1767/3177 1066/1768/3194
f 1059/1044/3176 1063/1048/3187 1064/1381/3190 1060/1368/3180 1069/1291/3204 1068/1080/3199
f 1060/1806/3179 1064/1838/3189 1065/1840/3191 1061/1809/3183 1067/1807/3197
f 1061/1801/3184 1065/1802/3192 1062/1594/3185 1058/1593/3174
f 1066/1855/3193 1070/1865/3209 1071/1882/3214 1067/1895/3196 1061/1897/3182 1058/1860/3173
f 1067/1895/3198 1071/1882/3215 1069/1883/3205 1060/1896/3181
f 1068/1866/3200 1070/1865/3210 1066/1855/3195 1059/1859/3178
f 1068/1903/3202 1074/1944/3226 1075/1945/3228 1070/1904/3211
f 1069/1291/3208 1080/1190/3247 1068/1080/3203
f 1070/985/3212 1081/1107/3248 1071/1204/3217
f 1071/1947/3216 1072/1906/3220 1073/1905/3223 1069/1946/3206
f 1071/1204/3218 1081/1107/3252 1078/1201/3239 1072/1241/3221
f 1072/1241/3219 1078/1201/3237 1077/1217/3234 1073/1260/3222
f 1073/1260/3224 1077/1217/3236 1080/1190/3246 1069/1291/3207
f 1074/1047/3225 1068/1080/3201 1080/1190/3243 1076/1081/3231
f 1075/1027/3230 1079/1060/3242 1081/1107/3251 1070/985/3213
f 1076/1081/3233 1079/1060/3241 1075/1027/3229 1074/1047/3227
f 1080/63/3244 1081/40/3249 1079/14/3240 1076/31/3232
f 1081/40/3250 1080/63/3245 1077/77/3235 1078/72/3238
f 1082/1000/3255 1088/999/3272 1089/1092/3274 1083/1093/3258
f 1083/1800/3256 1084/1774/3259 1085/1715/3262 1086/1686/3265 1087/1714/3268 1082/1771/3253
f 1083/1093/3257 1089/1092/3273 1090/1186/3276 1084/1187/3261
f 1084/1187/3260 1090/1186/3275 1091/1277/3278 1085/1278/3264
f 1085/1278/3263 1091/1277/3277 1092/1407/3280 1086/1408/3267
f 1086/1408/3266 1092/1407/3279 1093/1500/3282 1087/1501/3270
f 1087/1501/3269 1093/1500/3281 1088/1589/3271 1082/1590/3254
f 1094/1000/3285 1100/999/3302 1101/1092/3304 1095/1093/3288
f 1095/1800/3286 1096/1774/3289 1097/1715/3292 1098/1686/3295 1099/1714/3298 1094/1771/3283
f 1095/1093/3287 1101/1092/3303 1102/1186/3306 1096/1187/3291
f 1096/1187/3290 1102/1186/3305 1103/1277/3308 1097/1278/3294
f 1097/1278/3293 1103/1277/3307 1104/1407/3310 1098/1408/3297
f 1098/1408/3296 1104/1407/3309 1105/1500/3312 1099/1501/3300
f 1099/1501/3299 1105/1500/3311 1100/1589/3301 1094/1590/3284
f 1106/1183/3315 1112/1182/3332 1113/1273/3334 1107/1274/3318
f 1107/1992/3316 1108/1971/3319 1109/1965/3322 1110/1976/3325 1111/1994/3328 1106/1999/3313
f 1107/1274/3317 1113/1273/3333 1114/1403/3336 1108/1404/3321
f 1108/1404/3320 1114/1403/3335 1115/1496/3338 1109/1497/3324
f 1109/1497/3323 1115/1496/3337 1116/1586/3340 1110/1587/3327
f 1110/992/3326 1116/991/3339 1117/1090/3342 1111/1091/3330
f 1111/1091/3329 1117/1090/3341 1112/1182/3331 1106/1183/3314
f 1118/1183/3345 1124/1182/3362 1125/1273/3364 1119/1274/3348
f 1119/1992/3346 1120/1971/3349 1121/1965/3352 1122/1976/3355 1123/1994/3358 1118/1999/3343
f 1119/1274/3347 1125/1273/3363 1126/1403/3366 1120/1404/3351
f 1120/1404/3350 1126/1403/3365 1127/1496/3368 1121/1497/3354
f 1121/1497/3353 1127/1496/3367 1128/1586/3370 1122/1587/3357
f 1122/992/3356 1128/991/3369 1129/1090/3372 1123/1091/3360
f 1123/1091/3359 1129/1090/3371 1124/1182/3361 1118/1183/3344
f 1130/1650/3375 1136/1651/3392 1137/1743/3394 1131/1742/3378
f 1131/2003/3376 1132/1977/3379 1133/1963/3382 1134/1980/3385 1135/2000/3388 1130/2010/3373
f 1131/993/3377 1137/989/3393 1138/1122/3396 1132/1121/3381
f 1132/1121/3380 1138/1122/3395 1139/1244/3398 1133/1247/3384
f 1133/1247/3383 1139/1244/3397 1140/1413/3400 1134/1414/3387
f 1134/1414/3386 1140/1413/3399 1141/1547/3402 1135/1542/3390
f 1135/1542/3389 1141/1547/3401 1136/1651/3391 1130/1650/3374
f 1142/1650/3405 1148/1651/3422 1149/1743/3424 1143/1742/3408
f 1143/2003/3406 1144/1977/3409 1145/1963/3412 1146/1980/3415 1147/2000/3418 1142/2010/3403
f 1143/993/3407 1149/989/3423 1150/1122/3426 1144/1121/3411
f 1144/1121/3410 1150/1122/3425 1151/1244/3428 1145/1247/3414
f 1145/1247/3413 1151/1244/3427 1152/1413/3430 1146/1414/3417
f 1146/1414/3416 1152/1413/3429 1153/1547/3432 1147/1542/3420
f 1147/1542/3419 1153/1547/3431 1148/1651/3421 1142/1650/3404
f 1154/1272/3435 1160/1271/3453 1161/1360/3456 1155/1361/3438
f 1155/1889/3436 1156/1881/3439 1157/1869/3442 1158/1880/3445 1159/1888/3448 1154/1892/3433
f 1155/1361/3437 1161/1360/3455 1162/1440/3459 1156/1441/3441
f 1156/1441/3440 1162/1440/3458 1163/1516/3462 1157/1517/3444
f 1157/1078/3443 1163/1077/3461 1164/1151/3465 1158/1152/3447
f 1158/1152/3446 1164/1151/3464 1165/1202/3468 1159/1203/3450
f 1159/1203/3449 1165/1202/3467 1160/1271/3452 1154/1272/3434
f 1160/1867/3451 1165/1877/3466 1164/1885/3463 1163/1894/3460 1162/1886/3457 1161/1878/3454
f 1166/1272/3471 1172/1271/3489 1173/1360/3492 1167/1361/3474
f 1167/1889/3472 1168/1881/3475 1169/1869/3478 1170/1880/3481 1171/1888/3484 1166/1892/3469
f 1167/1361/3473 1173/1360/3491 1174/1440/3495 1168/1441/3477
f 1168/1441/3476 1174/1440/3494 1175/1516/3498 1169/1517/3480
f 1169/1078/3479 1175/1077/3497 1176/1151/3501 1170/1152/3483
f 1170/1152/3482 1176/1151/3500 1177/1202/3504 1171/1203/3486
f 1171/1203/3485 1177/1202/3503 1172/1271/3488 1166/1272/3470
f 1172/1867/3487 1177/1877/3502 1176/1885/3499 1175/1894/3496 1174/1886/3493 1173/1878/3490
f 1178/615/3507 1184/632/3524 1185/623/3526 1179/608/3510
f 1179/669/3508 1180/650/3511 1181/663/3514 1182/671/3517 1183/679/3520 1178/678/3505
f 1179/608/3509 1185/623/3525 1186/607/3528 1180/598/3513
f 1180/598/3512 1186/607/3527 1187/578/3530 1181/577/3516
f 1181/577/3515 1187/578/3529 1188/537/3532 1182/544/3519
f 1182/544/3518 1188/537/3531 1189/493/3534 1183/536/3522
f 1183/536/3521 1189/493/3533 1184/480/3523 1178/525/3506
f 1190/615/3537 1196/632/3554 1197/623/3556 1191/608/3540
f 1191/669/3538 1192/650/3541 1193/663/3544 1194/671/3547 1195/679/3550 1190/678/3535
f 1191/608/3539 1197/623/3555 1198/607/3558 1192/598/3543
f 1192/598/3542 1198/607/3557 1199/578/3560 1193/577/3546
f 1193/577/3545 1199/578/3559 1200/537/3562 1194/544/3549
f 1194/544/3548 1200/537/3561 1201/493/3564 1195/536/3552
f 1195/536/3551 1201/493/3563 1196/480/3553 1190/525/3536
f 1202/1842/3567 1206/1810/3578 1207/1808/3580 1203/1840/3569 1210/1841/3586
f 1203/1433/3568 1207/1437/3579 1208/1708/3582 1204/1700/3572 1213/1672/3596 1212/1470/3591
f 1204/1804/3571 1208/1837/3581 1209/1839/3583 1205/1806/3575 1211/1805/3589
f 1205/653/3576 1209/654/3584 1206/505/3577 1202/504/3566
f 1210/996/3585 1214/1045/3601 1215/1254/3606 1211/1322/3588 1205/1321/3574 1202/1003/3565
f 1211/1322/3590 1215/1254/3607 1213/1255/3597 1204/1323/3573
f 1212/1046/3592 1214/1045/3602 1210/996/3587 1203/1002/3570
f 1212/1899/3594 1218/1940/3618 1219/1941/3620 1214/1900/3603
f 1213/1672/3600 1224/1580/3639 1212/1470/3595
f 1214/1382/3604 1225/1508/3640 1215/1609/3609
f 1215/1943/3608 1216/1902/3612 1217/1901/3615 1213/1942/3598
f 1215/1609/3610 1225/1508/3644 1222/1608/3631 1216/1637/3613
f 1216/1637/3611 1222/1608/3629 1221/1623/3626 1217/1648/3614
f 1217/1648/3616 1221/1623/3628 1224/1580/3638 1213/1672/3599
f 1218/1436/3617 1212/1470/3593 1224/1580/3635 1220/1471/3623
f 1219/1425/3622 1223/1452/3634 1225/1508/3643 1214/1382/3605
f 1220/1471/3625 1223/1452/3633 1219/1425/3621 1218/1436/3619
f 1224/1336/3636 1225/1175/3641 1223/998/3632 1220/1075/3624
f 1225/1175/3642 1224/1336/3637 1221/1532/3627 1222/1444/3630
f 1226/1842/3647 1230/1810/3658 1231/1808/3660 1227/1840/3649 1234/1841/3666
f 1227/1433/3648 1231/1437/3659 1232/1708/3662 1228/1700/3652 1237/1672/3676 1236/1470/3671
f 1228/1804/3651 1232/1837/3661 1233/1839/3663 1229/1806/3655 1235/1805/3669
f 1229/653/3656 1233/654/3664 1230/505/3657 1226/504/3646
f 1234/996/3665 1238/1045/3681 1239/1254/3686 1235/1322/3668 1229/1321/3654 1226/1003/3645
f 1235/1322/3670 1239/1254/3687 1237/1255/3677 1228/1323/3653
f 1236/1046/3672 1238/1045/3682 1234/996/3667 1227/1002/3650
f 1236/1899/3674 1242/1940/3698 1243/1941/3700 1238/1900/3683
f 1237/1672/3680 1248/1580/3719 1236/1470/3675
f 1238/1382/3684 1249/1508/3720 1239/1609/3689
f 1239/1943/3688 1240/1902/3692 1241/1901/3695 1237/1942/3678
f 1239/1609/3690 1249/1508/3724 1246/1608/3711 1240/1637/3693
f 1240/1637/3691 1246/1608/3709 1245/1623/3706 1241/1648/3694
f 1241/1648/3696 1245/1623/3708 1248/1580/3718 1237/1672/3679
f 1242/1436/3697 1236/1470/3673 1248/1580/3715 1244/1471/3703
f 1243/1425/3702 1247/1452/3714 1249/1508/3723 1238/1382/3685
f 1244/1471/3705 1247/1452/3713 1243/1425/3701 1242/1436/3699
f 1248/1336/3716 1249/1175/3721 1247/998/3712 1244/1075/3704
f 1249/1175/3722 1248/1336/3717 1245/1532/3707 1246/1444/3710
f 1250/1478/3725 1258/1453/3757 1265/1419/3771 1257/1427/3753
f 1250/1478/3727 1267/1550/127 1266/1632/126 1251/1541/3731
f 1251/1541/3730 1259/1509/3760 1258/1453/3758 1250/1478/3726
f 1251/1018/3732 1266/932/126 1273/981/133 1252/1059/3736
f 1252/1059/3734 1260/1096/3762 1259/1050/3759 1251/1018/3729
f 1252/1059/3735 1273/981/133 1272/1074/132 1253/1118/3740
f 1253/1118/3738 1261/1153/3764 1260/1096/3761 1252/1059/3733
f 1253/1118/3739 1272/1074/132 1271/1164/131 1254/1188/3744
f 1254/1188/3742 1262/1194/3766 1261/1153/3763 1253/1118/3737
f 1254/1188/3743 1271/1164/131 1270/1243/130 1255/1253/3748
f 1255/1253/3746 1263/1259/3768 1262/1194/3765 1254/1188/3741
f 1255/1253/3747 1270/1243/130 1269/1359/129 1256/1354/3752
f 1256/1354/3750 1264/1343/3770 1263/1259/3767 1255/1253/3745
f 1256/1354/3751 1269/1359/129 1268/1454/128 1257/1427/3756
f 1257/1427/3754 1265/1419/3772 1264/1343/3769 1256/1354/3749
f 1257/1427/3755 1268/1454/128 1267/1550/127 1250/1478/3728
f 1266/932/126 1274/931/134 1281/964/141 1273/981/133
f 1267/1550/127 1275/1568/135 1274/1643/134 1266/1632/126
f 1268/1454/128 1276/1469/136 1275/1568/135 1267/1550/127
f 1269/1359/129 1277/1367/137 1276/1469/136 1268/1454/128
f 1270/1243/130 1278/1242/138 1277/1367/137 1269/1359/129
f 1271/1164/131 1279/1154/139 1278/1242/138 1270/1243/130
f 1272/1074/132 1280/1055/140 1279/1154/139 1271/1164/131
f 1273/981/133 1281/964/141 1280/1055/140 1272/1074/132
f 1274/931/134 1282/689/142 1289/752/149 1281/964/141
f 1275/1568/135 1283/1720/143 1282/1803/142 1274/1643/134
f 1276/1469/136 1284/1614/144 1283/1720/143 1275/1568/135
f 1277/1367/137 1285/1435/145 1284/1614/144 1276/1469/136
f 1278/1242/138 1286/1212/146 1285/1435/145 1277/1367/137
f 1279/1154/139 1287/1049/147 1286/1212/146 1278/1242/138
f 1280/1055/140 1288/930/148 1287/1049/147 1279/1154/139
f 1281/964/141 1289/752/149 1288/930/148 1280/1055/140
f 1282/1958/142 1290/1934/150 1289/1935/149
f 1283/1962/143 1290/1934/150 1282/1958/142
f 1284/1957/144 1290/1934/150 1283/1962/143
f 1285/1933/145 1290/1934/150 1284/1957/144
f 1286/1910/146 1290/1934/150 1285/1933/145
f 1287/1898/147 1290/1934/150 1286/1910/146
f 1288/1911/148 1290/1934/150 1287/1898/147
f 1289/1935/149 1290/1934/150 1288/1911/148
f 1291/1629/3775 1297/1649/3792 1298/1606/3794 1292/1607/3778
f 1292/2005/3776 1293/1982/3779 1294/1968/3782 1295/1979/3785 1296/2002/3788 1291/2009/3773
f 1292/1607/3777 1298/1606/3793 1299/1591/3796 1293/1628/3781
f 1293/1628/3780 1299/1591/3795 1300/1636/3798 1294/1661/3784
f 1294/1661/3783 1300/1636/3797 1301/1676/3800 1295/1675/3787
f 1295/1675/3786 1301/1676/3799 1302/1688/3802 1296/1662/3790
f 1296/1662/3789 1302/1688/3801 1297/1649/3791 1291/1629/3774
f 1303/988/3805 1309/1001/3822 1310/1125/3824 1304/1126/3808
f 1304/2007/3806 1305/1998/3809 1306/1974/3812 1307/1964/3815 1308/1985/3818 1303/2006/3803
f 1304/1126/3807 1310/1125/3823 1311/1249/3826 1305/1248/3811
f 1305/1248/3810 1311/1249/3825 1312/1418/3828 1306/1417/3814
f 1306/1417/3813 1312/1418/3827 1313/1544/3830 1307/1543/3817
f 1307/1543/3816 1313/1544/3829 1314/1652/3832 1308/1653/3820
f 1308/1653/3819 1314/1652/3831 1309/1745/3821 1303/1744/3804
f 1315/1988/3835 1321/1993/3852 1322/1973/3854 1316/1984/3838
f 1316/1766/3836 1317/1748/3839 1318/1756/3842 1319/1770/3845 1320/1778/3848 1315/1775/3833
f 1316/1984/3837 1322/1973/3853 1323/1966/3856 1317/1975/3841
f 1317/1975/3840 1323/1966/3855 1324/1972/3858 1318/1983/3844
f 1318/1983/3843 1324/1972/3857 1325/1991/3860 1319/1987/3847
f 1319/1987/3846 1325/1991/3859 1326/1996/3862 1320/1990/3850
f 1320/1990/3849 1326/1996/3861 1321/1993/3851 1315/1988/3834
f 1327/1932/3865 1333/1939/3882 1334/1931/3884 1328/1928/3868
f 1328/676/3866 1329/668/3869 1330/652/3872 1331/665/3875 1332/673/3878 1327/681/3863
f 1328/1928/3867 1334/1931/3883 1335/1919/3886 1329/1920/3871
f 1329/1920/3870 1335/1919/3885 1336/1913/3888 1330/1914/3874
f 1330/1914/3873 1336/1913/3887 1337/1908/3890 1331/1912/3877
f 1331/1912/3876 1337/1908/3889 1338/1907/3892 1332/1909/3880
f 1332/1936/3879 1338/1948/3891 1333/1939/3881 1327/1932/3864
f 1339/687/3893 1342/1854/3902 1341/1856/3899 1340/688/3896
f 1339/1850/3894 1343/1851/3905 1346/686/3915 1342/685/3904
f 1340/81/3898 1344/60/3910 1343/59/3907 1339/80/3895
f 1341/1852/3901 1345/1853/3912 1344/687/3908 1340/693/3897
f 1342/16/3903 1346/57/3914 1345/58/3911 1341/17/3900
f 1344/1858/3909 1345/692/3913 1346/691/3916 1343/1857/3906
f 1347/683/3919 1353/695/3936 1354/707/3938 1348/704/3922
f 1348/1890/3920 1349/1876/3923 1350/1870/3926 1351/1875/3929 1352/1884/3932 1347/1893/3917
f 1348/704/3921 1354/707/3937 1355/751/3940 1349/748/3925
f 1349/748/3924 1355/751/3939 1356/815/3942 1350/814/3928
f 1350/814/3927 1356/815/3941 1357/898/3944 1351/896/3931
f 1351/896/3930 1357/898/3943 1358/951/3946 1352/948/3934
f 1352/948/3933 1358/951/3945 1353/995/3935 1347/982/3918
f 1359/749/3949 1365/750/3966 1366/813/3968 1360/812/3952
f 1360/1674/3950 1361/1627/3953 1362/1597/3956 1363/1626/3959 1364/1673/3962 1359/1697/3947
f 1360/812/3951 1366/813/3967 1367/897/3970 1361/895/3955
f 1361/895/3954 1367/897/3969 1368/950/3972 1362/949/3958
f 1362/949/3957 1368/950/3971 1369/984/3974 1363/983/3961
f 1363/684/3960 1369/694/3973 1370/706/3976 1364/705/3964
f 1364/705/3963 1370/706/3975 1365/750/3965 1359/749/3948
f 1371/999/3979 1377/997/3996 1378/1094/3998 1372/1095/3982
f 1372/1997/3980 1373/1995/3983 1374/1986/3986 1375/1969/3989 1376/1970/3992 1371/1989/3977
f 1372/1095/3981 1378/1094/3997 1379/1185/4000 1373/1184/3985
f 1373/1184/3984 1379/1185/3999 1380/1279/4002 1374/1280/3988
f 1374/1280/3987 1380/1279/4001 1381/1405/4004 1375/1406/3991
f 1375/1406/3990 1381/1405/4003 1382/1503/4006 1376/1502/3994
f 1376/1502/3993 1382/1503/4005 1377/1592/3995 1371/1588/3978
f 1383/68/4007 1386/682/4016 1385/690/4013 1384/69/4010
f 1383/507/4008 1387/506/4019 1390/11/4026 1386/10/4018
f 1384/66/4012 1388/44/4022 1387/43/4020 1383/67/4009
f 1385/502/4015 1389/503/4024 1388/13/4021 1384/12/4011
f 1386/18/4017 1390/42/4025 1389/41/4023 1385/9/4014
g cube208_glass
usemtl glass
f 60/1959/308 61/1956/311 62/1950/314 63/1938/317 64/1930/320 65/1927/323 66/1929/326 67/1937/329 68/1949/332 59/1955/305
f 100/1824/408 101/1816/411 102/1784/414 103/1762/417 104/1723/420 105/1703/423 106/1722/426 107/1761/429 108/1783/432 99/1815/405
f 140/451/508 141/423/511 142/373/514 143/296/517 144/252/520 145/228/523 146/253/526 147/297/529 148/372/532 139/422/505
f 180/965/608 181/947/611 182/853/614 183/715/617 184/674/620 185/667/623 186/675/626 187/714/629 188/852/632 179/946/605
f 220/1825/708 221/1818/711 222/1786/714 223/1763/717 224/1725/720 225/1704/723 226/1724/726 227/1762/729 228/1785/732 219/1817/705
f 260/1826/808 261/1820/811 262/1788/814 263/1765/817 264/1727/820 265/1702/823 266/1726/826 267/1764/829 268/1787/832 259/1819/805
f 300/1961/948 301/1953/951 302/1916/954 303/1871/957 304/1861/960 305/1834/963 306/1862/966 307/1874/969 308/1918/972 299/1954/945
f 340/1960/1088 341/1951/1091 342/1915/1094 343/1872/1097 344/1863/1100 345/1835/1103 346/1864/1106 347/1873/1109 348/1917/1112 339/1952/1085
f 428/229/1332 429/218/1335 430/183/1338 431/145/1341 432/131/1344 433/122/1347 434/130/1350 435/144/1353 436/184/1356 427/219/1329
f 468/121/1432 469/114/1435 470/102/1438 471/92/1441 472/75/1444 473/74/1447 474/76/1450 475/93/1453 476/101/1456 467/115/1429
f 508/73/1532 509/70/1535 510/61/1538 511/38/1541 512/20/1544 513/15/1547 514/21/1550 515/39/1553 516/62/1556 507/71/1529
f 548/666/1632 549/648/1635 550/613/1638 551/535/1641 552/465/1644 553/450/1647 554/464/1650 555/534/1653 556/614/1656 547/649/1629
g cube208_walls
usemtl walls
f 1/4/151 2/401/154 9/399/175 7/2/169
f 1//152 3//157 6//167 2//156
f 4/1370/161 5/111/165 6/110/168 3/1369/158
f 4/523/160 8/521/172 10/1923/179 5/1925/164
f 6/136/166 5/139/163 10/88/178 9/8/176 2/6/155
f 7/425/170 8/106/173 4/65/162 3/64/159 1/424/153
f 7/3/171 9/400/177 10/398/180 8/1/174
f 11/1375/181 14/2015/190 13/2016/187 12/1376/184
f 11//182 15//193 18//203 14//192
f 12/2014/186 16/1491/198 15/1490/195 11/2012/183
f 13/699/189 17/698/200 16/37/196 12/36/185
f 14/1489/191 18/2011/202 17/2013/199 13/1488/188
f 16/1699/197 17/187/201 18/186/204 15/1698/194
f 19/82/205 20/1084/208 27/1087/229 25/85/223
f 19//206 21//211 24//221 20//210
f 22/1926/215 23/524/219 24/519/222 21/1921/212
f 22/522/214 26/520/226 28/1922/233 23/1924/218
f 24/138/220 23/137/217 28/89/232 27/7/230 20/5/209
f 25/1796/224 26/903/227 22/645/216 21/644/213 19/1795/207
f 25/84/225 27/1085/231 28/1086/234 26/83/228
