# Exported from Wings 3D 1.0.2
mtllib EnginePart2.mtl
o cube2
#786 vertices, 573 faces
v -0.99426000 4.09461600 -2.04844800
v -0.87445200 0.19972051 8.44328039
v -0.99426000 0.19972051 8.32347239
v -0.87445200 0.49391251 8.44328039
v -0.99426000 0.49391251 8.32347239
v 0.87445200 0.14709600 8.44328039
v 0.99426000 0.14709600 8.32347239
v 0.87445200 -0.14709600 8.44328039
v 0.99426000 -0.14709600 8.32347239
v -0.99426000 0.19972051 -1.24219200
v -0.87445200 0.19972051 -1.36200000
v -0.99426000 0.49391251 -1.24219200
v -0.87445200 0.49391251 -1.36200000
v 0.87445200 0.14709600 -1.36200000
v 0.99426000 0.14709600 -1.24219200
v 0.87445200 -0.14709600 -1.36200000
v 0.99426000 -0.14709600 -1.24219200
v -0.87445200 1.30524000 9.12972839
v -0.99426000 1.30524000 9.00992039
v 0.99426000 1.30524000 9.00992039
v 0.87445200 1.30524000 9.12972839
v 0.87445200 1.30524000 -2.04844800
v 0.99426000 1.30524000 -1.92864000
v -0.99426000 1.30524000 -1.92864000
v -0.87445200 1.30524000 -2.04844800
v -0.87445200 3.81813600 9.12972839
v -0.99426000 3.81813600 9.00992039
v 0.98708193 3.81813600 9.01035200
v 0.87445200 3.81813600 9.12972839
v 0.87445200 3.81813600 -2.04844800
v 0.99426000 3.81813600 -1.92864000
v -0.99426000 3.81813600 -1.92864000
v -0.99426000 3.93794400 -2.04844800
v -0.87445200 3.81813600 -2.04844800
v 0.87445200 4.09461600 9.12972839
v -0.87445200 4.09461600 9.12972839
v -0.99426000 4.09461600 9.00992039
v -7.2966757e-2 3.81813600 -2.04844800
v 7.2966757e-2 3.81813600 -2.04844800
v 0.76392133 3.81813600 0.14002502
v 0.75517800 3.89110276 6.7584000e-2
v 0.15640500 3.89110276 -1.11945600
v 0.53412750 3.89110276 -0.64113600
v 0.75517800 4.02164924 6.7584000e-2
v 0.53412750 4.02164924 -0.64113600
v 0.15640500 4.02164924 -1.11945600
v -7.2966757e-2 4.09461600 -2.04844800
v 0.93149841 4.09461600 9.06538270
v 0.97990386 4.02164924 9.01078362
v 0.22525537 3.81813600 -1.15000535
v 0.59976290 3.81813600 -0.67575656
v 1.2114187e-2 3.89110276 -1.97649389
v 1.2114187e-2 4.02164924 -1.97649389
v 0.68353581 4.09461600 8.2945910e-2
v 0.46849210 4.09461600 -0.60651544
v 8.7554631e-2 4.09461600 -1.08890665
v 1.16854788 2.78428949 -1.25628574
v 1.19338186 2.79832630 -1.19799754
v 1.25333639 2.80414053 -1.17385378
v 1.31329092 2.79832630 -1.19799754
v 1.33812490 2.78428949 -1.25628574
v 1.31329092 2.77025269 -1.31457393
v 1.25333639 2.76443846 -1.33871769
v 1.19338186 2.77025269 -1.31457393
v 1.16854788 3.31710831 -1.38459770
v 1.19338186 3.33114512 -1.32630951
v 1.25333639 3.33695935 -1.30216575
v 1.31329092 3.33114512 -1.32630951
v 1.33812490 3.31710831 -1.38459770
v 1.31329092 3.30307151 -1.44288590
v 1.25333639 3.29725727 -1.46702966
v 1.19338186 3.30307151 -1.44288590
v 1.20327120 2.84130165 -1.22990293
v 1.20327120 2.79773327 -1.12471954
v 1.20327120 2.69254988 -1.08115116
v 1.20327120 2.58736650 -1.12471954
v 1.20327120 2.54379811 -1.22990293
v 1.20327120 2.58736650 -1.33508631
v 1.20327120 2.69254988 -1.37865470
v 1.20327120 2.79773327 -1.33508631
v 1.34666791 2.84130165 -1.22990293
v 1.34666791 2.79773327 -1.12471954
v 1.34666791 2.69254988 -1.08115116
v 1.34666791 2.58736650 -1.12471954
v 1.34666791 2.54379811 -1.22990293
v 1.34666791 2.58736650 -1.33508631
v 1.34666791 2.69254988 -1.37865470
v 1.34666791 2.79773327 -1.33508631
v -0.48978954 4.07885809 1.83398513
v -0.58390176 4.07885809 1.73987292
v -0.48978954 4.70160209 1.83398513
v -0.58390176 4.70160209 1.73987292
v 0.28598602 4.70160209 1.83398513
v 0.38009824 4.70160209 1.73987292
v 0.28598602 4.07885809 1.83398513
v 0.38009824 4.07885809 1.73987292
v -0.58390176 4.07885809 0.54764935
v -0.48978954 4.07885809 0.45353713
v -0.58390176 4.70160209 0.54764935
v -0.48978954 4.70160209 0.45353713
v 0.28598602 4.70160209 0.45353713
v 0.38009824 4.70160209 0.54764935
v 0.28598602 4.07885809 0.45353713
v 0.38009824 4.07885809 0.54764935
v -1.78026489 4.33494653 1.31208456
v -1.78026489 4.29152057 1.41559308
v -1.78026489 4.18762220 1.45807786
v -1.78026489 4.08411368 1.41465189
v -1.78026489 4.04162890 1.31075352
v -1.78026489 4.08505487 1.20724500
v -1.78026489 4.18895324 1.16476022
v -1.78026489 4.29246176 1.20818619
v -0.98459749 4.33494653 1.31208456
v -0.98459749 4.29152057 1.41559308
v -0.98459749 4.18762220 1.45807786
v -0.98459749 4.08411368 1.41465189
v -0.98459749 4.04162890 1.31075352
v -0.98459749 4.08505487 1.20724500
v -0.98459749 4.18895324 1.16476022
v -0.98459749 4.29246176 1.20818619
v 1.02368321 3.36940814 -0.10379791
v 1.02368321 3.33356113 6.5278389e-3
v 1.02368321 3.23971244 7.4712904e-2
v 1.02368321 3.12370908 7.4712904e-2
v 1.02368321 3.02986039 6.5278389e-3
v 1.02368321 2.99401338 -0.10379791
v 1.02368321 3.02986039 -0.21412367
v 1.02368321 3.12370908 -0.28230873
v 1.02368321 3.23971244 -0.28230873
v 1.02368321 3.33356113 -0.21412367
v 1.69929262 3.36940814 -0.10379791
v 1.69929262 3.33356113 6.5278389e-3
v 1.69929262 3.23971244 7.4712904e-2
v 1.69929262 3.12370908 7.4712904e-2
v 1.69929262 3.02986039 6.5278389e-3
v 1.69929262 2.99401338 -0.10379791
v 1.69929262 3.02986039 -0.21412367
v 1.69929262 3.12370908 -0.28230873
v 1.69929262 3.23971244 -0.28230873
v 1.69929262 3.33356113 -0.21412367
v -0.87261917 4.08106900 -0.99991035
v -0.87261917 5.09634100 -0.99991035
v -0.72845055 5.09634100 -0.99991035
v -0.72845055 4.08106900 -0.99991035
v -0.87261917 4.08106900 -2.01518235
v -0.87261917 5.09634100 -2.01518235
v -0.72845055 5.09634100 -2.01518235
v -0.72845055 4.08106900 -2.01518235
v 0.68281257 3.76845020 -0.99991035
v 0.68281257 5.09634100 -0.99991035
v 0.82698120 5.09634100 -0.99991035
v 0.82698120 3.76845020 -0.99991035
v 0.68281257 3.76845020 -2.01518235
v 0.68281257 5.09634100 -2.01518235
v 0.82698120 5.09634100 -2.01518235
v 0.82698120 3.76845020 -2.01518235
v 1.16854788 2.67124619 -1.30765856
v 1.19338186 2.73084095 -1.31421683
v 1.25333639 2.75552590 -1.31693335
v 1.31329092 2.73084095 -1.31421683
v 1.33812490 2.67124619 -1.30765856
v 1.31329092 2.61165144 -1.30110030
v 1.25333639 2.58696648 -1.29838377
v 1.19338186 2.61165144 -1.30110030
v 1.16854788 2.61129635 -1.85242078
v 1.19338186 2.67089111 -1.85897904
v 1.25333639 2.69557606 -1.86169557
v 1.31329092 2.67089111 -1.85897904
v 1.33812490 2.61129635 -1.85242078
v 1.31329092 2.55170160 -1.84586251
v 1.25333639 2.52701664 -1.84314599
v 1.19338186 2.55170160 -1.84586251
v 1.12605297 2.61129635 -1.85242078
v 1.16333342 2.70075924 -1.86226596
v 1.34333936 2.70075924 -1.86226596
v 1.38061982 2.61129635 -1.85242078
v 1.34333936 2.52183347 -1.84257559
v 1.25333639 2.48477673 -1.83849758
v 1.16333342 2.52183347 -1.84257559
v 1.12605297 2.59403044 -2.00931556
v 1.16333342 2.68349332 -2.01916075
v 1.34333936 2.68349332 -2.01916075
v 1.38061982 2.59403044 -2.00931556
v 1.34333936 2.50456756 -1.99947038
v 1.25333639 2.46751082 -1.99539237
v 1.16333342 2.50456756 -1.99947038
v 1.14039530 1.33819490 -0.10207383
v 1.14039530 1.38479779 0.13221470
v 1.14039530 1.51751158 0.33083493
v 1.14039530 1.71613181 0.46354873
v 1.14039530 1.95042035 0.51015161
v 1.14039530 2.18470888 0.46354873
v 1.14039530 2.38332911 0.33083493
v 1.14039530 2.51604291 0.13221470
v 1.14039530 2.56264580 -0.10207383
v 1.14039530 2.51604291 -0.33636237
v 1.14039530 2.38332911 -0.53498260
v 1.14039530 2.18470888 -0.66769639
v 1.14039530 1.95042035 -0.71429928
v 1.14039530 1.71613181 -0.66769639
v 1.14039530 1.51751158 -0.53498260
v 1.14039530 1.38479779 -0.33636237
v 0.96487009 1.33819490 -0.10207383
v 0.96487009 1.38479779 0.13221470
v 0.96487009 1.51751158 0.33083493
v 0.96487009 1.71613181 0.46354873
v 0.96487009 1.95042035 0.51015161
v 0.96487009 2.18470888 0.46354873
v 0.96487009 2.38332911 0.33083493
v 0.96487009 2.51604291 0.13221470
v 0.96487009 2.56264580 -0.10207383
v 0.96487009 2.51604291 -0.33636237
v 0.96487009 2.38332911 -0.53498260
v 0.96487009 2.18470888 -0.66769639
v 0.96487009 1.95042035 -0.71429928
v 0.96487009 1.71613181 -0.66769639
v 0.96487009 1.51751158 -0.53498260
v 0.96487009 1.38479779 -0.33636237
v -0.55732332 4.96096040 1.61731001
v -0.55732332 4.90077752 1.72154981
v -0.55732332 4.78041177 1.72154981
v -0.55732332 4.72022889 1.61731001
v -0.55732332 4.78041177 1.51307021
v -0.55732332 4.90077752 1.51307021
v 0.36048287 4.96096040 1.61731001
v 0.36048287 4.90077752 1.72154981
v 0.36048287 4.78041177 1.72154981
v 0.36048287 4.72022889 1.61731001
v 0.36048287 4.78041177 1.51307021
v 0.36048287 4.90077752 1.51307021
v 1.14039530 2.56782651 -0.10207383
v 1.14039530 2.61442939 0.13221470
v 1.14039530 2.74714319 0.33083493
v 1.14039530 2.94576342 0.46354873
v 1.14039530 3.18005195 0.51015161
v 1.14039530 3.41434049 0.46354873
v 1.14039530 3.61296072 0.33083493
v 1.14039530 3.74567451 0.13221470
v 1.14039530 3.79227740 -0.10207383
v 1.14039530 3.74567451 -0.33636237
v 1.14039530 3.61296072 -0.53498260
v 1.14039530 3.41434049 -0.66769639
v 1.14039530 3.18005195 -0.71429928
v 1.14039530 2.94576342 -0.66769639
v 1.14039530 2.74714319 -0.53498260
v 1.14039530 2.61442939 -0.33636237
v 0.96487009 2.56782651 -0.10207383
v 0.96487009 2.61442939 0.13221470
v 0.96487009 2.74714319 0.33083493
v 0.96487009 2.94576342 0.46354873
v 0.96487009 3.18005195 0.51015161
v 0.96487009 3.41434049 0.46354873
v 0.96487009 3.61296072 0.33083493
v 0.96487009 3.74567451 0.13221470
v 0.96487009 3.79227740 -0.10207383
v 0.96487009 3.74567451 -0.33636237
v 0.96487009 3.61296072 -0.53498260
v 0.96487009 3.41434049 -0.66769639
v 0.96487009 3.18005195 -0.71429928
v 0.96487009 2.94576342 -0.66769639
v 0.96487009 2.74714319 -0.53498260
v 0.96487009 2.61442939 -0.33636237
v 1.14039530 2.72642266 8.5825573e-2
v 1.14039530 2.68904714 -0.10207383
v 1.14039530 2.72642266 -0.28997324
v 1.14039530 2.83285912 -0.44926666
v 1.14039530 2.99215255 -0.55570313
v 1.14039530 3.18005195 -0.59307864
v 1.14039530 3.36795136 -0.55570313
v 1.14039530 3.52724478 -0.44926666
v 1.14039530 3.63368124 -0.28997324
v 1.14039530 3.67105676 -0.10207383
v 1.14039530 3.63368124 8.5825573e-2
v 1.14039530 3.52724478 0.24511900
v 1.14039530 3.36795136 0.35155546
v 1.14039530 3.18005195 0.38893098
v 1.14039530 2.99215255 0.35155546
v 1.14039530 2.83285912 0.24511900
v 1.03318248 2.72642266 8.5825573e-2
v 1.03318248 2.68904714 -0.10207383
v 1.03318248 2.72642266 -0.28997324
v 1.03318248 2.83285912 -0.44926666
v 1.03318248 2.99215255 -0.55570313
v 1.03318248 3.18005195 -0.59307864
v 1.03318248 3.36795136 -0.55570313
v 1.03318248 3.52724478 -0.44926666
v 1.03318248 3.63368124 -0.28997324
v 1.03318248 3.67105676 -0.10207383
v 1.03318248 3.63368124 8.5825573e-2
v 1.03318248 3.52724478 0.24511900
v 1.03318248 3.36795136 0.35155546
v 1.03318248 3.18005195 0.38893098
v 1.03318248 2.99215255 0.35155546
v 1.03318248 2.83285912 0.24511900
v 0.27328221 4.19646572 6.71195340
v 0.23498040 4.19646572 6.90450961
v 0.12590606 4.19646572 7.06775089
v -3.7335211e-2 4.19646572 7.17682522
v -0.22989142 4.19646572 7.21512703
v -0.42244764 4.19646572 7.17682522
v -0.58568891 4.19646572 7.06775089
v -0.69476324 4.19646572 6.90450961
v -0.73306506 4.19646572 6.71195340
v -0.69476324 4.19646572 6.51939719
v -0.58568891 4.19646572 6.35615591
v -0.42244764 4.19646572 6.24708158
v -0.22989142 4.19646572 6.20877977
v -3.7335211e-2 4.19646572 6.24708158
v 0.12590606 4.19646572 6.35615591
v 0.23498040 4.19646572 6.51939719
v 0.27328221 4.07128417 6.71195340
v 0.23498040 4.07128417 6.90450961
v 0.12590606 4.07128417 7.06775089
v -3.7335211e-2 4.07128417 7.17682522
v -0.22989142 4.07128417 7.21512703
v -0.42244764 4.07128417 7.17682522
v -0.58568891 4.07128417 7.06775089
v -0.69476324 4.07128417 6.90450961
v -0.73306506 4.07128417 6.71195340
v -0.69476324 4.07128417 6.51939719
v -0.58568891 4.07128417 6.35615591
v -0.42244764 4.07128417 6.24708158
v -0.22989142 4.07128417 6.20877977
v -3.7335211e-2 4.07128417 6.24708158
v 0.12590606 4.07128417 6.35615591
v 0.23498040 4.07128417 6.51939719
v 0.27328221 4.19646572 -0.37186366
v 0.23498040 4.19646572 -0.17930744
v 0.12590606 4.19646572 -1.6066170e-2
v -3.7335211e-2 4.19646572 9.3008162e-2
v -0.22989142 4.19646572 0.13130997
v -0.42244764 4.19646572 9.3008162e-2
v -0.58568891 4.19646572 -1.6066170e-2
v -0.69476324 4.19646572 -0.17930744
v -0.73306506 4.19646572 -0.37186366
v -0.69476324 4.19646572 -0.56441987
v -0.58568891 4.19646572 -0.72766114
v -0.42244764 4.19646572 -0.83673548
v -0.22989142 4.19646572 -0.87503729
v -3.7335211e-2 4.19646572 -0.83673548
v 0.12590606 4.19646572 -0.72766114
v 0.23498040 4.19646572 -0.56441987
v 0.27328221 4.07128417 -0.37186366
v 0.23498040 4.07128417 -0.17930744
v 0.12590606 4.07128417 -1.6066170e-2
v -3.7335211e-2 4.07128417 9.3008162e-2
v -0.22989142 4.07128417 0.13130997
v -0.42244764 4.07128417 9.3008162e-2
v -0.58568891 4.07128417 -1.6066170e-2
v -0.69476324 4.07128417 -0.17930744
v -0.73306506 4.07128417 -0.37186366
v -0.69476324 4.07128417 -0.56441987
v -0.58568891 4.07128417 -0.72766114
v -0.42244764 4.07128417 -0.83673548
v -0.22989142 4.07128417 -0.87503729
v -3.7335211e-2 4.07128417 -0.83673548
v 0.12590606 4.07128417 -0.72766114
v 0.23498040 4.07128417 -0.56441987
v -0.93187648 5.01589404 5.57542068
v -0.93187648 4.97319182 5.76251135
v -0.93187648 4.85354284 5.91254642
v -0.93187648 4.68064507 5.99580960
v -0.93187648 4.48874302 5.99580960
v -0.93187648 4.31584524 5.91254642
v -0.93187648 4.19619627 5.76251135
v -0.93187648 4.15349404 5.57542068
v -0.93187648 4.19619627 5.38833001
v -0.93187648 4.31584524 5.23829495
v -0.93187648 4.48874302 5.15503177
v -0.93187648 4.68064507 5.15503177
v -0.93187648 4.85354284 5.23829495
v -0.93187648 4.97319182 5.38833001
v 0.89202896 5.01589404 5.57542068
v 0.89202896 4.97319182 5.76251135
v 0.89202896 4.85354284 5.91254642
v 0.89202896 4.68064507 5.99580960
v 0.89202896 4.48874302 5.99580960
v 0.89202896 4.31584524 5.91254642
v 0.89202896 4.19619627 5.76251135
v 0.89202896 4.15349404 5.57542068
v 0.89202896 4.19619627 5.38833001
v 0.89202896 4.31584524 5.23829495
v 0.89202896 4.48874302 5.15503177
v 0.89202896 4.68064507 5.15503177
v 0.89202896 4.85354284 5.23829495
v 0.89202896 4.97319182 5.38833001
v -1.01767744 4.89389981 5.72432633
v -1.01767744 4.92788655 5.57542068
v -1.01767744 4.89389981 5.42651503
v -1.01767744 4.79867107 5.30710198
v -1.01767744 4.66106156 5.24083273
v -1.01767744 4.50832652 5.24083273
v -1.01767744 4.37071701 5.30710198
v -1.01767744 4.27548828 5.42651503
v -1.01767744 4.24150153 5.57542068
v -1.01767744 4.27548828 5.72432633
v -1.01767744 4.37071701 5.84373939
v -1.01767744 4.50832652 5.91000864
v -1.01767744 4.66106156 5.91000864
v -1.01767744 4.79867107 5.84373939
v 0.97782992 4.92788655 5.57542068
v 0.97782992 4.89389981 5.72432633
v 0.97782992 4.79867107 5.84373939
v 0.97782992 4.66106156 5.91000864
v 0.97782992 4.50832652 5.91000864
v 0.97782992 4.37071701 5.84373939
v 0.97782992 4.27548828 5.72432633
v 0.97782992 4.24150153 5.57542068
v 0.97782992 4.27548828 5.42651503
v 0.97782992 4.37071701 5.30710198
v 0.97782992 4.50832652 5.24083273
v 0.97782992 4.66106156 5.24083273
v 0.97782992 4.79867107 5.30710198
v 0.97782992 4.89389981 5.42651503
v -0.93187648 5.01589404 -1.50839637
v -0.93187648 4.97319182 -1.32130571
v -0.93187648 4.85354284 -1.17127064
v -0.93187648 4.68064507 -1.08800746
v -0.93187648 4.48874302 -1.08800746
v -0.93187648 4.31584524 -1.17127064
v -0.93187648 4.19619627 -1.32130571
v -0.93187648 4.15349404 -1.50839637
v -0.93187648 4.19619627 -1.69548704
v -0.93187648 4.31584524 -1.84552211
v -0.93187648 4.48874302 -1.92878529
v -0.93187648 4.68064507 -1.92878529
v -0.93187648 4.85354284 -1.84552211
v -0.93187648 4.97319182 -1.69548704
v 0.89202896 5.01589404 -1.50839637
v 0.89202896 4.97319182 -1.32130571
v 0.89202896 4.85354284 -1.17127064
v 0.89202896 4.68064507 -1.08800746
v 0.89202896 4.48874302 -1.08800746
v 0.89202896 4.31584524 -1.17127064
v 0.89202896 4.19619627 -1.32130571
v 0.89202896 4.15349404 -1.50839637
v 0.89202896 4.19619627 -1.69548704
v 0.89202896 4.31584524 -1.84552211
v 0.89202896 4.48874302 -1.92878529
v 0.89202896 4.68064507 -1.92878529
v 0.89202896 4.85354284 -1.84552211
v 0.89202896 4.97319182 -1.69548704
v -1.01767744 4.89389981 -1.35949072
v -1.01767744 4.92788655 -1.50839637
v -1.01767744 4.89389981 -1.65730202
v -1.01767744 4.79867107 -1.77671508
v -1.01767744 4.66106156 -1.84298433
v -1.01767744 4.50832652 -1.84298433
v -1.01767744 4.37071701 -1.77671508
v -1.01767744 4.27548828 -1.65730202
v -1.01767744 4.24150153 -1.50839637
v -1.01767744 4.27548828 -1.35949072
v -1.01767744 4.37071701 -1.24007767
v -1.01767744 4.50832652 -1.17380842
v -1.01767744 4.66106156 -1.17380842
v -1.01767744 4.79867107 -1.24007767
v 0.97782992 4.92788655 -1.50839637
v 0.97782992 4.89389981 -1.35949072
v 0.97782992 4.79867107 -1.24007767
v 0.97782992 4.66106156 -1.17380842
v 0.97782992 4.50832652 -1.17380842
v 0.97782992 4.37071701 -1.24007767
v 0.97782992 4.27548828 -1.35949072
v 0.97782992 4.24150153 -1.50839637
v 0.97782992 4.27548828 -1.65730202
v 0.97782992 4.37071701 -1.77671508
v 0.97782992 4.50832652 -1.84298433
v 0.97782992 4.66106156 -1.84298433
v 0.97782992 4.79867107 -1.77671508
v 0.97782992 4.89389981 -1.65730202
v 1.14039530 2.08371087 -1.23211909
v 1.14039530 2.13031376 -0.99783056
v 1.14039530 2.26302755 -0.79921033
v 1.14039530 2.46164778 -0.66649653
v 1.14039530 2.69593632 -0.61989365
v 1.14039530 2.93022485 -0.66649653
v 1.14039530 3.12884508 -0.79921033
v 1.14039530 3.26155888 -0.99783056
v 1.14039530 3.30816177 -1.23211909
v 1.14039530 3.26155888 -1.46640763
v 1.14039530 3.12884508 -1.66502786
v 1.14039530 2.93022485 -1.79774165
v 1.14039530 2.69593632 -1.84434454
v 1.14039530 2.46164778 -1.79774165
v 1.14039530 2.26302755 -1.66502786
v 1.14039530 2.13031376 -1.46640763
v 0.96487009 2.08371087 -1.23211909
v 0.96487009 2.13031376 -0.99783056
v 0.96487009 2.26302755 -0.79921033
v 0.96487009 2.46164778 -0.66649653
v 0.96487009 2.69593632 -0.61989365
v 0.96487009 2.93022485 -0.66649653
v 0.96487009 3.12884508 -0.79921033
v 0.96487009 3.26155888 -0.99783056
v 0.96487009 3.30816177 -1.23211909
v 0.96487009 3.26155888 -1.46640763
v 0.96487009 3.12884508 -1.66502786
v 0.96487009 2.93022485 -1.79774165
v 0.96487009 2.69593632 -1.84434454
v 0.96487009 2.46164778 -1.79774165
v 0.96487009 2.26302755 -1.66502786
v 0.96487009 2.13031376 -1.46640763
v 1.14039530 2.24230703 -1.04421969
v 1.14039530 2.20493151 -1.23211909
v 1.14039530 2.24230703 -1.42001850
v 1.14039530 2.34874349 -1.57931192
v 1.14039530 2.50803691 -1.68574839
v 1.14039530 2.69593632 -1.72312390
v 1.14039530 2.88383572 -1.68574839
v 1.14039530 3.04312915 -1.57931192
v 1.14039530 3.14956561 -1.42001850
v 1.14039530 3.18694113 -1.23211909
v 1.14039530 3.14956561 -1.04421969
v 1.14039530 3.04312915 -0.88492626
v 1.14039530 2.88383572 -0.77848980
v 1.14039530 2.69593632 -0.74111428
v 1.14039530 2.50803691 -0.77848980
v 1.14039530 2.34874349 -0.88492626
v 1.03318248 2.24230703 -1.04421969
v 1.03318248 2.20493151 -1.23211909
v 1.03318248 2.24230703 -1.42001850
v 1.03318248 2.34874349 -1.57931192
v 1.03318248 2.50803691 -1.68574839
v 1.03318248 2.69593632 -1.72312390
v 1.03318248 2.88383572 -1.68574839
v 1.03318248 3.04312915 -1.57931192
v 1.03318248 3.14956561 -1.42001850
v 1.03318248 3.18694113 -1.23211909
v 1.03318248 3.14956561 -1.04421969
v 1.03318248 3.04312915 -0.88492626
v 1.03318248 2.88383572 -0.77848980
v 1.03318248 2.69593632 -0.74111428
v 1.03318248 2.50803691 -0.77848980
v 1.03318248 2.34874349 -0.88492626
v 1.20825991 2.33031111 -1.08067217
v 1.20825991 2.30018644 -1.23211909
v 1.20825991 2.33031111 -1.38356601
v 1.20825991 2.41609890 -1.51195651
v 1.20825991 2.54448940 -1.59774430
v 1.20825991 2.69593632 -1.62786897
v 1.20825991 2.84738324 -1.59774430
v 1.20825991 2.97577374 -1.51195651
v 1.20825991 3.06156153 -1.38356601
v 1.20825991 3.09168619 -1.23211909
v 1.20825991 3.06156153 -1.08067217
v 1.20825991 2.97577374 -0.95228167
v 1.20825991 2.84738324 -0.86649388
v 1.20825991 2.69593632 -0.83636922
v 1.20825991 2.54448940 -0.86649388
v 1.20825991 2.41609890 -0.95228167
v -1.68881225 2.38277541 1.30961865
v -1.61988633 2.38277541 1.52175080
v -1.43943594 2.38277541 1.65285568
v -1.21638700 2.38277541 1.65285568
v -1.03593661 2.38277541 1.52175080
v -0.96701070 2.38277541 1.30961865
v -1.03593661 2.38277541 1.09748650
v -1.21638700 2.38277541 0.96638162
v -1.43943594 2.38277541 0.96638162
v -1.61988633 2.38277541 1.09748650
v -1.68881225 3.68182366 1.30961865
v -1.61988633 3.68182366 1.52175080
v -1.43943594 3.68182366 1.65285568
v -1.21638700 3.68182366 1.65285568
v -1.03593661 3.68182366 1.52175080
v -0.96701070 3.68182366 1.30961865
v -1.03593661 3.68182366 1.09748650
v -1.21638700 3.68182366 0.96638162
v -1.43943594 3.68182366 0.96638162
v -1.61988633 3.68182366 1.09748650
v -1.60652687 3.68182366 1.30961865
v -1.55331606 3.68182366 1.47338467
v -1.41400836 3.68182366 1.57459764
v -1.24181458 3.68182366 1.57459764
v -1.10250688 3.68182366 1.47338467
v -1.04929607 3.68182366 1.30961865
v -1.10250688 3.68182366 1.14585263
v -1.24181458 3.68182366 1.04463966
v -1.41400836 3.68182366 1.04463966
v -1.55331606 3.68182366 1.14585263
v -1.60652687 3.73198367 1.30961865
v -1.55331606 3.73198367 1.47338467
v -1.41400836 3.73198367 1.57459764
v -1.24181458 3.73198367 1.57459764
v -1.10250688 3.73198367 1.47338467
v -1.04929607 3.73198367 1.30961865
v -1.10250688 3.73198367 1.14585263
v -1.24181458 3.73198367 1.04463966
v -1.41400836 3.73198367 1.04463966
v -1.55331606 3.73198367 1.14585263
v -1.45780592 3.84794449 1.30961865
v -1.43299829 3.84794449 1.38596869
v -1.36805107 3.84794449 1.43315562
v -1.28777188 3.84794449 1.43315562
v -1.22282465 3.84794449 1.38596869
v -1.19801702 3.84794449 1.30961865
v -1.22282465 3.84794449 1.23326861
v -1.28777188 3.84794449 1.18608169
v -1.36805107 3.84794449 1.18608169
v -1.43299829 3.84794449 1.23326861
v -1.45780592 4.16392689 1.30961865
v -1.43299829 4.16392689 1.38596869
v -1.36805107 4.16392689 1.43315562
v -1.28777188 4.16392689 1.43315562
v -1.22282465 4.16392689 1.38596869
v -1.19801702 4.16392689 1.30961865
v -1.22282465 4.16392689 1.23326861
v -1.28777188 4.16392689 1.18608169
v -1.36805107 4.16392689 1.18608169
v -1.43299829 4.16392689 1.23326861
v 0.32678441 4.13235285 3.64860336
v 0.32678441 4.55775959 3.64860336
v 0.47829506 4.55775959 3.64860336
v 0.47829506 4.13235285 3.64860336
v 0.32678441 4.13235285 3.16389782
v 0.32678441 4.55775959 3.16389782
v 0.47829506 4.55775959 3.16389782
v 0.47829506 4.13235285 3.16389782
v 0.32678441 4.13235285 8.45299076
v 0.32678441 4.55775959 8.45299076
v 0.47829506 4.55775959 8.45299076
v 0.47829506 4.13235285 8.45299076
v 0.32678441 4.13235285 7.96828522
v 0.32678441 4.55775959 7.96828522
v 0.47829506 4.55775959 7.96828522
v 0.47829506 4.13235285 7.96828522
v 0.32678441 4.13235285 1.36917371
v 0.32678441 4.55775959 1.36917371
v 0.47829506 4.55775959 1.36917371
v 0.47829506 4.13235285 1.36917371
v 0.32678441 4.13235285 0.88446816
v 0.32678441 4.55775959 0.88446816
v 0.47829506 4.55775959 0.88446816
v 0.47829506 4.13235285 0.88446816
v 3.8666134e-2 4.68544296 4.06788529
v -0.23254768 4.68544296 4.06788529
v -0.23254768 4.99090635 4.06788529
v 3.8666134e-2 4.99090635 4.06788529
v 3.8666134e-2 4.68544296 3.75886612
v -0.23254768 4.68544296 3.75886612
v -0.23254768 4.99090635 3.75886612
v 3.8666134e-2 4.99090635 3.75886612
v 3.8666134e-2 4.68544296 8.87227269
v -0.23254768 4.68544296 8.87227269
v -0.23254768 4.99090635 8.87227269
v 3.8666134e-2 4.99090635 8.87227269
v 3.8666134e-2 4.68544296 8.56325351
v -0.23254768 4.68544296 8.56325351
v -0.23254768 4.99090635 8.56325351
v 3.8666134e-2 4.99090635 8.56325351
v 3.8666134e-2 4.68544296 1.78845563
v -0.23254768 4.68544296 1.78845563
v -0.23254768 4.99090635 1.78845563
v 3.8666134e-2 4.99090635 1.78845563
v 3.8666134e-2 4.68544296 1.47943646
v -0.23254768 4.68544296 1.47943646
v -0.23254768 4.99090635 1.47943646
v 3.8666134e-2 4.99090635 1.47943646
v -0.55732332 4.96096040 3.89673967
v -0.55732332 4.90077752 4.00097946
v -0.55732332 4.78041177 4.00097946
v -0.55732332 4.72022889 3.89673967
v -0.55732332 4.78041177 3.79249987
v -0.55732332 4.90077752 3.79249987
v 0.36048287 4.96096040 3.89673967
v 0.36048287 4.90077752 4.00097946
v 0.36048287 4.78041177 4.00097946
v 0.36048287 4.72022889 3.89673967
v 0.36048287 4.78041177 3.79249987
v 0.36048287 4.90077752 3.79249987
v -0.55732332 4.96096040 8.70112707
v -0.55732332 4.90077752 8.80536686
v -0.55732332 4.78041177 8.80536686
v -0.55732332 4.72022889 8.70112707
v -0.55732332 4.78041177 8.59688727
v -0.55732332 4.90077752 8.59688727
v 0.36048287 4.96096040 8.70112707
v 0.36048287 4.90077752 8.80536686
v 0.36048287 4.78041177 8.80536686
v 0.36048287 4.72022889 8.70112707
v 0.36048287 4.78041177 8.59688727
v 0.36048287 4.90077752 8.59688727
v 1.21913461 2.69601111 -1.90541203
v 1.28753817 2.69601111 -1.90541203
v 1.28753817 2.68824145 -1.97601468
v 1.21913461 2.68824145 -1.97601468
v -1.01416081 4.12999984 1.31160019
v -1.00058463 4.14121191 1.37769879
v -1.00350158 4.21127775 1.36641289
v -1.01707776 4.20006569 1.30031430
v 0.99084147 3.94708172 -1.11333326
v 1.13438365 3.78468159 -1.42058314
v 1.06069703 3.95418598 -1.10978156
v 1.20227392 3.79236466 -1.41867435
v 1.05954497 4.00815601 -1.15483797
v 1.19711967 3.84298302 -1.46491792
v 0.98986436 4.00106954 -1.15818775
v 1.12922902 3.83527818 -1.46681776
v 0.69973007 4.07453850 -0.75503768
v 0.49791348 4.12740281 -0.43031335
v 0.75755377 4.08668879 -0.72560709
v 0.55642896 4.13859723 -0.39958293
v 0.74306715 4.15530188 -0.73298947
v 0.54601409 4.20866609 -0.40438653
v 0.68506849 4.14313379 -0.76262197
v 0.48751003 4.19747184 -0.43511312
v 1.21453627 3.42114586 -1.95003952
v 1.22005951 3.35100018 -1.98172148
v 1.28279997 3.42566529 -1.95019070
v 1.28832853 3.35543388 -1.98184290
v 1.28099073 3.45288364 -2.01625312
v 1.28661001 3.38215727 -2.04813425
v 1.21272711 3.44836921 -2.01610400
v 1.21834211 3.37772278 -2.04801718
v 0.10418544 4.12999984 0.28779437
v 0.19851740 4.12977586 0.21495688
v 0.14604187 4.14121191 0.33982429
v 0.24094101 4.14099397 0.26797690
v 0.13836245 4.21127775 0.33122409
v 0.23317857 4.21105878 0.25920182
v 9.6506956e-2 4.20006569 0.27918937
v 0.19075106 4.19984061 0.20618049
v -0.64025469 4.12999984 0.42223828
v -0.72094368 4.12999984 0.49970254
v -0.58574355 4.14121191 0.46298797
v -0.66742417 4.14121191 0.53946693
v -0.59549697 4.21127775 0.45641883
v -0.67701939 4.21127775 0.53307667
v -0.65000905 4.20006569 0.41567394
v -0.73053262 4.20006569 0.49331185
v -0.88814889 4.12999984 1.24937611
v -0.96987715 4.12999984 1.31291507
v -0.84866158 4.14121191 1.30489698
v -0.93117313 4.14121191 1.37390071
v -0.85594115 4.21127775 1.29565638
v -0.93836407 4.21127775 1.36375771
v -0.89543474 4.20006569 1.24013595
v -0.97696851 4.20006569 1.30232947
v 0.68281257 3.76845020 6.08390671
v 0.68281257 5.09634100 6.08390671
v 0.82698120 5.09634100 6.08390671
v 0.82698120 3.76845020 6.08390671
v 0.68281257 3.76845020 5.06863471
v 0.68281257 5.09634100 5.06863471
v 0.82698120 5.09634100 5.06863471
v 0.82698120 3.76845020 5.06863471
v -0.87261917 4.08106900 6.08390671
v -0.87261917 5.09634100 6.08390671
v -0.72845055 5.09634100 6.08390671
v -0.72845055 4.08106900 6.08390671
v -0.87261917 4.08106900 5.06863471
v -0.87261917 5.09634100 5.06863471
v -0.72845055 5.09634100 5.06863471
v -0.72845055 4.08106900 5.06863471
v -0.48978954 4.07885809 4.11341479
v -0.58390176 4.07885809 4.01930257
v -0.48978954 4.70160209 4.11341479
v -0.58390176 4.70160209 4.01930257
v 0.28598602 4.70160209 4.11341479
v 0.38009824 4.70160209 4.01930257
v 0.28598602 4.07885809 4.11341479
v 0.38009824 4.07885809 4.01930257
v -0.58390176 4.07885809 2.82707901
v -0.48978954 4.07885809 2.73296679
v -0.58390176 4.70160209 2.82707901
v -0.48978954 4.70160209 2.73296679
v 0.28598602 4.70160209 2.73296679
v 0.38009824 4.70160209 2.82707901
v 0.28598602 4.07885809 2.73296679
v 0.38009824 4.07885809 2.82707901
v -0.48978954 4.07885809 8.91780219
v -0.58390176 4.07885809 8.82368997
v -0.48978954 4.70160209 8.91780219
v -0.58390176 4.70160209 8.82368997
v 0.28598602 4.70160209 8.91780219
v 0.38009824 4.70160209 8.82368997
v 0.28598602 4.07885809 8.91780219
v 0.38009824 4.07885809 8.82368997
v -0.58390176 4.07885809 7.63146641
v -0.48978954 4.07885809 7.53735419
v -0.58390176 4.70160209 7.63146641
v -0.48978954 4.70160209 7.53735419
v 0.28598602 4.70160209 7.53735419
v 0.38009824 4.70160209 7.63146641
v 0.28598602 4.07885809 7.53735419
v 0.38009824 4.07885809 7.63146641
vt -0.55803698 0.88930038
vt -0.55698032 0.57970735
vt -0.55683996 0.54563883
vt -0.49838073 0.42670082
vt -0.48827782 0.44147741
vt -0.48698860 0.57348794
vt -0.48198036 0.38603059
vt -0.48078592 0.23390053
vt -0.47642186 0.42580180
vt -0.47480000 1.06704185
vt -0.47455539 1.03109994
vt -0.47110361 0.40481658
vt -0.46699310 0.59298180
vt -0.34309165 0.46653795
vt -0.33704374 0.45076171
vt -0.32994653 0.43040823
vt -0.32326829 0.41321157
vt -0.26265851 0.52743955
vt -0.25594253 0.51078059
vt -0.24860816 0.49051558
vt -0.24270696 0.47487404
vt -0.22166289 -4.3381240e-2
vt -0.21740849 -5.9002313e-2
vt -0.21525696 -7.7752034e-2
vt -0.21461192 -5.0420981e-2
vt -0.21205405 -4.0290194e-2
vt -0.21023510 -9.7447716e-2
vt -0.20720472 -7.2627314e-2
vt -0.20694131 -5.7386951e-2
vt -0.20483782 -9.5706790e-2
vt -0.20003923 -7.3254409e-2
vt -0.19259037 -8.6135374e-2
vt -0.19149389 -0.11091608
vt -0.19141885 0.36162948
vt -0.19141885 0.32524238
vt -0.19141885 0.40389091
vt -0.19141885 0.38276020
vt -0.19141885 0.36750382
vt -0.19141885 0.34637310
vt -0.18881162 -3.2018843e-2
vt -0.18676539 -5.3793277e-2
vt -0.18385182 -0.10026654
vt -0.18175756 -6.2285968e-2
vt -0.17957366 -4.6475019e-2
vt -0.17542658 -7.6908568e-2
vt -0.17034486 0.36370612
vt -0.16102765 -8.3379504e-2
vt -0.15351792 0.43138019
vt -0.15351792 0.41650621
vt -0.15351792 0.39089322
vt -0.15351792 0.40576720
vt -0.14432856 0.35604228
vt -0.13728557 0.54373739
vt -0.13607306 0.52446013
vt -0.13455359 0.33466460
vt -0.13455359 0.77039302
vt -0.13435111 0.36162948
vt -0.13435111 0.32524238
vt -0.13435111 0.40389091
vt -0.13435111 0.36750382
vt -0.13435111 0.38276020
vt -0.13435111 0.34637310
vt -0.13299254 0.50809180
vt -0.12645078 0.55786524
vt -0.11799198 0.70268320
vt -0.11799198 0.67277751
vt -0.11753828 0.59090594
vt -0.10774959 0.41650621
vt -0.10774959 0.39089322
vt -0.10774959 0.43138019
vt -0.10774959 0.40576720
vt -0.10287773 0.63249391
vt -0.10260486 0.64781598
vt -9.4852274e-2 0.69292293
vt -9.2503431e-2 0.57584958
vt -8.8708461e-2 0.77039302
vt -8.8708461e-2 0.33466460
vt -7.8925955e-2 0.62405046
vt -7.8859848e-2 0.73580629
vt -7.7283374e-2 0.36162948
vt -7.7283374e-2 0.32524238
vt -7.7283374e-2 0.40389091
vt -7.7283374e-2 0.36750382
vt -7.7283374e-2 0.38276020
vt -7.7283374e-2 0.34637310
vt -7.1089348e-2 0.70268320
vt -7.1089348e-2 0.67277751
vt -6.1981266e-2 0.41650621
vt -6.1981266e-2 0.43138019
vt -6.1981266e-2 0.40576720
vt -6.1981266e-2 0.39089322
vt -6.0307488e-2 -0.11333217
vt -5.5183680e-2 0.77497488
vt -5.5129792e-2 0.64416100
vt -5.4185595e-2 -6.7378412e-2
vt -4.8881205e-2 0.68051721
vt -4.2863332e-2 0.33466460
vt -4.2863332e-2 0.77039302
vt -3.5991310e-2 0.71508119
vt -2.9850187e-2 -6.9620326e-2
vt -2.8697891e-2 5.4754414e-2
vt -2.4647049e-2 0.80906673
vt -2.4186721e-2 0.67277751
vt -2.4186721e-2 0.70268320
vt -2.0632266e-2 4.0827414e-2
vt -2.0215634e-2 0.40389091
vt -2.0215634e-2 0.36750382
vt -2.0215634e-2 0.36162948
vt -2.0215634e-2 0.32524238
vt -2.0215634e-2 0.38276020
vt -2.0215634e-2 0.34637310
vt -1.8344394e-2 2.5680920e-2
vt -1.6908318e-2 0.74665108
vt -1.6212938e-2 0.41650621
vt -1.6212938e-2 0.43138019
vt -1.6212938e-2 0.40576720
vt -1.6212938e-2 0.39089322
vt -1.1067013e-2 1.0466935e-2
vt -5.4791093e-3 6.0244091e-2
vt -3.0504338e-3 4.5588151e-2
vt -8.9964984e-5 1.4903749e-4
vt 2.9817970e-3 0.33466460
vt 2.9817970e-3 0.77039302
vt 7.7042061e-3 0.77412911
vt 8.4948070e-3 3.7054749e-2
vt 9.8245214e-3 9.5272939e-3
vt 1.1688209e-2 0.83689637
vt 1.4642071e-2 2.2380039e-2
vt 2.2715907e-2 0.67277751
vt 2.2715907e-2 0.70268320
vt 2.9555389e-2 0.41650621
vt 2.9555389e-2 0.39089322
vt 2.9555389e-2 0.43138019
vt 2.9555389e-2 0.40576720
vt 3.6852106e-2 0.36162948
vt 3.6852106e-2 0.32524238
vt 3.6852106e-2 0.40389091
vt 3.6852106e-2 0.38276020
vt 3.6852106e-2 0.34637310
vt 3.6852106e-2 0.36750382
vt 3.6990424e-2 0.79655980
vt 4.8826926e-2 0.77039302
vt 4.8826926e-2 0.33466460
vt 5.2558627e-2 0.85749610
vt 6.9618534e-2 0.67277751
vt 6.9618534e-2 0.70268320
vt 6.9931981e-2 0.81316318
vt 7.5323717e-2 0.41650621
vt 7.5323717e-2 0.43138019
vt 7.5323717e-2 0.40576720
vt 7.5323717e-2 0.39089322
vt 9.3919846e-2 0.40389091
vt 9.3919846e-2 0.36750382
vt 9.3919846e-2 0.38276020
vt 9.3919846e-2 0.34637310
vt 9.3919846e-2 0.32524238
vt 9.3919846e-2 0.36162948
vt 9.4672055e-2 0.33466460
vt 9.4672055e-2 0.77039302
vt 9.6543040e-2 0.87014960
vt 0.10538342 0.82336190
vt 0.10604457 -7.8278174e-2
vt 0.11407176 0.31265993
vt 0.11652116 0.70268320
vt 0.11652116 0.67277751
vt 0.12109204 0.41650621
vt 0.12109204 0.43138019
vt 0.12109204 0.40576720
vt 0.12109204 0.39089322
vt 0.13520710 -7.9163896e-2
vt 0.13599806 0.31288139
vt 0.14051718 0.77039302
vt 0.14051718 0.33466460
vt 0.14211200 0.87441690
vt 0.14211200 0.82680135
vt 0.14640839 0.10425680
vt 0.14986087 8.9389212e-2
vt 0.15098759 0.32524238
vt 0.15098759 0.36162948
vt 0.15098759 0.40389091
vt 0.15098759 0.38276020
vt 0.15098759 0.34637310
vt 0.15098759 0.36750382
vt 0.15887677 7.8508252e-2
vt 0.16188897 5.0903165e-2
vt 0.16342379 0.67277751
vt 0.16342379 0.70268320
vt 0.16392435 6.4786586e-2
vt 0.16686037 0.41650621
vt 0.16686037 0.39089322
vt 0.16686037 0.43138019
vt 0.16686037 0.40576720
vt 0.17050540 0.11668799
vt 0.17826593 0.10123747
vt 0.17854804 8.5210940e-2
vt 0.17884058 0.82336190
vt 0.18384689 6.9952443e-2
vt 0.18636231 0.33466460
vt 0.18636231 0.77039302
vt 0.18768096 0.87014960
vt 0.19482968 5.8216256e-2
vt 0.19852159 0.50266192
vt 0.20805533 0.38276020
vt 0.20805533 0.40389091
vt 0.20805533 0.36750382
vt 0.20805533 0.34637310
vt 0.20805533 0.36162948
vt 0.20805533 0.32524238
vt 0.20908389 0.55081887
vt 0.21032642 0.67277751
vt 0.21032642 0.70268320
vt 0.21262870 0.41650621
vt 0.21262870 0.39089322
vt 0.21262870 0.43138019
vt 0.21262870 0.40576720
vt 0.21429201 0.81316318
vt 0.23156127 0.54575715
vt 0.23166537 0.85749610
vt 0.23214918 0.49920694
vt 0.23220744 0.33466460
vt 0.23220744 0.77039302
vt 0.24065629 0.73820071
vt 0.24152496 0.78668122
vt 0.24723357 0.79655980
vt 0.25299079 0.55632103
vt 0.25299079 0.68835056
vt 0.25722904 0.67277751
vt 0.25722904 0.70268320
vt 0.25839703 0.40576720
vt 0.25839703 0.43138019
vt 0.25839703 0.39089322
vt 0.25839703 0.41650621
vt 0.26008629 0.69394099
vt 0.26101572 0.36095085
vt 0.26101572 0.67129164
vt 0.26252807 0.83021647
vt 0.26512307 0.38276020
vt 0.26512307 0.34637310
vt 0.26512307 0.40389091
vt 0.26512307 0.36750382
vt 0.26512307 0.32524238
vt 0.26512307 0.36162948
vt 0.26982532 0.74401156
vt 0.27046709 0.77982915
vt 0.27253579 0.83689637
vt 0.27651979 0.77412911
vt 0.27805257 0.33466460
vt 0.27805257 0.77039302
vt 0.28120855 0.55632103
vt 0.28120855 0.68835056
vt 0.28389284 0.71134637
vt 0.28569580 0.81196941
vt 0.28934342 0.89993489
vt 0.29629415 0.66240717
vt 0.29849367 0.85393349
vt 0.29849367 0.94593630
vt 0.29984236 0.86043293
vt 0.30113231 0.74665108
vt 0.30413167 0.67277751
vt 0.30413167 0.70268320
vt 0.30416535 0.39089322
vt 0.30416535 0.41650621
vt 0.30416535 0.40576720
vt 0.30416535 0.43138019
vt 0.30887104 0.80906673
vt 0.31000599 0.68815829
vt 0.31262289 0.83420711
vt 0.31430179 0.36095085
vt 0.31430179 0.67129164
vt 0.32021531 0.71508119
vt 0.32219081 0.38276020
vt 0.32219081 0.34637310
vt 0.32219081 0.32524238
vt 0.32219081 0.40389091
vt 0.32219081 0.36750382
vt 0.32219081 0.36162948
vt 0.32389770 0.33466460
vt 0.32389770 0.77039302
vt 0.32455138 0.81493538
vt 0.32455138 0.98493441
vt 0.33035223 0.18697957
vt 0.33251865 0.59040657
vt 0.33251865 0.66589431
vt 0.33310520 0.68051721
vt 0.33678196 0.17047055
vt 0.33901812 0.39375058
vt 0.33901812 0.40573373
vt 0.33935379 0.64416100
vt 0.33940768 0.77497488
vt 0.34258704 0.65008079
vt 0.34310929 0.67922761
vt 0.34338426 0.15511665
vt 0.34602487 0.84194616
vt 0.34654712 0.87109298
vt 0.34993368 0.40576720
vt 0.34993368 0.43138019
vt 0.34993368 0.39089322
vt 0.34993368 0.41650621
vt 0.35103430 0.67277751
vt 0.35103430 0.70268320
vt 0.35156969 0.13898022
vt 0.35169723 0.59040657
vt 0.35169723 0.66589431
vt 0.35593918 -5.2124990e-2
vt 0.35839942 0.12309692
vt 0.35912381 0.35214541
vt 0.36166378 0.32007487
vt 0.36308384 0.73580629
vt 0.36354949 0.78887767
vt 0.36354949 1.01099211
vt 0.36758787 0.36095085
vt 0.36758787 0.67129164
vt 0.36874071 0.65044757
vt 0.36874071 0.86971017
vt 0.36974283 0.33466460
vt 0.36974283 0.77039302
vt 0.37087582 0.59040657
vt 0.37087582 0.66589431
vt 0.37651127 0.68696666
vt 0.37907627 0.69292293
vt 0.37912816 0.83301548
vt 0.37925855 0.40389091
vt 0.37925855 0.38276020
vt 0.37925855 0.34637310
vt 0.37925855 0.36750382
vt 0.37925855 0.32524238
vt 0.37925855 0.36162948
vt 0.38015497 0.40573373
vt 0.38015497 0.39375058
vt 0.38682886 0.64781598
vt 0.38929179 0.66074084
vt 0.39005440 0.59040657
vt 0.39005440 0.66589431
vt 0.39284000 0.85876660
vt 0.39570201 0.40576720
vt 0.39570201 0.39089322
vt 0.39570201 0.41650621
vt 0.39570201 0.43138019
vt 0.39749592 0.65044757
vt 0.39749592 0.86971017
vt 0.39793693 0.67277751
vt 0.39793693 0.70268320
vt 0.40343835 0.70920436
vt 0.40524131 0.80982740
vt 0.40923299 0.59040657
vt 0.40923299 0.66589431
vt 0.40955089 0.77972742
vt 0.40955089 1.02014236
vt 0.41491002 0.35563948
vt 0.41558796 0.77039302
vt 0.41558796 0.33466460
vt 0.41854881 -5.3087953e-2
vt 0.41866706 0.74134462
vt 0.41930884 0.77716221
vt 0.42087395 0.36095085
vt 0.42087395 0.67129164
vt 0.42129182 0.39375058
vt 0.42129182 0.40573373
vt 0.42283498 0.23251349
vt 0.42448579 0.32064847
vt 0.42625113 0.65044757
vt 0.42625113 0.86971017
vt 0.42660608 0.69095730
vt 0.42698065 0.21391316
vt 0.42841157 0.59040657
vt 0.42841157 0.66589431
vt 0.42904786 0.82723278
vt 0.43017610 0.89824667
vt 0.43625440 0.19868611
vt 0.43632629 0.34637310
vt 0.43632629 0.38276020
vt 0.43632629 0.40389091
vt 0.43632629 0.32524238
vt 0.43632629 0.36162948
vt 0.43632629 0.36750382
vt 0.43910506 0.94313557
vt 0.43910506 0.85335777
vt 0.44147034 0.39089322
vt 0.44147034 0.40576720
vt 0.44147034 0.41650621
vt 0.44147034 0.43138019
vt 0.44483955 0.67277751
vt 0.44483955 0.70268320
vt 0.44568269 0.68835056
vt 0.44568269 0.55632103
vt 0.44759015 0.59040657
vt 0.44759015 0.66589431
vt 0.44760919 0.73449255
vt 0.44847786 0.78297305
vt 0.44859951 0.18376780
vt 0.45489963 0.16635887
vt 0.45500634 0.65044757
vt 0.45500634 0.86971017
vt 0.45555230 0.78887767
vt 0.45555230 1.01099211
vt 0.45982316 0.58492630
vt 0.45982316 0.68655537
vt 0.46048275 0.78428009
vt 0.46143309 0.33466460
vt 0.46143309 0.77039302
vt 0.46170194 0.73628109
vt 0.46242868 0.40573373
vt 0.46242868 0.39375058
vt 0.46453258 0.98119055
vt 0.46453258 0.81530280
vt 0.46676874 0.59040657
vt 0.46676874 0.66589431
vt 0.47390045 0.68835056
vt 0.47390045 0.55632103
vt 0.47416003 0.36095085
vt 0.47416003 0.67129164
vt 0.48049174 0.82780722
vt 0.48342105 0.69309858
vt 0.48376154 0.65044757
vt 0.48376154 0.86971017
vt 0.48594732 0.59040657
vt 0.48594732 0.66589431
vt 0.48723866 0.40576720
vt 0.48723866 0.43138019
vt 0.48723866 0.41650621
vt 0.48723866 0.39089322
vt 0.48906480 0.77843189
vt 0.49028763 0.74353077
vt 0.49091547 0.32660114
vt 0.49091547 0.35650684
vt 0.49339403 0.40389091
vt 0.49339403 0.38276020
vt 0.49339403 0.34637310
vt 0.49339403 0.36750382
vt 0.49339403 0.32524238
vt 0.49339403 0.36162948
vt 0.49455041 0.81493538
vt 0.49455041 0.98493441
vt 0.50258756 1.00661807
vt 0.50258756 0.78987528
vt 0.50328330 0.80963156
vt 0.50356553 0.39375058
vt 0.50356553 0.40573373
vt 0.50512591 0.59040657
vt 0.50512591 0.66589431
vt 0.50649075 0.71187056
vt 0.50727821 0.33466460
vt 0.50727821 0.77039302
vt 0.51251675 0.65044757
vt 0.51251675 0.86971017
vt 0.51847514 0.85700025
vt 0.52060811 0.85393349
vt 0.52060811 0.94593630
vt 0.52133072 0.66286663
vt 0.52430449 0.59040657
vt 0.52430449 0.66589431
vt 0.52744610 0.36095085
vt 0.52744610 0.67129164
vt 0.52975836 0.89993489
vt 0.53053681 0.83043615
vt 0.53300699 0.41650621
vt 0.53300699 0.39089322
vt 0.53300699 0.40576720
vt 0.53300699 0.43138019
vt 0.53449856 0.68953508
vt 0.53781810 0.32660114
vt 0.53781810 0.35650684
vt 0.54052405 0.94354315
vt 0.54052405 0.81151362
vt 0.54127196 0.65044757
vt 0.54127196 0.86971017
vt 0.54249584 0.29345360
vt 0.54375521 0.58195646
vt 0.54375521 0.69775193
vt 0.54470238 0.39375058
vt 0.54470238 0.40573373
vt 0.54747646 1.01554703
vt 0.54747646 0.78094632
vt 0.55046177 0.38276020
vt 0.55046177 0.34637310
vt 0.55046177 0.40389091
vt 0.55046177 0.32524238
vt 0.55046177 0.36162948
vt 0.55046177 0.36750382
vt 0.55078043 0.79697912
vt 0.55078043 0.51544963
vt 0.55078043 0.64304593
vt 0.55078043 0.92457542
vt 0.55495361 0.27859984
vt 0.56477477 0.58195646
vt 0.56477477 0.69775193
vt 0.56483500 0.83701021
vt 0.56554200 0.86649240
vt 0.56826351 0.65130107
vt 0.56897051 0.68078326
vt 0.56988913 0.26723872
vt 0.57418525 0.24905231
vt 0.57487217 0.23000817
vt 0.57561863 0.68655537
vt 0.57561863 0.58492630
vt 0.57595469 0.88503165
vt 0.57877532 0.40576720
vt 0.57877532 0.43138019
vt 0.57877532 0.41650621
vt 0.57877532 0.39089322
vt 0.57995089 0.58195646
vt 0.57995089 0.69775193
vt 0.58073218 0.36095085
vt 0.58073218 0.67129164
vt 0.58315143 0.84885119
vt 0.58315143 0.92121210
vt 0.58472073 0.32660114
vt 0.58472073 0.35650684
vt 0.58579433 0.58492630
vt 0.58579433 0.68655537
vt 0.58583923 0.39375058
vt 0.58583923 0.40573373
vt 0.58893364 0.91318660
vt 0.58893364 0.93778077
vt 0.58893364 0.94925808
vt 0.58893364 0.97385225
vt 0.59236536 1.00661807
vt 0.59236536 0.78987528
vt 0.59930695 0.82825840
vt 0.60097045 0.58195646
vt 0.60097045 0.69775193
vt 0.60326869 0.68735732
vt 0.60338972 0.92936098
vt 0.60338972 0.99374934
vt 0.60338972 0.89328950
vt 0.60338972 0.95767787
vt 0.60364602 0.95188441
vt 0.60364602 0.81817889
vt 0.60681389 0.58492630
vt 0.60681389 0.68655537
vt 0.60752951 0.38276020
vt 0.60752951 0.34637310
vt 0.60752951 0.40389091
vt 0.60752951 0.36750382
vt 0.60752951 0.32524238
vt 0.60752951 0.36162948
vt 0.61247478 0.85492684
vt 0.61322648 0.68111535
vt 0.61322648 0.75409012
vt 0.61511987 0.72331518
vt 0.61511987 0.79713942
vt 0.61533037 0.66079323
vt 0.61569206 0.79880159
vt 0.61994499 0.59093339
vt 0.61994499 0.66390816
vt 0.62033015 0.25781076
vt 0.62157394 8.8186161e-2
vt 0.62157394 0.59455200
vt 0.62161857 0.78056167
vt 0.62161857 0.81704151
vt 0.62199001 0.58492630
vt 0.62199001 0.68655537
vt 0.62678017 0.92176097
vt 0.62678017 0.88568949
vt 0.62678017 0.96527788
vt 0.62678017 1.00134936
vt 0.62697608 0.39375058
vt 0.62697608 0.40573373
vt 0.62731476 0.80592292
vt 0.63042033 0.98119055
vt 0.63042033 0.81530280
vt 0.63052221 0.70816191
vt 0.63146352 0.20183956
vt 0.63146352 0.31378196
vt 0.63162336 0.32660114
vt 0.63162336 0.35650684
vt 0.63249715 0.74929489
vt 0.63270730 0.65052320
vt 0.63270730 0.53858080
vt 0.63270730 0.14415736
vt 0.63270730 3.2214962e-2
vt 0.63401826 0.36095085
vt 0.63401826 0.67129164
vt 0.63431832 0.79768430
vt 0.63431832 0.97237899
vt 0.63596224 0.33990360
vt 0.63713437 0.76928878
vt 0.63713437 0.82831440
vt 0.64164740 0.70329349
vt 0.64164740 0.79529630
vt 0.64300957 0.58492630
vt 0.64300957 0.68655537
vt 0.64351788 0.77426271
vt 0.64474071 0.73936159
vt 0.64618279 0.32533235
vt 0.64833736 0.66116580
vt 0.64833736 0.87641618
vt 0.64928959 0.25781076
vt 0.65017061 0.92936098
vt 0.65017061 0.99374934
vt 0.65017061 0.89328950
vt 0.65017061 0.95767787
vt 0.65038445 0.82469489
vt 0.65053338 8.8186161e-2
vt 0.65331377 0.68998625
vt 0.65573085 0.31120414
vt 0.65584785 0.85335777
vt 0.65584785 0.94313557
vt 0.65631296 0.76928878
vt 0.65631296 0.82831440
vt 0.65694993 0.80844946
vt 0.65694993 0.95168712
vt 0.65821855 0.21292186
vt 0.65821855 0.30269966
vt 0.65946233 4.3297259e-2
vt 0.65946233 0.13307506
vt 0.66108790 0.29499482
vt 0.66316866 0.36123205
vt 0.66316866 0.15438947
vt 0.66441244 0.19160745
vt 0.66441244 0.69797329
vt 0.66441244 0.49113071
vt 0.66441244 -1.5235130e-2
vt 0.66459725 0.34637310
vt 0.66459725 0.38276020
vt 0.66459725 0.40389091
vt 0.66459725 0.36750382
vt 0.66459725 0.32524238
vt 0.66459725 0.36162948
vt 0.66462670 0.91318660
vt 0.66462670 0.93778077
vt 0.66462670 0.94925808
vt 0.66462670 0.97385225
vt 0.66477681 0.89824667
vt 0.66657809 0.27858605
vt 0.66770511 0.66429538
vt 0.66770511 0.83429441
vt 0.66811293 0.39375058
vt 0.66811293 0.40573373
vt 0.67049878 0.97957573
vt 0.67049878 0.79048756
vt 0.67182876 0.78056167
vt 0.67182876 0.81704151
vt 0.67210357 0.78151239
vt 0.67332276 0.73351339
vt 0.67775526 0.79880159
vt 0.67852598 0.32660114
vt 0.67852598 0.35650684
vt 0.67913634 0.61977039
vt 0.67913634 0.36700406
vt 0.67991247 0.72331518
vt 0.67991247 0.79713942
vt 0.68154410 0.80844946
vt 0.68154410 0.95168712
vt 0.68222005 0.55139898
vt 0.68222005 0.58180087
vt 0.68364607 0.34075463
vt 0.68364607 0.17486688
vt 0.68488985 0.17113004
vt 0.68488985 5.2422858e-3
vt 0.68634097 0.87774637
vt 0.68705072 0.68111535
vt 0.68705072 0.75409012
vt 0.68730433 0.36095085
vt 0.68730433 0.67129164
vt 0.69376924 0.59093339
vt 0.69376924 0.66390816
vt 0.69409627 0.88076188
vt 0.69409627 0.99695555
vt 0.69908931 0.63972336
vt 0.69908931 0.34705109
vt 0.70073798 1.07212410
vt 0.70086600 1.03599069
vt 0.70280727 0.92842444
vt 0.70280727 0.82706830
vt 0.70398163 0.34566549
vt 0.70550571 -5.8265507e-2
vt 0.70599883 0.87774637
vt 0.70613826 0.80844946
vt 0.70613826 0.95168712
vt 0.70635760 0.55139898
vt 0.70635760 0.58180087
vt 0.70667923 0.97237899
vt 0.70667923 0.79768430
vt 0.70670322 0.86035211
vt 0.70670322 0.63823767
vt 0.70718612 0.97942313
vt 0.70785468 0.88076188
vt 0.70785468 0.99695555
vt 0.70853442 0.31073200
vt 0.70924978 0.39375058
vt 0.70924978 0.40573373
vt 0.71061875 0.12268433
vt 0.71061875 0.39293719
vt 0.71186253 0.22331259
vt 0.71186253 0.72967843
vt 0.71186253 0.45942557
vt 0.71186253 -4.6940267e-2
vt 0.71619343 0.95739538
vt 0.71639297 1.00136824
vt 0.71871081 0.91686984
vt 0.71871081 0.83862290
vt 0.72161309 0.99695555
vt 0.72161309 0.88076188
vt 0.72166499 0.38276020
vt 0.72166499 0.40389091
vt 0.72166499 0.36750382
vt 0.72166499 0.34637310
vt 0.72166499 0.36162948
vt 0.72166499 0.32524238
vt 0.72170105 0.14943936
vt 0.72170105 0.36618215
vt 0.72294483 0.19655756
vt 0.72294483 -2.0185235e-2
vt 0.72666678 0.68835056
vt 0.72666678 0.55632103
vt 0.73049516 0.55139898
vt 0.73049516 0.58180087
vt 0.73073243 0.80844946
vt 0.73073243 0.95168712
vt 0.73537085 0.97914094
vt 0.73537149 0.99695555
vt 0.73537149 0.88076188
vt 0.73735154 0.81817889
vt 0.73735154 0.95188441
vt 0.73813853 0.94818853
vt 0.73842073 1.01037554
vt 0.74059041 0.36095085
vt 0.74059041 0.67129164
vt 0.74398154 0.88076188
vt 0.74398154 0.99695555
vt 0.74437816 1.00116869
vt 0.74457770 0.95719583
vt 0.74589429 0.66116580
vt 0.74589429 0.87641618
vt 0.74591661 0.79574753
vt 0.74591661 0.95974522
vt 0.74912990 0.88076188
vt 0.74912990 0.99695555
vt 0.75038664 0.39375058
vt 0.75038664 0.40573373
vt 0.75199123 0.81444327
vt 0.75199123 0.94104948
vt 0.75270462 0.86950236
vt 0.75270462 0.62908743
vt 0.75463272 0.55139898
vt 0.75463272 0.58180087
vt 0.75488454 0.55632103
vt 0.75488454 0.68835056
vt 0.75532659 0.80844946
vt 0.75532659 0.95168712
vt 0.75773995 0.88076188
vt 0.75773995 0.99695555
vt 0.75784612 0.92121210
vt 0.75784612 0.84885119
vt 0.76016629 0.95719583
vt 0.76036583 1.00116869
vt 0.76288831 0.99695555
vt 0.76288831 0.88076188
vt 0.76504286 0.88503165
vt 0.76580164 0.97840394
vt 0.76603082 0.51544963
vt 0.76603082 0.64304593
vt 0.76603082 0.79697912
vt 0.76603082 0.92457542
vt 0.76632326 1.01037554
vt 0.76658995 0.40407055
vt 0.76658995 0.37511111
vt 0.76658995 0.11155097
vt 0.76658995 0.14051040
vt 0.76660546 0.94818853
vt 0.76783373 0.23444595
vt 0.76783373 0.20548651
vt 0.76783373 0.74081179
vt 0.76783373 0.44829221
vt 0.76783373 -2.9114192e-2
vt 0.76783373 -2.9114192e-2
vt 0.76783373 -5.8073631e-2
vt 0.76783373 -5.8073631e-2
vt 0.76937314 0.97914094
vt 0.77055781 0.81151362
vt 0.77055781 0.94354315
vt 0.77149836 0.88076188
vt 0.77149836 0.99695555
vt 0.77370556 0.95932218
vt 0.77370556 0.99748570
vt 0.77481109 0.97840394
vt 0.77664672 0.99695555
vt 0.77664672 0.88076188
vt 0.77877028 0.55139898
vt 0.77877028 0.58180087
vt 0.77992076 0.80844946
vt 0.77992076 0.95168712
vt 0.78007621 0.96569283
vt 0.78007621 0.99111505
vt 0.78061015 0.55056171
vt 0.78061015 0.58402618
vt 0.78320384 0.40814166
vt 0.78360528 0.86132984
vt 0.78360528 1.03002130
vt 0.78525677 0.88076188
vt 0.78525677 0.99695555
vt 0.78568122 0.89409798
vt 0.78702245 0.58525887
vt 0.78835102 1.00136824
vt 0.78855056 0.95739538
vt 0.79040512 0.88076188
vt 0.79040512 0.99695555
vt 0.79278732 0.96042771
vt 0.79278732 0.95141826
vt 0.79278732 0.99638016
vt 0.79312808 0.94104948
vt 0.79312808 0.81444327
vt 0.79329038 0.81151362
vt 0.79329038 0.94354315
vt 0.79387649 0.36095085
vt 0.79387649 0.67129164
vt 0.79631534 0.39788008
vt 0.79755787 0.97942313
vt 0.79870603 0.63823767
vt 0.79870603 0.86035211
vt 0.79901517 0.88076188
vt 0.79901517 0.99695555
vt 0.79920269 0.95974522
vt 0.79920269 0.79574753
vt 0.80126410 0.55056171
vt 0.80126410 0.58402618
vt 0.80186203 0.57037306
vt 0.80187308 0.55132202
vt 0.80290783 0.55139898
vt 0.80290783 0.58180087
vt 0.80343510 0.36820958
vt 0.80391702 0.38454459
vt 0.80416353 0.99695555
vt 0.80416353 0.88076188
vt 0.80451493 0.80844946
vt 0.80451493 0.95168712
vt 0.80549843 0.96569283
vt 0.80549843 0.99111505
vt 0.80740346 0.86132984
vt 0.80740346 1.03002130
vt 0.80802130 0.40125532
vt 0.80852757 0.41571390
vt 0.81025401 0.35276514
vt 0.81076355 0.97840394
vt 0.81147885 0.14943936
vt 0.81147885 0.14943936
vt 0.81147885 0.36618215
vt 0.81186908 0.95932218
vt 0.81186908 0.99748570
vt 0.81207030 0.68180912
vt 0.81207030 0.71056433
vt 0.81207030 0.71520658
vt 0.81207030 0.74396179
vt 0.81219994 0.38817759
vt 0.81270034 0.58302470
vt 0.81272263 0.19655756
vt 0.81272263 -2.0185235e-2
vt 0.81277358 0.88076188
vt 0.81277358 0.99695555
vt 0.81661997 4.7618375e-2
vt 0.81753677 0.13718822
vt 0.81796546 0.57031359
vt 0.81796546 0.59573581
vt 0.81925560 0.21173560
vt 0.81925560 0.24822378
vt 0.81925560 0.30695999
vt 0.81925560 0.34344818
vt 0.81928526 0.35009739
vt 0.81928526 0.63162687
vt 0.81977300 0.97840394
vt 0.82184551 0.37748225
vt 0.82191804 0.55056171
vt 0.82191804 0.58402618
vt 0.82256115 0.12268433
vt 0.82256115 0.12268433
vt 0.82256115 0.39293719
vt 0.82378223 9.6528229e-2
vt 0.82380493 0.22331259
vt 0.82380493 0.72967843
vt 0.82380493 0.45942557
vt 0.82380493 -4.6940267e-2
vt 0.82640849 0.83862290
vt 0.82640849 0.91686984
vt 0.82653199 0.88076188
vt 0.82653199 0.99695555
vt 0.82704539 0.55139898
vt 0.82704539 0.58180087
vt 0.82754778 0.36402261
vt 0.82899490 0.58302470
vt 0.82910909 0.80844946
vt 0.82910909 0.95168712
vt 0.83067657 0.56504847
vt 0.83067657 0.60100092
vt 0.83120165 1.03002130
vt 0.83120165 0.86132984
vt 0.83125282 0.17597108
vt 0.83308627 9.8296445e-2
vt 0.83308627 -3.0596962e-3
vt 0.83313834 0.35009739
vt 0.83313834 0.63162687
vt 0.83426002 0.57031359
vt 0.83426002 0.59573581
vt 0.83508723 0.17886088
vt 0.83508723 0.27408528
vt 0.83508723 0.28109850
vt 0.83508723 0.37632289
vt 0.83697304 0.66743152
vt 0.83697304 0.70082897
vt 0.83697304 0.72494194
vt 0.83697304 0.75833939
vt 0.83770414 0.83429441
vt 0.83770414 0.66429538
vt 0.83810390 0.53891438
vt 0.83912048 0.87774637
vt 0.83912048 0.87774637
vt 0.83918661 0.35751785
vt 0.83918661 0.43049263
vt 0.83918661 0.39989577
vt 0.83918661 0.47287054
vt 0.84029040 0.88076188
vt 0.84029040 0.99695555
vt 0.84231203 0.82706830
vt 0.84231203 0.92842444
vt 0.84257199 0.55056171
vt 0.84257199 0.58402618
vt 0.84338768 0.57031359
vt 0.84338768 0.59573581
vt 0.84528947 0.58302470
vt 0.84697113 0.56504847
vt 0.84697113 0.60100092
vt 0.84699143 0.36821725
vt 0.84699143 0.58346764
vt 0.84734094 0.51661419
vt 0.84734094 0.56121458
vt 0.84850561 6.3649742e-2
vt 0.84865279 0.58302470
vt 0.84953382 0.34075463
vt 0.84953382 0.17486688
vt 0.84985081 0.35009739
vt 0.84985081 0.63162687
vt 0.85055458 0.57031359
vt 0.85055458 0.59573581
vt 0.85077761 5.2422858e-3
vt 0.85077761 0.17113004
vt 0.85118295 0.55139898
vt 0.85118295 0.58180087
vt 0.85370326 0.80844946
vt 0.85370326 0.95168712
vt 0.85404880 0.88076188
vt 0.85404880 0.99695555
vt 0.85499983 0.86132984
vt 0.85499983 1.03002130
vt 0.85877834 0.87774637
vt 0.85877834 0.87774637
vt 0.85968224 0.57031359
vt 0.85968224 0.59573581
vt 0.86084451 0.58346764
vt 0.86084451 0.36821725
vt 0.86167218 0.20366409
vt 0.86187578 0.68180912
vt 0.86187578 0.71056433
vt 0.86187578 0.71520658
vt 0.86187578 0.74396179
vt 0.86239190 0.13297016
vt 0.86322593 0.55056171
vt 0.86322593 0.58402618
vt 0.86326569 0.56504847
vt 0.86326569 0.60100092
vt 0.86356345 0.63972336
vt 0.86356345 0.34705109
vt 0.86358774 0.66116580
vt 0.86358774 0.87641618
vt 0.86361484 0.39907290
vt 0.86361484 0.25133527
vt 0.86361484 0.30384851
vt 0.86361484 0.15611087
vt 0.86370390 0.35009739
vt 0.86370390 0.63162687
vt 0.86376184 0.79529630
vt 0.86376184 0.70329349
vt 0.86494736 0.58302470
vt 0.86530362 0.11401390
vt 0.86669085 0.53891438
vt 0.86878652 0.15105128
vt 0.86964114 0.50737715
vt 0.86964114 0.57045162
vt 0.87001124 0.36123205
vt 0.87001124 0.15438947
vt 0.87125502 0.69797329
vt 0.87125502 0.49113071
vt 0.87125502 0.19160745
vt 0.87125502 -1.5235130e-2
vt 0.87291209 0.74929489
vt 0.87469759 0.36821725
vt 0.87469759 0.58346764
vt 0.87496134 0.21292186
vt 0.87496134 0.30269966
vt 0.87532051 0.55139898
vt 0.87532051 0.58180087
vt 0.87592789 0.51661419
vt 0.87592789 0.56121458
vt 0.87597680 0.57031359
vt 0.87597680 0.59573581
vt 0.87619561 0.12961722
vt 0.87619561 -3.4380466e-2
vt 0.87620513 0.13307506
vt 0.87620513 4.3297259e-2
vt 0.87683001 9.8685482e-2
vt 0.87755698 0.36821725
vt 0.87755698 0.58346764
vt 0.87829743 0.95168712
vt 0.87829743 0.80844946
vt 0.87879802 0.86132984
vt 0.87879802 1.03002130
vt 0.88123622 0.57404893
vt 0.88124192 0.58302470
vt 0.88296846 0.16396216
vt 0.88351642 0.61977039
vt 0.88351642 0.36700406
vt 0.88387988 0.55056171
vt 0.88387988 0.58402618
vt 0.88389030 0.25781076
vt 0.88513408 8.8186161e-2
vt 0.88855068 0.36821725
vt 0.88855068 0.58346764
vt 0.88914015 0.55496718
vt 0.88914015 0.59313069
vt 0.89141007 0.58346764
vt 0.89141007 0.36821725
vt 0.89194133 0.51661419
vt 0.89194133 0.56121458
vt 0.89822809 0.50737715
vt 0.89822809 0.57045162
vt 0.89918819 0.40719229
vt 0.89918819 0.14799149
vt 0.89918819 0.24321588
vt 0.89918819 0.31196789
vt 0.90117838 0.53891438
vt 0.90156885 0.16863586
vt 0.90156885 0.21368888
vt 0.90171638 0.20183956
vt 0.90171638 0.31378196
vt 0.90259620 0.86132984
vt 0.90259620 1.03002130
vt 0.90289159 0.80844946
vt 0.90289159 0.95168712
vt 0.90296016 0.14415736
vt 0.90296016 0.65052320
vt 0.90296016 0.53858080
vt 0.90296016 3.2214962e-2
vt 0.90397921 0.43049263
vt 0.90397921 0.39989577
vt 0.90397921 0.47287054
vt 0.90397921 0.35751785
vt 0.90526315 0.36821725
vt 0.90526315 0.58346764
vt 0.90822190 0.54706325
vt 0.91284974 0.25781076
vt 0.91409352 0.59455200
vt 0.91409352 8.8186161e-2
vt 0.91911623 0.36821725
vt 0.91911623 0.58346764
vt 0.92016924 0.16396216
vt 0.92052829 0.51661419
vt 0.92052829 0.56121458
vt 0.92204340 0.55056171
vt 0.92204340 0.58402618
vt 0.92630769 9.8685482e-2
vt 0.92639439 0.86132984
vt 0.92639439 1.03002130
vt 0.92730366 0.55496718
vt 0.92730366 0.59313069
vt 0.92948169 0.12961722
vt 0.92948169 -3.4380466e-2
vt 0.92976533 0.53891438
vt 0.93435118 0.15105128
vt 0.93476154 0.25133527
vt 0.93476154 0.39907290
vt 0.93476154 0.15611087
vt 0.93476154 0.30384851
vt 0.93502505 0.46228705
vt 0.93503195 0.81151362
vt 0.93503195 0.94354315
vt 0.93520758 0.57404893
vt 0.93783408 0.11401390
vt 0.94004390 0.44860484
vt 0.94074580 0.13297016
vt 0.94146552 0.20366409
vt 0.94269734 0.55056171
vt 0.94269734 0.58402618
vt 0.94477264 0.43536779
vt 0.94964968 0.42171338
vt 0.95019257 1.03002130
vt 0.95019257 0.86132984
vt 0.95428700 0.40855110
vt 0.95463209 6.3649742e-2
vt 0.96114467 0.66116580
vt 0.96114467 0.87641618
vt 0.96324971 0.81151362
vt 0.96324971 0.94354315
vt 0.96328915 0.37632289
vt 0.96328915 0.17886088
vt 0.96328915 0.27408528
vt 0.96328915 0.28109850
vt 0.97188488 0.17597108
vt 0.97259103 -3.0596962e-3
vt 0.97259103 9.8296445e-2
vt 0.97399076 0.86132984
vt 0.97399076 1.03002130
vt 0.97912078 0.21173560
vt 0.97912078 0.24822378
vt 0.97912078 0.30695999
vt 0.97912078 0.34344818
vt 0.97935547 9.6528229e-2
vt 0.98560093 0.13718822
vt 0.98905734 4.7618375e-2
vt 1.23867866 0.34901883
vt 1.23888966 0.31297216
vt 1.23933371 -5.8528853e-2
vt 1.29755067 0.34916503
vt 1.29764027 0.31308674
vt 1.29822108 -5.8526528e-2
vt 1.33041037 0.60550985
vt 1.33139038 0.57203615
vt 1.33279165 0.24128423
vt 1.34063401 0.55784098
vt 1.35124768 0.54850731
vt 1.35240421 0.26105525
vt 1.35564794 0.55668874
vt 1.35932095 0.60426277
vt 1.73970653 0.57762848
vt 1.74065886 0.53119717
vt 1.76481713 0.57903196
vt 1.76725403 0.53543189
vt 1.85185708 0.35062001
vt 1.85998362 -4.5476092e-2
vt 1.87837245 0.35261848
vt 1.88595159 -4.4980138e-2
vn -0.38203635 -0.30226426 0.87331812
vn -0.92010681 -0.14254636 0.36480679
vn 0.36531231 -0.26851433 0.89131755
vn 0.92176066 -0.10606341 0.37297162
vn -0.92010681 -0.14254636 -0.36480679
vn -0.38203635 -0.30226426 -0.87331812
vn 0.36531231 -0.26851433 -0.89131755
vn 0.92176066 -0.10606341 -0.37297162
vn -0.38203635 -0.30226426 0.87331812
vn -0.92010681 -0.14254636 0.36480679
vn 0.92316095 -0.10525244 0.36972394
vn 0.36871208 -0.26866927 0.88986978
vn 0.36531231 -0.26851433 -0.89131755
vn 0.92182982 -0.10567948 -0.37290968
vn -0.92010681 -0.14254636 -0.36480679
vn -0.38203635 -0.30226426 -0.87331812
vn -0.38268343 0.0000000e+0 0.92387953
vn -0.92387953 0.0000000e+0 0.38268343
vn 0.39691936 2.8957843e-3 0.91784892
vn -0.91908181 -0.16155855 -0.35942656
vn -0.68455032 -0.25056281 -0.68455032
vn -0.35942656 -0.16155855 -0.91908181
vn 0.79296116 0.60014418 -0.10506937
vn 0.97128328 0.14687195 -0.18718288
vn 0.84078375 0.39236660 -0.37300286
vn 0.85554294 0.29620199 -0.42463004
vn 0.91579906 0.37282949 -0.14936614
vn 0.81512684 0.38821199 -0.42995312
vn 0.84086604 0.39237924 -0.37280403
vn 0.93769792 0.25632594 0.23456262
vn 0.45207229 0.86915227 -0.20051179
vn 0.54826590 0.79756824 -0.25157385
vn 0.71908816 0.43393711 -0.54278062
vn 0.87942825 0.26581293 -0.39490434
vn 0.52159427 0.84910231 -8.3454649e-2
vn 0.44147299 0.86653132 -0.23286277
vn 0.45214454 0.86917765 -0.20023868
vn -0.55188978 -0.83355121 2.4699299e-2
vn -0.61696323 -0.74207657 0.26206628
vn 0.67480682 -0.43713640 0.59459862
vn 0.74136221 -0.45157077 0.49645334
vn 0.55499208 0.83126833 -3.1252973e-2
vn 0.61820033 0.73853729 -0.26905579
vn -0.67123387 0.43389201 -0.60098487
vn -0.73982418 0.44685462 -0.50297229
vn -0.52366012 -0.83890622 -0.14837933
vn -0.53227286 -0.81802687 -0.21798540
vn 0.64905096 -0.50508090 0.56888148
vn 0.70446569 -0.56956067 0.42347224
vn 0.52693653 0.83756400 0.14430676
vn 0.53211566 0.81775177 0.21939681
vn -0.64616072 0.50355936 -0.57350178
vn -0.70524305 0.56939642 -0.42239787
vn -0.67885755 -0.52270067 0.51569026
vn -0.71116539 -0.13313655 0.69030316
vn 0.75074942 -0.36040983 0.55360641
vn 0.72711819 -7.8486209e-2 0.68201104
vn 0.67865175 0.51982346 -0.51885968
vn 0.71046759 0.13737245 -0.69019172
vn -0.74984754 0.35756311 -0.55666622
vn -0.72668675 8.2759040e-2 -0.68196577
vn -0.23592287 -0.82180977 -0.51862232
vn -0.44697481 -0.82155492 -0.35392236
vn 0.31652443 -0.59237306 0.74088221
vn 0.62549375 -0.59247264 0.50767483
vn 0.22888681 0.82170199 0.52193550
vn 0.44316883 0.82168124 0.35838713
vn -0.32353777 0.59207356 -0.73808685
vn -0.62921879 0.59239476 -0.50314228
vn -0.26091812 -0.82549864 -0.50047351
vn -0.49021970 -0.82629501 -0.27734671
vn 0.35301214 -0.59817726 0.71942088
vn 0.69673759 -0.59658694 0.39829731
vn 0.25327571 0.82522830 0.50482638
vn 0.48557175 0.82635691 0.28522680
vn -0.36073077 0.59796766 -0.71575693
vn -0.70108576 0.59669575 -0.39042661
vn -0.46575932 -0.83181129 -0.30192420
vn -0.16588957 -0.83006433 -0.53242263
vn 0.68249157 -0.60003702 0.41732581
vn 0.28523087 -0.60230594 0.74556751
vn 0.47402250 0.82880070 0.29730803
vn 0.20819648 0.82732538 0.52171538
vn -0.67639189 0.60280618 -0.42322420
vn -0.24283153 0.60537882 -0.75799032
vn 0.0000000e+0 1.00000000 4.6853095e-17
vn -0.70710678 0.0000000e+0 -0.70710678
vn -0.70710678 0.0000000e+0 -0.70710678
vn -0.38268343 0.0000000e+0 0.92387953
vn -0.38268343 0.0000000e+0 0.92387953
vn -0.92387953 0.0000000e+0 0.38268343
vn -0.92387953 0.0000000e+0 0.38268343
vn 0.38268343 0.0000000e+0 0.92387953
vn 0.38268343 0.0000000e+0 0.92387953
vn 0.92387953 0.0000000e+0 0.38268343
vn 0.92387953 0.0000000e+0 0.38268343
vn -0.92387953 1.5067570e-16 -0.38268343
vn -0.92387953 1.5067570e-16 -0.38268343
vn -0.38268343 1.5067570e-16 -0.92387953
vn -0.38268343 1.5067570e-16 -0.92387953
vn 0.38268343 1.5067570e-16 -0.92387953
vn 0.38268343 1.5067570e-16 -0.92387953
vn 0.92387953 1.5067570e-16 -0.38268343
vn 0.92387953 1.5067570e-16 -0.38268343
vn 0.89693571 0.27160974 0.34890469
vn 0.89693571 0.27160974 0.34890469
vn 0.89693571 0.27160974 0.34890469
vn 0.89693571 0.27160974 0.34890469
vn 0.89693571 0.27160974 0.34890469
vn 0.0000000e+0 1.00000000 -9.6664467e-17
vn 0.38268343 1.7640040e-17 -0.92387953
vn 0.38268343 1.7640040e-17 -0.92387953
vn 0.0000000e+0 1.00000000 -9.6664467e-17
vn 0.92394194 7.7299787e-4 -0.38253194
vn 0.92394194 7.7299787e-4 -0.38253194
vn 0.0000000e+0 1.00000000 4.6853095e-17
vn 0.40458323 5.2850563e-3 0.91448591
vn 0.40458323 5.2850563e-3 0.91448591
vn 0.0000000e+0 1.00000000 4.6853095e-17
vn -0.38268343 0.0000000e+0 0.92387953
vn -0.38268343 0.0000000e+0 0.92387953
vn 0.0000000e+0 1.00000000 4.6853095e-17
vn -0.92387953 0.0000000e+0 0.38268343
vn -0.92387953 0.0000000e+0 0.38268343
vn 0.17916898 0.19481839 -0.96433618
vn 0.17916898 0.19481839 -0.96433618
vn 0.17916898 0.19481839 -0.96433618
vn 0.17916898 0.19481839 -0.96433618
vn 0.26493634 0.91156189 -0.31442591
vn 0.0000000e+0 0.0000000e+0 -1.00000000
vn 0.26493634 0.91156189 -0.31442591
vn 0.26493634 0.91156189 -0.31442591
vn 0.46829984 0.59335569 -0.65469403
vn 0.46829984 0.59335569 -0.65469403
vn 0.46829984 0.59335569 -0.65469403
vn 0.46829984 0.59335569 -0.65469403
vn 0.64732643 0.70886105 0.28015085
vn 0.64732643 0.70886105 0.28015085
vn 0.64732643 0.70886105 0.28015085
vn 0.0000000e+0 -0.97220671 0.23412415
vn -1.00000000 4.1308326e-16 1.4720785e-15
vn -1.00000000 4.1308326e-16 1.4720785e-15
vn 0.0000000e+0 -0.97220671 0.23412415
vn -0.70710678 0.16555077 0.68745396
vn -0.70710678 0.16555077 0.68745396
vn 0.0000000e+0 -0.97220671 0.23412415
vn 1.2617816e-15 0.23412415 0.97220671
vn 1.2617816e-15 0.23412415 0.97220671
vn 0.0000000e+0 -0.97220671 0.23412415
vn 0.70710678 0.16555077 0.68745396
vn 0.70710678 0.16555077 0.68745396
vn 0.0000000e+0 -0.97220671 0.23412415
vn 1.00000000 3.9055144e-16 1.4119937e-15
vn 1.00000000 3.9055144e-16 1.4119937e-15
vn 0.0000000e+0 -0.97220671 0.23412415
vn 0.70710678 -0.16555077 -0.68745396
vn 0.70710678 -0.16555077 -0.68745396
vn 0.0000000e+0 -0.97220671 0.23412415
vn 1.4720785e-15 -0.23412415 -0.97220671
vn 1.4720785e-15 -0.23412415 -0.97220671
vn 0.0000000e+0 -0.97220671 0.23412415
vn -0.70710678 -0.16555077 -0.68745396
vn -0.70710678 -0.16555077 -0.68745396
vn -1.7062445e-16 0.97220671 -0.23412415
vn -1.00000000 4.1308326e-16 1.4720785e-15
vn -1.00000000 4.1308326e-16 1.4720785e-15
vn -1.7062445e-16 0.97220671 -0.23412415
vn -0.70710678 0.16555077 0.68745396
vn -0.70710678 0.16555077 0.68745396
vn -1.7062445e-16 0.97220671 -0.23412415
vn 1.2617816e-15 0.23412415 0.97220671
vn 1.2617816e-15 0.23412415 0.97220671
vn -1.7062445e-16 0.97220671 -0.23412415
vn 0.70710678 0.16555077 0.68745396
vn 0.70710678 0.16555077 0.68745396
vn -1.7062445e-16 0.97220671 -0.23412415
vn 1.00000000 3.9055144e-16 1.4119937e-15
vn 1.00000000 3.9055144e-16 1.4119937e-15
vn -1.7062445e-16 0.97220671 -0.23412415
vn 0.70710678 -0.16555077 -0.68745396
vn 0.70710678 -0.16555077 -0.68745396
vn -1.7062445e-16 0.97220671 -0.23412415
vn 1.4720785e-15 -0.23412415 -0.97220671
vn 1.4720785e-15 -0.23412415 -0.97220671
vn -1.7062445e-16 0.97220671 -0.23412415
vn -0.70710678 -0.16555077 -0.68745396
vn -0.70710678 -0.16555077 -0.68745396
vn -1.00000000 0.0000000e+0 0.0000000e+0
vn -9.2009766e-16 1.00000000 -9.6135739e-16
vn -9.2009766e-16 1.00000000 -9.6135739e-16
vn -1.00000000 0.0000000e+0 0.0000000e+0
vn 0.0000000e+0 0.70710678 0.70710678
vn 0.0000000e+0 0.70710678 0.70710678
vn -1.00000000 0.0000000e+0 0.0000000e+0
vn 0.0000000e+0 -6.3089079e-16 1.00000000
vn 0.0000000e+0 -6.3089079e-16 1.00000000
vn -1.00000000 0.0000000e+0 0.0000000e+0
vn 0.0000000e+0 -0.70710678 0.70710678
vn 0.0000000e+0 -0.70710678 0.70710678
vn -1.00000000 0.0000000e+0 0.0000000e+0
vn 9.2009766e-16 -1.00000000 -9.6135739e-16
vn 9.2009766e-16 -1.00000000 -9.6135739e-16
vn -1.00000000 0.0000000e+0 0.0000000e+0
vn 9.2009766e-16 -0.70710678 -0.70710678
vn 9.2009766e-16 -0.70710678 -0.70710678
vn -1.00000000 0.0000000e+0 0.0000000e+0
vn 0.0000000e+0 -6.3089079e-16 -1.00000000
vn 0.0000000e+0 -6.3089079e-16 -1.00000000
vn -1.00000000 0.0000000e+0 0.0000000e+0
vn -9.2009766e-16 0.70710678 -0.70710678
vn -9.2009766e-16 0.70710678 -0.70710678
vn 1.00000000 -4.4348707e-16 0.0000000e+0
vn -9.2009766e-16 1.00000000 -9.6135739e-16
vn -9.2009766e-16 1.00000000 -9.6135739e-16
vn 1.00000000 -4.4348707e-16 0.0000000e+0
vn 0.0000000e+0 0.70710678 0.70710678
vn 0.0000000e+0 0.70710678 0.70710678
vn 1.00000000 -4.4348707e-16 0.0000000e+0
vn 0.0000000e+0 -6.3089079e-16 1.00000000
vn 0.0000000e+0 -6.3089079e-16 1.00000000
vn 1.00000000 -4.4348707e-16 0.0000000e+0
vn 0.0000000e+0 -0.70710678 0.70710678
vn 0.0000000e+0 -0.70710678 0.70710678
vn 1.00000000 -4.4348707e-16 0.0000000e+0
vn 9.2009766e-16 -1.00000000 -9.6135739e-16
vn 9.2009766e-16 -1.00000000 -9.6135739e-16
vn 1.00000000 -4.4348707e-16 0.0000000e+0
vn 9.2009766e-16 -0.70710678 -0.70710678
vn 9.2009766e-16 -0.70710678 -0.70710678
vn 1.00000000 -4.4348707e-16 0.0000000e+0
vn 0.0000000e+0 -6.3089079e-16 -1.00000000
vn 0.0000000e+0 -6.3089079e-16 -1.00000000
vn 1.00000000 -4.4348707e-16 0.0000000e+0
vn -9.2009766e-16 0.70710678 -0.70710678
vn -9.2009766e-16 0.70710678 -0.70710678
vn -0.38268343 -9.0615886e-17 0.92387953
vn -0.38268343 -9.0615886e-17 0.92387953
vn -0.92387953 -9.0615886e-17 0.38268343
vn -0.92387953 -9.0615886e-17 0.38268343
vn -0.38268343 -9.0615886e-17 0.92387953
vn 0.0000000e+0 1.00000000 0.0000000e+0
vn -0.38268343 -9.0615886e-17 0.92387953
vn 0.0000000e+0 1.00000000 0.0000000e+0
vn -0.92387953 -9.0615886e-17 0.38268343
vn -0.92387953 -9.0615886e-17 0.38268343
vn 0.38268343 -9.0615886e-17 0.92387953
vn 0.0000000e+0 1.00000000 0.0000000e+0
vn 0.38268343 -9.0615886e-17 0.92387953
vn 0.92387953 -9.0615886e-17 0.38268343
vn 0.0000000e+0 1.00000000 0.0000000e+0
vn 0.92387953 -9.0615886e-17 0.38268343
vn 0.38268343 -9.0615886e-17 0.92387953
vn 0.38268343 -9.0615886e-17 0.92387953
vn 0.92387953 -9.0615886e-17 0.38268343
vn 0.92387953 -9.0615886e-17 0.38268343
vn -0.92387953 0.0000000e+0 -0.38268343
vn -0.92387953 0.0000000e+0 -0.38268343
vn -0.38268343 0.0000000e+0 -0.92387953
vn -0.38268343 0.0000000e+0 -0.92387953
vn 0.0000000e+0 1.00000000 0.0000000e+0
vn -0.92387953 0.0000000e+0 -0.38268343
vn -0.92387953 0.0000000e+0 -0.38268343
vn 0.0000000e+0 1.00000000 0.0000000e+0
vn -0.38268343 0.0000000e+0 -0.92387953
vn -0.38268343 0.0000000e+0 -0.92387953
vn 0.0000000e+0 1.00000000 0.0000000e+0
vn 0.38268343 0.0000000e+0 -0.92387953
vn 0.38268343 0.0000000e+0 -0.92387953
vn 0.92387953 0.0000000e+0 -0.38268343
vn 0.0000000e+0 1.00000000 0.0000000e+0
vn 0.92387953 0.0000000e+0 -0.38268343
vn 0.38268343 0.0000000e+0 -0.92387953
vn 0.38268343 0.0000000e+0 -0.92387953
vn 0.92387953 0.0000000e+0 -0.38268343
vn 0.92387953 0.0000000e+0 -0.38268343
vn -1.00000000 4.5622590e-16 0.0000000e+0
vn 0.0000000e+0 0.99998970 4.5378405e-3
vn 0.0000000e+0 0.99998970 4.5378405e-3
vn -1.00000000 4.5622590e-16 0.0000000e+0
vn 0.0000000e+0 0.70389076 0.71030824
vn 0.0000000e+0 0.70389076 0.71030824
vn -1.00000000 4.5622590e-16 0.0000000e+0
vn 8.4093229e-17 -4.5378405e-3 0.99998970
vn 8.4093229e-17 -4.5378405e-3 0.99998970
vn -1.00000000 4.5622590e-16 0.0000000e+0
vn 2.5227969e-16 -0.71030824 0.70389076
vn 2.5227969e-16 -0.71030824 0.70389076
vn -1.00000000 4.5622590e-16 0.0000000e+0
vn -5.0455937e-16 -0.99998970 -4.5378405e-3
vn -5.0455937e-16 -0.99998970 -4.5378405e-3
vn -1.00000000 4.5622590e-16 0.0000000e+0
vn -9.2502552e-16 -0.70389076 -0.71030824
vn -9.2502552e-16 -0.70389076 -0.71030824
vn -1.00000000 4.5622590e-16 0.0000000e+0
vn -2.5227969e-16 4.5378405e-3 -0.99998970
vn -2.5227969e-16 4.5378405e-3 -0.99998970
vn -1.00000000 4.5622590e-16 0.0000000e+0
vn 0.0000000e+0 0.71030824 -0.70389076
vn 0.0000000e+0 0.71030824 -0.70389076
vn 1.00000000 4.5622590e-16 0.0000000e+0
vn 0.0000000e+0 0.99998970 4.5378405e-3
vn 0.0000000e+0 0.99998970 4.5378405e-3
vn 1.00000000 4.5622590e-16 0.0000000e+0
vn 0.0000000e+0 0.70389076 0.71030824
vn 0.0000000e+0 0.70389076 0.71030824
vn 1.00000000 4.5622590e-16 0.0000000e+0
vn 8.4093229e-17 -4.5378405e-3 0.99998970
vn 8.4093229e-17 -4.5378405e-3 0.99998970
vn 1.00000000 4.5622590e-16 0.0000000e+0
vn 2.5227969e-16 -0.71030824 0.70389076
vn 2.5227969e-16 -0.71030824 0.70389076
vn 1.00000000 4.5622590e-16 0.0000000e+0
vn -5.0455937e-16 -0.99998970 -4.5378405e-3
vn -5.0455937e-16 -0.99998970 -4.5378405e-3
vn 1.00000000 4.5622590e-16 0.0000000e+0
vn -9.2502552e-16 -0.70389076 -0.71030824
vn -9.2502552e-16 -0.70389076 -0.71030824
vn 1.00000000 4.5622590e-16 0.0000000e+0
vn -2.5227969e-16 4.5378405e-3 -0.99998970
vn -2.5227969e-16 4.5378405e-3 -0.99998970
vn 1.00000000 4.5622590e-16 0.0000000e+0
vn 0.0000000e+0 0.71030824 -0.70389076
vn 0.0000000e+0 0.71030824 -0.70389076
vn -1.00000000 0.0000000e+0 0.0000000e+0
vn 0.0000000e+0 1.00000000 8.7551818e-17
vn 0.0000000e+0 1.00000000 8.7551818e-17
vn -1.00000000 0.0000000e+0 0.0000000e+0
vn 0.0000000e+0 0.80901699 0.58778525
vn 0.0000000e+0 0.80901699 0.58778525
vn -1.00000000 0.0000000e+0 0.0000000e+0
vn 0.0000000e+0 0.30901699 0.95105652
vn 0.0000000e+0 0.30901699 0.95105652
vn -1.00000000 0.0000000e+0 0.0000000e+0
vn -9.3093135e-17 -0.30901699 0.95105652
vn -9.3093135e-17 -0.30901699 0.95105652
vn -1.00000000 0.0000000e+0 0.0000000e+0
vn 9.3093135e-17 -0.80901699 0.58778525
vn 9.3093135e-17 -0.80901699 0.58778525
vn -1.00000000 0.0000000e+0 0.0000000e+0
vn 3.7237254e-16 -1.00000000 1.4591970e-16
vn 3.7237254e-16 -1.00000000 1.4591970e-16
vn -1.00000000 0.0000000e+0 0.0000000e+0
vn 1.8618627e-16 -0.80901699 -0.58778525
vn 1.8618627e-16 -0.80901699 -0.58778525
vn -1.00000000 0.0000000e+0 0.0000000e+0
vn 1.6536663e-31 -0.30901699 -0.95105652
vn 1.6536663e-31 -0.30901699 -0.95105652
vn -1.00000000 0.0000000e+0 0.0000000e+0
vn 9.3093135e-17 0.30901699 -0.95105652
vn 9.3093135e-17 0.30901699 -0.95105652
vn -1.00000000 0.0000000e+0 0.0000000e+0
vn 9.3093135e-17 0.80901699 -0.58778525
vn 9.3093135e-17 0.80901699 -0.58778525
vn 1.00000000 0.0000000e+0 0.0000000e+0
vn 0.0000000e+0 1.00000000 8.7551818e-17
vn 0.0000000e+0 1.00000000 8.7551818e-17
vn 1.00000000 0.0000000e+0 0.0000000e+0
vn 0.0000000e+0 0.80901699 0.58778525
vn 0.0000000e+0 0.80901699 0.58778525
vn 1.00000000 0.0000000e+0 0.0000000e+0
vn 0.0000000e+0 0.30901699 0.95105652
vn 0.0000000e+0 0.30901699 0.95105652
vn 1.00000000 0.0000000e+0 0.0000000e+0
vn -9.3093135e-17 -0.30901699 0.95105652
vn -9.3093135e-17 -0.30901699 0.95105652
vn 1.00000000 0.0000000e+0 0.0000000e+0
vn 9.3093135e-17 -0.80901699 0.58778525
vn 9.3093135e-17 -0.80901699 0.58778525
vn 1.00000000 0.0000000e+0 0.0000000e+0
vn 3.7237254e-16 -1.00000000 1.4591970e-16
vn 3.7237254e-16 -1.00000000 1.4591970e-16
vn 1.00000000 0.0000000e+0 0.0000000e+0
vn 1.8618627e-16 -0.80901699 -0.58778525
vn 1.8618627e-16 -0.80901699 -0.58778525
vn 1.00000000 0.0000000e+0 0.0000000e+0
vn 1.6536663e-31 -0.30901699 -0.95105652
vn 1.6536663e-31 -0.30901699 -0.95105652
vn 1.00000000 0.0000000e+0 0.0000000e+0
vn 9.3093135e-17 0.30901699 -0.95105652
vn 9.3093135e-17 0.30901699 -0.95105652
vn 1.00000000 0.0000000e+0 0.0000000e+0
vn 9.3093135e-17 0.80901699 -0.58778525
vn 9.3093135e-17 0.80901699 -0.58778525
vn 0.0000000e+0 0.0000000e+0 1.00000000
vn -1.00000000 0.0000000e+0 0.0000000e+0
vn 0.0000000e+0 0.0000000e+0 1.00000000
vn 0.0000000e+0 1.00000000 0.0000000e+0
vn -1.00000000 0.0000000e+0 0.0000000e+0
vn 0.0000000e+0 0.0000000e+0 1.00000000
vn 1.00000000 0.0000000e+0 0.0000000e+0
vn 0.0000000e+0 1.00000000 0.0000000e+0
vn 0.0000000e+0 0.0000000e+0 1.00000000
vn 1.00000000 0.0000000e+0 0.0000000e+0
vn 0.0000000e+0 0.0000000e+0 -1.00000000
vn -1.00000000 0.0000000e+0 0.0000000e+0
vn 0.0000000e+0 1.00000000 0.0000000e+0
vn 0.0000000e+0 0.0000000e+0 -1.00000000
vn -1.00000000 0.0000000e+0 0.0000000e+0
vn 1.00000000 0.0000000e+0 0.0000000e+0
vn 0.0000000e+0 1.00000000 0.0000000e+0
vn 0.0000000e+0 0.0000000e+0 -1.00000000
vn 1.00000000 0.0000000e+0 0.0000000e+0
vn 0.0000000e+0 0.0000000e+0 -1.00000000
vn 0.0000000e+0 0.0000000e+0 1.00000000
vn -1.00000000 0.0000000e+0 0.0000000e+0
vn 0.0000000e+0 0.0000000e+0 1.00000000
vn 0.0000000e+0 1.00000000 0.0000000e+0
vn -1.00000000 0.0000000e+0 0.0000000e+0
vn 0.0000000e+0 0.0000000e+0 1.00000000
vn 1.00000000 0.0000000e+0 0.0000000e+0
vn 0.0000000e+0 1.00000000 0.0000000e+0
vn 0.0000000e+0 0.0000000e+0 1.00000000
vn 1.00000000 0.0000000e+0 0.0000000e+0
vn 0.0000000e+0 0.0000000e+0 -1.00000000
vn -1.00000000 0.0000000e+0 0.0000000e+0
vn 0.0000000e+0 1.00000000 0.0000000e+0
vn 0.0000000e+0 0.0000000e+0 -1.00000000
vn -1.00000000 0.0000000e+0 0.0000000e+0
vn 1.00000000 0.0000000e+0 0.0000000e+0
vn 0.0000000e+0 1.00000000 0.0000000e+0
vn 0.0000000e+0 0.0000000e+0 -1.00000000
vn 1.00000000 0.0000000e+0 0.0000000e+0
vn 0.0000000e+0 0.0000000e+0 -1.00000000
vn 1.3649956e-15 0.10938735 0.99399920
vn -1.00000000 1.0815271e-15 1.2392498e-16
vn -1.00000000 1.0815271e-15 1.2392498e-16
vn 1.3649956e-15 0.10938735 0.99399920
vn -0.70710678 0.70286357 -7.7348535e-2
vn -0.70710678 0.70286357 -7.7348535e-2
vn 1.3649956e-15 0.10938735 0.99399920
vn 1.2918240e-15 0.99399920 -0.10938735
vn 1.2918240e-15 0.99399920 -0.10938735
vn 1.3649956e-15 0.10938735 0.99399920
vn 0.70710678 0.70286357 -7.7348535e-2
vn 0.70710678 0.70286357 -7.7348535e-2
vn 1.3649956e-15 0.10938735 0.99399920
vn 1.00000000 1.0815271e-15 -1.3894619e-16
vn 1.00000000 1.0815271e-15 -1.3894619e-16
vn 1.3649956e-15 0.10938735 0.99399920
vn 0.70710678 -0.70286357 7.7348535e-2
vn 0.70710678 -0.70286357 7.7348535e-2
vn 1.3649956e-15 0.10938735 0.99399920
vn 1.1716543e-15 -0.99399920 0.10938735
vn 1.1716543e-15 -0.99399920 0.10938735
vn 1.3649956e-15 0.10938735 0.99399920
vn -0.70710678 -0.70286357 7.7348535e-2
vn -0.70710678 -0.70286357 7.7348535e-2
vn -1.00000000 1.0815271e-15 1.2392498e-16
vn -1.00000000 1.0815271e-15 1.2392498e-16
vn -1.6333390e-15 0.10938735 0.99399920
vn -1.6333390e-15 0.10938735 0.99399920
vn -0.70710678 0.70286357 -7.7348535e-2
vn -0.70710678 0.70286357 -7.7348535e-2
vn 1.9068549e-15 0.10938735 0.99399920
vn 1.9068549e-15 0.10938735 0.99399920
vn 1.2918240e-15 0.99399920 -0.10938735
vn 1.2918240e-15 0.99399920 -0.10938735
vn -2.6295364e-31 0.10938735 0.99399920
vn -2.6295364e-31 0.10938735 0.99399920
vn -2.6295364e-31 0.10938735 0.99399920
vn 0.70710678 0.70286357 -7.7348535e-2
vn 0.70710678 0.70286357 -7.7348535e-2
vn -1.9068549e-15 0.10938735 0.99399920
vn -1.9068549e-15 0.10938735 0.99399920
vn 1.00000000 1.0815271e-15 -1.3894619e-16
vn 1.00000000 1.0815271e-15 -1.3894619e-16
vn 1.6333390e-15 0.10938735 0.99399920
vn 1.6333390e-15 0.10938735 0.99399920
vn 0.70710678 -0.70286357 7.7348535e-2
vn 0.70710678 -0.70286357 7.7348535e-2
vn 1.6333390e-15 0.10938735 0.99399920
vn 1.6333390e-15 0.10938735 0.99399920
vn 1.1716543e-15 -0.99399920 0.10938735
vn 1.1716543e-15 -0.99399920 0.10938735
vn 5.8178492e-30 0.10938735 0.99399920
vn 5.8178492e-30 0.10938735 0.99399920
vn -0.70710678 -0.70286357 7.7348535e-2
vn -0.70710678 -0.70286357 7.7348535e-2
vn -1.6333390e-15 0.10938735 0.99399920
vn -1.6333390e-15 0.10938735 0.99399920
vn -1.6333390e-15 0.10938735 0.99399920
vn -1.6333390e-15 0.10938735 0.99399920
vn -1.00000000 2.4033935e-16 2.4409465e-16
vn -1.00000000 2.4033935e-16 2.4409465e-16
vn 1.2712366e-15 0.10938735 0.99399920
vn 1.2712366e-15 0.10938735 0.99399920
vn -0.55557023 0.82648013 -9.0952255e-2
vn 1.2712366e-15 0.10938735 0.99399920
vn -0.55557023 0.82648013 -9.0952255e-2
vn -1.2712366e-15 0.10938735 0.99399920
vn -1.2712366e-15 0.10938735 0.99399920
vn -1.2712366e-15 0.10938735 0.99399920
vn 0.55557023 0.82648013 -9.0952255e-2
vn 0.55557023 0.82648013 -9.0952255e-2
vn 1.6333390e-15 0.10938735 0.99399920
vn 1.6333390e-15 0.10938735 0.99399920
vn 1.00000000 2.4033935e-16 0.0000000e+0
vn 1.00000000 2.4033935e-16 0.0000000e+0
vn 1.6333390e-15 0.10938735 0.99399920
vn 1.6333390e-15 0.10938735 0.99399920
vn 0.70710678 -0.70286357 7.7348535e-2
vn 0.70710678 -0.70286357 7.7348535e-2
vn 5.8178492e-30 0.10938735 0.99399920
vn 5.8178492e-30 0.10938735 0.99399920
vn 8.4118772e-16 -0.99399920 0.10938735
vn 8.4118772e-16 -0.99399920 0.10938735
vn -1.6333390e-15 0.10938735 0.99399920
vn -1.6333390e-15 0.10938735 0.99399920
vn -0.70710678 -0.70286357 7.7348535e-2
vn -0.70710678 -0.70286357 7.7348535e-2
vn 0.0000000e+0 -0.10938735 -0.99399920
vn -1.00000000 2.4033935e-16 2.4409465e-16
vn -1.00000000 2.4033935e-16 2.4409465e-16
vn 0.0000000e+0 -0.10938735 -0.99399920
vn -0.55557023 0.82648013 -9.0952255e-2
vn -0.55557023 0.82648013 -9.0952255e-2
vn 0.0000000e+0 -0.10938735 -0.99399920
vn 0.55557023 0.82648013 -9.0952255e-2
vn 0.55557023 0.82648013 -9.0952255e-2
vn 0.0000000e+0 -0.10938735 -0.99399920
vn 1.00000000 2.4033935e-16 0.0000000e+0
vn 1.00000000 2.4033935e-16 0.0000000e+0
vn 0.0000000e+0 -0.10938735 -0.99399920
vn 0.70710678 -0.70286357 7.7348535e-2
vn 0.70710678 -0.70286357 7.7348535e-2
vn 0.0000000e+0 -0.10938735 -0.99399920
vn 8.4118772e-16 -0.99399920 0.10938735
vn 8.4118772e-16 -0.99399920 0.10938735
vn 0.0000000e+0 -0.10938735 -0.99399920
vn -0.70710678 -0.70286357 7.7348535e-2
vn -0.70710678 -0.70286357 7.7348535e-2
vn 1.00000000 -4.8375764e-17 0.0000000e+0
vn 0.0000000e+0 -1.00000000 9.9047688e-17
vn 0.0000000e+0 -1.00000000 9.9047688e-17
vn 1.00000000 -4.8375764e-17 0.0000000e+0
vn 0.0000000e+0 -0.92387953 0.38268343
vn 0.0000000e+0 -0.92387953 0.38268343
vn 1.00000000 -4.8375764e-17 0.0000000e+0
vn 1.6873288e-16 -0.70710678 0.70710678
vn 1.6873288e-16 -0.70710678 0.70710678
vn 1.00000000 -4.8375764e-17 0.0000000e+0
vn 8.4366438e-17 -0.38268343 0.92387953
vn 8.4366438e-17 -0.38268343 0.92387953
vn 1.00000000 -4.8375764e-17 0.0000000e+0
vn -1.5080918e-31 -1.8394571e-16 1.00000000
vn -1.5080918e-31 -1.8394571e-16 1.00000000
vn 1.00000000 -4.8375764e-17 0.0000000e+0
vn 8.4366438e-17 0.38268343 0.92387953
vn 8.4366438e-17 0.38268343 0.92387953
vn 1.00000000 -4.8375764e-17 0.0000000e+0
vn 3.3746575e-16 0.70710678 0.70710678
vn 3.3746575e-16 0.70710678 0.70710678
vn 1.00000000 -4.8375764e-17 0.0000000e+0
vn 3.3746575e-16 0.92387953 0.38268343
vn 3.3746575e-16 0.92387953 0.38268343
vn 1.00000000 -4.8375764e-17 0.0000000e+0
vn 6.7493150e-16 1.00000000 -2.8299339e-17
vn 6.7493150e-16 1.00000000 -2.8299339e-17
vn 1.00000000 -4.8375764e-17 0.0000000e+0
vn 3.3746575e-16 0.92387953 -0.38268343
vn 3.3746575e-16 0.92387953 -0.38268343
vn 1.00000000 -4.8375764e-17 0.0000000e+0
vn -3.3746575e-16 0.70710678 -0.70710678
vn -3.3746575e-16 0.70710678 -0.70710678
vn 1.00000000 -4.8375764e-17 0.0000000e+0
vn 0.0000000e+0 0.38268343 -0.92387953
vn 0.0000000e+0 0.38268343 -0.92387953
vn 1.00000000 -4.8375764e-17 0.0000000e+0
vn -8.4366438e-17 -7.0748349e-17 -1.00000000
vn -8.4366438e-17 -7.0748349e-17 -1.00000000
vn 1.00000000 -4.8375764e-17 0.0000000e+0
vn -2.5309931e-16 -0.38268343 -0.92387953
vn -2.5309931e-16 -0.38268343 -0.92387953
vn 1.00000000 -4.8375764e-17 0.0000000e+0
vn -1.6873288e-16 -0.70710678 -0.70710678
vn -1.6873288e-16 -0.70710678 -0.70710678
vn 1.00000000 -4.8375764e-17 0.0000000e+0
vn 0.0000000e+0 -0.92387953 -0.38268343
vn 0.0000000e+0 -0.92387953 -0.38268343
vn 0.0000000e+0 -1.00000000 9.9047688e-17
vn 0.0000000e+0 -1.00000000 9.9047688e-17
vn 0.0000000e+0 -0.92387953 0.38268343
vn 0.0000000e+0 -0.92387953 0.38268343
vn 1.6873288e-16 -0.70710678 0.70710678
vn 1.6873288e-16 -0.70710678 0.70710678
vn 8.4366438e-17 -0.38268343 0.92387953
vn 8.4366438e-17 -0.38268343 0.92387953
vn -1.5080918e-31 -1.8394571e-16 1.00000000
vn -1.5080918e-31 -1.8394571e-16 1.00000000
vn 8.4366438e-17 0.38268343 0.92387953
vn 8.4366438e-17 0.38268343 0.92387953
vn 3.3746575e-16 0.70710678 0.70710678
vn 3.3746575e-16 0.70710678 0.70710678
vn 3.3746575e-16 0.92387953 0.38268343
vn 3.3746575e-16 0.92387953 0.38268343
vn 6.7493150e-16 1.00000000 -2.8299339e-17
vn 6.7493150e-16 1.00000000 -2.8299339e-17
vn 3.3746575e-16 0.92387953 -0.38268343
vn 3.3746575e-16 0.92387953 -0.38268343
vn -3.3746575e-16 0.70710678 -0.70710678
vn -3.3746575e-16 0.70710678 -0.70710678
vn 0.0000000e+0 0.38268343 -0.92387953
vn 0.0000000e+0 0.38268343 -0.92387953
vn -8.4366438e-17 -7.0748349e-17 -1.00000000
vn -8.4366438e-17 -7.0748349e-17 -1.00000000
vn -2.5309931e-16 -0.38268343 -0.92387953
vn -2.5309931e-16 -0.38268343 -0.92387953
vn -1.6873288e-16 -0.70710678 -0.70710678
vn -1.6873288e-16 -0.70710678 -0.70710678
vn 0.0000000e+0 -0.92387953 -0.38268343
vn 0.0000000e+0 -0.92387953 -0.38268343
vn -1.00000000 0.0000000e+0 0.0000000e+0
vn 0.0000000e+0 1.00000000 5.1279005e-16
vn 0.0000000e+0 1.00000000 5.1279005e-16
vn -1.00000000 0.0000000e+0 0.0000000e+0
vn 0.0000000e+0 0.50000000 0.86602540
vn 0.0000000e+0 0.50000000 0.86602540
vn -1.00000000 0.0000000e+0 0.0000000e+0
vn -1.4505600e-16 -0.50000000 0.86602540
vn -1.4505600e-16 -0.50000000 0.86602540
vn -1.00000000 0.0000000e+0 0.0000000e+0
vn -2.9011200e-16 -1.00000000 0.0000000e+0
vn -2.9011200e-16 -1.00000000 0.0000000e+0
vn -1.00000000 0.0000000e+0 0.0000000e+0
vn -1.4505600e-16 -0.50000000 -0.86602540
vn -1.4505600e-16 -0.50000000 -0.86602540
vn -1.00000000 0.0000000e+0 0.0000000e+0
vn -5.1534244e-31 0.50000000 -0.86602540
vn -5.1534244e-31 0.50000000 -0.86602540
vn 1.00000000 0.0000000e+0 0.0000000e+0
vn 0.0000000e+0 1.00000000 5.1279005e-16
vn 0.0000000e+0 1.00000000 5.1279005e-16
vn 1.00000000 0.0000000e+0 0.0000000e+0
vn 0.0000000e+0 0.50000000 0.86602540
vn 0.0000000e+0 0.50000000 0.86602540
vn 1.00000000 0.0000000e+0 0.0000000e+0
vn -1.4505600e-16 -0.50000000 0.86602540
vn -1.4505600e-16 -0.50000000 0.86602540
vn 1.00000000 0.0000000e+0 0.0000000e+0
vn -2.9011200e-16 -1.00000000 0.0000000e+0
vn -2.9011200e-16 -1.00000000 0.0000000e+0
vn 1.00000000 0.0000000e+0 0.0000000e+0
vn -1.4505600e-16 -0.50000000 -0.86602540
vn -1.4505600e-16 -0.50000000 -0.86602540
vn 1.00000000 0.0000000e+0 0.0000000e+0
vn -5.1534244e-31 0.50000000 -0.86602540
vn -5.1534244e-31 0.50000000 -0.86602540
vn 0.0000000e+0 -1.00000000 9.9047688e-17
vn 0.0000000e+0 -1.00000000 9.9047688e-17
vn 1.00000000 0.0000000e+0 0.0000000e+0
vn 1.00000000 0.0000000e+0 0.0000000e+0
vn 0.0000000e+0 -0.92387953 0.38268343
vn 0.0000000e+0 -0.92387953 0.38268343
vn 1.00000000 0.0000000e+0 2.7116763e-16
vn 1.00000000 0.0000000e+0 2.7116763e-16
vn -3.3746575e-16 -0.70710678 0.70710678
vn -3.3746575e-16 -0.70710678 0.70710678
vn 1.00000000 0.0000000e+0 -5.9164568e-31
vn 1.00000000 0.0000000e+0 -5.9164568e-31
vn -3.3746575e-16 -0.38268343 0.92387953
vn -3.3746575e-16 -0.38268343 0.92387953
vn 1.00000000 0.0000000e+0 -5.9164568e-31
vn 1.00000000 0.0000000e+0 -5.9164568e-31
vn 0.0000000e+0 0.0000000e+0 1.00000000
vn 0.0000000e+0 0.0000000e+0 1.00000000
vn 1.00000000 0.0000000e+0 8.1350290e-16
vn 1.00000000 0.0000000e+0 8.1350290e-16
vn 0.0000000e+0 0.38268343 0.92387953
vn 0.0000000e+0 0.38268343 0.92387953
vn 1.00000000 0.0000000e+0 -2.1693675e-30
vn 1.00000000 0.0000000e+0 -2.1693675e-30
vn 6.7493150e-16 0.70710678 0.70710678
vn 6.7493150e-16 0.70710678 0.70710678
vn 1.00000000 0.0000000e+0 -2.7116763e-16
vn 1.00000000 0.0000000e+0 -2.7116763e-16
vn 6.7493150e-16 0.92387953 0.38268343
vn 6.7493150e-16 0.92387953 0.38268343
vn 1.00000000 0.0000000e+0 2.7116763e-16
vn 1.00000000 0.0000000e+0 2.7116763e-16
vn 0.0000000e+0 1.00000000 -2.8299339e-17
vn 0.0000000e+0 1.00000000 -2.8299339e-17
vn 1.00000000 0.0000000e+0 0.0000000e+0
vn 1.00000000 0.0000000e+0 0.0000000e+0
vn 6.7493150e-16 0.92387953 -0.38268343
vn 6.7493150e-16 0.92387953 -0.38268343
vn 1.00000000 0.0000000e+0 -2.7116763e-16
vn 1.00000000 0.0000000e+0 -2.7116763e-16
vn 6.7493150e-16 0.70710678 -0.70710678
vn 6.7493150e-16 0.70710678 -0.70710678
vn 1.00000000 0.0000000e+0 0.0000000e+0
vn 1.00000000 0.0000000e+0 0.0000000e+0
vn 0.0000000e+0 0.38268343 -0.92387953
vn 0.0000000e+0 0.38268343 -0.92387953
vn 1.00000000 0.0000000e+0 5.9164568e-31
vn 1.00000000 0.0000000e+0 5.9164568e-31
vn 0.0000000e+0 1.1319736e-16 -1.00000000
vn 0.0000000e+0 1.1319736e-16 -1.00000000
vn 1.00000000 0.0000000e+0 -2.7116763e-16
vn 1.00000000 0.0000000e+0 -2.7116763e-16
vn 3.3746575e-16 -0.38268343 -0.92387953
vn 3.3746575e-16 -0.38268343 -0.92387953
vn 1.00000000 0.0000000e+0 0.0000000e+0
vn 1.00000000 0.0000000e+0 0.0000000e+0
vn 3.3746575e-16 -0.70710678 -0.70710678
vn 3.3746575e-16 -0.70710678 -0.70710678
vn 1.00000000 0.0000000e+0 -2.7116763e-16
vn 1.00000000 0.0000000e+0 -2.7116763e-16
vn 0.0000000e+0 -0.92387953 -0.38268343
vn 0.0000000e+0 -0.92387953 -0.38268343
vn 1.00000000 0.0000000e+0 -2.7116763e-16
vn 1.00000000 0.0000000e+0 -2.7116763e-16
vn 0.0000000e+0 -1.00000000 9.9047688e-17
vn 0.0000000e+0 -1.00000000 9.9047688e-17
vn 0.0000000e+0 -0.92387953 0.38268343
vn 0.0000000e+0 -0.92387953 0.38268343
vn -3.3746575e-16 -0.70710678 0.70710678
vn -3.3746575e-16 -0.70710678 0.70710678
vn -3.3746575e-16 -0.38268343 0.92387953
vn -3.3746575e-16 -0.38268343 0.92387953
vn 0.0000000e+0 0.0000000e+0 1.00000000
vn 0.0000000e+0 0.0000000e+0 1.00000000
vn 0.0000000e+0 0.38268343 0.92387953
vn 0.0000000e+0 0.38268343 0.92387953
vn 6.7493150e-16 0.70710678 0.70710678
vn 6.7493150e-16 0.70710678 0.70710678
vn 6.7493150e-16 0.92387953 0.38268343
vn 6.7493150e-16 0.92387953 0.38268343
vn 0.0000000e+0 1.00000000 -2.8299339e-17
vn 0.0000000e+0 1.00000000 -2.8299339e-17
vn 6.7493150e-16 0.92387953 -0.38268343
vn 6.7493150e-16 0.92387953 -0.38268343
vn 6.7493150e-16 0.70710678 -0.70710678
vn 6.7493150e-16 0.70710678 -0.70710678
vn 0.0000000e+0 0.38268343 -0.92387953
vn 0.0000000e+0 0.38268343 -0.92387953
vn 0.0000000e+0 1.1319736e-16 -1.00000000
vn 0.0000000e+0 1.1319736e-16 -1.00000000
vn 3.3746575e-16 -0.38268343 -0.92387953
vn 3.3746575e-16 -0.38268343 -0.92387953
vn 3.3746575e-16 -0.70710678 -0.70710678
vn 3.3746575e-16 -0.70710678 -0.70710678
vn 0.0000000e+0 -0.92387953 -0.38268343
vn 0.0000000e+0 -0.92387953 -0.38268343
vn 1.00000000 0.0000000e+0 2.7116763e-16
vn 1.00000000 0.0000000e+0 2.7116763e-16
vn -2.0666616e-15 0.92387953 -0.38268343
vn -2.0666616e-15 0.92387953 -0.38268343
vn 1.00000000 0.0000000e+0 0.0000000e+0
vn 1.00000000 0.0000000e+0 0.0000000e+0
vn -1.3777744e-15 1.00000000 -7.0748349e-17
vn -1.3777744e-15 1.00000000 -7.0748349e-17
vn 1.00000000 0.0000000e+0 -2.7116763e-16
vn 1.00000000 0.0000000e+0 -2.7116763e-16
vn 0.0000000e+0 0.92387953 0.38268343
vn 0.0000000e+0 0.92387953 0.38268343
vn 1.00000000 0.0000000e+0 -2.7116763e-16
vn 1.00000000 0.0000000e+0 -2.7116763e-16
vn 0.0000000e+0 0.70710678 0.70710678
vn 0.0000000e+0 0.70710678 0.70710678
vn 1.00000000 0.0000000e+0 0.0000000e+0
vn 1.00000000 0.0000000e+0 0.0000000e+0
vn 0.0000000e+0 0.38268343 0.92387953
vn 0.0000000e+0 0.38268343 0.92387953
vn 1.00000000 0.0000000e+0 -2.7116763e-16
vn 1.00000000 0.0000000e+0 -2.7116763e-16
vn 0.0000000e+0 -4.2449009e-17 1.00000000
vn 0.0000000e+0 -4.2449009e-17 1.00000000
vn 1.00000000 0.0000000e+0 5.9164568e-31
vn 1.00000000 0.0000000e+0 5.9164568e-31
vn -6.8888718e-16 -0.38268343 0.92387953
vn -6.8888718e-16 -0.38268343 0.92387953
vn 1.00000000 0.0000000e+0 0.0000000e+0
vn 1.00000000 0.0000000e+0 0.0000000e+0
vn -2.0666616e-15 -0.70710678 0.70710678
vn -2.0666616e-15 -0.70710678 0.70710678
vn 1.00000000 0.0000000e+0 -2.7116763e-16
vn 1.00000000 0.0000000e+0 -2.7116763e-16
vn -2.7555487e-15 -0.92387953 0.38268343
vn -2.7555487e-15 -0.92387953 0.38268343
vn 1.00000000 0.0000000e+0 0.0000000e+0
vn 1.00000000 0.0000000e+0 0.0000000e+0
vn -1.3777744e-15 -1.00000000 5.6598679e-17
vn -1.3777744e-15 -1.00000000 5.6598679e-17
vn 1.00000000 0.0000000e+0 2.7116763e-16
vn 1.00000000 0.0000000e+0 2.7116763e-16
vn 0.0000000e+0 -0.92387953 -0.38268343
vn 0.0000000e+0 -0.92387953 -0.38268343
vn 1.00000000 0.0000000e+0 -2.7116763e-16
vn 1.00000000 0.0000000e+0 -2.7116763e-16
vn 0.0000000e+0 -0.70710678 -0.70710678
vn 0.0000000e+0 -0.70710678 -0.70710678
vn 1.00000000 0.0000000e+0 -2.1693675e-30
vn 1.00000000 0.0000000e+0 -2.1693675e-30
vn -1.7222180e-16 -0.38268343 -0.92387953
vn -1.7222180e-16 -0.38268343 -0.92387953
vn 1.00000000 0.0000000e+0 8.1350290e-16
vn 1.00000000 0.0000000e+0 8.1350290e-16
vn -1.7222180e-16 0.0000000e+0 -1.00000000
vn -1.7222180e-16 0.0000000e+0 -1.00000000
vn 1.00000000 0.0000000e+0 -5.9164568e-31
vn 1.00000000 0.0000000e+0 -5.9164568e-31
vn 0.0000000e+0 0.38268343 -0.92387953
vn 0.0000000e+0 0.38268343 -0.92387953
vn 1.00000000 0.0000000e+0 -5.9164568e-31
vn 1.00000000 0.0000000e+0 -5.9164568e-31
vn -6.8888718e-16 0.70710678 -0.70710678
vn -6.8888718e-16 0.70710678 -0.70710678
vn -2.0666616e-15 0.92387953 -0.38268343
vn -2.0666616e-15 0.92387953 -0.38268343
vn 1.00000000 -2.6323713e-16 0.0000000e+0
vn -1.3777744e-15 1.00000000 -7.0748349e-17
vn -1.3777744e-15 1.00000000 -7.0748349e-17
vn 1.00000000 -2.6323713e-16 0.0000000e+0
vn 0.0000000e+0 0.92387953 0.38268343
vn 0.0000000e+0 0.92387953 0.38268343
vn 1.00000000 -2.6323713e-16 0.0000000e+0
vn 0.0000000e+0 0.70710678 0.70710678
vn 0.0000000e+0 0.70710678 0.70710678
vn 1.00000000 -2.6323713e-16 0.0000000e+0
vn 0.0000000e+0 0.38268343 0.92387953
vn 0.0000000e+0 0.38268343 0.92387953
vn 1.00000000 -2.6323713e-16 0.0000000e+0
vn 0.0000000e+0 -4.2449009e-17 1.00000000
vn 0.0000000e+0 -4.2449009e-17 1.00000000
vn 1.00000000 -2.6323713e-16 0.0000000e+0
vn -6.8888718e-16 -0.38268343 0.92387953
vn -6.8888718e-16 -0.38268343 0.92387953
vn 1.00000000 -2.6323713e-16 0.0000000e+0
vn -2.0666616e-15 -0.70710678 0.70710678
vn -2.0666616e-15 -0.70710678 0.70710678
vn 1.00000000 -2.6323713e-16 0.0000000e+0
vn -2.7555487e-15 -0.92387953 0.38268343
vn -2.7555487e-15 -0.92387953 0.38268343
vn 1.00000000 -2.6323713e-16 0.0000000e+0
vn -1.3777744e-15 -1.00000000 5.6598679e-17
vn -1.3777744e-15 -1.00000000 5.6598679e-17
vn 1.00000000 -2.6323713e-16 0.0000000e+0
vn 0.0000000e+0 -0.92387953 -0.38268343
vn 0.0000000e+0 -0.92387953 -0.38268343
vn 1.00000000 -2.6323713e-16 0.0000000e+0
vn 0.0000000e+0 -0.70710678 -0.70710678
vn 0.0000000e+0 -0.70710678 -0.70710678
vn 1.00000000 -2.6323713e-16 0.0000000e+0
vn -1.7222180e-16 -0.38268343 -0.92387953
vn -1.7222180e-16 -0.38268343 -0.92387953
vn 1.00000000 -2.6323713e-16 0.0000000e+0
vn -1.7222180e-16 0.0000000e+0 -1.00000000
vn -1.7222180e-16 0.0000000e+0 -1.00000000
vn 1.00000000 -2.6323713e-16 0.0000000e+0
vn 0.0000000e+0 0.38268343 -0.92387953
vn 0.0000000e+0 0.38268343 -0.92387953
vn 1.00000000 -2.6323713e-16 0.0000000e+0
vn -6.8888718e-16 0.70710678 -0.70710678
vn -6.8888718e-16 0.70710678 -0.70710678
vn 1.00000000 -2.6323713e-16 0.0000000e+0
vn 0.0000000e+0 1.00000000 1.7904197e-16
vn 1.00000000 5.7573468e-16 -5.2353778e-16
vn 1.00000000 5.7573468e-16 -5.2353778e-16
vn 0.0000000e+0 1.00000000 1.7904197e-16
vn 0.92387953 -5.7573468e-16 0.38268343
vn 0.92387953 -5.7573468e-16 0.38268343
vn 0.0000000e+0 1.00000000 1.7904197e-16
vn 0.70710678 -1.1514694e-15 0.70710678
vn 0.70710678 -1.1514694e-15 0.70710678
vn 0.0000000e+0 1.00000000 1.7904197e-16
vn 0.38268343 0.0000000e+0 0.92387953
vn 0.38268343 0.0000000e+0 0.92387953
vn 0.0000000e+0 1.00000000 1.7904197e-16
vn -5.6598679e-17 0.0000000e+0 1.00000000
vn -5.6598679e-17 0.0000000e+0 1.00000000
vn 0.0000000e+0 1.00000000 1.7904197e-16
vn -0.38268343 0.0000000e+0 0.92387953
vn -0.38268343 0.0000000e+0 0.92387953
vn 0.0000000e+0 1.00000000 1.7904197e-16
vn -0.70710678 1.1514694e-15 0.70710678
vn -0.70710678 1.1514694e-15 0.70710678
vn 0.0000000e+0 1.00000000 1.7904197e-16
vn -0.92387953 1.7272040e-15 0.38268343
vn -0.92387953 1.7272040e-15 0.38268343
vn 0.0000000e+0 1.00000000 1.7904197e-16
vn -1.00000000 8.6360201e-16 -4.5278943e-16
vn -1.00000000 8.6360201e-16 -4.5278943e-16
vn 0.0000000e+0 1.00000000 1.7904197e-16
vn -0.92387953 1.4393367e-15 -0.38268343
vn -0.92387953 1.4393367e-15 -0.38268343
vn 0.0000000e+0 1.00000000 1.7904197e-16
vn -0.70710678 1.1514694e-15 -0.70710678
vn -0.70710678 1.1514694e-15 -0.70710678
vn 0.0000000e+0 1.00000000 1.7904197e-16
vn -0.38268343 -2.3029387e-15 -0.92387953
vn -0.38268343 -2.3029387e-15 -0.92387953
vn 0.0000000e+0 1.00000000 1.7904197e-16
vn 1.4149670e-17 -4.6058774e-15 -1.00000000
vn 1.4149670e-17 -4.6058774e-15 -1.00000000
vn 0.0000000e+0 1.00000000 1.7904197e-16
vn 0.38268343 1.2064734e-30 -0.92387953
vn 0.38268343 1.2064734e-30 -0.92387953
vn 0.0000000e+0 1.00000000 1.7904197e-16
vn 0.70710678 2.3029387e-15 -0.70710678
vn 0.70710678 2.3029387e-15 -0.70710678
vn 0.0000000e+0 1.00000000 1.7904197e-16
vn 0.92387953 0.0000000e+0 -0.38268343
vn 0.92387953 0.0000000e+0 -0.38268343
vn 0.0000000e+0 -1.00000000 1.7904197e-16
vn 1.00000000 5.7573468e-16 -5.2353778e-16
vn 1.00000000 5.7573468e-16 -5.2353778e-16
vn 0.0000000e+0 -1.00000000 1.7904197e-16
vn 0.92387953 -5.7573468e-16 0.38268343
vn 0.92387953 -5.7573468e-16 0.38268343
vn 0.0000000e+0 -1.00000000 1.7904197e-16
vn 0.70710678 -1.1514694e-15 0.70710678
vn 0.70710678 -1.1514694e-15 0.70710678
vn 0.0000000e+0 -1.00000000 1.7904197e-16
vn 0.38268343 0.0000000e+0 0.92387953
vn 0.38268343 0.0000000e+0 0.92387953
vn 0.0000000e+0 -1.00000000 1.7904197e-16
vn -5.6598679e-17 0.0000000e+0 1.00000000
vn -5.6598679e-17 0.0000000e+0 1.00000000
vn 0.0000000e+0 -1.00000000 1.7904197e-16
vn -0.38268343 0.0000000e+0 0.92387953
vn -0.38268343 0.0000000e+0 0.92387953
vn 0.0000000e+0 -1.00000000 1.7904197e-16
vn -0.70710678 1.1514694e-15 0.70710678
vn -0.70710678 1.1514694e-15 0.70710678
vn 0.0000000e+0 -1.00000000 1.7904197e-16
vn -0.92387953 1.7272040e-15 0.38268343
vn -0.92387953 1.7272040e-15 0.38268343
vn 0.0000000e+0 -1.00000000 1.7904197e-16
vn -1.00000000 8.6360201e-16 -4.5278943e-16
vn -1.00000000 8.6360201e-16 -4.5278943e-16
vn 0.0000000e+0 -1.00000000 1.7904197e-16
vn -0.92387953 1.4393367e-15 -0.38268343
vn -0.92387953 1.4393367e-15 -0.38268343
vn 0.0000000e+0 -1.00000000 1.7904197e-16
vn -0.70710678 1.1514694e-15 -0.70710678
vn -0.70710678 1.1514694e-15 -0.70710678
vn 0.0000000e+0 -1.00000000 1.7904197e-16
vn -0.38268343 -2.3029387e-15 -0.92387953
vn -0.38268343 -2.3029387e-15 -0.92387953
vn 0.0000000e+0 -1.00000000 1.7904197e-16
vn 1.4149670e-17 -4.6058774e-15 -1.00000000
vn 1.4149670e-17 -4.6058774e-15 -1.00000000
vn 0.0000000e+0 -1.00000000 1.7904197e-16
vn 0.38268343 1.2064734e-30 -0.92387953
vn 0.38268343 1.2064734e-30 -0.92387953
vn 0.0000000e+0 -1.00000000 1.7904197e-16
vn 0.70710678 2.3029387e-15 -0.70710678
vn 0.70710678 2.3029387e-15 -0.70710678
vn 0.0000000e+0 -1.00000000 1.7904197e-16
vn 0.92387953 0.0000000e+0 -0.38268343
vn 0.92387953 0.0000000e+0 -0.38268343
vn 0.0000000e+0 1.00000000 1.7904197e-16
vn 1.00000000 -2.6987563e-17 -7.0748349e-17
vn 1.00000000 -2.6987563e-17 -7.0748349e-17
vn 0.0000000e+0 1.00000000 1.7904197e-16
vn 0.92387953 4.4979272e-18 0.38268343
vn 0.92387953 4.4979272e-18 0.38268343
vn 0.0000000e+0 1.00000000 1.7904197e-16
vn 0.70710678 -4.4979272e-18 0.70710678
vn 0.70710678 -4.4979272e-18 0.70710678
vn 0.0000000e+0 1.00000000 1.7904197e-16
vn 0.38268343 0.0000000e+0 0.92387953
vn 0.38268343 0.0000000e+0 0.92387953
vn 0.0000000e+0 1.00000000 1.7904197e-16
vn -4.2449009e-17 -3.5983417e-17 1.00000000
vn -4.2449009e-17 -3.5983417e-17 1.00000000
vn 0.0000000e+0 1.00000000 1.7904197e-16
vn -0.38268343 -4.4979272e-17 0.92387953
vn -0.38268343 -4.4979272e-17 0.92387953
vn 0.0000000e+0 1.00000000 1.7904197e-16
vn -0.70710678 -8.9958543e-18 0.70710678
vn -0.70710678 -8.9958543e-18 0.70710678
vn 0.0000000e+0 1.00000000 1.7904197e-16
vn -0.92387953 0.0000000e+0 0.38268343
vn -0.92387953 0.0000000e+0 0.38268343
vn 0.0000000e+0 1.00000000 1.7904197e-16
vn -1.00000000 0.0000000e+0 0.0000000e+0
vn -1.00000000 0.0000000e+0 0.0000000e+0
vn 0.0000000e+0 1.00000000 1.7904197e-16
vn -0.92387953 -1.4393367e-16 -0.38268343
vn -0.92387953 -1.4393367e-16 -0.38268343
vn 0.0000000e+0 1.00000000 1.7904197e-16
vn -0.70710678 1.4393367e-16 -0.70710678
vn -0.70710678 1.4393367e-16 -0.70710678
vn 0.0000000e+0 1.00000000 1.7904197e-16
vn -0.38268343 2.8786734e-16 -0.92387953
vn -0.38268343 2.8786734e-16 -0.92387953
vn 0.0000000e+0 1.00000000 1.7904197e-16
vn 1.4149670e-17 0.0000000e+0 -1.00000000
vn 1.4149670e-17 0.0000000e+0 -1.00000000
vn 0.0000000e+0 1.00000000 1.7904197e-16
vn 0.38268343 -1.4393367e-16 -0.92387953
vn 0.38268343 -1.4393367e-16 -0.92387953
vn 0.0000000e+0 1.00000000 1.7904197e-16
vn 0.70710678 3.2675321e-31 -0.70710678
vn 0.70710678 3.2675321e-31 -0.70710678
vn 0.0000000e+0 1.00000000 1.7904197e-16
vn 0.92387953 1.0795025e-16 -0.38268343
vn 0.92387953 1.0795025e-16 -0.38268343
vn 0.0000000e+0 -1.00000000 1.7904197e-16
vn 1.00000000 -2.6987563e-17 -7.0748349e-17
vn 1.00000000 -2.6987563e-17 -7.0748349e-17
vn 0.0000000e+0 -1.00000000 1.7904197e-16
vn 0.92387953 4.4979272e-18 0.38268343
vn 0.92387953 4.4979272e-18 0.38268343
vn 0.0000000e+0 -1.00000000 1.7904197e-16
vn 0.70710678 -4.4979272e-18 0.70710678
vn 0.70710678 -4.4979272e-18 0.70710678
vn 0.0000000e+0 -1.00000000 1.7904197e-16
vn 0.38268343 0.0000000e+0 0.92387953
vn 0.38268343 0.0000000e+0 0.92387953
vn 0.0000000e+0 -1.00000000 1.7904197e-16
vn -4.2449009e-17 -3.5983417e-17 1.00000000
vn -4.2449009e-17 -3.5983417e-17 1.00000000
vn 0.0000000e+0 -1.00000000 1.7904197e-16
vn -0.38268343 -4.4979272e-17 0.92387953
vn -0.38268343 -4.4979272e-17 0.92387953
vn 0.0000000e+0 -1.00000000 1.7904197e-16
vn -0.70710678 -8.9958543e-18 0.70710678
vn -0.70710678 -8.9958543e-18 0.70710678
vn 0.0000000e+0 -1.00000000 1.7904197e-16
vn -0.92387953 0.0000000e+0 0.38268343
vn -0.92387953 0.0000000e+0 0.38268343
vn 0.0000000e+0 -1.00000000 1.7904197e-16
vn -1.00000000 0.0000000e+0 0.0000000e+0
vn -1.00000000 0.0000000e+0 0.0000000e+0
vn 0.0000000e+0 -1.00000000 1.7904197e-16
vn -0.92387953 -1.4393367e-16 -0.38268343
vn -0.92387953 -1.4393367e-16 -0.38268343
vn 0.0000000e+0 -1.00000000 1.7904197e-16
vn -0.70710678 1.4393367e-16 -0.70710678
vn -0.70710678 1.4393367e-16 -0.70710678
vn 0.0000000e+0 -1.00000000 1.7904197e-16
vn -0.38268343 2.8786734e-16 -0.92387953
vn -0.38268343 2.8786734e-16 -0.92387953
vn 0.0000000e+0 -1.00000000 1.7904197e-16
vn 1.4149670e-17 0.0000000e+0 -1.00000000
vn 1.4149670e-17 0.0000000e+0 -1.00000000
vn 0.0000000e+0 -1.00000000 1.7904197e-16
vn 0.38268343 -1.4393367e-16 -0.92387953
vn 0.38268343 -1.4393367e-16 -0.92387953
vn 0.0000000e+0 -1.00000000 1.7904197e-16
vn 0.70710678 3.2675321e-31 -0.70710678
vn 0.70710678 3.2675321e-31 -0.70710678
vn 0.0000000e+0 -1.00000000 1.7904197e-16
vn 0.92387953 1.0795025e-16 -0.38268343
vn 0.92387953 1.0795025e-16 -0.38268343
vn 0.0000000e+0 1.00000000 0.0000000e+0
vn 0.0000000e+0 1.00000000 0.0000000e+0
vn -0.71602594 0.69807367 3.6537375e-16
vn -0.71602594 0.69807367 3.6537375e-16
vn 0.0000000e+0 0.90096887 0.43388374
vn 0.0000000e+0 0.90096887 0.43388374
vn -0.71602594 0.62894265 0.30288282
vn -0.71602594 0.62894265 0.30288282
vn 0.0000000e+0 0.62348980 0.78183148
vn 0.0000000e+0 0.62348980 0.78183148
vn -0.71602594 0.43524182 0.54577598
vn -0.71602594 0.43524182 0.54577598
vn 0.0000000e+0 0.22252093 0.97492791
vn 0.0000000e+0 0.22252093 0.97492791
vn -0.71602594 0.15533601 0.68057151
vn -0.71602594 0.15533601 0.68057151
vn 0.0000000e+0 -0.22252093 0.97492791
vn 0.0000000e+0 -0.22252093 0.97492791
vn -0.71602594 -0.15533601 0.68057151
vn -0.71602594 -0.15533601 0.68057151
vn 0.0000000e+0 -0.62348980 0.78183148
vn 0.0000000e+0 -0.62348980 0.78183148
vn -0.71602594 -0.43524182 0.54577598
vn -0.71602594 -0.43524182 0.54577598
vn 0.0000000e+0 -0.90096887 0.43388374
vn 0.0000000e+0 -0.90096887 0.43388374
vn -0.71602594 -0.62894265 0.30288282
vn -0.71602594 -0.62894265 0.30288282
vn 0.0000000e+0 -1.00000000 0.0000000e+0
vn 0.0000000e+0 -1.00000000 0.0000000e+0
vn -0.71602594 -0.69807367 7.0264183e-17
vn -0.71602594 -0.69807367 7.0264183e-17
vn -1.6267686e-16 -0.90096887 -0.43388374
vn -1.6267686e-16 -0.90096887 -0.43388374
vn -0.71602594 -0.62894265 -0.30288282
vn -0.71602594 -0.62894265 -0.30288282
vn -2.8468451e-16 -0.62348980 -0.78183148
vn -2.8468451e-16 -0.62348980 -0.78183148
vn -0.71602594 -0.43524182 -0.54577598
vn -0.71602594 -0.43524182 -0.54577598
vn -1.2200765e-16 -0.22252093 -0.97492791
vn -1.2200765e-16 -0.22252093 -0.97492791
vn -0.71602594 -0.15533601 -0.68057151
vn -0.71602594 -0.15533601 -0.68057151
vn 0.0000000e+0 0.22252093 -0.97492791
vn 0.0000000e+0 0.22252093 -0.97492791
vn -0.71602594 0.15533601 -0.68057151
vn -0.71602594 0.15533601 -0.68057151
vn 0.0000000e+0 0.62348980 -0.78183148
vn 0.0000000e+0 0.62348980 -0.78183148
vn -0.71602594 0.43524182 -0.54577598
vn -0.71602594 0.43524182 -0.54577598
vn 0.0000000e+0 0.90096887 -0.43388374
vn 0.0000000e+0 0.90096887 -0.43388374
vn -0.71602594 0.62894265 -0.30288282
vn -0.71602594 0.62894265 -0.30288282
vn 0.0000000e+0 1.00000000 0.0000000e+0
vn 0.0000000e+0 1.00000000 0.0000000e+0
vn 0.71602594 0.69807367 3.6537375e-16
vn 0.71602594 0.69807367 3.6537375e-16
vn 0.0000000e+0 0.90096887 0.43388374
vn 0.0000000e+0 0.90096887 0.43388374
vn 0.71602594 0.62894265 0.30288282
vn 0.71602594 0.62894265 0.30288282
vn 0.0000000e+0 0.62348980 0.78183148
vn 0.0000000e+0 0.62348980 0.78183148
vn 0.71602594 0.43524182 0.54577598
vn 0.71602594 0.43524182 0.54577598
vn 0.0000000e+0 0.22252093 0.97492791
vn 0.0000000e+0 0.22252093 0.97492791
vn 0.71602594 0.15533601 0.68057151
vn 0.71602594 0.15533601 0.68057151
vn 0.0000000e+0 -0.22252093 0.97492791
vn 0.0000000e+0 -0.22252093 0.97492791
vn 0.71602594 -0.15533601 0.68057151
vn 0.71602594 -0.15533601 0.68057151
vn 0.0000000e+0 -0.62348980 0.78183148
vn 0.0000000e+0 -0.62348980 0.78183148
vn 0.71602594 -0.43524182 0.54577598
vn 0.71602594 -0.43524182 0.54577598
vn 0.0000000e+0 -0.90096887 0.43388374
vn 0.0000000e+0 -0.90096887 0.43388374
vn 0.71602594 -0.62894265 0.30288282
vn 0.71602594 -0.62894265 0.30288282
vn 0.0000000e+0 -1.00000000 0.0000000e+0
vn 0.0000000e+0 -1.00000000 0.0000000e+0
vn 0.71602594 -0.69807367 -7.0264183e-17
vn 0.71602594 -0.69807367 -7.0264183e-17
vn -1.6267686e-16 -0.90096887 -0.43388374
vn -1.6267686e-16 -0.90096887 -0.43388374
vn 0.71602594 -0.62894265 -0.30288282
vn 0.71602594 -0.62894265 -0.30288282
vn -2.8468451e-16 -0.62348980 -0.78183148
vn -2.8468451e-16 -0.62348980 -0.78183148
vn 0.71602594 -0.43524182 -0.54577598
vn 0.71602594 -0.43524182 -0.54577598
vn -1.2200765e-16 -0.22252093 -0.97492791
vn -1.2200765e-16 -0.22252093 -0.97492791
vn 0.71602594 -0.15533601 -0.68057151
vn 0.71602594 -0.15533601 -0.68057151
vn 0.0000000e+0 0.22252093 -0.97492791
vn 0.0000000e+0 0.22252093 -0.97492791
vn 0.71602594 0.15533601 -0.68057151
vn 0.71602594 0.15533601 -0.68057151
vn 0.0000000e+0 0.62348980 -0.78183148
vn 0.0000000e+0 0.62348980 -0.78183148
vn 0.71602594 0.43524182 -0.54577598
vn 0.71602594 0.43524182 -0.54577598
vn 0.0000000e+0 0.90096887 -0.43388374
vn 0.0000000e+0 0.90096887 -0.43388374
vn 0.71602594 0.62894265 -0.30288282
vn 0.71602594 0.62894265 -0.30288282
vn -1.00000000 0.0000000e+0 0.0000000e+0
vn -0.71602594 0.62894265 0.30288282
vn -0.71602594 0.62894265 0.30288282
vn -1.00000000 0.0000000e+0 0.0000000e+0
vn -0.71602594 0.69807367 3.6537375e-16
vn -0.71602594 0.69807367 3.6537375e-16
vn -1.00000000 0.0000000e+0 0.0000000e+0
vn -0.71602594 0.62894265 -0.30288282
vn -0.71602594 0.62894265 -0.30288282
vn -1.00000000 0.0000000e+0 0.0000000e+0
vn -0.71602594 0.43524182 -0.54577598
vn -0.71602594 0.43524182 -0.54577598
vn -1.00000000 0.0000000e+0 0.0000000e+0
vn -0.71602594 0.15533601 -0.68057151
vn -0.71602594 0.15533601 -0.68057151
vn -1.00000000 0.0000000e+0 0.0000000e+0
vn -0.71602594 -0.15533601 -0.68057151
vn -0.71602594 -0.15533601 -0.68057151
vn -1.00000000 0.0000000e+0 0.0000000e+0
vn -0.71602594 -0.43524182 -0.54577598
vn -0.71602594 -0.43524182 -0.54577598
vn -1.00000000 0.0000000e+0 0.0000000e+0
vn -0.71602594 -0.62894265 -0.30288282
vn -0.71602594 -0.62894265 -0.30288282
vn -1.00000000 0.0000000e+0 0.0000000e+0
vn -0.71602594 -0.69807367 7.0264183e-17
vn -0.71602594 -0.69807367 7.0264183e-17
vn -1.00000000 0.0000000e+0 0.0000000e+0
vn -0.71602594 -0.62894265 0.30288282
vn -0.71602594 -0.62894265 0.30288282
vn -1.00000000 0.0000000e+0 0.0000000e+0
vn -0.71602594 -0.43524182 0.54577598
vn -0.71602594 -0.43524182 0.54577598
vn -1.00000000 0.0000000e+0 0.0000000e+0
vn -0.71602594 -0.15533601 0.68057151
vn -0.71602594 -0.15533601 0.68057151
vn -1.00000000 0.0000000e+0 0.0000000e+0
vn -0.71602594 0.15533601 0.68057151
vn -0.71602594 0.15533601 0.68057151
vn -1.00000000 0.0000000e+0 0.0000000e+0
vn -0.71602594 0.43524182 0.54577598
vn -0.71602594 0.43524182 0.54577598
vn 1.00000000 0.0000000e+0 0.0000000e+0
vn 0.71602594 0.69807367 3.6537375e-16
vn 0.71602594 0.69807367 3.6537375e-16
vn 1.00000000 0.0000000e+0 0.0000000e+0
vn 0.71602594 0.62894265 0.30288282
vn 0.71602594 0.62894265 0.30288282
vn 1.00000000 0.0000000e+0 0.0000000e+0
vn 0.71602594 0.43524182 0.54577598
vn 0.71602594 0.43524182 0.54577598
vn 1.00000000 0.0000000e+0 0.0000000e+0
vn 0.71602594 0.15533601 0.68057151
vn 0.71602594 0.15533601 0.68057151
vn 1.00000000 0.0000000e+0 0.0000000e+0
vn 0.71602594 -0.15533601 0.68057151
vn 0.71602594 -0.15533601 0.68057151
vn 1.00000000 0.0000000e+0 0.0000000e+0
vn 0.71602594 -0.43524182 0.54577598
vn 0.71602594 -0.43524182 0.54577598
vn 1.00000000 0.0000000e+0 0.0000000e+0
vn 0.71602594 -0.62894265 0.30288282
vn 0.71602594 -0.62894265 0.30288282
vn 1.00000000 0.0000000e+0 0.0000000e+0
vn 0.71602594 -0.69807367 -7.0264183e-17
vn 0.71602594 -0.69807367 -7.0264183e-17
vn 1.00000000 0.0000000e+0 0.0000000e+0
vn 0.71602594 -0.62894265 -0.30288282
vn 0.71602594 -0.62894265 -0.30288282
vn 1.00000000 0.0000000e+0 0.0000000e+0
vn 0.71602594 -0.43524182 -0.54577598
vn 0.71602594 -0.43524182 -0.54577598
vn 1.00000000 0.0000000e+0 0.0000000e+0
vn 0.71602594 -0.15533601 -0.68057151
vn 0.71602594 -0.15533601 -0.68057151
vn 1.00000000 0.0000000e+0 0.0000000e+0
vn 0.71602594 0.15533601 -0.68057151
vn 0.71602594 0.15533601 -0.68057151
vn 1.00000000 0.0000000e+0 0.0000000e+0
vn 0.71602594 0.43524182 -0.54577598
vn 0.71602594 0.43524182 -0.54577598
vn 1.00000000 0.0000000e+0 0.0000000e+0
vn 0.71602594 0.62894265 -0.30288282
vn 0.71602594 0.62894265 -0.30288282
vn 0.0000000e+0 1.00000000 4.4127511e-16
vn 0.0000000e+0 1.00000000 4.4127511e-16
vn -0.71602594 0.69807367 3.9347942e-16
vn -0.71602594 0.69807367 3.9347942e-16
vn 0.0000000e+0 0.90096887 0.43388374
vn 0.0000000e+0 0.90096887 0.43388374
vn -0.71602594 0.62894265 0.30288282
vn -0.71602594 0.62894265 0.30288282
vn 0.0000000e+0 0.62348980 0.78183148
vn 0.0000000e+0 0.62348980 0.78183148
vn -0.71602594 0.43524182 0.54577598
vn -0.71602594 0.43524182 0.54577598
vn 0.0000000e+0 0.22252093 0.97492791
vn 0.0000000e+0 0.22252093 0.97492791
vn -0.71602594 0.15533601 0.68057151
vn -0.71602594 0.15533601 0.68057151
vn 0.0000000e+0 -0.22252093 0.97492791
vn 0.0000000e+0 -0.22252093 0.97492791
vn -0.71602594 -0.15533601 0.68057151
vn -0.71602594 -0.15533601 0.68057151
vn 0.0000000e+0 -0.62348980 0.78183148
vn 0.0000000e+0 -0.62348980 0.78183148
vn -0.71602594 -0.43524182 0.54577598
vn -0.71602594 -0.43524182 0.54577598
vn 0.0000000e+0 -0.90096887 0.43388374
vn 0.0000000e+0 -0.90096887 0.43388374
vn -0.71602594 -0.62894265 0.30288282
vn -0.71602594 -0.62894265 0.30288282
vn 0.0000000e+0 -1.00000000 2.2775490e-16
vn 0.0000000e+0 -1.00000000 2.2775490e-16
vn -0.71602594 -0.69807367 4.3563793e-16
vn -0.71602594 -0.69807367 4.3563793e-16
vn -1.6267686e-16 -0.90096887 -0.43388374
vn -1.6267686e-16 -0.90096887 -0.43388374
vn -0.71602594 -0.62894265 -0.30288282
vn -0.71602594 -0.62894265 -0.30288282
vn -2.8468451e-16 -0.62348980 -0.78183148
vn -2.8468451e-16 -0.62348980 -0.78183148
vn -0.71602594 -0.43524182 -0.54577598
vn -0.71602594 -0.43524182 -0.54577598
vn -1.2200765e-16 -0.22252093 -0.97492791
vn -1.2200765e-16 -0.22252093 -0.97492791
vn -0.71602594 -0.15533601 -0.68057151
vn -0.71602594 -0.15533601 -0.68057151
vn 0.0000000e+0 0.22252093 -0.97492791
vn 0.0000000e+0 0.22252093 -0.97492791
vn -0.71602594 0.15533601 -0.68057151
vn -0.71602594 0.15533601 -0.68057151
vn 0.0000000e+0 0.62348980 -0.78183148
vn 0.0000000e+0 0.62348980 -0.78183148
vn -0.71602594 0.43524182 -0.54577598
vn -0.71602594 0.43524182 -0.54577598
vn 0.0000000e+0 0.90096887 -0.43388374
vn 0.0000000e+0 0.90096887 -0.43388374
vn -0.71602594 0.62894265 -0.30288282
vn -0.71602594 0.62894265 -0.30288282
vn 0.0000000e+0 1.00000000 4.4127511e-16
vn 0.0000000e+0 1.00000000 4.4127511e-16
vn 0.71602594 0.69807367 4.0753226e-16
vn 0.71602594 0.69807367 4.0753226e-16
vn 0.0000000e+0 0.90096887 0.43388374
vn 0.0000000e+0 0.90096887 0.43388374
vn 0.71602594 0.62894265 0.30288282
vn 0.71602594 0.62894265 0.30288282
vn 0.0000000e+0 0.62348980 0.78183148
vn 0.0000000e+0 0.62348980 0.78183148
vn 0.71602594 0.43524182 0.54577598
vn 0.71602594 0.43524182 0.54577598
vn 0.0000000e+0 0.22252093 0.97492791
vn 0.0000000e+0 0.22252093 0.97492791
vn 0.71602594 0.15533601 0.68057151
vn 0.71602594 0.15533601 0.68057151
vn 0.0000000e+0 -0.22252093 0.97492791
vn 0.0000000e+0 -0.22252093 0.97492791
vn 0.71602594 -0.15533601 0.68057151
vn 0.71602594 -0.15533601 0.68057151
vn 0.0000000e+0 -0.62348980 0.78183148
vn 0.0000000e+0 -0.62348980 0.78183148
vn 0.71602594 -0.43524182 0.54577598
vn 0.71602594 -0.43524182 0.54577598
vn 0.0000000e+0 -0.90096887 0.43388374
vn 0.0000000e+0 -0.90096887 0.43388374
vn 0.71602594 -0.62894265 0.30288282
vn 0.71602594 -0.62894265 0.30288282
vn 0.0000000e+0 -1.00000000 2.2775490e-16
vn 0.0000000e+0 -1.00000000 2.2775490e-16
vn 0.71602594 -0.69807367 3.6537375e-16
vn 0.71602594 -0.69807367 3.6537375e-16
vn -1.6267686e-16 -0.90096887 -0.43388374
vn -1.6267686e-16 -0.90096887 -0.43388374
vn 0.71602594 -0.62894265 -0.30288282
vn 0.71602594 -0.62894265 -0.30288282
vn -2.8468451e-16 -0.62348980 -0.78183148
vn -2.8468451e-16 -0.62348980 -0.78183148
vn 0.71602594 -0.43524182 -0.54577598
vn 0.71602594 -0.43524182 -0.54577598
vn -1.2200765e-16 -0.22252093 -0.97492791
vn -1.2200765e-16 -0.22252093 -0.97492791
vn 0.71602594 -0.15533601 -0.68057151
vn 0.71602594 -0.15533601 -0.68057151
vn 0.0000000e+0 0.22252093 -0.97492791
vn 0.0000000e+0 0.22252093 -0.97492791
vn 0.71602594 0.15533601 -0.68057151
vn 0.71602594 0.15533601 -0.68057151
vn 0.0000000e+0 0.62348980 -0.78183148
vn 0.0000000e+0 0.62348980 -0.78183148
vn 0.71602594 0.43524182 -0.54577598
vn 0.71602594 0.43524182 -0.54577598
vn 0.0000000e+0 0.90096887 -0.43388374
vn 0.0000000e+0 0.90096887 -0.43388374
vn 0.71602594 0.62894265 -0.30288282
vn 0.71602594 0.62894265 -0.30288282
vn -1.00000000 7.7589549e-17 0.0000000e+0
vn -0.71602594 0.62894265 0.30288282
vn -0.71602594 0.62894265 0.30288282
vn -1.00000000 7.7589549e-17 0.0000000e+0
vn -0.71602594 0.69807367 3.9347942e-16
vn -0.71602594 0.69807367 3.9347942e-16
vn -1.00000000 7.7589549e-17 0.0000000e+0
vn -0.71602594 0.62894265 -0.30288282
vn -0.71602594 0.62894265 -0.30288282
vn -1.00000000 7.7589549e-17 0.0000000e+0
vn -0.71602594 0.43524182 -0.54577598
vn -0.71602594 0.43524182 -0.54577598
vn -1.00000000 7.7589549e-17 0.0000000e+0
vn -0.71602594 0.15533601 -0.68057151
vn -0.71602594 0.15533601 -0.68057151
vn -1.00000000 7.7589549e-17 0.0000000e+0
vn -0.71602594 -0.15533601 -0.68057151
vn -0.71602594 -0.15533601 -0.68057151
vn -1.00000000 7.7589549e-17 0.0000000e+0
vn -0.71602594 -0.43524182 -0.54577598
vn -0.71602594 -0.43524182 -0.54577598
vn -1.00000000 7.7589549e-17 0.0000000e+0
vn -0.71602594 -0.62894265 -0.30288282
vn -0.71602594 -0.62894265 -0.30288282
vn -1.00000000 7.7589549e-17 0.0000000e+0
vn -0.71602594 -0.69807367 4.3563793e-16
vn -0.71602594 -0.69807367 4.3563793e-16
vn -1.00000000 7.7589549e-17 0.0000000e+0
vn -0.71602594 -0.62894265 0.30288282
vn -0.71602594 -0.62894265 0.30288282
vn -1.00000000 7.7589549e-17 0.0000000e+0
vn -0.71602594 -0.43524182 0.54577598
vn -0.71602594 -0.43524182 0.54577598
vn -1.00000000 7.7589549e-17 0.0000000e+0
vn -0.71602594 -0.15533601 0.68057151
vn -0.71602594 -0.15533601 0.68057151
vn -1.00000000 7.7589549e-17 0.0000000e+0
vn -0.71602594 0.15533601 0.68057151
vn -0.71602594 0.15533601 0.68057151
vn -1.00000000 7.7589549e-17 0.0000000e+0
vn -0.71602594 0.43524182 0.54577598
vn -0.71602594 0.43524182 0.54577598
vn 1.00000000 -7.7589549e-17 0.0000000e+0
vn 0.71602594 0.69807367 4.0753226e-16
vn 0.71602594 0.69807367 4.0753226e-16
vn 1.00000000 -7.7589549e-17 0.0000000e+0
vn 0.71602594 0.62894265 0.30288282
vn 0.71602594 0.62894265 0.30288282
vn 1.00000000 -7.7589549e-17 0.0000000e+0
vn 0.71602594 0.43524182 0.54577598
vn 0.71602594 0.43524182 0.54577598
vn 1.00000000 -7.7589549e-17 0.0000000e+0
vn 0.71602594 0.15533601 0.68057151
vn 0.71602594 0.15533601 0.68057151
vn 1.00000000 -7.7589549e-17 0.0000000e+0
vn 0.71602594 -0.15533601 0.68057151
vn 0.71602594 -0.15533601 0.68057151
vn 1.00000000 -7.7589549e-17 0.0000000e+0
vn 0.71602594 -0.43524182 0.54577598
vn 0.71602594 -0.43524182 0.54577598
vn 1.00000000 -7.7589549e-17 0.0000000e+0
vn 0.71602594 -0.62894265 0.30288282
vn 0.71602594 -0.62894265 0.30288282
vn 1.00000000 -7.7589549e-17 0.0000000e+0
vn 0.71602594 -0.69807367 3.6537375e-16
vn 0.71602594 -0.69807367 3.6537375e-16
vn 1.00000000 -7.7589549e-17 0.0000000e+0
vn 0.71602594 -0.62894265 -0.30288282
vn 0.71602594 -0.62894265 -0.30288282
vn 1.00000000 -7.7589549e-17 0.0000000e+0
vn 0.71602594 -0.43524182 -0.54577598
vn 0.71602594 -0.43524182 -0.54577598
vn 1.00000000 -7.7589549e-17 0.0000000e+0
vn 0.71602594 -0.15533601 -0.68057151
vn 0.71602594 -0.15533601 -0.68057151
vn 1.00000000 -7.7589549e-17 0.0000000e+0
vn 0.71602594 0.15533601 -0.68057151
vn 0.71602594 0.15533601 -0.68057151
vn 1.00000000 -7.7589549e-17 0.0000000e+0
vn 0.71602594 0.43524182 -0.54577598
vn 0.71602594 0.43524182 -0.54577598
vn 1.00000000 -7.7589549e-17 0.0000000e+0
vn 0.71602594 0.62894265 -0.30288282
vn 0.71602594 0.62894265 -0.30288282
vn 0.0000000e+0 -1.00000000 4.2449009e-17
vn 0.0000000e+0 -1.00000000 4.2449009e-17
vn 1.00000000 0.0000000e+0 0.0000000e+0
vn 1.00000000 0.0000000e+0 0.0000000e+0
vn -3.3746575e-16 -0.92387953 0.38268343
vn -3.3746575e-16 -0.92387953 0.38268343
vn 1.00000000 0.0000000e+0 2.7116763e-16
vn 1.00000000 0.0000000e+0 2.7116763e-16
vn -3.3746575e-16 -0.70710678 0.70710678
vn -3.3746575e-16 -0.70710678 0.70710678
vn 1.00000000 0.0000000e+0 5.9164568e-31
vn 1.00000000 0.0000000e+0 5.9164568e-31
vn 0.0000000e+0 -0.38268343 0.92387953
vn 0.0000000e+0 -0.38268343 0.92387953
vn 1.00000000 0.0000000e+0 0.0000000e+0
vn 1.00000000 0.0000000e+0 0.0000000e+0
vn 0.0000000e+0 0.0000000e+0 1.00000000
vn 0.0000000e+0 0.0000000e+0 1.00000000
vn 1.00000000 0.0000000e+0 8.1350290e-16
vn 1.00000000 0.0000000e+0 8.1350290e-16
vn 0.0000000e+0 0.38268343 0.92387953
vn 0.0000000e+0 0.38268343 0.92387953
vn 1.00000000 0.0000000e+0 -9.8607613e-32
vn 1.00000000 0.0000000e+0 -9.8607613e-32
vn -6.7493150e-16 0.70710678 0.70710678
vn -6.7493150e-16 0.70710678 0.70710678
vn 1.00000000 0.0000000e+0 -2.7116763e-16
vn 1.00000000 0.0000000e+0 -2.7116763e-16
vn -1.3498630e-15 0.92387953 0.38268343
vn -1.3498630e-15 0.92387953 0.38268343
vn 1.00000000 0.0000000e+0 2.7116763e-16
vn 1.00000000 0.0000000e+0 2.7116763e-16
vn 4.0215780e-31 1.00000000 -7.0748349e-17
vn 4.0215780e-31 1.00000000 -7.0748349e-17
vn 1.00000000 0.0000000e+0 0.0000000e+0
vn 1.00000000 0.0000000e+0 0.0000000e+0
vn 1.3498630e-15 0.92387953 -0.38268343
vn 1.3498630e-15 0.92387953 -0.38268343
vn 1.00000000 0.0000000e+0 -2.7116763e-16
vn 1.00000000 0.0000000e+0 -2.7116763e-16
vn 6.7493150e-16 0.70710678 -0.70710678
vn 6.7493150e-16 0.70710678 -0.70710678
vn 1.00000000 0.0000000e+0 5.9164568e-31
vn 1.00000000 0.0000000e+0 5.9164568e-31
vn -1.6873288e-16 0.38268343 -0.92387953
vn -1.6873288e-16 0.38268343 -0.92387953
vn 1.00000000 0.0000000e+0 1.1832914e-30
vn 1.00000000 0.0000000e+0 1.1832914e-30
vn -8.4366438e-17 0.0000000e+0 -1.00000000
vn -8.4366438e-17 0.0000000e+0 -1.00000000
vn 1.00000000 0.0000000e+0 -8.1350290e-16
vn 1.00000000 0.0000000e+0 -8.1350290e-16
vn -2.5309931e-16 -0.38268343 -0.92387953
vn -2.5309931e-16 -0.38268343 -0.92387953
vn 1.00000000 0.0000000e+0 1.2818990e-30
vn 1.00000000 0.0000000e+0 1.2818990e-30
vn -6.7493150e-16 -0.70710678 -0.70710678
vn -6.7493150e-16 -0.70710678 -0.70710678
vn 1.00000000 0.0000000e+0 2.7116763e-16
vn 1.00000000 0.0000000e+0 2.7116763e-16
vn -3.3746575e-16 -0.92387953 -0.38268343
vn -3.3746575e-16 -0.92387953 -0.38268343
vn 1.00000000 0.0000000e+0 -2.7116763e-16
vn 1.00000000 0.0000000e+0 -2.7116763e-16
vn 0.0000000e+0 -1.00000000 4.2449009e-17
vn 0.0000000e+0 -1.00000000 4.2449009e-17
vn -3.3746575e-16 -0.92387953 0.38268343
vn -3.3746575e-16 -0.92387953 0.38268343
vn -3.3746575e-16 -0.70710678 0.70710678
vn -3.3746575e-16 -0.70710678 0.70710678
vn 0.0000000e+0 -0.38268343 0.92387953
vn 0.0000000e+0 -0.38268343 0.92387953
vn 0.0000000e+0 0.0000000e+0 1.00000000
vn 0.0000000e+0 0.0000000e+0 1.00000000
vn 0.0000000e+0 0.38268343 0.92387953
vn 0.0000000e+0 0.38268343 0.92387953
vn -6.7493150e-16 0.70710678 0.70710678
vn -6.7493150e-16 0.70710678 0.70710678
vn -1.3498630e-15 0.92387953 0.38268343
vn -1.3498630e-15 0.92387953 0.38268343
vn 4.0215780e-31 1.00000000 -7.0748349e-17
vn 4.0215780e-31 1.00000000 -7.0748349e-17
vn 1.3498630e-15 0.92387953 -0.38268343
vn 1.3498630e-15 0.92387953 -0.38268343
vn 6.7493150e-16 0.70710678 -0.70710678
vn 6.7493150e-16 0.70710678 -0.70710678
vn -1.6873288e-16 0.38268343 -0.92387953
vn -1.6873288e-16 0.38268343 -0.92387953
vn -8.4366438e-17 0.0000000e+0 -1.00000000
vn -8.4366438e-17 0.0000000e+0 -1.00000000
vn -2.5309931e-16 -0.38268343 -0.92387953
vn -2.5309931e-16 -0.38268343 -0.92387953
vn -6.7493150e-16 -0.70710678 -0.70710678
vn -6.7493150e-16 -0.70710678 -0.70710678
vn -3.3746575e-16 -0.92387953 -0.38268343
vn -3.3746575e-16 -0.92387953 -0.38268343
vn 1.00000000 0.0000000e+0 2.7116763e-16
vn 1.00000000 0.0000000e+0 2.7116763e-16
vn 1.3777744e-15 0.92387953 -0.38268343
vn 1.3777744e-15 0.92387953 -0.38268343
vn 1.00000000 0.0000000e+0 0.0000000e+0
vn 1.00000000 0.0000000e+0 0.0000000e+0
vn 1.4075523e-30 1.00000000 -1.9809538e-16
vn 1.4075523e-30 1.00000000 -1.9809538e-16
vn 1.00000000 0.0000000e+0 -2.7116763e-16
vn 1.00000000 0.0000000e+0 -2.7116763e-16
vn -1.3777744e-15 0.92387953 0.38268343
vn -1.3777744e-15 0.92387953 0.38268343
vn 1.00000000 0.0000000e+0 2.7116763e-16
vn 1.00000000 0.0000000e+0 2.7116763e-16
vn -6.8888718e-16 0.70710678 0.70710678
vn -6.8888718e-16 0.70710678 0.70710678
vn 1.00000000 0.0000000e+0 1.2818990e-30
vn 1.00000000 0.0000000e+0 1.2818990e-30
vn -1.7222180e-16 0.38268343 0.92387953
vn -1.7222180e-16 0.38268343 0.92387953
vn 1.00000000 0.0000000e+0 -8.1350290e-16
vn 1.00000000 0.0000000e+0 -8.1350290e-16
vn -1.7222180e-16 0.0000000e+0 1.00000000
vn -1.7222180e-16 0.0000000e+0 1.00000000
vn 1.00000000 0.0000000e+0 1.1832914e-30
vn 1.00000000 0.0000000e+0 1.1832914e-30
vn 0.0000000e+0 -0.38268343 0.92387953
vn 0.0000000e+0 -0.38268343 0.92387953
vn 1.00000000 0.0000000e+0 5.9164568e-31
vn 1.00000000 0.0000000e+0 5.9164568e-31
vn 0.0000000e+0 -0.70710678 0.70710678
vn 0.0000000e+0 -0.70710678 0.70710678
vn 1.00000000 0.0000000e+0 -2.7116763e-16
vn 1.00000000 0.0000000e+0 -2.7116763e-16
vn 0.0000000e+0 -0.92387953 0.38268343
vn 0.0000000e+0 -0.92387953 0.38268343
vn 1.00000000 0.0000000e+0 0.0000000e+0
vn 1.00000000 0.0000000e+0 0.0000000e+0
vn 0.0000000e+0 -1.00000000 4.2449009e-17
vn 0.0000000e+0 -1.00000000 4.2449009e-17
vn 1.00000000 0.0000000e+0 2.7116763e-16
vn 1.00000000 0.0000000e+0 2.7116763e-16
vn 6.8888718e-16 -0.92387953 -0.38268343
vn 6.8888718e-16 -0.92387953 -0.38268343
vn 1.00000000 0.0000000e+0 -2.7116763e-16
vn 1.00000000 0.0000000e+0 -2.7116763e-16
vn 1.3777744e-15 -0.70710678 -0.70710678
vn 1.3777744e-15 -0.70710678 -0.70710678
vn 1.00000000 0.0000000e+0 -9.8607613e-32
vn 1.00000000 0.0000000e+0 -9.8607613e-32
vn 5.1666539e-16 -0.38268343 -0.92387953
vn 5.1666539e-16 -0.38268343 -0.92387953
vn 1.00000000 0.0000000e+0 8.1350290e-16
vn 1.00000000 0.0000000e+0 8.1350290e-16
vn -3.4444359e-16 0.0000000e+0 -1.00000000
vn -3.4444359e-16 0.0000000e+0 -1.00000000
vn 1.00000000 0.0000000e+0 0.0000000e+0
vn 1.00000000 0.0000000e+0 0.0000000e+0
vn -8.6110898e-16 0.38268343 -0.92387953
vn -8.6110898e-16 0.38268343 -0.92387953
vn 1.00000000 0.0000000e+0 5.9164568e-31
vn 1.00000000 0.0000000e+0 5.9164568e-31
vn 7.0377615e-31 0.70710678 -0.70710678
vn 7.0377615e-31 0.70710678 -0.70710678
vn 1.3777744e-15 0.92387953 -0.38268343
vn 1.3777744e-15 0.92387953 -0.38268343
vn 0.47791668 -0.81154056 0.33615111
vn 0.47791668 -0.81154056 0.33615111
vn 1.4075523e-30 1.00000000 -1.9809538e-16
vn 1.4075523e-30 1.00000000 -1.9809538e-16
vn 0.47791668 -0.87840517 8.4528199e-17
vn 0.47791668 -0.87840517 8.4528199e-17
vn -1.3777744e-15 0.92387953 0.38268343
vn -1.3777744e-15 0.92387953 0.38268343
vn 0.47791668 -0.81154056 -0.33615111
vn 0.47791668 -0.81154056 -0.33615111
vn -6.8888718e-16 0.70710678 0.70710678
vn -6.8888718e-16 0.70710678 0.70710678
vn 0.47791668 -0.62112626 -0.62112626
vn 0.47791668 -0.62112626 -0.62112626
vn -1.7222180e-16 0.38268343 0.92387953
vn -1.7222180e-16 0.38268343 0.92387953
vn 0.47791668 -0.33615111 -0.81154056
vn 0.47791668 -0.33615111 -0.81154056
vn -1.7222180e-16 0.0000000e+0 1.00000000
vn -1.7222180e-16 0.0000000e+0 1.00000000
vn 0.47791668 2.8176066e-17 -0.87840517
vn 0.47791668 2.8176066e-17 -0.87840517
vn 0.0000000e+0 -0.38268343 0.92387953
vn 0.0000000e+0 -0.38268343 0.92387953
vn 0.47791668 0.33615111 -0.81154056
vn 0.47791668 0.33615111 -0.81154056
vn 0.0000000e+0 -0.70710678 0.70710678
vn 0.0000000e+0 -0.70710678 0.70710678
vn 0.47791668 0.62112626 -0.62112626
vn 0.47791668 0.62112626 -0.62112626
vn 0.0000000e+0 -0.92387953 0.38268343
vn 0.0000000e+0 -0.92387953 0.38268343
vn 0.47791668 0.81154056 -0.33615111
vn 0.47791668 0.81154056 -0.33615111
vn 0.0000000e+0 -1.00000000 4.2449009e-17
vn 0.0000000e+0 -1.00000000 4.2449009e-17
vn 0.47791668 0.87840517 2.8176066e-17
vn 0.47791668 0.87840517 2.8176066e-17
vn 6.8888718e-16 -0.92387953 -0.38268343
vn 6.8888718e-16 -0.92387953 -0.38268343
vn 0.47791668 0.81154056 0.33615111
vn 0.47791668 0.81154056 0.33615111
vn 1.3777744e-15 -0.70710678 -0.70710678
vn 1.3777744e-15 -0.70710678 -0.70710678
vn 0.47791668 0.62112626 0.62112626
vn 0.47791668 0.62112626 0.62112626
vn 5.1666539e-16 -0.38268343 -0.92387953
vn 5.1666539e-16 -0.38268343 -0.92387953
vn 0.47791668 0.33615111 0.81154056
vn 0.47791668 0.33615111 0.81154056
vn -3.4444359e-16 0.0000000e+0 -1.00000000
vn -3.4444359e-16 0.0000000e+0 -1.00000000
vn 0.47791668 -2.3949656e-16 0.87840517
vn 0.47791668 -2.3949656e-16 0.87840517
vn -8.6110898e-16 0.38268343 -0.92387953
vn -8.6110898e-16 0.38268343 -0.92387953
vn 0.47791668 -0.33615111 0.81154056
vn 0.47791668 -0.33615111 0.81154056
vn 7.0377615e-31 0.70710678 -0.70710678
vn 7.0377615e-31 0.70710678 -0.70710678
vn 0.47791668 -0.62112626 0.62112626
vn 0.47791668 -0.62112626 0.62112626
vn 1.00000000 5.7886730e-17 0.0000000e+0
vn 0.47791668 -0.81154056 0.33615111
vn 0.47791668 -0.81154056 0.33615111
vn 1.00000000 5.7886730e-17 0.0000000e+0
vn 0.47791668 -0.87840517 8.4528199e-17
vn 0.47791668 -0.87840517 8.4528199e-17
vn 1.00000000 5.7886730e-17 0.0000000e+0
vn 0.47791668 -0.81154056 -0.33615111
vn 0.47791668 -0.81154056 -0.33615111
vn 1.00000000 5.7886730e-17 0.0000000e+0
vn 0.47791668 -0.62112626 -0.62112626
vn 0.47791668 -0.62112626 -0.62112626
vn 1.00000000 5.7886730e-17 0.0000000e+0
vn 0.47791668 -0.33615111 -0.81154056
vn 0.47791668 -0.33615111 -0.81154056
vn 1.00000000 5.7886730e-17 0.0000000e+0
vn 0.47791668 2.8176066e-17 -0.87840517
vn 0.47791668 2.8176066e-17 -0.87840517
vn 1.00000000 5.7886730e-17 0.0000000e+0
vn 0.47791668 0.33615111 -0.81154056
vn 0.47791668 0.33615111 -0.81154056
vn 1.00000000 5.7886730e-17 0.0000000e+0
vn 0.47791668 0.62112626 -0.62112626
vn 0.47791668 0.62112626 -0.62112626
vn 1.00000000 5.7886730e-17 0.0000000e+0
vn 0.47791668 0.81154056 -0.33615111
vn 0.47791668 0.81154056 -0.33615111
vn 1.00000000 5.7886730e-17 0.0000000e+0
vn 0.47791668 0.87840517 2.8176066e-17
vn 0.47791668 0.87840517 2.8176066e-17
vn 1.00000000 5.7886730e-17 0.0000000e+0
vn 0.47791668 0.81154056 0.33615111
vn 0.47791668 0.81154056 0.33615111
vn 1.00000000 5.7886730e-17 0.0000000e+0
vn 0.47791668 0.62112626 0.62112626
vn 0.47791668 0.62112626 0.62112626
vn 1.00000000 5.7886730e-17 0.0000000e+0
vn 0.47791668 0.33615111 0.81154056
vn 0.47791668 0.33615111 0.81154056
vn 1.00000000 5.7886730e-17 0.0000000e+0
vn 0.47791668 -2.3949656e-16 0.87840517
vn 0.47791668 -2.3949656e-16 0.87840517
vn 1.00000000 5.7886730e-17 0.0000000e+0
vn 0.47791668 -0.33615111 0.81154056
vn 0.47791668 -0.33615111 0.81154056
vn 1.00000000 5.7886730e-17 0.0000000e+0
vn 0.47791668 -0.62112626 0.62112626
vn 0.47791668 -0.62112626 0.62112626
vn 0.0000000e+0 -1.00000000 0.0000000e+0
vn -1.00000000 1.2590079e-17 -2.3347151e-16
vn -1.00000000 1.2590079e-17 -2.3347151e-16
vn 0.0000000e+0 -1.00000000 0.0000000e+0
vn -0.80901699 6.2950397e-17 0.58778525
vn -0.80901699 6.2950397e-17 0.58778525
vn 0.0000000e+0 -1.00000000 0.0000000e+0
vn -0.30901699 5.0360318e-17 0.95105652
vn -0.30901699 5.0360318e-17 0.95105652
vn 0.0000000e+0 -1.00000000 0.0000000e+0
vn 0.30901699 5.0360318e-17 0.95105652
vn 0.30901699 5.0360318e-17 0.95105652
vn 0.0000000e+0 -1.00000000 0.0000000e+0
vn 0.80901699 6.2950397e-17 0.58778525
vn 0.80901699 6.2950397e-17 0.58778525
vn 0.0000000e+0 -1.00000000 0.0000000e+0
vn 1.00000000 1.2590079e-17 -2.6265545e-16
vn 1.00000000 1.2590079e-17 -2.6265545e-16
vn 0.0000000e+0 -1.00000000 0.0000000e+0
vn 0.80901699 0.0000000e+0 -0.58778525
vn 0.80901699 0.0000000e+0 -0.58778525
vn 0.0000000e+0 -1.00000000 0.0000000e+0
vn 0.30901699 0.0000000e+0 -0.95105652
vn 0.30901699 0.0000000e+0 -0.95105652
vn 0.0000000e+0 -1.00000000 0.0000000e+0
vn -0.30901699 0.0000000e+0 -0.95105652
vn -0.30901699 0.0000000e+0 -0.95105652
vn 0.0000000e+0 -1.00000000 0.0000000e+0
vn -0.80901699 0.0000000e+0 -0.58778525
vn -0.80901699 0.0000000e+0 -0.58778525
vn -1.00000000 1.2590079e-17 -2.3347151e-16
vn -1.00000000 1.2590079e-17 -2.3347151e-16
vn 3.5893628e-15 1.00000000 0.0000000e+0
vn 3.5893628e-15 1.00000000 0.0000000e+0
vn -0.80901699 6.2950397e-17 0.58778525
vn -0.80901699 6.2950397e-17 0.58778525
vn 2.2433517e-15 1.00000000 0.0000000e+0
vn 2.2433517e-15 1.00000000 0.0000000e+0
vn -0.30901699 5.0360318e-17 0.95105652
vn -0.30901699 5.0360318e-17 0.95105652
vn 4.4867035e-16 1.00000000 0.0000000e+0
vn 4.4867035e-16 1.00000000 0.0000000e+0
vn 0.30901699 5.0360318e-17 0.95105652
vn 0.30901699 5.0360318e-17 0.95105652
vn 0.0000000e+0 1.00000000 0.0000000e+0
vn 0.0000000e+0 1.00000000 0.0000000e+0
vn 0.80901699 6.2950397e-17 0.58778525
vn 0.80901699 6.2950397e-17 0.58778525
vn -1.7946814e-15 1.00000000 0.0000000e+0
vn -1.7946814e-15 1.00000000 0.0000000e+0
vn 1.00000000 1.2590079e-17 -2.6265545e-16
vn 1.00000000 1.2590079e-17 -2.6265545e-16
vn -3.5893628e-15 1.00000000 0.0000000e+0
vn -3.5893628e-15 1.00000000 0.0000000e+0
vn 0.80901699 0.0000000e+0 -0.58778525
vn 0.80901699 0.0000000e+0 -0.58778525
vn -1.3460110e-15 1.00000000 0.0000000e+0
vn -1.3460110e-15 1.00000000 0.0000000e+0
vn 0.30901699 0.0000000e+0 -0.95105652
vn 0.30901699 0.0000000e+0 -0.95105652
vn 4.4867035e-16 1.00000000 0.0000000e+0
vn 4.4867035e-16 1.00000000 0.0000000e+0
vn -0.30901699 0.0000000e+0 -0.95105652
vn -0.30901699 0.0000000e+0 -0.95105652
vn 0.0000000e+0 1.00000000 0.0000000e+0
vn 0.0000000e+0 1.00000000 0.0000000e+0
vn -0.80901699 0.0000000e+0 -0.58778525
vn -0.80901699 0.0000000e+0 -0.58778525
vn 1.7946814e-15 1.00000000 0.0000000e+0
vn 1.7946814e-15 1.00000000 0.0000000e+0
vn 3.5893628e-15 1.00000000 0.0000000e+0
vn 3.5893628e-15 1.00000000 0.0000000e+0
vn -1.00000000 0.0000000e+0 -1.2257254e-15
vn -1.00000000 0.0000000e+0 -1.2257254e-15
vn 2.2433517e-15 1.00000000 0.0000000e+0
vn 2.2433517e-15 1.00000000 0.0000000e+0
vn -0.80901699 -8.4471238e-16 0.58778525
vn -0.80901699 -8.4471238e-16 0.58778525
vn 4.4867035e-16 1.00000000 0.0000000e+0
vn 4.4867035e-16 1.00000000 0.0000000e+0
vn -0.30901699 -8.4471238e-16 0.95105652
vn -0.30901699 -8.4471238e-16 0.95105652
vn 0.0000000e+0 1.00000000 0.0000000e+0
vn 0.0000000e+0 1.00000000 0.0000000e+0
vn 0.30901699 0.0000000e+0 0.95105652
vn 0.30901699 0.0000000e+0 0.95105652
vn -1.7946814e-15 1.00000000 0.0000000e+0
vn -1.7946814e-15 1.00000000 0.0000000e+0
vn 0.80901699 0.0000000e+0 0.58778525
vn 0.80901699 0.0000000e+0 0.58778525
vn -3.5893628e-15 1.00000000 0.0000000e+0
vn -3.5893628e-15 1.00000000 0.0000000e+0
vn 1.00000000 0.0000000e+0 -1.9845079e-15
vn 1.00000000 0.0000000e+0 -1.9845079e-15
vn -1.3460110e-15 1.00000000 0.0000000e+0
vn -1.3460110e-15 1.00000000 0.0000000e+0
vn 0.80901699 0.0000000e+0 -0.58778525
vn 0.80901699 0.0000000e+0 -0.58778525
vn 4.4867035e-16 1.00000000 0.0000000e+0
vn 4.4867035e-16 1.00000000 0.0000000e+0
vn 0.30901699 0.0000000e+0 -0.95105652
vn 0.30901699 0.0000000e+0 -0.95105652
vn 0.0000000e+0 1.00000000 0.0000000e+0
vn 0.0000000e+0 1.00000000 0.0000000e+0
vn -0.30901699 0.0000000e+0 -0.95105652
vn -0.30901699 0.0000000e+0 -0.95105652
vn 1.7946814e-15 1.00000000 0.0000000e+0
vn 1.7946814e-15 1.00000000 0.0000000e+0
vn -0.80901699 0.0000000e+0 -0.58778525
vn -0.80901699 0.0000000e+0 -0.58778525
vn -1.00000000 0.0000000e+0 -1.2257254e-15
vn -1.00000000 0.0000000e+0 -1.2257254e-15
vn -0.61489490 0.78860907 4.5286576e-16
vn -0.61489490 0.78860907 4.5286576e-16
vn -0.80901699 -8.4471238e-16 0.58778525
vn -0.80901699 -8.4471238e-16 0.58778525
vn -0.49746043 0.78860907 0.36142616
vn -0.49746043 0.78860907 0.36142616
vn -0.30901699 -8.4471238e-16 0.95105652
vn -0.30901699 -8.4471238e-16 0.95105652
vn -0.19001297 0.78860907 0.58479980
vn -0.19001297 0.78860907 0.58479980
vn 0.30901699 0.0000000e+0 0.95105652
vn 0.30901699 0.0000000e+0 0.95105652
vn 0.19001297 0.78860907 0.58479980
vn 0.19001297 0.78860907 0.58479980
vn 0.80901699 0.0000000e+0 0.58778525
vn 0.80901699 0.0000000e+0 0.58778525
vn 0.49746043 0.78860907 0.36142616
vn 0.49746043 0.78860907 0.36142616
vn 1.00000000 0.0000000e+0 -1.9845079e-15
vn 1.00000000 0.0000000e+0 -1.9845079e-15
vn 0.61489490 0.78860907 -1.5567260e-16
vn 0.61489490 0.78860907 -1.5567260e-16
vn 0.80901699 0.0000000e+0 -0.58778525
vn 0.80901699 0.0000000e+0 -0.58778525
vn 0.49746043 0.78860907 -0.36142616
vn 0.49746043 0.78860907 -0.36142616
vn 0.30901699 0.0000000e+0 -0.95105652
vn 0.30901699 0.0000000e+0 -0.95105652
vn 0.19001297 0.78860907 -0.58479980
vn 0.19001297 0.78860907 -0.58479980
vn -0.30901699 0.0000000e+0 -0.95105652
vn -0.30901699 0.0000000e+0 -0.95105652
vn -0.19001297 0.78860907 -0.58479980
vn -0.19001297 0.78860907 -0.58479980
vn -0.80901699 0.0000000e+0 -0.58778525
vn -0.80901699 0.0000000e+0 -0.58778525
vn -0.49746043 0.78860907 -0.36142616
vn -0.49746043 0.78860907 -0.36142616
vn -0.61489490 0.78860907 4.5286576e-16
vn -0.61489490 0.78860907 4.5286576e-16
vn -1.00000000 0.0000000e+0 3.7939121e-16
vn -1.00000000 0.0000000e+0 3.7939121e-16
vn -0.49746043 0.78860907 0.36142616
vn -0.49746043 0.78860907 0.36142616
vn -0.80901699 -1.4380966e-16 0.58778525
vn -0.80901699 -1.4380966e-16 0.58778525
vn -0.19001297 0.78860907 0.58479980
vn -0.19001297 0.78860907 0.58479980
vn -0.30901699 -1.4380966e-16 0.95105652
vn -0.30901699 -1.4380966e-16 0.95105652
vn 0.19001297 0.78860907 0.58479980
vn 0.19001297 0.78860907 0.58479980
vn 0.30901699 1.4380966e-16 0.95105652
vn 0.30901699 1.4380966e-16 0.95105652
vn 0.49746043 0.78860907 0.36142616
vn 0.49746043 0.78860907 0.36142616
vn 0.80901699 7.1904832e-17 0.58778525
vn 0.80901699 7.1904832e-17 0.58778525
vn 0.61489490 0.78860907 -1.5567260e-16
vn 0.61489490 0.78860907 -1.5567260e-16
vn 1.00000000 -7.1904832e-17 -6.4204666e-16
vn 1.00000000 -7.1904832e-17 -6.4204666e-16
vn 0.49746043 0.78860907 -0.36142616
vn 0.49746043 0.78860907 -0.36142616
vn 0.80901699 0.0000000e+0 -0.58778525
vn 0.80901699 0.0000000e+0 -0.58778525
vn 0.19001297 0.78860907 -0.58479980
vn 0.19001297 0.78860907 -0.58479980
vn 0.30901699 0.0000000e+0 -0.95105652
vn 0.30901699 0.0000000e+0 -0.95105652
vn -0.19001297 0.78860907 -0.58479980
vn -0.19001297 0.78860907 -0.58479980
vn -0.30901699 -1.4380966e-16 -0.95105652
vn -0.30901699 -1.4380966e-16 -0.95105652
vn -0.49746043 0.78860907 -0.36142616
vn -0.49746043 0.78860907 -0.36142616
vn -0.80901699 -1.4380966e-16 -0.58778525
vn -0.80901699 -1.4380966e-16 -0.58778525
vn 0.0000000e+0 1.00000000 2.7986613e-16
vn -1.00000000 0.0000000e+0 3.7939121e-16
vn -1.00000000 0.0000000e+0 3.7939121e-16
vn 0.0000000e+0 1.00000000 2.7986613e-16
vn -0.80901699 -1.4380966e-16 0.58778525
vn -0.80901699 -1.4380966e-16 0.58778525
vn 0.0000000e+0 1.00000000 2.7986613e-16
vn -0.30901699 -1.4380966e-16 0.95105652
vn -0.30901699 -1.4380966e-16 0.95105652
vn 0.0000000e+0 1.00000000 2.7986613e-16
vn 0.30901699 1.4380966e-16 0.95105652
vn 0.30901699 1.4380966e-16 0.95105652
vn 0.0000000e+0 1.00000000 2.7986613e-16
vn 0.80901699 7.1904832e-17 0.58778525
vn 0.80901699 7.1904832e-17 0.58778525
vn 0.0000000e+0 1.00000000 2.7986613e-16
vn 1.00000000 -7.1904832e-17 -6.4204666e-16
vn 1.00000000 -7.1904832e-17 -6.4204666e-16
vn 0.0000000e+0 1.00000000 2.7986613e-16
vn 0.80901699 0.0000000e+0 -0.58778525
vn 0.80901699 0.0000000e+0 -0.58778525
vn 0.0000000e+0 1.00000000 2.7986613e-16
vn 0.30901699 0.0000000e+0 -0.95105652
vn 0.30901699 0.0000000e+0 -0.95105652
vn 0.0000000e+0 1.00000000 2.7986613e-16
vn -0.30901699 -1.4380966e-16 -0.95105652
vn -0.30901699 -1.4380966e-16 -0.95105652
vn 0.0000000e+0 1.00000000 2.7986613e-16
vn -0.80901699 -1.4380966e-16 -0.58778525
vn -0.80901699 -1.4380966e-16 -0.58778525
vn 0.0000000e+0 0.0000000e+0 1.00000000
vn 0.0000000e+0 -1.00000000 0.0000000e+0
vn 0.0000000e+0 0.0000000e+0 1.00000000
vn 0.0000000e+0 1.00000000 0.0000000e+0
vn 0.0000000e+0 0.0000000e+0 1.00000000
vn 1.00000000 0.0000000e+0 0.0000000e+0
vn 0.0000000e+0 1.00000000 0.0000000e+0
vn 0.0000000e+0 0.0000000e+0 1.00000000
vn 1.00000000 0.0000000e+0 0.0000000e+0
vn 0.0000000e+0 -1.00000000 0.0000000e+0
vn 0.0000000e+0 -1.00000000 0.0000000e+0
vn 0.0000000e+0 0.0000000e+0 -1.00000000
vn 0.0000000e+0 1.00000000 0.0000000e+0
vn 0.0000000e+0 0.0000000e+0 -1.00000000
vn 1.00000000 0.0000000e+0 0.0000000e+0
vn 0.0000000e+0 1.00000000 0.0000000e+0
vn 0.0000000e+0 0.0000000e+0 -1.00000000
vn 1.00000000 0.0000000e+0 0.0000000e+0
vn 0.0000000e+0 -1.00000000 0.0000000e+0
vn 0.0000000e+0 0.0000000e+0 -1.00000000
vn 0.0000000e+0 0.0000000e+0 1.00000000
vn 0.0000000e+0 -1.00000000 0.0000000e+0
vn 0.0000000e+0 0.0000000e+0 1.00000000
vn 0.0000000e+0 1.00000000 0.0000000e+0
vn 0.0000000e+0 0.0000000e+0 1.00000000
vn 1.00000000 0.0000000e+0 0.0000000e+0
vn 0.0000000e+0 1.00000000 0.0000000e+0
vn 0.0000000e+0 0.0000000e+0 1.00000000
vn 1.00000000 0.0000000e+0 0.0000000e+0
vn 0.0000000e+0 -1.00000000 0.0000000e+0
vn 0.0000000e+0 -1.00000000 0.0000000e+0
vn 0.0000000e+0 0.0000000e+0 -1.00000000
vn 0.0000000e+0 1.00000000 0.0000000e+0
vn 0.0000000e+0 0.0000000e+0 -1.00000000
vn 1.00000000 0.0000000e+0 0.0000000e+0
vn 0.0000000e+0 1.00000000 0.0000000e+0
vn 0.0000000e+0 0.0000000e+0 -1.00000000
vn 1.00000000 0.0000000e+0 0.0000000e+0
vn 0.0000000e+0 -1.00000000 0.0000000e+0
vn 0.0000000e+0 0.0000000e+0 -1.00000000
vn 0.0000000e+0 0.0000000e+0 1.00000000
vn 0.0000000e+0 -1.00000000 0.0000000e+0
vn 0.0000000e+0 0.0000000e+0 1.00000000
vn 0.0000000e+0 1.00000000 0.0000000e+0
vn 0.0000000e+0 0.0000000e+0 1.00000000
vn 1.00000000 0.0000000e+0 0.0000000e+0
vn 0.0000000e+0 1.00000000 0.0000000e+0
vn 0.0000000e+0 0.0000000e+0 1.00000000
vn 1.00000000 0.0000000e+0 0.0000000e+0
vn 0.0000000e+0 -1.00000000 0.0000000e+0
vn 0.0000000e+0 -1.00000000 0.0000000e+0
vn 0.0000000e+0 0.0000000e+0 -1.00000000
vn 0.0000000e+0 1.00000000 0.0000000e+0
vn 0.0000000e+0 0.0000000e+0 -1.00000000
vn 1.00000000 0.0000000e+0 0.0000000e+0
vn 0.0000000e+0 1.00000000 0.0000000e+0
vn 0.0000000e+0 0.0000000e+0 -1.00000000
vn 1.00000000 0.0000000e+0 0.0000000e+0
vn 0.0000000e+0 -1.00000000 0.0000000e+0
vn 0.0000000e+0 0.0000000e+0 -1.00000000
vn 0.0000000e+0 0.0000000e+0 1.00000000
vn 1.00000000 0.0000000e+0 0.0000000e+0
vn 0.0000000e+0 0.0000000e+0 1.00000000
vn -1.00000000 0.0000000e+0 0.0000000e+0
vn 0.0000000e+0 0.0000000e+0 1.00000000
vn 0.0000000e+0 1.00000000 0.0000000e+0
vn -1.00000000 0.0000000e+0 0.0000000e+0
vn 0.0000000e+0 0.0000000e+0 1.00000000
vn 0.0000000e+0 1.00000000 0.0000000e+0
vn 1.00000000 0.0000000e+0 0.0000000e+0
vn 1.00000000 0.0000000e+0 0.0000000e+0
vn 0.0000000e+0 0.0000000e+0 -1.00000000
vn -1.00000000 0.0000000e+0 0.0000000e+0
vn 0.0000000e+0 0.0000000e+0 -1.00000000
vn 0.0000000e+0 1.00000000 0.0000000e+0
vn -1.00000000 0.0000000e+0 0.0000000e+0
vn 0.0000000e+0 0.0000000e+0 -1.00000000
vn 0.0000000e+0 1.00000000 0.0000000e+0
vn 1.00000000 0.0000000e+0 0.0000000e+0
vn 0.0000000e+0 0.0000000e+0 -1.00000000
vn 0.0000000e+0 0.0000000e+0 1.00000000
vn 1.00000000 0.0000000e+0 0.0000000e+0
vn 0.0000000e+0 0.0000000e+0 1.00000000
vn -1.00000000 0.0000000e+0 0.0000000e+0
vn 0.0000000e+0 0.0000000e+0 1.00000000
vn 0.0000000e+0 1.00000000 0.0000000e+0
vn -1.00000000 0.0000000e+0 0.0000000e+0
vn 0.0000000e+0 0.0000000e+0 1.00000000
vn 0.0000000e+0 1.00000000 0.0000000e+0
vn 1.00000000 0.0000000e+0 0.0000000e+0
vn 1.00000000 0.0000000e+0 0.0000000e+0
vn 0.0000000e+0 0.0000000e+0 -1.00000000
vn -1.00000000 0.0000000e+0 0.0000000e+0
vn 0.0000000e+0 0.0000000e+0 -1.00000000
vn 0.0000000e+0 1.00000000 0.0000000e+0
vn -1.00000000 0.0000000e+0 0.0000000e+0
vn 0.0000000e+0 0.0000000e+0 -1.00000000
vn 0.0000000e+0 1.00000000 0.0000000e+0
vn 1.00000000 0.0000000e+0 0.0000000e+0
vn 0.0000000e+0 0.0000000e+0 -1.00000000
vn 0.0000000e+0 0.0000000e+0 1.00000000
vn 1.00000000 0.0000000e+0 0.0000000e+0
vn 0.0000000e+0 0.0000000e+0 1.00000000
vn -1.00000000 0.0000000e+0 0.0000000e+0
vn 0.0000000e+0 0.0000000e+0 1.00000000
vn 0.0000000e+0 1.00000000 0.0000000e+0
vn -1.00000000 0.0000000e+0 0.0000000e+0
vn 0.0000000e+0 0.0000000e+0 1.00000000
vn 0.0000000e+0 1.00000000 0.0000000e+0
vn 1.00000000 0.0000000e+0 0.0000000e+0
vn 1.00000000 0.0000000e+0 0.0000000e+0
vn 0.0000000e+0 0.0000000e+0 -1.00000000
vn -1.00000000 0.0000000e+0 0.0000000e+0
vn 0.0000000e+0 0.0000000e+0 -1.00000000
vn 0.0000000e+0 1.00000000 0.0000000e+0
vn -1.00000000 0.0000000e+0 0.0000000e+0
vn 0.0000000e+0 0.0000000e+0 -1.00000000
vn 0.0000000e+0 1.00000000 0.0000000e+0
vn 1.00000000 0.0000000e+0 0.0000000e+0
vn 0.0000000e+0 0.0000000e+0 -1.00000000
vn -1.00000000 0.0000000e+0 0.0000000e+0
vn -5.8022400e-16 1.00000000 1.0255801e-15
vn -5.8022400e-16 1.00000000 1.0255801e-15
vn -1.00000000 0.0000000e+0 0.0000000e+0
vn -2.9011200e-16 0.50000000 0.86602540
vn -2.9011200e-16 0.50000000 0.86602540
vn -1.00000000 0.0000000e+0 0.0000000e+0
vn 1.4505600e-16 -0.50000000 0.86602540
vn 1.4505600e-16 -0.50000000 0.86602540
vn -1.00000000 0.0000000e+0 0.0000000e+0
vn 2.9011200e-16 -1.00000000 1.0255801e-15
vn 2.9011200e-16 -1.00000000 1.0255801e-15
vn -1.00000000 0.0000000e+0 0.0000000e+0
vn 1.4505600e-16 -0.50000000 -0.86602540
vn 1.4505600e-16 -0.50000000 -0.86602540
vn -1.00000000 0.0000000e+0 0.0000000e+0
vn -2.9011200e-16 0.50000000 -0.86602540
vn -2.9011200e-16 0.50000000 -0.86602540
vn 1.00000000 0.0000000e+0 0.0000000e+0
vn -5.8022400e-16 1.00000000 1.0255801e-15
vn -5.8022400e-16 1.00000000 1.0255801e-15
vn 1.00000000 0.0000000e+0 0.0000000e+0
vn -2.9011200e-16 0.50000000 0.86602540
vn -2.9011200e-16 0.50000000 0.86602540
vn 1.00000000 0.0000000e+0 0.0000000e+0
vn 1.4505600e-16 -0.50000000 0.86602540
vn 1.4505600e-16 -0.50000000 0.86602540
vn 1.00000000 0.0000000e+0 0.0000000e+0
vn 2.9011200e-16 -1.00000000 1.0255801e-15
vn 2.9011200e-16 -1.00000000 1.0255801e-15
vn 1.00000000 0.0000000e+0 0.0000000e+0
vn 1.4505600e-16 -0.50000000 -0.86602540
vn 1.4505600e-16 -0.50000000 -0.86602540
vn 1.00000000 0.0000000e+0 0.0000000e+0
vn -2.9011200e-16 0.50000000 -0.86602540
vn -2.9011200e-16 0.50000000 -0.86602540
vn -1.00000000 0.0000000e+0 0.0000000e+0
vn -5.8022400e-16 1.00000000 0.0000000e+0
vn -5.8022400e-16 1.00000000 0.0000000e+0
vn -1.00000000 0.0000000e+0 0.0000000e+0
vn -2.9011200e-16 0.50000000 0.86602540
vn -2.9011200e-16 0.50000000 0.86602540
vn -1.00000000 0.0000000e+0 0.0000000e+0
vn 1.4505600e-16 -0.50000000 0.86602540
vn 1.4505600e-16 -0.50000000 0.86602540
vn -1.00000000 0.0000000e+0 0.0000000e+0
vn 2.9011200e-16 -1.00000000 0.0000000e+0
vn 2.9011200e-16 -1.00000000 0.0000000e+0
vn -1.00000000 0.0000000e+0 0.0000000e+0
vn 1.4505600e-16 -0.50000000 -0.86602540
vn 1.4505600e-16 -0.50000000 -0.86602540
vn -1.00000000 0.0000000e+0 0.0000000e+0
vn -2.9011200e-16 0.50000000 -0.86602540
vn -2.9011200e-16 0.50000000 -0.86602540
vn 1.00000000 0.0000000e+0 0.0000000e+0
vn -5.8022400e-16 1.00000000 0.0000000e+0
vn -5.8022400e-16 1.00000000 0.0000000e+0
vn 1.00000000 0.0000000e+0 0.0000000e+0
vn -2.9011200e-16 0.50000000 0.86602540
vn -2.9011200e-16 0.50000000 0.86602540
vn 1.00000000 0.0000000e+0 0.0000000e+0
vn 1.4505600e-16 -0.50000000 0.86602540
vn 1.4505600e-16 -0.50000000 0.86602540
vn 1.00000000 0.0000000e+0 0.0000000e+0
vn 2.9011200e-16 -1.00000000 0.0000000e+0
vn 2.9011200e-16 -1.00000000 0.0000000e+0
vn 1.00000000 0.0000000e+0 0.0000000e+0
vn 1.4505600e-16 -0.50000000 -0.86602540
vn 1.4505600e-16 -0.50000000 -0.86602540
vn 1.00000000 0.0000000e+0 0.0000000e+0
vn -2.9011200e-16 0.50000000 -0.86602540
vn -2.9011200e-16 0.50000000 -0.86602540
vn -0.70356981 8.2044605e-2 0.70587407
vn -0.70356981 8.2044605e-2 0.70587407
vn 0.71061050 8.1345059e-2 0.69886744
vn 0.71061050 8.1345059e-2 0.69886744
vn 0.70346003 -7.3622175e-2 -0.70691142
vn 0.70346003 -7.3622175e-2 -0.70691142
vn -0.71074958 -7.2763546e-2 -0.69967171
vn -0.71074958 -7.2763546e-2 -0.69967171
vn 3.0539683e-2 -0.81209630 -0.58272371
vn 3.0539683e-2 -0.81209630 -0.58272371
vn 3.5806312e-2 -0.58214152 0.81229869
vn 3.5806312e-2 -0.58214152 0.81229869
vn 3.3034392e-2 0.81317408 0.58108230
vn 3.3034392e-2 0.81317408 0.58108230
vn 2.6532037e-2 0.58319863 -0.81189618
vn 2.6532037e-2 0.58319863 -0.81189618
vn 0.0000000e+0 0.0000000e+0 1.00000000
vn -1.00000000 0.0000000e+0 0.0000000e+0
vn 0.0000000e+0 0.0000000e+0 1.00000000
vn 0.0000000e+0 1.00000000 0.0000000e+0
vn -1.00000000 0.0000000e+0 0.0000000e+0
vn 0.0000000e+0 0.0000000e+0 1.00000000
vn 1.00000000 0.0000000e+0 0.0000000e+0
vn 0.0000000e+0 1.00000000 0.0000000e+0
vn 0.0000000e+0 0.0000000e+0 1.00000000
vn 1.00000000 0.0000000e+0 0.0000000e+0
vn 0.0000000e+0 0.0000000e+0 -1.00000000
vn -1.00000000 0.0000000e+0 0.0000000e+0
vn 0.0000000e+0 1.00000000 0.0000000e+0
vn 0.0000000e+0 0.0000000e+0 -1.00000000
vn -1.00000000 0.0000000e+0 0.0000000e+0
vn 1.00000000 0.0000000e+0 0.0000000e+0
vn 0.0000000e+0 1.00000000 0.0000000e+0
vn 0.0000000e+0 0.0000000e+0 -1.00000000
vn 1.00000000 0.0000000e+0 0.0000000e+0
vn 0.0000000e+0 0.0000000e+0 -1.00000000
vn 0.0000000e+0 0.0000000e+0 1.00000000
vn -1.00000000 0.0000000e+0 0.0000000e+0
vn 0.0000000e+0 0.0000000e+0 1.00000000
vn 0.0000000e+0 1.00000000 0.0000000e+0
vn -1.00000000 0.0000000e+0 0.0000000e+0
vn 0.0000000e+0 0.0000000e+0 1.00000000
vn 1.00000000 0.0000000e+0 0.0000000e+0
vn 0.0000000e+0 1.00000000 0.0000000e+0
vn 0.0000000e+0 0.0000000e+0 1.00000000
vn 1.00000000 0.0000000e+0 0.0000000e+0
vn 0.0000000e+0 0.0000000e+0 -1.00000000
vn -1.00000000 0.0000000e+0 0.0000000e+0
vn 0.0000000e+0 1.00000000 0.0000000e+0
vn 0.0000000e+0 0.0000000e+0 -1.00000000
vn -1.00000000 0.0000000e+0 0.0000000e+0
vn 1.00000000 0.0000000e+0 0.0000000e+0
vn 0.0000000e+0 1.00000000 0.0000000e+0
vn 0.0000000e+0 0.0000000e+0 -1.00000000
vn 1.00000000 0.0000000e+0 0.0000000e+0
vn 0.0000000e+0 0.0000000e+0 -1.00000000
vn -0.38268343 -1.8123177e-16 0.92387953
vn -0.38268343 -1.8123177e-16 0.92387953
vn -0.92387953 -1.8123177e-16 0.38268343
vn -0.92387953 -1.8123177e-16 0.38268343
vn -0.38268343 -1.8123177e-16 0.92387953
vn 0.0000000e+0 1.00000000 0.0000000e+0
vn -0.38268343 -1.8123177e-16 0.92387953
vn 0.0000000e+0 1.00000000 0.0000000e+0
vn -0.92387953 -1.8123177e-16 0.38268343
vn -0.92387953 -1.8123177e-16 0.38268343
vn 0.38268343 -1.8123177e-16 0.92387953
vn 0.0000000e+0 1.00000000 0.0000000e+0
vn 0.38268343 -1.8123177e-16 0.92387953
vn 0.92387953 -1.8123177e-16 0.38268343
vn 0.0000000e+0 1.00000000 0.0000000e+0
vn 0.92387953 -1.8123177e-16 0.38268343
vn 0.38268343 -1.8123177e-16 0.92387953
vn 0.38268343 -1.8123177e-16 0.92387953
vn 0.92387953 -1.8123177e-16 0.38268343
vn 0.92387953 -1.8123177e-16 0.38268343
vn -0.92387953 1.8123177e-16 -0.38268343
vn -0.92387953 1.8123177e-16 -0.38268343
vn -0.38268343 1.8123177e-16 -0.92387953
vn -0.38268343 1.8123177e-16 -0.92387953
vn 0.0000000e+0 1.00000000 0.0000000e+0
vn -0.92387953 1.8123177e-16 -0.38268343
vn -0.92387953 1.8123177e-16 -0.38268343
vn 0.0000000e+0 1.00000000 0.0000000e+0
vn -0.38268343 1.8123177e-16 -0.92387953
vn -0.38268343 1.8123177e-16 -0.92387953
vn 0.0000000e+0 1.00000000 0.0000000e+0
vn 0.38268343 1.8123177e-16 -0.92387953
vn 0.38268343 1.8123177e-16 -0.92387953
vn 0.92387953 1.8123177e-16 -0.38268343
vn 0.0000000e+0 1.00000000 0.0000000e+0
vn 0.92387953 1.8123177e-16 -0.38268343
vn 0.38268343 1.8123177e-16 -0.92387953
vn 0.38268343 1.8123177e-16 -0.92387953
vn 0.92387953 1.8123177e-16 -0.38268343
vn 0.92387953 1.8123177e-16 -0.38268343
vn -0.38268343 3.6246354e-16 0.92387953
vn -0.38268343 3.6246354e-16 0.92387953
vn -0.92387953 3.6246354e-16 0.38268343
vn -0.92387953 3.6246354e-16 0.38268343
vn -0.38268343 3.6246354e-16 0.92387953
vn 0.0000000e+0 1.00000000 0.0000000e+0
vn -0.38268343 3.6246354e-16 0.92387953
vn 0.0000000e+0 1.00000000 0.0000000e+0
vn -0.92387953 3.6246354e-16 0.38268343
vn -0.92387953 3.6246354e-16 0.38268343
vn 0.38268343 3.6246354e-16 0.92387953
vn 0.0000000e+0 1.00000000 0.0000000e+0
vn 0.38268343 3.6246354e-16 0.92387953
vn 0.92387953 3.6246354e-16 0.38268343
vn 0.0000000e+0 1.00000000 0.0000000e+0
vn 0.92387953 3.6246354e-16 0.38268343
vn 0.38268343 3.6246354e-16 0.92387953
vn 0.38268343 3.6246354e-16 0.92387953
vn 0.92387953 3.6246354e-16 0.38268343
vn 0.92387953 3.6246354e-16 0.38268343
vn -0.92387953 -3.6246354e-16 -0.38268343
vn -0.92387953 -3.6246354e-16 -0.38268343
vn -0.38268343 -3.6246354e-16 -0.92387953
vn -0.38268343 -3.6246354e-16 -0.92387953
vn 0.0000000e+0 1.00000000 0.0000000e+0
vn -0.92387953 -3.6246354e-16 -0.38268343
vn -0.92387953 -3.6246354e-16 -0.38268343
vn 0.0000000e+0 1.00000000 0.0000000e+0
vn -0.38268343 -3.6246354e-16 -0.92387953
vn -0.38268343 -3.6246354e-16 -0.92387953
vn 0.0000000e+0 1.00000000 0.0000000e+0
vn 0.38268343 -3.6246354e-16 -0.92387953
vn 0.38268343 -3.6246354e-16 -0.92387953
vn 0.92387953 -3.6246354e-16 -0.38268343
vn 0.0000000e+0 1.00000000 0.0000000e+0
vn 0.92387953 -3.6246354e-16 -0.38268343
vn 0.38268343 -3.6246354e-16 -0.92387953
vn 0.38268343 -3.6246354e-16 -0.92387953
vn 0.92387953 -3.6246354e-16 -0.38268343
vn 0.92387953 -3.6246354e-16 -0.38268343
g cube2_Part1
usemtl Part1
f 187/765/532 202/871/577 201/981/574 200/1040/571 199/1050/568 198/1039/565 197/980/562 196/870/559 195/764/556 194/686/553 193/611/550 192/568/547 191/548/544 190/569/541 189/612/538 188/687/535
f 187/36/533 203/38/580 218/60/610 202/59/578
f 188/616/537 204/617/583 203/697/581 187/696/534
f 189/533/540 205/534/585 204/617/582 188/616/536
f 190/476/543 206/479/587 205/534/584 189/533/539
f 191/426/546 207/429/589 206/479/586 190/476/542
f 192/372/549 208/375/591 207/429/588 191/426/545
f 193/322/552 209/325/593 208/375/590 192/372/548
f 194/274/555 210/275/595 209/325/592 193/322/551
f 195/239/558 211/240/597 210/275/594 194/274/554
f 196/204/561 212/205/599 211/240/596 195/239/557
f 197/180/564 213/183/601 212/205/598 196/204/560
f 198/152/567 214/153/603 213/183/600 197/180/563
f 199/137/570 215/140/605 214/153/602 198/152/566
f 200/106/573 216/107/607 215/140/604 199/137/569
f 201/82/576 217/83/609 216/107/606 200/106/572
f 202/59/579 218/60/611 217/83/608 201/82/575
f 219/900/612 224/842/627 223/841/624 222/898/621 221/951/618 220/952/615
f 219/393/613 225/392/631 230/414/646 224/415/628
f 220/362/617 226/361/635 225/392/632 219/393/614
f 221/340/620 227/339/638 226/361/634 220/362/616
f 222/314/623 228/313/641 227/339/637 221/340/619
f 223/445/626 229/444/644 228/465/640 222/466/622
f 224/415/629 230/414/647 229/444/643 223/445/625
f 226/844/633 227/843/636 228/899/639 229/953/642 230/954/645 225/901/630
f 231/615/648 247/614/712 262/698/742 246/695/708
f 231/759/650 264/760/748 263/701/744 232/683/654
f 232/531/653 248/532/715 247/614/713 231/615/649
f 232/683/655 263/701/745 278/648/805 233/609/659
f 233/474/657 249/475/717 248/532/714 232/531/652
f 233/609/658 278/648/804 277/603/801 234/563/663
f 234/427/661 250/428/719 249/475/716 233/474/656
f 234/563/662 277/603/800 276/588/797 235/546/667
f 235/371/665 251/370/721 250/428/718 234/427/660
f 235/546/666 276/588/796 275/604/793 236/564/671
f 236/323/669 252/324/723 251/370/720 235/371/664
f 236/564/670 275/604/792 274/647/789 237/608/675
f 237/271/673 253/272/725 252/324/722 236/323/668
f 237/608/674 274/647/788 273/702/785 238/684/679
f 238/237/677 254/238/727 253/272/724 237/271/672
f 238/684/678 273/702/784 272/758/781 239/757/683
f 239/203/681 255/206/729 254/238/726 238/237/676
f 239/757/682 272/758/780 271/838/777 240/867/687
f 240/181/685 256/182/731 255/206/728 239/203/680
f 240/867/686 271/838/776 270/928/773 241/978/691
f 241/154/689 257/155/733 256/182/730 240/181/684
f 241/978/690 270/928/772 269/988/769 242/1033/695
f 242/138/693 258/139/735 257/155/732 241/154/688
f 242/1033/694 269/988/768 268/1013/765 243/1049/699
f 243/110/697 259/111/737 258/139/734 242/138/692
f 243/1049/698 268/1013/764 267/987/761 244/1032/703
f 244/84/701 260/85/739 259/111/736 243/110/696
f 244/1032/702 267/987/760 266/929/757 245/979/707
f 245/61/705 261/62/741 260/85/738 244/84/700
f 245/979/706 266/929/756 265/836/753 246/866/711
f 246/37/709 262/39/743 261/62/740 245/61/704
f 246/865/710 265/837/752 264/760/749 231/759/651
f 263/88/747 279/91/809 294/117/854 278/114/807
f 264/68/750 280/69/811 279/91/808 263/88/746
f 265/49/754 281/50/814 280/69/812 264/68/751
f 266/456/758 282/457/817 281/500/815 265/499/755
f 267/420/762 283/421/820 282/457/818 266/456/759
f 268/380/766 284/378/823 283/421/821 267/420/763
f 269/337/770 285/336/826 284/378/824 268/380/767
f 270/298/774 286/297/829 285/336/827 269/337/771
f 271/262/778 287/261/832 286/297/830 270/298/775
f 272/232/782 288/231/835 287/261/833 271/262/779
f 273/212/786 289/213/838 288/231/836 272/232/783
f 274/189/790 290/190/841 289/213/839 273/212/787
f 275/166/794 291/169/844 290/190/842 274/189/791
f 276/148/798 292/151/847 291/169/845 275/166/795
f 277/131/802 293/132/850 292/151/848 276/148/799
f 278/114/806 294/117/853 293/132/851 277/131/803
f 280/473/813 281/518/816 282/561/819 283/597/822 284/624/825 285/598/828 286/560/831 287/517/834 288/472/837 289/434/840 290/404/843 291/376/846 292/368/849 293/377/852 294/405/855 279/435/810
f 295/454/856 310/448/901 309/433/898 308/395/895 307/348/892 306/310/889 305/280/886 304/256/883 303/253/880 302/255/877 301/279/874 300/309/871 299/347/868 298/394/865 297/432/862 296/447/859
f 295/228/857 311/227/905 326/259/950 310/260/902
f 296/211/861 312/210/909 311/227/906 295/228/858
f 297/187/864 313/186/912 312/210/908 296/211/860
f 298/164/867 314/165/915 313/186/911 297/187/863
f 299/146/870 315/145/918 314/165/914 298/164/866
f 300/130/873 316/129/921 315/145/917 299/146/869
f 301/104/876 317/103/924 316/129/920 300/130/872
f 302/86/879 318/87/927 317/103/923 301/104/875
f 303/65/882 319/66/930 318/87/926 302/86/878
f 304/566/885 320/565/933 319/637/929 303/638/881
f 305/508/888 321/507/936 320/565/932 304/566/884
f 306/462/891 322/461/939 321/507/935 305/508/887
f 307/425/894 323/424/942 322/461/938 306/462/890
f 308/342/897 324/341/945 323/382/941 307/383/893
f 309/300/900 325/299/948 324/341/944 308/342/896
f 310/260/903 326/259/951 325/299/947 309/300/899
f 312/579/907 313/626/910 314/676/913 315/735/916 316/810/919 317/903/922 318/971/925 319/984/928 320/970/931 321/902/934 322/811/937 323/734/940 324/675/943 325/627/946 326/580/949 311/567/904
f 327/454/952 342/448/997 341/433/994 340/395/991 339/348/988 338/310/985 337/280/982 336/256/979 335/253/976 334/255/973 333/279/970 332/309/967 331/347/964 330/394/961 329/432/958 328/447/955
f 327/228/953 343/227/1001 358/259/1046 342/260/998
f 328/211/957 344/210/1005 343/227/1002 327/228/954
f 329/187/960 345/186/1008 344/210/1004 328/211/956
f 330/164/963 346/165/1011 345/186/1007 329/187/959
f 331/146/966 347/145/1014 346/165/1010 330/164/962
f 332/130/969 348/129/1017 347/145/1013 331/146/965
f 333/104/972 349/103/1020 348/129/1016 332/130/968
f 334/86/975 350/87/1023 349/103/1019 333/104/971
f 335/65/978 351/66/1026 350/87/1022 334/86/974
f 336/566/981 352/565/1029 351/637/1025 335/638/977
f 337/508/984 353/507/1032 352/565/1028 336/566/980
f 338/462/987 354/461/1035 353/507/1031 337/508/983
f 339/425/990 355/424/1038 354/461/1034 338/462/986
f 340/342/993 356/341/1041 355/382/1037 339/383/989
f 341/300/996 357/299/1044 356/341/1040 340/342/992
f 342/260/999 358/259/1047 357/299/1043 341/300/995
f 344/579/1003 345/626/1006 346/676/1009 347/735/1012 348/810/1015 349/903/1018 350/971/1021 351/984/1024 352/970/1027 353/902/1030 354/811/1033 355/734/1036 356/675/1039 357/627/1042 358/580/1045 343/567/1000
f 359/199/1049 360/172/1053 374/173/1109 373/198/1105
f 359/294/1050 388/293/1164 387/321/1162 360/334/1055
f 360/172/1052 361/159/1057 375/158/1113 374/173/1108
f 360/334/1054 387/321/1161 400/344/1200 361/367/1058
f 361/159/1056 362/142/1061 376/143/1117 375/158/1112
f 361/367/1059 400/344/1201 399/354/1198 362/389/1063
f 362/142/1060 363/123/1065 377/122/1121 376/143/1116
f 362/389/1062 399/354/1197 398/353/1194 363/388/1066
f 363/123/1064 364/98/1069 378/97/1125 377/122/1120
f 363/388/1067 398/353/1195 397/343/1192 364/363/1071
f 364/98/1068 365/76/1073 379/77/1129 378/97/1124
f 364/363/1070 397/343/1191 396/319/1189 365/331/1075
f 365/76/1072 366/56/1077 380/55/1133 379/77/1128
f 365/331/1074 396/319/1188 395/291/1185 366/290/1078
f 366/443/1076 367/400/1081 381/399/1137 380/442/1132
f 366/290/1079 395/291/1186 394/266/1183 367/254/1083
f 367/400/1080 368/350/1085 382/351/1141 381/399/1136
f 367/254/1082 394/266/1182 393/251/1179 368/233/1086
f 368/350/1084 369/316/1089 383/315/1145 382/351/1140
f 368/233/1087 393/251/1180 392/243/1177 369/222/1091
f 369/316/1088 370/278/1093 384/277/1149 383/315/1144
f 369/222/1090 392/243/1176 391/244/1173 370/223/1094
f 370/278/1092 371/248/1097 385/247/1153 384/277/1148
f 370/223/1095 391/244/1174 390/252/1171 371/236/1099
f 371/248/1096 372/221/1101 386/220/1157 385/247/1152
f 371/236/1098 390/252/1170 389/267/1167 372/257/1102
f 372/257/1103 389/267/1168 388/293/1165 359/294/1051
f 373/198/1104 386/220/1156 372/221/1100 359/199/1048
f 373/488/1106 401/487/1203 414/519/1242 386/537/1158
f 374/446/1110 402/455/1206 401/487/1204 373/488/1107
f 375/412/1114 403/436/1209 402/455/1207 374/446/1111
f 376/398/1118 404/422/1212 403/436/1210 375/412/1115
f 377/401/1122 405/423/1215 404/422/1213 376/398/1119
f 378/413/1126 406/441/1218 405/423/1216 377/401/1123
f 379/449/1130 407/460/1221 406/441/1219 378/413/1127
f 380/489/1134 408/490/1224 407/460/1222 379/449/1131
f 381/542/1138 409/522/1227 408/490/1225 380/489/1135
f 382/595/1142 410/562/1230 409/522/1228 381/542/1139
f 383/635/1146 411/584/1233 410/562/1231 382/595/1143
f 384/634/1150 412/583/1236 411/584/1234 383/635/1147
f 385/593/1154 413/559/1239 412/583/1237 384/634/1151
f 386/537/1159 414/519/1243 413/559/1240 385/593/1155
f 388/1025/1163 389/964/1166 390/897/1169 391/858/1172 392/857/1175 393/895/1178 394/965/1181 395/1027/1184 396/1068/1187 397/1094/1190 398/1103/1193 399/1104/1196 400/1092/1199 387/1069/1160
f 402/966/1205 403/896/1208 404/856/1211 405/855/1214 406/894/1217 407/967/1220 408/1026/1223 409/1070/1226 410/1093/1229 411/1101/1232 412/1102/1235 413/1095/1238 414/1071/1241 401/1028/1202
f 415/199/1245 416/172/1249 430/173/1305 429/198/1301
f 415/294/1246 444/293/1360 443/321/1358 416/334/1251
f 416/172/1248 417/159/1253 431/158/1309 430/173/1304
f 416/334/1250 443/321/1357 456/344/1396 417/367/1254
f 417/159/1252 418/142/1257 432/143/1313 431/158/1308
f 417/367/1255 456/344/1397 455/354/1394 418/389/1259
f 418/142/1256 419/123/1261 433/122/1317 432/143/1312
f 418/389/1258 455/354/1393 454/353/1390 419/388/1262
f 419/123/1260 420/98/1265 434/97/1321 433/122/1316
f 419/388/1263 454/353/1391 453/343/1388 420/363/1267
f 420/98/1264 421/76/1269 435/77/1325 434/97/1320
f 420/363/1266 453/343/1387 452/319/1385 421/331/1271
f 421/76/1268 422/56/1273 436/55/1329 435/77/1324
f 421/331/1270 452/319/1384 451/291/1381 422/290/1274
f 422/443/1272 423/400/1277 437/399/1333 436/442/1328
f 422/290/1275 451/291/1382 450/266/1379 423/254/1279
f 423/400/1276 424/350/1281 438/351/1337 437/399/1332
f 423/254/1278 450/266/1378 449/251/1375 424/233/1282
f 424/350/1280 425/316/1285 439/315/1341 438/351/1336
f 424/233/1283 449/251/1376 448/243/1373 425/222/1287
f 425/316/1284 426/278/1289 440/277/1345 439/315/1340
f 425/222/1286 448/243/1372 447/244/1369 426/223/1290
f 426/278/1288 427/248/1293 441/247/1349 440/277/1344
f 426/223/1291 447/244/1370 446/252/1367 427/236/1295
f 427/248/1292 428/221/1297 442/220/1353 441/247/1348
f 427/236/1294 446/252/1366 445/267/1363 428/257/1298
f 428/257/1299 445/267/1364 444/293/1361 415/294/1247
f 429/198/1300 442/220/1352 428/221/1296 415/199/1244
f 429/488/1302 457/487/1399 470/519/1438 442/537/1354
f 430/446/1306 458/455/1402 457/487/1400 429/488/1303
f 431/412/1310 459/436/1405 458/455/1403 430/446/1307
f 432/398/1314 460/422/1408 459/436/1406 431/412/1311
f 433/401/1318 461/423/1411 460/422/1409 432/398/1315
f 434/413/1322 462/441/1414 461/423/1412 433/401/1319
f 435/449/1326 463/460/1417 462/441/1415 434/413/1323
f 436/489/1330 464/490/1420 463/460/1418 435/449/1327
f 437/542/1334 465/522/1423 464/490/1421 436/489/1331
f 438/595/1338 466/562/1426 465/522/1424 437/542/1335
f 439/635/1342 467/584/1429 466/562/1427 438/595/1339
f 440/634/1346 468/583/1432 467/584/1430 439/635/1343
f 441/593/1350 469/559/1435 468/583/1433 440/634/1347
f 442/537/1355 470/519/1439 469/559/1436 441/593/1351
f 444/1025/1359 445/964/1362 446/897/1365 447/858/1368 448/857/1371 449/895/1374 450/965/1377 451/1027/1380 452/1068/1383 453/1094/1386 454/1103/1389 455/1104/1392 456/1092/1395 443/1069/1356
f 458/966/1401 459/896/1404 460/856/1407 461/855/1410 462/894/1413 463/967/1416 464/1026/1419 465/1070/1422 466/1093/1425 467/1101/1428 468/1102/1431 469/1095/1434 470/1071/1437 457/1028/1398
f 471/34/1440 487/35/1504 502/58/1534 486/57/1500
f 471/768/1442 504/767/1540 503/704/1536 472/688/1446
f 472/619/1445 488/618/1507 487/700/1505 471/699/1441
f 472/688/1447 503/704/1537 518/650/1597 473/613/1451
f 473/536/1449 489/535/1509 488/618/1506 472/619/1444
f 473/613/1450 518/650/1596 517/605/1593 474/571/1455
f 474/478/1453 490/477/1511 489/535/1508 473/536/1448
f 474/571/1454 517/605/1592 516/594/1589 475/547/1459
f 475/431/1457 491/430/1513 490/477/1510 474/478/1452
f 475/547/1458 516/594/1588 515/606/1585 476/570/1463
f 476/374/1461 492/373/1515 491/430/1512 475/431/1456
f 476/570/1462 515/606/1584 514/649/1581 477/610/1467
f 477/327/1465 493/326/1517 492/373/1514 476/374/1460
f 477/610/1466 514/649/1580 513/703/1577 478/685/1471
f 478/276/1469 494/273/1519 493/326/1516 477/327/1464
f 478/685/1470 513/703/1576 512/763/1573 479/762/1475
f 479/242/1473 495/241/1521 494/273/1518 478/276/1468
f 479/762/1474 512/763/1572 511/847/1569 480/869/1479
f 480/207/1477 496/208/1523 495/241/1520 479/242/1472
f 480/869/1478 511/847/1568 510/935/1565 481/982/1483
f 481/179/1481 497/178/1525 496/208/1522 480/207/1476
f 481/982/1482 510/935/1564 509/997/1561 482/1038/1487
f 482/157/1485 498/156/1527 497/178/1524 481/179/1480
f 482/1038/1486 509/997/1560 508/1014/1557 483/1051/1491
f 483/135/1489 499/136/1529 498/156/1526 482/157/1484
f 483/1051/1490 508/1014/1556 507/998/1553 484/1041/1495
f 484/108/1493 500/109/1531 499/136/1528 483/135/1488
f 484/1041/1494 507/998/1552 506/934/1549 485/983/1499
f 485/80/1497 501/81/1533 500/109/1530 484/108/1492
f 485/983/1498 506/934/1548 505/848/1545 486/872/1503
f 486/57/1501 502/58/1535 501/81/1532 485/80/1496
f 486/872/1502 505/848/1544 504/766/1541 471/769/1443
f 503/70/1539 519/71/1601 534/90/1661 518/89/1599
f 504/48/1542 520/51/1604 519/71/1600 503/70/1538
f 505/459/1546 521/458/1608 520/497/1605 504/498/1543
f 506/419/1550 522/418/1612 521/458/1609 505/459/1547
f 507/381/1554 523/379/1616 522/418/1613 506/419/1551
f 508/338/1558 524/335/1620 523/379/1617 507/381/1555
f 509/296/1562 525/295/1624 524/335/1621 508/338/1559
f 510/264/1566 526/263/1628 525/295/1625 509/296/1563
f 511/230/1570 527/229/1632 526/263/1629 510/264/1567
f 512/214/1574 528/215/1636 527/229/1633 511/230/1571
f 513/191/1578 529/192/1640 528/215/1637 512/214/1575
f 514/167/1582 530/168/1644 529/192/1641 513/191/1579
f 515/149/1586 531/150/1648 530/168/1645 514/167/1583
f 516/133/1590 532/134/1652 531/150/1649 515/149/1587
f 517/115/1594 533/116/1656 532/134/1653 516/133/1591
f 518/89/1598 534/90/1660 533/116/1657 517/115/1595
f 519/74/1603 535/96/1666 550/99/1711 534/79/1663
f 520/73/1606 536/94/1668 535/96/1665 519/74/1602
f 521/320/1610 537/284/1671 536/288/1669 520/330/1607
f 522/308/1614 538/270/1674 537/284/1672 521/320/1611
f 523/289/1618 539/258/1677 538/270/1675 522/308/1615
f 524/265/1622 540/246/1680 539/258/1678 523/289/1619
f 525/245/1626 541/224/1683 540/246/1681 524/265/1623
f 526/218/1630 542/216/1686 541/224/1684 525/245/1627
f 527/200/1634 543/196/1689 542/216/1687 526/218/1631
f 528/174/1638 544/175/1692 543/196/1690 527/200/1635
f 529/160/1642 545/161/1695 544/175/1693 528/174/1639
f 530/144/1646 546/147/1698 545/161/1696 529/160/1643
f 531/127/1650 547/141/1701 546/147/1699 530/144/1647
f 532/102/1654 548/124/1704 547/141/1702 531/127/1651
f 533/93/1658 549/113/1707 548/124/1705 532/102/1655
f 534/79/1662 550/99/1710 549/113/1708 533/93/1659
f 536/631/1667 537/674/1670 538/714/1673 539/745/1676 540/750/1679 541/744/1682 542/715/1685 543/673/1688 544/630/1691 545/575/1694 546/527/1697 547/506/1700 548/496/1703 549/505/1706 550/528/1709 535/574/1664
f 551/1107/1712 560/1098/1739 559/1064/1736 558/995/1733 557/888/1730 556/851/1727 555/889/1724 554/996/1721 553/1065/1718 552/1097/1715
f 551/453/1713 561/452/1742 570/503/1778 560/504/1740
f 552/411/1717 562/410/1747 561/452/1743 551/453/1714
f 553/356/1720 563/355/1751 562/410/1746 552/411/1716
f 554/312/1723 564/311/1755 563/355/1750 553/356/1719
f 555/269/1726 565/268/1759 564/311/1754 554/312/1722
f 556/235/1729 566/234/1763 565/268/1758 555/269/1725
f 557/719/1732 567/718/1767 566/806/1762 556/807/1728
f 558/655/1735 568/654/1771 567/718/1766 557/719/1731
f 559/573/1738 569/572/1775 568/654/1770 558/655/1734
f 560/504/1741 570/503/1779 569/572/1774 559/573/1737
f 561/651/1745 571/668/1783 580/691/1819 570/664/1781
f 562/665/1748 572/692/1786 571/668/1782 561/651/1744
f 563/726/1752 573/732/1790 572/692/1787 562/665/1749
f 564/815/1756 574/803/1794 573/732/1791 563/726/1753
f 565/913/1760 575/873/1798 574/803/1795 564/815/1757
f 566/945/1764 576/906/1802 575/873/1799 565/913/1761
f 567/914/1768 577/874/1806 576/905/1803 566/944/1765
f 568/814/1772 578/802/1810 577/874/1807 567/914/1769
f 569/727/1776 579/733/1814 578/802/1811 568/814/1773
f 570/664/1780 580/691/1818 579/733/1815 569/727/1777
f 571/471/1785 581/470/1823 590/511/1859 580/512/1821
f 572/438/1788 582/437/1826 581/470/1822 571/471/1784
f 573/402/1792 583/403/1830 582/437/1827 572/438/1789
f 574/358/1796 584/357/1834 583/403/1831 573/402/1793
f 575/328/1800 585/329/1838 584/357/1835 574/358/1797
f 576/287/1804 586/286/1842 585/329/1839 575/328/1801
f 577/682/1808 587/681/1846 586/730/1843 576/731/1805
f 578/629/1812 588/628/1850 587/681/1847 577/682/1809
f 579/558/1816 589/557/1854 588/628/1851 578/629/1813
f 580/512/1820 590/511/1858 589/557/1855 579/558/1817
f 581/1031/1825 591/1030/1863 600/1054/1899 590/1079/1861
f 582/950/1828 592/1008/1866 591/1030/1862 581/1031/1824
f 583/887/1832 593/975/1870 592/1008/1867 582/950/1829
f 584/852/1836 594/955/1874 593/975/1871 583/887/1833
f 585/868/1840 595/973/1878 594/955/1875 584/852/1837
f 586/926/1844 596/999/1882 595/973/1879 585/868/1841
f 587/1105/1848 597/1076/1886 596/1059/1883 586/1087/1845
f 588/1106/1852 598/1078/1890 597/1076/1887 587/1105/1849
f 589/1096/1856 599/1067/1894 598/1078/1891 588/1106/1853
f 590/1079/1860 600/1054/1898 599/1067/1895 589/1096/1857
f 591/366/1865 601/365/1904 610/386/1931 600/387/1901
f 592/346/1868 602/345/1906 601/365/1903 591/366/1864
f 593/333/1872 603/332/1909 602/345/1907 592/346/1869
f 594/318/1876 604/317/1912 603/332/1910 593/333/1873
f 595/303/1880 605/302/1915 604/317/1913 594/318/1877
f 596/283/1884 606/282/1918 605/302/1916 595/303/1881
f 597/440/1888 607/439/1921 606/450/1919 596/451/1885
f 598/417/1892 608/416/1924 607/439/1922 597/440/1889
f 599/407/1896 609/406/1927 608/416/1925 598/417/1893
f 600/387/1900 610/386/1930 609/406/1928 599/407/1897
f 602/549/1905 603/577/1908 604/599/1911 605/632/1914 606/636/1917 607/633/1920 608/600/1923 609/578/1926 610/550/1929 601/543/1902
f 611/509/1932 614/551/1939 613/552/1936 612/510/1934
f 611/520/1933 615/521/1942 618/486/1950 614/485/1941
f 613/501/1938 617/502/1947 616/469/1944 612/468/1935
f 614/396/1940 618/495/1949 617/494/1946 613/397/1937
f 616/582/1945 617/530/1948 618/529/1951 615/581/1943
f 619/509/1952 622/551/1959 621/552/1956 620/510/1954
f 619/520/1953 623/521/1962 626/486/1970 622/485/1961
f 621/501/1958 625/502/1967 624/469/1964 620/468/1955
f 622/396/1960 626/495/1969 625/494/1966 621/397/1957
f 624/582/1965 625/530/1968 626/529/1971 623/581/1963
f 627/509/1972 630/551/1979 629/552/1976 628/510/1974
f 627/520/1973 631/521/1982 634/486/1990 630/485/1981
f 629/501/1978 633/502/1987 632/469/1984 628/468/1975
f 630/396/1980 634/495/1989 633/494/1986 629/397/1977
f 632/582/1985 633/530/1988 634/529/1991 631/581/1983
f 635/1045/1992 638/1042/1999 637/908/1996 636/907/1994
f 635/544/1993 639/656/2002 642/657/2010 638/545/2001
f 637/653/1998 641/539/2007 640/538/2004 636/652/1995
f 638/641/2000 642/642/2009 641/541/2006 637/540/1997
f 640/1043/2005 641/1044/2008 642/910/2011 639/909/2003
f 643/1045/2012 646/1042/2019 645/908/2016 644/907/2014
f 643/544/2013 647/656/2022 650/657/2030 646/545/2021
f 645/653/2018 649/539/2027 648/538/2024 644/652/2015
f 646/641/2020 650/642/2029 649/541/2026 645/540/2017
f 648/1043/2025 649/1044/2028 650/910/2031 647/909/2023
f 651/1045/2032 654/1042/2039 653/908/2036 652/907/2034
f 651/544/2033 655/656/2042 658/657/2050 654/545/2041
f 653/653/2038 657/539/2047 656/538/2044 652/652/2035
f 654/641/2040 658/642/2049 657/541/2046 653/540/2037
f 656/1043/2045 657/1044/2048 658/910/2051 655/909/2043
f 659/900/2052 664/842/2067 663/841/2064 662/898/2061 661/951/2058 660/952/2055
f 659/393/2053 665/392/2071 670/414/2086 664/415/2068
f 660/362/2057 666/361/2075 665/392/2072 659/393/2054
f 661/340/2060 667/339/2078 666/361/2074 660/362/2056
f 662/314/2063 668/313/2081 667/339/2077 661/340/2059
f 663/445/2066 669/444/2084 668/465/2080 662/466/2062
f 664/415/2069 670/414/2087 669/444/2083 663/445/2065
f 666/844/2073 667/843/2076 668/899/2079 669/953/2082 670/954/2085 665/901/2070
f 671/900/2088 676/842/2103 675/841/2100 674/898/2097 673/951/2094 672/952/2091
f 671/393/2089 677/392/2107 682/414/2122 676/415/2104
f 672/362/2093 678/361/2111 677/392/2108 671/393/2090
f 673/340/2096 679/339/2114 678/361/2110 672/362/2092
f 674/314/2099 680/313/2117 679/339/2113 673/340/2095
f 675/445/2102 681/444/2120 680/465/2116 674/466/2098
f 676/415/2105 682/414/2123 681/444/2119 675/445/2101
f 678/844/2109 679/843/2112 680/899/2115 681/953/2118 682/954/2121 677/901/2106
f 683/1072/2125 708/833/55 714/832/61 686/1077/2131
f 684/1083/2126 710/862/57 708/879/55 683/1086/2124
f 685/1082/2128 712/845/59 710/862/57 684/1083/2127
f 686/1077/2130 714/832/61 712/845/59 685/1082/2129
f 687/33/2132 732/42/79 734/32/81 688/30/2134
f 688/30/2135 734/32/81 736/31/83 689/24/2136
f 689/24/2137 736/31/83 738/29/85 690/23/2138
f 690/23/2139 738/29/85 732/26/79 687/22/2133
f 691/493/38 693/492/40 701/390/48 699/391/46
f 691/467/38 697/484/44 698/585/45 692/576/39
f 692/625/39 694/607/41 693/492/40 691/493/38
f 692/625/39 707/834/54 709/822/56 694/607/41
f 693/492/40 695/491/42 703/369/50 701/390/48
f 694/607/41 696/596/43 695/491/42 693/492/40
f 694/607/41 709/822/56 711/823/58 696/596/43
f 695/491/42 697/484/44 705/364/52 703/369/50
f 696/596/43 698/585/45 697/484/44 695/491/42
f 696/596/43 711/823/58 713/808/60 698/585/45
f 698/585/45 713/808/60 707/788/54 692/576/39
f 699/391/46 701/390/48 702/301/49 700/305/47
f 699/359/46 705/364/52 697/484/44 691/467/38
f 700/305/47 702/301/49 718/197/65 716/201/63
f 700/281/47 706/285/53 705/364/52 699/359/46
f 701/390/48 703/369/50 704/292/51 702/301/49
f 702/301/49 704/292/51 720/195/67 718/197/65
f 703/369/50 705/364/52 706/285/53 704/292/51
f 704/292/51 706/285/53 722/194/69 720/195/67
f 707/788/54 713/808/60 714/832/61 708/833/55
f 708/879/55 710/862/57 709/822/56 707/834/54
f 710/862/57 712/845/59 711/823/58 709/822/56
f 712/845/59 714/832/61 713/808/60 711/823/58
f 715/185/62 717/188/64 725/128/72 723/126/70
f 715/176/62 721/177/68 722/194/69 716/193/63
f 716/201/63 718/197/65 717/188/64 715/185/62
f 716/193/63 722/194/69 706/285/53 700/281/47
f 717/188/64 719/184/66 727/125/74 725/128/72
f 718/197/65 720/195/67 719/184/66 717/188/64
f 719/184/66 721/177/68 729/120/76 727/125/74
f 720/195/67 722/194/69 721/177/68 719/184/66
f 723/126/70 725/128/72 726/118/73 724/121/71
f 723/119/70 729/120/76 721/177/68 715/176/62
f 724/121/71 726/118/73 733/45/80 731/47/78
f 724/101/71 730/105/77 729/120/76 723/119/70
f 725/128/72 727/125/74 728/112/75 726/118/73
f 726/118/73 728/112/75 735/43/82 733/45/80
f 727/125/74 729/120/76 730/105/77 728/112/75
f 728/112/75 730/105/77 737/44/84 735/43/82
f 731/47/78 733/45/80 734/32/81 732/42/79
f 731/40/78 737/44/84 730/105/77 724/101/71
f 732/26/79 738/29/85 737/44/84 731/40/78
f 733/45/80 735/43/82 736/31/83 734/32/81
f 735/43/82 737/44/84 738/29/85 736/31/83
g cube2_Part2
usemtl Part2
f 1/8/86 37/1116/122 36/1119/119 35/1118/116 48/1117/137 54/63/35 55/21/36 56/17/37 47/7/133
f 3/10/91 5/11/2 12/663/5 10/662/97
f 4/360/1 18/680/9 19/666/10 5/349/2
f 5/349/2 3/306/92 2/307/90 4/360/1
f 5/11/2 19/1/10 24/793/15 12/663/5
f 6/1125/3 8/1124/94 9/1122/96 7/1123/4
f 6/352/3 21/667/12 18/680/9 4/360/1
f 7/1123/4 9/1122/95 17/217/103 15/219/8
f 7/1123/4 20/1126/11 21/1128/12 6/1125/3
f 8/304/93 6/352/3 4/360/1 2/307/89
f 11/78/99 13/75/6 14/202/7 16/209/101
f 12/67/5 24/46/15 25/52/16 13/75/6
f 13/75/6 11/78/100 10/72/98 12/67/5
f 13/75/6 25/52/16 22/163/13 14/202/7
f 14/202/7 22/163/13 23/171/14 15/219/8
f 15/219/8 17/217/104 16/209/102 14/202/7
f 15/219/8 23/171/14 20/1126/11 7/1123/4
f 18/680/9 26/1109/17 27/1108/18 19/666/10
f 19/1/10 27/2/18 32/794/20 24/793/15
f 20/1126/11 28/1127/109 29/1129/19 21/1128/12
f 21/667/12 29/1110/19 26/1109/17 18/680/9
f 22/163/13 30/162/112 31/170/115 23/171/14
f 23/171/14 31/170/114 28/1127/106 20/1126/11
f 24/46/15 32/25/20 34/41/22 25/52/16
f 25/52/16 34/41/22 38/95/125 39/100/130 30/162/111 22/163/13
f 26/1109/17 36/1112/121 37/1111/124 27/1108/18
f 27/2/18 37/3/123 1/819/88 33/818/21 32/794/20
f 28/1114/105 31/13/113 30/6/110 39/5/129 50/14/31 51/18/32 40/64/23
f 29/1110/19 35/1113/117 36/1112/120 26/1109/17
f 34/41/22 32/25/20 33/28/21
f 38/4/128 52/9/33 39/5/131
f 40/64/23 41/53/24 44/54/27 49/1115/30 28/1114/107
f 41/53/24 40/64/23 51/18/32 43/19/26
f 41/53/24 43/19/26 45/20/28 44/54/27
f 42/15/25 52/9/33 53/12/34 46/16/29
f 43/19/26 51/18/32 50/14/31 42/15/25
f 44/54/27 54/63/35 48/1117/139 49/1115/30
f 45/20/28 55/21/36 54/63/35 44/54/27
f 46/16/29 45/20/28 43/19/26 42/15/25
f 46/16/29 56/17/37 55/21/36 45/20/28
f 47/92/134 38/95/126 34/41/22 33/28/21 1/27/87
f 47/7/135 53/12/34 52/9/33 38/4/127
f 47/7/136 56/17/37 46/16/29 53/12/34
f 49/1115/30 48/1117/138 35/1120/118 29/1121/19 28/1114/108
f 50/14/31 39/5/132 52/9/33 42/15/25
f 57/1007/140 64/994/161 63/959/158 62/933/155 61/919/152 60/932/149 59/958/146 58/993/143
f 57/659/141 65/658/165 72/678/186 64/679/162
f 58/798/145 66/797/169 65/825/166 57/824/142
f 59/778/148 67/779/172 66/797/168 58/798/144
f 60/748/151 68/749/175 67/779/171 59/778/147
f 61/729/154 69/728/178 68/749/174 60/748/150
f 62/712/157 70/713/181 69/728/177 61/729/153
f 63/693/160 71/694/184 70/713/180 62/712/156
f 64/679/163 72/678/187 71/694/183 63/693/159
f 66/892/167 67/920/170 68/946/173 69/972/176 70/947/179 71/921/182 72/893/185 65/880/164
f 73/977/188 80/925/209 79/904/206 78/924/203 77/976/200 76/1021/197 75/1029/194 74/1022/191
f 73/781/189 81/780/213 88/820/234 80/821/210
f 74/737/193 82/736/217 81/780/214 73/781/190
f 75/708/196 83/707/220 82/736/216 74/737/192
f 76/672/199 84/671/223 83/707/219 75/708/195
f 77/646/202 85/645/226 84/671/222 76/672/198
f 78/937/205 86/936/229 85/989/225 77/990/201
f 79/878/208 87/877/232 86/936/228 78/937/204
f 80/821/211 88/820/235 87/877/231 79/878/207
f 82/992/215 83/974/218 84/991/221 85/1023/224 86/1055/227 87/1066/230 88/1056/233 81/1024/212
f 89/249/237 91/250/242 92/226/245 90/225/239
f 90/804/238 92/805/244 99/463/261 97/464/256
f 93/961/247 94/1010/250 102/1009/270 101/960/266 100/660/263 99/639/260 92/640/243 91/661/241
f 94/408/249 96/409/254 104/706/274 102/705/269
f 95/385/252 93/384/246 91/250/240 89/249/236
f 96/409/255 94/408/251 93/384/248 95/385/253
f 98/1073/258 100/1074/264 101/772/267 103/771/272
f 100/1074/265 98/1073/259 97/1090/257 99/1091/262
f 102/705/271 104/706/275 103/738/273 101/739/268
f 105/717/276 112/690/297 111/677/294 110/689/291 109/716/288 108/746/285 107/770/282 106/747/279
f 105/1005/277 113/1004/301 120/1034/322 112/1035/298
f 106/943/281 114/942/305 113/1004/302 105/1005/278
f 107/885/284 115/886/308 114/942/304 106/943/280
f 108/831/287 116/830/311 115/886/307 107/885/283
f 109/790/290 117/789/314 116/830/310 108/831/286
f 110/1084/293 118/1085/317 117/1099/313 109/1100/289
f 111/1061/296 119/1060/320 118/1085/316 110/1084/292
f 112/1035/299 120/1034/323 119/1060/319 111/1061/295
f 114/722/303 115/711/306 116/723/309 117/761/312 118/796/315 119/809/318 120/795/321 113/756/300
f 121/555/324 130/526/351 129/514/348 128/513/345 127/525/342 126/554/339 125/591/336 124/620/333 123/621/330 122/592/327
f 121/783/325 131/782/355 140/826/382 130/827/352
f 122/741/329 132/740/359 131/782/356 121/783/326
f 123/710/332 133/709/362 132/740/358 122/741/328
f 124/670/335 134/669/365 133/709/361 123/710/331
f 125/644/338 135/643/368 134/669/364 124/670/334
f 126/602/341 136/601/371 135/643/367 125/644/337
f 127/1002/344 137/1003/374 136/1036/370 126/1037/340
f 128/939/347 138/938/377 137/1003/373 127/1002/343
f 129/882/350 139/881/380 138/938/376 128/939/346
f 130/827/353 140/826/383 139/881/379 129/882/349
f 132/524/357 133/516/360 134/515/363 135/523/366 136/553/369 137/589/372 138/622/375 139/623/378 140/590/381 131/556/354
f 141/1015/384 144/1052/392 143/1053/389 142/1016/386
f 142/1089/388 146/725/398 145/724/395 141/1088/385
f 143/1000/391 147/1001/400 146/923/396 142/922/387
f 144/586/393 148/962/402 147/963/399 143/587/390
f 146/1047/397 147/986/401 148/985/403 145/1046/394
f 149/890/404 152/968/412 151/969/409 150/891/406
f 150/754/408 154/480/418 153/481/415 149/752/405
f 151/1020/411 155/1019/420 154/948/416 150/949/407
f 152/482/413 156/753/422 155/755/419 151/483/410
f 154/931/417 155/860/421 156/859/423 153/930/414
f 157/846/424 164/853/445 163/883/442 162/917/439 161/927/436 160/918/433 159/884/430 158/854/427
f 157/721/425 165/720/448 172/742/477 164/743/446
f 158/912/429 166/911/453 165/940/449 157/941/426
f 159/876/432 167/875/457 166/911/452 158/912/428
f 160/850/435 168/849/462 167/875/456 159/876/431
f 161/813/438 169/812/466 168/849/461 160/850/434
f 162/792/441 170/791/470 169/812/465 161/813/437
f 163/774/444 171/773/474 170/791/469 162/792/440
f 164/743/447 172/742/478 171/773/473 163/774/443
f 165/777/451 173/751/482 179/775/508 172/784/480
f 166/785/454 174/776/485 173/751/481 165/777/450
f 167/801/460 174/776/488 166/785/455
f 167/801/458 175/840/490 174/776/486
f 168/829/463 175/840/491 167/801/459
f 169/835/467 176/861/495 175/840/492 168/829/464
f 170/828/471 177/839/499 176/861/496 169/835/468
f 171/799/475 178/800/503 177/839/500 170/828/472
f 172/784/479 179/775/507 178/800/504 171/799/476
f 173/787/484 180/786/513 186/816/531 179/817/510
f 174/1058/489 175/1012/494 182/1011/519 181/1057/516
f 174/1058/487 181/1057/515 180/1080/512 173/1081/483
f 176/957/497 183/956/521 182/1011/518 175/1012/493
f 177/916/501 184/915/524 183/956/522 176/957/498
f 178/864/505 185/863/527 184/915/525 177/916/502
f 179/817/509 186/816/530 185/863/528 178/864/506
f 181/1063/514 182/1018/517 183/1006/520 184/1017/523 185/1048/526 186/1062/529 180/1075/511
f 739/890/2140 742/968/2148 741/969/2145 740/891/2142
f 740/754/2144 744/480/2154 743/481/2151 739/752/2141
f 741/1020/2147 745/1019/2156 744/948/2152 740/949/2143
f 742/482/2149 746/753/2158 745/755/2155 741/483/2146
f 744/931/2153 745/860/2157 746/859/2159 743/930/2150
f 747/1015/2160 750/1052/2168 749/1053/2165 748/1016/2162
f 748/1089/2164 752/725/2174 751/724/2171 747/1088/2161
f 749/1000/2167 753/1001/2176 752/923/2172 748/922/2163
f 750/586/2169 754/962/2178 753/963/2175 749/587/2166
f 752/1047/2173 753/986/2177 754/985/2179 751/1046/2170
f 755/249/2181 757/250/2186 758/226/2189 756/225/2183
f 756/804/2182 758/805/2188 765/463/2205 763/464/2200
f 759/961/2191 760/1010/2194 768/1009/2214 767/960/2210 766/660/2207 765/639/2204 758/640/2187 757/661/2185
f 760/408/2193 762/409/2198 770/706/2218 768/705/2213
f 761/385/2196 759/384/2190 757/250/2184 755/249/2180
f 762/409/2199 760/408/2195 759/384/2192 761/385/2197
f 764/1073/2202 766/1074/2208 767/772/2211 769/771/2216
f 766/1074/2209 764/1073/2203 763/1090/2201 765/1091/2206
f 768/705/2215 770/706/2219 769/738/2217 767/739/2212
f 771/249/2221 773/250/2226 774/226/2229 772/225/2223
f 772/804/2222 774/805/2228 781/463/2245 779/464/2240
f 775/961/2231 776/1010/2234 784/1009/2254 783/960/2250 782/660/2247 781/639/2244 774/640/2227 773/661/2225
f 776/408/2233 778/409/2238 786/706/2258 784/705/2253
f 777/385/2236 775/384/2230 773/250/2224 771/249/2220
f 778/409/2239 776/408/2235 775/384/2232 777/385/2237
f 780/1073/2242 782/1074/2248 783/772/2251 785/771/2256
f 782/1074/2249 780/1073/2243 779/1090/2241 781/1091/2246
f 784/705/2255 786/706/2259 785/738/2257 783/739/2252
