# Exported from Wings 3D 1.0.2
mtllib EnginePart1.mtl
o cube2
#594 vertices, 447 faces
v -0.99426000 4.09461600 -2.04844800
v -0.87445200 -0.14709600 1.36200000
v -0.99426000 -0.14709600 1.24219200
v -0.87445200 0.14709600 1.36200000
v -0.99426000 0.14709600 1.24219200
v 0.87445200 0.14709600 1.36200000
v 0.99426000 0.14709600 1.24219200
v 0.87445200 -0.14709600 1.36200000
v 0.99426000 -0.14709600 1.24219200
v -0.99426000 -0.14709600 -1.24219200
v -0.87445200 -0.14709600 -1.36200000
v -0.99426000 0.14709600 -1.24219200
v -0.87445200 0.14709600 -1.36200000
v 0.87445200 0.14709600 -1.36200000
v 0.99426000 0.14709600 -1.24219200
v 0.87445200 -0.14709600 -1.36200000
v 0.99426000 -0.14709600 -1.24219200
v -0.87445200 1.30524000 2.04844800
v -0.99426000 1.30524000 1.92864000
v 0.99426000 1.30524000 1.92864000
v 0.87445200 1.30524000 2.04844800
v 0.87445200 1.30524000 -2.04844800
v 0.99426000 1.30524000 -1.92864000
v -0.99426000 1.30524000 -1.92864000
v -0.87445200 1.30524000 -2.04844800
v -0.87445200 3.81813600 2.04844800
v -0.99426000 3.81813600 1.92864000
v 0.98708193 3.81813600 1.92907162
v 0.87445200 3.81813600 2.04844800
v 0.87445200 3.81813600 -2.04844800
v 0.99426000 3.81813600 -1.92864000
v -0.99426000 3.81813600 -1.92864000
v -0.99426000 3.93794400 -2.04844800
v -0.87445200 3.81813600 -2.04844800
v 0.87445200 4.09461600 2.04844800
v -0.87445200 4.09461600 2.04844800
v -0.99426000 4.09461600 1.92864000
v -7.2966757e-2 3.81813600 -2.04844800
v 7.2966757e-2 3.81813600 -2.04844800
v 0.76392133 3.81813600 0.14002502
v 0.75517800 3.89110276 6.7584000e-2
v 0.15640500 3.89110276 -1.11945600
v 0.53412750 3.89110276 -0.64113600
v 0.75517800 4.02164924 6.7584000e-2
v 0.53412750 4.02164924 -0.64113600
v 0.15640500 4.02164924 -1.11945600
v -7.2966757e-2 4.09461600 -2.04844800
v 0.93149841 4.09461600 1.98410231
v 0.97990386 4.02164924 1.92950323
v 0.22525537 3.81813600 -1.15000535
v 0.59976290 3.81813600 -0.67575656
v 1.2114187e-2 3.89110276 -1.97649389
v 1.2114187e-2 4.02164924 -1.97649389
v 0.68353581 4.09461600 8.2945910e-2
v 0.46849210 4.09461600 -0.60651544
v 8.7554631e-2 4.09461600 -1.08890665
v 1.16854788 2.78428949 -1.25628574
v 1.19338186 2.79832630 -1.19799754
v 1.25333639 2.80414053 -1.17385378
v 1.31329092 2.79832630 -1.19799754
v 1.33812490 2.78428949 -1.25628574
v 1.31329092 2.77025269 -1.31457393
v 1.25333639 2.76443846 -1.33871769
v 1.19338186 2.77025269 -1.31457393
v 1.16854788 3.31710831 -1.38459770
v 1.19338186 3.33114512 -1.32630951
v 1.25333639 3.33695935 -1.30216575
v 1.31329092 3.33114512 -1.32630951
v 1.33812490 3.31710831 -1.38459770
v 1.31329092 3.30307151 -1.44288590
v 1.25333639 3.29725727 -1.46702966
v 1.19338186 3.30307151 -1.44288590
v 1.20327120 2.84130165 -1.22990293
v 1.20327120 2.79773327 -1.12471954
v 1.20327120 2.69254988 -1.08115116
v 1.20327120 2.58736650 -1.12471954
v 1.20327120 2.54379811 -1.22990293
v 1.20327120 2.58736650 -1.33508631
v 1.20327120 2.69254988 -1.37865470
v 1.20327120 2.79773327 -1.33508631
v 1.34666791 2.84130165 -1.22990293
v 1.34666791 2.79773327 -1.12471954
v 1.34666791 2.69254988 -1.08115116
v 1.34666791 2.58736650 -1.12471954
v 1.34666791 2.54379811 -1.22990293
v 1.34666791 2.58736650 -1.33508631
v 1.34666791 2.69254988 -1.37865470
v 1.34666791 2.79773327 -1.33508631
v -0.48978954 4.07885809 1.83398513
v -0.58390176 4.07885809 1.73987292
v -0.48978954 4.70160209 1.83398513
v -0.58390176 4.70160209 1.73987292
v 0.28598602 4.70160209 1.83398513
v 0.38009824 4.70160209 1.73987292
v 0.28598602 4.07885809 1.83398513
v 0.38009824 4.07885809 1.73987292
v -0.58390176 4.07885809 0.54764935
v -0.48978954 4.07885809 0.45353713
v -0.58390176 4.70160209 0.54764935
v -0.48978954 4.70160209 0.45353713
v 0.28598602 4.70160209 0.45353713
v 0.38009824 4.70160209 0.54764935
v 0.28598602 4.07885809 0.45353713
v 0.38009824 4.07885809 0.54764935
v -1.78026489 4.33494653 1.31208456
v -1.78026489 4.29152057 1.41559308
v -1.78026489 4.18762220 1.45807786
v -1.78026489 4.08411368 1.41465189
v -1.78026489 4.04162890 1.31075352
v -1.78026489 4.08505487 1.20724500
v -1.78026489 4.18895324 1.16476022
v -1.78026489 4.29246176 1.20818619
v -0.98459749 4.33494653 1.31208456
v -0.98459749 4.29152057 1.41559308
v -0.98459749 4.18762220 1.45807786
v -0.98459749 4.08411368 1.41465189
v -0.98459749 4.04162890 1.31075352
v -0.98459749 4.08505487 1.20724500
v -0.98459749 4.18895324 1.16476022
v -0.98459749 4.29246176 1.20818619
v 1.02368321 3.36940814 -0.10379791
v 1.02368321 3.33356113 6.5278389e-3
v 1.02368321 3.23971244 7.4712904e-2
v 1.02368321 3.12370908 7.4712904e-2
v 1.02368321 3.02986039 6.5278389e-3
v 1.02368321 2.99401338 -0.10379791
v 1.02368321 3.02986039 -0.21412367
v 1.02368321 3.12370908 -0.28230873
v 1.02368321 3.23971244 -0.28230873
v 1.02368321 3.33356113 -0.21412367
v 1.69929262 3.36940814 -0.10379791
v 1.69929262 3.33356113 6.5278389e-3
v 1.69929262 3.23971244 7.4712904e-2
v 1.69929262 3.12370908 7.4712904e-2
v 1.69929262 3.02986039 6.5278389e-3
v 1.69929262 2.99401338 -0.10379791
v 1.69929262 3.02986039 -0.21412367
v 1.69929262 3.12370908 -0.28230873
v 1.69929262 3.23971244 -0.28230873
v 1.69929262 3.33356113 -0.21412367
v -0.87261917 4.08106900 -0.99991035
v -0.87261917 5.09634100 -0.99991035
v -0.72845055 5.09634100 -0.99991035
v -0.72845055 4.08106900 -0.99991035
v -0.87261917 4.08106900 -2.01518235
v -0.87261917 5.09634100 -2.01518235
v -0.72845055 5.09634100 -2.01518235
v -0.72845055 4.08106900 -2.01518235
v 0.68281257 3.76845020 -0.99991035
v 0.68281257 5.09634100 -0.99991035
v 0.82698120 5.09634100 -0.99991035
v 0.82698120 3.76845020 -0.99991035
v 0.68281257 3.76845020 -2.01518235
v 0.68281257 5.09634100 -2.01518235
v 0.82698120 5.09634100 -2.01518235
v 0.82698120 3.76845020 -2.01518235
v 1.16854788 2.67124619 -1.30765856
v 1.19338186 2.73084095 -1.31421683
v 1.25333639 2.75552590 -1.31693335
v 1.31329092 2.73084095 -1.31421683
v 1.33812490 2.67124619 -1.30765856
v 1.31329092 2.61165144 -1.30110030
v 1.25333639 2.58696648 -1.29838377
v 1.19338186 2.61165144 -1.30110030
v 1.16854788 2.61129635 -1.85242078
v 1.19338186 2.67089111 -1.85897904
v 1.25333639 2.69557606 -1.86169557
v 1.31329092 2.67089111 -1.85897904
v 1.33812490 2.61129635 -1.85242078
v 1.31329092 2.55170160 -1.84586251
v 1.25333639 2.52701664 -1.84314599
v 1.19338186 2.55170160 -1.84586251
v 1.12605297 2.61129635 -1.85242078
v 1.16333342 2.70075924 -1.86226596
v 1.34333936 2.70075924 -1.86226596
v 1.38061982 2.61129635 -1.85242078
v 1.34333936 2.52183347 -1.84257559
v 1.25333639 2.48477673 -1.83849758
v 1.16333342 2.52183347 -1.84257559
v 1.12605297 2.59403044 -2.00931556
v 1.16333342 2.68349332 -2.01916075
v 1.34333936 2.68349332 -2.01916075
v 1.38061982 2.59403044 -2.00931556
v 1.34333936 2.50456756 -1.99947038
v 1.25333639 2.46751082 -1.99539237
v 1.16333342 2.50456756 -1.99947038
v 1.14039530 1.33819490 -0.10207383
v 1.14039530 1.38479779 0.13221470
v 1.14039530 1.51751158 0.33083493
v 1.14039530 1.71613181 0.46354873
v 1.14039530 1.95042035 0.51015161
v 1.14039530 2.18470888 0.46354873
v 1.14039530 2.38332911 0.33083493
v 1.14039530 2.51604291 0.13221470
v 1.14039530 2.56264580 -0.10207383
v 1.14039530 2.51604291 -0.33636237
v 1.14039530 2.38332911 -0.53498260
v 1.14039530 2.18470888 -0.66769639
v 1.14039530 1.95042035 -0.71429928
v 1.14039530 1.71613181 -0.66769639
v 1.14039530 1.51751158 -0.53498260
v 1.14039530 1.38479779 -0.33636237
v 0.96487009 1.33819490 -0.10207383
v 0.96487009 1.38479779 0.13221470
v 0.96487009 1.51751158 0.33083493
v 0.96487009 1.71613181 0.46354873
v 0.96487009 1.95042035 0.51015161
v 0.96487009 2.18470888 0.46354873
v 0.96487009 2.38332911 0.33083493
v 0.96487009 2.51604291 0.13221470
v 0.96487009 2.56264580 -0.10207383
v 0.96487009 2.51604291 -0.33636237
v 0.96487009 2.38332911 -0.53498260
v 0.96487009 2.18470888 -0.66769639
v 0.96487009 1.95042035 -0.71429928
v 0.96487009 1.71613181 -0.66769639
v 0.96487009 1.51751158 -0.53498260
v 0.96487009 1.38479779 -0.33636237
v 1.21913461 2.69601111 -1.90541203
v 1.28753817 2.69601111 -1.90541203
v 1.28753817 2.68824145 -1.97601468
v 1.21913461 2.68824145 -1.97601468
v -1.01416081 4.12999984 1.31160019
v -1.00058463 4.14121191 1.37769879
v -1.00350158 4.21127775 1.36641289
v -1.01707776 4.20006569 1.30031430
v 0.99084147 3.94708172 -1.11333326
v 1.13438365 3.78468159 -1.42058314
v 1.06069703 3.95418598 -1.10978156
v 1.20227392 3.79236466 -1.41867435
v 1.05954497 4.00815601 -1.15483797
v 1.19711967 3.84298302 -1.46491792
v 0.98986436 4.00106954 -1.15818775
v 1.12922902 3.83527818 -1.46681776
v 0.69973007 4.07453850 -0.75503768
v 0.49791348 4.12740281 -0.43031335
v 0.75755377 4.08668879 -0.72560709
v 0.55642896 4.13859723 -0.39958293
v 0.74306715 4.15530188 -0.73298947
v 0.54601409 4.20866609 -0.40438653
v 0.68506849 4.14313379 -0.76262197
v 0.48751003 4.19747184 -0.43511312
v 1.21453627 3.42114586 -1.95003952
v 1.22005951 3.35100018 -1.98172148
v 1.28279997 3.42566529 -1.95019070
v 1.28832853 3.35543388 -1.98184290
v 1.28099073 3.45288364 -2.01625312
v 1.28661001 3.38215727 -2.04813425
v 1.21272711 3.44836921 -2.01610400
v 1.21834211 3.37772278 -2.04801718
v 0.10418544 4.12999984 0.28779437
v 0.19851740 4.12977586 0.21495688
v 0.14604187 4.14121191 0.33982429
v 0.24094101 4.14099397 0.26797690
v 0.13836245 4.21127775 0.33122409
v 0.23317857 4.21105878 0.25920182
v 9.6506956e-2 4.20006569 0.27918937
v 0.19075106 4.19984061 0.20618049
v -0.64025469 4.12999984 0.42223828
v -0.72094368 4.12999984 0.49970254
v -0.58574355 4.14121191 0.46298797
v -0.66742417 4.14121191 0.53946693
v -0.59549697 4.21127775 0.45641883
v -0.67701939 4.21127775 0.53307667
v -0.65000905 4.20006569 0.41567394
v -0.73053262 4.20006569 0.49331185
v -0.88814889 4.12999984 1.24937611
v -0.96987715 4.12999984 1.31291507
v -0.84866158 4.14121191 1.30489698
v -0.93117313 4.14121191 1.37390071
v -0.85594115 4.21127775 1.29565638
v -0.93836407 4.21127775 1.36375771
v -0.89543474 4.20006569 1.24013595
v -0.97696851 4.20006569 1.30232947
v -0.55732332 4.96096040 1.61731001
v -0.55732332 4.90077752 1.72154981
v -0.55732332 4.78041177 1.72154981
v -0.55732332 4.72022889 1.61731001
v -0.55732332 4.78041177 1.51307021
v -0.55732332 4.90077752 1.51307021
v 0.36048287 4.96096040 1.61731001
v 0.36048287 4.90077752 1.72154981
v 0.36048287 4.78041177 1.72154981
v 0.36048287 4.72022889 1.61731001
v 0.36048287 4.78041177 1.51307021
v 0.36048287 4.90077752 1.51307021
v 3.8666134e-2 4.68544296 1.78845563
v -0.23254768 4.68544296 1.78845563
v -0.23254768 4.99090635 1.78845563
v 3.8666134e-2 4.99090635 1.78845563
v 3.8666134e-2 4.68544296 1.47943646
v -0.23254768 4.68544296 1.47943646
v -0.23254768 4.99090635 1.47943646
v 3.8666134e-2 4.99090635 1.47943646
v 0.32678441 4.13235285 1.36917371
v 0.32678441 4.55775959 1.36917371
v 0.47829506 4.55775959 1.36917371
v 0.47829506 4.13235285 1.36917371
v 0.32678441 4.13235285 0.88446816
v 0.32678441 4.55775959 0.88446816
v 0.47829506 4.55775959 0.88446816
v 0.47829506 4.13235285 0.88446816
v -1.68881225 2.38277541 1.30961865
v -1.61988633 2.38277541 1.52175080
v -1.43943594 2.38277541 1.65285568
v -1.21638700 2.38277541 1.65285568
v -1.03593661 2.38277541 1.52175080
v -0.96701070 2.38277541 1.30961865
v -1.03593661 2.38277541 1.09748650
v -1.21638700 2.38277541 0.96638162
v -1.43943594 2.38277541 0.96638162
v -1.61988633 2.38277541 1.09748650
v -1.68881225 3.68182366 1.30961865
v -1.61988633 3.68182366 1.52175080
v -1.43943594 3.68182366 1.65285568
v -1.21638700 3.68182366 1.65285568
v -1.03593661 3.68182366 1.52175080
v -0.96701070 3.68182366 1.30961865
v -1.03593661 3.68182366 1.09748650
v -1.21638700 3.68182366 0.96638162
v -1.43943594 3.68182366 0.96638162
v -1.61988633 3.68182366 1.09748650
v -1.60652687 3.68182366 1.30961865
v -1.55331606 3.68182366 1.47338467
v -1.41400836 3.68182366 1.57459764
v -1.24181458 3.68182366 1.57459764
v -1.10250688 3.68182366 1.47338467
v -1.04929607 3.68182366 1.30961865
v -1.10250688 3.68182366 1.14585263
v -1.24181458 3.68182366 1.04463966
v -1.41400836 3.68182366 1.04463966
v -1.55331606 3.68182366 1.14585263
v -1.60652687 3.73198367 1.30961865
v -1.55331606 3.73198367 1.47338467
v -1.41400836 3.73198367 1.57459764
v -1.24181458 3.73198367 1.57459764
v -1.10250688 3.73198367 1.47338467
v -1.04929607 3.73198367 1.30961865
v -1.10250688 3.73198367 1.14585263
v -1.24181458 3.73198367 1.04463966
v -1.41400836 3.73198367 1.04463966
v -1.55331606 3.73198367 1.14585263
v -1.45780592 3.84794449 1.30961865
v -1.43299829 3.84794449 1.38596869
v -1.36805107 3.84794449 1.43315562
v -1.28777188 3.84794449 1.43315562
v -1.22282465 3.84794449 1.38596869
v -1.19801702 3.84794449 1.30961865
v -1.22282465 3.84794449 1.23326861
v -1.28777188 3.84794449 1.18608169
v -1.36805107 3.84794449 1.18608169
v -1.43299829 3.84794449 1.23326861
v -1.45780592 4.16392689 1.30961865
v -1.43299829 4.16392689 1.38596869
v -1.36805107 4.16392689 1.43315562
v -1.28777188 4.16392689 1.43315562
v -1.22282465 4.16392689 1.38596869
v -1.19801702 4.16392689 1.30961865
v -1.22282465 4.16392689 1.23326861
v -1.28777188 4.16392689 1.18608169
v -1.36805107 4.16392689 1.18608169
v -1.43299829 4.16392689 1.23326861
v 1.14039530 2.08371087 -1.23211909
v 1.14039530 2.13031376 -0.99783056
v 1.14039530 2.26302755 -0.79921033
v 1.14039530 2.46164778 -0.66649653
v 1.14039530 2.69593632 -0.61989365
v 1.14039530 2.93022485 -0.66649653
v 1.14039530 3.12884508 -0.79921033
v 1.14039530 3.26155888 -0.99783056
v 1.14039530 3.30816177 -1.23211909
v 1.14039530 3.26155888 -1.46640763
v 1.14039530 3.12884508 -1.66502786
v 1.14039530 2.93022485 -1.79774165
v 1.14039530 2.69593632 -1.84434454
v 1.14039530 2.46164778 -1.79774165
v 1.14039530 2.26302755 -1.66502786
v 1.14039530 2.13031376 -1.46640763
v 0.96487009 2.08371087 -1.23211909
v 0.96487009 2.13031376 -0.99783056
v 0.96487009 2.26302755 -0.79921033
v 0.96487009 2.46164778 -0.66649653
v 0.96487009 2.69593632 -0.61989365
v 0.96487009 2.93022485 -0.66649653
v 0.96487009 3.12884508 -0.79921033
v 0.96487009 3.26155888 -0.99783056
v 0.96487009 3.30816177 -1.23211909
v 0.96487009 3.26155888 -1.46640763
v 0.96487009 3.12884508 -1.66502786
v 0.96487009 2.93022485 -1.79774165
v 0.96487009 2.69593632 -1.84434454
v 0.96487009 2.46164778 -1.79774165
v 0.96487009 2.26302755 -1.66502786
v 0.96487009 2.13031376 -1.46640763
v 1.14039530 2.24230703 -1.04421969
v 1.14039530 2.20493151 -1.23211909
v 1.14039530 2.24230703 -1.42001850
v 1.14039530 2.34874349 -1.57931192
v 1.14039530 2.50803691 -1.68574839
v 1.14039530 2.69593632 -1.72312390
v 1.14039530 2.88383572 -1.68574839
v 1.14039530 3.04312915 -1.57931192
v 1.14039530 3.14956561 -1.42001850
v 1.14039530 3.18694113 -1.23211909
v 1.14039530 3.14956561 -1.04421969
v 1.14039530 3.04312915 -0.88492626
v 1.14039530 2.88383572 -0.77848980
v 1.14039530 2.69593632 -0.74111428
v 1.14039530 2.50803691 -0.77848980
v 1.14039530 2.34874349 -0.88492626
v 1.03318248 2.24230703 -1.04421969
v 1.03318248 2.20493151 -1.23211909
v 1.03318248 2.24230703 -1.42001850
v 1.03318248 2.34874349 -1.57931192
v 1.03318248 2.50803691 -1.68574839
v 1.03318248 2.69593632 -1.72312390
v 1.03318248 2.88383572 -1.68574839
v 1.03318248 3.04312915 -1.57931192
v 1.03318248 3.14956561 -1.42001850
v 1.03318248 3.18694113 -1.23211909
v 1.03318248 3.14956561 -1.04421969
v 1.03318248 3.04312915 -0.88492626
v 1.03318248 2.88383572 -0.77848980
v 1.03318248 2.69593632 -0.74111428
v 1.03318248 2.50803691 -0.77848980
v 1.03318248 2.34874349 -0.88492626
v 1.20825991 2.33031111 -1.08067217
v 1.20825991 2.30018644 -1.23211909
v 1.20825991 2.33031111 -1.38356601
v 1.20825991 2.41609890 -1.51195651
v 1.20825991 2.54448940 -1.59774430
v 1.20825991 2.69593632 -1.62786897
v 1.20825991 2.84738324 -1.59774430
v 1.20825991 2.97577374 -1.51195651
v 1.20825991 3.06156153 -1.38356601
v 1.20825991 3.09168619 -1.23211909
v 1.20825991 3.06156153 -1.08067217
v 1.20825991 2.97577374 -0.95228167
v 1.20825991 2.84738324 -0.86649388
v 1.20825991 2.69593632 -0.83636922
v 1.20825991 2.54448940 -0.86649388
v 1.20825991 2.41609890 -0.95228167
v 1.14039530 2.56782651 -0.10207383
v 1.14039530 2.61442939 0.13221470
v 1.14039530 2.74714319 0.33083493
v 1.14039530 2.94576342 0.46354873
v 1.14039530 3.18005195 0.51015161
v 1.14039530 3.41434049 0.46354873
v 1.14039530 3.61296072 0.33083493
v 1.14039530 3.74567451 0.13221470
v 1.14039530 3.79227740 -0.10207383
v 1.14039530 3.74567451 -0.33636237
v 1.14039530 3.61296072 -0.53498260
v 1.14039530 3.41434049 -0.66769639
v 1.14039530 3.18005195 -0.71429928
v 1.14039530 2.94576342 -0.66769639
v 1.14039530 2.74714319 -0.53498260
v 1.14039530 2.61442939 -0.33636237
v 0.96487009 2.56782651 -0.10207383
v 0.96487009 2.61442939 0.13221470
v 0.96487009 2.74714319 0.33083493
v 0.96487009 2.94576342 0.46354873
v 0.96487009 3.18005195 0.51015161
v 0.96487009 3.41434049 0.46354873
v 0.96487009 3.61296072 0.33083493
v 0.96487009 3.74567451 0.13221470
v 0.96487009 3.79227740 -0.10207383
v 0.96487009 3.74567451 -0.33636237
v 0.96487009 3.61296072 -0.53498260
v 0.96487009 3.41434049 -0.66769639
v 0.96487009 3.18005195 -0.71429928
v 0.96487009 2.94576342 -0.66769639
v 0.96487009 2.74714319 -0.53498260
v 0.96487009 2.61442939 -0.33636237
v 1.14039530 2.72642266 8.5825573e-2
v 1.14039530 2.68904714 -0.10207383
v 1.14039530 2.72642266 -0.28997324
v 1.14039530 2.83285912 -0.44926666
v 1.14039530 2.99215255 -0.55570313
v 1.14039530 3.18005195 -0.59307864
v 1.14039530 3.36795136 -0.55570313
v 1.14039530 3.52724478 -0.44926666
v 1.14039530 3.63368124 -0.28997324
v 1.14039530 3.67105676 -0.10207383
v 1.14039530 3.63368124 8.5825573e-2
v 1.14039530 3.52724478 0.24511900
v 1.14039530 3.36795136 0.35155546
v 1.14039530 3.18005195 0.38893098
v 1.14039530 2.99215255 0.35155546
v 1.14039530 2.83285912 0.24511900
v 1.03318248 2.72642266 8.5825573e-2
v 1.03318248 2.68904714 -0.10207383
v 1.03318248 2.72642266 -0.28997324
v 1.03318248 2.83285912 -0.44926666
v 1.03318248 2.99215255 -0.55570313
v 1.03318248 3.18005195 -0.59307864
v 1.03318248 3.36795136 -0.55570313
v 1.03318248 3.52724478 -0.44926666
v 1.03318248 3.63368124 -0.28997324
v 1.03318248 3.67105676 -0.10207383
v 1.03318248 3.63368124 8.5825573e-2
v 1.03318248 3.52724478 0.24511900
v 1.03318248 3.36795136 0.35155546
v 1.03318248 3.18005195 0.38893098
v 1.03318248 2.99215255 0.35155546
v 1.03318248 2.83285912 0.24511900
v -0.93187648 5.01589404 -1.50839637
v -0.93187648 4.97319182 -1.32130571
v -0.93187648 4.85354284 -1.17127064
v -0.93187648 4.68064507 -1.08800746
v -0.93187648 4.48874302 -1.08800746
v -0.93187648 4.31584524 -1.17127064
v -0.93187648 4.19619627 -1.32130571
v -0.93187648 4.15349404 -1.50839637
v -0.93187648 4.19619627 -1.69548704
v -0.93187648 4.31584524 -1.84552211
v -0.93187648 4.48874302 -1.92878529
v -0.93187648 4.68064507 -1.92878529
v -0.93187648 4.85354284 -1.84552211
v -0.93187648 4.97319182 -1.69548704
v 0.89202896 5.01589404 -1.50839637
v 0.89202896 4.97319182 -1.32130571
v 0.89202896 4.85354284 -1.17127064
v 0.89202896 4.68064507 -1.08800746
v 0.89202896 4.48874302 -1.08800746
v 0.89202896 4.31584524 -1.17127064
v 0.89202896 4.19619627 -1.32130571
v 0.89202896 4.15349404 -1.50839637
v 0.89202896 4.19619627 -1.69548704
v 0.89202896 4.31584524 -1.84552211
v 0.89202896 4.48874302 -1.92878529
v 0.89202896 4.68064507 -1.92878529
v 0.89202896 4.85354284 -1.84552211
v 0.89202896 4.97319182 -1.69548704
v -1.01767744 4.89389981 -1.35949072
v -1.01767744 4.92788655 -1.50839637
v -1.01767744 4.89389981 -1.65730202
v -1.01767744 4.79867107 -1.77671508
v -1.01767744 4.66106156 -1.84298433
v -1.01767744 4.50832652 -1.84298433
v -1.01767744 4.37071701 -1.77671508
v -1.01767744 4.27548828 -1.65730202
v -1.01767744 4.24150153 -1.50839637
v -1.01767744 4.27548828 -1.35949072
v -1.01767744 4.37071701 -1.24007767
v -1.01767744 4.50832652 -1.17380842
v -1.01767744 4.66106156 -1.17380842
v -1.01767744 4.79867107 -1.24007767
v 0.97782992 4.92788655 -1.50839637
v 0.97782992 4.89389981 -1.35949072
v 0.97782992 4.79867107 -1.24007767
v 0.97782992 4.66106156 -1.17380842
v 0.97782992 4.50832652 -1.17380842
v 0.97782992 4.37071701 -1.24007767
v 0.97782992 4.27548828 -1.35949072
v 0.97782992 4.24150153 -1.50839637
v 0.97782992 4.27548828 -1.65730202
v 0.97782992 4.37071701 -1.77671508
v 0.97782992 4.50832652 -1.84298433
v 0.97782992 4.66106156 -1.84298433
v 0.97782992 4.79867107 -1.77671508
v 0.97782992 4.89389981 -1.65730202
v 0.27328221 4.19646572 -0.37186366
v 0.23498040 4.19646572 -0.17930744
v 0.12590606 4.19646572 -1.6066170e-2
v -3.7335211e-2 4.19646572 9.3008162e-2
v -0.22989142 4.19646572 0.13130997
v -0.42244764 4.19646572 9.3008162e-2
v -0.58568891 4.19646572 -1.6066170e-2
v -0.69476324 4.19646572 -0.17930744
v -0.73306506 4.19646572 -0.37186366
v -0.69476324 4.19646572 -0.56441987
v -0.58568891 4.19646572 -0.72766114
v -0.42244764 4.19646572 -0.83673548
v -0.22989142 4.19646572 -0.87503729
v -3.7335211e-2 4.19646572 -0.83673548
v 0.12590606 4.19646572 -0.72766114
v 0.23498040 4.19646572 -0.56441987
v 0.27328221 4.07128417 -0.37186366
v 0.23498040 4.07128417 -0.17930744
v 0.12590606 4.07128417 -1.6066170e-2
v -3.7335211e-2 4.07128417 9.3008162e-2
v -0.22989142 4.07128417 0.13130997
v -0.42244764 4.07128417 9.3008162e-2
v -0.58568891 4.07128417 -1.6066170e-2
v -0.69476324 4.07128417 -0.17930744
v -0.73306506 4.07128417 -0.37186366
v -0.69476324 4.07128417 -0.56441987
v -0.58568891 4.07128417 -0.72766114
v -0.42244764 4.07128417 -0.83673548
v -0.22989142 4.07128417 -0.87503729
v -3.7335211e-2 4.07128417 -0.83673548
v 0.12590606 4.07128417 -0.72766114
v 0.23498040 4.07128417 -0.56441987
vt -0.36561533 0.60378757
vt -0.36081215 0.36455984
vt -0.34715437 0.38929038
vt -0.33625482 0.63867253
vt -0.33027358 0.30180642
vt -0.32567752 0.36584871
vt -0.31525491 5.4766604e-2
vt -0.31454058 0.33307693
vt -0.22166289 -4.3381240e-2
vt -0.21740849 -5.9002313e-2
vt -0.21525696 -7.7752034e-2
vt -0.21461232 1.20565729
vt -0.21461232 1.23887371
vt -0.21205405 -4.0290194e-2
vt -0.20694131 -5.7386951e-2
vt -0.20483782 -9.5706790e-2
vt -0.20003923 -7.3254409e-2
vt -0.19259037 -8.6135374e-2
vt -0.19149389 -0.11091608
vt -0.19141885 0.36162948
vt -0.19141885 0.32524238
vt -0.19141885 0.40389091
vt -0.19141885 0.38276020
vt -0.19141885 0.36750382
vt -0.19141885 0.34637310
vt -0.18921152 1.18025649
vt -0.18921152 0.64749105
vt -0.18881162 -3.2018843e-2
vt -0.18385182 -0.10026654
vt -0.18175756 -6.2285968e-2
vt -0.17957366 -4.6475019e-2
vt -0.17542658 -7.6908568e-2
vt -0.16102765 -8.3379504e-2
vt -0.15351792 0.43138019
vt -0.15351792 0.41650621
vt -0.15351792 0.39089322
vt -0.15351792 0.40576720
vt -0.13455359 0.33466460
vt -0.13455359 0.77039302
vt -0.13435111 0.36162948
vt -0.13435111 0.32524238
vt -0.13435111 0.40389091
vt -0.13435111 0.36750382
vt -0.13435111 0.38276020
vt -0.13435111 0.34637310
vt -0.11799198 0.70268320
vt -0.11799198 0.67277751
vt -0.11207641 0.44794769
vt -0.10774959 0.41650621
vt -0.10774959 0.39089322
vt -0.10774959 0.43138019
vt -0.10774959 0.40576720
vt -0.10260486 0.64781598
vt -9.9929175e-2 0.42324017
vt -9.4852274e-2 0.69292293
vt -8.8708461e-2 0.77039302
vt -8.8708461e-2 0.33466460
vt -8.7576253e-2 -0.19803174
vt -8.5449388e-2 0.39129453
vt -8.1854325e-2 -0.26634475
vt -7.8859848e-2 0.73580629
vt -7.7283374e-2 0.36162948
vt -7.7283374e-2 0.32524238
vt -7.7283374e-2 0.40389091
vt -7.7283374e-2 0.36750382
vt -7.7283374e-2 0.38276020
vt -7.7283374e-2 0.34637310
vt -7.7065406e-2 -0.23016856
vt -7.2199814e-2 0.36443471
vt -7.1089348e-2 0.70268320
vt -7.1089348e-2 0.67277751
vt -6.1981266e-2 0.41650621
vt -6.1981266e-2 0.43138019
vt -6.1981266e-2 0.40576720
vt -6.1981266e-2 0.39089322
vt -5.5183680e-2 0.77497488
vt -5.5129792e-2 0.64416100
vt -4.8881205e-2 0.68051721
vt -4.7085048e-2 -0.20289956
vt -4.3675945e-2 0.33957762
vt -4.3675945e-2 0.40195001
vt -4.2863332e-2 0.33466460
vt -4.2863332e-2 0.77039302
vt -3.5991310e-2 0.71508119
vt -2.8697891e-2 5.4754414e-2
vt -2.4647049e-2 0.80906673
vt -2.4186721e-2 0.67277751
vt -2.4186721e-2 0.70268320
vt -2.4103817e-2 0.40408674
vt -2.0632266e-2 4.0827414e-2
vt -2.0215634e-2 0.40389091
vt -2.0215634e-2 0.36750382
vt -2.0215634e-2 0.36162948
vt -2.0215634e-2 0.32524238
vt -2.0215634e-2 0.38276020
vt -2.0215634e-2 0.34637310
vt -1.8344394e-2 2.5680920e-2
vt -1.6908318e-2 0.74665108
vt -1.6212938e-2 0.41650621
vt -1.6212938e-2 0.43138019
vt -1.6212938e-2 0.40576720
vt -1.6212938e-2 0.39089322
vt -1.1067013e-2 1.0466935e-2
vt -5.4791093e-3 6.0244091e-2
vt -3.0504338e-3 4.5588151e-2
vt -8.9964984e-5 1.4903749e-4
vt 2.9817970e-3 0.33466460
vt 2.9817970e-3 0.77039302
vt 7.7042061e-3 0.77412911
vt 8.4948070e-3 3.7054749e-2
vt 9.8245214e-3 9.5272939e-3
vt 1.1688209e-2 0.83689637
vt 1.2743890e-2 0.55536794
vt 1.3910870e-2 0.39338129
vt 1.4642071e-2 2.2380039e-2
vt 2.2715907e-2 0.67277751
vt 2.2715907e-2 0.70268320
vt 2.6806839e-2 0.52909926
vt 2.9555389e-2 0.41650621
vt 2.9555389e-2 0.39089322
vt 2.9555389e-2 0.43138019
vt 2.9555389e-2 0.40576720
vt 3.6852106e-2 0.36162948
vt 3.6852106e-2 0.32524238
vt 3.6852106e-2 0.40389091
vt 3.6852106e-2 0.38276020
vt 3.6852106e-2 0.34637310
vt 3.6852106e-2 0.36750382
vt 3.6990424e-2 0.79655980
vt 4.2440778e-2 0.49709184
vt 4.2841383e-2 0.73394136
vt 4.8826926e-2 0.77039302
vt 4.8826926e-2 0.33466460
vt 5.2558627e-2 0.85749610
vt 5.4904060e-2 0.47242071
vt 6.2144231e-2 0.79457218
vt 6.9618534e-2 0.67277751
vt 6.9618534e-2 0.70268320
vt 6.9931981e-2 0.81316318
vt 7.5323717e-2 0.41650621
vt 7.5323717e-2 0.43138019
vt 7.5323717e-2 0.40576720
vt 7.5323717e-2 0.39089322
vt 7.9576693e-2 0.71325325
vt 9.3919846e-2 0.40389091
vt 9.3919846e-2 0.36750382
vt 9.3919846e-2 0.38276020
vt 9.3919846e-2 0.34637310
vt 9.3919846e-2 0.32524238
vt 9.3919846e-2 0.36162948
vt 9.4672055e-2 0.33466460
vt 9.4672055e-2 0.77039302
vt 9.6543040e-2 0.87014960
vt 9.7063361e-2 0.78345508
vt 0.10538342 0.82336190
vt 0.11652116 0.70268320
vt 0.11652116 0.67277751
vt 0.12109204 0.41650621
vt 0.12109204 0.43138019
vt 0.12109204 0.40576720
vt 0.12109204 0.39089322
vt 0.13684781 -0.29149064
vt 0.14051718 0.77039302
vt 0.14051718 0.33466460
vt 0.14211200 0.87441690
vt 0.14211200 0.82680135
vt 0.14633543 -0.22239707
vt 0.14640839 0.10425680
vt 0.14986087 8.9389212e-2
vt 0.15098759 0.32524238
vt 0.15098759 0.36162948
vt 0.15098759 0.40389091
vt 0.15098759 0.38276020
vt 0.15098759 0.34637310
vt 0.15098759 0.36750382
vt 0.15887677 7.8508252e-2
vt 0.16188897 5.0903165e-2
vt 0.16342379 0.67277751
vt 0.16342379 0.70268320
vt 0.16392435 6.4786586e-2
vt 0.16686037 0.41650621
vt 0.16686037 0.39089322
vt 0.16686037 0.43138019
vt 0.16686037 0.40576720
vt 0.17050540 0.11668799
vt 0.17826593 0.10123747
vt 0.17854804 8.5210940e-2
vt 0.17884058 0.82336190
vt 0.18181108 -0.22523587
vt 0.18384689 6.9952443e-2
vt 0.18636231 0.33466460
vt 0.18636231 0.77039302
vt 0.18768096 0.87014960
vt 0.19482968 5.8216256e-2
vt 0.20805533 0.38276020
vt 0.20805533 0.40389091
vt 0.20805533 0.36750382
vt 0.20805533 0.34637310
vt 0.20805533 0.36162948
vt 0.20805533 0.32524238
vt 0.21032642 0.67277751
vt 0.21032642 0.70268320
vt 0.21262870 0.41650621
vt 0.21262870 0.39089322
vt 0.21262870 0.43138019
vt 0.21262870 0.40576720
vt 0.21429201 0.81316318
vt 0.21941776 0.59530807
vt 0.22791191 0.56327080
vt 0.23166537 0.85749610
vt 0.23220744 0.33466460
vt 0.23220744 0.77039302
vt 0.23330612 0.61989804
vt 0.23553987 0.53733934
vt 0.24065629 0.73820071
vt 0.24152496 0.78668122
vt 0.24723357 0.79655980
vt 0.25299079 0.55632103
vt 0.25299079 0.68835056
vt 0.25722904 0.67277751
vt 0.25722904 0.70268320
vt 0.25839703 0.40576720
vt 0.25839703 0.43138019
vt 0.25839703 0.39089322
vt 0.25839703 0.41650621
vt 0.26008629 0.69394099
vt 0.26101572 0.36095085
vt 0.26101572 0.67129164
vt 0.26252807 0.83021647
vt 0.26512307 0.38276020
vt 0.26512307 0.34637310
vt 0.26512307 0.40389091
vt 0.26512307 0.36750382
vt 0.26512307 0.32524238
vt 0.26512307 0.36162948
vt 0.26982532 0.74401156
vt 0.27046709 0.77982915
vt 0.27253579 0.83689637
vt 0.27651979 0.77412911
vt 0.27805257 0.33466460
vt 0.27805257 0.77039302
vt 0.28120855 0.55632103
vt 0.28120855 0.68835056
vt 0.28389284 0.71134637
vt 0.28569580 0.81196941
vt 0.28934342 0.89993489
vt 0.29629415 0.66240717
vt 0.29849367 0.85393349
vt 0.29849367 0.94593630
vt 0.29984236 0.86043293
vt 0.30113231 0.74665108
vt 0.30413167 0.67277751
vt 0.30413167 0.70268320
vt 0.30416535 0.39089322
vt 0.30416535 0.41650621
vt 0.30416535 0.40576720
vt 0.30416535 0.43138019
vt 0.30887104 0.80906673
vt 0.31000599 0.68815829
vt 0.31262289 0.83420711
vt 0.31430179 0.36095085
vt 0.31430179 0.67129164
vt 0.32021531 0.71508119
vt 0.32219081 0.38276020
vt 0.32219081 0.34637310
vt 0.32219081 0.32524238
vt 0.32219081 0.40389091
vt 0.32219081 0.36750382
vt 0.32219081 0.36162948
vt 0.32389770 0.33466460
vt 0.32389770 0.77039302
vt 0.32455138 0.81493538
vt 0.32455138 0.98493441
vt 0.33035223 0.18697957
vt 0.33251865 0.59040657
vt 0.33251865 0.66589431
vt 0.33310520 0.68051721
vt 0.33678196 0.17047055
vt 0.33901812 0.39375058
vt 0.33901812 0.40573373
vt 0.33935379 0.64416100
vt 0.33940768 0.77497488
vt 0.34258704 0.65008079
vt 0.34310929 0.67922761
vt 0.34338426 0.15511665
vt 0.34602487 0.84194616
vt 0.34654712 0.87109298
vt 0.34993368 0.40576720
vt 0.34993368 0.43138019
vt 0.34993368 0.39089322
vt 0.34993368 0.41650621
vt 0.35103430 0.67277751
vt 0.35103430 0.70268320
vt 0.35156969 0.13898022
vt 0.35169723 0.59040657
vt 0.35169723 0.66589431
vt 0.35839942 0.12309692
vt 0.36308384 0.73580629
vt 0.36354949 0.78887767
vt 0.36354949 1.01099211
vt 0.36758787 0.36095085
vt 0.36758787 0.67129164
vt 0.36874071 0.65044757
vt 0.36874071 0.86971017
vt 0.36974283 0.33466460
vt 0.36974283 0.77039302
vt 0.37087582 0.59040657
vt 0.37087582 0.66589431
vt 0.37651127 0.68696666
vt 0.37862091 -0.23600768
vt 0.37907627 0.69292293
vt 0.37912816 0.83301548
vt 0.37925855 0.40389091
vt 0.37925855 0.38276020
vt 0.37925855 0.34637310
vt 0.37925855 0.36750382
vt 0.37925855 0.32524238
vt 0.37925855 0.36162948
vt 0.38015497 0.40573373
vt 0.38015497 0.39375058
vt 0.38682886 0.64781598
vt 0.38929179 0.66074084
vt 0.39005440 0.59040657
vt 0.39005440 0.66589431
vt 0.39284000 0.85876660
vt 0.39570201 0.40576720
vt 0.39570201 0.39089322
vt 0.39570201 0.41650621
vt 0.39570201 0.43138019
vt 0.39633956 0.33520124
vt 0.39749592 0.65044757
vt 0.39749592 0.86971017
vt 0.39793693 0.67277751
vt 0.39793693 0.70268320
vt 0.40343835 0.70920436
vt 0.40524131 0.80982740
vt 0.40923299 0.59040657
vt 0.40923299 0.66589431
vt 0.40955089 0.77972742
vt 0.40955089 1.02014236
vt 0.41558796 0.77039302
vt 0.41558796 0.33466460
vt 0.41866706 0.74134462
vt 0.41930884 0.77716221
vt 0.42056272 -0.23706774
vt 0.42087395 0.36095085
vt 0.42087395 0.67129164
vt 0.42129182 0.39375058
vt 0.42129182 0.40573373
vt 0.42283498 0.23251349
vt 0.42625113 0.65044757
vt 0.42625113 0.86971017
vt 0.42660608 0.69095730
vt 0.42698065 0.21391316
vt 0.42841157 0.59040657
vt 0.42841157 0.66589431
vt 0.42904786 0.82723278
vt 0.42963814 0.33576853
vt 0.43017610 0.89824667
vt 0.43625440 0.19868611
vt 0.43632629 0.34637310
vt 0.43632629 0.38276020
vt 0.43632629 0.40389091
vt 0.43632629 0.32524238
vt 0.43632629 0.36162948
vt 0.43632629 0.36750382
vt 0.43910506 0.94313557
vt 0.43910506 0.85335777
vt 0.44147034 0.39089322
vt 0.44147034 0.40576720
vt 0.44147034 0.41650621
vt 0.44147034 0.43138019
vt 0.44483955 0.67277751
vt 0.44483955 0.70268320
vt 0.44568269 0.68835056
vt 0.44568269 0.55632103
vt 0.44759015 0.59040657
vt 0.44759015 0.66589431
vt 0.44760919 0.73449255
vt 0.44847786 0.78297305
vt 0.44859951 0.18376780
vt 0.45489963 0.16635887
vt 0.45500634 0.65044757
vt 0.45500634 0.86971017
vt 0.45555230 0.78887767
vt 0.45555230 1.01099211
vt 0.45982316 0.58492630
vt 0.45982316 0.68655537
vt 0.46048275 0.78428009
vt 0.46143309 0.33466460
vt 0.46143309 0.77039302
vt 0.46170194 0.73628109
vt 0.46242868 0.40573373
vt 0.46242868 0.39375058
vt 0.46453258 0.98119055
vt 0.46453258 0.81530280
vt 0.46676874 0.59040657
vt 0.46676874 0.66589431
vt 0.47390045 0.68835056
vt 0.47390045 0.55632103
vt 0.47416003 0.36095085
vt 0.47416003 0.67129164
vt 0.48049174 0.82780722
vt 0.48304459 0.33957762
vt 0.48304459 0.40195001
vt 0.48342105 0.69309858
vt 0.48376154 0.65044757
vt 0.48376154 0.86971017
vt 0.48594732 0.59040657
vt 0.48594732 0.66589431
vt 0.48723866 0.40576720
vt 0.48723866 0.43138019
vt 0.48723866 0.41650621
vt 0.48723866 0.39089322
vt 0.48906480 0.77843189
vt 0.49028763 0.74353077
vt 0.49091547 0.32660114
vt 0.49091547 0.35650684
vt 0.49339403 0.40389091
vt 0.49339403 0.38276020
vt 0.49339403 0.34637310
vt 0.49339403 0.36750382
vt 0.49339403 0.32524238
vt 0.49339403 0.36162948
vt 0.49455041 0.81493538
vt 0.49455041 0.98493441
vt 0.50258756 1.00661807
vt 0.50258756 0.78987528
vt 0.50327509 0.61957409
vt 0.50328330 0.80963156
vt 0.50356553 0.39375058
vt 0.50356553 0.40573373
vt 0.50512591 0.59040657
vt 0.50512591 0.66589431
vt 0.50649075 0.71187056
vt 0.50727821 0.33466460
vt 0.50727821 0.77039302
vt 0.51251675 0.65044757
vt 0.51251675 0.86971017
vt 0.51625474 0.69043033
vt 0.51847514 0.85700025
vt 0.52060811 0.85393349
vt 0.52060811 0.94593630
vt 0.52133072 0.66286663
vt 0.52430449 0.59040657
vt 0.52430449 0.66589431
vt 0.52744610 0.36095085
vt 0.52744610 0.67129164
vt 0.52975836 0.89993489
vt 0.53053681 0.83043615
vt 0.53300699 0.41650621
vt 0.53300699 0.39089322
vt 0.53300699 0.40576720
vt 0.53300699 0.43138019
vt 0.53449856 0.68953508
vt 0.53781810 0.32660114
vt 0.53781810 0.35650684
vt 0.54052405 0.94354315
vt 0.54052405 0.81151362
vt 0.54127196 0.65044757
vt 0.54127196 0.86971017
vt 0.54249584 0.29345360
vt 0.54375521 0.58195646
vt 0.54375521 0.69775193
vt 0.54470238 0.39375058
vt 0.54470238 0.40573373
vt 0.54747646 1.01554703
vt 0.54747646 0.78094632
vt 0.54989603 0.68671646
vt 0.55046177 0.38276020
vt 0.55046177 0.34637310
vt 0.55046177 0.40389091
vt 0.55046177 0.32524238
vt 0.55046177 0.36162948
vt 0.55046177 0.36750382
vt 0.55078043 0.79697912
vt 0.55078043 0.51544963
vt 0.55078043 0.64304593
vt 0.55078043 0.92457542
vt 0.55096272 0.61654827
vt 0.55495361 0.27859984
vt 0.56477477 0.58195646
vt 0.56477477 0.69775193
vt 0.56483500 0.83701021
vt 0.56554200 0.86649240
vt 0.56826351 0.65130107
vt 0.56897051 0.68078326
vt 0.56988913 0.26723872
vt 0.57418525 0.24905231
vt 0.57487217 0.23000817
vt 0.57561863 0.68655537
vt 0.57561863 0.58492630
vt 0.57595469 0.88503165
vt 0.57877532 0.40576720
vt 0.57877532 0.43138019
vt 0.57877532 0.41650621
vt 0.57877532 0.39089322
vt 0.57995089 0.58195646
vt 0.57995089 0.69775193
vt 0.58073218 0.36095085
vt 0.58073218 0.67129164
vt 0.58315143 0.84885119
vt 0.58315143 0.92121210
vt 0.58472073 0.32660114
vt 0.58472073 0.35650684
vt 0.58579433 0.58492630
vt 0.58579433 0.68655537
vt 0.58583923 0.39375058
vt 0.58583923 0.40573373
vt 0.58893364 0.91318660
vt 0.58893364 0.93778077
vt 0.58893364 0.94925808
vt 0.58893364 0.97385225
vt 0.59236536 1.00661807
vt 0.59236536 0.78987528
vt 0.59930695 0.82825840
vt 0.60097045 0.58195646
vt 0.60097045 0.69775193
vt 0.60326869 0.68735732
vt 0.60338972 0.92936098
vt 0.60338972 0.99374934
vt 0.60338972 0.89328950
vt 0.60338972 0.95767787
vt 0.60364602 0.95188441
vt 0.60364602 0.81817889
vt 0.60681389 0.58492630
vt 0.60681389 0.68655537
vt 0.60752951 0.38276020
vt 0.60752951 0.34637310
vt 0.60752951 0.40389091
vt 0.60752951 0.36750382
vt 0.60752951 0.32524238
vt 0.60752951 0.36162948
vt 0.61247478 0.85492684
vt 0.61322648 0.68111535
vt 0.61322648 0.75409012
vt 0.61511987 0.72331518
vt 0.61511987 0.79713942
vt 0.61533037 0.66079323
vt 0.61569206 0.79880159
vt 0.61994499 0.59093339
vt 0.61994499 0.66390816
vt 0.62033015 0.25781076
vt 0.62157394 8.8186161e-2
vt 0.62157394 0.59455200
vt 0.62161857 0.78056167
vt 0.62161857 0.81704151
vt 0.62199001 0.58492630
vt 0.62199001 0.68655537
vt 0.62678017 0.92176097
vt 0.62678017 0.88568949
vt 0.62678017 0.96527788
vt 0.62678017 1.00134936
vt 0.62697608 0.39375058
vt 0.62697608 0.40573373
vt 0.62731476 0.80592292
vt 0.62858017 0.64749105
vt 0.62858017 1.23887371
vt 0.62858017 1.18025649
vt 0.63042033 0.98119055
vt 0.63042033 0.81530280
vt 0.63052221 0.70816191
vt 0.63146352 0.20183956
vt 0.63146352 0.31378196
vt 0.63162336 0.32660114
vt 0.63162336 0.35650684
vt 0.63249715 0.74929489
vt 0.63270730 0.65052320
vt 0.63270730 0.53858080
vt 0.63270730 0.14415736
vt 0.63270730 3.2214962e-2
vt 0.63401826 0.36095085
vt 0.63401826 0.67129164
vt 0.63431832 0.79768430
vt 0.63431832 0.97237899
vt 0.63596224 0.33990360
vt 0.63713437 0.76928878
vt 0.63713437 0.82831440
vt 0.64164740 0.70329349
vt 0.64164740 0.79529630
vt 0.64300957 0.58492630
vt 0.64300957 0.68655537
vt 0.64351788 0.77426271
vt 0.64474071 0.73936159
vt 0.64618279 0.32533235
vt 0.64833736 0.66116580
vt 0.64833736 0.87641618
vt 0.64928959 0.25781076
vt 0.65017061 0.92936098
vt 0.65017061 0.99374934
vt 0.65017061 0.89328950
vt 0.65017061 0.95767787
vt 0.65038445 0.82469489
vt 0.65053338 8.8186161e-2
vt 0.65154085 -0.18594716
vt 0.65331377 0.68998625
vt 0.65499748 -0.24173570
vt 0.65573085 0.31120414
vt 0.65584785 0.85335777
vt 0.65584785 0.94313557
vt 0.65631296 0.76928878
vt 0.65631296 0.82831440
vt 0.65694993 0.80844946
vt 0.65694993 0.95168712
vt 0.65821855 0.21292186
vt 0.65821855 0.30269966
vt 0.65860744 0.69668895
vt 0.65871414 0.63781686
vt 0.65946233 4.3297259e-2
vt 0.65946233 0.13307506
vt 0.66108790 0.29499482
vt 0.66170876 0.10311769
vt 0.66316866 0.36123205
vt 0.66316866 0.15438947
vt 0.66441244 0.19160745
vt 0.66441244 0.69797329
vt 0.66441244 0.49113071
vt 0.66441244 -1.5235130e-2
vt 0.66459725 0.34637310
vt 0.66459725 0.38276020
vt 0.66459725 0.40389091
vt 0.66459725 0.36750382
vt 0.66459725 0.32524238
vt 0.66459725 0.36162948
vt 0.66462670 0.91318660
vt 0.66462670 0.93778077
vt 0.66462670 0.94925808
vt 0.66462670 0.97385225
vt 0.66477681 0.89824667
vt 0.66657809 0.27858605
vt 0.66770511 0.66429538
vt 0.66770511 0.83429441
vt 0.66811293 0.39375058
vt 0.66811293 0.40573373
vt 0.67049878 0.97957573
vt 0.67049878 0.79048756
vt 0.67182876 0.78056167
vt 0.67182876 0.81704151
vt 0.67210357 0.78151239
vt 0.67332276 0.73351339
vt 0.67775526 0.79880159
vt 0.67852598 0.32660114
vt 0.67852598 0.35650684
vt 0.67913634 0.61977039
vt 0.67913634 0.36700406
vt 0.67991247 0.72331518
vt 0.67991247 0.79713942
vt 0.68154410 0.80844946
vt 0.68154410 0.95168712
vt 0.68222005 0.55139898
vt 0.68222005 0.58180087
vt 0.68364607 0.34075463
vt 0.68364607 0.17486688
vt 0.68488985 0.17113004
vt 0.68488985 5.2422858e-3
vt 0.68634097 0.87774637
vt 0.68653827 -0.17639486
vt 0.68705072 0.68111535
vt 0.68705072 0.75409012
vt 0.68706972 -0.23921724
vt 0.68730433 0.36095085
vt 0.68730433 0.67129164
vt 0.69376924 0.59093339
vt 0.69376924 0.66390816
vt 0.69409627 0.88076188
vt 0.69409627 0.99695555
vt 0.69468578 0.69675434
vt 0.69476094 0.63800367
vt 0.69664530 0.10764706
vt 0.69908931 0.63972336
vt 0.69908931 0.34705109
vt 0.70280727 0.92842444
vt 0.70280727 0.82706830
vt 0.70599883 0.87774637
vt 0.70613826 0.80844946
vt 0.70613826 0.95168712
vt 0.70635760 0.55139898
vt 0.70635760 0.58180087
vt 0.70667923 0.97237899
vt 0.70667923 0.79768430
vt 0.70670322 0.86035211
vt 0.70670322 0.63823767
vt 0.70718612 0.97942313
vt 0.70785468 0.88076188
vt 0.70785468 0.99695555
vt 0.70924978 0.39375058
vt 0.70924978 0.40573373
vt 0.71061875 0.12268433
vt 0.71061875 0.39293719
vt 0.71186253 0.22331259
vt 0.71186253 0.72967843
vt 0.71186253 0.45942557
vt 0.71186253 -4.6940267e-2
vt 0.71619343 0.95739538
vt 0.71639297 1.00136824
vt 0.71643892 0.71807081
vt 0.71871081 0.91686984
vt 0.71871081 0.83862290
vt 0.72161309 0.99695555
vt 0.72161309 0.88076188
vt 0.72166499 0.38276020
vt 0.72166499 0.40389091
vt 0.72166499 0.36750382
vt 0.72166499 0.34637310
vt 0.72166499 0.36162948
vt 0.72166499 0.32524238
vt 0.72170105 0.14943936
vt 0.72170105 0.36618215
vt 0.72294483 0.19655756
vt 0.72294483 -2.0185235e-2
vt 0.72632944 0.66289048
vt 0.72666678 0.68835056
vt 0.72666678 0.55632103
vt 0.73049516 0.55139898
vt 0.73049516 0.58180087
vt 0.73073243 0.80844946
vt 0.73073243 0.95168712
vt 0.73537085 0.97914094
vt 0.73537149 0.99695555
vt 0.73537149 0.88076188
vt 0.73735154 0.81817889
vt 0.73735154 0.95188441
vt 0.73813853 0.94818853
vt 0.73842073 1.01037554
vt 0.74059041 0.36095085
vt 0.74059041 0.67129164
vt 0.74398154 0.88076188
vt 0.74398154 0.99695555
vt 0.74437455 0.64125368
vt 0.74437816 1.00116869
vt 0.74457770 0.95719583
vt 0.74589429 0.66116580
vt 0.74589429 0.87641618
vt 0.74591661 0.79574753
vt 0.74591661 0.95974522
vt 0.74912990 0.88076188
vt 0.74912990 0.99695555
vt 0.75038664 0.39375058
vt 0.75038664 0.40573373
vt 0.75199123 0.81444327
vt 0.75199123 0.94104948
vt 0.75270462 0.86950236
vt 0.75270462 0.62908743
vt 0.75463272 0.55139898
vt 0.75463272 0.58180087
vt 0.75488454 0.55632103
vt 0.75488454 0.68835056
vt 0.75532659 0.80844946
vt 0.75532659 0.95168712
vt 0.75773995 0.88076188
vt 0.75773995 0.99695555
vt 0.75784612 0.92121210
vt 0.75784612 0.84885119
vt 0.76016629 0.95719583
vt 0.76036583 1.00116869
vt 0.76173464 0.11655570
vt 0.76283710 0.62682238
vt 0.76288831 0.99695555
vt 0.76288831 0.88076188
vt 0.76504286 0.88503165
vt 0.76518647 0.72310326
vt 0.76580164 0.97840394
vt 0.76603082 0.51544963
vt 0.76603082 0.64304593
vt 0.76603082 0.79697912
vt 0.76603082 0.92457542
vt 0.76632326 1.01037554
vt 0.76658995 0.40407055
vt 0.76658995 0.37511111
vt 0.76658995 0.11155097
vt 0.76658995 0.14051040
vt 0.76660546 0.94818853
vt 0.76783373 0.23444595
vt 0.76783373 0.20548651
vt 0.76783373 0.74081179
vt 0.76783373 0.44829221
vt 0.76783373 -2.9114192e-2
vt 0.76783373 -2.9114192e-2
vt 0.76783373 -5.8073631e-2
vt 0.76783373 -5.8073631e-2
vt 0.76937314 0.97914094
vt 0.76979932 0.64270196
vt 0.77055781 0.81151362
vt 0.77055781 0.94354315
vt 0.77149836 0.88076188
vt 0.77149836 0.99695555
vt 0.77370556 0.95932218
vt 0.77370556 0.99748570
vt 0.77481109 0.97840394
vt 0.77664672 0.99695555
vt 0.77664672 0.88076188
vt 0.77877028 0.55139898
vt 0.77877028 0.58180087
vt 0.77992076 0.80844946
vt 0.77992076 0.95168712
vt 0.78007621 0.96569283
vt 0.78007621 0.99111505
vt 0.78061015 0.55056171
vt 0.78061015 0.58402618
vt 0.78320384 0.40814166
vt 0.78360528 0.86132984
vt 0.78360528 1.03002130
vt 0.78525677 0.88076188
vt 0.78525677 0.99695555
vt 0.78835102 1.00136824
vt 0.78855056 0.95739538
vt 0.79040512 0.88076188
vt 0.79040512 0.99695555
vt 0.79231326 0.15114617
vt 0.79278732 0.96042771
vt 0.79278732 0.95141826
vt 0.79278732 0.99638016
vt 0.79312808 0.94104948
vt 0.79312808 0.81444327
vt 0.79329038 0.81151362
vt 0.79329038 0.94354315
vt 0.79387649 0.36095085
vt 0.79387649 0.67129164
vt 0.79631534 0.39788008
vt 0.79755787 0.97942313
vt 0.79870603 0.63823767
vt 0.79870603 0.86035211
vt 0.79901517 0.88076188
vt 0.79901517 0.99695555
vt 0.79920269 0.95974522
vt 0.79920269 0.79574753
vt 0.80126410 0.55056171
vt 0.80126410 0.58402618
vt 0.80290783 0.55139898
vt 0.80290783 0.58180087
vt 0.80343510 0.36820958
vt 0.80391702 0.38454459
vt 0.80416353 0.99695555
vt 0.80416353 0.88076188
vt 0.80451493 0.80844946
vt 0.80451493 0.95168712
vt 0.80549843 0.96569283
vt 0.80549843 0.99111505
vt 0.80740346 0.86132984
vt 0.80740346 1.03002130
vt 0.80802130 0.40125532
vt 0.80852757 0.41571390
vt 0.81025401 0.35276514
vt 0.81076355 0.97840394
vt 0.81147885 0.14943936
vt 0.81147885 0.14943936
vt 0.81147885 0.36618215
vt 0.81186908 0.95932218
vt 0.81186908 0.99748570
vt 0.81207030 0.68180912
vt 0.81207030 0.71056433
vt 0.81207030 0.71520658
vt 0.81207030 0.74396179
vt 0.81219994 0.38817759
vt 0.81270034 0.58302470
vt 0.81272263 0.19655756
vt 0.81272263 -2.0185235e-2
vt 0.81277358 0.88076188
vt 0.81277358 0.99695555
vt 0.81661997 4.7618375e-2
vt 0.81753677 0.13718822
vt 0.81796546 0.57031359
vt 0.81796546 0.59573581
vt 0.81925560 0.21173560
vt 0.81925560 0.24822378
vt 0.81925560 0.30695999
vt 0.81925560 0.34344818
vt 0.81928526 0.35009739
vt 0.81928526 0.63162687
vt 0.81977300 0.97840394
vt 0.82184551 0.37748225
vt 0.82191804 0.55056171
vt 0.82191804 0.58402618
vt 0.82256115 0.12268433
vt 0.82256115 0.12268433
vt 0.82256115 0.39293719
vt 0.82378223 9.6528229e-2
vt 0.82380493 0.22331259
vt 0.82380493 0.72967843
vt 0.82380493 0.45942557
vt 0.82380493 -4.6940267e-2
vt 0.82640849 0.83862290
vt 0.82640849 0.91686984
vt 0.82653199 0.88076188
vt 0.82653199 0.99695555
vt 0.82704539 0.55139898
vt 0.82704539 0.58180087
vt 0.82754778 0.36402261
vt 0.82899490 0.58302470
vt 0.82910909 0.80844946
vt 0.82910909 0.95168712
vt 0.83067657 0.56504847
vt 0.83067657 0.60100092
vt 0.83120165 1.03002130
vt 0.83120165 0.86132984
vt 0.83125282 0.17597108
vt 0.83308627 9.8296445e-2
vt 0.83308627 -3.0596962e-3
vt 0.83313834 0.35009739
vt 0.83313834 0.63162687
vt 0.83426002 0.57031359
vt 0.83426002 0.59573581
vt 0.83508723 0.17886088
vt 0.83508723 0.27408528
vt 0.83508723 0.28109850
vt 0.83508723 0.37632289
vt 0.83697304 0.66743152
vt 0.83697304 0.70082897
vt 0.83697304 0.72494194
vt 0.83697304 0.75833939
vt 0.83770414 0.83429441
vt 0.83770414 0.66429538
vt 0.83810390 0.53891438
vt 0.83912048 0.87774637
vt 0.83912048 0.87774637
vt 0.83918661 0.35751785
vt 0.83918661 0.43049263
vt 0.83918661 0.39989577
vt 0.83918661 0.47287054
vt 0.84029040 0.88076188
vt 0.84029040 0.99695555
vt 0.84231203 0.82706830
vt 0.84231203 0.92842444
vt 0.84257199 0.55056171
vt 0.84257199 0.58402618
vt 0.84338768 0.57031359
vt 0.84338768 0.59573581
vt 0.84528947 0.58302470
vt 0.84697113 0.56504847
vt 0.84697113 0.60100092
vt 0.84699143 0.36821725
vt 0.84699143 0.58346764
vt 0.84734094 0.51661419
vt 0.84734094 0.56121458
vt 0.84850561 6.3649742e-2
vt 0.84865279 0.58302470
vt 0.84953382 0.34075463
vt 0.84953382 0.17486688
vt 0.84985081 0.35009739
vt 0.84985081 0.63162687
vt 0.85055458 0.57031359
vt 0.85055458 0.59573581
vt 0.85077761 5.2422858e-3
vt 0.85077761 0.17113004
vt 0.85118295 0.55139898
vt 0.85118295 0.58180087
vt 0.85370326 0.80844946
vt 0.85370326 0.95168712
vt 0.85404880 0.88076188
vt 0.85404880 0.99695555
vt 0.85499983 0.86132984
vt 0.85499983 1.03002130
vt 0.85877834 0.87774637
vt 0.85877834 0.87774637
vt 0.85968224 0.57031359
vt 0.85968224 0.59573581
vt 0.86084451 0.58346764
vt 0.86084451 0.36821725
vt 0.86167218 0.20366409
vt 0.86187578 0.68180912
vt 0.86187578 0.71056433
vt 0.86187578 0.71520658
vt 0.86187578 0.74396179
vt 0.86239190 0.13297016
vt 0.86322593 0.55056171
vt 0.86322593 0.58402618
vt 0.86326569 0.56504847
vt 0.86326569 0.60100092
vt 0.86356345 0.63972336
vt 0.86356345 0.34705109
vt 0.86358774 0.66116580
vt 0.86358774 0.87641618
vt 0.86361484 0.39907290
vt 0.86361484 0.25133527
vt 0.86361484 0.30384851
vt 0.86361484 0.15611087
vt 0.86370390 0.35009739
vt 0.86370390 0.63162687
vt 0.86376184 0.79529630
vt 0.86376184 0.70329349
vt 0.86494736 0.58302470
vt 0.86530362 0.11401390
vt 0.86669085 0.53891438
vt 0.86878652 0.15105128
vt 0.86964114 0.50737715
vt 0.86964114 0.57045162
vt 0.87001124 0.36123205
vt 0.87001124 0.15438947
vt 0.87125502 0.69797329
vt 0.87125502 0.49113071
vt 0.87125502 0.19160745
vt 0.87125502 -1.5235130e-2
vt 0.87291209 0.74929489
vt 0.87469759 0.36821725
vt 0.87469759 0.58346764
vt 0.87496134 0.21292186
vt 0.87496134 0.30269966
vt 0.87532051 0.55139898
vt 0.87532051 0.58180087
vt 0.87592789 0.51661419
vt 0.87592789 0.56121458
vt 0.87597680 0.57031359
vt 0.87597680 0.59573581
vt 0.87619561 0.12961722
vt 0.87619561 -3.4380466e-2
vt 0.87620513 0.13307506
vt 0.87620513 4.3297259e-2
vt 0.87683001 9.8685482e-2
vt 0.87755698 0.36821725
vt 0.87755698 0.58346764
vt 0.87829743 0.95168712
vt 0.87829743 0.80844946
vt 0.87879802 0.86132984
vt 0.87879802 1.03002130
vt 0.88123622 0.57404893
vt 0.88124192 0.58302470
vt 0.88296846 0.16396216
vt 0.88351642 0.61977039
vt 0.88351642 0.36700406
vt 0.88387988 0.55056171
vt 0.88387988 0.58402618
vt 0.88389030 0.25781076
vt 0.88513408 8.8186161e-2
vt 0.88855068 0.36821725
vt 0.88855068 0.58346764
vt 0.88914015 0.55496718
vt 0.88914015 0.59313069
vt 0.89141007 0.58346764
vt 0.89141007 0.36821725
vt 0.89194133 0.51661419
vt 0.89194133 0.56121458
vt 0.89822809 0.50737715
vt 0.89822809 0.57045162
vt 0.89918819 0.40719229
vt 0.89918819 0.14799149
vt 0.89918819 0.24321588
vt 0.89918819 0.31196789
vt 0.90117838 0.53891438
vt 0.90156885 0.16863586
vt 0.90156885 0.21368888
vt 0.90171638 0.20183956
vt 0.90171638 0.31378196
vt 0.90259620 0.86132984
vt 0.90259620 1.03002130
vt 0.90289159 0.80844946
vt 0.90289159 0.95168712
vt 0.90296016 0.14415736
vt 0.90296016 0.65052320
vt 0.90296016 0.53858080
vt 0.90296016 3.2214962e-2
vt 0.90397921 0.43049263
vt 0.90397921 0.39989577
vt 0.90397921 0.47287054
vt 0.90397921 0.35751785
vt 0.90526315 0.36821725
vt 0.90526315 0.58346764
vt 0.90822190 0.54706325
vt 0.91284974 0.25781076
vt 0.91409352 0.59455200
vt 0.91409352 8.8186161e-2
vt 0.91911623 0.36821725
vt 0.91911623 0.58346764
vt 0.92016924 0.16396216
vt 0.92052829 0.51661419
vt 0.92052829 0.56121458
vt 0.92204340 0.55056171
vt 0.92204340 0.58402618
vt 0.92630769 9.8685482e-2
vt 0.92639439 0.86132984
vt 0.92639439 1.03002130
vt 0.92730366 0.55496718
vt 0.92730366 0.59313069
vt 0.92948169 0.12961722
vt 0.92948169 -3.4380466e-2
vt 0.92976533 0.53891438
vt 0.93435118 0.15105128
vt 0.93476154 0.25133527
vt 0.93476154 0.39907290
vt 0.93476154 0.15611087
vt 0.93476154 0.30384851
vt 0.93502505 0.46228705
vt 0.93503195 0.81151362
vt 0.93503195 0.94354315
vt 0.93520758 0.57404893
vt 0.93783408 0.11401390
vt 0.94004390 0.44860484
vt 0.94074580 0.13297016
vt 0.94146552 0.20366409
vt 0.94269734 0.55056171
vt 0.94269734 0.58402618
vt 0.94477264 0.43536779
vt 0.94964968 0.42171338
vt 0.95019257 1.03002130
vt 0.95019257 0.86132984
vt 0.95428700 0.40855110
vt 0.95463209 6.3649742e-2
vt 0.96114467 0.66116580
vt 0.96114467 0.87641618
vt 0.96324971 0.81151362
vt 0.96324971 0.94354315
vt 0.96328915 0.37632289
vt 0.96328915 0.17886088
vt 0.96328915 0.27408528
vt 0.96328915 0.28109850
vt 0.97188488 0.17597108
vt 0.97259103 -3.0596962e-3
vt 0.97259103 9.8296445e-2
vt 0.97399076 0.86132984
vt 0.97399076 1.03002130
vt 0.97912078 0.21173560
vt 0.97912078 0.24822378
vt 0.97912078 0.30695999
vt 0.97912078 0.34344818
vt 0.97935547 9.6528229e-2
vt 0.98560093 0.13718822
vt 0.98905734 4.7618375e-2
vt 1.05926566 -0.24519154
vt 1.06027062 -0.18258257
vt 1.06564069 0.10437079
vt 1.06626217 0.63819850
vt 1.06629935 0.69708585
vt 1.13983785 0.71149940
vt 1.14227930 0.64077024
vt 1.17811660 0.71390658
vt 1.18229623 0.64744238
vt 1.31125334 0.37072961
vt 1.32501291 -0.21766052
vt 1.35077368 0.37389293
vt 1.36359370 -0.21682181
vn -0.37675282 -0.24846525 0.89236894
vn -0.92176066 -0.10606341 0.37297162
vn 0.37675282 -0.24846525 0.89236894
vn 0.92176066 -0.10606341 0.37297162
vn -0.92176066 -0.10606341 -0.37297162
vn -0.37675282 -0.24846525 -0.89236894
vn 0.37675282 -0.24846525 -0.89236894
vn 0.92176066 -0.10606341 -0.37297162
vn -0.37675282 -0.24846525 0.89236894
vn -0.92176066 -0.10606341 0.37297162
vn 0.92310460 -0.10524604 0.36986643
vn 0.38011788 -0.24857844 0.89090917
vn 0.37675282 -0.24846525 -0.89236894
vn 0.92188661 -0.10568602 -0.37276741
vn -0.92176066 -0.10606341 -0.37297162
vn -0.37675282 -0.24846525 -0.89236894
vn -0.38268343 8.8984203e-17 0.92387953
vn -0.92387953 1.9898856e-16 0.38268343
vn 0.39691936 2.8957843e-3 0.91784892
vn -0.91908181 -0.16155855 -0.35942656
vn -0.68455032 -0.25056281 -0.68455032
vn -0.35942656 -0.16155855 -0.91908181
vn 0.79137145 0.59371284 -0.14572678
vn 0.96550560 0.14039252 -0.21929176
vn 0.84078375 0.39236660 -0.37300286
vn 0.85554294 0.29620199 -0.42463004
vn 0.90730826 0.37253966 -0.19495109
vn 0.81512684 0.38821199 -0.42995312
vn 0.84086604 0.39237924 -0.37280403
vn 0.94893670 0.26248363 0.17498994
vn 0.45207229 0.86915227 -0.20051179
vn 0.54826590 0.79756824 -0.25157385
vn 0.71908816 0.43393711 -0.54278062
vn 0.87942825 0.26581293 -0.39490434
vn 0.51186842 0.85204603 -0.10958228
vn 0.44147299 0.86653132 -0.23286277
vn 0.45214454 0.86917765 -0.20023868
vn -0.55188978 -0.83355121 2.4699299e-2
vn -0.61696323 -0.74207657 0.26206628
vn 0.67480682 -0.43713640 0.59459862
vn 0.74136221 -0.45157077 0.49645334
vn 0.55499208 0.83126833 -3.1252973e-2
vn 0.61820033 0.73853729 -0.26905579
vn -0.67123387 0.43389201 -0.60098487
vn -0.73982418 0.44685462 -0.50297229
vn -0.52366012 -0.83890622 -0.14837933
vn -0.53227286 -0.81802687 -0.21798540
vn 0.64905096 -0.50508090 0.56888148
vn 0.70446569 -0.56956067 0.42347224
vn 0.52693653 0.83756400 0.14430676
vn 0.53211566 0.81775177 0.21939681
vn -0.64616072 0.50355936 -0.57350178
vn -0.70524305 0.56939642 -0.42239787
vn -0.67885755 -0.52270067 0.51569026
vn -0.71116539 -0.13313655 0.69030316
vn 0.75074942 -0.36040983 0.55360641
vn 0.72711819 -7.8486209e-2 0.68201104
vn 0.67865175 0.51982346 -0.51885968
vn 0.71046759 0.13737245 -0.69019172
vn -0.74984754 0.35756311 -0.55666622
vn -0.72668675 8.2759040e-2 -0.68196577
vn -0.23592287 -0.82180977 -0.51862232
vn -0.44697481 -0.82155492 -0.35392236
vn 0.31652443 -0.59237306 0.74088221
vn 0.62549375 -0.59247264 0.50767483
vn 0.22888681 0.82170199 0.52193550
vn 0.44316883 0.82168124 0.35838713
vn -0.32353777 0.59207356 -0.73808685
vn -0.62921879 0.59239476 -0.50314228
vn -0.26091812 -0.82549864 -0.50047351
vn -0.49021970 -0.82629501 -0.27734671
vn 0.35301214 -0.59817726 0.71942088
vn 0.69673759 -0.59658694 0.39829731
vn 0.25327571 0.82522830 0.50482638
vn 0.48557175 0.82635691 0.28522680
vn -0.36073077 0.59796766 -0.71575693
vn -0.70108576 0.59669575 -0.39042661
vn -0.46575932 -0.83181129 -0.30192420
vn -0.16588957 -0.83006433 -0.53242263
vn 0.68249157 -0.60003702 0.41732581
vn 0.28523087 -0.60230594 0.74556751
vn 0.47402250 0.82880070 0.29730803
vn 0.20819648 0.82732538 0.52171538
vn -0.67639189 0.60280618 -0.42322420
vn -0.24283153 0.60537882 -0.75799032
vn 0.0000000e+0 1.00000000 1.4330599e-16
vn -0.70710678 2.8745524e-16 -0.70710678
vn -0.70710678 2.8745524e-16 -0.70710678
vn -0.38268343 1.5067570e-16 0.92387953
vn -0.38268343 1.5067570e-16 0.92387953
vn -0.92387953 1.5067570e-16 0.38268343
vn -0.92387953 1.5067570e-16 0.38268343
vn 0.38268343 1.5067570e-16 0.92387953
vn 0.38268343 1.5067570e-16 0.92387953
vn 0.92387953 1.5067570e-16 0.38268343
vn 0.92387953 1.5067570e-16 0.38268343
vn -0.92387953 1.5067570e-16 -0.38268343
vn -0.92387953 1.5067570e-16 -0.38268343
vn -0.38268343 1.5067570e-16 -0.92387953
vn -0.38268343 1.5067570e-16 -0.92387953
vn 0.38268343 1.5067570e-16 -0.92387953
vn 0.38268343 1.5067570e-16 -0.92387953
vn 0.92387953 1.5067570e-16 -0.38268343
vn 0.92387953 1.5067570e-16 -0.38268343
vn 0.90534201 0.27009663 0.32772497
vn 0.90534201 0.27009663 0.32772497
vn 0.90534201 0.27009663 0.32772497
vn 0.90534201 0.27009663 0.32772497
vn 0.90534201 0.27009663 0.32772497
vn 0.0000000e+0 1.00000000 -1.4987631e-16
vn 0.38268343 1.7640040e-17 -0.92387953
vn 0.38268343 1.7640040e-17 -0.92387953
vn 0.0000000e+0 1.00000000 -1.4987631e-16
vn 0.92405710 7.7306610e-4 -0.38225368
vn 0.92405710 7.7306610e-4 -0.38225368
vn 0.0000000e+0 1.00000000 1.4330599e-16
vn 0.40458323 5.2850563e-3 0.91448591
vn 0.40458323 5.2850563e-3 0.91448591
vn 0.0000000e+0 1.00000000 1.4330599e-16
vn -0.38268343 1.6032837e-16 0.92387953
vn -0.38268343 1.6032837e-16 0.92387953
vn 0.0000000e+0 1.00000000 1.4330599e-16
vn -0.92387953 3.8033708e-16 0.38268343
vn -0.92387953 3.8033708e-16 0.38268343
vn 0.17916898 0.19481839 -0.96433618
vn 0.17916898 0.19481839 -0.96433618
vn 0.17916898 0.19481839 -0.96433618
vn 0.17916898 0.19481839 -0.96433618
vn 0.26493634 0.91156189 -0.31442591
vn 0.0000000e+0 0.0000000e+0 -1.00000000
vn 0.26493634 0.91156189 -0.31442591
vn 0.26493634 0.91156189 -0.31442591
vn 0.46829984 0.59335569 -0.65469403
vn 0.46829984 0.59335569 -0.65469403
vn 0.46829984 0.59335569 -0.65469403
vn 0.46829984 0.59335569 -0.65469403
vn 0.64389954 0.72285305 0.25075256
vn 0.64389954 0.72285305 0.25075256
vn 0.64389954 0.72285305 0.25075256
vn 0.0000000e+0 -0.97220671 0.23412415
vn -1.00000000 4.1308326e-16 1.4720785e-15
vn -1.00000000 4.1308326e-16 1.4720785e-15
vn 0.0000000e+0 -0.97220671 0.23412415
vn -0.70710678 0.16555077 0.68745396
vn -0.70710678 0.16555077 0.68745396
vn 0.0000000e+0 -0.97220671 0.23412415
vn 1.2617816e-15 0.23412415 0.97220671
vn 1.2617816e-15 0.23412415 0.97220671
vn 0.0000000e+0 -0.97220671 0.23412415
vn 0.70710678 0.16555077 0.68745396
vn 0.70710678 0.16555077 0.68745396
vn 0.0000000e+0 -0.97220671 0.23412415
vn 1.00000000 3.9055144e-16 1.4119937e-15
vn 1.00000000 3.9055144e-16 1.4119937e-15
vn 0.0000000e+0 -0.97220671 0.23412415
vn 0.70710678 -0.16555077 -0.68745396
vn 0.70710678 -0.16555077 -0.68745396
vn 0.0000000e+0 -0.97220671 0.23412415
vn 1.4720785e-15 -0.23412415 -0.97220671
vn 1.4720785e-15 -0.23412415 -0.97220671
vn 0.0000000e+0 -0.97220671 0.23412415
vn -0.70710678 -0.16555077 -0.68745396
vn -0.70710678 -0.16555077 -0.68745396
vn -1.7062445e-16 0.97220671 -0.23412415
vn -1.00000000 4.1308326e-16 1.4720785e-15
vn -1.00000000 4.1308326e-16 1.4720785e-15
vn -1.7062445e-16 0.97220671 -0.23412415
vn -0.70710678 0.16555077 0.68745396
vn -0.70710678 0.16555077 0.68745396
vn -1.7062445e-16 0.97220671 -0.23412415
vn 1.2617816e-15 0.23412415 0.97220671
vn 1.2617816e-15 0.23412415 0.97220671
vn -1.7062445e-16 0.97220671 -0.23412415
vn 0.70710678 0.16555077 0.68745396
vn 0.70710678 0.16555077 0.68745396
vn -1.7062445e-16 0.97220671 -0.23412415
vn 1.00000000 3.9055144e-16 1.4119937e-15
vn 1.00000000 3.9055144e-16 1.4119937e-15
vn -1.7062445e-16 0.97220671 -0.23412415
vn 0.70710678 -0.16555077 -0.68745396
vn 0.70710678 -0.16555077 -0.68745396
vn -1.7062445e-16 0.97220671 -0.23412415
vn 1.4720785e-15 -0.23412415 -0.97220671
vn 1.4720785e-15 -0.23412415 -0.97220671
vn -1.7062445e-16 0.97220671 -0.23412415
vn -0.70710678 -0.16555077 -0.68745396
vn -0.70710678 -0.16555077 -0.68745396
vn -1.00000000 0.0000000e+0 0.0000000e+0
vn -9.2009766e-16 1.00000000 -9.6135739e-16
vn -9.2009766e-16 1.00000000 -9.6135739e-16
vn -1.00000000 0.0000000e+0 0.0000000e+0
vn 0.0000000e+0 0.70710678 0.70710678
vn 0.0000000e+0 0.70710678 0.70710678
vn -1.00000000 0.0000000e+0 0.0000000e+0
vn 0.0000000e+0 -6.3089079e-16 1.00000000
vn 0.0000000e+0 -6.3089079e-16 1.00000000
vn -1.00000000 0.0000000e+0 0.0000000e+0
vn 0.0000000e+0 -0.70710678 0.70710678
vn 0.0000000e+0 -0.70710678 0.70710678
vn -1.00000000 0.0000000e+0 0.0000000e+0
vn 9.2009766e-16 -1.00000000 -9.6135739e-16
vn 9.2009766e-16 -1.00000000 -9.6135739e-16
vn -1.00000000 0.0000000e+0 0.0000000e+0
vn 9.2009766e-16 -0.70710678 -0.70710678
vn 9.2009766e-16 -0.70710678 -0.70710678
vn -1.00000000 0.0000000e+0 0.0000000e+0
vn 0.0000000e+0 -6.3089079e-16 -1.00000000
vn 0.0000000e+0 -6.3089079e-16 -1.00000000
vn -1.00000000 0.0000000e+0 0.0000000e+0
vn -9.2009766e-16 0.70710678 -0.70710678
vn -9.2009766e-16 0.70710678 -0.70710678
vn 1.00000000 -4.4348707e-16 0.0000000e+0
vn -9.2009766e-16 1.00000000 -9.6135739e-16
vn -9.2009766e-16 1.00000000 -9.6135739e-16
vn 1.00000000 -4.4348707e-16 0.0000000e+0
vn 0.0000000e+0 0.70710678 0.70710678
vn 0.0000000e+0 0.70710678 0.70710678
vn 1.00000000 -4.4348707e-16 0.0000000e+0
vn 0.0000000e+0 -6.3089079e-16 1.00000000
vn 0.0000000e+0 -6.3089079e-16 1.00000000
vn 1.00000000 -4.4348707e-16 0.0000000e+0
vn 0.0000000e+0 -0.70710678 0.70710678
vn 0.0000000e+0 -0.70710678 0.70710678
vn 1.00000000 -4.4348707e-16 0.0000000e+0
vn 9.2009766e-16 -1.00000000 -9.6135739e-16
vn 9.2009766e-16 -1.00000000 -9.6135739e-16
vn 1.00000000 -4.4348707e-16 0.0000000e+0
vn 9.2009766e-16 -0.70710678 -0.70710678
vn 9.2009766e-16 -0.70710678 -0.70710678
vn 1.00000000 -4.4348707e-16 0.0000000e+0
vn 0.0000000e+0 -6.3089079e-16 -1.00000000
vn 0.0000000e+0 -6.3089079e-16 -1.00000000
vn 1.00000000 -4.4348707e-16 0.0000000e+0
vn -9.2009766e-16 0.70710678 -0.70710678
vn -9.2009766e-16 0.70710678 -0.70710678
vn -0.38268343 -9.0615886e-17 0.92387953
vn -0.38268343 -9.0615886e-17 0.92387953
vn -0.92387953 -9.0615886e-17 0.38268343
vn -0.92387953 -9.0615886e-17 0.38268343
vn -0.38268343 -9.0615886e-17 0.92387953
vn 0.0000000e+0 1.00000000 0.0000000e+0
vn -0.38268343 -9.0615886e-17 0.92387953
vn 0.0000000e+0 1.00000000 0.0000000e+0
vn -0.92387953 -9.0615886e-17 0.38268343
vn -0.92387953 -9.0615886e-17 0.38268343
vn 0.38268343 -9.0615886e-17 0.92387953
vn 0.0000000e+0 1.00000000 0.0000000e+0
vn 0.38268343 -9.0615886e-17 0.92387953
vn 0.92387953 -9.0615886e-17 0.38268343
vn 0.0000000e+0 1.00000000 0.0000000e+0
vn 0.92387953 -9.0615886e-17 0.38268343
vn 0.38268343 -9.0615886e-17 0.92387953
vn 0.38268343 -9.0615886e-17 0.92387953
vn 0.92387953 -9.0615886e-17 0.38268343
vn 0.92387953 -9.0615886e-17 0.38268343
vn -0.92387953 0.0000000e+0 -0.38268343
vn -0.92387953 0.0000000e+0 -0.38268343
vn -0.38268343 0.0000000e+0 -0.92387953
vn -0.38268343 0.0000000e+0 -0.92387953
vn 0.0000000e+0 1.00000000 0.0000000e+0
vn -0.92387953 0.0000000e+0 -0.38268343
vn -0.92387953 0.0000000e+0 -0.38268343
vn 0.0000000e+0 1.00000000 0.0000000e+0
vn -0.38268343 0.0000000e+0 -0.92387953
vn -0.38268343 0.0000000e+0 -0.92387953
vn 0.0000000e+0 1.00000000 0.0000000e+0
vn 0.38268343 0.0000000e+0 -0.92387953
vn 0.38268343 0.0000000e+0 -0.92387953
vn 0.92387953 0.0000000e+0 -0.38268343
vn 0.0000000e+0 1.00000000 0.0000000e+0
vn 0.92387953 0.0000000e+0 -0.38268343
vn 0.38268343 0.0000000e+0 -0.92387953
vn 0.38268343 0.0000000e+0 -0.92387953
vn 0.92387953 0.0000000e+0 -0.38268343
vn 0.92387953 0.0000000e+0 -0.38268343
vn -1.00000000 4.5622590e-16 0.0000000e+0
vn 0.0000000e+0 0.99998970 4.5378405e-3
vn 0.0000000e+0 0.99998970 4.5378405e-3
vn -1.00000000 4.5622590e-16 0.0000000e+0
vn 0.0000000e+0 0.70389076 0.71030824
vn 0.0000000e+0 0.70389076 0.71030824
vn -1.00000000 4.5622590e-16 0.0000000e+0
vn 8.4093229e-17 -4.5378405e-3 0.99998970
vn 8.4093229e-17 -4.5378405e-3 0.99998970
vn -1.00000000 4.5622590e-16 0.0000000e+0
vn 2.5227969e-16 -0.71030824 0.70389076
vn 2.5227969e-16 -0.71030824 0.70389076
vn -1.00000000 4.5622590e-16 0.0000000e+0
vn -5.0455937e-16 -0.99998970 -4.5378405e-3
vn -5.0455937e-16 -0.99998970 -4.5378405e-3
vn -1.00000000 4.5622590e-16 0.0000000e+0
vn -9.2502552e-16 -0.70389076 -0.71030824
vn -9.2502552e-16 -0.70389076 -0.71030824
vn -1.00000000 4.5622590e-16 0.0000000e+0
vn -2.5227969e-16 4.5378405e-3 -0.99998970
vn -2.5227969e-16 4.5378405e-3 -0.99998970
vn -1.00000000 4.5622590e-16 0.0000000e+0
vn 0.0000000e+0 0.71030824 -0.70389076
vn 0.0000000e+0 0.71030824 -0.70389076
vn 1.00000000 4.5622590e-16 0.0000000e+0
vn 0.0000000e+0 0.99998970 4.5378405e-3
vn 0.0000000e+0 0.99998970 4.5378405e-3
vn 1.00000000 4.5622590e-16 0.0000000e+0
vn 0.0000000e+0 0.70389076 0.71030824
vn 0.0000000e+0 0.70389076 0.71030824
vn 1.00000000 4.5622590e-16 0.0000000e+0
vn 8.4093229e-17 -4.5378405e-3 0.99998970
vn 8.4093229e-17 -4.5378405e-3 0.99998970
vn 1.00000000 4.5622590e-16 0.0000000e+0
vn 2.5227969e-16 -0.71030824 0.70389076
vn 2.5227969e-16 -0.71030824 0.70389076
vn 1.00000000 4.5622590e-16 0.0000000e+0
vn -5.0455937e-16 -0.99998970 -4.5378405e-3
vn -5.0455937e-16 -0.99998970 -4.5378405e-3
vn 1.00000000 4.5622590e-16 0.0000000e+0
vn -9.2502552e-16 -0.70389076 -0.71030824
vn -9.2502552e-16 -0.70389076 -0.71030824
vn 1.00000000 4.5622590e-16 0.0000000e+0
vn -2.5227969e-16 4.5378405e-3 -0.99998970
vn -2.5227969e-16 4.5378405e-3 -0.99998970
vn 1.00000000 4.5622590e-16 0.0000000e+0
vn 0.0000000e+0 0.71030824 -0.70389076
vn 0.0000000e+0 0.71030824 -0.70389076
vn -1.00000000 0.0000000e+0 0.0000000e+0
vn 0.0000000e+0 1.00000000 8.7551818e-17
vn 0.0000000e+0 1.00000000 8.7551818e-17
vn -1.00000000 0.0000000e+0 0.0000000e+0
vn 0.0000000e+0 0.80901699 0.58778525
vn 0.0000000e+0 0.80901699 0.58778525
vn -1.00000000 0.0000000e+0 0.0000000e+0
vn 0.0000000e+0 0.30901699 0.95105652
vn 0.0000000e+0 0.30901699 0.95105652
vn -1.00000000 0.0000000e+0 0.0000000e+0
vn -9.3093135e-17 -0.30901699 0.95105652
vn -9.3093135e-17 -0.30901699 0.95105652
vn -1.00000000 0.0000000e+0 0.0000000e+0
vn 9.3093135e-17 -0.80901699 0.58778525
vn 9.3093135e-17 -0.80901699 0.58778525
vn -1.00000000 0.0000000e+0 0.0000000e+0
vn 3.7237254e-16 -1.00000000 1.4591970e-16
vn 3.7237254e-16 -1.00000000 1.4591970e-16
vn -1.00000000 0.0000000e+0 0.0000000e+0
vn 1.8618627e-16 -0.80901699 -0.58778525
vn 1.8618627e-16 -0.80901699 -0.58778525
vn -1.00000000 0.0000000e+0 0.0000000e+0
vn 1.6536663e-31 -0.30901699 -0.95105652
vn 1.6536663e-31 -0.30901699 -0.95105652
vn -1.00000000 0.0000000e+0 0.0000000e+0
vn 9.3093135e-17 0.30901699 -0.95105652
vn 9.3093135e-17 0.30901699 -0.95105652
vn -1.00000000 0.0000000e+0 0.0000000e+0
vn 9.3093135e-17 0.80901699 -0.58778525
vn 9.3093135e-17 0.80901699 -0.58778525
vn 1.00000000 0.0000000e+0 0.0000000e+0
vn 0.0000000e+0 1.00000000 8.7551818e-17
vn 0.0000000e+0 1.00000000 8.7551818e-17
vn 1.00000000 0.0000000e+0 0.0000000e+0
vn 0.0000000e+0 0.80901699 0.58778525
vn 0.0000000e+0 0.80901699 0.58778525
vn 1.00000000 0.0000000e+0 0.0000000e+0
vn 0.0000000e+0 0.30901699 0.95105652
vn 0.0000000e+0 0.30901699 0.95105652
vn 1.00000000 0.0000000e+0 0.0000000e+0
vn -9.3093135e-17 -0.30901699 0.95105652
vn -9.3093135e-17 -0.30901699 0.95105652
vn 1.00000000 0.0000000e+0 0.0000000e+0
vn 9.3093135e-17 -0.80901699 0.58778525
vn 9.3093135e-17 -0.80901699 0.58778525
vn 1.00000000 0.0000000e+0 0.0000000e+0
vn 3.7237254e-16 -1.00000000 1.4591970e-16
vn 3.7237254e-16 -1.00000000 1.4591970e-16
vn 1.00000000 0.0000000e+0 0.0000000e+0
vn 1.8618627e-16 -0.80901699 -0.58778525
vn 1.8618627e-16 -0.80901699 -0.58778525
vn 1.00000000 0.0000000e+0 0.0000000e+0
vn 1.6536663e-31 -0.30901699 -0.95105652
vn 1.6536663e-31 -0.30901699 -0.95105652
vn 1.00000000 0.0000000e+0 0.0000000e+0
vn 9.3093135e-17 0.30901699 -0.95105652
vn 9.3093135e-17 0.30901699 -0.95105652
vn 1.00000000 0.0000000e+0 0.0000000e+0
vn 9.3093135e-17 0.80901699 -0.58778525
vn 9.3093135e-17 0.80901699 -0.58778525
vn 0.0000000e+0 0.0000000e+0 1.00000000
vn -1.00000000 0.0000000e+0 0.0000000e+0
vn 0.0000000e+0 0.0000000e+0 1.00000000
vn 0.0000000e+0 1.00000000 0.0000000e+0
vn -1.00000000 0.0000000e+0 0.0000000e+0
vn 0.0000000e+0 0.0000000e+0 1.00000000
vn 1.00000000 0.0000000e+0 0.0000000e+0
vn 0.0000000e+0 1.00000000 0.0000000e+0
vn 0.0000000e+0 0.0000000e+0 1.00000000
vn 1.00000000 0.0000000e+0 0.0000000e+0
vn 0.0000000e+0 0.0000000e+0 -1.00000000
vn -1.00000000 0.0000000e+0 0.0000000e+0
vn 0.0000000e+0 1.00000000 0.0000000e+0
vn 0.0000000e+0 0.0000000e+0 -1.00000000
vn -1.00000000 0.0000000e+0 0.0000000e+0
vn 1.00000000 0.0000000e+0 0.0000000e+0
vn 0.0000000e+0 1.00000000 0.0000000e+0
vn 0.0000000e+0 0.0000000e+0 -1.00000000
vn 1.00000000 0.0000000e+0 0.0000000e+0
vn 0.0000000e+0 0.0000000e+0 -1.00000000
vn 0.0000000e+0 0.0000000e+0 1.00000000
vn -1.00000000 0.0000000e+0 0.0000000e+0
vn 0.0000000e+0 0.0000000e+0 1.00000000
vn 0.0000000e+0 1.00000000 0.0000000e+0
vn -1.00000000 0.0000000e+0 0.0000000e+0
vn 0.0000000e+0 0.0000000e+0 1.00000000
vn 1.00000000 0.0000000e+0 0.0000000e+0
vn 0.0000000e+0 1.00000000 0.0000000e+0
vn 0.0000000e+0 0.0000000e+0 1.00000000
vn 1.00000000 0.0000000e+0 0.0000000e+0
vn 0.0000000e+0 0.0000000e+0 -1.00000000
vn -1.00000000 0.0000000e+0 0.0000000e+0
vn 0.0000000e+0 1.00000000 0.0000000e+0
vn 0.0000000e+0 0.0000000e+0 -1.00000000
vn -1.00000000 0.0000000e+0 0.0000000e+0
vn 1.00000000 0.0000000e+0 0.0000000e+0
vn 0.0000000e+0 1.00000000 0.0000000e+0
vn 0.0000000e+0 0.0000000e+0 -1.00000000
vn 1.00000000 0.0000000e+0 0.0000000e+0
vn 0.0000000e+0 0.0000000e+0 -1.00000000
vn 1.3649956e-15 0.10938735 0.99399920
vn -1.00000000 1.0815271e-15 1.2392498e-16
vn -1.00000000 1.0815271e-15 1.2392498e-16
vn 1.3649956e-15 0.10938735 0.99399920
vn -0.70710678 0.70286357 -7.7348535e-2
vn -0.70710678 0.70286357 -7.7348535e-2
vn 1.3649956e-15 0.10938735 0.99399920
vn 1.2918240e-15 0.99399920 -0.10938735
vn 1.2918240e-15 0.99399920 -0.10938735
vn 1.3649956e-15 0.10938735 0.99399920
vn 0.70710678 0.70286357 -7.7348535e-2
vn 0.70710678 0.70286357 -7.7348535e-2
vn 1.3649956e-15 0.10938735 0.99399920
vn 1.00000000 1.0815271e-15 -1.3894619e-16
vn 1.00000000 1.0815271e-15 -1.3894619e-16
vn 1.3649956e-15 0.10938735 0.99399920
vn 0.70710678 -0.70286357 7.7348535e-2
vn 0.70710678 -0.70286357 7.7348535e-2
vn 1.3649956e-15 0.10938735 0.99399920
vn 1.1716543e-15 -0.99399920 0.10938735
vn 1.1716543e-15 -0.99399920 0.10938735
vn 1.3649956e-15 0.10938735 0.99399920
vn -0.70710678 -0.70286357 7.7348535e-2
vn -0.70710678 -0.70286357 7.7348535e-2
vn -1.00000000 1.0815271e-15 1.2392498e-16
vn -1.00000000 1.0815271e-15 1.2392498e-16
vn -1.6333390e-15 0.10938735 0.99399920
vn -1.6333390e-15 0.10938735 0.99399920
vn -0.70710678 0.70286357 -7.7348535e-2
vn -0.70710678 0.70286357 -7.7348535e-2
vn 1.9068549e-15 0.10938735 0.99399920
vn 1.9068549e-15 0.10938735 0.99399920
vn 1.2918240e-15 0.99399920 -0.10938735
vn 1.2918240e-15 0.99399920 -0.10938735
vn -2.6295364e-31 0.10938735 0.99399920
vn -2.6295364e-31 0.10938735 0.99399920
vn -2.6295364e-31 0.10938735 0.99399920
vn 0.70710678 0.70286357 -7.7348535e-2
vn 0.70710678 0.70286357 -7.7348535e-2
vn -1.9068549e-15 0.10938735 0.99399920
vn -1.9068549e-15 0.10938735 0.99399920
vn 1.00000000 1.0815271e-15 -1.3894619e-16
vn 1.00000000 1.0815271e-15 -1.3894619e-16
vn 1.6333390e-15 0.10938735 0.99399920
vn 1.6333390e-15 0.10938735 0.99399920
vn 0.70710678 -0.70286357 7.7348535e-2
vn 0.70710678 -0.70286357 7.7348535e-2
vn 1.6333390e-15 0.10938735 0.99399920
vn 1.6333390e-15 0.10938735 0.99399920
vn 1.1716543e-15 -0.99399920 0.10938735
vn 1.1716543e-15 -0.99399920 0.10938735
vn 5.8178492e-30 0.10938735 0.99399920
vn 5.8178492e-30 0.10938735 0.99399920
vn -0.70710678 -0.70286357 7.7348535e-2
vn -0.70710678 -0.70286357 7.7348535e-2
vn -1.6333390e-15 0.10938735 0.99399920
vn -1.6333390e-15 0.10938735 0.99399920
vn -1.6333390e-15 0.10938735 0.99399920
vn -1.6333390e-15 0.10938735 0.99399920
vn -1.00000000 2.4033935e-16 2.4409465e-16
vn -1.00000000 2.4033935e-16 2.4409465e-16
vn 1.2712366e-15 0.10938735 0.99399920
vn 1.2712366e-15 0.10938735 0.99399920
vn -0.55557023 0.82648013 -9.0952255e-2
vn 1.2712366e-15 0.10938735 0.99399920
vn -0.55557023 0.82648013 -9.0952255e-2
vn -1.2712366e-15 0.10938735 0.99399920
vn -1.2712366e-15 0.10938735 0.99399920
vn -1.2712366e-15 0.10938735 0.99399920
vn 0.55557023 0.82648013 -9.0952255e-2
vn 0.55557023 0.82648013 -9.0952255e-2
vn 1.6333390e-15 0.10938735 0.99399920
vn 1.6333390e-15 0.10938735 0.99399920
vn 1.00000000 2.4033935e-16 0.0000000e+0
vn 1.00000000 2.4033935e-16 0.0000000e+0
vn 1.6333390e-15 0.10938735 0.99399920
vn 1.6333390e-15 0.10938735 0.99399920
vn 0.70710678 -0.70286357 7.7348535e-2
vn 0.70710678 -0.70286357 7.7348535e-2
vn 5.8178492e-30 0.10938735 0.99399920
vn 5.8178492e-30 0.10938735 0.99399920
vn 8.4118772e-16 -0.99399920 0.10938735
vn 8.4118772e-16 -0.99399920 0.10938735
vn -1.6333390e-15 0.10938735 0.99399920
vn -1.6333390e-15 0.10938735 0.99399920
vn -0.70710678 -0.70286357 7.7348535e-2
vn -0.70710678 -0.70286357 7.7348535e-2
vn 0.0000000e+0 -0.10938735 -0.99399920
vn -1.00000000 2.4033935e-16 2.4409465e-16
vn -1.00000000 2.4033935e-16 2.4409465e-16
vn 0.0000000e+0 -0.10938735 -0.99399920
vn -0.55557023 0.82648013 -9.0952255e-2
vn -0.55557023 0.82648013 -9.0952255e-2
vn 0.0000000e+0 -0.10938735 -0.99399920
vn 0.55557023 0.82648013 -9.0952255e-2
vn 0.55557023 0.82648013 -9.0952255e-2
vn 0.0000000e+0 -0.10938735 -0.99399920
vn 1.00000000 2.4033935e-16 0.0000000e+0
vn 1.00000000 2.4033935e-16 0.0000000e+0
vn 0.0000000e+0 -0.10938735 -0.99399920
vn 0.70710678 -0.70286357 7.7348535e-2
vn 0.70710678 -0.70286357 7.7348535e-2
vn 0.0000000e+0 -0.10938735 -0.99399920
vn 8.4118772e-16 -0.99399920 0.10938735
vn 8.4118772e-16 -0.99399920 0.10938735
vn 0.0000000e+0 -0.10938735 -0.99399920
vn -0.70710678 -0.70286357 7.7348535e-2
vn -0.70710678 -0.70286357 7.7348535e-2
vn 1.00000000 -4.8375764e-17 0.0000000e+0
vn 0.0000000e+0 -1.00000000 9.9047688e-17
vn 0.0000000e+0 -1.00000000 9.9047688e-17
vn 1.00000000 -4.8375764e-17 0.0000000e+0
vn 0.0000000e+0 -0.92387953 0.38268343
vn 0.0000000e+0 -0.92387953 0.38268343
vn 1.00000000 -4.8375764e-17 0.0000000e+0
vn 1.6873288e-16 -0.70710678 0.70710678
vn 1.6873288e-16 -0.70710678 0.70710678
vn 1.00000000 -4.8375764e-17 0.0000000e+0
vn 8.4366438e-17 -0.38268343 0.92387953
vn 8.4366438e-17 -0.38268343 0.92387953
vn 1.00000000 -4.8375764e-17 0.0000000e+0
vn -1.5080918e-31 -1.8394571e-16 1.00000000
vn -1.5080918e-31 -1.8394571e-16 1.00000000
vn 1.00000000 -4.8375764e-17 0.0000000e+0
vn 8.4366438e-17 0.38268343 0.92387953
vn 8.4366438e-17 0.38268343 0.92387953
vn 1.00000000 -4.8375764e-17 0.0000000e+0
vn 3.3746575e-16 0.70710678 0.70710678
vn 3.3746575e-16 0.70710678 0.70710678
vn 1.00000000 -4.8375764e-17 0.0000000e+0
vn 3.3746575e-16 0.92387953 0.38268343
vn 3.3746575e-16 0.92387953 0.38268343
vn 1.00000000 -4.8375764e-17 0.0000000e+0
vn 6.7493150e-16 1.00000000 -2.8299339e-17
vn 6.7493150e-16 1.00000000 -2.8299339e-17
vn 1.00000000 -4.8375764e-17 0.0000000e+0
vn 3.3746575e-16 0.92387953 -0.38268343
vn 3.3746575e-16 0.92387953 -0.38268343
vn 1.00000000 -4.8375764e-17 0.0000000e+0
vn -3.3746575e-16 0.70710678 -0.70710678
vn -3.3746575e-16 0.70710678 -0.70710678
vn 1.00000000 -4.8375764e-17 0.0000000e+0
vn 0.0000000e+0 0.38268343 -0.92387953
vn 0.0000000e+0 0.38268343 -0.92387953
vn 1.00000000 -4.8375764e-17 0.0000000e+0
vn -8.4366438e-17 -7.0748349e-17 -1.00000000
vn -8.4366438e-17 -7.0748349e-17 -1.00000000
vn 1.00000000 -4.8375764e-17 0.0000000e+0
vn -2.5309931e-16 -0.38268343 -0.92387953
vn -2.5309931e-16 -0.38268343 -0.92387953
vn 1.00000000 -4.8375764e-17 0.0000000e+0
vn -1.6873288e-16 -0.70710678 -0.70710678
vn -1.6873288e-16 -0.70710678 -0.70710678
vn 1.00000000 -4.8375764e-17 0.0000000e+0
vn 0.0000000e+0 -0.92387953 -0.38268343
vn 0.0000000e+0 -0.92387953 -0.38268343
vn 0.0000000e+0 -1.00000000 9.9047688e-17
vn 0.0000000e+0 -1.00000000 9.9047688e-17
vn 0.0000000e+0 -0.92387953 0.38268343
vn 0.0000000e+0 -0.92387953 0.38268343
vn 1.6873288e-16 -0.70710678 0.70710678
vn 1.6873288e-16 -0.70710678 0.70710678
vn 8.4366438e-17 -0.38268343 0.92387953
vn 8.4366438e-17 -0.38268343 0.92387953
vn -1.5080918e-31 -1.8394571e-16 1.00000000
vn -1.5080918e-31 -1.8394571e-16 1.00000000
vn 8.4366438e-17 0.38268343 0.92387953
vn 8.4366438e-17 0.38268343 0.92387953
vn 3.3746575e-16 0.70710678 0.70710678
vn 3.3746575e-16 0.70710678 0.70710678
vn 3.3746575e-16 0.92387953 0.38268343
vn 3.3746575e-16 0.92387953 0.38268343
vn 6.7493150e-16 1.00000000 -2.8299339e-17
vn 6.7493150e-16 1.00000000 -2.8299339e-17
vn 3.3746575e-16 0.92387953 -0.38268343
vn 3.3746575e-16 0.92387953 -0.38268343
vn -3.3746575e-16 0.70710678 -0.70710678
vn -3.3746575e-16 0.70710678 -0.70710678
vn 0.0000000e+0 0.38268343 -0.92387953
vn 0.0000000e+0 0.38268343 -0.92387953
vn -8.4366438e-17 -7.0748349e-17 -1.00000000
vn -8.4366438e-17 -7.0748349e-17 -1.00000000
vn -2.5309931e-16 -0.38268343 -0.92387953
vn -2.5309931e-16 -0.38268343 -0.92387953
vn -1.6873288e-16 -0.70710678 -0.70710678
vn -1.6873288e-16 -0.70710678 -0.70710678
vn 0.0000000e+0 -0.92387953 -0.38268343
vn 0.0000000e+0 -0.92387953 -0.38268343
vn -0.70356981 8.2044605e-2 0.70587407
vn -0.70356981 8.2044605e-2 0.70587407
vn 0.71061050 8.1345059e-2 0.69886744
vn 0.71061050 8.1345059e-2 0.69886744
vn 0.70346003 -7.3622175e-2 -0.70691142
vn 0.70346003 -7.3622175e-2 -0.70691142
vn -0.71074958 -7.2763546e-2 -0.69967171
vn -0.71074958 -7.2763546e-2 -0.69967171
vn 3.0539683e-2 -0.81209630 -0.58272371
vn 3.0539683e-2 -0.81209630 -0.58272371
vn 3.5806312e-2 -0.58214152 0.81229869
vn 3.5806312e-2 -0.58214152 0.81229869
vn 3.3034392e-2 0.81317408 0.58108230
vn 3.3034392e-2 0.81317408 0.58108230
vn 2.6532037e-2 0.58319863 -0.81189618
vn 2.6532037e-2 0.58319863 -0.81189618
vn -1.00000000 0.0000000e+0 0.0000000e+0
vn 0.0000000e+0 1.00000000 5.1279005e-16
vn 0.0000000e+0 1.00000000 5.1279005e-16
vn -1.00000000 0.0000000e+0 0.0000000e+0
vn 0.0000000e+0 0.50000000 0.86602540
vn 0.0000000e+0 0.50000000 0.86602540
vn -1.00000000 0.0000000e+0 0.0000000e+0
vn -1.4505600e-16 -0.50000000 0.86602540
vn -1.4505600e-16 -0.50000000 0.86602540
vn -1.00000000 0.0000000e+0 0.0000000e+0
vn -2.9011200e-16 -1.00000000 0.0000000e+0
vn -2.9011200e-16 -1.00000000 0.0000000e+0
vn -1.00000000 0.0000000e+0 0.0000000e+0
vn -1.4505600e-16 -0.50000000 -0.86602540
vn -1.4505600e-16 -0.50000000 -0.86602540
vn -1.00000000 0.0000000e+0 0.0000000e+0
vn -5.1534244e-31 0.50000000 -0.86602540
vn -5.1534244e-31 0.50000000 -0.86602540
vn 1.00000000 0.0000000e+0 0.0000000e+0
vn 0.0000000e+0 1.00000000 5.1279005e-16
vn 0.0000000e+0 1.00000000 5.1279005e-16
vn 1.00000000 0.0000000e+0 0.0000000e+0
vn 0.0000000e+0 0.50000000 0.86602540
vn 0.0000000e+0 0.50000000 0.86602540
vn 1.00000000 0.0000000e+0 0.0000000e+0
vn -1.4505600e-16 -0.50000000 0.86602540
vn -1.4505600e-16 -0.50000000 0.86602540
vn 1.00000000 0.0000000e+0 0.0000000e+0
vn -2.9011200e-16 -1.00000000 0.0000000e+0
vn -2.9011200e-16 -1.00000000 0.0000000e+0
vn 1.00000000 0.0000000e+0 0.0000000e+0
vn -1.4505600e-16 -0.50000000 -0.86602540
vn -1.4505600e-16 -0.50000000 -0.86602540
vn 1.00000000 0.0000000e+0 0.0000000e+0
vn -5.1534244e-31 0.50000000 -0.86602540
vn -5.1534244e-31 0.50000000 -0.86602540
vn 0.0000000e+0 0.0000000e+0 1.00000000
vn 1.00000000 0.0000000e+0 0.0000000e+0
vn 0.0000000e+0 0.0000000e+0 1.00000000
vn -1.00000000 0.0000000e+0 0.0000000e+0
vn 0.0000000e+0 0.0000000e+0 1.00000000
vn 0.0000000e+0 1.00000000 0.0000000e+0
vn -1.00000000 0.0000000e+0 0.0000000e+0
vn 0.0000000e+0 0.0000000e+0 1.00000000
vn 0.0000000e+0 1.00000000 0.0000000e+0
vn 1.00000000 0.0000000e+0 0.0000000e+0
vn 1.00000000 0.0000000e+0 0.0000000e+0
vn 0.0000000e+0 0.0000000e+0 -1.00000000
vn -1.00000000 0.0000000e+0 0.0000000e+0
vn 0.0000000e+0 0.0000000e+0 -1.00000000
vn 0.0000000e+0 1.00000000 0.0000000e+0
vn -1.00000000 0.0000000e+0 0.0000000e+0
vn 0.0000000e+0 0.0000000e+0 -1.00000000
vn 0.0000000e+0 1.00000000 0.0000000e+0
vn 1.00000000 0.0000000e+0 0.0000000e+0
vn 0.0000000e+0 0.0000000e+0 -1.00000000
vn 0.0000000e+0 0.0000000e+0 1.00000000
vn 0.0000000e+0 -1.00000000 0.0000000e+0
vn 0.0000000e+0 0.0000000e+0 1.00000000
vn 0.0000000e+0 1.00000000 0.0000000e+0
vn 0.0000000e+0 0.0000000e+0 1.00000000
vn 1.00000000 0.0000000e+0 0.0000000e+0
vn 0.0000000e+0 1.00000000 0.0000000e+0
vn 0.0000000e+0 0.0000000e+0 1.00000000
vn 1.00000000 0.0000000e+0 0.0000000e+0
vn 0.0000000e+0 -1.00000000 0.0000000e+0
vn 0.0000000e+0 -1.00000000 0.0000000e+0
vn 0.0000000e+0 0.0000000e+0 -1.00000000
vn 0.0000000e+0 1.00000000 0.0000000e+0
vn 0.0000000e+0 0.0000000e+0 -1.00000000
vn 1.00000000 0.0000000e+0 0.0000000e+0
vn 0.0000000e+0 1.00000000 0.0000000e+0
vn 0.0000000e+0 0.0000000e+0 -1.00000000
vn 1.00000000 0.0000000e+0 0.0000000e+0
vn 0.0000000e+0 -1.00000000 0.0000000e+0
vn 0.0000000e+0 0.0000000e+0 -1.00000000
vn 0.0000000e+0 -1.00000000 0.0000000e+0
vn -1.00000000 1.2590079e-17 -2.3347151e-16
vn -1.00000000 1.2590079e-17 -2.3347151e-16
vn 0.0000000e+0 -1.00000000 0.0000000e+0
vn -0.80901699 6.2950397e-17 0.58778525
vn -0.80901699 6.2950397e-17 0.58778525
vn 0.0000000e+0 -1.00000000 0.0000000e+0
vn -0.30901699 5.0360318e-17 0.95105652
vn -0.30901699 5.0360318e-17 0.95105652
vn 0.0000000e+0 -1.00000000 0.0000000e+0
vn 0.30901699 5.0360318e-17 0.95105652
vn 0.30901699 5.0360318e-17 0.95105652
vn 0.0000000e+0 -1.00000000 0.0000000e+0
vn 0.80901699 6.2950397e-17 0.58778525
vn 0.80901699 6.2950397e-17 0.58778525
vn 0.0000000e+0 -1.00000000 0.0000000e+0
vn 1.00000000 1.2590079e-17 -2.6265545e-16
vn 1.00000000 1.2590079e-17 -2.6265545e-16
vn 0.0000000e+0 -1.00000000 0.0000000e+0
vn 0.80901699 0.0000000e+0 -0.58778525
vn 0.80901699 0.0000000e+0 -0.58778525
vn 0.0000000e+0 -1.00000000 0.0000000e+0
vn 0.30901699 0.0000000e+0 -0.95105652
vn 0.30901699 0.0000000e+0 -0.95105652
vn 0.0000000e+0 -1.00000000 0.0000000e+0
vn -0.30901699 0.0000000e+0 -0.95105652
vn -0.30901699 0.0000000e+0 -0.95105652
vn 0.0000000e+0 -1.00000000 0.0000000e+0
vn -0.80901699 0.0000000e+0 -0.58778525
vn -0.80901699 0.0000000e+0 -0.58778525
vn -1.00000000 1.2590079e-17 -2.3347151e-16
vn -1.00000000 1.2590079e-17 -2.3347151e-16
vn 3.5893628e-15 1.00000000 0.0000000e+0
vn 3.5893628e-15 1.00000000 0.0000000e+0
vn -0.80901699 6.2950397e-17 0.58778525
vn -0.80901699 6.2950397e-17 0.58778525
vn 2.2433517e-15 1.00000000 0.0000000e+0
vn 2.2433517e-15 1.00000000 0.0000000e+0
vn -0.30901699 5.0360318e-17 0.95105652
vn -0.30901699 5.0360318e-17 0.95105652
vn 4.4867035e-16 1.00000000 0.0000000e+0
vn 4.4867035e-16 1.00000000 0.0000000e+0
vn 0.30901699 5.0360318e-17 0.95105652
vn 0.30901699 5.0360318e-17 0.95105652
vn 0.0000000e+0 1.00000000 0.0000000e+0
vn 0.0000000e+0 1.00000000 0.0000000e+0
vn 0.80901699 6.2950397e-17 0.58778525
vn 0.80901699 6.2950397e-17 0.58778525
vn -1.7946814e-15 1.00000000 0.0000000e+0
vn -1.7946814e-15 1.00000000 0.0000000e+0
vn 1.00000000 1.2590079e-17 -2.6265545e-16
vn 1.00000000 1.2590079e-17 -2.6265545e-16
vn -3.5893628e-15 1.00000000 0.0000000e+0
vn -3.5893628e-15 1.00000000 0.0000000e+0
vn 0.80901699 0.0000000e+0 -0.58778525
vn 0.80901699 0.0000000e+0 -0.58778525
vn -1.3460110e-15 1.00000000 0.0000000e+0
vn -1.3460110e-15 1.00000000 0.0000000e+0
vn 0.30901699 0.0000000e+0 -0.95105652
vn 0.30901699 0.0000000e+0 -0.95105652
vn 4.4867035e-16 1.00000000 0.0000000e+0
vn 4.4867035e-16 1.00000000 0.0000000e+0
vn -0.30901699 0.0000000e+0 -0.95105652
vn -0.30901699 0.0000000e+0 -0.95105652
vn 0.0000000e+0 1.00000000 0.0000000e+0
vn 0.0000000e+0 1.00000000 0.0000000e+0
vn -0.80901699 0.0000000e+0 -0.58778525
vn -0.80901699 0.0000000e+0 -0.58778525
vn 1.7946814e-15 1.00000000 0.0000000e+0
vn 1.7946814e-15 1.00000000 0.0000000e+0
vn 3.5893628e-15 1.00000000 0.0000000e+0
vn 3.5893628e-15 1.00000000 0.0000000e+0
vn -1.00000000 0.0000000e+0 -1.2257254e-15
vn -1.00000000 0.0000000e+0 -1.2257254e-15
vn 2.2433517e-15 1.00000000 0.0000000e+0
vn 2.2433517e-15 1.00000000 0.0000000e+0
vn -0.80901699 -8.4471238e-16 0.58778525
vn -0.80901699 -8.4471238e-16 0.58778525
vn 4.4867035e-16 1.00000000 0.0000000e+0
vn 4.4867035e-16 1.00000000 0.0000000e+0
vn -0.30901699 -8.4471238e-16 0.95105652
vn -0.30901699 -8.4471238e-16 0.95105652
vn 0.0000000e+0 1.00000000 0.0000000e+0
vn 0.0000000e+0 1.00000000 0.0000000e+0
vn 0.30901699 0.0000000e+0 0.95105652
vn 0.30901699 0.0000000e+0 0.95105652
vn -1.7946814e-15 1.00000000 0.0000000e+0
vn -1.7946814e-15 1.00000000 0.0000000e+0
vn 0.80901699 0.0000000e+0 0.58778525
vn 0.80901699 0.0000000e+0 0.58778525
vn -3.5893628e-15 1.00000000 0.0000000e+0
vn -3.5893628e-15 1.00000000 0.0000000e+0
vn 1.00000000 0.0000000e+0 -1.9845079e-15
vn 1.00000000 0.0000000e+0 -1.9845079e-15
vn -1.3460110e-15 1.00000000 0.0000000e+0
vn -1.3460110e-15 1.00000000 0.0000000e+0
vn 0.80901699 0.0000000e+0 -0.58778525
vn 0.80901699 0.0000000e+0 -0.58778525
vn 4.4867035e-16 1.00000000 0.0000000e+0
vn 4.4867035e-16 1.00000000 0.0000000e+0
vn 0.30901699 0.0000000e+0 -0.95105652
vn 0.30901699 0.0000000e+0 -0.95105652
vn 0.0000000e+0 1.00000000 0.0000000e+0
vn 0.0000000e+0 1.00000000 0.0000000e+0
vn -0.30901699 0.0000000e+0 -0.95105652
vn -0.30901699 0.0000000e+0 -0.95105652
vn 1.7946814e-15 1.00000000 0.0000000e+0
vn 1.7946814e-15 1.00000000 0.0000000e+0
vn -0.80901699 0.0000000e+0 -0.58778525
vn -0.80901699 0.0000000e+0 -0.58778525
vn -1.00000000 0.0000000e+0 -1.2257254e-15
vn -1.00000000 0.0000000e+0 -1.2257254e-15
vn -0.61489490 0.78860907 4.5286576e-16
vn -0.61489490 0.78860907 4.5286576e-16
vn -0.80901699 -8.4471238e-16 0.58778525
vn -0.80901699 -8.4471238e-16 0.58778525
vn -0.49746043 0.78860907 0.36142616
vn -0.49746043 0.78860907 0.36142616
vn -0.30901699 -8.4471238e-16 0.95105652
vn -0.30901699 -8.4471238e-16 0.95105652
vn -0.19001297 0.78860907 0.58479980
vn -0.19001297 0.78860907 0.58479980
vn 0.30901699 0.0000000e+0 0.95105652
vn 0.30901699 0.0000000e+0 0.95105652
vn 0.19001297 0.78860907 0.58479980
vn 0.19001297 0.78860907 0.58479980
vn 0.80901699 0.0000000e+0 0.58778525
vn 0.80901699 0.0000000e+0 0.58778525
vn 0.49746043 0.78860907 0.36142616
vn 0.49746043 0.78860907 0.36142616
vn 1.00000000 0.0000000e+0 -1.9845079e-15
vn 1.00000000 0.0000000e+0 -1.9845079e-15
vn 0.61489490 0.78860907 -1.5567260e-16
vn 0.61489490 0.78860907 -1.5567260e-16
vn 0.80901699 0.0000000e+0 -0.58778525
vn 0.80901699 0.0000000e+0 -0.58778525
vn 0.49746043 0.78860907 -0.36142616
vn 0.49746043 0.78860907 -0.36142616
vn 0.30901699 0.0000000e+0 -0.95105652
vn 0.30901699 0.0000000e+0 -0.95105652
vn 0.19001297 0.78860907 -0.58479980
vn 0.19001297 0.78860907 -0.58479980
vn -0.30901699 0.0000000e+0 -0.95105652
vn -0.30901699 0.0000000e+0 -0.95105652
vn -0.19001297 0.78860907 -0.58479980
vn -0.19001297 0.78860907 -0.58479980
vn -0.80901699 0.0000000e+0 -0.58778525
vn -0.80901699 0.0000000e+0 -0.58778525
vn -0.49746043 0.78860907 -0.36142616
vn -0.49746043 0.78860907 -0.36142616
vn -0.61489490 0.78860907 4.5286576e-16
vn -0.61489490 0.78860907 4.5286576e-16
vn -1.00000000 0.0000000e+0 3.7939121e-16
vn -1.00000000 0.0000000e+0 3.7939121e-16
vn -0.49746043 0.78860907 0.36142616
vn -0.49746043 0.78860907 0.36142616
vn -0.80901699 -1.4380966e-16 0.58778525
vn -0.80901699 -1.4380966e-16 0.58778525
vn -0.19001297 0.78860907 0.58479980
vn -0.19001297 0.78860907 0.58479980
vn -0.30901699 -1.4380966e-16 0.95105652
vn -0.30901699 -1.4380966e-16 0.95105652
vn 0.19001297 0.78860907 0.58479980
vn 0.19001297 0.78860907 0.58479980
vn 0.30901699 1.4380966e-16 0.95105652
vn 0.30901699 1.4380966e-16 0.95105652
vn 0.49746043 0.78860907 0.36142616
vn 0.49746043 0.78860907 0.36142616
vn 0.80901699 7.1904832e-17 0.58778525
vn 0.80901699 7.1904832e-17 0.58778525
vn 0.61489490 0.78860907 -1.5567260e-16
vn 0.61489490 0.78860907 -1.5567260e-16
vn 1.00000000 -7.1904832e-17 -6.4204666e-16
vn 1.00000000 -7.1904832e-17 -6.4204666e-16
vn 0.49746043 0.78860907 -0.36142616
vn 0.49746043 0.78860907 -0.36142616
vn 0.80901699 0.0000000e+0 -0.58778525
vn 0.80901699 0.0000000e+0 -0.58778525
vn 0.19001297 0.78860907 -0.58479980
vn 0.19001297 0.78860907 -0.58479980
vn 0.30901699 0.0000000e+0 -0.95105652
vn 0.30901699 0.0000000e+0 -0.95105652
vn -0.19001297 0.78860907 -0.58479980
vn -0.19001297 0.78860907 -0.58479980
vn -0.30901699 -1.4380966e-16 -0.95105652
vn -0.30901699 -1.4380966e-16 -0.95105652
vn -0.49746043 0.78860907 -0.36142616
vn -0.49746043 0.78860907 -0.36142616
vn -0.80901699 -1.4380966e-16 -0.58778525
vn -0.80901699 -1.4380966e-16 -0.58778525
vn 0.0000000e+0 1.00000000 2.7986613e-16
vn -1.00000000 0.0000000e+0 3.7939121e-16
vn -1.00000000 0.0000000e+0 3.7939121e-16
vn 0.0000000e+0 1.00000000 2.7986613e-16
vn -0.80901699 -1.4380966e-16 0.58778525
vn -0.80901699 -1.4380966e-16 0.58778525
vn 0.0000000e+0 1.00000000 2.7986613e-16
vn -0.30901699 -1.4380966e-16 0.95105652
vn -0.30901699 -1.4380966e-16 0.95105652
vn 0.0000000e+0 1.00000000 2.7986613e-16
vn 0.30901699 1.4380966e-16 0.95105652
vn 0.30901699 1.4380966e-16 0.95105652
vn 0.0000000e+0 1.00000000 2.7986613e-16
vn 0.80901699 7.1904832e-17 0.58778525
vn 0.80901699 7.1904832e-17 0.58778525
vn 0.0000000e+0 1.00000000 2.7986613e-16
vn 1.00000000 -7.1904832e-17 -6.4204666e-16
vn 1.00000000 -7.1904832e-17 -6.4204666e-16
vn 0.0000000e+0 1.00000000 2.7986613e-16
vn 0.80901699 0.0000000e+0 -0.58778525
vn 0.80901699 0.0000000e+0 -0.58778525
vn 0.0000000e+0 1.00000000 2.7986613e-16
vn 0.30901699 0.0000000e+0 -0.95105652
vn 0.30901699 0.0000000e+0 -0.95105652
vn 0.0000000e+0 1.00000000 2.7986613e-16
vn -0.30901699 -1.4380966e-16 -0.95105652
vn -0.30901699 -1.4380966e-16 -0.95105652
vn 0.0000000e+0 1.00000000 2.7986613e-16
vn -0.80901699 -1.4380966e-16 -0.58778525
vn -0.80901699 -1.4380966e-16 -0.58778525
vn 0.0000000e+0 -1.00000000 4.2449009e-17
vn 0.0000000e+0 -1.00000000 4.2449009e-17
vn 1.00000000 0.0000000e+0 0.0000000e+0
vn 1.00000000 0.0000000e+0 0.0000000e+0
vn -3.3746575e-16 -0.92387953 0.38268343
vn -3.3746575e-16 -0.92387953 0.38268343
vn 1.00000000 0.0000000e+0 2.7116763e-16
vn 1.00000000 0.0000000e+0 2.7116763e-16
vn -3.3746575e-16 -0.70710678 0.70710678
vn -3.3746575e-16 -0.70710678 0.70710678
vn 1.00000000 0.0000000e+0 5.9164568e-31
vn 1.00000000 0.0000000e+0 5.9164568e-31
vn 0.0000000e+0 -0.38268343 0.92387953
vn 0.0000000e+0 -0.38268343 0.92387953
vn 1.00000000 0.0000000e+0 0.0000000e+0
vn 1.00000000 0.0000000e+0 0.0000000e+0
vn 0.0000000e+0 0.0000000e+0 1.00000000
vn 0.0000000e+0 0.0000000e+0 1.00000000
vn 1.00000000 0.0000000e+0 8.1350290e-16
vn 1.00000000 0.0000000e+0 8.1350290e-16
vn 0.0000000e+0 0.38268343 0.92387953
vn 0.0000000e+0 0.38268343 0.92387953
vn 1.00000000 0.0000000e+0 -9.8607613e-32
vn 1.00000000 0.0000000e+0 -9.8607613e-32
vn -6.7493150e-16 0.70710678 0.70710678
vn -6.7493150e-16 0.70710678 0.70710678
vn 1.00000000 0.0000000e+0 -2.7116763e-16
vn 1.00000000 0.0000000e+0 -2.7116763e-16
vn -1.3498630e-15 0.92387953 0.38268343
vn -1.3498630e-15 0.92387953 0.38268343
vn 1.00000000 0.0000000e+0 2.7116763e-16
vn 1.00000000 0.0000000e+0 2.7116763e-16
vn 4.0215780e-31 1.00000000 -7.0748349e-17
vn 4.0215780e-31 1.00000000 -7.0748349e-17
vn 1.00000000 0.0000000e+0 0.0000000e+0
vn 1.00000000 0.0000000e+0 0.0000000e+0
vn 1.3498630e-15 0.92387953 -0.38268343
vn 1.3498630e-15 0.92387953 -0.38268343
vn 1.00000000 0.0000000e+0 -2.7116763e-16
vn 1.00000000 0.0000000e+0 -2.7116763e-16
vn 6.7493150e-16 0.70710678 -0.70710678
vn 6.7493150e-16 0.70710678 -0.70710678
vn 1.00000000 0.0000000e+0 5.9164568e-31
vn 1.00000000 0.0000000e+0 5.9164568e-31
vn -1.6873288e-16 0.38268343 -0.92387953
vn -1.6873288e-16 0.38268343 -0.92387953
vn 1.00000000 0.0000000e+0 1.1832914e-30
vn 1.00000000 0.0000000e+0 1.1832914e-30
vn -8.4366438e-17 0.0000000e+0 -1.00000000
vn -8.4366438e-17 0.0000000e+0 -1.00000000
vn 1.00000000 0.0000000e+0 -8.1350290e-16
vn 1.00000000 0.0000000e+0 -8.1350290e-16
vn -2.5309931e-16 -0.38268343 -0.92387953
vn -2.5309931e-16 -0.38268343 -0.92387953
vn 1.00000000 0.0000000e+0 1.2818990e-30
vn 1.00000000 0.0000000e+0 1.2818990e-30
vn -6.7493150e-16 -0.70710678 -0.70710678
vn -6.7493150e-16 -0.70710678 -0.70710678
vn 1.00000000 0.0000000e+0 2.7116763e-16
vn 1.00000000 0.0000000e+0 2.7116763e-16
vn -3.3746575e-16 -0.92387953 -0.38268343
vn -3.3746575e-16 -0.92387953 -0.38268343
vn 1.00000000 0.0000000e+0 -2.7116763e-16
vn 1.00000000 0.0000000e+0 -2.7116763e-16
vn 0.0000000e+0 -1.00000000 4.2449009e-17
vn 0.0000000e+0 -1.00000000 4.2449009e-17
vn -3.3746575e-16 -0.92387953 0.38268343
vn -3.3746575e-16 -0.92387953 0.38268343
vn -3.3746575e-16 -0.70710678 0.70710678
vn -3.3746575e-16 -0.70710678 0.70710678
vn 0.0000000e+0 -0.38268343 0.92387953
vn 0.0000000e+0 -0.38268343 0.92387953
vn 0.0000000e+0 0.0000000e+0 1.00000000
vn 0.0000000e+0 0.0000000e+0 1.00000000
vn 0.0000000e+0 0.38268343 0.92387953
vn 0.0000000e+0 0.38268343 0.92387953
vn -6.7493150e-16 0.70710678 0.70710678
vn -6.7493150e-16 0.70710678 0.70710678
vn -1.3498630e-15 0.92387953 0.38268343
vn -1.3498630e-15 0.92387953 0.38268343
vn 4.0215780e-31 1.00000000 -7.0748349e-17
vn 4.0215780e-31 1.00000000 -7.0748349e-17
vn 1.3498630e-15 0.92387953 -0.38268343
vn 1.3498630e-15 0.92387953 -0.38268343
vn 6.7493150e-16 0.70710678 -0.70710678
vn 6.7493150e-16 0.70710678 -0.70710678
vn -1.6873288e-16 0.38268343 -0.92387953
vn -1.6873288e-16 0.38268343 -0.92387953
vn -8.4366438e-17 0.0000000e+0 -1.00000000
vn -8.4366438e-17 0.0000000e+0 -1.00000000
vn -2.5309931e-16 -0.38268343 -0.92387953
vn -2.5309931e-16 -0.38268343 -0.92387953
vn -6.7493150e-16 -0.70710678 -0.70710678
vn -6.7493150e-16 -0.70710678 -0.70710678
vn -3.3746575e-16 -0.92387953 -0.38268343
vn -3.3746575e-16 -0.92387953 -0.38268343
vn 1.00000000 0.0000000e+0 2.7116763e-16
vn 1.00000000 0.0000000e+0 2.7116763e-16
vn 1.3777744e-15 0.92387953 -0.38268343
vn 1.3777744e-15 0.92387953 -0.38268343
vn 1.00000000 0.0000000e+0 0.0000000e+0
vn 1.00000000 0.0000000e+0 0.0000000e+0
vn 1.4075523e-30 1.00000000 -1.9809538e-16
vn 1.4075523e-30 1.00000000 -1.9809538e-16
vn 1.00000000 0.0000000e+0 -2.7116763e-16
vn 1.00000000 0.0000000e+0 -2.7116763e-16
vn -1.3777744e-15 0.92387953 0.38268343
vn -1.3777744e-15 0.92387953 0.38268343
vn 1.00000000 0.0000000e+0 2.7116763e-16
vn 1.00000000 0.0000000e+0 2.7116763e-16
vn -6.8888718e-16 0.70710678 0.70710678
vn -6.8888718e-16 0.70710678 0.70710678
vn 1.00000000 0.0000000e+0 1.2818990e-30
vn 1.00000000 0.0000000e+0 1.2818990e-30
vn -1.7222180e-16 0.38268343 0.92387953
vn -1.7222180e-16 0.38268343 0.92387953
vn 1.00000000 0.0000000e+0 -8.1350290e-16
vn 1.00000000 0.0000000e+0 -8.1350290e-16
vn -1.7222180e-16 0.0000000e+0 1.00000000
vn -1.7222180e-16 0.0000000e+0 1.00000000
vn 1.00000000 0.0000000e+0 1.1832914e-30
vn 1.00000000 0.0000000e+0 1.1832914e-30
vn 0.0000000e+0 -0.38268343 0.92387953
vn 0.0000000e+0 -0.38268343 0.92387953
vn 1.00000000 0.0000000e+0 5.9164568e-31
vn 1.00000000 0.0000000e+0 5.9164568e-31
vn 0.0000000e+0 -0.70710678 0.70710678
vn 0.0000000e+0 -0.70710678 0.70710678
vn 1.00000000 0.0000000e+0 -2.7116763e-16
vn 1.00000000 0.0000000e+0 -2.7116763e-16
vn 0.0000000e+0 -0.92387953 0.38268343
vn 0.0000000e+0 -0.92387953 0.38268343
vn 1.00000000 0.0000000e+0 0.0000000e+0
vn 1.00000000 0.0000000e+0 0.0000000e+0
vn 0.0000000e+0 -1.00000000 4.2449009e-17
vn 0.0000000e+0 -1.00000000 4.2449009e-17
vn 1.00000000 0.0000000e+0 2.7116763e-16
vn 1.00000000 0.0000000e+0 2.7116763e-16
vn 6.8888718e-16 -0.92387953 -0.38268343
vn 6.8888718e-16 -0.92387953 -0.38268343
vn 1.00000000 0.0000000e+0 -2.7116763e-16
vn 1.00000000 0.0000000e+0 -2.7116763e-16
vn 1.3777744e-15 -0.70710678 -0.70710678
vn 1.3777744e-15 -0.70710678 -0.70710678
vn 1.00000000 0.0000000e+0 -9.8607613e-32
vn 1.00000000 0.0000000e+0 -9.8607613e-32
vn 5.1666539e-16 -0.38268343 -0.92387953
vn 5.1666539e-16 -0.38268343 -0.92387953
vn 1.00000000 0.0000000e+0 8.1350290e-16
vn 1.00000000 0.0000000e+0 8.1350290e-16
vn -3.4444359e-16 0.0000000e+0 -1.00000000
vn -3.4444359e-16 0.0000000e+0 -1.00000000
vn 1.00000000 0.0000000e+0 0.0000000e+0
vn 1.00000000 0.0000000e+0 0.0000000e+0
vn -8.6110898e-16 0.38268343 -0.92387953
vn -8.6110898e-16 0.38268343 -0.92387953
vn 1.00000000 0.0000000e+0 5.9164568e-31
vn 1.00000000 0.0000000e+0 5.9164568e-31
vn 7.0377615e-31 0.70710678 -0.70710678
vn 7.0377615e-31 0.70710678 -0.70710678
vn 1.3777744e-15 0.92387953 -0.38268343
vn 1.3777744e-15 0.92387953 -0.38268343
vn 0.47791668 -0.81154056 0.33615111
vn 0.47791668 -0.81154056 0.33615111
vn 1.4075523e-30 1.00000000 -1.9809538e-16
vn 1.4075523e-30 1.00000000 -1.9809538e-16
vn 0.47791668 -0.87840517 8.4528199e-17
vn 0.47791668 -0.87840517 8.4528199e-17
vn -1.3777744e-15 0.92387953 0.38268343
vn -1.3777744e-15 0.92387953 0.38268343
vn 0.47791668 -0.81154056 -0.33615111
vn 0.47791668 -0.81154056 -0.33615111
vn -6.8888718e-16 0.70710678 0.70710678
vn -6.8888718e-16 0.70710678 0.70710678
vn 0.47791668 -0.62112626 -0.62112626
vn 0.47791668 -0.62112626 -0.62112626
vn -1.7222180e-16 0.38268343 0.92387953
vn -1.7222180e-16 0.38268343 0.92387953
vn 0.47791668 -0.33615111 -0.81154056
vn 0.47791668 -0.33615111 -0.81154056
vn -1.7222180e-16 0.0000000e+0 1.00000000
vn -1.7222180e-16 0.0000000e+0 1.00000000
vn 0.47791668 2.8176066e-17 -0.87840517
vn 0.47791668 2.8176066e-17 -0.87840517
vn 0.0000000e+0 -0.38268343 0.92387953
vn 0.0000000e+0 -0.38268343 0.92387953
vn 0.47791668 0.33615111 -0.81154056
vn 0.47791668 0.33615111 -0.81154056
vn 0.0000000e+0 -0.70710678 0.70710678
vn 0.0000000e+0 -0.70710678 0.70710678
vn 0.47791668 0.62112626 -0.62112626
vn 0.47791668 0.62112626 -0.62112626
vn 0.0000000e+0 -0.92387953 0.38268343
vn 0.0000000e+0 -0.92387953 0.38268343
vn 0.47791668 0.81154056 -0.33615111
vn 0.47791668 0.81154056 -0.33615111
vn 0.0000000e+0 -1.00000000 4.2449009e-17
vn 0.0000000e+0 -1.00000000 4.2449009e-17
vn 0.47791668 0.87840517 2.8176066e-17
vn 0.47791668 0.87840517 2.8176066e-17
vn 6.8888718e-16 -0.92387953 -0.38268343
vn 6.8888718e-16 -0.92387953 -0.38268343
vn 0.47791668 0.81154056 0.33615111
vn 0.47791668 0.81154056 0.33615111
vn 1.3777744e-15 -0.70710678 -0.70710678
vn 1.3777744e-15 -0.70710678 -0.70710678
vn 0.47791668 0.62112626 0.62112626
vn 0.47791668 0.62112626 0.62112626
vn 5.1666539e-16 -0.38268343 -0.92387953
vn 5.1666539e-16 -0.38268343 -0.92387953
vn 0.47791668 0.33615111 0.81154056
vn 0.47791668 0.33615111 0.81154056
vn -3.4444359e-16 0.0000000e+0 -1.00000000
vn -3.4444359e-16 0.0000000e+0 -1.00000000
vn 0.47791668 -2.3949656e-16 0.87840517
vn 0.47791668 -2.3949656e-16 0.87840517
vn -8.6110898e-16 0.38268343 -0.92387953
vn -8.6110898e-16 0.38268343 -0.92387953
vn 0.47791668 -0.33615111 0.81154056
vn 0.47791668 -0.33615111 0.81154056
vn 7.0377615e-31 0.70710678 -0.70710678
vn 7.0377615e-31 0.70710678 -0.70710678
vn 0.47791668 -0.62112626 0.62112626
vn 0.47791668 -0.62112626 0.62112626
vn 1.00000000 5.7886730e-17 0.0000000e+0
vn 0.47791668 -0.81154056 0.33615111
vn 0.47791668 -0.81154056 0.33615111
vn 1.00000000 5.7886730e-17 0.0000000e+0
vn 0.47791668 -0.87840517 8.4528199e-17
vn 0.47791668 -0.87840517 8.4528199e-17
vn 1.00000000 5.7886730e-17 0.0000000e+0
vn 0.47791668 -0.81154056 -0.33615111
vn 0.47791668 -0.81154056 -0.33615111
vn 1.00000000 5.7886730e-17 0.0000000e+0
vn 0.47791668 -0.62112626 -0.62112626
vn 0.47791668 -0.62112626 -0.62112626
vn 1.00000000 5.7886730e-17 0.0000000e+0
vn 0.47791668 -0.33615111 -0.81154056
vn 0.47791668 -0.33615111 -0.81154056
vn 1.00000000 5.7886730e-17 0.0000000e+0
vn 0.47791668 2.8176066e-17 -0.87840517
vn 0.47791668 2.8176066e-17 -0.87840517
vn 1.00000000 5.7886730e-17 0.0000000e+0
vn 0.47791668 0.33615111 -0.81154056
vn 0.47791668 0.33615111 -0.81154056
vn 1.00000000 5.7886730e-17 0.0000000e+0
vn 0.47791668 0.62112626 -0.62112626
vn 0.47791668 0.62112626 -0.62112626
vn 1.00000000 5.7886730e-17 0.0000000e+0
vn 0.47791668 0.81154056 -0.33615111
vn 0.47791668 0.81154056 -0.33615111
vn 1.00000000 5.7886730e-17 0.0000000e+0
vn 0.47791668 0.87840517 2.8176066e-17
vn 0.47791668 0.87840517 2.8176066e-17
vn 1.00000000 5.7886730e-17 0.0000000e+0
vn 0.47791668 0.81154056 0.33615111
vn 0.47791668 0.81154056 0.33615111
vn 1.00000000 5.7886730e-17 0.0000000e+0
vn 0.47791668 0.62112626 0.62112626
vn 0.47791668 0.62112626 0.62112626
vn 1.00000000 5.7886730e-17 0.0000000e+0
vn 0.47791668 0.33615111 0.81154056
vn 0.47791668 0.33615111 0.81154056
vn 1.00000000 5.7886730e-17 0.0000000e+0
vn 0.47791668 -2.3949656e-16 0.87840517
vn 0.47791668 -2.3949656e-16 0.87840517
vn 1.00000000 5.7886730e-17 0.0000000e+0
vn 0.47791668 -0.33615111 0.81154056
vn 0.47791668 -0.33615111 0.81154056
vn 1.00000000 5.7886730e-17 0.0000000e+0
vn 0.47791668 -0.62112626 0.62112626
vn 0.47791668 -0.62112626 0.62112626
vn 0.0000000e+0 -1.00000000 9.9047688e-17
vn 0.0000000e+0 -1.00000000 9.9047688e-17
vn 1.00000000 0.0000000e+0 0.0000000e+0
vn 1.00000000 0.0000000e+0 0.0000000e+0
vn 0.0000000e+0 -0.92387953 0.38268343
vn 0.0000000e+0 -0.92387953 0.38268343
vn 1.00000000 0.0000000e+0 2.7116763e-16
vn 1.00000000 0.0000000e+0 2.7116763e-16
vn -3.3746575e-16 -0.70710678 0.70710678
vn -3.3746575e-16 -0.70710678 0.70710678
vn 1.00000000 0.0000000e+0 -5.9164568e-31
vn 1.00000000 0.0000000e+0 -5.9164568e-31
vn -3.3746575e-16 -0.38268343 0.92387953
vn -3.3746575e-16 -0.38268343 0.92387953
vn 1.00000000 0.0000000e+0 -5.9164568e-31
vn 1.00000000 0.0000000e+0 -5.9164568e-31
vn 0.0000000e+0 0.0000000e+0 1.00000000
vn 0.0000000e+0 0.0000000e+0 1.00000000
vn 1.00000000 0.0000000e+0 8.1350290e-16
vn 1.00000000 0.0000000e+0 8.1350290e-16
vn 0.0000000e+0 0.38268343 0.92387953
vn 0.0000000e+0 0.38268343 0.92387953
vn 1.00000000 0.0000000e+0 -2.1693675e-30
vn 1.00000000 0.0000000e+0 -2.1693675e-30
vn 6.7493150e-16 0.70710678 0.70710678
vn 6.7493150e-16 0.70710678 0.70710678
vn 1.00000000 0.0000000e+0 -2.7116763e-16
vn 1.00000000 0.0000000e+0 -2.7116763e-16
vn 6.7493150e-16 0.92387953 0.38268343
vn 6.7493150e-16 0.92387953 0.38268343
vn 1.00000000 0.0000000e+0 2.7116763e-16
vn 1.00000000 0.0000000e+0 2.7116763e-16
vn 0.0000000e+0 1.00000000 -2.8299339e-17
vn 0.0000000e+0 1.00000000 -2.8299339e-17
vn 1.00000000 0.0000000e+0 0.0000000e+0
vn 1.00000000 0.0000000e+0 0.0000000e+0
vn 6.7493150e-16 0.92387953 -0.38268343
vn 6.7493150e-16 0.92387953 -0.38268343
vn 1.00000000 0.0000000e+0 -2.7116763e-16
vn 1.00000000 0.0000000e+0 -2.7116763e-16
vn 6.7493150e-16 0.70710678 -0.70710678
vn 6.7493150e-16 0.70710678 -0.70710678
vn 1.00000000 0.0000000e+0 0.0000000e+0
vn 1.00000000 0.0000000e+0 0.0000000e+0
vn 0.0000000e+0 0.38268343 -0.92387953
vn 0.0000000e+0 0.38268343 -0.92387953
vn 1.00000000 0.0000000e+0 5.9164568e-31
vn 1.00000000 0.0000000e+0 5.9164568e-31
vn 0.0000000e+0 1.1319736e-16 -1.00000000
vn 0.0000000e+0 1.1319736e-16 -1.00000000
vn 1.00000000 0.0000000e+0 -2.7116763e-16
vn 1.00000000 0.0000000e+0 -2.7116763e-16
vn 3.3746575e-16 -0.38268343 -0.92387953
vn 3.3746575e-16 -0.38268343 -0.92387953
vn 1.00000000 0.0000000e+0 0.0000000e+0
vn 1.00000000 0.0000000e+0 0.0000000e+0
vn 3.3746575e-16 -0.70710678 -0.70710678
vn 3.3746575e-16 -0.70710678 -0.70710678
vn 1.00000000 0.0000000e+0 -2.7116763e-16
vn 1.00000000 0.0000000e+0 -2.7116763e-16
vn 0.0000000e+0 -0.92387953 -0.38268343
vn 0.0000000e+0 -0.92387953 -0.38268343
vn 1.00000000 0.0000000e+0 -2.7116763e-16
vn 1.00000000 0.0000000e+0 -2.7116763e-16
vn 0.0000000e+0 -1.00000000 9.9047688e-17
vn 0.0000000e+0 -1.00000000 9.9047688e-17
vn 0.0000000e+0 -0.92387953 0.38268343
vn 0.0000000e+0 -0.92387953 0.38268343
vn -3.3746575e-16 -0.70710678 0.70710678
vn -3.3746575e-16 -0.70710678 0.70710678
vn -3.3746575e-16 -0.38268343 0.92387953
vn -3.3746575e-16 -0.38268343 0.92387953
vn 0.0000000e+0 0.0000000e+0 1.00000000
vn 0.0000000e+0 0.0000000e+0 1.00000000
vn 0.0000000e+0 0.38268343 0.92387953
vn 0.0000000e+0 0.38268343 0.92387953
vn 6.7493150e-16 0.70710678 0.70710678
vn 6.7493150e-16 0.70710678 0.70710678
vn 6.7493150e-16 0.92387953 0.38268343
vn 6.7493150e-16 0.92387953 0.38268343
vn 0.0000000e+0 1.00000000 -2.8299339e-17
vn 0.0000000e+0 1.00000000 -2.8299339e-17
vn 6.7493150e-16 0.92387953 -0.38268343
vn 6.7493150e-16 0.92387953 -0.38268343
vn 6.7493150e-16 0.70710678 -0.70710678
vn 6.7493150e-16 0.70710678 -0.70710678
vn 0.0000000e+0 0.38268343 -0.92387953
vn 0.0000000e+0 0.38268343 -0.92387953
vn 0.0000000e+0 1.1319736e-16 -1.00000000
vn 0.0000000e+0 1.1319736e-16 -1.00000000
vn 3.3746575e-16 -0.38268343 -0.92387953
vn 3.3746575e-16 -0.38268343 -0.92387953
vn 3.3746575e-16 -0.70710678 -0.70710678
vn 3.3746575e-16 -0.70710678 -0.70710678
vn 0.0000000e+0 -0.92387953 -0.38268343
vn 0.0000000e+0 -0.92387953 -0.38268343
vn 1.00000000 0.0000000e+0 2.7116763e-16
vn 1.00000000 0.0000000e+0 2.7116763e-16
vn -2.0666616e-15 0.92387953 -0.38268343
vn -2.0666616e-15 0.92387953 -0.38268343
vn 1.00000000 0.0000000e+0 0.0000000e+0
vn 1.00000000 0.0000000e+0 0.0000000e+0
vn -1.3777744e-15 1.00000000 -7.0748349e-17
vn -1.3777744e-15 1.00000000 -7.0748349e-17
vn 1.00000000 0.0000000e+0 -2.7116763e-16
vn 1.00000000 0.0000000e+0 -2.7116763e-16
vn 0.0000000e+0 0.92387953 0.38268343
vn 0.0000000e+0 0.92387953 0.38268343
vn 1.00000000 0.0000000e+0 -2.7116763e-16
vn 1.00000000 0.0000000e+0 -2.7116763e-16
vn 0.0000000e+0 0.70710678 0.70710678
vn 0.0000000e+0 0.70710678 0.70710678
vn 1.00000000 0.0000000e+0 0.0000000e+0
vn 1.00000000 0.0000000e+0 0.0000000e+0
vn 0.0000000e+0 0.38268343 0.92387953
vn 0.0000000e+0 0.38268343 0.92387953
vn 1.00000000 0.0000000e+0 -2.7116763e-16
vn 1.00000000 0.0000000e+0 -2.7116763e-16
vn 0.0000000e+0 -4.2449009e-17 1.00000000
vn 0.0000000e+0 -4.2449009e-17 1.00000000
vn 1.00000000 0.0000000e+0 5.9164568e-31
vn 1.00000000 0.0000000e+0 5.9164568e-31
vn -6.8888718e-16 -0.38268343 0.92387953
vn -6.8888718e-16 -0.38268343 0.92387953
vn 1.00000000 0.0000000e+0 0.0000000e+0
vn 1.00000000 0.0000000e+0 0.0000000e+0
vn -2.0666616e-15 -0.70710678 0.70710678
vn -2.0666616e-15 -0.70710678 0.70710678
vn 1.00000000 0.0000000e+0 -2.7116763e-16
vn 1.00000000 0.0000000e+0 -2.7116763e-16
vn -2.7555487e-15 -0.92387953 0.38268343
vn -2.7555487e-15 -0.92387953 0.38268343
vn 1.00000000 0.0000000e+0 0.0000000e+0
vn 1.00000000 0.0000000e+0 0.0000000e+0
vn -1.3777744e-15 -1.00000000 5.6598679e-17
vn -1.3777744e-15 -1.00000000 5.6598679e-17
vn 1.00000000 0.0000000e+0 2.7116763e-16
vn 1.00000000 0.0000000e+0 2.7116763e-16
vn 0.0000000e+0 -0.92387953 -0.38268343
vn 0.0000000e+0 -0.92387953 -0.38268343
vn 1.00000000 0.0000000e+0 -2.7116763e-16
vn 1.00000000 0.0000000e+0 -2.7116763e-16
vn 0.0000000e+0 -0.70710678 -0.70710678
vn 0.0000000e+0 -0.70710678 -0.70710678
vn 1.00000000 0.0000000e+0 -2.1693675e-30
vn 1.00000000 0.0000000e+0 -2.1693675e-30
vn -1.7222180e-16 -0.38268343 -0.92387953
vn -1.7222180e-16 -0.38268343 -0.92387953
vn 1.00000000 0.0000000e+0 8.1350290e-16
vn 1.00000000 0.0000000e+0 8.1350290e-16
vn -1.7222180e-16 0.0000000e+0 -1.00000000
vn -1.7222180e-16 0.0000000e+0 -1.00000000
vn 1.00000000 0.0000000e+0 -5.9164568e-31
vn 1.00000000 0.0000000e+0 -5.9164568e-31
vn 0.0000000e+0 0.38268343 -0.92387953
vn 0.0000000e+0 0.38268343 -0.92387953
vn 1.00000000 0.0000000e+0 -5.9164568e-31
vn 1.00000000 0.0000000e+0 -5.9164568e-31
vn -6.8888718e-16 0.70710678 -0.70710678
vn -6.8888718e-16 0.70710678 -0.70710678
vn -2.0666616e-15 0.92387953 -0.38268343
vn -2.0666616e-15 0.92387953 -0.38268343
vn 1.00000000 -2.6323713e-16 0.0000000e+0
vn -1.3777744e-15 1.00000000 -7.0748349e-17
vn -1.3777744e-15 1.00000000 -7.0748349e-17
vn 1.00000000 -2.6323713e-16 0.0000000e+0
vn 0.0000000e+0 0.92387953 0.38268343
vn 0.0000000e+0 0.92387953 0.38268343
vn 1.00000000 -2.6323713e-16 0.0000000e+0
vn 0.0000000e+0 0.70710678 0.70710678
vn 0.0000000e+0 0.70710678 0.70710678
vn 1.00000000 -2.6323713e-16 0.0000000e+0
vn 0.0000000e+0 0.38268343 0.92387953
vn 0.0000000e+0 0.38268343 0.92387953
vn 1.00000000 -2.6323713e-16 0.0000000e+0
vn 0.0000000e+0 -4.2449009e-17 1.00000000
vn 0.0000000e+0 -4.2449009e-17 1.00000000
vn 1.00000000 -2.6323713e-16 0.0000000e+0
vn -6.8888718e-16 -0.38268343 0.92387953
vn -6.8888718e-16 -0.38268343 0.92387953
vn 1.00000000 -2.6323713e-16 0.0000000e+0
vn -2.0666616e-15 -0.70710678 0.70710678
vn -2.0666616e-15 -0.70710678 0.70710678
vn 1.00000000 -2.6323713e-16 0.0000000e+0
vn -2.7555487e-15 -0.92387953 0.38268343
vn -2.7555487e-15 -0.92387953 0.38268343
vn 1.00000000 -2.6323713e-16 0.0000000e+0
vn -1.3777744e-15 -1.00000000 5.6598679e-17
vn -1.3777744e-15 -1.00000000 5.6598679e-17
vn 1.00000000 -2.6323713e-16 0.0000000e+0
vn 0.0000000e+0 -0.92387953 -0.38268343
vn 0.0000000e+0 -0.92387953 -0.38268343
vn 1.00000000 -2.6323713e-16 0.0000000e+0
vn 0.0000000e+0 -0.70710678 -0.70710678
vn 0.0000000e+0 -0.70710678 -0.70710678
vn 1.00000000 -2.6323713e-16 0.0000000e+0
vn -1.7222180e-16 -0.38268343 -0.92387953
vn -1.7222180e-16 -0.38268343 -0.92387953
vn 1.00000000 -2.6323713e-16 0.0000000e+0
vn -1.7222180e-16 0.0000000e+0 -1.00000000
vn -1.7222180e-16 0.0000000e+0 -1.00000000
vn 1.00000000 -2.6323713e-16 0.0000000e+0
vn 0.0000000e+0 0.38268343 -0.92387953
vn 0.0000000e+0 0.38268343 -0.92387953
vn 1.00000000 -2.6323713e-16 0.0000000e+0
vn -6.8888718e-16 0.70710678 -0.70710678
vn -6.8888718e-16 0.70710678 -0.70710678
vn 1.00000000 -2.6323713e-16 0.0000000e+0
vn 0.0000000e+0 1.00000000 4.4127511e-16
vn 0.0000000e+0 1.00000000 4.4127511e-16
vn -0.71602594 0.69807367 3.9347942e-16
vn -0.71602594 0.69807367 3.9347942e-16
vn 0.0000000e+0 0.90096887 0.43388374
vn 0.0000000e+0 0.90096887 0.43388374
vn -0.71602594 0.62894265 0.30288282
vn -0.71602594 0.62894265 0.30288282
vn 0.0000000e+0 0.62348980 0.78183148
vn 0.0000000e+0 0.62348980 0.78183148
vn -0.71602594 0.43524182 0.54577598
vn -0.71602594 0.43524182 0.54577598
vn 0.0000000e+0 0.22252093 0.97492791
vn 0.0000000e+0 0.22252093 0.97492791
vn -0.71602594 0.15533601 0.68057151
vn -0.71602594 0.15533601 0.68057151
vn 0.0000000e+0 -0.22252093 0.97492791
vn 0.0000000e+0 -0.22252093 0.97492791
vn -0.71602594 -0.15533601 0.68057151
vn -0.71602594 -0.15533601 0.68057151
vn 0.0000000e+0 -0.62348980 0.78183148
vn 0.0000000e+0 -0.62348980 0.78183148
vn -0.71602594 -0.43524182 0.54577598
vn -0.71602594 -0.43524182 0.54577598
vn 0.0000000e+0 -0.90096887 0.43388374
vn 0.0000000e+0 -0.90096887 0.43388374
vn -0.71602594 -0.62894265 0.30288282
vn -0.71602594 -0.62894265 0.30288282
vn 0.0000000e+0 -1.00000000 2.2775490e-16
vn 0.0000000e+0 -1.00000000 2.2775490e-16
vn -0.71602594 -0.69807367 4.3563793e-16
vn -0.71602594 -0.69807367 4.3563793e-16
vn -1.6267686e-16 -0.90096887 -0.43388374
vn -1.6267686e-16 -0.90096887 -0.43388374
vn -0.71602594 -0.62894265 -0.30288282
vn -0.71602594 -0.62894265 -0.30288282
vn -2.8468451e-16 -0.62348980 -0.78183148
vn -2.8468451e-16 -0.62348980 -0.78183148
vn -0.71602594 -0.43524182 -0.54577598
vn -0.71602594 -0.43524182 -0.54577598
vn -1.2200765e-16 -0.22252093 -0.97492791
vn -1.2200765e-16 -0.22252093 -0.97492791
vn -0.71602594 -0.15533601 -0.68057151
vn -0.71602594 -0.15533601 -0.68057151
vn 0.0000000e+0 0.22252093 -0.97492791
vn 0.0000000e+0 0.22252093 -0.97492791
vn -0.71602594 0.15533601 -0.68057151
vn -0.71602594 0.15533601 -0.68057151
vn 0.0000000e+0 0.62348980 -0.78183148
vn 0.0000000e+0 0.62348980 -0.78183148
vn -0.71602594 0.43524182 -0.54577598
vn -0.71602594 0.43524182 -0.54577598
vn 0.0000000e+0 0.90096887 -0.43388374
vn 0.0000000e+0 0.90096887 -0.43388374
vn -0.71602594 0.62894265 -0.30288282
vn -0.71602594 0.62894265 -0.30288282
vn 0.0000000e+0 1.00000000 4.4127511e-16
vn 0.0000000e+0 1.00000000 4.4127511e-16
vn 0.71602594 0.69807367 4.0753226e-16
vn 0.71602594 0.69807367 4.0753226e-16
vn 0.0000000e+0 0.90096887 0.43388374
vn 0.0000000e+0 0.90096887 0.43388374
vn 0.71602594 0.62894265 0.30288282
vn 0.71602594 0.62894265 0.30288282
vn 0.0000000e+0 0.62348980 0.78183148
vn 0.0000000e+0 0.62348980 0.78183148
vn 0.71602594 0.43524182 0.54577598
vn 0.71602594 0.43524182 0.54577598
vn 0.0000000e+0 0.22252093 0.97492791
vn 0.0000000e+0 0.22252093 0.97492791
vn 0.71602594 0.15533601 0.68057151
vn 0.71602594 0.15533601 0.68057151
vn 0.0000000e+0 -0.22252093 0.97492791
vn 0.0000000e+0 -0.22252093 0.97492791
vn 0.71602594 -0.15533601 0.68057151
vn 0.71602594 -0.15533601 0.68057151
vn 0.0000000e+0 -0.62348980 0.78183148
vn 0.0000000e+0 -0.62348980 0.78183148
vn 0.71602594 -0.43524182 0.54577598
vn 0.71602594 -0.43524182 0.54577598
vn 0.0000000e+0 -0.90096887 0.43388374
vn 0.0000000e+0 -0.90096887 0.43388374
vn 0.71602594 -0.62894265 0.30288282
vn 0.71602594 -0.62894265 0.30288282
vn 0.0000000e+0 -1.00000000 2.2775490e-16
vn 0.0000000e+0 -1.00000000 2.2775490e-16
vn 0.71602594 -0.69807367 3.6537375e-16
vn 0.71602594 -0.69807367 3.6537375e-16
vn -1.6267686e-16 -0.90096887 -0.43388374
vn -1.6267686e-16 -0.90096887 -0.43388374
vn 0.71602594 -0.62894265 -0.30288282
vn 0.71602594 -0.62894265 -0.30288282
vn -2.8468451e-16 -0.62348980 -0.78183148
vn -2.8468451e-16 -0.62348980 -0.78183148
vn 0.71602594 -0.43524182 -0.54577598
vn 0.71602594 -0.43524182 -0.54577598
vn -1.2200765e-16 -0.22252093 -0.97492791
vn -1.2200765e-16 -0.22252093 -0.97492791
vn 0.71602594 -0.15533601 -0.68057151
vn 0.71602594 -0.15533601 -0.68057151
vn 0.0000000e+0 0.22252093 -0.97492791
vn 0.0000000e+0 0.22252093 -0.97492791
vn 0.71602594 0.15533601 -0.68057151
vn 0.71602594 0.15533601 -0.68057151
vn 0.0000000e+0 0.62348980 -0.78183148
vn 0.0000000e+0 0.62348980 -0.78183148
vn 0.71602594 0.43524182 -0.54577598
vn 0.71602594 0.43524182 -0.54577598
vn 0.0000000e+0 0.90096887 -0.43388374
vn 0.0000000e+0 0.90096887 -0.43388374
vn 0.71602594 0.62894265 -0.30288282
vn 0.71602594 0.62894265 -0.30288282
vn -1.00000000 7.7589549e-17 0.0000000e+0
vn -0.71602594 0.62894265 0.30288282
vn -0.71602594 0.62894265 0.30288282
vn -1.00000000 7.7589549e-17 0.0000000e+0
vn -0.71602594 0.69807367 3.9347942e-16
vn -0.71602594 0.69807367 3.9347942e-16
vn -1.00000000 7.7589549e-17 0.0000000e+0
vn -0.71602594 0.62894265 -0.30288282
vn -0.71602594 0.62894265 -0.30288282
vn -1.00000000 7.7589549e-17 0.0000000e+0
vn -0.71602594 0.43524182 -0.54577598
vn -0.71602594 0.43524182 -0.54577598
vn -1.00000000 7.7589549e-17 0.0000000e+0
vn -0.71602594 0.15533601 -0.68057151
vn -0.71602594 0.15533601 -0.68057151
vn -1.00000000 7.7589549e-17 0.0000000e+0
vn -0.71602594 -0.15533601 -0.68057151
vn -0.71602594 -0.15533601 -0.68057151
vn -1.00000000 7.7589549e-17 0.0000000e+0
vn -0.71602594 -0.43524182 -0.54577598
vn -0.71602594 -0.43524182 -0.54577598
vn -1.00000000 7.7589549e-17 0.0000000e+0
vn -0.71602594 -0.62894265 -0.30288282
vn -0.71602594 -0.62894265 -0.30288282
vn -1.00000000 7.7589549e-17 0.0000000e+0
vn -0.71602594 -0.69807367 4.3563793e-16
vn -0.71602594 -0.69807367 4.3563793e-16
vn -1.00000000 7.7589549e-17 0.0000000e+0
vn -0.71602594 -0.62894265 0.30288282
vn -0.71602594 -0.62894265 0.30288282
vn -1.00000000 7.7589549e-17 0.0000000e+0
vn -0.71602594 -0.43524182 0.54577598
vn -0.71602594 -0.43524182 0.54577598
vn -1.00000000 7.7589549e-17 0.0000000e+0
vn -0.71602594 -0.15533601 0.68057151
vn -0.71602594 -0.15533601 0.68057151
vn -1.00000000 7.7589549e-17 0.0000000e+0
vn -0.71602594 0.15533601 0.68057151
vn -0.71602594 0.15533601 0.68057151
vn -1.00000000 7.7589549e-17 0.0000000e+0
vn -0.71602594 0.43524182 0.54577598
vn -0.71602594 0.43524182 0.54577598
vn 1.00000000 -7.7589549e-17 0.0000000e+0
vn 0.71602594 0.69807367 4.0753226e-16
vn 0.71602594 0.69807367 4.0753226e-16
vn 1.00000000 -7.7589549e-17 0.0000000e+0
vn 0.71602594 0.62894265 0.30288282
vn 0.71602594 0.62894265 0.30288282
vn 1.00000000 -7.7589549e-17 0.0000000e+0
vn 0.71602594 0.43524182 0.54577598
vn 0.71602594 0.43524182 0.54577598
vn 1.00000000 -7.7589549e-17 0.0000000e+0
vn 0.71602594 0.15533601 0.68057151
vn 0.71602594 0.15533601 0.68057151
vn 1.00000000 -7.7589549e-17 0.0000000e+0
vn 0.71602594 -0.15533601 0.68057151
vn 0.71602594 -0.15533601 0.68057151
vn 1.00000000 -7.7589549e-17 0.0000000e+0
vn 0.71602594 -0.43524182 0.54577598
vn 0.71602594 -0.43524182 0.54577598
vn 1.00000000 -7.7589549e-17 0.0000000e+0
vn 0.71602594 -0.62894265 0.30288282
vn 0.71602594 -0.62894265 0.30288282
vn 1.00000000 -7.7589549e-17 0.0000000e+0
vn 0.71602594 -0.69807367 3.6537375e-16
vn 0.71602594 -0.69807367 3.6537375e-16
vn 1.00000000 -7.7589549e-17 0.0000000e+0
vn 0.71602594 -0.62894265 -0.30288282
vn 0.71602594 -0.62894265 -0.30288282
vn 1.00000000 -7.7589549e-17 0.0000000e+0
vn 0.71602594 -0.43524182 -0.54577598
vn 0.71602594 -0.43524182 -0.54577598
vn 1.00000000 -7.7589549e-17 0.0000000e+0
vn 0.71602594 -0.15533601 -0.68057151
vn 0.71602594 -0.15533601 -0.68057151
vn 1.00000000 -7.7589549e-17 0.0000000e+0
vn 0.71602594 0.15533601 -0.68057151
vn 0.71602594 0.15533601 -0.68057151
vn 1.00000000 -7.7589549e-17 0.0000000e+0
vn 0.71602594 0.43524182 -0.54577598
vn 0.71602594 0.43524182 -0.54577598
vn 1.00000000 -7.7589549e-17 0.0000000e+0
vn 0.71602594 0.62894265 -0.30288282
vn 0.71602594 0.62894265 -0.30288282
vn 0.0000000e+0 1.00000000 1.7904197e-16
vn 1.00000000 -2.6987563e-17 -7.0748349e-17
vn 1.00000000 -2.6987563e-17 -7.0748349e-17
vn 0.0000000e+0 1.00000000 1.7904197e-16
vn 0.92387953 4.4979272e-18 0.38268343
vn 0.92387953 4.4979272e-18 0.38268343
vn 0.0000000e+0 1.00000000 1.7904197e-16
vn 0.70710678 -4.4979272e-18 0.70710678
vn 0.70710678 -4.4979272e-18 0.70710678
vn 0.0000000e+0 1.00000000 1.7904197e-16
vn 0.38268343 0.0000000e+0 0.92387953
vn 0.38268343 0.0000000e+0 0.92387953
vn 0.0000000e+0 1.00000000 1.7904197e-16
vn -4.2449009e-17 -3.5983417e-17 1.00000000
vn -4.2449009e-17 -3.5983417e-17 1.00000000
vn 0.0000000e+0 1.00000000 1.7904197e-16
vn -0.38268343 -4.4979272e-17 0.92387953
vn -0.38268343 -4.4979272e-17 0.92387953
vn 0.0000000e+0 1.00000000 1.7904197e-16
vn -0.70710678 -8.9958543e-18 0.70710678
vn -0.70710678 -8.9958543e-18 0.70710678
vn 0.0000000e+0 1.00000000 1.7904197e-16
vn -0.92387953 0.0000000e+0 0.38268343
vn -0.92387953 0.0000000e+0 0.38268343
vn 0.0000000e+0 1.00000000 1.7904197e-16
vn -1.00000000 0.0000000e+0 0.0000000e+0
vn -1.00000000 0.0000000e+0 0.0000000e+0
vn 0.0000000e+0 1.00000000 1.7904197e-16
vn -0.92387953 -1.4393367e-16 -0.38268343
vn -0.92387953 -1.4393367e-16 -0.38268343
vn 0.0000000e+0 1.00000000 1.7904197e-16
vn -0.70710678 1.4393367e-16 -0.70710678
vn -0.70710678 1.4393367e-16 -0.70710678
vn 0.0000000e+0 1.00000000 1.7904197e-16
vn -0.38268343 2.8786734e-16 -0.92387953
vn -0.38268343 2.8786734e-16 -0.92387953
vn 0.0000000e+0 1.00000000 1.7904197e-16
vn 1.4149670e-17 0.0000000e+0 -1.00000000
vn 1.4149670e-17 0.0000000e+0 -1.00000000
vn 0.0000000e+0 1.00000000 1.7904197e-16
vn 0.38268343 -1.4393367e-16 -0.92387953
vn 0.38268343 -1.4393367e-16 -0.92387953
vn 0.0000000e+0 1.00000000 1.7904197e-16
vn 0.70710678 3.2675321e-31 -0.70710678
vn 0.70710678 3.2675321e-31 -0.70710678
vn 0.0000000e+0 1.00000000 1.7904197e-16
vn 0.92387953 1.0795025e-16 -0.38268343
vn 0.92387953 1.0795025e-16 -0.38268343
vn 0.0000000e+0 -1.00000000 1.7904197e-16
vn 1.00000000 -2.6987563e-17 -7.0748349e-17
vn 1.00000000 -2.6987563e-17 -7.0748349e-17
vn 0.0000000e+0 -1.00000000 1.7904197e-16
vn 0.92387953 4.4979272e-18 0.38268343
vn 0.92387953 4.4979272e-18 0.38268343
vn 0.0000000e+0 -1.00000000 1.7904197e-16
vn 0.70710678 -4.4979272e-18 0.70710678
vn 0.70710678 -4.4979272e-18 0.70710678
vn 0.0000000e+0 -1.00000000 1.7904197e-16
vn 0.38268343 0.0000000e+0 0.92387953
vn 0.38268343 0.0000000e+0 0.92387953
vn 0.0000000e+0 -1.00000000 1.7904197e-16
vn -4.2449009e-17 -3.5983417e-17 1.00000000
vn -4.2449009e-17 -3.5983417e-17 1.00000000
vn 0.0000000e+0 -1.00000000 1.7904197e-16
vn -0.38268343 -4.4979272e-17 0.92387953
vn -0.38268343 -4.4979272e-17 0.92387953
vn 0.0000000e+0 -1.00000000 1.7904197e-16
vn -0.70710678 -8.9958543e-18 0.70710678
vn -0.70710678 -8.9958543e-18 0.70710678
vn 0.0000000e+0 -1.00000000 1.7904197e-16
vn -0.92387953 0.0000000e+0 0.38268343
vn -0.92387953 0.0000000e+0 0.38268343
vn 0.0000000e+0 -1.00000000 1.7904197e-16
vn -1.00000000 0.0000000e+0 0.0000000e+0
vn -1.00000000 0.0000000e+0 0.0000000e+0
vn 0.0000000e+0 -1.00000000 1.7904197e-16
vn -0.92387953 -1.4393367e-16 -0.38268343
vn -0.92387953 -1.4393367e-16 -0.38268343
vn 0.0000000e+0 -1.00000000 1.7904197e-16
vn -0.70710678 1.4393367e-16 -0.70710678
vn -0.70710678 1.4393367e-16 -0.70710678
vn 0.0000000e+0 -1.00000000 1.7904197e-16
vn -0.38268343 2.8786734e-16 -0.92387953
vn -0.38268343 2.8786734e-16 -0.92387953
vn 0.0000000e+0 -1.00000000 1.7904197e-16
vn 1.4149670e-17 0.0000000e+0 -1.00000000
vn 1.4149670e-17 0.0000000e+0 -1.00000000
vn 0.0000000e+0 -1.00000000 1.7904197e-16
vn 0.38268343 -1.4393367e-16 -0.92387953
vn 0.38268343 -1.4393367e-16 -0.92387953
vn 0.0000000e+0 -1.00000000 1.7904197e-16
vn 0.70710678 3.2675321e-31 -0.70710678
vn 0.70710678 3.2675321e-31 -0.70710678
vn 0.0000000e+0 -1.00000000 1.7904197e-16
vn 0.92387953 1.0795025e-16 -0.38268343
vn 0.92387953 1.0795025e-16 -0.38268343
g cube2_Part1
usemtl Part1
f 187/776/532 202/880/577 201/990/574 200/1049/571 199/1059/568 198/1048/565 197/989/562 196/879/559 195/775/556 194/691/553 193/616/550 192/568/547 191/545/544 190/569/541 189/617/538 188/692/535
f 187/22/533 203/24/580 218/43/610 202/42/578
f 188/621/537 204/622/583 203/703/581 187/702/534
f 189/530/540 205/531/585 204/622/582 188/621/536
f 190/472/543 206/475/587 205/531/584 189/530/539
f 191/419/546 207/422/589 206/475/586 190/472/542
f 192/363/549 208/366/591 207/422/588 191/419/545
f 193/313/552 209/316/593 208/366/590 192/363/548
f 194/267/555 210/268/595 209/316/592 193/313/551
f 195/232/558 211/233/597 210/268/594 194/267/554
f 196/196/561 212/197/599 211/233/596 195/232/557
f 197/172/564 213/175/601 212/197/598 196/196/560
f 198/145/567 214/146/603 213/175/600 197/172/563
f 199/125/570 215/128/605 214/146/602 198/145/566
f 200/91/573 216/92/607 215/128/604 199/125/569
f 201/64/576 217/65/609 216/92/606 200/91/572
f 202/42/579 218/43/611 217/65/608 201/64/575
f 219/1081/613 244/842/55 250/841/61 222/1086/619
f 220/1092/614 246/871/57 244/888/55 219/1095/612
f 221/1091/616 248/854/59 246/871/57 220/1092/615
f 222/1086/618 250/841/61 248/854/59 221/1091/617
f 223/19/620 268/29/79 270/18/81 224/16/622
f 224/16/623 270/18/81 272/17/83 225/11/624
f 225/11/625 272/17/83 274/15/85 226/10/626
f 226/10/627 274/15/85 268/14/79 223/9/621
f 227/490/38 229/489/40 237/381/48 235/382/46
f 227/462/38 233/481/44 234/585/45 228/576/39
f 228/630/39 230/611/41 229/489/40 227/490/38
f 228/630/39 243/843/54 245/831/56 230/611/41
f 229/489/40 231/488/42 239/360/50 237/381/48
f 230/611/41 232/598/43 231/488/42 229/489/40
f 230/611/41 245/831/56 247/832/58 232/598/43
f 231/488/42 233/481/44 241/354/52 239/360/50
f 232/598/43 234/585/45 233/481/44 231/488/42
f 232/598/43 247/832/58 249/819/60 234/585/45
f 234/585/45 249/819/60 243/800/54 228/576/39
f 235/382/46 237/381/48 238/294/49 236/297/47
f 235/350/46 241/354/52 233/481/44 227/462/38
f 236/297/47 238/294/49 254/190/65 252/194/63
f 236/274/47 242/278/53 241/354/52 235/350/46
f 237/381/48 239/360/50 240/285/51 238/294/49
f 238/294/49 240/285/51 256/187/67 254/190/65
f 239/360/50 241/354/52 242/278/53 240/285/51
f 240/285/51 242/278/53 258/186/69 256/187/67
f 243/800/54 249/819/60 250/841/61 244/842/55
f 244/888/55 246/871/57 245/831/56 243/843/54
f 246/871/57 248/854/59 247/832/58 245/831/56
f 248/854/59 250/841/61 249/819/60 247/832/58
f 251/177/62 253/180/64 261/115/72 259/111/70
f 251/168/62 257/169/68 258/186/69 252/185/63
f 252/194/63 254/190/65 253/180/64 251/177/62
f 252/185/63 258/186/69 242/278/53 236/274/47
f 253/180/64 255/176/66 263/110/74 261/115/72
f 254/190/65 256/187/67 255/176/66 253/180/64
f 255/176/66 257/169/68 265/105/76 263/110/74
f 256/187/67 258/186/69 257/169/68 255/176/66
f 259/111/70 261/115/72 262/103/73 260/106/71
f 259/104/70 265/105/76 257/169/68 251/168/62
f 260/106/71 262/103/73 269/32/80 267/33/78
f 260/85/71 266/90/77 265/105/76 259/104/70
f 261/115/72 263/110/74 264/97/75 262/103/73
f 262/103/73 264/97/75 271/30/82 269/32/80
f 263/110/74 265/105/76 266/90/77 264/97/75
f 264/97/75 266/90/77 273/31/84 271/30/82
f 267/33/78 269/32/80 270/18/81 268/29/79
f 267/28/78 273/31/84 266/90/77 260/85/71
f 268/14/79 274/15/85 273/31/84 267/28/78
f 269/32/80 271/30/82 272/17/83 270/18/81
f 271/30/82 273/31/84 274/15/85 272/17/83
f 275/909/628 280/851/643 279/850/640 278/907/637 277/960/634 276/961/631
f 275/384/629 281/383/647 286/407/662 280/408/644
f 276/352/633 282/351/651 281/383/648 275/384/630
f 277/332/636 283/331/654 282/351/650 276/352/632
f 278/304/639 284/303/657 283/331/653 277/332/635
f 279/439/642 285/438/660 284/460/656 278/461/638
f 280/408/645 286/407/663 285/438/659 279/439/641
f 282/853/649 283/852/652 284/908/655 285/962/658 286/963/661 281/910/646
f 287/1054/664 290/1051/671 289/917/668 288/916/666
f 287/541/665 291/663/674 294/664/682 290/542/673
f 289/659/670 293/536/679 292/535/676 288/658/667
f 290/646/672 294/647/681 293/538/678 289/537/669
f 292/1052/677 293/1053/680 294/919/683 291/918/675
f 295/506/684 298/548/691 297/549/688 296/507/686
f 295/517/685 299/518/694 302/483/702 298/482/693
f 297/498/690 301/499/699 300/464/696 296/463/687
f 298/387/692 302/492/701 301/491/698 297/388/689
f 300/582/697 301/527/700 302/526/703 299/581/695
f 303/1116/704 312/1107/731 311/1073/728 310/1004/725 309/897/722 308/860/719 307/898/716 306/1005/713 305/1074/710 304/1106/707
f 303/448/705 313/447/734 322/500/770 312/501/732
f 304/402/709 314/401/739 313/447/735 303/448/706
f 305/347/712 315/346/743 314/401/738 304/402/708
f 306/302/715 316/301/747 315/346/742 305/347/711
f 307/262/718 317/261/751 316/301/746 306/302/714
f 308/228/721 318/227/755 317/261/750 307/262/717
f 309/726/724 319/725/759 318/817/754 308/818/720
f 310/662/727 320/661/763 319/725/758 309/726/723
f 311/573/730 321/572/767 320/661/762 310/662/726
f 312/501/733 322/500/771 321/572/766 311/573/729
f 313/656/737 323/674/775 332/697/811 322/672/773
f 314/673/740 324/698/778 323/674/774 313/656/736
f 315/734/744 325/740/782 324/698/779 314/673/741
f 316/826/748 326/814/786 325/740/783 315/734/745
f 317/922/752 327/882/790 326/814/787 316/826/749
f 318/954/756 328/915/794 327/882/791 317/922/753
f 319/923/760 329/883/798 328/914/795 318/953/757
f 320/825/764 330/813/802 329/883/799 319/923/761
f 321/735/768 331/741/806 330/813/803 320/825/765
f 322/672/772 332/697/810 331/741/807 321/735/769
f 323/466/777 333/465/815 342/508/851 332/509/813
f 324/432/780 334/431/818 333/465/814 323/466/776
f 325/393/784 335/394/822 334/431/819 324/432/781
f 326/349/788 336/348/826 335/394/823 325/393/785
f 327/319/792 337/320/830 336/348/827 326/349/789
f 328/280/796 338/279/834 337/320/831 327/319/793
f 329/687/800 339/686/838 338/738/835 328/739/797
f 330/634/804 340/633/842 339/686/839 329/687/801
f 331/555/808 341/554/846 340/633/843 330/634/805
f 332/509/812 342/508/850 341/554/847 331/555/809
f 333/1040/817 343/1039/855 352/1063/891 342/1088/853
f 334/959/820 344/1017/858 343/1039/854 333/1040/816
f 335/896/824 345/984/862 344/1017/859 334/959/821
f 336/861/828 346/964/866 345/984/863 335/896/825
f 337/877/832 347/982/870 346/964/867 336/861/829
f 338/935/836 348/1008/874 347/982/871 337/877/833
f 339/1114/840 349/1085/878 348/1068/875 338/1096/837
f 340/1115/844 350/1087/882 349/1085/879 339/1114/841
f 341/1105/848 351/1076/886 350/1087/883 340/1115/845
f 342/1088/852 352/1063/890 351/1076/887 341/1105/849
f 343/356/857 353/355/896 362/377/923 352/378/893
f 344/338/860 354/337/898 353/355/895 343/356/856
f 345/324/864 355/323/901 354/337/899 344/338/861
f 346/308/868 356/307/904 355/323/902 345/324/865
f 347/296/872 357/295/907 356/307/905 346/308/869
f 348/276/876 358/275/910 357/295/908 347/296/873
f 349/434/880 359/433/913 358/445/911 348/446/877
f 350/410/884 360/409/916 359/433/914 349/434/881
f 351/398/888 361/397/919 360/409/917 350/410/885
f 352/378/892 362/377/922 361/397/920 351/398/889
f 354/546/897 355/577/900 356/601/903 357/637/906 358/641/909 359/638/912 360/602/915 361/578/918 362/547/921 353/540/894
f 363/20/924 379/21/988 394/41/1018 378/40/984
f 363/779/926 396/778/1024 395/710/1020 364/693/930
f 364/624/929 380/623/991 379/706/989 363/705/925
f 364/693/931 395/710/1021 410/655/1081 365/618/935
f 365/533/933 381/532/993 380/623/990 364/624/928
f 365/618/934 410/655/1080 409/609/1077 366/571/939
f 366/474/937 382/473/995 381/532/992 365/533/932
f 366/571/938 409/609/1076 408/594/1073 367/544/943
f 367/424/941 383/423/997 382/473/994 366/474/936
f 367/544/942 408/594/1072 407/610/1069 368/570/947
f 368/365/945 384/364/999 383/423/996 367/424/940
f 368/570/946 407/610/1068 406/654/1065 369/615/951
f 369/318/949 385/317/1001 384/364/998 368/365/944
f 369/615/950 406/654/1064 405/709/1061 370/690/955
f 370/269/953 386/266/1003 385/317/1000 369/318/948
f 370/690/954 405/709/1060 404/774/1057 371/773/959
f 371/235/957 387/234/1005 386/266/1002 370/269/952
f 371/773/958 404/774/1056 403/856/1053 372/878/963
f 372/199/961 388/200/1007 387/234/1004 371/235/956
f 372/878/962 403/856/1052 402/944/1049 373/991/967
f 373/171/965 389/170/1009 388/200/1006 372/199/960
f 373/991/966 402/944/1048 401/1006/1045 374/1047/971
f 374/150/969 390/149/1011 389/170/1008 373/171/964
f 374/1047/970 401/1006/1044 400/1023/1041 375/1060/975
f 375/123/973 391/124/1013 390/149/1010 374/150/968
f 375/1060/974 400/1023/1040 399/1007/1037 376/1050/979
f 376/93/977 392/94/1015 391/124/1012 375/123/972
f 376/1050/978 399/1007/1036 398/943/1033 377/992/983
f 377/62/981 393/63/1017 392/94/1014 376/93/976
f 377/992/982 398/943/1032 397/857/1029 378/881/987
f 378/40/985 394/41/1019 393/63/1016 377/62/980
f 378/881/986 397/857/1028 396/777/1025 363/780/927
f 395/51/1023 411/52/1085 426/74/1145 410/73/1083
f 396/34/1026 412/37/1088 411/52/1084 395/51/1022
f 397/454/1030 413/453/1092 412/494/1089 396/495/1027
f 398/412/1034 414/411/1096 413/453/1093 397/454/1031
f 399/372/1038 415/370/1100 414/411/1097 398/412/1035
f 400/329/1042 416/326/1104 415/370/1101 399/372/1039
f 401/289/1046 417/288/1108 416/326/1105 400/329/1043
f 402/257/1050 418/256/1112 417/288/1109 401/289/1047
f 403/223/1054 419/222/1116 418/256/1113 402/257/1051
f 404/205/1058 420/206/1120 419/222/1117 403/223/1055
f 405/183/1062 421/184/1124 420/206/1121 404/205/1059
f 406/159/1066 422/160/1128 421/184/1125 405/183/1063
f 407/141/1070 423/142/1132 422/160/1129 406/159/1067
f 408/121/1074 424/122/1136 423/142/1133 407/141/1071
f 409/100/1078 425/101/1140 424/122/1137 408/121/1075
f 410/73/1082 426/74/1144 425/101/1141 409/100/1079
f 411/55/1087 427/78/1150 442/84/1195 426/61/1147
f 412/53/1090 428/77/1152 427/78/1149 411/55/1086
f 413/311/1094 429/277/1155 428/281/1153 412/321/1091
f 414/298/1098 430/263/1158 429/277/1156 413/311/1095
f 415/282/1102 431/251/1161 430/263/1159 414/298/1099
f 416/258/1106 432/239/1164 431/251/1162 415/282/1103
f 417/238/1110 433/217/1167 432/239/1165 416/258/1107
f 418/210/1114 434/207/1170 433/217/1168 417/238/1111
f 419/193/1118 435/188/1173 434/207/1171 418/210/1115
f 420/165/1122 436/166/1176 435/188/1174 419/193/1119
f 421/153/1126 437/155/1179 436/166/1177 420/165/1123
f 422/134/1130 438/139/1182 437/155/1180 421/153/1127
f 423/112/1134 439/129/1185 438/139/1183 422/134/1131
f 424/86/1138 440/109/1188 439/129/1186 423/112/1135
f 425/76/1142 441/98/1191 440/109/1189 424/86/1139
f 426/61/1146 442/84/1194 441/98/1192 425/76/1143
f 428/636/1151 429/680/1154 430/721/1157 431/753/1160 432/760/1163 433/752/1166 434/722/1169 435/679/1172 436/635/1175 437/575/1178 438/524/1181 439/503/1184 440/493/1187 441/502/1190 442/525/1193 427/574/1148
f 443/620/1196 459/619/1260 474/704/1290 458/701/1256
f 443/770/1198 476/771/1296 475/707/1292 444/688/1202
f 444/528/1201 460/529/1263 459/619/1261 443/620/1197
f 444/688/1203 475/707/1293 490/653/1353 445/614/1207
f 445/470/1205 461/471/1265 460/529/1262 444/528/1200
f 445/614/1206 490/653/1352 489/605/1349 446/563/1211
f 446/420/1209 462/421/1267 461/471/1264 445/470/1204
f 446/563/1210 489/605/1348 488/588/1345 447/543/1215
f 447/362/1213 463/361/1269 462/421/1266 446/420/1208
f 447/543/1214 488/588/1344 487/606/1341 448/564/1219
f 448/314/1217 464/315/1271 463/361/1268 447/362/1212
f 448/564/1218 487/606/1340 486/652/1337 449/613/1223
f 449/264/1221 465/265/1273 464/315/1270 448/314/1216
f 449/613/1222 486/652/1336 485/708/1333 450/689/1227
f 450/230/1225 466/231/1275 465/265/1272 449/264/1220
f 450/689/1226 485/708/1332 484/769/1329 451/768/1231
f 451/195/1229 467/198/1277 466/231/1274 450/230/1224
f 451/768/1230 484/769/1328 483/847/1325 452/876/1235
f 452/173/1233 468/174/1279 467/198/1276 451/195/1228
f 452/876/1234 483/847/1324 482/937/1321 453/987/1239
f 453/147/1237 469/148/1281 468/174/1278 452/173/1232
f 453/987/1238 482/937/1320 481/997/1317 454/1042/1243
f 454/126/1241 470/127/1283 469/148/1280 453/147/1236
f 454/1042/1242 481/997/1316 480/1022/1313 455/1058/1247
f 455/95/1245 471/96/1285 470/127/1282 454/126/1240
f 455/1058/1246 480/1022/1312 479/996/1309 456/1041/1251
f 456/66/1249 472/67/1287 471/96/1284 455/95/1244
f 456/1041/1250 479/996/1308 478/938/1305 457/988/1255
f 457/44/1253 473/45/1289 472/67/1286 456/66/1248
f 457/988/1254 478/938/1304 477/845/1301 458/875/1259
f 458/23/1257 474/25/1291 473/45/1288 457/44/1252
f 458/874/1258 477/846/1300 476/771/1297 443/770/1199
f 475/72/1295 491/75/1357 506/102/1402 490/99/1355
f 476/49/1298 492/50/1359 491/75/1356 475/72/1294
f 477/35/1302 493/36/1362 492/50/1360 476/49/1299
f 478/451/1306 494/452/1365 493/497/1363 477/496/1303
f 479/413/1310 495/414/1368 494/452/1366 478/451/1307
f 480/371/1314 496/369/1371 495/414/1369 479/413/1311
f 481/328/1318 497/327/1374 496/369/1372 480/371/1315
f 482/291/1322 498/290/1377 497/327/1375 481/328/1319
f 483/255/1326 499/254/1380 498/290/1378 482/291/1323
f 484/225/1330 500/224/1383 499/254/1381 483/255/1327
f 485/203/1334 501/204/1386 500/224/1384 484/225/1331
f 486/181/1338 502/182/1389 501/204/1387 485/203/1335
f 487/158/1342 503/161/1392 502/182/1390 486/181/1339
f 488/140/1346 504/143/1395 503/161/1393 487/158/1343
f 489/119/1350 505/120/1398 504/143/1396 488/140/1347
f 490/99/1354 506/102/1401 505/120/1399 489/119/1351
f 492/468/1361 493/515/1364 494/561/1367 495/599/1370 496/629/1373 497/600/1376 498/560/1379 499/514/1382 500/467/1385 501/427/1388 502/395/1391 503/367/1394 504/359/1397 505/368/1400 506/396/1403 491/428/1358
f 507/192/1405 508/163/1409 522/164/1465 521/191/1461
f 507/287/1406 536/286/1520 535/312/1518 508/325/1411
f 508/163/1408 509/152/1413 523/151/1469 522/164/1464
f 508/325/1410 535/312/1517 548/336/1556 509/357/1414
f 509/152/1412 510/132/1417 524/133/1473 523/151/1468
f 509/357/1415 548/336/1557 547/344/1554 510/380/1419
f 510/132/1416 511/108/1421 525/107/1477 524/133/1472
f 510/380/1418 547/344/1553 546/343/1550 511/379/1422
f 511/108/1420 512/83/1425 526/82/1481 525/107/1476
f 511/379/1423 546/343/1551 545/335/1548 512/353/1427
f 512/83/1424 513/56/1429 527/57/1485 526/82/1480
f 512/353/1426 545/335/1547 544/309/1545 513/322/1431
f 513/56/1428 514/39/1433 528/38/1489 527/57/1484
f 513/322/1430 544/309/1544 543/284/1541 514/283/1434
f 514/437/1432 515/391/1437 529/390/1493 528/436/1488
f 514/283/1435 543/284/1542 542/259/1539 515/247/1439
f 515/391/1436 516/341/1441 530/342/1497 529/390/1492
f 515/247/1438 542/259/1538 541/244/1535 516/226/1442
f 516/341/1440 517/306/1445 531/305/1501 530/342/1496
f 516/226/1443 541/244/1536 540/236/1533 517/215/1447
f 517/306/1444 518/271/1449 532/270/1505 531/305/1500
f 517/215/1446 540/236/1532 539/237/1529 518/216/1450
f 518/271/1448 519/241/1453 533/240/1509 532/270/1504
f 518/216/1451 539/237/1530 538/245/1527 519/229/1455
f 519/241/1452 520/212/1457 534/211/1513 533/240/1508
f 519/229/1454 538/245/1526 537/260/1523 520/250/1458
f 520/250/1459 537/260/1524 536/286/1521 507/287/1407
f 521/191/1460 534/211/1512 520/212/1456 507/192/1404
f 521/485/1462 549/484/1559 562/516/1598 534/534/1514
f 522/441/1466 550/450/1562 549/484/1560 521/485/1463
f 523/403/1470 551/430/1565 550/450/1563 522/441/1467
f 524/389/1474 552/415/1568 551/430/1566 523/403/1471
f 525/392/1478 553/416/1571 552/415/1569 524/389/1475
f 526/406/1482 554/435/1574 553/416/1572 525/392/1479
f 527/444/1486 555/455/1577 554/435/1575 526/406/1483
f 528/486/1490 556/487/1580 555/455/1578 527/444/1487
f 529/539/1494 557/519/1583 556/487/1581 528/486/1491
f 530/596/1498 558/562/1586 557/519/1584 529/539/1495
f 531/640/1502 559/584/1589 558/562/1587 530/596/1499
f 532/639/1506 560/583/1592 559/584/1590 531/640/1503
f 533/593/1510 561/556/1595 560/583/1593 532/639/1507
f 534/534/1515 562/516/1599 561/556/1596 533/593/1511
f 536/1034/1519 537/973/1522 538/906/1525 539/867/1528 540/866/1531 541/904/1534 542/974/1537 543/1036/1540 544/1077/1543 545/1103/1546 546/1112/1549 547/1113/1552 548/1101/1555 535/1078/1516
f 550/975/1561 551/905/1564 552/865/1567 553/864/1570 554/903/1573 555/976/1576 556/1035/1579 557/1079/1582 558/1102/1585 559/1110/1588 560/1111/1591 561/1104/1594 562/1080/1597 549/1037/1558
f 563/449/1600 578/443/1645 577/426/1642 576/386/1639 575/340/1636 574/300/1633 573/273/1630 572/249/1627 571/246/1624 570/248/1621 569/272/1618 568/299/1615 567/339/1612 566/385/1609 565/425/1606 564/442/1603
f 563/221/1601 579/220/1649 594/252/1694 578/253/1646
f 564/202/1605 580/201/1653 579/220/1650 563/221/1602
f 565/179/1608 581/178/1656 580/201/1652 564/202/1604
f 566/156/1611 582/157/1659 581/178/1655 565/179/1607
f 567/138/1614 583/137/1662 582/157/1658 566/156/1610
f 568/117/1617 584/116/1665 583/137/1661 567/138/1613
f 569/88/1620 585/87/1668 584/116/1664 568/117/1616
f 570/70/1623 586/71/1671 585/87/1667 569/88/1619
f 571/46/1626 587/47/1674 586/71/1670 570/70/1622
f 572/566/1629 588/565/1677 587/642/1673 571/643/1625
f 573/505/1632 589/504/1680 588/565/1676 572/566/1628
f 574/457/1635 590/456/1683 589/504/1679 573/505/1631
f 575/418/1638 591/417/1686 590/456/1682 574/457/1634
f 576/334/1641 592/333/1689 591/373/1685 575/374/1637
f 577/293/1644 593/292/1692 592/333/1688 576/334/1640
f 578/253/1647 594/252/1695 593/292/1691 577/293/1643
f 580/579/1651 581/631/1654 582/682/1657 583/743/1660 584/821/1663 585/912/1666 586/980/1669 587/993/1672 588/979/1675 589/911/1678 590/822/1681 591/742/1684 592/681/1687 593/632/1690 594/580/1693 579/567/1648
g cube2_Part2
usemtl Part2
f 1/7/86 37/756/122 36/809/119 35/757/116 48/729/137 54/214/35 55/135/36 56/69/37 47/5/133
f 3/404/91 5/405/2 12/81/5 10/80/97
f 4/657/1 18/669/9 19/612/10 5/595/2
f 5/595/2 3/597/92 2/660/90 4/657/1
f 5/405/2 19/557/10 24/27/15 12/81/5
f 6/1125/3 8/1124/94 9/1122/96 7/1123/4
f 6/1118/3 21/1119/12 18/669/9 4/657/1
f 7/1123/4 9/1122/95 17/469/103 15/480/8
f 7/1123/4 20/1126/11 21/1128/12 6/1125/3
f 8/1117/93 6/1118/3 4/657/1 2/660/89
f 11/154/99 13/144/6 14/429/7 16/440/101
f 12/131/5 24/89/15 25/114/16 13/144/6
f 13/144/6 11/154/100 10/136/98 12/131/5
f 13/144/6 25/114/16 22/330/13 14/429/7
f 14/429/7 22/330/13 23/358/14 15/480/8
f 15/480/8 17/469/104 16/440/102 14/429/7
f 15/480/8 23/358/14 20/1126/11 7/1123/4
f 18/669/9 26/668/17 27/608/18 19/612/10
f 19/557/10 27/559/18 32/26/20 24/27/15
f 20/1126/11 28/1127/109 29/1129/19 21/1128/12
f 21/1119/12 29/1120/19 26/668/17 18/669/9
f 22/330/13 30/310/112 31/345/115 23/358/14
f 23/358/14 31/345/114 28/1127/106 20/1126/11
f 24/89/15 32/58/20 34/79/22 25/114/16
f 25/114/16 34/79/22 38/167/125 39/189/130 30/310/111 22/330/13
f 26/668/17 36/667/121 37/607/124 27/608/18
f 27/559/18 37/558/123 1/13/88 33/12/21 32/26/20
f 28/696/105 31/4/113 30/1/110 39/3/129 50/48/31 51/113/32 40/213/23
f 29/1120/19 35/1121/117 36/667/120 26/668/17
f 34/79/22 32/58/20 33/68/21
f 38/2/128 52/6/33 39/3/131
f 40/213/23 41/208/24 44/209/27 49/711/30 28/696/107
f 41/208/24 40/213/23 51/113/32 43/118/26
f 41/208/24 43/118/26 45/130/28 44/209/27
f 42/54/25 52/6/33 53/8/34 46/59/29
f 43/118/26 51/113/32 50/48/31 42/54/25
f 44/209/27 54/214/35 48/729/139 49/711/30
f 45/130/28 55/135/36 54/214/35 44/209/27
f 46/59/29 45/130/28 43/118/26 42/54/25
f 46/59/29 56/69/37 55/135/36 45/130/28
f 47/162/134 38/167/126 34/79/22 33/68/21 1/60/87
f 47/5/135 53/8/34 52/6/33 38/2/127
f 47/5/136 56/69/37 46/59/29 53/8/34
f 49/711/30 48/729/138 35/782/118 29/761/19 28/696/108
f 50/48/31 39/3/132 52/6/33 42/54/25
f 57/1016/140 64/1003/161 63/968/158 62/942/155 61/928/152 60/941/149 59/967/146 58/1002/143
f 57/666/141 65/665/165 72/684/186 64/685/162
f 58/808/145 66/807/169 65/834/166 57/833/142
f 59/790/148 67/791/172 66/807/168 58/808/144
f 60/758/151 68/759/175 67/791/171 59/790/147
f 61/737/154 69/736/178 68/759/174 60/758/150
f 62/719/157 70/720/181 69/736/177 61/737/153
f 63/699/160 71/700/184 70/720/180 62/719/156
f 64/685/163 72/684/187 71/700/183 63/699/159
f 66/901/167 67/929/170 68/955/173 69/981/176 70/956/179 71/930/182 72/902/185 65/889/164
f 73/986/188 80/934/209 79/913/206 78/933/203 77/985/200 76/1030/197 75/1038/194 74/1031/191
f 73/793/189 81/792/213 88/829/234 80/830/210
f 74/745/193 82/744/217 81/792/214 73/793/190
f 75/715/196 83/714/220 82/744/216 74/745/192
f 76/678/199 84/677/223 83/714/219 75/715/195
f 77/651/202 85/650/226 84/677/222 76/678/198
f 78/946/205 86/945/229 85/998/225 77/999/201
f 79/887/208 87/886/232 86/945/228 78/946/204
f 80/830/211 88/829/235 87/886/231 79/887/207
f 82/1001/215 83/983/218 84/1000/221 85/1032/224 86/1064/227 87/1075/230 88/1065/233 81/1033/212
f 89/242/237 91/243/242 92/219/245 90/218/239
f 90/815/238 92/816/244 99/458/261 97/459/256
f 93/970/247 94/1019/250 102/1018/270 101/969/266 100/670/263 99/644/260 92/645/243 91/671/241
f 94/399/249 96/400/254 104/713/274 102/712/269
f 95/376/252 93/375/246 91/243/240 89/242/236
f 96/400/255 94/399/251 93/375/248 95/376/253
f 98/1082/258 100/1083/264 101/784/267 103/783/272
f 100/1083/265 98/1082/259 97/1099/257 99/1100/262
f 102/712/271 104/713/275 103/746/273 101/747/268
f 105/724/276 112/695/297 111/683/294 110/694/291 109/723/288 108/754/285 107/781/282 106/755/279
f 105/1014/277 113/1013/301 120/1043/322 112/1044/298
f 106/952/281 114/951/305 113/1013/302 105/1014/278
f 107/894/284 115/895/308 114/951/304 106/952/280
f 108/840/287 116/839/311 115/895/307 107/894/283
f 109/802/290 117/801/314 116/839/310 108/840/286
f 110/1093/293 118/1094/317 117/1108/313 109/1109/289
f 111/1070/296 119/1069/320 118/1094/316 110/1093/292
f 112/1044/299 120/1043/323 119/1069/319 111/1070/295
f 114/730/303 115/718/306 116/731/309 117/772/312 118/806/315 119/820/318 120/805/321 113/767/300
f 121/552/324 130/523/351 129/511/348 128/510/345 127/522/342 126/551/339 125/591/336 124/625/333 123/626/330 122/592/327
f 121/795/325 131/794/355 140/835/382 130/836/352
f 122/749/329 132/748/359 131/794/356 121/795/326
f 123/717/332 133/716/362 132/748/358 122/749/328
f 124/676/335 134/675/365 133/716/361 123/717/331
f 125/649/338 135/648/368 134/675/364 124/676/334
f 126/604/341 136/603/371 135/648/367 125/649/337
f 127/1011/344 137/1012/374 136/1045/370 126/1046/340
f 128/948/347 138/947/377 137/1012/373 127/1011/343
f 129/891/350 139/890/380 138/947/376 128/948/346
f 130/836/353 140/835/383 139/890/379 129/891/349
f 132/521/357 133/513/360 134/512/363 135/520/366 136/550/369 137/589/372 138/627/375 139/628/378 140/590/381 131/553/354
f 141/1024/384 144/1061/392 143/1062/389 142/1025/386
f 142/1098/388 146/733/398 145/732/395 141/1097/385
f 143/1009/391 147/1010/400 146/932/396 142/931/387
f 144/586/393 148/971/402 147/972/399 143/587/390
f 146/1056/397 147/995/401 148/994/403 145/1055/394
f 149/899/404 152/977/412 151/978/409 150/900/406
f 150/765/408 154/476/418 153/477/415 149/763/405
f 151/1029/411 155/1028/420 154/957/416 150/958/407
f 152/478/413 156/764/422 155/766/419 151/479/410
f 154/940/417 155/869/421 156/868/423 153/939/414
f 157/855/424 164/862/445 163/892/442 162/926/439 161/936/436 160/927/433 159/893/430 158/863/427
f 157/728/425 165/727/448 172/750/477 164/751/446
f 158/921/429 166/920/453 165/949/449 157/950/426
f 159/885/432 167/884/457 166/920/452 158/921/428
f 160/859/435 168/858/462 167/884/456 159/885/431
f 161/824/438 169/823/466 168/858/461 160/859/434
f 162/804/441 170/803/470 169/823/465 161/824/437
f 163/786/444 171/785/474 170/803/469 162/804/440
f 164/751/447 172/750/478 171/785/473 163/786/443
f 165/789/451 173/762/482 179/787/508 172/796/480
f 166/797/454 174/788/485 173/762/481 165/789/450
f 167/812/460 174/788/488 166/797/455
f 167/812/458 175/849/490 174/788/486
f 168/838/463 175/849/491 167/812/459
f 169/844/467 176/870/495 175/849/492 168/838/464
f 170/837/471 177/848/499 176/870/496 169/844/468
f 171/810/475 178/811/503 177/848/500 170/837/472
f 172/796/479 179/787/507 178/811/504 171/810/476
f 173/799/484 180/798/513 186/827/531 179/828/510
f 174/1067/489 175/1021/494 182/1020/519 181/1066/516
f 174/1067/487 181/1066/515 180/1089/512 173/1090/483
f 176/966/497 183/965/521 182/1020/518 175/1021/493
f 177/925/501 184/924/524 183/965/522 176/966/498
f 178/873/505 185/872/527 184/924/525 177/925/502
f 179/828/509 186/827/530 185/872/528 178/873/506
f 181/1072/514 182/1027/517 183/1015/520 184/1026/523 185/1057/526 186/1071/529 180/1084/511
