# Exported from Wings 3D 1.0.2
mtllib Helm.mtl
o cylinder3
#1708 vertices, 1534 faces
v -1.00871705 -9.1219103e-2 2.1218393e-2
v -0.98950233 -9.1219103e-2 0.21630871
v -0.93259658 -9.1219103e-2 0.40390183
v -0.84018666 -9.1219103e-2 0.57678863
v -0.71582383 -9.1219103e-2 0.72832517
v -0.56428728 -9.1219103e-2 0.85268801
v -0.39140048 -9.1219103e-2 0.94509793
v -0.20380737 -9.1219103e-2 1.00200367
v -8.7170464e-3 -9.1219103e-2 1.02121839
v 0.18637328 -9.1219103e-2 1.00200367
v 0.37396639 -9.1219103e-2 0.94509793
v 0.54685319 -9.1219103e-2 0.85268801
v 0.69838973 -9.1219103e-2 0.72832517
v 0.82275257 -9.1219103e-2 0.57678863
v 0.91516249 -9.1219103e-2 0.40390183
v 0.97206823 -9.1219103e-2 0.21630871
v 0.99128295 -9.1219103e-2 2.1218393e-2
v 0.97206823 -9.1219103e-2 -0.17387193
v 0.91516249 -9.1219103e-2 -0.36146504
v 0.82275257 -9.1219103e-2 -0.53435184
v 0.69838973 -9.1219103e-2 -0.68588839
v 0.54685319 -9.1219103e-2 -0.81025122
v 0.37396639 -9.1219103e-2 -0.90266114
v 0.18637328 -9.1219103e-2 -0.95956689
v -8.7170464e-3 -9.1219103e-2 -0.97878161
v -0.20380737 -9.1219103e-2 -0.95956689
v -0.39140048 -9.1219103e-2 -0.90266114
v -0.56428728 -9.1219103e-2 -0.81025122
v -0.71582383 -9.1219103e-2 -0.68588839
v -0.84018666 -9.1219103e-2 -0.53435184
v -0.93259658 -9.1219103e-2 -0.36146504
v -0.98950233 -9.1219103e-2 -0.17387193
v -1.00871705 3.9596897e-2 2.1218393e-2
v -0.98950233 3.9596897e-2 0.21630871
v -0.93259658 3.9596897e-2 0.40390183
v -0.84018666 3.9596897e-2 0.57678863
v -0.71582383 3.9596897e-2 0.72832517
v -0.56428728 3.9596897e-2 0.85268801
v -0.39140048 3.9596897e-2 0.94509793
v -0.20380737 3.9596897e-2 1.00200367
v -8.7170464e-3 3.9596897e-2 1.02121839
v 0.18637328 3.9596897e-2 1.00200367
v 0.37396639 3.9596897e-2 0.94509793
v 0.54685319 3.9596897e-2 0.85268801
v 0.69838973 3.9596897e-2 0.72832517
v 0.82275257 3.9596897e-2 0.57678863
v 0.91516249 3.9596897e-2 0.40390183
v 0.97206823 3.9596897e-2 0.21630871
v 0.99128295 3.9596897e-2 2.1218393e-2
v 0.97206823 3.9596897e-2 -0.17387193
v 0.91516249 3.9596897e-2 -0.36146504
v 0.82275257 3.9596897e-2 -0.53435184
v 0.69838973 3.9596897e-2 -0.68588839
v 0.54685319 3.9596897e-2 -0.81025122
v 0.37396639 3.9596897e-2 -0.90266114
v 0.18637328 3.9596897e-2 -0.95956689
v -8.7170464e-3 3.9596897e-2 -0.97878161
v -0.20380737 3.9596897e-2 -0.95956689
v -0.39140048 3.9596897e-2 -0.90266114
v -0.56428728 3.9596897e-2 -0.81025122
v -0.71582383 3.9596897e-2 -0.68588839
v -0.84018666 3.9596897e-2 -0.53435184
v -0.93259658 3.9596897e-2 -0.36146504
v -0.98950233 3.9596897e-2 -0.17387193
v -0.81688412 -9.1219103e-2 0.18197282
v -0.83271705 -9.1219103e-2 2.1218393e-2
v -0.81688412 -9.1219103e-2 -0.13953603
v -0.76999378 -9.1219103e-2 -0.29411276
v -0.69384801 -9.1219103e-2 -0.43657148
v -0.59137303 -9.1219103e-2 -0.56143759
v -0.46650692 -9.1219103e-2 -0.66391257
v -0.32404819 -9.1219103e-2 -0.74005834
v -0.16947147 -9.1219103e-2 -0.78694868
v -8.7170464e-3 -9.1219103e-2 -0.80278161
v 0.15203738 -9.1219103e-2 -0.78694868
v 0.30661410 -9.1219103e-2 -0.74005834
v 0.44907283 -9.1219103e-2 -0.66391257
v 0.57393894 -9.1219103e-2 -0.56143759
v 0.67641391 -9.1219103e-2 -0.43657148
v 0.75255969 -9.1219103e-2 -0.29411276
v 0.79945002 -9.1219103e-2 -0.13953603
v 0.81528295 -9.1219103e-2 2.1218393e-2
v 0.79945002 -9.1219103e-2 0.18197282
v 0.75255969 -9.1219103e-2 0.33654954
v 0.67641391 -9.1219103e-2 0.47900826
v 0.57393894 -9.1219103e-2 0.60387438
v 0.44907283 -9.1219103e-2 0.70634935
v 0.30661410 -9.1219103e-2 0.78249513
v 0.15203738 -9.1219103e-2 0.82938546
v -8.7170464e-3 -9.1219103e-2 0.84521839
v -0.16947147 -9.1219103e-2 0.82938546
v -0.32404819 -9.1219103e-2 0.78249513
v -0.46650692 -9.1219103e-2 0.70634935
v -0.59137303 -9.1219103e-2 0.60387438
v -0.69384801 -9.1219103e-2 0.47900826
v -0.76999378 -9.1219103e-2 0.33654954
v -0.83271705 3.9596897e-2 2.1218393e-2
v -0.81688412 3.9596897e-2 0.18197282
v -0.76999378 3.9596897e-2 0.33654954
v -0.69384801 3.9596897e-2 0.47900826
v -0.59137303 3.9596897e-2 0.60387438
v -0.46650692 3.9596897e-2 0.70634935
v -0.32404819 3.9596897e-2 0.78249513
v -0.16947147 3.9596897e-2 0.82938546
v -8.7170464e-3 3.9596897e-2 0.84521839
v 0.15203738 3.9596897e-2 0.82938546
v 0.30661410 3.9596897e-2 0.78249513
v 0.44907283 3.9596897e-2 0.70634935
v 0.57393894 3.9596897e-2 0.60387438
v 0.67641391 3.9596897e-2 0.47900826
v 0.75255969 3.9596897e-2 0.33654954
v 0.79945002 3.9596897e-2 0.18197282
v 0.81528295 3.9596897e-2 2.1218393e-2
v 0.79945002 3.9596897e-2 -0.13953603
v 0.75255969 3.9596897e-2 -0.29411276
v 0.67641391 3.9596897e-2 -0.43657148
v 0.57393894 3.9596897e-2 -0.56143759
v 0.44907283 3.9596897e-2 -0.66391257
v 0.30661410 3.9596897e-2 -0.74005834
v 0.15203738 3.9596897e-2 -0.78694868
v -8.7170464e-3 3.9596897e-2 -0.80278161
v -0.16947147 3.9596897e-2 -0.78694868
v -0.32404819 3.9596897e-2 -0.74005834
v -0.46650692 3.9596897e-2 -0.66391257
v -0.59137303 3.9596897e-2 -0.56143759
v -0.69384801 3.9596897e-2 -0.43657148
v -0.76999378 3.9596897e-2 -0.29411276
v -0.81688412 3.9596897e-2 -0.13953603
v -0.79600035 -8.7211103e-2 -0.25387411
v -0.69244470 -8.0948303e-2 -0.21356357
v -0.69244470 2.9326097e-2 -0.21356357
v -0.79600035 3.5588897e-2 -0.25387411
v -0.74507602 -8.7211103e-2 -0.36561735
v -0.64671465 -8.0948303e-2 -0.31390900
v -0.64671465 2.9326097e-2 -0.31390900
v -0.74507602 3.5588897e-2 -0.36561735
v -0.66413845 1.0256565e-2 -0.22162009
v -0.66413845 -6.1878772e-2 -0.22162009
v -0.63422441 -6.1878772e-2 -0.28726045
v -0.63422441 1.0256565e-2 -0.28726045
v -0.63806034 2.4959837e-2 -0.19357748
v -0.63806034 -7.6582044e-2 -0.19357748
v -0.59595161 -7.6582044e-2 -0.28597666
v -0.59595161 2.4959837e-2 -0.28597666
v -0.59000608 6.6039462e-3 -0.19185006
v -0.59000608 -5.8226153e-2 -0.19185006
v -0.56312148 -5.8226153e-2 -0.25084294
v -0.56312148 6.6039462e-3 -0.25084294
v -0.56529828 5.7323415e-3 -0.18154791
v -0.56529828 -5.7354548e-2 -0.18154791
v -0.53913657 -5.7354548e-2 -0.23895454
v -0.53913657 5.7323415e-3 -0.23895454
v -0.54447281 1.8425876e-2 -0.15810767
v -0.54447281 -7.0048083e-2 -0.15810767
v -0.50778326 -7.0048083e-2 -0.23861554
v -0.50778326 1.8425876e-2 -0.23861554
v -0.49881364 8.7376965e-5 -0.15745264
v -0.49881364 -5.1709584e-2 -0.15745264
v -0.47733379 -5.1709584e-2 -0.20458586
v -0.47733379 8.7376965e-5 -0.20458586
v -0.40940815 2.7164534e-3 -0.11381899
v -0.40940815 -5.4338660e-2 -0.11381899
v -0.38574778 -5.4338660e-2 -0.16573693
v -0.38574778 2.7164534e-3 -0.16573693
v -0.31877368 2.7338037e-3 -7.2495416e-2
v -0.31877368 -5.4356011e-2 -7.2495416e-2
v -0.29509892 -5.4356011e-2 -0.12444494
v -0.29509892 2.7338037e-3 -0.12444494
v -0.28849297 -2.1256340e-3 -6.4035967e-2
v -0.28849297 -4.9496573e-2 -6.4035967e-2
v -0.26884856 -4.9496573e-2 -0.10714169
v -0.26884856 -2.1256340e-3 -0.10714169
v -0.27477578 1.7011582e-2 -3.6753885e-2
v -0.27477578 -6.8633789e-2 -3.6753885e-2
v -0.23925923 -6.8633789e-2 -0.11468785
v -0.23925923 1.7011582e-2 -0.11468785
v -0.21019511 1.7011582e-2 -7.3227768e-3
v -0.21019511 -6.8633789e-2 -7.3227768e-3
v -0.17467855 -6.8633789e-2 -8.5256747e-2
v -0.17467855 1.7011582e-2 -8.5256747e-2
v -0.64671465 -2.5811103e-2 -0.31390900
v -0.66957968 -8.0948303e-2 -0.26373628
v -0.67535326 1.0662154e-2 -0.22628525
v -0.64918143 -7.3901328e-2 -0.25444027
v -0.67535326 -6.2284361e-2 -0.22628525
v -0.62923874 -2.5811103e-2 -0.29820051
v -0.64510283 -6.2284361e-2 -0.29266375
v -0.64510283 1.0662154e-2 -0.29266375
v -0.61700597 -9.3505690e-2 -0.23977707
v -0.58893349 -2.5811103e-2 -0.30137652
v -0.57656378 -6.9031170e-2 -0.22134650
v -0.55864071 -2.5811103e-2 -0.26067508
v -0.55221743 -6.7869030e-2 -0.21025123
v -0.53477629 -2.5811103e-2 -0.24852231
v -0.52612804 -8.4793742e-2 -0.19836161
v -0.50166834 -2.5811103e-2 -0.25203352
v -0.48807371 -6.0342411e-2 -0.18101925
v -0.47375381 -2.5811103e-2 -0.21244140
v -0.39757796 -6.3847846e-2 -0.13977796
v -0.38180438 -2.5811103e-2 -0.17438992
v -0.30693630 -6.3870980e-2 -9.8470176e-2
v -0.29115313 -2.5811103e-2 -0.13310319
v -0.27867076 -5.7391729e-2 -8.5588827e-2
v -0.26557449 -2.5811103e-2 -0.11432597
v -0.25701751 -6.8633789e-2 -7.5720870e-2
v -0.23925923 -2.5811103e-2 -0.11468785
v -0.66022804 -7.4442114e-2 -0.25947450
v -0.64006109 -2.5811103e-2 -0.30372684
v -0.74507602 -2.5811103e-2 -0.36561735
v -0.77053819 -8.7211103e-2 -0.30974573
v -0.19243683 -6.8633789e-2 -4.6289762e-2
v -0.17467855 -2.5811103e-2 -8.5256747e-2
v 2.8329190e-2 -6.5366467e-2 -0.14052075
v 3.9883573e-2 -6.5366467e-2 -0.11023109
v 7.1892378e-2 -6.5366467e-2 -0.10509265
v 9.2346801e-2 -6.5366467e-2 -0.13024387
v 8.0792418e-2 -6.5366467e-2 -0.16053353
v 4.8783613e-2 -6.5366467e-2 -0.16567197
v 2.8329190e-2 -8.4169269e-2 -0.14052075
v 3.9883573e-2 -8.4169269e-2 -0.11023109
v 7.1892378e-2 -8.4169269e-2 -0.10509265
v 9.2346801e-2 -8.4169269e-2 -0.13024387
v 8.0792418e-2 -8.4169269e-2 -0.16053353
v 4.8783613e-2 -8.4169269e-2 -0.16567197
v 4.0685229e-2 -8.2907882e-2 -0.13853721
v 4.7779389e-2 -8.2907882e-2 -0.11993996
v 6.7432156e-2 -8.2907882e-2 -0.11678506
v 7.9990762e-2 -8.2907882e-2 -0.13222741
v 7.2896602e-2 -8.2907882e-2 -0.15082465
v 5.3243836e-2 -8.2907882e-2 -0.15397955
v 4.0685229e-2 -7.2152897e-2 -0.13853721
v 4.7779389e-2 -7.2152897e-2 -0.11993996
v 6.7432156e-2 -7.2152897e-2 -0.11678506
v 7.9990762e-2 -7.2152897e-2 -0.13222741
v 7.2896602e-2 -7.2152897e-2 -0.15082465
v 5.3243836e-2 -7.2152897e-2 -0.15397955
v -0.27488800 -8.7211103e-2 0.81268158
v -0.23544641 -8.0948303e-2 0.70879186
v -0.23544641 2.9326097e-2 0.70879186
v -0.27488800 3.5588897e-2 0.81268158
v -0.38705394 -8.7211103e-2 0.76269517
v -0.33617142 -8.0948303e-2 0.66390406
v -0.33617142 2.9326097e-2 0.66390406
v -0.38705394 3.5588897e-2 0.76269517
v -0.24373978 1.0256565e-2 0.68055410
v -0.24373978 -6.1878772e-2 0.68055410
v -0.30962844 -6.1878772e-2 0.65119101
v -0.30962844 1.0256565e-2 0.65119101
v -0.21591662 2.4959837e-2 0.65424198
v -0.21591662 -7.6582044e-2 0.65424198
v -0.30866533 -7.6582044e-2 0.61290879
v -0.30866533 2.4959837e-2 0.61290879
v -0.21459184 6.6039462e-3 0.60617494
v -0.21459184 -5.8226153e-2 0.60617494
v -0.27380787 -5.8226153e-2 0.57978549
v -0.27380787 6.6039462e-3 0.57978549
v -0.20449704 5.7323415e-3 0.58138169
v -0.20449704 -5.7354548e-2 0.58138169
v -0.26212083 -5.7354548e-2 0.55570183
v -0.26212083 5.7323415e-3 0.55570183
v -0.18123209 1.8425876e-2 0.56036059
v -0.18123209 -7.0048083e-2 0.56036059
v -0.26204450 -7.0048083e-2 0.52434678
v -0.26204450 1.8425876e-2 0.52434678
v -0.18095959 8.7376965e-5 0.51469753
v -0.18095959 -5.1709584e-2 0.51469753
v -0.22827111 -5.1709584e-2 0.49361329
v -0.22827111 8.7376965e-5 0.49361329
v -0.13807647 2.7164534e-3 0.42492963
v -0.13807647 -5.4338660e-2 0.42492963
v -0.19019080 -5.4338660e-2 0.40170504
v -0.19019080 2.7164534e-3 0.40170504
v -9.7513631e-2 2.7338037e-3 0.33395216
v -9.7513631e-2 -5.4356011e-2 0.33395216
v -0.14965966 -5.4356011e-2 0.31071344
v -0.14965966 2.7338037e-3 0.31071344
v -8.9308155e-2 -2.1256340e-3 0.30360164
v -8.9308155e-2 -4.9496573e-2 0.30360164
v -0.13257693 -4.9496573e-2 0.28431904
v -0.13257693 -2.1256340e-3 0.28431904
v -6.2141946e-2 1.7011582e-2 0.28965638
v -6.2141946e-2 -6.8633789e-2 0.28965638
v -0.14037072 -6.8633789e-2 0.25479396
v -0.14037072 1.7011582e-2 0.25479396
v -3.3252894e-2 1.7011582e-2 0.22483142
v -3.3252894e-2 -6.8633789e-2 0.22483142
v -0.11148167 -6.8633789e-2 0.18996900
v -0.11148167 1.7011582e-2 0.18996900
v -0.23544641 -2.5811103e-2 0.70879186
v -0.28580892 -8.0948303e-2 0.68634796
v -0.23275834 -2.5811103e-2 0.68544794
v -0.24831083 1.0662154e-2 0.69180759
v -0.27668411 -7.3901328e-2 0.66587255
v -0.24831083 -6.2284361e-2 0.69180759
v -0.31494042 -6.2284361e-2 0.66211431
v -0.31494042 1.0662154e-2 0.66211431
v -0.20045851 -2.5811103e-2 0.66113084
v -0.26229098 -9.3505690e-2 0.63357538
v -0.20472250 -2.5811103e-2 0.61057318
v -0.24419986 -6.9031170e-2 0.59298021
v -0.19489308 -2.5811103e-2 0.58566167
v -0.23330894 -6.7869030e-2 0.56854176
v -0.16776335 -2.5811103e-2 0.56636289
v -0.22163830 -8.4793742e-2 0.54235368
v -0.17307434 -2.5811103e-2 0.51821157
v -0.20461535 -6.0342411e-2 0.50415541
v -0.12939074 -2.5811103e-2 0.42880040
v -0.16413363 -6.3847846e-2 0.41331734
v -8.8822625e-2 -2.5811103e-2 0.33782528
v -0.12358665 -6.3870980e-2 0.32233280
v -8.2096692e-2 -2.5811103e-2 0.30681540
v -0.11094254 -5.7391729e-2 0.29396034
v -6.2141946e-2 -2.5811103e-2 0.28965638
v -0.10125633 -6.8633789e-2 0.27222517
v -0.23720589 -2.5811103e-2 0.69675647
v -0.28162562 -7.4442114e-2 0.67696095
v -0.27488800 -2.5811103e-2 0.81268158
v -0.33097097 -8.7211103e-2 0.78768837
v -3.3252894e-2 -2.5811103e-2 0.22483142
v -7.2367281e-2 -6.8633789e-2 0.20740021
v 0.75514791 -8.7211103e-2 -0.32664987
v 0.65406958 -8.0948303e-2 -0.28047754
v 0.65406958 2.9326097e-2 -0.28047754
v 0.75514791 3.5588897e-2 -0.32664987
v 0.79979510 -8.7211103e-2 -0.21225377
v 0.69416276 -8.0948303e-2 -0.17774984
v 0.69416276 2.9326097e-2 -0.17774984
v 0.79979510 3.5588897e-2 -0.21225377
v 0.64012030 1.0256565e-2 -0.25456289
v 0.64012030 -6.1878772e-2 -0.25456289
v 0.66634701 -6.1878772e-2 -0.18736418
v 0.66634701 1.0256565e-2 -0.18736418
v 0.60183521 2.4959837e-2 -0.25540419
v 0.60183521 -7.6582044e-2 -0.25540419
v 0.63875345 -7.6582044e-2 -0.16081139
v 0.63875345 2.4959837e-2 -0.16081139
v 0.56710667 6.6039462e-3 -0.22214575
v 0.56710667 -5.8226153e-2 -0.22214575
v 0.59067736 -5.8226153e-2 -0.16175234
v 0.59067736 6.6039462e-3 -0.16175234
v 0.54249921 5.7323415e-3 -0.21160617
v 0.54249921 -5.7354548e-2 -0.21160617
v 0.56543612 -5.7354548e-2 -0.15283667
v 0.56543612 5.7323415e-3 -0.15283667
v 0.51117537 1.8425876e-2 -0.21300696
v 0.51117537 -7.0048083e-2 -0.21300696
v 0.54334241 -7.0048083e-2 -0.13058777
v 0.54334241 1.8425876e-2 -0.13058777
v 0.47888506 8.7376965e-5 -0.18071880
v 0.47888506 -5.1709584e-2 -0.18071880
v 0.49771721 -5.1709584e-2 -0.13246660
v 0.49771721 8.7376965e-5 -0.13246660
v 0.38528500 2.7164534e-3 -0.14701024
v 0.38528500 -5.4338660e-2 -0.14701024
v 0.40602890 -5.4338660e-2 -9.3859731e-2
v 0.40602890 2.7164534e-3 -9.3859731e-2
v 0.29248514 2.7338037e-3 -0.11081039
v 0.29248514 -5.4356011e-2 -0.11081039
v 0.31324165 -5.4356011e-2 -5.7627552e-2
v 0.31324165 2.7338037e-3 -5.7627552e-2
v 0.26531533 -2.1256340e-3 -9.4989970e-2
v 0.26531533 -4.9496573e-2 -9.4989970e-2
v 0.28253829 -4.9496573e-2 -5.0860891e-2
v 0.28253829 -2.1256340e-3 -5.0860891e-2
v 0.23619017 1.7011582e-2 -0.10416593
v 0.23619017 -6.8633789e-2 -0.10416593
v 0.26732881 -6.8633789e-2 -2.4381751e-2
v 0.26732881 1.7011582e-2 -2.4381751e-2
v 0.17007631 1.7011582e-2 -7.8362619e-2
v 0.17007631 -6.8633789e-2 -7.8362619e-2
v 0.20121495 -6.8633789e-2 1.4215569e-3
v 0.20121495 1.7011582e-2 1.4215569e-3
v 0.65406958 -2.5811103e-2 -0.28047754
v 0.67411617 -8.0948303e-2 -0.22911369
v 0.63574918 -2.5811103e-2 -0.26576268
v 0.65128171 1.0662154e-2 -0.25935442
v 0.65323366 -7.3901328e-2 -0.22096354
v 0.65128171 -6.2284361e-2 -0.25935442
v 0.67780334 -6.2284361e-2 -0.19140004
v 0.67780334 1.0662154e-2 -0.19140004
v 0.59568218 -2.5811103e-2 -0.27116965
v 0.62029433 -9.3505690e-2 -0.20810779
v 0.56317822 -2.5811103e-2 -0.23221132
v 0.57889202 -6.9031170e-2 -0.19194905
v 0.53867639 -2.5811103e-2 -0.22140109
v 0.55396766 -6.7869030e-2 -0.18222142
v 0.50581419 -2.5811103e-2 -0.22674349
v 0.52725889 -8.4793742e-2 -0.17179737
v 0.47574636 -2.5811103e-2 -0.18876084
v 0.48830113 -6.0342411e-2 -0.15659270
v 0.38182769 -2.5811103e-2 -0.15586866
v 0.39565695 -6.3847846e-2 -0.12043499
v 0.28902572 -2.5811103e-2 -0.11967419
v 0.30286339 -6.3870980e-2 -8.4218970e-2
v 0.26244484 -2.5811103e-2 -0.10234482
v 0.27392681 -5.7391729e-2 -7.2925430e-2
v 0.23619017 -2.5811103e-2 -0.10416593
v 0.25175949 -6.8633789e-2 -6.4273838e-2
v 0.64686144 -2.5811103e-2 -0.27068015
v 0.66454252 -7.4442114e-2 -0.22537723
v 0.75514791 -2.5811103e-2 -0.32664987
v 0.77747151 -8.7211103e-2 -0.26945182
v 0.17007631 -2.5811103e-2 -7.8362619e-2
v 0.18564563 -6.8633789e-2 -3.8470531e-2
v 0.90024460 -8.7211103e-2 -0.38327906
v 1.00587695 -8.0948303e-2 -0.41778299
v 1.00587695 2.9326097e-2 -0.41778299
v 0.90024460 3.5588897e-2 -0.38327906
v 0.94489179 -8.7211103e-2 -0.26888296
v 1.04597012 -8.0948303e-2 -0.31505529
v 1.04597012 2.9326097e-2 -0.31505529
v 0.94489179 3.5588897e-2 -0.26888296
v 1.01928232 -5.7322013e-2 -0.39765297
v 1.01928232 5.6998064e-3 -0.39765297
v 1.04219557 5.6998064e-3 -0.33894409
v 1.04219557 -5.7322013e-2 -0.33894409
v 1.02374467 -7.2185473e-2 -0.41534994
v 1.02374467 2.0563266e-2 -0.41534994
v 1.05746593 2.0563266e-2 -0.32894852
v 1.05746593 -7.2185473e-2 -0.32894852
v 1.03765923 -6.5585904e-2 -0.41369620
v 1.03765923 1.3963697e-2 -0.41369620
v 1.06658159 1.3963697e-2 -0.33959063
v 1.06658159 -6.5585904e-2 -0.33959063
v 1.05206334 -7.4843392e-2 -0.42925549
v 1.05206334 2.3221185e-2 -0.42925549
v 1.08771731 2.3221185e-2 -0.33790203
v 1.08771731 -7.4843392e-2 -0.33790203
v 1.10777028 -5.9036402e-2 -0.43402890
v 1.10777028 7.4141950e-3 -0.43402890
v 1.13193015 7.4141950e-3 -0.37212589
v 1.13193015 -5.9036402e-2 -0.37212589
v 1.18929192 -5.9593565e-2 -0.46644374
v 1.18929192 7.9713579e-3 -0.46644374
v 1.21385694 7.9713579e-3 -0.40350267
v 1.21385694 -5.9593565e-2 -0.40350267
v 1.27776899 -7.7245192e-2 -0.51992347
v 1.27776899 2.5622986e-2 -0.51992347
v 1.31516944 2.5622986e-2 -0.42409514
v 1.31516944 -7.7245192e-2 -0.42409514
v 1.36724376 -5.3408880e-2 -0.52925681
v 1.36724376 1.7866729e-3 -0.52925681
v 1.38731157 1.7866729e-3 -0.47783859
v 1.38731157 -5.3408880e-2 -0.47783859
v -0.74211430 -8.7211103e-2 0.40494839
v -0.64103597 -8.0948303e-2 0.35877606
v -0.64103597 2.9326097e-2 0.35877606
v -0.74211430 3.5588897e-2 0.40494839
v -0.78676148 -8.7211103e-2 0.29055229
v -0.68112914 -8.0948303e-2 0.25604836
v -0.68112914 2.9326097e-2 0.25604836
v -0.78676148 3.5588897e-2 0.29055229
v -0.62708668 1.0256565e-2 0.33286141
v -0.62708668 -6.1878772e-2 0.33286141
v -0.65331339 -6.1878772e-2 0.26566270
v -0.65331339 1.0256565e-2 0.26566270
v -0.58880160 2.4959837e-2 0.33370270
v -0.58880160 -7.6582044e-2 0.33370270
v -0.62571983 -7.6582044e-2 0.23910991
v -0.62571983 2.4959837e-2 0.23910991
v -0.55407305 6.6039462e-3 0.30044427
v -0.55407305 -5.8226153e-2 0.30044427
v -0.57764375 -5.8226153e-2 0.24005086
v -0.57764375 6.6039462e-3 0.24005086
v -0.52946559 5.7323415e-3 0.28990469
v -0.52946559 -5.7354548e-2 0.28990469
v -0.55240250 -5.7354548e-2 0.23113519
v -0.55240250 5.7323415e-3 0.23113519
v -0.49814175 1.8425876e-2 0.29130548
v -0.49814175 -7.0048083e-2 0.29130548
v -0.53030880 -7.0048083e-2 0.20888629
v -0.53030880 1.8425876e-2 0.20888629
v -0.46585144 8.7376965e-5 0.25901732
v -0.46585144 -5.1709584e-2 0.25901732
v -0.48468359 -5.1709584e-2 0.21076512
v -0.48468359 8.7376965e-5 0.21076512
v -0.37225139 2.7164534e-3 0.22530876
v -0.37225139 -5.4338660e-2 0.22530876
v -0.39299528 -5.4338660e-2 0.17215825
v -0.39299528 2.7164534e-3 0.17215825
v -0.27945152 2.7338037e-3 0.18910891
v -0.27945152 -5.4356011e-2 0.18910891
v -0.30020803 -5.4356011e-2 0.13592607
v -0.30020803 2.7338037e-3 0.13592607
v -0.25228171 -2.1256340e-3 0.17328849
v -0.25228171 -4.9496573e-2 0.17328849
v -0.26950467 -4.9496573e-2 0.12915941
v -0.26950467 -2.1256340e-3 0.12915941
v -0.22315655 1.7011582e-2 0.18246444
v -0.22315655 -6.8633789e-2 0.18246444
v -0.25429519 -6.8633789e-2 0.10268027
v -0.25429519 1.7011582e-2 0.10268027
v -0.15704269 1.7011582e-2 0.15666114
v -0.15704269 -6.8633789e-2 0.15666114
v -0.18818133 -6.8633789e-2 7.6876961e-2
v -0.18818133 1.7011582e-2 7.6876961e-2
v -0.64103597 -2.5811103e-2 0.35877606
v -0.66108255 -8.0948303e-2 0.30741221
v -0.62271557 -2.5811103e-2 0.34406120
v -0.63824809 1.0662154e-2 0.33765294
v -0.64020004 -7.3901328e-2 0.29926206
v -0.63824809 -6.2284361e-2 0.33765294
v -0.66476972 -6.2284361e-2 0.26969856
v -0.66476972 1.0662154e-2 0.26969856
v -0.58264856 -2.5811103e-2 0.34946817
v -0.60726071 -9.3505690e-2 0.28640630
v -0.55014460 -2.5811103e-2 0.31050984
v -0.56585840 -6.9031170e-2 0.27024756
v -0.52564277 -2.5811103e-2 0.29969961
v -0.54093404 -6.7869030e-2 0.26051994
v -0.49278058 -2.5811103e-2 0.30504201
v -0.51422527 -8.4793742e-2 0.25009588
v -0.46271275 -2.5811103e-2 0.26705936
v -0.47526751 -6.0342411e-2 0.23489122
v -0.36879407 -2.5811103e-2 0.23416718
v -0.38262333 -6.3847846e-2 0.19873350
v -0.27599210 -2.5811103e-2 0.19797271
v -0.28982978 -6.3870980e-2 0.16251749
v -0.24941122 -2.5811103e-2 0.18064333
v -0.26089319 -5.7391729e-2 0.15122395
v -0.22315655 -2.5811103e-2 0.18246444
v -0.23872587 -6.8633789e-2 0.14257236
v -0.63382782 -2.5811103e-2 0.34897867
v -0.65150891 -7.4442114e-2 0.30367575
v -0.74211430 -2.5811103e-2 0.40494839
v -0.76443789 -8.7211103e-2 0.34775034
v -0.15704269 -2.5811103e-2 0.15666114
v -0.17261201 -6.8633789e-2 0.11676905
v -0.88721099 -8.7211103e-2 0.46157758
v -0.99284333 -8.0948303e-2 0.49608151
v -0.99284333 2.9326097e-2 0.49608151
v -0.88721099 3.5588897e-2 0.46157758
v -0.93185817 -8.7211103e-2 0.34718148
v -1.03293650 -8.0948303e-2 0.39335381
v -1.03293650 2.9326097e-2 0.39335381
v -0.93185817 3.5588897e-2 0.34718148
v -1.00624870 -5.7322013e-2 0.47595149
v -1.00624870 5.6998064e-3 0.47595149
v -1.02916195 5.6998064e-3 0.41724260
v -1.02916195 -5.7322013e-2 0.41724260
v -1.01071106 -7.2185473e-2 0.49364846
v -1.01071106 2.0563266e-2 0.49364846
v -1.04443231 2.0563266e-2 0.40724703
v -1.04443231 -7.2185473e-2 0.40724703
v -1.02462562 -6.5585904e-2 0.49199472
v -1.02462562 1.3963697e-2 0.49199472
v -1.05354798 1.3963697e-2 0.41788914
v -1.05354798 -6.5585904e-2 0.41788914
v -1.03902972 -7.4843392e-2 0.50755401
v -1.03902972 2.3221185e-2 0.50755401
v -1.07468369 2.3221185e-2 0.41620054
v -1.07468369 -7.4843392e-2 0.41620054
v -1.09473666 -5.9036402e-2 0.51232742
v -1.09473666 7.4141950e-3 0.51232742
v -1.11889653 7.4141950e-3 0.45042441
v -1.11889653 -5.9036402e-2 0.45042441
v -1.17625830 -5.9593565e-2 0.54474226
v -1.17625830 7.9713579e-3 0.54474226
v -1.20082332 7.9713579e-3 0.48180119
v -1.20082332 -5.9593565e-2 0.48180119
v -1.26473537 -7.7245192e-2 0.59822198
v -1.26473537 2.5622986e-2 0.59822198
v -1.30213582 2.5622986e-2 0.50239365
v -1.30213582 -7.7245192e-2 0.50239365
v -1.35421015 -5.3408880e-2 0.60755532
v -1.35421015 1.7866729e-3 0.60755532
v -1.37427795 1.7866729e-3 0.55613711
v -1.37427795 -5.3408880e-2 0.55613711
v 0.27586101 -8.7211103e-2 -0.76012027
v 0.23641942 -8.0948303e-2 -0.65623055
v 0.23641942 2.9326097e-2 -0.65623055
v 0.27586101 3.5588897e-2 -0.76012027
v 0.38802695 -8.7211103e-2 -0.71013386
v 0.33714443 -8.0948303e-2 -0.61134275
v 0.33714443 2.9326097e-2 -0.61134275
v 0.38802695 3.5588897e-2 -0.71013386
v 0.24471279 1.0256565e-2 -0.62799279
v 0.24471279 -6.1878772e-2 -0.62799279
v 0.31060145 -6.1878772e-2 -0.59862970
v 0.31060145 1.0256565e-2 -0.59862970
v 0.21688963 2.4959837e-2 -0.60168067
v 0.21688963 -7.6582044e-2 -0.60168067
v 0.30963834 -7.6582044e-2 -0.56034749
v 0.30963834 2.4959837e-2 -0.56034749
v 0.21556485 6.6039462e-3 -0.55361363
v 0.21556485 -5.8226153e-2 -0.55361363
v 0.27478088 -5.8226153e-2 -0.52722418
v 0.27478088 6.6039462e-3 -0.52722418
v 0.20547005 5.7323415e-3 -0.52882039
v 0.20547005 -5.7354548e-2 -0.52882039
v 0.26309384 -5.7354548e-2 -0.50314052
v 0.26309384 5.7323415e-3 -0.50314052
v 0.18220510 1.8425876e-2 -0.50779928
v 0.18220510 -7.0048083e-2 -0.50779928
v 0.26301751 -7.0048083e-2 -0.47178547
v 0.26301751 1.8425876e-2 -0.47178547
v 0.18193260 8.7376965e-5 -0.46213622
v 0.18193260 -5.1709584e-2 -0.46213622
v 0.22924412 -5.1709584e-2 -0.44105198
v 0.22924412 8.7376965e-5 -0.44105198
v 0.13904948 2.7164534e-3 -0.37236833
v 0.13904948 -5.4338660e-2 -0.37236833
v 0.19116381 -5.4338660e-2 -0.34914373
v 0.19116381 2.7164534e-3 -0.34914373
v 9.8486640e-2 2.7338037e-3 -0.28139085
v 9.8486640e-2 -5.4356011e-2 -0.28139085
v 0.15063267 -5.4356011e-2 -0.25815213
v 0.15063267 2.7338037e-3 -0.25815213
v 9.0281164e-2 -2.1256340e-3 -0.25104033
v 9.0281164e-2 -4.9496573e-2 -0.25104033
v 0.13354994 -4.9496573e-2 -0.23175773
v 0.13354994 -2.1256340e-3 -0.23175773
v 6.3114955e-2 1.7011582e-2 -0.23709507
v 6.3114955e-2 -6.8633789e-2 -0.23709507
v 0.14134373 -6.8633789e-2 -0.20223265
v 0.14134373 1.7011582e-2 -0.20223265
v 3.4225903e-2 1.7011582e-2 -0.17227011
v 3.4225903e-2 -6.8633789e-2 -0.17227011
v 0.11245468 -6.8633789e-2 -0.13740769
v 0.11245468 1.7011582e-2 -0.13740769
v 0.33714443 -2.5811103e-2 -0.61134275
v 0.28678193 -8.0948303e-2 -0.63378665
v 0.24928384 1.0662154e-2 -0.63924629
v 0.27765712 -7.3901328e-2 -0.61331124
v 0.24928384 -6.2284361e-2 -0.63924629
v 0.32158290 -2.5811103e-2 -0.59373585
v 0.31591343 -6.2284361e-2 -0.60955301
v 0.31591343 1.0662154e-2 -0.60955301
v 0.26326398 -9.3505690e-2 -0.58101408
v 0.32509645 -2.5811103e-2 -0.55345862
v 0.24517287 -6.9031170e-2 -0.54041890
v 0.28465022 -2.5811103e-2 -0.52282594
v 0.23428194 -6.7869030e-2 -0.51598045
v 0.27269780 -2.5811103e-2 -0.49886054
v 0.22261131 -8.4793742e-2 -0.48979237
v 0.27648625 -2.5811103e-2 -0.46578316
v 0.20558836 -6.0342411e-2 -0.45159410
v 0.23712937 -2.5811103e-2 -0.43753794
v 0.16510664 -6.3847846e-2 -0.36075603
v 0.19984953 -2.5811103e-2 -0.34527296
v 0.12455966 -6.3870980e-2 -0.26977149
v 0.15932368 -2.5811103e-2 -0.25427901
v 0.11191555 -5.7391729e-2 -0.24139903
v 0.14076141 -2.5811103e-2 -0.22854396
v 0.10222934 -6.8633789e-2 -0.21966386
v 0.14134373 -2.5811103e-2 -0.20223265
v 0.28259863 -7.4442114e-2 -0.62439965
v 0.32701837 -2.5811103e-2 -0.60460413
v 0.38802695 -2.5811103e-2 -0.71013386
v 0.33194398 -8.7211103e-2 -0.73512707
v 7.3340290e-2 -6.8633789e-2 -0.15483890
v 0.11245468 -2.5811103e-2 -0.13740769
v 0.33926232 -8.7211103e-2 -0.90238829
v 0.39014484 -8.0948303e-2 -1.00117939
v 0.39014484 2.9326097e-2 -1.00117939
v 0.33926232 3.5588897e-2 -0.90238829
v 0.45142826 -8.7211103e-2 -0.85240187
v 0.49086985 -8.0948303e-2 -0.95629159
v 0.49086985 2.9326097e-2 -0.95629159
v 0.45142826 3.5588897e-2 -0.85240187
v 0.41382931 -5.7322013e-2 -0.99628372
v 0.41382931 5.6998064e-3 -0.99628372
v 0.47139366 5.6998064e-3 -0.97063034
v 0.47139366 -5.7322013e-2 -0.97063034
v 0.40456417 -7.2185473e-2 -1.01200798
v 0.40456417 2.0563266e-2 -1.01200798
v 0.48928119 2.0563266e-2 -0.97425410
v 0.48928119 -7.2185473e-2 -0.97425410
v 0.41562387 -6.5585904e-2 -1.02061221
v 0.41562387 1.3963697e-2 -1.02061221
v 0.48828475 1.3963697e-2 -0.98823111
v 0.48828475 -6.5585904e-2 -0.98823111
v 0.41493277 -7.4843392e-2 -1.04180401
v 0.41493277 2.3221185e-2 -1.04180401
v 0.50450529 2.3221185e-2 -1.00188629
v 0.50450529 -7.4843392e-2 -1.00188629
v 0.45120136 -5.9036402e-2 -1.08435560
v 0.45120136 7.4141950e-3 -1.08435560
v 0.51189756 7.4141950e-3 -1.05730652
v 0.51189756 -5.9036402e-2 -1.05730652
v 0.48640258 -5.9593565e-2 -1.16471339
v 0.48640258 7.9713579e-3 -1.16471339
v 0.54811661 7.9713579e-3 -1.13721072
v 0.54811661 -5.9593565e-2 -1.13721072
v 0.51174466 -7.7245192e-2 -1.26494338
v 0.51174466 2.5622986e-2 -1.26494338
v 0.60570481 2.5622986e-2 -1.22307033
v 0.60570481 -7.7245192e-2 -1.22307033
v 0.56882682 -5.3408880e-2 -1.33447376
v 0.56882682 1.7866729e-3 -1.33447376
v 0.61924262 1.7866729e-3 -1.31200611
v 0.61924262 -5.3408880e-2 -1.31200611
v -0.33828931 -8.7211103e-2 0.95494960
v -0.38917183 -8.0948303e-2 1.05374070
v -0.38917183 2.9326097e-2 1.05374070
v -0.33828931 3.5588897e-2 0.95494960
v -0.45045525 -8.7211103e-2 0.90496318
v -0.48989684 -8.0948303e-2 1.00885290
v -0.48989684 2.9326097e-2 1.00885290
v -0.45045525 3.5588897e-2 0.90496318
v -0.41285630 -5.7322013e-2 1.04884503
v -0.41285630 5.6998064e-3 1.04884503
v -0.47042065 5.6998064e-3 1.02319165
v -0.47042065 -5.7322013e-2 1.02319165
v -0.40359116 -7.2185473e-2 1.06456929
v -0.40359116 2.0563266e-2 1.06456929
v -0.48830818 2.0563266e-2 1.02681541
v -0.48830818 -7.2185473e-2 1.02681541
v -0.41465086 -6.5585904e-2 1.07317352
v -0.41465086 1.3963697e-2 1.07317352
v -0.48731174 1.3963697e-2 1.04079242
v -0.48731174 -6.5585904e-2 1.04079242
v -0.41395976 -7.4843392e-2 1.09436532
v -0.41395976 2.3221185e-2 1.09436532
v -0.50353229 2.3221185e-2 1.05444759
v -0.50353229 -7.4843392e-2 1.05444759
v -0.45022835 -5.9036402e-2 1.13691691
v -0.45022835 7.4141950e-3 1.13691691
v -0.51092455 7.4141950e-3 1.10986783
v -0.51092455 -5.9036402e-2 1.10986783
v -0.48542957 -5.9593565e-2 1.21727470
v -0.48542957 7.9713579e-3 1.21727470
v -0.54714360 7.9713579e-3 1.18977203
v -0.54714360 -5.9593565e-2 1.18977203
v -0.51077165 -7.7245192e-2 1.31750469
v -0.51077165 2.5622986e-2 1.31750469
v -0.60473180 2.5622986e-2 1.27563163
v -0.60473180 -7.7245192e-2 1.27563163
v -0.56785381 -5.3408880e-2 1.38703507
v -0.56785381 1.7866729e-3 1.38703507
v -0.61826962 1.7866729e-3 1.36456742
v -0.61826962 -5.3408880e-2 1.36456742
v -0.36329169 -8.7211103e-2 -0.73391032
v -0.31803860 -8.0948303e-2 -0.63241711
v -0.31803860 2.9326097e-2 -0.63241711
v -0.36329169 3.5588897e-2 -0.73391032
v -0.24849509 -8.7211103e-2 -0.77751746
v -0.21495126 -8.0948303e-2 -0.67157632
v -0.21495126 2.9326097e-2 -0.67157632
v -0.24849509 3.5588897e-2 -0.77751746
v -0.29225162 1.0256565e-2 -0.61823321
v -0.29225162 -6.1878772e-2 -0.61823321
v -0.22481766 -6.1878772e-2 -0.64384897
v -0.22481766 1.0256565e-2 -0.64384897
v -0.29344034 2.4959837e-2 -0.57995734
v -0.29344034 -7.6582044e-2 -0.57995734
v -0.19851638 -7.6582044e-2 -0.61601557
v -0.19851638 2.4959837e-2 -0.61601557
v -0.26049846 6.6039462e-3 -0.54492838
v -0.26049846 -5.8226153e-2 -0.54492838
v -0.19989361 -5.8226153e-2 -0.56795000
v -0.19989361 6.6039462e-3 -0.56795000
v -0.25018264 5.7323415e-3 -0.52022629
v -0.25018264 -5.7354548e-2 -0.52022629
v -0.19120739 -5.7354548e-2 -0.54262888
v -0.19120739 5.7323415e-3 -0.54262888
v -0.25186765 1.8425876e-2 -0.48891645
v -0.25186765 -7.0048083e-2 -0.48891645
v -0.16915992 -7.0048083e-2 -0.52033417
v -0.16915992 1.8425876e-2 -0.52033417
v -0.21987388 8.7376965e-5 -0.45633443
v -0.21987388 -5.1709584e-2 -0.45633443
v -0.17145275 -5.1709584e-2 -0.47472789
v -0.17145275 8.7376965e-5 -0.47472789
v -0.18701618 2.7164534e-3 -0.36243231
v -0.18701618 -5.4338660e-2 -0.36243231
v -0.13367959 -5.4338660e-2 -0.38269298
v -0.13367959 2.7164534e-3 -0.38269298
v -0.15166003 2.7338037e-3 -0.26930773
v -0.15166003 -5.4356011e-2 -0.26930773
v -9.8291005e-2 -5.4356011e-2 -0.28958072
v -9.8291005e-2 2.7338037e-3 -0.28958072
v -0.13608684 -2.1256340e-3 -0.24199546
v -0.13608684 -4.9496573e-2 -0.24199546
v -9.1803274e-2 -4.9496573e-2 -0.25881721
v -9.1803274e-2 -2.1256340e-3 -0.25881721
v -0.14552675 1.7011582e-2 -0.21295478
v -0.14552675 -6.8633789e-2 -0.21295478
v -6.5463259e-2 -6.8633789e-2 -0.24336805
v -6.5463259e-2 1.7011582e-2 -0.24336805
v -0.12032453 1.7011582e-2 -0.14660946
v -0.12032453 -6.8633789e-2 -0.14660946
v -4.0261036e-2 -6.8633789e-2 -0.17702273
v -4.0261036e-2 1.7011582e-2 -0.17702273
v -0.21495126 -2.5811103e-2 -0.67157632
v -0.26649493 -8.0948303e-2 -0.65199672
v -0.29694165 1.0662154e-2 -0.62943765
v -0.25853464 -7.3901328e-2 -0.63104109
v -0.29694165 -6.2284361e-2 -0.62943765
v -0.21357866 -2.5811103e-2 -0.64811827
v -0.22874938 -6.2284361e-2 -0.65534146
v -0.22874938 1.0662154e-2 -0.65534146
v -0.24597836 -9.3505690e-2 -0.59798645
v -0.18269572 -2.5811103e-2 -0.62202527
v -0.23019603 -6.9031170e-2 -0.55643919
v -0.18979281 -2.5811103e-2 -0.57178694
v -0.22069502 -6.7869030e-2 -0.53142758
v -0.18137819 -2.5811103e-2 -0.54636264
v -0.21051379 -8.4793742e-2 -0.50462531
v -0.15537530 -2.5811103e-2 -0.52557045
v -0.19566331 -6.0342411e-2 -0.46553116
v -0.16338256 -2.5811103e-2 -0.47779347
v -0.16034789 -6.3847846e-2 -0.37256264
v -0.12479016 -2.5811103e-2 -0.38606976
v -0.12497552 -6.3870980e-2 -0.27944423
v -8.9396168e-2 -2.5811103e-2 -0.29295955
v -0.11394506 -5.7391729e-2 -0.25040634
v -8.4422678e-2 -2.5811103e-2 -0.26162084
v -0.10549500 -6.8633789e-2 -0.22816141
v -6.5463259e-2 -2.5811103e-2 -0.24336805
v -0.26284551 -7.4442114e-2 -0.64238955
v -0.21738400 -2.5811103e-2 -0.65965877
v -0.24849509 -2.5811103e-2 -0.77751746
v -0.30589339 -8.7211103e-2 -0.75571389
v -8.0292782e-2 -6.8633789e-2 -0.16181609
v -4.0261036e-2 -2.5811103e-2 -0.17702273
v -0.41860171 -8.7211103e-2 -0.87951498
v -0.45214554 -8.0948303e-2 -0.98545612
v -0.45214554 2.9326097e-2 -0.98545612
v -0.41860171 3.5588897e-2 -0.87951498
v -0.30380512 -8.7211103e-2 -0.92312211
v -0.34905820 -8.0948303e-2 -1.02461532
v -0.34905820 2.9326097e-2 -1.02461532
v -0.30380512 3.5588897e-2 -0.92312211
v -0.43189468 -5.7322013e-2 -0.99867824
v -0.43189468 5.6998064e-3 -0.99867824
v -0.37298027 5.6998064e-3 -1.02105773
v -0.37298027 -5.7322013e-2 -1.02105773
v -0.44955043 -7.2185473e-2 -1.00330103
v -0.44955043 2.0563266e-2 -1.00330103
v -0.36284652 2.0563266e-2 -1.03623675
v -0.36284652 -7.2185473e-2 -1.03623675
v -0.44777047 -6.5585904e-2 -1.01720000
v -0.44777047 1.3963697e-2 -1.01720000
v -0.37340546 1.3963697e-2 -1.04544862
v -0.37340546 -6.5585904e-2 -1.04544862
v -0.46319840 -7.4843392e-2 -1.03174473
v -0.46319840 2.3221185e-2 -1.03174473
v -0.37152511 2.3221185e-2 -1.06656814
v -0.37152511 -7.4843392e-2 -1.06656814
v -0.46746604 -5.9036402e-2 -1.08749269
v -0.46746604 7.4141950e-3 -1.08749269
v -0.40534631 7.4141950e-3 -1.11108976
v -0.40534631 -5.9036402e-2 -1.11108976
v -0.49913969 -5.9593565e-2 -1.16930516
v -0.49913969 7.9713579e-3 -1.16930516
v -0.43597826 7.9713579e-3 -1.19329794
v -0.43597826 -5.9593565e-2 -1.19329794
v -0.55181423 -7.7245192e-2 -1.25826395
v -0.55181423 2.5622986e-2 -1.25826395
v -0.45565041 2.5622986e-2 -1.29479315
v -0.45565041 -7.7245192e-2 -1.29479315
v -0.56033515 -5.3408880e-2 -1.34781974
v -0.56033515 1.7866729e-3 -1.34781974
v -0.50873693 1.7866729e-3 -1.36742006
v -0.50873693 -5.3408880e-2 -1.36742006
v 0.35468791 -8.7211103e-2 0.76992991
v 0.30943483 -8.0948303e-2 0.66843670
v 0.30943483 2.9326097e-2 0.66843670
v 0.35468791 3.5588897e-2 0.76992991
v 0.23989132 -8.7211103e-2 0.81353704
v 0.20634749 -8.0948303e-2 0.70759591
v 0.20634749 2.9326097e-2 0.70759591
v 0.23989132 3.5588897e-2 0.81353704
v 0.28364785 1.0256565e-2 0.65425280
v 0.28364785 -6.1878772e-2 0.65425280
v 0.21621388 -6.1878772e-2 0.67986856
v 0.21621388 1.0256565e-2 0.67986856
v 0.28483656 2.4959837e-2 0.61597693
v 0.28483656 -7.6582044e-2 0.61597693
v 0.18991260 -7.6582044e-2 0.65203516
v 0.18991260 2.4959837e-2 0.65203516
v 0.25189468 6.6039462e-3 0.58094797
v 0.25189468 -5.8226153e-2 0.58094797
v 0.19128984 -5.8226153e-2 0.60396959
v 0.19128984 6.6039462e-3 0.60396959
v 0.24157886 5.7323415e-3 0.55624587
v 0.24157886 -5.7354548e-2 0.55624587
v 0.18260362 -5.7354548e-2 0.57864847
v 0.18260362 5.7323415e-3 0.57864847
v 0.24326387 1.8425876e-2 0.52493604
v 0.24326387 -7.0048083e-2 0.52493604
v 0.16055615 -7.0048083e-2 0.55635375
v 0.16055615 1.8425876e-2 0.55635375
v 0.21127010 8.7376965e-5 0.49235402
v 0.21127010 -5.1709584e-2 0.49235402
v 0.16284897 -5.1709584e-2 0.51074748
v 0.16284897 8.7376965e-5 0.51074748
v 0.17841240 2.7164534e-3 0.39845190
v 0.17841240 -5.4338660e-2 0.39845190
v 0.12507582 -5.4338660e-2 0.41871257
v 0.12507582 2.7164534e-3 0.41871257
v 0.14305625 2.7338037e-3 0.30532732
v 0.14305625 -5.4356011e-2 0.30532732
v 8.9687229e-2 -5.4356011e-2 0.32560031
v 8.9687229e-2 2.7338037e-3 0.32560031
v 0.12748307 -2.1256340e-3 0.27801505
v 0.12748307 -4.9496573e-2 0.27801505
v 8.3199497e-2 -4.9496573e-2 0.29483680
v 8.3199497e-2 -2.1256340e-3 0.29483680
v 0.13692297 1.7011582e-2 0.24897437
v 0.13692297 -6.8633789e-2 0.24897437
v 5.6859483e-2 -6.8633789e-2 0.27938764
v 5.6859483e-2 1.7011582e-2 0.27938764
v 0.11172075 1.7011582e-2 0.18262905
v 0.11172075 -6.8633789e-2 0.18262905
v 3.1657260e-2 -6.8633789e-2 0.21304232
v 3.1657260e-2 1.7011582e-2 0.21304232
v 0.30943483 -2.5811103e-2 0.66843670
v 0.25789116 -8.0948303e-2 0.68801630
v 0.29488684 -2.5811103e-2 0.64998351
v 0.28833788 1.0662154e-2 0.66545723
v 0.24993086 -7.3901328e-2 0.66706068
v 0.28833788 -6.2284361e-2 0.66545723
v 0.22014560 -6.2284361e-2 0.69136105
v 0.22014560 1.0662154e-2 0.69136105
v 0.30065722 -2.5811103e-2 0.60996722
v 0.23737458 -9.3505690e-2 0.63400604
v 0.26199549 -2.5811103e-2 0.57711103
v 0.22159226 -6.9031170e-2 0.59245878
v 0.25140807 -2.5811103e-2 0.55251211
v 0.21209124 -6.7869030e-2 0.56744717
v 0.25704850 -2.5811103e-2 0.51969975
v 0.20191001 -8.4793742e-2 0.54064490
v 0.21934029 -2.5811103e-2 0.48928844
v 0.18705954 -6.0342411e-2 0.50155075
v 0.18730183 -2.5811103e-2 0.39507512
v 0.15174411 -6.3847846e-2 0.40858223
v 0.15195109 -2.5811103e-2 0.30194849
v 0.11637174 -6.3870980e-2 0.31546381
v 0.13486366 -2.5811103e-2 0.27521143
v 0.10534128 -5.7391729e-2 0.28642593
v 0.13692297 -2.5811103e-2 0.24897437
v 9.6891229e-2 -6.8633789e-2 0.26418100
v 0.29970326 -2.5811103e-2 0.66113993
v 0.25424174 -7.4442114e-2 0.67840914
v 0.35468791 -2.5811103e-2 0.76992991
v 0.29728961 -8.7211103e-2 0.79173348
v 0.11172075 -2.5811103e-2 0.18262905
v 7.1689006e-2 -6.8633789e-2 0.19783568
v 0.40999793 -8.7211103e-2 0.91553457
v 0.44354176 -8.0948303e-2 1.02147570
v 0.44354176 2.9326097e-2 1.02147570
v 0.40999793 3.5588897e-2 0.91553457
v 0.29520134 -8.7211103e-2 0.95914170
v 0.34045442 -8.0948303e-2 1.06063491
v 0.34045442 2.9326097e-2 1.06063491
v 0.29520134 3.5588897e-2 0.95914170
v 0.42329091 -5.7322013e-2 1.03469783
v 0.42329091 5.6998064e-3 1.03469783
v 0.36437649 5.6998064e-3 1.05707732
v 0.36437649 -5.7322013e-2 1.05707732
v 0.44094665 -7.2185473e-2 1.03932061
v 0.44094665 2.0563266e-2 1.03932061
v 0.35424275 2.0563266e-2 1.07225634
v 0.35424275 -7.2185473e-2 1.07225634
v 0.43916670 -6.5585904e-2 1.05321959
v 0.43916670 1.3963697e-2 1.05321959
v 0.36480169 1.3963697e-2 1.08146821
v 0.36480169 -6.5585904e-2 1.08146821
v 0.45459462 -7.4843392e-2 1.06776432
v 0.45459462 2.3221185e-2 1.06776432
v 0.36292134 2.3221185e-2 1.10258773
v 0.36292134 -7.4843392e-2 1.10258773
v 0.45886226 -5.9036402e-2 1.12351228
v 0.45886226 7.4141950e-3 1.12351228
v 0.39674254 7.4141950e-3 1.14710935
v 0.39674254 -5.9036402e-2 1.14710935
v 0.49053591 -5.9593565e-2 1.20532475
v 0.49053591 7.9713579e-3 1.20532475
v 0.42737449 7.9713579e-3 1.22931752
v 0.42737449 -5.9593565e-2 1.22931752
v 0.54321045 -7.7245192e-2 1.29428353
v 0.54321045 2.5622986e-2 1.29428353
v 0.44704664 2.5622986e-2 1.33081274
v 0.44704664 -7.7245192e-2 1.33081274
v 0.55173137 -5.3408880e-2 1.38383933
v 0.55173137 1.7866729e-3 1.38383933
v 0.50013315 1.7866729e-3 1.40343965
v 0.50013315 -5.3408880e-2 1.40343965
v -0.23349783 -7.1669418e-2 2.0989598e-2
v -0.21125825 -7.1669418e-2 0.11842756
v -0.14894433 -7.1669418e-2 0.19656674
v -5.8898107e-2 -7.1669418e-2 0.23993072
v 4.1045657e-2 -7.1669418e-2 0.23993072
v 0.13109188 -7.1669418e-2 0.19656674
v 0.19340580 -7.1669418e-2 0.11842756
v 0.21564537 -7.1669418e-2 2.0989598e-2
v 0.19340580 -7.1669418e-2 -7.6448368e-2
v 0.13109188 -7.1669418e-2 -0.15458755
v 4.1045657e-2 -7.1669418e-2 -0.19795152
v -5.8898107e-2 -7.1669418e-2 -0.19795152
v -0.14894433 -7.1669418e-2 -0.15458755
v -0.21125825 -7.1669418e-2 -7.6448368e-2
v -0.23349783 1.9955795e-2 2.0989598e-2
v -0.21125825 1.9955795e-2 0.11842756
v -0.14894433 1.9955795e-2 0.19656674
v -5.8898107e-2 1.9955795e-2 0.23993072
v 4.1045657e-2 1.9955795e-2 0.23993072
v 0.13109188 1.9955795e-2 0.19656674
v 0.19340580 1.9955795e-2 0.11842756
v 0.21564537 1.9955795e-2 2.0989598e-2
v 0.19340580 1.9955795e-2 -7.6448368e-2
v 0.13109188 1.9955795e-2 -0.15458755
v 4.1045657e-2 1.9955795e-2 -0.19795152
v -5.8898107e-2 1.9955795e-2 -0.19795152
v -0.14894433 1.9955795e-2 -0.15458755
v -0.21125825 1.9955795e-2 -7.6448368e-2
v 0.11992658 -6.5366467e-2 -3.7423188e-2
v 0.13148096 -6.5366467e-2 -7.1335289e-3
v 0.16348977 -6.5366467e-2 -1.9950885e-3
v 0.18394419 -6.5366467e-2 -2.7146307e-2
v 0.17238981 -6.5366467e-2 -5.7435966e-2
v 0.14038100 -6.5366467e-2 -6.2574407e-2
v 0.11992658 -8.4169269e-2 -3.7423188e-2
v 0.13148096 -8.4169269e-2 -7.1335289e-3
v 0.16348977 -8.4169269e-2 -1.9950885e-3
v 0.18394419 -8.4169269e-2 -2.7146307e-2
v 0.17238981 -8.4169269e-2 -5.7435966e-2
v 0.14038100 -8.4169269e-2 -6.2574407e-2
v 0.13228262 -8.2907882e-2 -3.5439647e-2
v 0.13937678 -8.2907882e-2 -1.6842402e-2
v 0.15902955 -8.2907882e-2 -1.3687503e-2
v 0.17158815 -8.2907882e-2 -2.9129848e-2
v 0.16449399 -8.2907882e-2 -4.7727093e-2
v 0.14484123 -8.2907882e-2 -5.0881993e-2
v 0.13228262 -7.2152897e-2 -3.5439647e-2
v 0.13937678 -7.2152897e-2 -1.6842402e-2
v 0.15902955 -7.2152897e-2 -1.3687503e-2
v 0.17158815 -7.2152897e-2 -2.9129848e-2
v 0.16449399 -7.2152897e-2 -4.7727093e-2
v 0.14484123 -7.2152897e-2 -5.0881993e-2
v -0.20085851 -6.5366467e-2 -4.9806842e-2
v -0.18930412 -6.5366467e-2 -1.9517183e-2
v -0.15729532 -6.5366467e-2 -1.4378743e-2
v -0.13684090 -6.5366467e-2 -3.9529961e-2
v -0.14839528 -6.5366467e-2 -6.9819621e-2
v -0.18040408 -6.5366467e-2 -7.4958061e-2
v -0.20085851 -8.4169269e-2 -4.9806842e-2
v -0.18930412 -8.4169269e-2 -1.9517183e-2
v -0.15729532 -8.4169269e-2 -1.4378743e-2
v -0.13684090 -8.4169269e-2 -3.9529961e-2
v -0.14839528 -8.4169269e-2 -6.9819621e-2
v -0.18040408 -8.4169269e-2 -7.4958061e-2
v -0.18850247 -8.2907882e-2 -4.7823302e-2
v -0.18140831 -8.2907882e-2 -2.9226057e-2
v -0.16175554 -8.2907882e-2 -2.6071157e-2
v -0.14919693 -8.2907882e-2 -4.1513502e-2
v -0.15629109 -8.2907882e-2 -6.0110747e-2
v -0.17594386 -8.2907882e-2 -6.3265647e-2
v -0.18850247 -7.2152897e-2 -4.7823302e-2
v -0.18140831 -7.2152897e-2 -2.9226057e-2
v -0.16175554 -7.2152897e-2 -2.6071157e-2
v -0.14919693 -7.2152897e-2 -4.1513502e-2
v -0.15629109 -7.2152897e-2 -6.0110747e-2
v -0.17594386 -7.2152897e-2 -6.3265647e-2
v 2.8329190e-2 1.4336580e-2 -0.14052075
v 3.9883573e-2 1.4336580e-2 -0.11023109
v 7.1892378e-2 1.4336580e-2 -0.10509265
v 9.2346801e-2 1.4336580e-2 -0.13024387
v 8.0792418e-2 1.4336580e-2 -0.16053353
v 4.8783613e-2 1.4336580e-2 -0.16567197
v 2.8329190e-2 3.3139382e-2 -0.14052075
v 3.9883573e-2 3.3139382e-2 -0.11023109
v 7.1892378e-2 3.3139382e-2 -0.10509265
v 9.2346801e-2 3.3139382e-2 -0.13024387
v 8.0792418e-2 3.3139382e-2 -0.16053353
v 4.8783613e-2 3.3139382e-2 -0.16567197
v 4.0685229e-2 3.1877995e-2 -0.13853721
v 4.7779389e-2 3.1877995e-2 -0.11993996
v 6.7432156e-2 3.1877995e-2 -0.11678506
v 7.9990762e-2 3.1877995e-2 -0.13222741
v 7.2896602e-2 3.1877995e-2 -0.15082465
v 5.3243836e-2 3.1877995e-2 -0.15397955
v 4.0685229e-2 2.1123011e-2 -0.13853721
v 4.7779389e-2 2.1123011e-2 -0.11993996
v 6.7432156e-2 2.1123011e-2 -0.11678506
v 7.9990762e-2 2.1123011e-2 -0.13222741
v 7.2896602e-2 2.1123011e-2 -0.15082465
v 5.3243836e-2 2.1123011e-2 -0.15397955
v -0.19720646 1.4336580e-2 9.7954901e-2
v -0.18565208 1.4336580e-2 0.12824456
v -0.15364327 1.4336580e-2 0.13338300
v -0.13318885 1.4336580e-2 0.10823178
v -0.14474323 1.4336580e-2 7.7942123e-2
v -0.17675204 1.4336580e-2 7.2803683e-2
v -0.19720646 3.3139382e-2 9.7954901e-2
v -0.18565208 3.3139382e-2 0.12824456
v -0.15364327 3.3139382e-2 0.13338300
v -0.13318885 3.3139382e-2 0.10823178
v -0.14474323 3.3139382e-2 7.7942123e-2
v -0.17675204 3.3139382e-2 7.2803683e-2
v -0.18485042 3.1877995e-2 9.9938442e-2
v -0.17775626 3.1877995e-2 0.11853569
v -0.15810350 3.1877995e-2 0.12169059
v -0.14554489 3.1877995e-2 0.10624824
v -0.15263905 3.1877995e-2 8.7650996e-2
v -0.17229182 3.1877995e-2 8.4496097e-2
v -0.18485042 2.1123011e-2 9.9938442e-2
v -0.17775626 2.1123011e-2 0.11853569
v -0.15810350 2.1123011e-2 0.12169059
v -0.14554489 2.1123011e-2 0.10624824
v -0.15263905 2.1123011e-2 8.7650996e-2
v -0.17229182 2.1123011e-2 8.4496097e-2
v 0.11302436 1.4336580e-2 9.2984158e-2
v 0.12457874 1.4336580e-2 0.12327382
v 0.15658755 1.4336580e-2 0.12841226
v 0.17704197 1.4336580e-2 0.10326104
v 0.16548759 1.4336580e-2 7.2971380e-2
v 0.13347878 1.4336580e-2 6.7832939e-2
v 0.11302436 3.3139382e-2 9.2984158e-2
v 0.12457874 3.3139382e-2 0.12327382
v 0.15658755 3.3139382e-2 0.12841226
v 0.17704197 3.3139382e-2 0.10326104
v 0.16548759 3.3139382e-2 7.2971380e-2
v 0.13347878 3.3139382e-2 6.7832939e-2
v 0.12538040 3.1877995e-2 9.4967699e-2
v 0.13247456 3.1877995e-2 0.11356494
v 0.15212733 3.1877995e-2 0.11671984
v 0.16468593 3.1877995e-2 0.10127750
v 0.15759177 3.1877995e-2 8.2680253e-2
v 0.13793901 3.1877995e-2 7.9525353e-2
v 0.12538040 2.1123011e-2 9.4967699e-2
v 0.13247456 2.1123011e-2 0.11356494
v 0.15212733 2.1123011e-2 0.11671984
v 0.16468593 2.1123011e-2 0.10127750
v 0.15759177 2.1123011e-2 8.2680253e-2
v 0.13793901 2.1123011e-2 7.9525353e-2
v -5.7751860e-2 1.6919924e-2 3.7741386e-2
v -2.3042808e-2 1.6919924e-2 6.7385717e-2
v 1.9984462e-2 1.6919924e-2 5.2148962e-2
v 2.8302680e-2 1.6919924e-2 7.2678752e-3
v -6.4063726e-3 1.6919924e-2 -2.2376456e-2
v -4.9433642e-2 1.6919924e-2 -7.1397005e-3
v -5.7751860e-2 4.3394270e-2 3.7741386e-2
v -2.3042808e-2 4.3394270e-2 6.7385717e-2
v 1.9984462e-2 4.3394270e-2 5.2148962e-2
v 2.8302680e-2 4.3394270e-2 7.2678752e-3
v -6.4063726e-3 4.3394270e-2 -2.2376456e-2
v -4.9433642e-2 4.3394270e-2 -7.1397005e-3
v -4.1142473e-2 4.1618237e-2 3.1859694e-2
v -1.9831810e-2 4.1618237e-2 5.0060720e-2
v 6.5860735e-3 4.1618237e-2 4.0705657e-2
v 1.1693293e-2 4.1618237e-2 1.3149568e-2
v -9.6173710e-3 4.1618237e-2 -5.0514589e-3
v -3.6035254e-2 4.1618237e-2 4.3036042e-3
v -4.1142473e-2 2.6475218e-2 3.1859694e-2
v -1.9831810e-2 2.6475218e-2 5.0060720e-2
v 6.5860735e-3 2.6475218e-2 4.0705657e-2
v 1.1693293e-2 2.6475218e-2 1.3149568e-2
v -9.6173710e-3 2.6475218e-2 -5.0514589e-3
v -3.6035254e-2 2.6475218e-2 4.3036042e-3
v 0.11992658 1.4336580e-2 -3.7423188e-2
v 0.13148096 1.4336580e-2 -7.1335289e-3
v 0.16348977 1.4336580e-2 -1.9950885e-3
v 0.18394419 1.4336580e-2 -2.7146307e-2
v 0.17238981 1.4336580e-2 -5.7435966e-2
v 0.14038100 1.4336580e-2 -6.2574407e-2
v 0.11992658 3.3139382e-2 -3.7423188e-2
v 0.13148096 3.3139382e-2 -7.1335289e-3
v 0.16348977 3.3139382e-2 -1.9950885e-3
v 0.18394419 3.3139382e-2 -2.7146307e-2
v 0.17238981 3.3139382e-2 -5.7435966e-2
v 0.14038100 3.3139382e-2 -6.2574407e-2
v 0.13228262 3.1877995e-2 -3.5439647e-2
v 0.13937678 3.1877995e-2 -1.6842402e-2
v 0.15902955 3.1877995e-2 -1.3687503e-2
v 0.17158815 3.1877995e-2 -2.9129848e-2
v 0.16449399 3.1877995e-2 -4.7727093e-2
v 0.14484123 3.1877995e-2 -5.0881993e-2
v 0.13228262 2.1123011e-2 -3.5439647e-2
v 0.13937678 2.1123011e-2 -1.6842402e-2
v 0.15902955 2.1123011e-2 -1.3687503e-2
v 0.17158815 2.1123011e-2 -2.9129848e-2
v 0.16449399 2.1123011e-2 -4.7727093e-2
v 0.14484123 2.1123011e-2 -5.0881993e-2
v -0.19720646 -6.5366467e-2 9.7954901e-2
v -0.18565208 -6.5366467e-2 0.12824456
v -0.15364327 -6.5366467e-2 0.13338300
v -0.13318885 -6.5366467e-2 0.10823178
v -0.14474323 -6.5366467e-2 7.7942123e-2
v -0.17675204 -6.5366467e-2 7.2803683e-2
v -0.19720646 -8.4169269e-2 9.7954901e-2
v -0.18565208 -8.4169269e-2 0.12824456
v -0.15364327 -8.4169269e-2 0.13338300
v -0.13318885 -8.4169269e-2 0.10823178
v -0.14474323 -8.4169269e-2 7.7942123e-2
v -0.17675204 -8.4169269e-2 7.2803683e-2
v -0.18485042 -8.2907882e-2 9.9938442e-2
v -0.17775626 -8.2907882e-2 0.11853569
v -0.15810350 -8.2907882e-2 0.12169059
v -0.14554489 -8.2907882e-2 0.10624824
v -0.15263905 -8.2907882e-2 8.7650996e-2
v -0.17229182 -8.2907882e-2 8.4496097e-2
v -0.18485042 -7.2152897e-2 9.9938442e-2
v -0.17775626 -7.2152897e-2 0.11853569
v -0.15810350 -7.2152897e-2 0.12169059
v -0.14554489 -7.2152897e-2 0.10624824
v -0.15263905 -7.2152897e-2 8.7650996e-2
v -0.17229182 -7.2152897e-2 8.4496097e-2
v 3.1065936e-2 -6.5366467e-2 0.17355789
v 4.2620319e-2 -6.5366467e-2 0.20384755
v 7.4629125e-2 -6.5366467e-2 0.20898599
v 9.5083547e-2 -6.5366467e-2 0.18383477
v 8.3529165e-2 -6.5366467e-2 0.15354511
v 5.1520359e-2 -6.5366467e-2 0.14840667
v 3.1065936e-2 -8.4169269e-2 0.17355789
v 4.2620319e-2 -8.4169269e-2 0.20384755
v 7.4629125e-2 -8.4169269e-2 0.20898599
v 9.5083547e-2 -8.4169269e-2 0.18383477
v 8.3529165e-2 -8.4169269e-2 0.15354511
v 5.1520359e-2 -8.4169269e-2 0.14840667
v 4.3421975e-2 -8.2907882e-2 0.17554143
v 5.0516135e-2 -8.2907882e-2 0.19413867
v 7.0168902e-2 -8.2907882e-2 0.19729357
v 8.2727508e-2 -8.2907882e-2 0.18185123
v 7.5633348e-2 -8.2907882e-2 0.16325398
v 5.5980582e-2 -8.2907882e-2 0.16009908
v 4.3421975e-2 -7.2152897e-2 0.17554143
v 5.0516135e-2 -7.2152897e-2 0.19413867
v 7.0168902e-2 -7.2152897e-2 0.19729357
v 8.2727508e-2 -7.2152897e-2 0.18185123
v 7.5633348e-2 -7.2152897e-2 0.16325398
v 5.5980582e-2 -7.2152897e-2 0.16009908
v -0.10617018 -6.5366467e-2 -0.14391337
v -9.4615801e-2 -6.5366467e-2 -0.11362371
v -6.2606995e-2 -6.5366467e-2 -0.10848527
v -4.2152572e-2 -6.5366467e-2 -0.13363649
v -5.3706955e-2 -6.5366467e-2 -0.16392615
v -8.5715761e-2 -6.5366467e-2 -0.16906459
v -0.10617018 -8.4169269e-2 -0.14391337
v -9.4615801e-2 -8.4169269e-2 -0.11362371
v -6.2606995e-2 -8.4169269e-2 -0.10848527
v -4.2152572e-2 -8.4169269e-2 -0.13363649
v -5.3706955e-2 -8.4169269e-2 -0.16392615
v -8.5715761e-2 -8.4169269e-2 -0.16906459
v -9.3814145e-2 -8.2907882e-2 -0.14192983
v -8.6719985e-2 -8.2907882e-2 -0.12333259
v -6.7067218e-2 -8.2907882e-2 -0.12017769
v -5.4508612e-2 -8.2907882e-2 -0.13562003
v -6.1602771e-2 -8.2907882e-2 -0.15421728
v -8.1255538e-2 -8.2907882e-2 -0.15737218
v -9.3814145e-2 -7.2152897e-2 -0.14192983
v -8.6719985e-2 -7.2152897e-2 -0.12333259
v -6.7067218e-2 -7.2152897e-2 -0.12017769
v -5.4508612e-2 -7.2152897e-2 -0.13562003
v -6.1602771e-2 -7.2152897e-2 -0.15421728
v -8.1255538e-2 -7.2152897e-2 -0.15737218
v -9.7839958e-2 -6.5366467e-2 0.17637607
v -8.6285575e-2 -6.5366467e-2 0.20666573
v -5.4276770e-2 -6.5366467e-2 0.21180417
v -3.3822347e-2 -6.5366467e-2 0.18665295
v -4.5376730e-2 -6.5366467e-2 0.15636329
v -7.7385535e-2 -6.5366467e-2 0.15122485
v -9.7839958e-2 -8.4169269e-2 0.17637607
v -8.6285575e-2 -8.4169269e-2 0.20666573
v -5.4276770e-2 -8.4169269e-2 0.21180417
v -3.3822347e-2 -8.4169269e-2 0.18665295
v -4.5376730e-2 -8.4169269e-2 0.15636329
v -7.7385535e-2 -8.4169269e-2 0.15122485
v -8.5483919e-2 -8.2907882e-2 0.17835961
v -7.8389759e-2 -8.2907882e-2 0.19695686
v -5.8736992e-2 -8.2907882e-2 0.20011176
v -4.6178386e-2 -8.2907882e-2 0.18466941
v -5.3272546e-2 -8.2907882e-2 0.16607217
v -7.2925312e-2 -8.2907882e-2 0.16291727
v -8.5483919e-2 -7.2152897e-2 0.17835961
v -7.8389759e-2 -7.2152897e-2 0.19695686
v -5.8736992e-2 -7.2152897e-2 0.20011176
v -4.6178386e-2 -7.2152897e-2 0.18466941
v -5.3272546e-2 -7.2152897e-2 0.16607217
v -7.2925312e-2 -7.2152897e-2 0.16291727
v -5.7751860e-2 -6.7949811e-2 3.7741386e-2
v -2.3042808e-2 -6.7949811e-2 6.7385717e-2
v 1.9984462e-2 -6.7949811e-2 5.2148962e-2
v 2.8302680e-2 -6.7949811e-2 7.2678752e-3
v -6.4063726e-3 -6.7949811e-2 -2.2376456e-2
v -4.9433642e-2 -6.7949811e-2 -7.1397005e-3
v -5.7751860e-2 -9.4424156e-2 3.7741386e-2
v -2.3042808e-2 -9.4424156e-2 6.7385717e-2
v 1.9984462e-2 -9.4424156e-2 5.2148962e-2
v 2.8302680e-2 -9.4424156e-2 7.2678752e-3
v -6.4063726e-3 -9.4424156e-2 -2.2376456e-2
v -4.9433642e-2 -9.4424156e-2 -7.1397005e-3
v -4.1142473e-2 -9.2648123e-2 3.1859694e-2
v -1.9831810e-2 -9.2648123e-2 5.0060720e-2
v 6.5860735e-3 -9.2648123e-2 4.0705657e-2
v 1.1693293e-2 -9.2648123e-2 1.3149568e-2
v -9.6173710e-3 -9.2648123e-2 -5.0514589e-3
v -3.6035254e-2 -9.2648123e-2 4.3036042e-3
v -4.1142473e-2 -7.7505105e-2 3.1859694e-2
v -1.9831810e-2 -7.7505105e-2 5.0060720e-2
v 6.5860735e-3 -7.7505105e-2 4.0705657e-2
v 1.1693293e-2 -7.7505105e-2 1.3149568e-2
v -9.6173710e-3 -7.7505105e-2 -5.0514589e-3
v -3.6035254e-2 -7.7505105e-2 4.3036042e-3
v 0.11302436 -6.5366467e-2 9.2984158e-2
v 0.12457874 -6.5366467e-2 0.12327382
v 0.15658755 -6.5366467e-2 0.12841226
v 0.17704197 -6.5366467e-2 0.10326104
v 0.16548759 -6.5366467e-2 7.2971380e-2
v 0.13347878 -6.5366467e-2 6.7832939e-2
v 0.11302436 -8.4169269e-2 9.2984158e-2
v 0.12457874 -8.4169269e-2 0.12327382
v 0.15658755 -8.4169269e-2 0.12841226
v 0.17704197 -8.4169269e-2 0.10326104
v 0.16548759 -8.4169269e-2 7.2971380e-2
v 0.13347878 -8.4169269e-2 6.7832939e-2
v 0.12538040 -8.2907882e-2 9.4967699e-2
v 0.13247456 -8.2907882e-2 0.11356494
v 0.15212733 -8.2907882e-2 0.11671984
v 0.16468593 -8.2907882e-2 0.10127750
v 0.15759177 -8.2907882e-2 8.2680253e-2
v 0.13793901 -8.2907882e-2 7.9525353e-2
v 0.12538040 -7.2152897e-2 9.4967699e-2
v 0.13247456 -7.2152897e-2 0.11356494
v 0.15212733 -7.2152897e-2 0.11671984
v 0.16468593 -7.2152897e-2 0.10127750
v 0.15759177 -7.2152897e-2 8.2680253e-2
v 0.13793901 -7.2152897e-2 7.9525353e-2
v -0.97765130 -0.10760254 2.1218393e-2
v -0.95903350 -0.10760254 0.21024809
v -0.90389557 -0.10760254 0.39201348
v -0.81435644 -0.10760254 0.55952942
v -0.69385703 -0.10760254 0.70635838
v -0.54702808 -0.10760254 0.82685778
v -0.37951213 -0.10760254 0.91639692
v -0.19774674 -0.10760254 0.97153485
v -8.7170464e-3 -0.10760254 0.99015265
v 0.18031265 -0.10760254 0.97153485
v 0.36207804 -0.10760254 0.91639692
v 0.52959398 -0.10760254 0.82685778
v 0.67642294 -0.10760254 0.70635838
v 0.79692234 -0.10760254 0.55952942
v 0.88646148 -0.10760254 0.39201348
v 0.94159941 -0.10760254 0.21024809
v 0.96021721 -0.10760254 2.1218393e-2
v 0.94159941 -0.10760254 -0.16781130
v 0.88646148 -0.10760254 -0.34957669
v 0.79692234 -0.10760254 -0.51709264
v 0.67642294 -0.10760254 -0.66392159
v 0.52959398 -0.10760254 -0.78442100
v 0.36207804 -0.10760254 -0.87396013
v 0.18031265 -0.10760254 -0.92909806
v -8.7170464e-3 -0.10760254 -0.94771586
v -0.19774674 -0.10760254 -0.92909806
v -0.37951213 -0.10760254 -0.87396013
v -0.54702808 -0.10760254 -0.78442100
v -0.69385703 -0.10760254 -0.66392159
v -0.81435644 -0.10760254 -0.51709264
v -0.90389557 -0.10760254 -0.34957669
v -0.95903350 -0.10760254 -0.16781130
v -0.97765130 5.5980329e-2 2.1218393e-2
v -0.95903350 5.5980329e-2 0.21024809
v -0.90389557 5.5980329e-2 0.39201348
v -0.81435644 5.5980329e-2 0.55952942
v -0.69385703 5.5980329e-2 0.70635838
v -0.54702808 5.5980329e-2 0.82685778
v -0.37951213 5.5980329e-2 0.91639692
v -0.19774674 5.5980329e-2 0.97153485
v -8.7170464e-3 5.5980329e-2 0.99015265
v 0.18031265 5.5980329e-2 0.97153485
v 0.36207804 5.5980329e-2 0.91639692
v 0.52959398 5.5980329e-2 0.82685778
v 0.67642294 5.5980329e-2 0.70635838
v 0.79692234 5.5980329e-2 0.55952942
v 0.88646148 5.5980329e-2 0.39201348
v 0.94159941 5.5980329e-2 0.21024809
v 0.96021721 5.5980329e-2 2.1218393e-2
v 0.94159941 5.5980329e-2 -0.16781130
v 0.88646148 5.5980329e-2 -0.34957669
v 0.79692234 5.5980329e-2 -0.51709264
v 0.67642294 5.5980329e-2 -0.66392159
v 0.52959398 5.5980329e-2 -0.78442100
v 0.36207804 5.5980329e-2 -0.87396013
v 0.18031265 5.5980329e-2 -0.92909806
v -8.7170464e-3 5.5980329e-2 -0.94771586
v -0.19774674 5.5980329e-2 -0.92909806
v -0.37951213 5.5980329e-2 -0.87396013
v -0.54702808 5.5980329e-2 -0.78442100
v -0.69385703 5.5980329e-2 -0.66392159
v -0.81435644 5.5980329e-2 -0.51709264
v -0.90389557 5.5980329e-2 -0.34957669
v -0.95903350 5.5980329e-2 -0.16781130
v -0.84735294 -0.10760254 0.18803344
v -0.86378279 -0.10760254 2.1218393e-2
v -0.84735294 -0.10760254 -0.14559666
v -0.79869479 -0.10760254 -0.30600110
v -0.71967823 -0.10760254 -0.45383068
v -0.61333983 -0.10760254 -0.58340439
v -0.48376612 -0.10760254 -0.68974279
v -0.33593654 -0.10760254 -0.76875935
v -0.17553210 -0.10760254 -0.81741750
v -8.7170464e-3 -0.10760254 -0.83384735
v 0.15809800 -0.10760254 -0.81741750
v 0.31850245 -0.10760254 -0.76875935
v 0.46633203 -0.10760254 -0.68974279
v 0.59590574 -0.10760254 -0.58340439
v 0.70224414 -0.10760254 -0.45383068
v 0.78126069 -0.10760254 -0.30600110
v 0.82991885 -0.10760254 -0.14559666
v 0.84634870 -0.10760254 2.1218393e-2
v 0.82991885 -0.10760254 0.18803344
v 0.78126069 -0.10760254 0.34843789
v 0.70224414 -0.10760254 0.49626747
v 0.59590574 -0.10760254 0.62584118
v 0.46633203 -0.10760254 0.73217958
v 0.31850245 -0.10760254 0.81119613
v 0.15809800 -0.10760254 0.85985429
v -8.7170464e-3 -0.10760254 0.87628414
v -0.17553210 -0.10760254 0.85985429
v -0.33593654 -0.10760254 0.81119613
v -0.48376612 -0.10760254 0.73217958
v -0.61333983 -0.10760254 0.62584118
v -0.71967823 -0.10760254 0.49626747
v -0.79869479 -0.10760254 0.34843789
v -0.86378279 5.5980329e-2 2.1218393e-2
v -0.84735294 5.5980329e-2 0.18803344
v -0.79869479 5.5980329e-2 0.34843789
v -0.71967823 5.5980329e-2 0.49626747
v -0.61333983 5.5980329e-2 0.62584118
v -0.48376612 5.5980329e-2 0.73217958
v -0.33593654 5.5980329e-2 0.81119613
v -0.17553210 5.5980329e-2 0.85985429
v -8.7170464e-3 5.5980329e-2 0.87628414
v 0.15809800 5.5980329e-2 0.85985429
v 0.31850245 5.5980329e-2 0.81119613
v 0.46633203 5.5980329e-2 0.73217958
v 0.59590574 5.5980329e-2 0.62584118
v 0.70224414 5.5980329e-2 0.49626747
v 0.78126069 5.5980329e-2 0.34843789
v 0.82991885 5.5980329e-2 0.18803344
v 0.84634870 5.5980329e-2 2.1218393e-2
v 0.82991885 5.5980329e-2 -0.14559666
v 0.78126069 5.5980329e-2 -0.30600110
v 0.70224414 5.5980329e-2 -0.45383068
v 0.59590574 5.5980329e-2 -0.58340439
v 0.46633203 5.5980329e-2 -0.68974279
v 0.31850245 5.5980329e-2 -0.76875935
v 0.15809800 5.5980329e-2 -0.81741750
v -8.7170464e-3 5.5980329e-2 -0.83384735
v -0.17553210 5.5980329e-2 -0.81741750
v -0.33593654 5.5980329e-2 -0.76875935
v -0.48376612 5.5980329e-2 -0.68974279
v -0.61333983 5.5980329e-2 -0.58340439
v -0.71967823 5.5980329e-2 -0.45383068
v -0.79869479 5.5980329e-2 -0.30600110
v -0.84735294 5.5980329e-2 -0.14559666
v -0.20085851 1.4336580e-2 -4.9806842e-2
v -0.18930412 1.4336580e-2 -1.9517183e-2
v -0.15729532 1.4336580e-2 -1.4378743e-2
v -0.13684090 1.4336580e-2 -3.9529961e-2
v -0.14839528 1.4336580e-2 -6.9819621e-2
v -0.18040408 1.4336580e-2 -7.4958061e-2
v -0.20085851 3.3139382e-2 -4.9806842e-2
v -0.18930412 3.3139382e-2 -1.9517183e-2
v -0.15729532 3.3139382e-2 -1.4378743e-2
v -0.13684090 3.3139382e-2 -3.9529961e-2
v -0.14839528 3.3139382e-2 -6.9819621e-2
v -0.18040408 3.3139382e-2 -7.4958061e-2
v -0.18850247 3.1877995e-2 -4.7823302e-2
v -0.18140831 3.1877995e-2 -2.9226057e-2
v -0.16175554 3.1877995e-2 -2.6071157e-2
v -0.14919693 3.1877995e-2 -4.1513502e-2
v -0.15629109 3.1877995e-2 -6.0110747e-2
v -0.17594386 3.1877995e-2 -6.3265647e-2
v -0.18850247 2.1123011e-2 -4.7823302e-2
v -0.18140831 2.1123011e-2 -2.9226057e-2
v -0.16175554 2.1123011e-2 -2.6071157e-2
v -0.14919693 2.1123011e-2 -4.1513502e-2
v -0.15629109 2.1123011e-2 -6.0110747e-2
v -0.17594386 2.1123011e-2 -6.3265647e-2
v -9.7839958e-2 1.4336580e-2 0.17637607
v -8.6285575e-2 1.4336580e-2 0.20666573
v -5.4276770e-2 1.4336580e-2 0.21180417
v -3.3822347e-2 1.4336580e-2 0.18665295
v -4.5376730e-2 1.4336580e-2 0.15636329
v -7.7385535e-2 1.4336580e-2 0.15122485
v -9.7839958e-2 3.3139382e-2 0.17637607
v -8.6285575e-2 3.3139382e-2 0.20666573
v -5.4276770e-2 3.3139382e-2 0.21180417
v -3.3822347e-2 3.3139382e-2 0.18665295
v -4.5376730e-2 3.3139382e-2 0.15636329
v -7.7385535e-2 3.3139382e-2 0.15122485
v -8.5483919e-2 3.1877995e-2 0.17835961
v -7.8389759e-2 3.1877995e-2 0.19695686
v -5.8736992e-2 3.1877995e-2 0.20011176
v -4.6178386e-2 3.1877995e-2 0.18466941
v -5.3272546e-2 3.1877995e-2 0.16607217
v -7.2925312e-2 3.1877995e-2 0.16291727
v -8.5483919e-2 2.1123011e-2 0.17835961
v -7.8389759e-2 2.1123011e-2 0.19695686
v -5.8736992e-2 2.1123011e-2 0.20011176
v -4.6178386e-2 2.1123011e-2 0.18466941
v -5.3272546e-2 2.1123011e-2 0.16607217
v -7.2925312e-2 2.1123011e-2 0.16291727
v -0.10617018 1.4336580e-2 -0.14391337
v -9.4615801e-2 1.4336580e-2 -0.11362371
v -6.2606995e-2 1.4336580e-2 -0.10848527
v -4.2152572e-2 1.4336580e-2 -0.13363649
v -5.3706955e-2 1.4336580e-2 -0.16392615
v -8.5715761e-2 1.4336580e-2 -0.16906459
v -0.10617018 3.3139382e-2 -0.14391337
v -9.4615801e-2 3.3139382e-2 -0.11362371
v -6.2606995e-2 3.3139382e-2 -0.10848527
v -4.2152572e-2 3.3139382e-2 -0.13363649
v -5.3706955e-2 3.3139382e-2 -0.16392615
v -8.5715761e-2 3.3139382e-2 -0.16906459
v -9.3814145e-2 3.1877995e-2 -0.14192983
v -8.6719985e-2 3.1877995e-2 -0.12333259
v -6.7067218e-2 3.1877995e-2 -0.12017769
v -5.4508612e-2 3.1877995e-2 -0.13562003
v -6.1602771e-2 3.1877995e-2 -0.15421728
v -8.1255538e-2 3.1877995e-2 -0.15737218
v -9.3814145e-2 2.1123011e-2 -0.14192983
v -8.6719985e-2 2.1123011e-2 -0.12333259
v -6.7067218e-2 2.1123011e-2 -0.12017769
v -5.4508612e-2 2.1123011e-2 -0.13562003
v -6.1602771e-2 2.1123011e-2 -0.15421728
v -8.1255538e-2 2.1123011e-2 -0.15737218
v 3.1065936e-2 1.4336580e-2 0.17355789
v 4.2620319e-2 1.4336580e-2 0.20384755
v 7.4629125e-2 1.4336580e-2 0.20898599
v 9.5083547e-2 1.4336580e-2 0.18383477
v 8.3529165e-2 1.4336580e-2 0.15354511
v 5.1520359e-2 1.4336580e-2 0.14840667
v 3.1065936e-2 3.3139382e-2 0.17355789
v 4.2620319e-2 3.3139382e-2 0.20384755
v 7.4629125e-2 3.3139382e-2 0.20898599
v 9.5083547e-2 3.3139382e-2 0.18383477
v 8.3529165e-2 3.3139382e-2 0.15354511
v 5.1520359e-2 3.3139382e-2 0.14840667
v 4.3421975e-2 3.1877995e-2 0.17554143
v 5.0516135e-2 3.1877995e-2 0.19413867
v 7.0168902e-2 3.1877995e-2 0.19729357
v 8.2727508e-2 3.1877995e-2 0.18185123
v 7.5633348e-2 3.1877995e-2 0.16325398
v 5.5980582e-2 3.1877995e-2 0.16009908
v 4.3421975e-2 2.1123011e-2 0.17554143
v 5.0516135e-2 2.1123011e-2 0.19413867
v 7.0168902e-2 2.1123011e-2 0.19729357
v 8.2727508e-2 2.1123011e-2 0.18185123
v 7.5633348e-2 2.1123011e-2 0.16325398
v 5.5980582e-2 2.1123011e-2 0.16009908
v 0.77213242 -8.7211103e-2 0.31003169
v 0.66857677 -8.0948303e-2 0.26972115
v 0.66857677 2.9326097e-2 0.26972115
v 0.77213242 3.5588897e-2 0.31003169
v 0.72120809 -8.7211103e-2 0.42177494
v 0.62284672 -8.0948303e-2 0.37006659
v 0.62284672 2.9326097e-2 0.37006659
v 0.72120809 3.5588897e-2 0.42177494
v 0.64027051 1.0256565e-2 0.27777767
v 0.64027051 -6.1878772e-2 0.27777767
v 0.61035648 -6.1878772e-2 0.34341803
v 0.61035648 1.0256565e-2 0.34341803
v 0.61419240 2.4959837e-2 0.24973506
v 0.61419240 -7.6582044e-2 0.24973506
v 0.57208367 -7.6582044e-2 0.34213424
v 0.57208367 2.4959837e-2 0.34213424
v 0.56613815 6.6039462e-3 0.24800764
v 0.56613815 -5.8226153e-2 0.24800764
v 0.53925355 -5.8226153e-2 0.30700052
v 0.53925355 6.6039462e-3 0.30700052
v 0.54143035 5.7323415e-3 0.23770550
v 0.54143035 -5.7354548e-2 0.23770550
v 0.51526864 -5.7354548e-2 0.29511213
v 0.51526864 5.7323415e-3 0.29511213
v 0.52060488 1.8425876e-2 0.21426525
v 0.52060488 -7.0048083e-2 0.21426525
v 0.48391533 -7.0048083e-2 0.29477313
v 0.48391533 1.8425876e-2 0.29477313
v 0.47494570 8.7376965e-5 0.21361022
v 0.47494570 -5.1709584e-2 0.21361022
v 0.45346585 -5.1709584e-2 0.26074345
v 0.45346585 8.7376965e-5 0.26074345
v 0.38554021 2.7164534e-3 0.16997658
v 0.38554021 -5.4338660e-2 0.16997658
v 0.36187984 -5.4338660e-2 0.22189452
v 0.36187984 2.7164534e-3 0.22189452
v 0.29490575 2.7338037e-3 0.12865300
v 0.29490575 -5.4356011e-2 0.12865300
v 0.27123099 -5.4356011e-2 0.18060252
v 0.27123099 2.7338037e-3 0.18060252
v 0.26462503 -2.1256340e-3 0.12019355
v 0.26462503 -4.9496573e-2 0.12019355
v 0.24498062 -4.9496573e-2 0.16329927
v 0.24498062 -2.1256340e-3 0.16329927
v 0.25090785 1.7011582e-2 9.2911471e-2
v 0.25090785 -6.8633789e-2 9.2911471e-2
v 0.21539129 -6.8633789e-2 0.17084544
v 0.21539129 1.7011582e-2 0.17084544
v 0.18632718 1.7011582e-2 6.3480363e-2
v 0.18632718 -6.8633789e-2 6.3480363e-2
v 0.15081062 -6.8633789e-2 0.14141433
v 0.15081062 1.7011582e-2 0.14141433
v 0.66857677 -2.5811103e-2 0.26972115
v 0.64571174 -8.0948303e-2 0.31989387
v 0.64525619 -2.5811103e-2 0.26683761
v 0.65148532 1.0662154e-2 0.28244283
v 0.62531349 -7.3901328e-2 0.31059785
v 0.65148532 -6.2284361e-2 0.28244283
v 0.62123490 -6.2284361e-2 0.34882134
v 0.62123490 1.0662154e-2 0.34882134
v 0.62121053 -2.5811103e-2 0.23433520
v 0.59313804 -9.3505690e-2 0.29593465
v 0.57061892 -2.5811103e-2 0.23817550
v 0.55269585 -6.9031170e-2 0.27750408
v 0.54579063 -2.5811103e-2 0.22813773
v 0.52834949 -6.7869030e-2 0.26640881
v 0.52671980 -2.5811103e-2 0.20084727
v 0.50226010 -8.4793742e-2 0.25451919
v 0.47852568 -2.5811103e-2 0.20575468
v 0.46420578 -6.0342411e-2 0.23717684
v 0.38948361 -2.5811103e-2 0.16132359
v 0.37371003 -6.3847846e-2 0.19593555
v 0.29885154 -2.5811103e-2 0.11999475
v 0.28306837 -6.3870980e-2 0.15462776
v 0.26789910 -2.5811103e-2 0.11300927
v 0.25480283 -5.7391729e-2 0.14174641
v 0.25090785 -2.5811103e-2 9.2911471e-2
v 0.23314957 -6.8633789e-2 0.13187846
v 0.65652706 -2.5811103e-2 0.27137975
v 0.63636011 -7.4442114e-2 0.31563209
v 0.77213242 -2.5811103e-2 0.31003169
v 0.74667025 -8.7211103e-2 0.36590331
v 0.18632718 -2.5811103e-2 6.3480363e-2
v 0.16856890 -6.8633789e-2 0.10244735
v 0.91386430 -8.7211103e-2 0.37462263
v 1.01222567 -8.0948303e-2 0.42633098
v 1.01222567 2.9326097e-2 0.42633098
v 0.91386430 3.5588897e-2 0.37462263
v 0.86293997 -8.7211103e-2 0.48636588
v 0.96649562 -8.0948303e-2 0.52667641
v 0.96649562 2.9326097e-2 0.52667641
v 0.86293997 3.5588897e-2 0.48636588
v 1.00713175 -5.7322013e-2 0.44997361
v 1.00713175 5.6998064e-3 0.44997361
v 0.98099702 5.6998064e-3 0.50732102
v 0.98099702 -5.7322013e-2 0.50732102
v 1.02293308 -7.2185473e-2 0.44084052
v 1.02293308 2.0563266e-2 0.44084052
v 0.98447080 2.0563266e-2 0.52523828
v 0.98447080 -7.2185473e-2 0.52523828
v 1.03144436 -6.5585904e-2 0.45197192
v 1.03144436 1.3963697e-2 0.45197192
v 0.99845568 1.3963697e-2 0.52435897
v 0.99845568 -6.5585904e-2 0.52435897
v 1.05264120 -7.4843392e-2 0.45145838
v 1.05264120 2.3221185e-2 0.45145838
v 1.01197448 2.3221185e-2 0.54069335
v 1.01197448 -7.4843392e-2 0.54069335
v 1.09488746 -5.9036402e-2 0.48808217
v 1.09488746 7.4141950e-3 0.48808217
v 1.06733084 7.4141950e-3 0.54854964
v 1.06733084 -5.9036402e-2 0.54854964
v 1.17494753 -5.9593565e-2 0.52395535
v 1.17494753 7.9713579e-3 0.52395535
v 1.14692881 7.9713579e-3 0.58543681
v 1.14692881 -5.9593565e-2 0.58543681
v 1.27496170 -7.7245192e-2 0.55013622
v 1.27496170 2.5622986e-2 0.55013622
v 1.23230297 2.5622986e-2 0.64374227
v 1.23230297 -7.7245192e-2 0.64374227
v 1.34401144 -5.3408880e-2 0.60779886
v 1.34401144 1.7866729e-3 0.60779886
v 1.32112222 1.7866729e-3 0.65802467
v 1.32112222 -5.3408880e-2 0.65802467
v -0.93773223 -8.7211103e-2 -0.31846504
v -1.03609360 -8.0948303e-2 -0.37017340
v -1.03609360 2.9326097e-2 -0.37017340
v -0.93773223 3.5588897e-2 -0.31846504
v -0.88680790 -8.7211103e-2 -0.43020829
v -0.99036356 -8.0948303e-2 -0.47051883
v -0.99036356 2.9326097e-2 -0.47051883
v -0.88680790 3.5588897e-2 -0.43020829
v -1.03099968 -5.7322013e-2 -0.39381602
v -1.03099968 5.6998064e-3 -0.39381602
v -1.00486496 5.6998064e-3 -0.45116344
v -1.00486496 -5.7322013e-2 -0.45116344
v -1.04680101 -7.2185473e-2 -0.38468294
v -1.04680101 2.0563266e-2 -0.38468294
v -1.00833874 2.0563266e-2 -0.46908070
v -1.00833874 -7.2185473e-2 -0.46908070
v -1.05531229 -6.5585904e-2 -0.39581433
v -1.05531229 1.3963697e-2 -0.39581433
v -1.02232361 1.3963697e-2 -0.46820139
v -1.02232361 -6.5585904e-2 -0.46820139
v -1.07650914 -7.4843392e-2 -0.39530079
v -1.07650914 2.3221185e-2 -0.39530079
v -1.03584242 2.3221185e-2 -0.48453576
v -1.03584242 -7.4843392e-2 -0.48453576
v -1.11875539 -5.9036402e-2 -0.43192458
v -1.11875539 7.4141950e-3 -0.43192458
v -1.09119878 7.4141950e-3 -0.49239205
v -1.09119878 -5.9036402e-2 -0.49239205
v -1.19881547 -5.9593565e-2 -0.46779776
v -1.19881547 7.9713579e-3 -0.46779776
v -1.17079675 7.9713579e-3 -0.52927923
v -1.17079675 -5.9593565e-2 -0.52927923
v -1.29882964 -7.7245192e-2 -0.49397863
v -1.29882964 2.5622986e-2 -0.49397863
v -1.25617090 2.5622986e-2 -0.58758469
v -1.25617090 -7.7245192e-2 -0.58758469
v -1.36787937 -5.3408880e-2 -0.55164127
v -1.36787937 1.7866729e-3 -0.55164127
v -1.34499015 1.7866729e-3 -0.60186709
v -1.34499015 -5.3408880e-2 -0.60186709
vt 4.9817548e-3 5.0066501e-2
vt 4.9817548e-3 0.55464474
vt 4.9817548e-3 0.63874111
vt 4.9817548e-3 0.47054837
vt 4.9817548e-3 0.30235562
vt 4.9817548e-3 0.38645199
vt 4.9817548e-3 0.51259655
vt 4.9817548e-3 9.2114688e-2
vt 4.9817548e-3 0.42850018
vt 4.9817548e-3 0.21825925
vt 4.9817548e-3 0.34440381
vt 4.9817548e-3 0.17621106
vt 4.9817548e-3 0.68078930
vt 4.9817548e-3 8.0183143e-3
vt 4.9817548e-3 0.26030743
vt 4.9817548e-3 0.59669293
vt 4.9817548e-3 0.13416287
vt 3.3041008e-2 0.55464474
vt 3.3041008e-2 8.0183143e-3
vt 3.3041008e-2 9.2114688e-2
vt 3.3041008e-2 0.47054837
vt 3.3041008e-2 0.38645199
vt 3.3041008e-2 0.59669293
vt 3.3041008e-2 0.21825925
vt 3.3041008e-2 0.30235562
vt 3.3041008e-2 0.68078930
vt 3.3041008e-2 0.13416287
vt 3.3041008e-2 0.51259655
vt 3.3041008e-2 0.42850018
vt 3.3041008e-2 0.34440381
vt 3.3041008e-2 0.17621106
vt 3.3041008e-2 5.0066501e-2
vt 3.3041008e-2 0.26030743
vt 3.3041008e-2 0.63874111
vt 3.4587572e-2 0.63833737
vt 3.4587572e-2 0.68038555
vt 3.4587572e-2 7.6145648e-3
vt 3.4587572e-2 0.55424099
vt 3.4587572e-2 0.59628918
vt 3.4587572e-2 0.47014462
vt 3.4587572e-2 0.42809643
vt 3.4587572e-2 0.51219281
vt 3.4587572e-2 0.38604825
vt 3.4587572e-2 0.30195187
vt 3.4587572e-2 0.34400006
vt 3.4587572e-2 9.1710938e-2
vt 3.4587572e-2 0.17580731
vt 3.4587572e-2 0.21785550
vt 3.4587572e-2 0.25990368
vt 3.4587572e-2 0.13375912
vt 3.4587572e-2 4.9662751e-2
vt 6.2646825e-2 0.63833737
vt 6.2646825e-2 0.55424099
vt 6.2646825e-2 0.59628918
vt 6.2646825e-2 0.42809643
vt 6.2646825e-2 0.47014462
vt 6.2646825e-2 0.51219281
vt 6.2646825e-2 0.38604825
vt 6.2646825e-2 0.30195187
vt 6.2646825e-2 0.34400006
vt 6.2646825e-2 0.25990368
vt 6.2646825e-2 4.9662751e-2
vt 6.2646825e-2 0.17580731
vt 6.2646825e-2 0.21785550
vt 6.2646825e-2 9.1710938e-2
vt 6.2646825e-2 0.13375912
vt 6.2646825e-2 7.6145648e-3
vt 6.2646825e-2 0.68038555
vt 6.3310532e-2 8.0241198e-3
vt 6.3310532e-2 0.65989498
vt 6.3310532e-2 0.17099183
vt 6.3310532e-2 0.21173376
vt 6.3310532e-2 0.61915305
vt 6.3310532e-2 0.57841112
vt 6.3310532e-2 0.45618533
vt 6.3310532e-2 0.29321762
vt 6.3310532e-2 0.53766919
vt 6.3310532e-2 0.33395955
vt 6.3310532e-2 0.41544340
vt 6.3310532e-2 0.49692726
vt 6.3310532e-2 0.37470148
vt 6.3310532e-2 4.8766048e-2
vt 6.3310532e-2 0.13024991
vt 6.3310532e-2 0.25247569
vt 6.3310532e-2 8.9507977e-2
vt 9.8398083e-2 0.17099183
vt 9.8398083e-2 0.65989498
vt 9.8398083e-2 0.53766919
vt 9.8398083e-2 0.33395955
vt 9.8398083e-2 0.29321762
vt 9.8398083e-2 0.49692726
vt 9.8398083e-2 0.41544340
vt 9.8398083e-2 0.45618533
vt 9.8398083e-2 0.21173376
vt 9.8398083e-2 0.57841112
vt 9.8398083e-2 0.37470148
vt 9.8398083e-2 0.61915305
vt 9.8398083e-2 8.9507977e-2
vt 9.8398083e-2 0.13024991
vt 9.8398083e-2 8.0241198e-3
vt 9.8398083e-2 0.25247569
vt 9.8398083e-2 4.8766048e-2
vt 0.10255779 0.49597057
vt 0.10255779 0.12929322
vt 0.10255779 0.17003514
vt 0.10255779 0.57745443
vt 0.10255779 8.8551287e-2
vt 0.10255779 0.65893829
vt 0.10255779 7.0674299e-3
vt 0.10255779 4.7809358e-2
vt 0.10255779 0.25151900
vt 0.10255779 0.33300286
vt 0.10255779 0.37374479
vt 0.10255779 0.45522864
vt 0.10255779 0.29226093
vt 0.10255779 0.21077707
vt 0.10255779 0.53671250
vt 0.10255779 0.61819636
vt 0.10255779 0.41448671
vt 0.13764535 8.8551287e-2
vt 0.13764535 7.0674299e-3
vt 0.13764535 4.7809358e-2
vt 0.13764535 0.17003514
vt 0.13764535 0.12929322
vt 0.13764535 0.25151900
vt 0.13764535 0.29226093
vt 0.13764535 0.21077707
vt 0.13764535 0.45522864
vt 0.13764535 0.33300286
vt 0.13764535 0.49597057
vt 0.13764535 0.41448671
vt 0.13764535 0.57745443
vt 0.13764535 0.37374479
vt 0.13764535 0.65893829
vt 0.13764535 0.61819636
vt 0.13764535 0.53671250
vt 0.14634460 0.51137154
vt 0.14634460 0.54732551
vt 0.14634460 0.29564776
vt 0.14634460 0.40350965
vt 0.14634460 0.15183190
vt 0.14634460 0.36755569
vt 0.14634460 0.33160172
vt 0.14634460 8.0160447e-3
vt 0.14634460 0.58327947
vt 0.14634460 0.18778586
vt 0.14634460 0.25969379
vt 0.14634460 4.3970009e-2
vt 0.14634460 0.11587794
vt 0.14634460 0.43946361
vt 0.14634460 7.9923973e-2
vt 0.14634460 0.47541758
vt 0.14634460 0.22373983
vt 0.18143215 0.40350965
vt 0.18143215 8.0160447e-3
vt 0.18143215 0.25969379
vt 0.18143215 0.29564776
vt 0.18143215 0.51137154
vt 0.18143215 0.11587794
vt 0.18143215 0.15183190
vt 0.18143215 0.58327947
vt 0.18143215 0.43946361
vt 0.18143215 0.54732551
vt 0.18143215 7.9923973e-2
vt 0.18143215 4.3970009e-2
vt 0.18143215 0.36755569
vt 0.18143215 0.22373983
vt 0.18143215 0.18778586
vt 0.18143215 0.47541758
vt 0.18143215 0.33160172
vt 0.18983907 8.3120695e-2
vt 0.18983907 0.44266034
vt 0.18983907 0.11907466
vt 0.18983907 0.47861430
vt 0.18983907 0.22693655
vt 0.18983907 0.33479844
vt 0.18983907 0.29884448
vt 0.18983907 4.7166731e-2
vt 0.18983907 0.19098259
vt 0.18983907 0.26289051
vt 0.18983907 0.15502862
vt 0.18983907 0.55052223
vt 0.18983907 0.58647619
vt 0.18983907 1.1212767e-2
vt 0.18983907 0.40670637
vt 0.18983907 0.37075241
vt 0.18983907 0.51456826
vt 0.19902953 0.62628716
vt 0.19902953 0.94937354
vt 0.19902953 0.59178279
vt 0.19902953 0.98387791
vt 0.22492662 8.3120695e-2
vt 0.22492662 1.1212767e-2
vt 0.22492662 0.11907466
vt 0.22492662 0.22693655
vt 0.22492662 0.33479844
vt 0.22492662 4.7166731e-2
vt 0.22492662 0.19098259
vt 0.22492662 0.29884448
vt 0.22492662 0.44266034
vt 0.22492662 0.37075241
vt 0.22492662 0.26289051
vt 0.22492662 0.47861430
vt 0.22492662 0.15502862
vt 0.22492662 0.40670637
vt 0.22492662 0.51456826
vt 0.22492662 0.55052223
vt 0.22492662 0.58647619
vt 0.23054504 0.62939117
vt 0.23054504 0.94626953
vt 0.23449349 0.57124170
vt 0.23449349 1.6878404e-2
vt 0.23449349 0.53659399
vt 0.23449349 0.43265087
vt 0.23449349 0.46729858
vt 0.23449349 0.50194629
vt 0.23449349 0.22476464
vt 0.23449349 0.29406005
vt 0.23449349 0.32870776
vt 0.23449349 0.19011693
vt 0.23449349 0.25941234
vt 0.23449349 0.39800317
vt 0.23449349 0.36335546
vt 0.23449349 8.6173815e-2
vt 0.23449349 0.12082152
vt 0.23449349 5.1526109e-2
vt 0.23449349 0.15546923
vt 0.23727651 0.59554979
vt 0.23727651 0.98011091
vt 0.26084943 0.63858390
vt 0.26084943 0.93707680
vt 0.26255275 0.39800317
vt 0.26255275 0.57124170
vt 0.26255275 0.53659399
vt 0.26255275 5.1526109e-2
vt 0.26255275 0.43265087
vt 0.26255275 0.29406005
vt 0.26255275 0.12082152
vt 0.26255275 0.25941234
vt 0.26255275 8.6173815e-2
vt 0.26255275 0.36335546
vt 0.26255275 0.50194629
vt 0.26255275 0.46729858
vt 0.26255275 1.6878404e-2
vt 0.26255275 0.22476464
vt 0.26255275 0.15546923
vt 0.26255275 0.32870776
vt 0.26255275 0.19011693
vt 0.27118429 0.46381737
vt 0.27118429 0.42916966
vt 0.27118429 0.18663572
vt 0.27118429 0.56776048
vt 0.27118429 1.3397190e-2
vt 0.27118429 0.15198801
vt 0.27118429 4.8044896e-2
vt 0.27118429 0.32522654
vt 0.27118429 0.22128343
vt 0.27118429 0.25593113
vt 0.27118429 8.2692602e-2
vt 0.27118429 0.11734031
vt 0.27118429 0.35987425
vt 0.27118429 0.29057884
vt 0.27118429 0.39452195
vt 0.27118429 0.53311278
vt 0.27118429 0.49846507
vt 0.27405368 0.60670602
vt 0.27405368 0.96895468
vt 0.28877812 0.92214861
vt 0.28877812 0.65351210
vt 0.29924354 0.53311278
vt 0.29924354 1.3397190e-2
vt 0.29924354 8.2692602e-2
vt 0.29924354 4.8044896e-2
vt 0.29924354 0.18663572
vt 0.29924354 0.35987425
vt 0.29924354 0.32522654
vt 0.29924354 0.25593113
vt 0.29924354 0.22128343
vt 0.29924354 0.15198801
vt 0.29924354 0.11734031
vt 0.29924354 0.46381737
vt 0.29924354 0.49846507
vt 0.29924354 0.29057884
vt 0.29924354 0.56776048
vt 0.29924354 0.39452195
vt 0.29924354 0.42916966
vt 0.30794772 0.62482276
vt 0.30794772 0.95083794
vt 0.31325781 0.90205864
vt 0.31325781 0.67360207
vt 0.31740588 6.7135450e-2
vt 0.31740588 3.2631080e-2
vt 0.31740588 0.42472620
vt 0.31740588 0.39022183
vt 0.32414239 0.95082954
vt 0.32414239 0.62774316
vt 0.32414239 0.59323879
vt 0.32414239 0.98533391
vt 0.32865532 0.47212613
vt 0.33303455 0.54982942
vt 0.33334778 0.87757894
vt 0.33334778 0.69808176
vt 0.33765609 0.64920379
vt 0.33765609 0.92645691
vt 0.34827598 0.72601045
vt 0.34827598 0.84965025
vt 0.34892139 0.38711782
vt 0.34892139 7.0239458e-2
vt 0.35565286 0.42095920
vt 0.35565286 3.6398079e-2
vt 0.35565790 0.94772553
vt 0.35565790 0.63084717
vt 0.35746871 0.75631484
vt 0.35746871 0.81934586
vt 0.36057272 0.78783035
vt 0.36203712 0.67891216
vt 0.36203712 0.89674854
vt 0.36238937 0.98156691
vt 0.36238937 0.59700579
vt 0.37922578 0.37792509
vt 0.37922578 7.9432194e-2
vt 0.38015386 0.86285450
vt 0.38015386 0.71280620
vt 0.38596229 0.64003990
vt 0.38596229 0.93853280
vt 0.39131009 0.82607733
vt 0.39131009 0.74958337
vt 0.39243003 4.7554312e-2
vt 0.39243003 0.40980297
vt 0.39507709 0.78783035
vt 0.39916654 0.60816202
vt 0.39916654 0.97041068
vt 0.40715447 9.4360387e-2
vt 0.40715447 0.36299689
vt 0.41014323 0.54982942
vt 0.41389098 0.65496810
vt 0.41389098 0.92360461
vt 0.41452245 0.47212613
vt 0.42632407 0.39168623
vt 0.42632407 6.5671051e-2
vt 0.43163416 0.34290693
vt 0.43163416 0.11445036
vt 0.43306058 0.62627876
vt 0.43306058 0.95229394
vt 0.43837068 0.90351464
vt 0.43837068 0.67505807
vt 0.45172413 0.13893005
vt 0.45172413 0.31842723
vt 0.45440634 0.59217334
vt 0.45440634 0.98426846
vt 0.45440634 0.94976409
vt 0.45440634 0.62667771
vt 0.45603244 0.36730520
vt 0.45603244 9.0052081e-2
vt 0.45642772 0.46116314
vt 0.45706644 0.46114835
vt 0.45846064 0.87903494
vt 0.45846064 0.69953776
vt 0.46080694 0.53886644
vt 0.46144566 0.53885165
vt 0.46144566 0.53885165
vt 0.46276895 0.65065979
vt 0.46276895 0.92791291
vt 0.46665232 0.16685874
vt 0.46665232 0.29049854
vt 0.46808666 6.2365582e-2
vt 0.46808666 4.0041938e-2
vt 0.46808666 0.41995633
vt 0.46808666 0.39763269
vt 0.47338884 0.85110625
vt 0.47338884 0.72746645
vt 0.47584506 0.26019415
vt 0.47584506 0.19716313
vt 0.47894907 0.22867864
vt 0.48041347 0.33759683
vt 0.48041347 0.11976045
vt 0.48258157 0.75777084
vt 0.48258157 0.82080186
vt 0.48568558 0.78928635
vt 0.48592186 0.94666008
vt 0.48592186 0.62978172
vt 0.48714998 0.68036816
vt 0.48714998 0.89820454
vt 0.49265332 0.59594034
vt 0.49265332 0.98050146
vt 0.49853021 0.15365449
vt 0.49853021 0.30370279
vt 0.50079034 0.39441166
vt 0.50079034 6.5586614e-2
vt 0.50514547 0.41630636
vt 0.50514547 4.3691913e-2
vt 0.50526672 0.86431050
vt 0.50526672 0.71426220
vt 0.50968644 0.19043166
vt 0.50968644 0.26692562
vt 0.51345344 0.22867864
vt 0.51622625 0.93746735
vt 0.51622625 0.63897445
vt 0.51642295 0.82753333
vt 0.51642295 0.75103937
vt 0.52018995 0.78928635
vt 0.52943050 0.96934523
vt 0.52943050 0.60709657
vt 0.53223724 7.5125927e-2
vt 0.53223724 0.38487235
vt 0.53791563 0.53886644
vt 0.53855434 0.53885165
vt 0.53855434 0.53885165
vt 0.54078013 5.4501569e-2
vt 0.54078013 0.40549670
vt 0.54229485 0.46116314
vt 0.54293356 0.46114835
vt 0.54415493 0.65390264
vt 0.54415493 0.92253915
vt 0.56121887 0.36938134
vt 0.56121887 9.0616930e-2
vt 0.56332453 0.95122849
vt 0.56332453 0.62521331
vt 0.56863463 0.67399261
vt 0.56863463 0.90244918
vt 0.57362122 0.38794277
vt 0.57362122 7.2055499e-2
vt 0.57716003 0.95692487
vt 0.57716003 0.97924851
vt 0.57716003 0.59933412
vt 0.57716003 0.62165776
vt 0.58662148 0.11146431
vt 0.58662148 0.34853396
vt 0.58710819 0.57349646
vt 0.58872460 0.87796949
vt 0.58872460 0.69847231
vt 0.59148742 0.49579317
vt 0.59303290 0.92684746
vt 0.59303290 0.64959434
vt 0.60240668 9.5679114e-2
vt 0.60240668 0.36431916
vt 0.60365279 0.85004080
vt 0.60365279 0.72640100
vt 0.60472492 0.45132792
vt 0.60472492 0.48221908
vt 0.60746887 0.32313135
vt 0.60746887 0.13686692
vt 0.60986372 0.62487879
vt 0.60986372 0.95370384
vt 0.61284553 0.75670539
vt 0.61284553 0.81973641
vt 0.61421884 0.60298409
vt 0.61421884 0.97559854
vt 0.61594953 0.78822090
vt 0.61741393 0.89713909
vt 0.61741393 0.67930271
vt 0.62295987 0.16584855
vt 0.62295987 0.29414972
vt 0.62603030 0.33553370
vt 0.62603030 0.12446457
vt 0.63004176 0.49579317
vt 0.63004176 0.57349646
vt 0.63249918 0.26270282
vt 0.63249918 0.19729545
vt 0.63466841 0.45132792
vt 0.63466841 0.48221908
vt 0.63553067 0.71319674
vt 0.63553067 0.86324505
vt 0.63572021 0.22999914
vt 0.64131061 0.94416452
vt 0.64131061 0.63441810
vt 0.64311088 3.2148354e-2
vt 0.64311088 3.2148354e-2
vt 0.64358423 0.15730566
vt 0.64358423 0.30269261
vt 0.64668690 0.74997392
vt 0.64668690 0.82646788
vt 0.64749010 0.10985165
vt 0.64985350 0.61379375
vt 0.64985350 0.96478888
vt 0.65045390 0.78822090
vt 0.65439388 0.26705795
vt 0.65439388 0.19294033
vt 0.65804386 0.22999914
vt 0.66461190 0.45132792
vt 0.66461190 0.48221908
vt 0.66859610 0.49579317
vt 0.67029224 0.92867352
vt 0.67029224 0.64990911
vt 0.67297532 0.57349646
vt 0.68216452 0.27776821
vt 0.68269460 0.63134768
vt 0.68269460 0.94723495
vt 0.68654374 0.35547151
vt 0.68772206 0.19032684
vt 0.68772206 0.20347458
vt 0.69051239 0.62002843
vt 0.69051239 0.59770478
vt 0.69051239 0.97761918
vt 0.69051239 0.95529553
vt 0.69091360 0.49110673
vt 0.69412773 0.19615115
vt 0.69529282 0.56881002
vt 0.69566932 0.45427280
vt 0.69566932 0.48516396
vt 0.69569485 0.90782614
vt 0.69569485 0.67075649
vt 0.69693563 0.37654848
vt 0.69693563 0.40743963
vt 0.69693563 0.41780948
vt 0.69693563 0.44870064
vt 0.69793424 0.22508796
vt 0.69793424 0.20679060
vt 0.69793424 0.21593928
vt 0.69814824 0.22432221
vt 0.69814824 0.20602485
vt 0.69814824 0.21517353
vt 0.69857979 0.24110413
vt 0.69857979 0.24440411
vt 0.69969612 0.21812511
vt 0.70259804 0.19851825
vt 0.70312125 0.22534104
vt 0.70312125 0.26016720
vt 0.70388520 0.23781273
vt 0.70388520 0.24696141
vt 0.70388520 0.22866405
vt 0.70601691 0.21200982
vt 0.70644456 0.22730690
vt 0.70644456 0.20900954
vt 0.70644456 0.21815822
vt 0.70657595 0.21768807
vt 0.70657595 0.22683675
vt 0.70657595 0.20853938
vt 0.70853611 0.19683870
vt 0.70853611 0.20435906
vt 0.70853611 0.19528101
vt 0.70853611 0.20280137
vt 0.71009833 0.23158808
vt 0.71009833 0.24073677
vt 0.71009833 0.22243940
vt 0.71028131 0.18024758
vt 0.71039058 0.19032684
vt 0.71039058 0.20347458
vt 0.71057942 0.24118939
vt 0.71057942 0.24198524
vt 0.71148005 0.65497129
vt 0.71148005 0.92361134
vt 0.71191112 0.22493951
vt 0.71251601 0.18875377
vt 0.71281816 0.22763957
vt 0.71281816 0.25786867
vt 0.71423326 0.22775955
vt 0.71423326 0.25541508
vt 0.71457686 0.20870292
vt 0.71457686 0.19040556
vt 0.71457686 0.19955424
vt 0.71556496 0.23836935
vt 0.71589396 0.19032684
vt 0.71589396 0.20347458
vt 0.71615431 0.24118939
vt 0.71615431 0.24198524
vt 0.71654224 0.69615910
vt 0.71654224 0.88242353
vt 0.71666280 0.21724682
vt 0.71666280 0.19894945
vt 0.71666280 0.20809814
vt 0.71680177 0.19529995
vt 0.71748601 0.23204071
vt 0.71938815 0.21587261
vt 0.71978282 0.22820761
vt 0.71980815 0.22775955
vt 0.71980815 0.25541508
vt 0.72008701 0.22928497
vt 0.72038308 0.23210600
vt 0.72038308 0.25106863
vt 0.72113985 0.21861087
vt 0.72147409 0.22441650
vt 0.72171478 0.21506027
vt 0.72172920 0.23408819
vt 0.72172920 0.24198524
vt 0.72190109 0.21974253
vt 0.72190109 0.26576571
vt 0.72245413 0.19683870
vt 0.72245413 0.20435906
vt 0.72245413 0.19528101
vt 0.72245413 0.20280137
vt 0.72306090 0.23204071
vt 0.72321608 0.95207450
vt 0.72321608 0.62324946
vt 0.72347404 0.22651201
vt 0.72353494 0.24436565
vt 0.72353494 0.22606829
vt 0.72353494 0.23521697
vt 0.72459879 0.10985165
vt 0.72538304 0.24751803
vt 0.72538304 0.25541508
vt 0.72576964 0.23457448
vt 0.72576964 0.24372317
vt 0.72576964 0.25287185
vt 0.72595262 0.19238266
vt 0.72595797 0.23210600
vt 0.72595797 0.25106863
vt 0.72671474 0.21861087
vt 0.72687912 0.37654848
vt 0.72687912 0.40743963
vt 0.72687912 0.41780948
vt 0.72687912 0.44870064
vt 0.72728967 0.24191995
vt 0.72757120 0.97396920
vt 0.72757120 0.60135476
vt 0.72769077 0.22420895
vt 0.72769077 0.25896568
vt 0.72807947 0.19738751
vt 0.72859431 0.19907857
vt 0.72897801 3.2148354e-2
vt 0.72897801 3.2148354e-2
vt 0.72902247 0.24191995
vt 0.72947500 0.20628268
vt 0.72960639 0.20581252
vt 0.73003404 0.22110961
vt 0.73003404 0.20281224
vt 0.73003404 0.21196092
vt 0.73153286 0.22420895
vt 0.73153286 0.23210600
vt 0.73159800 0.23323809
vt 0.73159800 0.25227016
vt 0.73175696 0.22505134
vt 0.73194373 0.22571282
vt 0.73203324 0.85344190
vt 0.73203324 0.72514073
vt 0.73216575 0.18615801
vt 0.73269096 0.21824215
vt 0.73286456 0.24191995
vt 0.73305910 0.19032684
vt 0.73305910 0.20347458
vt 0.73326566 0.22420895
vt 0.73326566 0.25896568
vt 0.73345291 0.23460118
vt 0.73345291 0.21630381
vt 0.73345291 0.22545250
vt 0.73384059 0.23565660
vt 0.73384059 0.24751803
vt 0.73459736 0.21506027
vt 0.73510367 0.68375675
vt 0.73510367 0.89482588
vt 0.73517229 0.21861087
vt 0.73613946 0.23320709
vt 0.73613946 0.25230116
vt 0.73635483 0.21499432
vt 0.73635483 0.20584564
vt 0.73635483 0.19669695
vt 0.73637214 0.19683870
vt 0.73637214 0.20435906
vt 0.73637214 0.19528101
vt 0.73637214 0.20280137
vt 0.73670801 0.24356492
vt 0.73670801 0.24512261
vt 0.73670801 0.24668030
vt 0.73670801 0.24823798
vt 0.73670801 0.25108528
vt 0.73670801 0.25264296
vt 0.73670801 0.25420065
vt 0.73670801 0.25575834
vt 0.73685094 0.20612842
vt 0.73749443 0.23408819
vt 0.73749443 0.24908644
vt 0.73790271 0.20879721
vt 0.73811671 0.20803146
vt 0.73856248 0.19032684
vt 0.73856248 0.20347458
vt 0.73882613 0.23204071
vt 0.73884055 0.25106863
vt 0.73884055 0.25896568
vt 0.73941548 0.23565660
vt 0.73941548 0.24751803
vt 0.73959661 0.24146210
vt 0.73998081 0.22483824
vt 0.73998081 0.24296262
vt 0.73998081 0.21577605
vt 0.73998081 0.23390043
vt 0.74017225 0.21506027
vt 0.74037129 0.17377809
vt 0.74074718 0.23836935
vt 0.74157255 0.82199500
vt 0.74157255 0.75658763
vt 0.74192322 0.23696828
vt 0.74192322 0.21867091
vt 0.74192322 0.22781959
vt 0.74285978 0.20998351
vt 0.74306552 0.18586458
vt 0.74306932 0.23408819
vt 0.74306932 0.24908644
vt 0.74327718 0.25121506
vt 0.74406586 0.19032684
vt 0.74406586 0.19305012
vt 0.74406586 0.19577340
vt 0.74406586 0.19849669
vt 0.74406586 0.20121997
vt 0.74406586 0.20347458
vt 0.74406586 0.20619786
vt 0.74406586 0.20892114
vt 0.74406586 0.21164443
vt 0.74406586 0.21436771
vt 0.74440102 0.22493951
vt 0.74479358 0.78929131
vt 0.74499037 0.22775955
vt 0.74499037 0.23565660
vt 0.74516500 0.26343606
vt 0.74618203 0.23917745
vt 0.74631277 0.20307203
vt 0.74631277 0.22119641
vt 0.74631277 0.19400984
vt 0.74631277 0.21213422
vt 0.74632207 0.23836935
vt 0.74806692 0.24382920
vt 0.74852858 0.21370603
vt 0.74852858 0.23183042
vt 0.74852858 0.22276823
vt 0.74852858 0.24089261
vt 0.74864421 0.24118939
vt 0.74864421 0.24908644
vt 0.74881097 0.18811012
vt 0.74938343 0.18755834
vt 0.74997591 0.22493951
vt 0.75029016 0.19683870
vt 0.75029016 0.20435906
vt 0.75029016 0.19528101
vt 0.75029016 0.20280137
vt 0.75062603 0.24356492
vt 0.75062603 0.24512261
vt 0.75062603 0.24668030
vt 0.75062603 0.24823798
vt 0.75062603 0.25108528
vt 0.75062603 0.25264296
vt 0.75062603 0.25420065
vt 0.75062603 0.25575834
vt 0.75130002 0.22438449
vt 0.75137012 0.20776466
vt 0.75137284 0.20495776
vt 0.75137284 0.21554643
vt 0.75137284 0.20715099
vt 0.75137284 0.21773965
vt 0.75148580 0.25732077
vt 0.75197090 0.22423494
vt 0.75241627 0.20940420
vt 0.75241627 0.22752859
vt 0.75241627 0.20034201
vt 0.75241627 0.21846639
vt 0.75265760 0.86198479
vt 0.75265760 0.71659784
vt 0.75378295 0.23651615
vt 0.75466298 0.94253519
vt 0.75466298 0.63278877
vt 0.75487562 0.23627258
vt 0.75502404 0.19433483
vt 0.75537551 0.19399605
vt 0.75555630 0.45427280
vt 0.75555630 0.48516396
vt 0.75556947 0.24129593
vt 0.75556947 0.25942031
vt 0.75556947 0.23223374
vt 0.75556947 0.25035812
vt 0.75572762 0.19032684
vt 0.75572762 0.20347458
vt 0.75575019 0.22555853
vt 0.75575596 0.20096842
vt 0.75682262 0.37654848
vt 0.75682262 0.40743963
vt 0.75682262 0.41780948
vt 0.75682262 0.44870064
vt 0.75798489 0.23406473
vt 0.75809970 0.23287292
vt 0.75809970 0.25099730
vt 0.75809970 0.22381073
vt 0.75809970 0.24193511
vt 0.75873323 0.22616669
vt 0.75887042 0.18898333
vt 0.76111611 0.21770081
vt 0.76123100 0.19032684
vt 0.76123100 0.20347458
vt 0.76177893 0.19168127
vt 0.76320586 0.61216441
vt 0.76320586 0.96315955
vt 0.76346725 0.75223250
vt 0.76346725 0.82635013
vt 0.76365242 0.35547151
vt 0.76420818 0.19683870
vt 0.76420818 0.20435906
vt 0.76420818 0.19528101
vt 0.76420818 0.20280137
vt 0.76454404 0.24356492
vt 0.76454404 0.24512261
vt 0.76454404 0.24668030
vt 0.76454404 0.24823798
vt 0.76454404 0.25108528
vt 0.76454404 0.25264296
vt 0.76454404 0.25420065
vt 0.76454404 0.25575834
vt 0.76485704 0.26118356
vt 0.76487991 0.24274987
vt 0.76487991 0.24430755
vt 0.76487991 0.24586524
vt 0.76487991 0.24742293
vt 0.76487991 0.25027022
vt 0.76487991 0.25182791
vt 0.76487991 0.25338560
vt 0.76487991 0.25494328
vt 0.76499414 0.23368837
vt 0.76591419 0.19694827
vt 0.76591419 0.21507265
vt 0.76591419 0.22413484
vt 0.76591419 0.20601046
vt 0.76620934 0.21077046
vt 0.76673438 0.19032684
vt 0.76673438 0.19577340
vt 0.76673438 0.19849669
vt 0.76673438 0.20347458
vt 0.76673438 0.20892114
vt 0.76673438 0.21164443
vt 0.76673438 0.19305012
vt 0.76673438 0.20121997
vt 0.76673438 0.20619786
vt 0.76673438 0.21436771
vt 0.76694297 0.26972746
vt 0.76711723 0.78929131
vt 0.76803165 0.27776821
vt 0.76829706 0.20660677
vt 0.76829706 0.19754458
vt 0.76829706 0.21566896
vt 0.76829706 0.18848239
vt 0.76893059 0.19083835
vt 0.76920994 6.0920988e-2
vt 0.76920994 8.9183041e-2
vt 0.76953476 0.21037932
vt 0.76953476 0.21947157
vt 0.76953476 0.22856381
vt 0.76954368 5.9385860e-2
vt 0.76954368 8.7647913e-2
vt 0.76972845 0.23105709
vt 0.76972845 0.24021911
vt 0.76975715 0.21467944
vt 0.77064771 0.22620912
vt 0.77085014 0.18325185
vt 0.77096941 0.20495776
vt 0.77096941 0.21554643
vt 0.77096941 0.20715099
vt 0.77096941 0.21773965
vt 0.77142150 0.23769361
vt 0.77146082 0.18241534
vt 0.77165478 0.22971522
vt 0.77165478 0.24783960
vt 0.77165478 0.22065303
vt 0.77165478 0.23877741
vt 0.77200626 0.22937643
vt 0.77200626 0.24750082
vt 0.77200626 0.22031424
vt 0.77200626 0.23843863
vt 0.77240150 0.56881002
vt 0.77391679 0.24227489
vt 0.77461402 0.21430707
vt 0.77494388 0.25159363
vt 0.77507527 0.25112348
vt 0.77516893 0.25306307
vt 0.77516893 0.26222508
vt 0.77561308 0.18854092
vt 0.77561308 0.19763316
vt 0.77561308 0.20672541
vt 0.77566017 0.21594661
vt 0.77566017 0.23407099
vt 0.77566017 0.20688442
vt 0.77566017 0.22500880
vt 0.77647134 0.24811682
vt 0.77678073 0.49110673
vt 0.77763463 0.23146897
vt 0.77764687 0.23615293
vt 0.77764687 0.25427731
vt 0.77764687 0.22709074
vt 0.77764687 0.24521512
vt 0.77805786 0.20821001
vt 0.77805786 0.21730225
vt 0.77805786 0.22639450
vt 0.77806602 0.21434274
vt 0.77812620 0.19683870
vt 0.77812620 0.20435906
vt 0.77812620 0.19528101
vt 0.77812620 0.20280137
vt 0.77818485 0.23347342
vt 0.77818485 0.24263543
vt 0.77821932 0.23560115
vt 0.77821932 0.25372553
vt 0.77821932 0.22653896
vt 0.77821932 0.24466334
vt 0.77839614 0.19032684
vt 0.77839614 0.20347458
vt 0.77846206 0.24356492
vt 0.77846206 0.24512261
vt 0.77846206 0.24668030
vt 0.77846206 0.24823798
vt 0.77846206 0.25108528
vt 0.77846206 0.25264296
vt 0.77846206 0.25420065
vt 0.77846206 0.25575834
vt 0.77850171 0.20094304
vt 0.77879793 0.24274987
vt 0.77879793 0.24430755
vt 0.77879793 0.24586524
vt 0.77879793 0.24742293
vt 0.77879793 0.25027022
vt 0.77879793 0.25182791
vt 0.77879793 0.25338560
vt 0.77879793 0.25494328
vt 0.77914498 0.22847752
vt 0.78071753 0.22063924
vt 0.78147238 3.5457758e-2
vt 0.78147238 0.11464627
vt 0.78152519 0.25614666
vt 0.78152519 0.24698465
vt 0.78167440 0.21131472
vt 0.78178983 0.21298615
vt 0.78178983 0.19480167
vt 0.78178983 0.20389391
vt 0.78180613 3.3922630e-2
vt 0.78180613 0.11311114
vt 0.78272057 0.24192841
vt 0.78337160 0.25410817
vt 0.78358559 0.25334242
vt 0.78364460 0.92704419
vt 0.78364460 0.64827977
vt 0.78389952 0.19032684
vt 0.78389952 0.20347458
vt 0.78417051 0.20466557
vt 0.78417051 0.21372776
vt 0.78417051 0.22278995
vt 0.78417051 0.23185214
vt 0.78531381 0.24483904
vt 0.78531381 0.22665455
vt 0.78531381 0.23574680
vt 0.78597426 0.21524775
vt 0.78597426 0.22440976
vt 0.78661519 0.21011871
vt 0.78704948 0.19887303
vt 0.78710313 0.56936138
vt 0.78738535 0.20992116
vt 0.78774589 0.23638717
vt 0.78774589 0.21820268
vt 0.78774589 0.22729492
vt 0.78815945 0.22376680
vt 0.78815945 0.23292881
vt 0.78882992 0.48373457
vt 0.78894870 0.21859834
vt 0.78940290 0.19032684
vt 0.78940290 0.19305012
vt 0.78940290 0.19577340
vt 0.78940290 0.19849669
vt 0.78940290 0.20121997
vt 0.78940290 0.20347458
vt 0.78940290 0.20619786
vt 0.78940290 0.20892114
vt 0.78940290 0.21164443
vt 0.78940290 0.21436771
vt 0.78942156 0.21847704
vt 0.79009624 0.38809237
vt 0.79056598 0.20495776
vt 0.79056598 0.21554643
vt 0.79056598 0.20715099
vt 0.79056598 0.21773965
vt 0.79148235 0.49165809
vt 0.79204421 0.19683870
vt 0.79204421 0.20435906
vt 0.79204421 0.19528101
vt 0.79204421 0.20280137
vt 0.79238008 0.24356492
vt 0.79238008 0.24512261
vt 0.79238008 0.24668030
vt 0.79238008 0.24823798
vt 0.79238008 0.25108528
vt 0.79238008 0.25264296
vt 0.79238008 0.25420065
vt 0.79238008 0.25575834
vt 0.79271594 0.24274987
vt 0.79271594 0.24430755
vt 0.79271594 0.24586524
vt 0.79271594 0.24742293
vt 0.79271594 0.25027022
vt 0.79271594 0.25182791
vt 0.79271594 0.25338560
vt 0.79271594 0.25494328
vt 0.79305181 0.24084164
vt 0.79305181 0.24239932
vt 0.79305181 0.24395701
vt 0.79305181 0.24551470
vt 0.79305181 0.24836199
vt 0.79305181 0.24991968
vt 0.79305181 0.25147737
vt 0.79305181 0.24707238
vt 0.79305181 0.24863007
vt 0.79305181 0.25303505
vt 0.79305181 0.25459274
vt 0.79305181 0.25615043
vt 0.79320914 0.40603128
vt 0.79447546 0.31038907
vt 0.79487374 0.25092515
vt 0.79487374 0.26008716
vt 0.79524735 0.20943562
vt 0.79524735 0.19125113
vt 0.79524735 0.20034338
vt 0.79534660 0.25080386
vt 0.79534660 0.25996587
vt 0.79571649 0.20957062
vt 0.79571649 0.19138613
vt 0.79571649 0.20047837
vt 0.79592850 0.59503545
vt 0.79592850 0.97494985
vt 0.79592850 0.95262620
vt 0.79592850 0.61735909
vt 0.79604696 0.94560562
vt 0.79604696 0.62971834
vt 0.79613585 0.24563539
vt 0.79690994 0.25948103
vt 0.79690994 0.26864304
vt 0.79753158 0.20094260
vt 0.79753158 0.18275811
vt 0.79753158 0.19185035
vt 0.79768010 0.25928348
vt 0.79768010 0.26844549
vt 0.79829567 0.20116247
vt 0.79829567 0.18297798
vt 0.79829567 0.19207022
vt 0.79832103 0.25415444
vt 0.80106466 0.19032684
vt 0.80106466 0.20347458
vt 0.80126331 0.21488750
vt 0.80126331 0.22397975
vt 0.80126331 0.23307199
vt 0.80157472 0.22747378
vt 0.80157472 0.23663579
vt 0.80277010 0.22241754
vt 0.80356854 1.7836656e-2
vt 0.80356854 0.13226737
vt 0.80390229 1.6301528e-2
vt 0.80390229 0.13073224
vt 0.80510102 0.21277304
vt 0.80510102 0.22389990
vt 0.80510102 0.22543768
vt 0.80510102 0.23656454
vt 0.80510102 0.24059019
vt 0.80510102 0.24212797
vt 0.80510102 0.25325483
vt 0.80515032 0.24092467
vt 0.80515032 0.25008668
vt 0.80522867 0.21973081
vt 0.80522867 0.20154632
vt 0.80522867 0.21063857
vt 0.80611045 0.23592877
vt 0.80629810 0.24356492
vt 0.80629810 0.24512261
vt 0.80629810 0.24668030
vt 0.80629810 0.24823798
vt 0.80629810 0.25108528
vt 0.80629810 0.25264296
vt 0.80629810 0.25420065
vt 0.80629810 0.25575834
vt 0.80656804 0.19032684
vt 0.80656804 0.20347458
vt 0.80663396 0.24274987
vt 0.80663396 0.24430755
vt 0.80663396 0.24586524
vt 0.80663396 0.24742293
vt 0.80663396 0.25027022
vt 0.80663396 0.25182791
vt 0.80663396 0.25338560
vt 0.80663396 0.25494328
vt 0.80696983 0.24084164
vt 0.80696983 0.24395701
vt 0.80696983 0.24836199
vt 0.80696983 0.25147737
vt 0.80696983 0.24239932
vt 0.80696983 0.24551470
vt 0.80696983 0.24707238
vt 0.80696983 0.24863007
vt 0.80696983 0.24991968
vt 0.80696983 0.25303505
vt 0.80696983 0.25459274
vt 0.80696983 0.25615043
vt 0.80732988 0.22125508
vt 0.80732988 0.23034732
vt 0.80732988 0.23943957
vt 0.80782395 0.22128538
vt 0.80782395 0.23044739
vt 0.80875486 0.21200783
vt 0.80875486 0.22313469
vt 0.80875486 0.22620288
vt 0.80875486 0.22869812
vt 0.80875486 0.23732974
vt 0.80875486 0.23982498
vt 0.80875486 0.25402004
vt 0.80904721 0.90619680
vt 0.80904721 0.66912716
vt 0.80912636 0.21633912
vt 0.81016255 0.20495776
vt 0.81016255 0.21554643
vt 0.81016255 0.20715099
vt 0.81016255 0.21773965
vt 0.81207142 0.19032684
vt 0.81207142 0.19305012
vt 0.81207142 0.19577340
vt 0.81207142 0.19849669
vt 0.81207142 0.20121997
vt 0.81207142 0.20347458
vt 0.81207142 0.20619786
vt 0.81207142 0.20892114
vt 0.81207142 0.21164443
vt 0.81207142 0.21436771
vt 0.81364759 0.24319307
vt 0.81364759 0.25235508
vt 0.81378833 0.21771055
vt 0.81378833 0.19952606
vt 0.81378833 0.20861830
vt 0.81456684 0.23834510
vt 0.81490468 0.20289380
vt 0.81490468 0.21402066
vt 0.81490468 0.23071095
vt 0.81490468 0.23531692
vt 0.81490468 0.24644378
vt 0.81490468 0.25200721
vt 0.81490468 0.26313407
vt 0.82021611 0.24356492
vt 0.82021611 0.24512261
vt 0.82021611 0.24668030
vt 0.82021611 0.24823798
vt 0.82021611 0.25108528
vt 0.82021611 0.25264296
vt 0.82021611 0.25420065
vt 0.82021611 0.25575834
vt 0.82055198 0.24274987
vt 0.82055198 0.24430755
vt 0.82055198 0.24586524
vt 0.82055198 0.24742293
vt 0.82055198 0.25027022
vt 0.82055198 0.25182791
vt 0.82055198 0.25338560
vt 0.82055198 0.25494328
vt 0.82088784 0.24084164
vt 0.82088784 0.24239932
vt 0.82088784 0.24395701
vt 0.82088784 0.24551470
vt 0.82088784 0.24707238
vt 0.82088784 0.24836199
vt 0.82088784 0.24863007
vt 0.82088784 0.24991968
vt 0.82088784 0.25147737
vt 0.82088784 0.25303505
vt 0.82088784 0.25459274
vt 0.82088784 0.25615043
vt 0.82221236 0.20845723
vt 0.82221236 0.21958409
vt 0.82221236 0.22514752
vt 0.82221236 0.22975349
vt 0.82221236 0.23627438
vt 0.82221236 0.24088035
vt 0.82221236 0.25757064
vt 0.82373318 0.19032684
vt 0.82373318 0.20347458
vt 0.82483241 0.65334196
vt 0.82483241 0.92198200
vt 0.82836219 0.20644440
vt 0.82836219 0.21757126
vt 0.82836219 0.23176631
vt 0.82836219 0.23426155
vt 0.82836219 0.24289318
vt 0.82836219 0.24845661
vt 0.82836219 0.25958347
vt 0.82863218 0.62058013
vt 0.82863218 0.94940517
vt 0.82923656 0.19032684
vt 0.82923656 0.20347458
vt 0.82975912 0.20495776
vt 0.82975912 0.21554643
vt 0.82975912 0.20715099
vt 0.82975912 0.21773965
vt 0.82989460 0.88079419
vt 0.82989460 0.69452977
vt 0.83003669 0.49165809
vt 0.83003669 0.56936138
vt 0.83112201 1.1547758e-2
vt 0.83112201 0.13855627
vt 0.83145576 1.0012630e-2
vt 0.83145576 0.13702114
vt 0.83201603 0.21833647
vt 0.83201603 0.21987425
vt 0.83201603 0.22946333
vt 0.83201603 0.23100111
vt 0.83201603 0.23502676
vt 0.83201603 0.24615362
vt 0.83201603 0.24769140
vt 0.83298731 0.59868542
vt 0.83298731 0.97129987
vt 0.83302980 0.31038907
vt 0.83302980 0.38809237
vt 0.83447000 0.24274987
vt 0.83447000 0.24430755
vt 0.83447000 0.24586524
vt 0.83447000 0.24742293
vt 0.83447000 0.25027022
vt 0.83447000 0.25182791
vt 0.83447000 0.25338560
vt 0.83447000 0.25494328
vt 0.83473994 0.19032684
vt 0.83473994 0.19305012
vt 0.83473994 0.19577340
vt 0.83473994 0.19849669
vt 0.83473994 0.20121997
vt 0.83473994 0.20347458
vt 0.83473994 0.20619786
vt 0.83473994 0.20892114
vt 0.83473994 0.21164443
vt 0.83473994 0.21436771
vt 0.83480586 0.24084164
vt 0.83480586 0.24239932
vt 0.83480586 0.24395701
vt 0.83480586 0.24551470
vt 0.83480586 0.24707238
vt 0.83480586 0.24836199
vt 0.83480586 0.24863007
vt 0.83480586 0.24991968
vt 0.83480586 0.25147737
vt 0.83480586 0.25303505
vt 0.83480586 0.25459274
vt 0.83480586 0.25615043
vt 0.84538560 0.72351140
vt 0.84538560 0.85181256
vt 0.84838801 0.24274987
vt 0.84838801 0.24430755
vt 0.84838801 0.24586524
vt 0.84838801 0.24742293
vt 0.84838801 0.25027022
vt 0.84838801 0.25182791
vt 0.84838801 0.25338560
vt 0.84838801 0.25494328
vt 0.84845603 0.89319655
vt 0.84845603 0.68212742
vt 0.84872388 0.24084164
vt 0.84872388 0.24239932
vt 0.84872388 0.24395701
vt 0.84872388 0.24551470
vt 0.84872388 0.24707238
vt 0.84872388 0.24836199
vt 0.84872388 0.24863007
vt 0.84872388 0.24991968
vt 0.84872388 0.25147737
vt 0.84872388 0.25303505
vt 0.84872388 0.25459274
vt 0.84872388 0.25615043
vt 0.84935568 0.20495776
vt 0.84935568 0.20715099
vt 0.84935568 0.21554643
vt 0.84935568 0.21773965
vt 0.85190508 0.19032684
vt 0.85190508 0.20347458
vt 0.85492491 0.82036566
vt 0.85492491 0.75495830
vt 0.85740846 0.19577340
vt 0.85740846 0.19849669
vt 0.85740846 0.20892114
vt 0.85740846 0.21164443
vt 0.85740846 0.19032684
vt 0.85740846 0.19305012
vt 0.85740846 0.20121997
vt 0.85740846 0.20347458
vt 0.85740846 0.20619786
vt 0.85740846 0.21436771
vt 0.85814595 0.78766198
vt 0.85867547 1.7836656e-2
vt 0.85867547 0.13226737
vt 0.85900922 1.6301528e-2
vt 0.85900922 0.13073224
vt 0.86007908 0.93986586
vt 0.86007908 0.63011944
vt 0.86264190 0.24084164
vt 0.86264190 0.24239932
vt 0.86264190 0.24395701
vt 0.86264190 0.24551470
vt 0.86264190 0.24707238
vt 0.86264190 0.24836199
vt 0.86264190 0.24863007
vt 0.86264190 0.24991968
vt 0.86264190 0.25147737
vt 0.86264190 0.25303505
vt 0.86264190 0.25459274
vt 0.86264190 0.25615043
vt 0.86600996 0.71496851
vt 0.86600996 0.86035545
vt 0.86859103 0.49165809
vt 0.86862197 0.96049021
vt 0.86862197 0.60949508
vt 0.86895225 0.20495776
vt 0.86895225 0.21554643
vt 0.86895225 0.20715099
vt 0.86895225 0.21773965
vt 0.87031783 0.40603128
vt 0.87158414 0.31038907
vt 0.87297026 0.56936138
vt 0.87469705 0.48373457
vt 0.87596336 0.38809237
vt 0.87655992 0.24084164
vt 0.87655992 0.24239932
vt 0.87655992 0.24395701
vt 0.87655992 0.24551470
vt 0.87655992 0.24707238
vt 0.87655992 0.24836199
vt 0.87655992 0.24863007
vt 0.87655992 0.24991968
vt 0.87655992 0.25147737
vt 0.87655992 0.25303505
vt 0.87655992 0.25459274
vt 0.87655992 0.25615043
vt 0.87681961 0.82472079
vt 0.87681961 0.75060317
vt 0.88007698 0.19032684
vt 0.88007698 0.19305012
vt 0.88007698 0.19577340
vt 0.88007698 0.19849669
vt 0.88007698 0.20121997
vt 0.88007698 0.20347458
vt 0.88007698 0.20619786
vt 0.88007698 0.20892114
vt 0.88007698 0.21164443
vt 0.88007698 0.21436771
vt 0.88046959 0.78766198
vt 0.88077164 3.5457758e-2
vt 0.88077164 0.11464627
vt 0.88110538 3.3922630e-2
vt 0.88110538 0.11311114
vt 0.88906071 0.64561044
vt 0.88906071 0.92437485
vt 0.89303408 6.0920988e-2
vt 0.89303408 8.9183041e-2
vt 0.89336783 5.9385860e-2
vt 0.89336783 8.7647913e-2
vt 0.90146306 0.62704901
vt 0.90146306 0.94293629
vt 0.91446332 0.90352747
vt 0.91446332 0.66645782
vt 0.91508812 2.7516465e-2
vt 0.91600316 0.57708323
vt 0.91600316 0.57708323
vt 0.91619256 0.54516652
vt 0.91619256 0.54516652
vt 0.91638196 0.51324980
vt 0.91638196 0.51324980
vt 0.91654929 2.6144488e-2
vt 0.91657136 0.48133309
vt 0.91657136 0.48133309
vt 0.91676076 0.44941638
vt 0.91676076 0.44941638
vt 0.91695016 0.41749966
vt 0.91695016 0.41749966
vt 0.91713956 0.38558295
vt 0.91713956 0.38558295
vt 0.91867220 9.2130369e-2
vt 0.91871978 4.7212800e-2
vt 0.91884990 0.54935337
vt 0.91884990 0.54935337
vt 0.91884990 0.54935337
vt 0.91884990 0.54935337
vt 0.91884990 0.54935337
vt 0.91885103 4.7612762e-2
vt 0.91889851 9.2115764e-2
vt 0.91898442 0.52668525
vt 0.91898442 0.52668525
vt 0.91898442 0.52668525
vt 0.91898442 0.52668525
vt 0.91898442 0.52668525
vt 0.91898442 0.52668525
vt 0.91898442 0.52668525
vt 0.91898442 0.52668525
vt 0.91911894 0.50401713
vt 0.91911894 0.50401713
vt 0.91911894 0.50401713
vt 0.91911894 0.50401713
vt 0.91911894 0.50401713
vt 0.91911894 0.50401713
vt 0.91911894 0.50401713
vt 0.91925345 0.48134901
vt 0.91925345 0.48134901
vt 0.91925345 0.48134901
vt 0.91925345 0.48134901
vt 0.91925345 0.48134901
vt 0.91925345 0.48134901
vt 0.91925345 0.48134901
vt 0.91925345 0.48134901
vt 0.91938797 0.45868089
vt 0.91938797 0.45868089
vt 0.91938797 0.45868089
vt 0.91938797 0.45868089
vt 0.91938797 0.45868089
vt 0.91938797 0.45868089
vt 0.91938797 0.45868089
vt 0.91952249 0.43601277
vt 0.91952249 0.43601277
vt 0.91952249 0.43601277
vt 0.91952249 0.43601277
vt 0.91952249 0.43601277
vt 0.91952249 0.43601277
vt 0.91952249 0.43601277
vt 0.91965700 0.41334464
vt 0.91965700 0.41334464
vt 0.91965700 0.41334464
vt 0.91965700 0.41334464
vt 0.91965700 0.41334464
vt 0.91965700 0.41334464
vt 0.91965700 0.41334464
vt 0.92064814 3.5142759e-2
vt 0.92075052 3.4276171e-2
vt 0.92320643 0.14814479
vt 0.92380734 0.14809564
vt 0.92400353 0.13339446
vt 0.92441110 0.13339049
vt 0.92683241 0.15647997
vt 0.92700356 1.5478991e-2
vt 0.92742524 0.17205202
vt 0.92745447 0.15642494
vt 0.92822511 0.17193680
vt 0.92833766 0.16255609
vt 0.92860584 1.5178529e-2
vt 0.92889933 0.18180326
vt 0.92899850 0.16255019
vt 0.92913629 0.18148473
vt 0.92947695 0.17863703
vt 0.92949653 0.18031252
vt 0.93016103 0.17996525
vt 0.93020566 0.17836227
vt 0.93024852 0.91931267
vt 0.93024852 0.65067262
vt 0.93040309 0.30127129
vt 0.93054373 0.30130892
vt 0.93132672 3.3010488e-2
vt 0.93165041 4.8012680e-2
vt 0.93171184 3.2631881e-2
vt 0.93171742 9.1283595e-2
vt 0.93173356 4.7767158e-2
vt 0.93188544 9.1218456e-2
vt 0.93199741 0.54943139
vt 0.93199741 0.54943139
vt 0.93199741 0.54943139
vt 0.93199741 0.54943139
vt 0.93213193 0.52676327
vt 0.93213193 0.52676327
vt 0.93213193 0.52676327
vt 0.93213193 0.52676327
vt 0.93213193 0.52676327
vt 0.93226645 0.50409515
vt 0.93226645 0.50409515
vt 0.93226645 0.50409515
vt 0.93226645 0.50409515
vt 0.93226645 0.50409515
vt 0.93226645 0.50409515
vt 0.93226645 0.50409515
vt 0.93226645 0.50409515
vt 0.93232901 0.26296223
vt 0.93240096 0.48142703
vt 0.93240096 0.48142703
vt 0.93240096 0.48142703
vt 0.93240096 0.48142703
vt 0.93240096 0.48142703
vt 0.93240096 0.48142703
vt 0.93253548 0.45875891
vt 0.93253548 0.45875891
vt 0.93253548 0.45875891
vt 0.93253548 0.45875891
vt 0.93253548 0.45875891
vt 0.93253548 0.45875891
vt 0.93253548 0.45875891
vt 0.93260749 0.26300703
vt 0.93267000 0.43609078
vt 0.93267000 0.43609078
vt 0.93267000 0.43609078
vt 0.93267000 0.43609078
vt 0.93267000 0.43609078
vt 0.93267000 0.43609078
vt 0.93267000 0.43609078
vt 0.93280451 0.41342266
vt 0.93280451 0.41342266
vt 0.93280451 0.41342266
vt 0.93280451 0.41342266
vt 0.93280451 0.41342266
vt 0.93280451 0.41342266
vt 0.93395162 0.13307314
vt 0.93433991 0.14688631
vt 0.93439299 0.13296970
vt 0.93451485 0.57719308
vt 0.93451485 0.57719308
vt 0.93470425 0.54527637
vt 0.93470425 0.54527637
vt 0.93489365 0.51335966
vt 0.93489365 0.51335966
vt 0.93491065 0.14678921
vt 0.93508305 0.48144294
vt 0.93508305 0.48144294
vt 0.93515928 0.22777282
vt 0.93519066 0.15475776
vt 0.93527245 0.44952623
vt 0.93527245 0.44952623
vt 0.93531070 0.69186043
vt 0.93531070 0.87812486
vt 0.93546185 0.41760951
vt 0.93546185 0.41760951
vt 0.93556435 0.22782804
vt 0.93565125 0.38569280
vt 0.93565125 0.38569280
vt 0.93567837 0.18611741
vt 0.93581322 0.16236185
vt 0.93581568 0.15466707
vt 0.93592264 0.17170724
vt 0.93601255 0.18614593
vt 0.93612144 0.18135880
vt 0.93618983 0.17870417
vt 0.93635408 0.21233266
vt 0.93649116 0.16227559
vt 0.93664601 0.17163209
vt 0.93672791 0.18129268
vt 0.93681471 0.21239228
vt 0.93685138 0.33193819
vt 0.93685325 0.17863209
vt 0.93688163 0.33199882
vt 0.93703360 0.20719985
vt 0.93746691 0.20400410
vt 0.93751269 0.20726195
vt 0.93795750 0.20406777
vt 0.93800912 0.19205228
vt 0.93814594 0.19880190
vt 0.93854271 0.19211799
vt 0.93865524 0.19886805
vt 0.94462595 0.18119160
vt 0.94462595 0.18341816
vt 0.94462595 0.17865258
vt 0.94462595 0.17149286
vt 0.94462595 0.16191432
vt 0.94462595 0.15434161
vt 0.94462595 0.14635843
vt 0.94462595 3.2495996e-2
vt 0.94462595 0.13262222
vt 0.94462595 4.7909899e-2
vt 0.94462595 9.0996945e-2
vt 0.94462595 1.9414107e-2
vt 0.95080170 0.72084206
vt 0.95080170 0.84914323
vt 0.95141260 0.17882349
vt 0.95143936 0.18147887
vt 0.95178944 0.17183161
vt 0.95180779 0.18624384
vt 0.95204534 0.16248909
vt 0.95239866 0.17863209
vt 0.95252399 0.18129268
vt 0.95260590 0.17163209
vt 0.95276075 0.16227559
vt 0.95278702 0.15489569
vt 0.95323936 0.18614593
vt 0.95343623 0.15466707
vt 0.95376106 0.14703854
vt 0.95387213 0.67945808
vt 0.95387213 0.89052721
vt 0.95434125 0.14678921
vt 0.95436584 0.13323316
vt 0.95485892 0.13296970
vt 0.95540902 0.19873978
vt 0.95549726 0.19198936
vt 0.95591843 0.19886805
vt 0.95603096 0.19211799
vt 0.95612546 0.20393696
vt 0.95658176 0.20712951
vt 0.95661617 0.20406777
vt 0.95706098 0.20726195
vt 0.95725486 9.1483770e-2
vt 0.95729821 0.21225730
vt 0.95736647 9.1218456e-2
vt 0.95760149 4.8012680e-2
vt 0.95766165 0.33186331
vt 0.95769204 0.33199882
vt 0.95775897 0.21239228
vt 0.95792088 4.7972427e-2
vt 0.95792519 3.3010488e-2
vt 0.95807986 0.18053657
vt 0.95812571 0.17886159
vt 0.95817987 3.2839350e-2
vt 0.95860409 0.22768846
vt 0.95865362 0.18203648
vt 0.95900932 0.22782804
vt 0.95904624 0.17836227
vt 0.95909088 0.17996525
vt 0.95951693 0.16280049
vt 0.96011561 0.18148473
vt 0.96025341 0.16255019
vt 0.96028039 0.17230956
vt 0.96034102 0.75228896
vt 0.96034102 0.81769633
vt 0.96102680 0.17193680
vt 0.96111725 0.15674871
vt 0.96155908 1.5436833e-2
vt 0.96168752 0.26285659
vt 0.96179743 0.15642494
vt 0.96196619 0.26300703
vt 0.96224835 1.5478991e-2
vt 0.96356205 0.78499265
vt 0.96388908 0.30115079
vt 0.96402994 0.30130892
vt 0.96430767 0.13371038
vt 0.96484081 0.13339049
vt 0.96487345 0.14847140
vt 0.96544457 0.14809564
vt 0.96860376 3.5142759e-2
vt 0.96911406 3.4655268e-2
vt 0.97021150 0.58950409
vt 0.97021150 0.35847914
vt 0.97021150 0.60875617
vt 0.97021150 0.45473953
vt 0.97021150 0.47399161
vt 0.97021150 0.57025201
vt 0.97021150 0.37773122
vt 0.97021150 0.53174785
vt 0.97021150 0.49324369
vt 0.97021150 0.62800825
vt 0.97021150 0.41623538
vt 0.97021150 0.51249577
vt 0.97021150 0.39698330
vt 0.97021150 0.43548745
vt 0.97021150 0.55099993
vt 0.97028520 9.2534937e-2
vt 0.97035340 9.2115764e-2
vt 0.97040087 4.7612762e-2
vt 0.97094175 4.7622141e-2
vt 0.97142606 0.71229918
vt 0.97142606 0.85768612
vt 0.97344225 2.6590442e-2
vt 0.97416378 2.7516465e-2
vt 0.98223572 0.74793384
vt 0.98223572 0.82205146
vt 0.98588569 0.78499265
vt 0.98786118 0.53174785
vt 0.98786118 0.51249577
vt 0.98786118 0.45473953
vt 0.98786118 0.58950409
vt 0.98786118 0.60875617
vt 0.98786118 0.47399161
vt 0.98786118 0.49324369
vt 0.98786118 0.39698330
vt 0.98786118 0.41623538
vt 0.98786118 0.55099993
vt 0.98786118 0.37773122
vt 0.98786118 0.35847914
vt 0.98786118 0.57025201
vt 0.98786118 0.62800825
vt 0.98786118 0.43548745
vn -0.51113840 0.68471289 0.51952458
vn -0.54920867 -0.56140391 0.61902786
vn 6.2722161e-2 -0.68580389 -0.72507859
vn 1.1642552e-2 0.79104450 -0.61164782
vn -0.29477697 0.70710576 0.64273477
vn -0.34151288 -0.57232432 0.74552922
vn 0.29181194 -0.70710592 -0.64408618
vn 0.23588531 0.82002580 -0.52145547
vn -1.5392800e-2 0.67642983 0.73634622
vn -6.4893789e-2 -0.55483409 0.82942626
vn 0.54160657 -0.67747468 -0.49768502
vn 0.48933995 0.78165679 -0.38672868
vn -0.52408033 0.68178165 0.51040532
vn -0.56157668 -0.55861531 0.61039378
vn 4.8320968e-2 -0.68312671 -0.72869951
vn -3.0130570e-3 0.78831676 -0.61526223
vn -0.29550502 0.70710457 0.64240167
vn -0.34256291 -0.57102468 0.74604388
vn 0.29116018 -0.70710495 -0.64438214
vn 0.23467111 0.82092956 -0.52058057
vn -3.9685003e-2 0.68144774 0.73079004
vn -9.0376631e-2 -0.55843756 0.82460873
vn 0.51988645 -0.68275430 -0.51338547
vn 0.46791582 0.78784058 -0.40045225
vn -0.31029668 0.70698168 0.63552567
vn -0.35326196 -0.58457890 0.73039271
vn 0.27606615 -0.70698171 -0.65112545
vn 0.22552678 0.81112442 -0.53964326
vn -0.19213768 0.70288034 0.68486666
vn -0.23691166 -0.58029266 0.77918758
vn 0.39048205 -0.70291034 -0.59450889
vn 0.33850376 0.80727619 -0.48344633
vn -0.59592175 0.66146857 0.45534229
vn -0.57170390 -0.60053323 0.55902995
vn 7.1281454e-2 -0.68732226 -0.72284650
vn -1.3397998e-2 0.74577735 -0.66606054
vn 0.37499036 0.53402553 0.75775917
vn -0.20969070 -0.97308674 -9.5561560e-2
vn 0.27234675 -0.51507001 0.81273005
vn 0.19384179 -7.5550201e-16 -0.98103280
vn 0.72636572 -0.60237817 -0.33095828
vn 0.74579478 0.62661251 -0.22615683
vn -1.3388864e-3 -0.99999892 -6.1016568e-4
vn 0.41335391 -2.1471450e-16 -0.91057045
vn 0.24688290 -0.96249161 0.11251102
vn 0.64602167 -3.7337244e-16 -0.76331907
vn -0.22235425 -0.96968566 -0.10133267
vn 0.17976784 -3.1831290e-16 -0.98370906
vn -1.9529963e-3 -0.99999770 -8.9003167e-4
vn 0.41273929 -1.6747102e-17 -0.91084921
vn 0.22405695 -0.96921221 0.10210863
vn 0.62598270 1.6645188e-16 -0.77983694
vn -1.6135916e-2 -0.99984277 -7.3535605e-3
vn 0.39849212 1.1704207e-16 -0.91717175
vn 9.3389981e-2 -0.99471953 4.2560266e-2
vn 0.50589345 -8.8145731e-17 -0.86259598
vn -0.18756807 -0.97852514 -8.5479693e-2
vn 0.21821969 -1.5508141e-17 -0.97589967
vn 0.43606439 -0.87769917 0.19872599
vn 0.80004030 -6.3958365e-16 -0.59994626
vn 0.41385262 0.79104450 0.45052703
vn 0.52725264 -0.68580389 0.50167487
vn -0.82147839 -0.56140391 -9.9994540e-2
vn -0.72704979 0.68471289 -5.0664148e-2
vn 0.52211270 0.82002580 0.23442699
vn 0.64523771 -0.70710592 0.28925683
vn -0.74966467 -0.57232432 -0.33233680
vn -0.64656395 0.70710576 -0.28628046
vn 0.62276017 0.78165679 -3.4386422e-2
vn 0.73541053 -0.67747468 1.4121378e-2
vn -0.59799518 -0.55483409 -0.57841239
vn -0.49925731 0.67642983 -0.54146544
vn 0.40526687 0.78831676 0.46294217
vn 0.51886181 -0.68312671 0.51392637
vn -0.82502549 -0.55861531 -8.5333939e-2
vn -0.73070550 0.68178165 -3.5259919e-2
vn 0.52062354 0.82092956 0.23457576
vn 0.64494545 -0.70710495 0.28991026
vn -0.75079223 -0.57102468 -0.33202688
vn -0.64688877 0.70710457 -0.28554868
vn 0.61579941 0.78784058 -9.9144483e-3
vn 0.72953743 -0.68275430 4.0270459e-2
vn -0.61389565 -0.55843756 -0.55792438
vn -0.51377654 0.68144774 -0.52121268
vn 0.52639906 0.81112442 0.25491410
vn 0.63810369 -0.70698171 0.30495992
vn -0.74844113 -0.58457890 -0.31321461
vn -0.65341611 0.70698168 -0.27059988
vn 0.57381743 0.80727619 0.13798083
vn 0.68632213 -0.70291034 0.18675918
vn -0.69359271 -0.58029266 -0.42683671
vn -0.59757435 0.70288034 -0.38582914
vn 0.43113330 0.74577735 0.50787816
vn 0.53218671 -0.68732226 0.49433330
vn -0.79859140 -0.60053323 -4.0144980e-2
vn -0.74805668 0.66146857 5.3577371e-2
vn 0.79501923 3.0220080e-17 0.60658423
vn 0.70853664 0.62661251 -0.32454981
vn -9.3801526e-2 -0.97308674 0.21048391
vn 0.76339679 -0.60237817 -0.23316493
vn -0.33428008 -0.51507001 -0.78927797
vn -0.22097039 0.53402553 -0.81608138
vn 0.91280351 -3.3033000e-17 0.40839902
vn -5.9892777e-4 -0.99999892 1.3439510e-3
vn 0.98958195 2.9869796e-17 0.14397071
vn 0.11043882 -0.96249161 -0.24781680
vn 0.78624786 -4.5473271e-17 0.61791125
vn -9.9466345e-2 -0.96968566 0.22319536
vn 0.91252768 -8.3735508e-17 0.40901495
vn -8.7363925e-4 -0.99999770 1.9603840e-3
vn 0.98550977 0.0000000e+0 0.16961867
vn 0.10022802 -0.96921221 -0.22490450
vn 0.90604168 -7.3151297e-17 0.42318846
vn -7.2181241e-3 -0.99984277 1.6196954e-2
vn 0.95035662 -1.1752764e-16 0.31116281
vn 4.1776400e-2 -0.99471953 -9.3743251e-2
vn 0.80988286 -1.6283548e-16 0.58659163
vn -8.3905346e-2 -0.97852514 0.18827759
vn 0.99675932 7.8960944e-18 -8.0441632e-2
vn 0.19506590 -0.87769917 -0.43771391
vn 2.2305303e-2 0.79104450 -0.61135184
vn -2.2403310e-2 -0.68580389 -0.72744149
vn 0.51402367 -0.56140391 0.64854091
vn 0.48153177 0.68471289 0.54707898
vn -0.20659540 0.82002580 -0.53373779
vn -0.25563323 -0.70710592 -0.65928209
vn 0.29963028 -0.57232432 0.76332599
vn 0.25866866 0.70710576 0.65809723
vn -0.46713347 0.78165679 -0.41327834
vn -0.51316453 -0.67747468 -0.52696321
vn 1.8783118e-2 -0.55483409 0.83174896
vn -2.5478221e-2 0.67642983 0.73606627
vn 3.7138847e-2 0.78831676 -0.61414770
vn -7.8234294e-3 -0.68312671 -0.73025796
vn 0.52685160 -0.55861531 0.64060622
vn 0.49495964 0.68178165 0.53869169
vn -0.20543160 0.82092956 -0.53279688
vn -0.25496605 -0.70710495 -0.65954143
vn 0.30065015 -0.57102468 0.76389810
vn 0.25941407 0.70710457 0.65780503
vn -0.44498104 0.78784058 -0.42579231
vn -0.49060690 -0.68275430 -0.54143461
vn 4.4493964e-2 -0.55843756 0.82835245
vn -9.1520552e-4 0.68144774 0.73186621
vn -0.19524389 0.81112442 -0.55132295
vn -0.23952119 -0.70698171 -0.66543705
vn 0.31220094 -0.58457890 0.74886453
vn 0.27456438 0.70698168 0.65176016
vn -0.31116432 0.80727619 -0.50147973
vn -0.35690161 -0.70291034 -0.61525466
vn 0.19332301 -0.58029266 0.79112998
vn 0.15385023 0.70288034 0.69447055
vn 5.0325731e-2 0.74577735 -0.66429170
vn -3.1073244e-2 -0.68732226 -0.72568765
vn 0.53981253 -0.60053323 0.58988327
vn 0.56974495 0.66146857 0.48769870
vn -0.13912250 1.0274827e-15 -0.99027518
vn -0.73210080 0.62661251 -0.26718005
vn 0.21466891 -0.97308674 -8.3782245e-2
vn -0.70688801 -0.60237817 -0.37074234
vn -0.31701194 -0.51507001 0.79637071
vn -0.41644811 0.53402553 0.73579053
vn -0.36220536 9.9099001e-17 -0.93209832
vn 1.3706725e-3 -0.99999892 -5.3495412e-4
vn -0.60268334 -5.9739591e-17 -0.79798045
vn -0.25274407 -0.96249161 9.8642445e-2
vn -0.12492176 -1.0610430e-16 -0.99216660
vn 0.22763309 -0.96968566 -8.8841984e-2
vn -0.36157623 -1.1722971e-16 -0.93234255
vn 1.9993617e-3 -0.99999770 -7.8032267e-4
vn -0.58175893 0.0000000e+0 -0.81336127
vn -0.22937621 -0.96921221 8.9522298e-2
vn -0.34700027 -4.3890778e-17 -0.93786503
vn 1.6518993e-2 -0.99984277 -6.4471300e-3
vn -0.45726370 -5.8763821e-17 -0.88933116
vn -9.5607122e-2 -0.99471953 3.7314111e-2
vn -0.16374761 2.7139247e-17 -0.98650227
vn 0.19202106 -0.97852514 -7.4943111e-2
vn -0.76552759 7.9355749e-16 -0.64340307
vn -0.44641686 -0.87769917 0.17423020
vn 1.2023704e-2 -0.67923297 -0.73382423
vn 1.2023704e-2 0.67923297 -0.73382423
vn 0.50592990 0.67923297 0.53167425
vn 0.50592990 -0.67923297 0.53167425
vn -0.53758253 -0.67107024 -0.51055828
vn -0.53758253 0.67107024 -0.51055828
vn -4.9611889e-2 0.67107024 0.73973197
vn -4.9611889e-2 -0.67107024 0.73973197
vn -0.23159097 -0.70684387 -0.66838414
vn -0.23159097 0.70684387 -0.66838414
vn 0.28239257 0.70684387 0.64855700
vn 0.28239257 -0.70684387 0.64855700
vn -0.36367308 -0.70230943 -0.61196680
vn -0.36367308 0.70230943 -0.61196680
vn 0.14701323 0.70230943 0.69652608
vn 0.14701323 -0.70230943 0.69652608
vn -6.9871536e-2 -0.69344299 -0.71711560
vn -6.9871536e-2 0.69344299 -0.71711560
vn 0.43436752 0.69344299 0.57485796
vn 0.43436752 -0.69344299 0.57485796
vn -0.37165723 -0.70154681 -0.60803205
vn -0.37165723 0.70154681 -0.60803205
vn 0.13847453 0.70154681 0.69903997
vn 0.13847453 -0.70154681 0.69903997
vn -0.19296319 -0.70546076 -0.68197530
vn -0.19296319 0.70546076 -0.68197530
vn 0.32001462 0.70546076 0.63238892
vn 0.32001462 -0.70546076 0.63238892
vn 0.52435687 -0.47049448 -0.70970756
vn 0.52435687 0.47049448 -0.70970756
vn 0.86647828 0.47049448 0.16688423
vn 0.86647828 -0.47049448 0.16688423
vn -2.2305303e-2 0.79104450 0.61135184
vn 2.2403310e-2 -0.68580389 0.72744149
vn -0.51402367 -0.56140391 -0.64854091
vn -0.48153177 0.68471289 -0.54707898
vn 0.20659540 0.82002580 0.53373779
vn 0.25563323 -0.70710592 0.65928209
vn -0.29963028 -0.57232432 -0.76332599
vn -0.25866866 0.70710576 -0.65809723
vn 0.46713347 0.78165679 0.41327834
vn 0.51316453 -0.67747468 0.52696321
vn -1.8783118e-2 -0.55483409 -0.83174896
vn 2.5478221e-2 0.67642983 -0.73606627
vn -3.7138847e-2 0.78831676 0.61414770
vn 7.8234294e-3 -0.68312671 0.73025796
vn -0.52685160 -0.55861531 -0.64060622
vn -0.49495964 0.68178165 -0.53869169
vn 0.20543160 0.82092956 0.53279688
vn 0.25496605 -0.70710495 0.65954143
vn -0.30065015 -0.57102468 -0.76389810
vn -0.25941407 0.70710457 -0.65780503
vn 0.44498104 0.78784058 0.42579231
vn 0.49060690 -0.68275430 0.54143461
vn -4.4493964e-2 -0.55843756 -0.82835245
vn 9.1520552e-4 0.68144774 -0.73186621
vn 0.19524389 0.81112442 0.55132295
vn 0.23952119 -0.70698171 0.66543705
vn -0.31220094 -0.58457890 -0.74886453
vn -0.27456438 0.70698168 -0.65176016
vn 0.31116432 0.80727619 0.50147973
vn 0.35690161 -0.70291034 0.61525466
vn -0.19332301 -0.58029266 -0.79112998
vn -0.15385023 0.70288034 -0.69447055
vn -5.0325731e-2 0.74577735 0.66429170
vn 3.1073244e-2 -0.68732226 0.72568765
vn -0.53981253 -0.60053323 -0.58988327
vn -0.56974495 0.66146857 -0.48769870
vn 0.13912250 -6.0440161e-17 0.99027518
vn 0.73210080 0.62661251 0.26718005
vn -0.21466891 -0.97308674 8.3782245e-2
vn 0.70688801 -0.60237817 0.37074234
vn 0.31701194 -0.51507001 -0.79637071
vn 0.41644811 0.53402553 -0.73579053
vn 0.36220536 -4.9549500e-17 0.93209832
vn -1.3706725e-3 -0.99999892 5.3495412e-4
vn 0.60268334 -2.5389326e-16 0.79798045
vn 0.25274407 -0.96249161 -9.8642445e-2
vn 0.12492176 -4.6989047e-16 0.99216660
vn -0.22763309 -0.96968566 8.8841984e-2
vn 0.36157623 -2.1771232e-16 0.93234255
vn -1.9993617e-3 -0.99999770 7.8032267e-4
vn 0.58175893 -4.5395968e-17 0.81336127
vn 0.22937621 -0.96921221 -8.9522298e-2
vn 0.34700027 -4.3890778e-17 0.93786503
vn -1.6518993e-2 -0.99984277 6.4471300e-3
vn 0.45726370 4.4072866e-17 0.88933116
vn 9.5607122e-2 -0.99471953 -3.7314111e-2
vn 0.16374761 6.2032564e-17 0.98650227
vn -0.19202106 -0.97852514 7.4943111e-2
vn 0.76552759 -5.9220708e-17 0.64340307
vn 0.44641686 -0.87769917 -0.17423020
vn -1.2023704e-2 -0.67923297 0.73382423
vn -1.2023704e-2 0.67923297 0.73382423
vn -0.50592990 0.67923297 -0.53167425
vn -0.50592990 -0.67923297 -0.53167425
vn 0.53758253 -0.67107024 0.51055828
vn 0.53758253 0.67107024 0.51055828
vn 4.9611889e-2 0.67107024 -0.73973197
vn 4.9611889e-2 -0.67107024 -0.73973197
vn 0.23159097 -0.70684387 0.66838414
vn 0.23159097 0.70684387 0.66838414
vn -0.28239257 0.70684387 -0.64855700
vn -0.28239257 -0.70684387 -0.64855700
vn 0.36367308 -0.70230943 0.61196680
vn 0.36367308 0.70230943 0.61196680
vn -0.14701323 0.70230943 -0.69652608
vn -0.14701323 -0.70230943 -0.69652608
vn 6.9871536e-2 -0.69344299 0.71711560
vn 6.9871536e-2 0.69344299 0.71711560
vn -0.43436752 0.69344299 -0.57485796
vn -0.43436752 -0.69344299 -0.57485796
vn 0.37165723 -0.70154681 0.60803205
vn 0.37165723 0.70154681 0.60803205
vn -0.13847453 0.70154681 -0.69903997
vn -0.13847453 -0.70154681 -0.69903997
vn 0.19296319 -0.70546076 0.68197530
vn 0.19296319 0.70546076 0.68197530
vn -0.32001462 0.70546076 -0.63238892
vn -0.32001462 -0.70546076 -0.63238892
vn -0.52435687 -0.47049448 0.70970756
vn -0.52435687 0.47049448 0.70970756
vn -0.86647828 0.47049448 -0.16688423
vn -0.86647828 -0.47049448 -0.16688423
vn -0.52378841 0.68471289 -0.50676816
vn -0.62360712 -0.56140391 -0.54400350
vn 0.72557860 -0.68580389 5.6645626e-2
vn 0.61172389 0.79104450 6.5180745e-3
vn -0.64518170 0.70710576 -0.28938213
vn -0.74836408 -0.57232432 -0.33525524
vn 0.64650823 -0.70710592 0.28640588
vn 0.52341329 0.82002580 0.23150855
vn -0.73644933 0.67642983 -9.2235324e-3
vn -0.82994080 -0.55483409 -5.7943008e-2
vn 0.50220486 -0.67747468 0.53741822
vn 0.39081455 0.78165679 0.48608297
vn -0.51477789 0.68178165 -0.51978603
vn -0.61507696 -0.55861531 -0.55644341
vn 0.72907875 -0.68312671 4.2214605e-2
vn 0.61521540 0.78831676 -8.1672998e-3
vn -0.64485471 0.70710457 -0.29011294
vn -0.74888751 -0.57102468 -0.33630092
vn 0.64679872 -0.70710495 0.28575166
vn 0.52252826 0.82092956 0.23030172
vn -0.73109686 0.68144774 -3.3561430e-2
vn -0.82533692 -0.55843756 -8.3465314e-2
vn 0.51772280 -0.68275430 0.51556733
vn 0.40435815 0.78784058 0.46454462
vn -0.63810287 0.70698168 -0.30496169
vn -0.73332652 -0.58457890 -0.34713071
vn 0.65341534 -0.70698171 0.27060167
vn 0.54151367 0.81112442 0.22099801
vn -0.68645226 0.70288034 -0.18639348
vn -0.78114496 -0.58029266 -0.23037572
vn 0.59775929 -0.70291034 0.38548786
vn 0.48626518 0.80727619 0.33444182
vn -0.46031863 0.66146857 -0.59208622
vn -0.56379978 -0.60053323 -0.56700057
vn 0.72341830 -0.68732226 6.5223319e-2
vn 0.66592492 0.74577735 -1.8977438e-2
vn -0.75459111 0.53402553 0.38132532
vn 9.3801526e-2 -0.97308674 -0.21048391
vn -0.81041995 -0.51507001 0.27914582
vn 0.98262228 -1.5110040e-16 0.18561640
vn 0.33703178 -0.60237817 0.72356763
vn 0.23239677 0.62661251 0.74387398
vn 5.9892777e-4 -0.99999892 -1.3439510e-3
vn 0.91400136 -8.2582501e-17 0.40571111
vn -0.11043882 -0.96249161 0.24781680
vn 0.76870432 -4.3311204e-16 0.63960431
vn 9.9466345e-2 -0.96968566 -0.22319536
vn 0.98518055 -5.6083701e-16 0.17152053
vn 8.7363925e-4 -0.99999770 -1.9603840e-3
vn 0.91427496 -8.3735508e-17 0.40509418
vn -0.10022802 -0.96921221 0.22490450
vn 0.78505374 1.0592392e-16 0.61942766
vn 7.2181241e-3 -0.99984277 -1.6196954e-2
vn 0.92047793 1.4630259e-17 0.39079455
vn -4.1776400e-2 -0.99471953 9.3743251e-2
vn 0.86680382 5.8763821e-17 0.49864931
vn 8.3905346e-2 -0.97852514 -0.18827759
vn 0.97769356 5.0401459e-17 0.21003645
vn -0.19506590 -0.87769917 0.43771391
vn 0.60662753 1.6581798e-16 0.79498619
vn -0.50725146 -0.67923297 -0.53041354
vn -0.50725146 0.67923297 -0.53041354
vn 0.73357599 0.67923297 2.2557499e-2
vn 0.73357599 -0.67923297 2.2557499e-2
vn -0.74124782 -0.67107024 1.4710666e-2
vn -0.74124782 0.67107024 1.4710666e-2
vn 0.48466789 0.67107024 0.56103634
vn 0.48466789 -0.67107024 0.56103634
vn -0.63453450 -0.70684387 -0.31263030
vn -0.63453450 0.70684387 -0.31263030
vn 0.65673272 0.70684387 0.26281908
vn 0.65673272 -0.70684387 0.26281908
vn -0.68882758 -0.70230943 -0.17966089
vn -0.68882758 0.70230943 -0.17966089
vn 0.59415609 0.70230943 0.39209694
vn 0.59415609 -0.70230943 0.39209694
vn -0.55375829 -0.69344299 -0.46096483
vn -0.55375829 0.69344299 -0.46096483
vn 0.71302811 0.69344299 0.10357474
vn 0.71302811 -0.69344299 0.10357474
vn -0.69174090 -0.70154681 -0.17125010
vn -0.69174090 0.70154681 -0.17125010
vn 0.58984961 0.70154681 0.39988688
vn 0.58984961 -0.70154681 0.39988688
vn -0.61661214 -0.70546076 -0.34944896
vn -0.61661214 0.70546076 -0.34944896
vn 0.67212842 0.70546076 0.22487441
vn 0.67212842 -0.70546076 0.22487441
vn -0.12588225 -0.47049448 -0.87337770
vn -0.12588225 0.47049448 -0.87337770
vn 0.73362029 0.47049448 -0.49034297
vn 0.73362029 -0.47049448 -0.49034297
vn 0.50725146 -0.67923297 0.53041354
vn 0.50725146 0.67923297 0.53041354
vn -0.73357599 0.67923297 -2.2557499e-2
vn -0.73357599 -0.67923297 -2.2557499e-2
vn 0.74124782 -0.67107024 -1.4710666e-2
vn 0.74124782 0.67107024 -1.4710666e-2
vn -0.48466789 0.67107024 -0.56103634
vn -0.48466789 -0.67107024 -0.56103634
vn 0.63453450 -0.70684387 0.31263030
vn 0.63453450 0.70684387 0.31263030
vn -0.65673272 0.70684387 -0.26281908
vn -0.65673272 -0.70684387 -0.26281908
vn 0.68882758 -0.70230943 0.17966089
vn 0.68882758 0.70230943 0.17966089
vn -0.59415609 0.70230943 -0.39209694
vn -0.59415609 -0.70230943 -0.39209694
vn 0.55375829 -0.69344299 0.46096483
vn 0.55375829 0.69344299 0.46096483
vn -0.71302811 0.69344299 -0.10357474
vn -0.71302811 -0.69344299 -0.10357474
vn 0.69174090 -0.70154681 0.17125010
vn 0.69174090 0.70154681 0.17125010
vn -0.58984961 0.70154681 -0.39988688
vn -0.58984961 -0.70154681 -0.39988688
vn 0.61661214 -0.70546076 0.34944896
vn 0.61661214 0.70546076 0.34944896
vn -0.67212842 0.70546076 -0.22487441
vn -0.67212842 -0.70546076 -0.22487441
vn 0.12588225 -0.47049448 0.87337770
vn 0.12588225 0.47049448 0.87337770
vn -0.73362029 0.47049448 0.49034297
vn -0.73362029 -0.47049448 0.49034297
vn -0.72874775 0.68471289 9.7457569e-3
vn -0.82579815 -0.56140391 5.3694211e-2
vn 0.55459932 -0.68580389 -0.47126704
vn 0.43850535 0.79104450 -0.42656964
vn -0.66162355 0.70710576 0.24951097
vn -0.76714848 -0.57232432 0.28970343
vn 0.66046658 -0.70710592 -0.25255714
vn 0.53445617 0.82002580 -0.20472979
vn -0.52888322 0.67642983 0.51256729
vn -0.62954051 -0.55483409 0.54390980
vn 0.73504267 -0.67747468 2.7208943e-2
vn 0.61984548 0.78165679 6.9312586e-2
vn -0.73153242 0.68178165 -5.8394933e-3
vn -0.82851616 -0.55861531 3.8857514e-2
vn 0.54690990 -0.68312671 -0.48397052
vn 0.43063052 0.78831676 -0.43944744
vn -0.66190674 0.70710457 0.24876210
vn -0.76825685 -0.57102468 0.28933066
vn 0.66021149 -0.70710495 -0.25322596
vn 0.53297772 0.82092956 -0.20496198
vn -0.54224192 0.68144774 0.49153096
vn -0.64426507 -0.55843756 0.52256101
vn 0.73064764 -0.68275430 7.7125345e-4
vn 0.61427031 0.78784058 4.4488263e-2
vn -0.66758411 0.70698168 0.23347027
vn -0.76485277 -0.58457890 0.27068016
vn 0.65422586 -0.70698171 -0.26863616
vn 0.53988652 0.81112442 -0.22494380
vn -0.61830295 0.70288034 0.35165423
vn -0.71647310 -0.58029266 0.38720371
vn 0.69572884 -0.70291034 -0.14791360
vn 0.58066189 0.80727619 -0.10553165
vn -0.74386622 0.66146857 -9.5511145e-2
vn -0.79958554 -0.60053323 -4.7752978e-3
vn 0.55911322 -0.68732226 -0.46365992
vn 0.45898016 0.74577735 -0.48285956
vn -0.26646084 0.53402553 0.80238105
vn -8.1830548e-2 -0.97308674 -0.21542044
vn -0.37808609 -0.51507001 0.76925535
vn 0.82783592 -3.1731084e-16 -0.56097031
vn 0.74909467 -0.60237817 0.27567683
vn 0.68918805 0.62661251 0.36383594
vn -5.2249243e-4 -0.99999892 -1.3754710e-3
vn 0.93430217 -8.2582501e-17 -0.35648205
vn 9.6344582e-2 -0.96249161 0.25362890
vn 0.99610645 -2.5389326e-16 -8.8158571e-2
vn -8.6772421e-2 -0.96968566 -0.22843001
vn 0.81971463 -3.9410168e-16 -0.57277214
vn -7.6214515e-4 -0.99999770 -2.0063613e-3
vn 0.93406138 -2.0096522e-16 -0.35711251
vn 8.7436888e-2 -0.96921221 0.23017923
vn 0.99348135 -7.5659946e-17 -0.11399477
vn -6.2969449e-3 -0.99984277 -1.6576825e-2
vn 0.92838175 -2.9260519e-17 -0.37162795
vn 3.6444883e-2 -0.99471953 9.5941832e-2
vn 0.96633424 7.3454776e-17 -0.25729000
vn -7.3197321e-2 -0.97852514 -0.19269331
vn 0.84155310 4.6524423e-17 -0.54017440
vn 0.17017153 -0.87769917 0.44797971
vn 0.99066725 -2.7241526e-16 0.13630263
vn -0.73368489 -0.67923297 -1.8683094e-2
vn -0.73368489 0.67923297 -1.8683094e-2
vn 0.53624396 0.67923297 -0.50108381
vn 0.53624396 -0.67923297 -0.50108381
vn -0.51541613 -0.67107024 0.53292678
vn -0.51541613 0.67107024 0.53292678
vn 0.73925125 0.67107024 5.6323348e-2
vn 0.73925125 -0.67107024 5.6323348e-2
vn -0.67045844 -0.70684387 0.22551546
vn -0.67045844 0.70684387 0.22551546
vn 0.65109316 0.70684387 -0.27649490
vn 0.65109316 -0.70684387 -0.27649490
vn -0.61524214 -0.70230943 0.35810415
vn -0.61524214 0.70230943 0.35810415
vn 0.69783163 0.70230943 -0.14068579
vn 0.69783163 -0.70230943 -0.14068579
vn -0.71772019 -0.69344299 6.3360413e-2
vn -0.71772019 0.69344299 6.3360413e-2
vn 0.57877643 0.69344299 -0.42913245
vn 0.57877643 -0.69344299 -0.42913245
vn -0.61138002 -0.70154681 0.36612368
vn -0.61138002 0.70154681 0.36612368
vn 0.70026792 0.70154681 -0.13212463
vn 0.70026792 -0.70154681 -0.13212463
vn -0.68369847 -0.70546076 0.18676592
vn -0.68369847 0.70546076 0.18676592
vn 0.63526720 0.70546076 -0.31426214
vn 0.63526720 -0.70546076 -0.31426214
vn -0.70491948 -0.47049448 -0.53077629
vn -0.70491948 0.47049448 -0.53077629
vn 0.17474115 0.47049448 -0.86492802
vn 0.17474115 -0.47049448 -0.86492802
vn 0.61112423 0.79104450 2.7852761e-2
vn 0.72761485 -0.68580389 -1.5800429e-2
vn -0.65317927 -0.56140391 0.50811661
vn -0.55142664 0.68471289 0.47654687
vn 0.53559078 0.82002580 -0.20174291
vn 0.66157496 -0.70710592 -0.24963933
vn -0.76601387 -0.57232432 0.29269031
vn -0.66041770 0.70710576 0.25268539
vn 0.41750083 0.78165679 -0.46336348
vn 0.53159878 -0.67747468 -0.50836089
vn -0.83188517 -0.55483409 1.1233734e-2
vn -0.73580472 0.67642983 -3.2157405e-2
vn 0.61378535 0.78831676 4.2711069e-2
vn 0.73029889 -0.68312671 -1.1955872e-3
vn -0.64536133 -0.55861531 0.52101602
vn -0.54316156 0.68178165 0.49005031
vn 0.53463935 0.82092956 -0.20058770
vn 0.66182824 -0.70710495 -0.24896982
vn -0.76659521 -0.57102468 0.29370494
vn -0.66013228 0.70710457 0.25343341
vn 0.42981324 0.78784058 -0.44109840
vn 0.54586486 -0.68275430 -0.48567286
vn -0.82872214 -0.55843756 3.6974347e-2
vn -0.73182776 0.68144774 -7.5572836e-3
vn 0.55307220 0.81112442 -0.19023227
vn 0.66758344 -0.70698171 -0.23347209
vn -0.75166710 -0.58457890 0.30539170
vn -0.65422515 0.70698168 0.26863797
vn 0.50428308 0.80727619 -0.30660028
vn 0.61846842 -0.70291034 -0.35130311
vn -0.79285191 -0.58029266 0.18613508
vn -0.69583823 0.70288034 0.14754117
vn 0.66380761 0.74577735 5.6352495e-2
vn 0.72593977 -0.68732226 -2.4485923e-2
vn -0.59475809 -0.60053323 0.53443676
vn -0.49284939 0.66146857 0.56529533
vn 0.99149701 3.0220080e-17 -0.13012944
vn 0.27381329 0.62661251 -0.72964583
vn 8.1830548e-2 -0.97308674 0.21542044
vn 0.37714249 -0.60237817 -0.70349419
vn -0.79346085 -0.51507001 -0.32422642
vn -0.73198072 0.53402553 -0.42310869
vn 0.93534716 6.6066001e-17 -0.35373111
vn 5.2249243e-4 -0.99999892 1.3754710e-3
vn 0.80341729 -5.9739591e-17 -0.59541637
vn -9.6344582e-2 -0.96249161 -0.25362890
vn 0.99325947 -7.5788785e-17 -0.11591212
vn 8.6772421e-2 -0.96968566 0.22843001
vn 0.93558567 2.3445942e-16 -0.35309978
vn 7.6214515e-4 -0.99999770 2.0063613e-3
vn 0.81860757 1.8158387e-16 -0.57435324
vn -8.7436888e-2 -0.96921221 -0.23017923
vn 0.94097564 1.1704207e-16 -0.33847430
vn 6.2969449e-3 -0.99984277 1.6576825e-2
vn 0.89344447 1.3221860e-16 -0.44917366
vn -3.6444883e-2 -0.99471953 -9.5941832e-2
vn 0.98794774 1.5508141e-17 -0.15478778
vn 7.3197321e-2 -0.97852514 0.19269331
vn 0.65032419 -1.0659727e-16 -0.75965680
vn -0.17017153 -0.87769917 -0.44797971
vn 0.73368489 -0.67923297 1.8683094e-2
vn 0.73368489 0.67923297 1.8683094e-2
vn -0.53624396 0.67923297 0.50108381
vn -0.53624396 -0.67923297 0.50108381
vn 0.51541613 -0.67107024 -0.53292678
vn 0.51541613 0.67107024 -0.53292678
vn -0.73925125 0.67107024 -5.6323348e-2
vn -0.73925125 -0.67107024 -5.6323348e-2
vn 0.67045844 -0.70684387 -0.22551546
vn 0.67045844 0.70684387 -0.22551546
vn -0.65109316 0.70684387 0.27649490
vn -0.65109316 -0.70684387 0.27649490
vn 0.61524214 -0.70230943 -0.35810415
vn 0.61524214 0.70230943 -0.35810415
vn -0.69783163 0.70230943 0.14068579
vn -0.69783163 -0.70230943 0.14068579
vn 0.71772019 -0.69344299 -6.3360413e-2
vn 0.71772019 0.69344299 -6.3360413e-2
vn -0.57877643 0.69344299 0.42913245
vn -0.57877643 -0.69344299 0.42913245
vn 0.61138002 -0.70154681 -0.36612368
vn 0.61138002 0.70154681 -0.36612368
vn -0.70026792 0.70154681 0.13212463
vn -0.70026792 -0.70154681 0.13212463
vn 0.68369847 -0.70546076 -0.18676592
vn 0.68369847 0.70546076 -0.18676592
vn -0.63526720 0.70546076 0.31426214
vn -0.63526720 -0.70546076 0.31426214
vn 0.70491948 -0.47049448 0.53077629
vn 0.70491948 0.47049448 0.53077629
vn -0.17474115 0.47049448 0.86492802
vn -0.17474115 -0.47049448 0.86492802
vn 0.45397827 0.79104450 -0.41006382
vn 0.50607432 -0.68580389 -0.52303137
vn -0.10687295 -0.56140391 0.82061186
vn -5.6753217e-2 0.68471289 0.72659984
vn 0.23879275 0.82002580 -0.52013047
vn 0.29465215 -0.70710592 -0.64279182
vn -0.33860544 -0.57232432 0.74685422
vn -0.29168699 0.70710576 0.64414295
vn -2.9168052e-2 0.78165679 -0.62302639
vn 2.0281771e-2 -0.67747468 -0.73526642
vn -0.58340179 -0.55483409 0.59312855
vn -0.54562896 0.67642983 0.49470368
vn 0.46632104 0.78831676 -0.40137436
vn 0.51825510 -0.68312671 -0.51453819
vn -9.2242581e-2 -0.55861531 0.82428165
vn -4.1380154e-2 0.68178165 0.73038447
vn 0.23892904 0.82092956 -0.51864012
vn 0.29530311 -0.70710495 -0.64249410
vn -0.33830497 -0.57102468 0.74798433
vn -0.29095796 0.70710457 0.64447389
vn -4.7552516e-3 0.78784058 -0.61586086
vn 4.6380733e-2 -0.68275430 -0.72917446
vn -0.56304770 -0.55843756 0.60920011
vn -0.52549854 0.68144774 0.50939206
vn 0.25931506 0.81112442 -0.52424505
vn 0.31029492 -0.70698171 -0.63552650
vn -0.31947368 -0.58457890 0.74579091
vn -0.27606437 0.70698168 0.65112623
vn 0.14278313 0.80727619 -0.57264137
vn 0.19250228 -0.70291034 -0.68473347
vn -0.43263230 -0.58029266 0.68999255
vn -0.39082177 0.70288034 0.59432111
vn 0.51147214 0.74577735 -0.42686343
vn 0.49877434 -0.68732226 -0.52802677
vn -4.6833756e-2 -0.60053323 0.79822706
vn 4.7308659e-2 0.66146857 0.74847927
vn 0.61322320 1.9643052e-16 -0.78990968
vn -0.31860267 0.62661251 -0.71123069
vn 0.20969070 -0.97308674 9.5561560e-2
vn -0.22676140 -0.60237817 -0.76532333
vn -0.79205070 -0.51507001 0.32765619
vn -0.81790392 0.53402553 0.21412593
vn 0.41603168 -1.4864850e-16 -0.90935012
vn 1.3388864e-3 -0.99999892 6.1016568e-4
vn 0.15225586 -2.0908857e-16 -0.98834111
vn -0.24688290 -0.96249161 -0.11251102
vn 0.62447634 -2.2736636e-16 -0.78104372
vn 0.22235425 -0.96968566 0.10133267
vn 0.41664528 1.6747102e-17 -0.90906914
vn 1.9529963e-3 -0.99999770 8.9003167e-4
vn 0.17786881 1.0592392e-16 -0.98405421
vn -0.22405695 -0.96921221 -0.10210863
vn 0.43076395 1.1704207e-16 -0.90246463
vn 1.6135916e-2 -0.99984277 7.3535605e-3
vn 0.31911349 8.8145731e-17 -0.94771651
vn -9.3389981e-2 -0.99471953 -4.2560266e-2
vn 0.59335583 -1.9385176e-17 -0.80494028
vn 0.18756807 -0.97852514 8.5479693e-2
vn -7.2088476e-2 2.2109064e-16 -0.99739824
vn -0.43606439 -0.87769917 -0.19872599
vn 0.53464442 -0.67923297 -0.50279013
vn 0.53464442 0.67923297 -0.50279013
vn -2.8702227e-2 0.67923297 0.73336127
vn -2.8702227e-2 -0.67923297 0.73336127
vn -8.5003590e-3 -0.67107024 -0.74134505
vn -8.5003590e-3 0.67107024 -0.74134505
vn -0.56507695 0.67107024 0.47995081
vn -0.56507695 -0.67107024 0.47995081
vn 0.31793513 -0.70684387 -0.63189318
vn 0.31793513 0.70684387 -0.63189318
vn -0.26831163 0.70684387 0.65450791
vn -0.26831163 -0.70684387 0.65450791
vn 0.18542523 -0.70230943 -0.68729830
vn 0.18542523 0.70230943 -0.68729830
vn -0.39706072 0.70230943 0.59085045
vn -0.39706072 -0.70230943 0.59085045
vn 0.46558776 -0.69344299 -0.54987713
vn 0.46558776 0.69344299 -0.54987713
vn -0.10954449 0.69344299 0.71213540
vn -0.10954449 -0.69344299 0.71213540
vn 0.17703914 -0.70154681 -0.69028199
vn 0.17703914 0.70154681 -0.69028199
vn -0.40481430 0.70154681 0.58647886
vn -0.40481430 -0.70154681 0.58647886
vn 0.35460236 -0.70546076 -0.61366300
vn 0.35460236 0.70546076 -0.61366300
vn -0.23049727 0.70546076 0.67022095
vn -0.23049727 -0.70546076 0.67022095
vn 0.87440163 -0.47049448 -0.11856112
vn 0.87440163 0.47049448 -0.11856112
vn 0.48417987 0.47049448 0.73770238
vn 0.48417987 -0.47049448 0.73770238
vn -0.53464442 -0.67923297 0.50279013
vn -0.53464442 0.67923297 0.50279013
vn 2.8702227e-2 0.67923297 -0.73336127
vn 2.8702227e-2 -0.67923297 -0.73336127
vn 8.5003590e-3 -0.67107024 0.74134505
vn 8.5003590e-3 0.67107024 0.74134505
vn 0.56507695 0.67107024 -0.47995081
vn 0.56507695 -0.67107024 -0.47995081
vn -0.31793513 -0.70684387 0.63189318
vn -0.31793513 0.70684387 0.63189318
vn 0.26831163 0.70684387 -0.65450791
vn 0.26831163 -0.70684387 -0.65450791
vn -0.18542523 -0.70230943 0.68729830
vn -0.18542523 0.70230943 0.68729830
vn 0.39706072 0.70230943 -0.59085045
vn 0.39706072 -0.70230943 -0.59085045
vn -0.46558776 -0.69344299 0.54987713
vn -0.46558776 0.69344299 0.54987713
vn 0.10954449 0.69344299 -0.71213540
vn 0.10954449 -0.69344299 -0.71213540
vn -0.17703914 -0.70154681 0.69028199
vn -0.17703914 0.70154681 0.69028199
vn 0.40481430 0.70154681 -0.58647886
vn 0.40481430 -0.70154681 -0.58647886
vn -0.35460236 -0.70546076 0.61366300
vn -0.35460236 0.70546076 0.61366300
vn 0.23049727 0.70546076 -0.67022095
vn 0.23049727 -0.70546076 -0.67022095
vn -0.87440163 -0.47049448 0.11856112
vn -0.87440163 0.47049448 0.11856112
vn -0.48417987 0.47049448 -0.73770238
vn -0.48417987 -0.47049448 -0.73770238
vn -1.00000000 8.5602950e-16 1.1853196e-16
vn -1.00000000 8.5602950e-16 1.1853196e-16
vn -5.5397099e-17 -1.00000000 -6.1629758e-32
vn -5.5397099e-17 -1.00000000 -6.1629758e-32
vn -0.98078528 1.2150096e-15 0.19509032
vn -0.98078528 1.2150096e-15 0.19509032
vn -5.5397099e-17 -1.00000000 -5.8708955e-18
vn -5.5397099e-17 -1.00000000 -5.8708955e-18
vn -0.92387953 1.4614102e-15 0.38268343
vn -0.92387953 1.4614102e-15 0.38268343
vn -1.1079420e-16 -1.00000000 3.0174997e-17
vn -1.1079420e-16 -1.00000000 3.0174997e-17
vn -0.83146961 1.3594513e-15 0.55557023
vn -0.83146961 1.3594513e-15 0.55557023
vn -1.1079420e-16 -1.00000000 1.3805406e-17
vn -1.1079420e-16 -1.00000000 1.3805406e-17
vn -0.70710678 9.5161592e-16 0.70710678
vn -0.70710678 9.5161592e-16 0.70710678
vn -8.3095649e-17 -1.00000000 -1.8686424e-18
vn -8.3095649e-17 -1.00000000 -1.8686424e-18
vn -0.55557023 5.4378053e-16 0.83146961
vn -0.55557023 5.4378053e-16 0.83146961
vn -5.5397099e-17 -1.00000000 1.1322302e-17
vn -5.5397099e-17 -1.00000000 1.1322302e-17
vn -0.38268343 5.4378053e-16 0.92387953
vn -0.38268343 5.4378053e-16 0.92387953
vn -5.5397099e-17 -1.00000000 2.1643344e-17
vn -5.5397099e-17 -1.00000000 2.1643344e-17
vn -0.19509032 4.9542367e-32 0.98078528
vn -0.19509032 4.9542367e-32 0.98078528
vn -8.3095649e-17 -1.00000000 9.5177678e-18
vn -8.3095649e-17 -1.00000000 9.5177678e-18
vn 6.9724682e-18 4.9542367e-32 1.00000000
vn 6.9724682e-18 4.9542367e-32 1.00000000
vn -1.1079420e-16 -1.00000000 1.5407440e-33
vn -1.1079420e-16 -1.00000000 1.5407440e-33
vn 0.19509032 -2.7189026e-16 0.98078528
vn 0.19509032 -2.7189026e-16 0.98078528
vn -8.3095649e-17 -1.00000000 -9.5177678e-18
vn -8.3095649e-17 -1.00000000 -9.5177678e-18
vn 0.38268343 -8.1567079e-16 0.92387953
vn 0.38268343 -8.1567079e-16 0.92387953
vn -8.3095649e-17 -1.00000000 -2.9964702e-17
vn -8.3095649e-17 -1.00000000 -2.9964702e-17
vn 0.55557023 -8.1567079e-16 0.83146961
vn 0.55557023 -8.1567079e-16 0.83146961
vn -9.0020286e-17 -1.00000000 -1.9643660e-17
vn -9.0020286e-17 -1.00000000 -1.9643660e-17
vn 0.70710678 -1.2235062e-15 0.70710678
vn 0.70710678 -1.2235062e-15 0.70710678
vn -5.1934781e-17 -1.00000000 -5.6615104e-19
vn -5.1934781e-17 -1.00000000 -5.6615104e-19
vn 0.83146961 -1.4274239e-15 0.55557023
vn 0.83146961 -1.4274239e-15 0.55557023
vn -5.1934781e-17 -1.00000000 -1.6240200e-17
vn -5.1934781e-17 -1.00000000 -1.6240200e-17
vn 0.92387953 -1.5973553e-15 0.38268343
vn 0.92387953 -1.5973553e-15 0.38268343
vn -6.2321737e-17 -1.00000000 -5.8547236e-18
vn -6.2321737e-17 -1.00000000 -5.8547236e-18
vn 0.98078528 -1.2819201e-15 0.19509032
vn 0.98078528 -1.2819201e-15 0.19509032
vn -6.9246374e-17 -1.00000000 3.0191169e-17
vn -6.9246374e-17 -1.00000000 3.0191169e-17
vn 1.00000000 -8.5709157e-16 -6.9724682e-18
vn 1.00000000 -8.5709157e-16 -6.9724682e-18
vn -6.9246374e-17 -1.00000000 3.0814879e-33
vn -6.9246374e-17 -1.00000000 3.0814879e-33
vn 0.98078528 -1.2744856e-15 -0.19509032
vn 0.98078528 -1.2744856e-15 -0.19509032
vn -5.5397099e-17 -1.00000000 -3.0191169e-17
vn -5.5397099e-17 -1.00000000 -3.0191169e-17
vn 0.92387953 -1.5293827e-15 -0.38268343
vn 0.92387953 -1.5293827e-15 -0.38268343
vn -5.5397099e-17 -1.00000000 5.8547236e-18
vn -5.5397099e-17 -1.00000000 5.8547236e-18
vn 0.83146961 -1.3594513e-15 -0.55557023
vn 0.83146961 -1.3594513e-15 -0.55557023
vn -5.5397099e-17 -1.00000000 1.6240200e-17
vn -5.5397099e-17 -1.00000000 1.6240200e-17
vn 0.70710678 -9.5161592e-16 -0.70710678
vn 0.70710678 -9.5161592e-16 -0.70710678
vn -5.5397099e-17 -1.00000000 5.6615104e-19
vn -5.5397099e-17 -1.00000000 5.6615104e-19
vn 0.55557023 -5.4378053e-16 -0.83146961
vn 0.55557023 -5.4378053e-16 -0.83146961
vn -8.3095649e-17 -1.00000000 1.9643660e-17
vn -8.3095649e-17 -1.00000000 1.9643660e-17
vn 0.38268343 -2.7189026e-16 -0.92387953
vn 0.38268343 -2.7189026e-16 -0.92387953
vn -8.3095649e-17 -1.00000000 2.9964702e-17
vn -8.3095649e-17 -1.00000000 2.9964702e-17
vn 0.19509032 0.0000000e+0 -0.98078528
vn 0.19509032 0.0000000e+0 -0.98078528
vn -5.5397099e-17 -1.00000000 9.5177678e-18
vn -5.5397099e-17 -1.00000000 9.5177678e-18
vn 2.9284367e-16 2.7189026e-16 -1.00000000
vn 2.9284367e-16 2.7189026e-16 -1.00000000
vn -6.9246374e-17 -1.00000000 -1.7718555e-32
vn -6.9246374e-17 -1.00000000 -1.7718555e-32
vn -0.19509032 8.1567079e-16 -0.98078528
vn -0.19509032 8.1567079e-16 -0.98078528
vn -6.9246374e-17 -1.00000000 -9.5177678e-18
vn -6.9246374e-17 -1.00000000 -9.5177678e-18
vn -0.38268343 8.1567079e-16 -0.92387953
vn -0.38268343 8.1567079e-16 -0.92387953
vn -5.5397099e-17 -1.00000000 -2.1643344e-17
vn -5.5397099e-17 -1.00000000 -2.1643344e-17
vn -0.55557023 6.7972566e-16 -0.83146961
vn -0.55557023 6.7972566e-16 -0.83146961
vn -6.2321737e-17 -1.00000000 -1.1322302e-17
vn -6.2321737e-17 -1.00000000 -1.1322302e-17
vn -0.70710678 1.2235062e-15 -0.70710678
vn -0.70710678 1.2235062e-15 -0.70710678
vn -9.0020286e-17 -1.00000000 1.8686424e-18
vn -9.0020286e-17 -1.00000000 1.8686424e-18
vn -0.83146961 1.5633690e-15 -0.55557023
vn -0.83146961 1.5633690e-15 -0.55557023
vn -9.0020286e-17 -1.00000000 -1.3805406e-17
vn -9.0020286e-17 -1.00000000 -1.3805406e-17
vn -0.92387953 1.5973553e-15 -0.38268343
vn -0.92387953 1.5973553e-15 -0.38268343
vn -7.6171011e-17 -1.00000000 -3.0174997e-17
vn -7.6171011e-17 -1.00000000 -3.0174997e-17
vn -0.98078528 1.2723615e-15 -0.19509032
vn -0.98078528 1.2723615e-15 -0.19509032
vn -9.6944924e-17 -1.00000000 5.8708955e-18
vn -9.6944924e-17 -1.00000000 5.8708955e-18
vn -1.00000000 8.5602950e-16 1.1853196e-16
vn -1.00000000 8.5602950e-16 1.1853196e-16
vn 4.1547824e-17 1.00000000 5.8548270e-32
vn 4.1547824e-17 1.00000000 5.8548270e-32
vn -0.98078528 1.2150096e-15 0.19509032
vn -0.98078528 1.2150096e-15 0.19509032
vn 4.8472462e-17 1.00000000 5.8708955e-18
vn 4.8472462e-17 1.00000000 5.8708955e-18
vn -0.92387953 1.4614102e-15 0.38268343
vn -0.92387953 1.4614102e-15 0.38268343
vn 6.9246374e-17 1.00000000 -3.0174997e-17
vn 6.9246374e-17 1.00000000 -3.0174997e-17
vn -0.83146961 1.3594513e-15 0.55557023
vn -0.83146961 1.3594513e-15 0.55557023
vn 9.5213764e-17 1.00000000 -1.3805406e-17
vn 9.5213764e-17 1.00000000 -1.3805406e-17
vn -0.70710678 9.5161592e-16 0.70710678
vn -0.70710678 9.5161592e-16 0.70710678
vn 7.6171011e-17 1.00000000 1.8686424e-18
vn 7.6171011e-17 1.00000000 1.8686424e-18
vn -0.55557023 5.4378053e-16 0.83146961
vn -0.55557023 5.4378053e-16 0.83146961
vn 5.3665940e-17 1.00000000 -1.1322302e-17
vn 5.3665940e-17 1.00000000 -1.1322302e-17
vn -0.38268343 5.4378053e-16 0.92387953
vn -0.38268343 5.4378053e-16 0.92387953
vn 5.8859418e-17 1.00000000 -2.1643344e-17
vn 5.8859418e-17 1.00000000 -2.1643344e-17
vn -0.19509032 4.9542367e-32 0.98078528
vn -0.19509032 4.9542367e-32 0.98078528
vn 6.2321737e-17 1.00000000 -9.5177678e-18
vn 6.2321737e-17 1.00000000 -9.5177678e-18
vn 6.9724682e-18 4.9542367e-32 1.00000000
vn 6.9724682e-18 4.9542367e-32 1.00000000
vn 7.6171011e-17 1.00000000 0.0000000e+0
vn 7.6171011e-17 1.00000000 0.0000000e+0
vn 0.19509032 -2.7189026e-16 0.98078528
vn 0.19509032 -2.7189026e-16 0.98078528
vn 5.5397099e-17 1.00000000 9.5177678e-18
vn 5.5397099e-17 1.00000000 9.5177678e-18
vn 0.38268343 -8.1567079e-16 0.92387953
vn 0.38268343 -8.1567079e-16 0.92387953
vn 6.9246374e-17 1.00000000 2.9964702e-17
vn 6.9246374e-17 1.00000000 2.9964702e-17
vn 0.55557023 -8.1567079e-16 0.83146961
vn 0.55557023 -8.1567079e-16 0.83146961
vn 9.6944924e-17 1.00000000 1.9643660e-17
vn 9.6944924e-17 1.00000000 1.9643660e-17
vn 0.70710678 -1.2235062e-15 0.70710678
vn 0.70710678 -1.2235062e-15 0.70710678
vn 5.5397099e-17 1.00000000 5.6615104e-19
vn 5.5397099e-17 1.00000000 5.6615104e-19
vn 0.83146961 -1.4274239e-15 0.55557023
vn 0.83146961 -1.4274239e-15 0.55557023
vn 6.9246374e-17 1.00000000 -1.7988721e-17
vn 6.9246374e-17 1.00000000 -1.7988721e-17
vn 0.92387953 -1.5973553e-15 0.38268343
vn 0.92387953 -1.5973553e-15 0.38268343
vn 8.3095649e-17 1.00000000 -2.8374197e-17
vn 8.3095649e-17 1.00000000 -2.8374197e-17
vn 0.98078528 -1.2819201e-15 0.19509032
vn 0.98078528 -1.2819201e-15 0.19509032
vn 5.5397099e-17 1.00000000 -3.0191169e-17
vn 5.5397099e-17 1.00000000 -3.0191169e-17
vn 1.00000000 -8.5709157e-16 -6.9724682e-18
vn 1.00000000 -8.5709157e-16 -6.9724682e-18
vn 5.5397099e-17 1.00000000 0.0000000e+0
vn 5.5397099e-17 1.00000000 0.0000000e+0
vn 0.98078528 -1.2744856e-15 -0.19509032
vn 0.98078528 -1.2744856e-15 -0.19509032
vn 5.5397099e-17 1.00000000 3.0191169e-17
vn 5.5397099e-17 1.00000000 3.0191169e-17
vn 0.92387953 -1.5293827e-15 -0.38268343
vn 0.92387953 -1.5293827e-15 -0.38268343
vn 9.0020286e-17 1.00000000 2.8374197e-17
vn 9.0020286e-17 1.00000000 2.8374197e-17
vn 0.83146961 -1.3594513e-15 -0.55557023
vn 0.83146961 -1.3594513e-15 -0.55557023
vn 8.8289127e-17 1.00000000 1.7988721e-17
vn 8.8289127e-17 1.00000000 1.7988721e-17
vn 0.70710678 -9.5161592e-16 -0.70710678
vn 0.70710678 -9.5161592e-16 -0.70710678
vn 4.6741302e-17 1.00000000 -5.6615104e-19
vn 4.6741302e-17 1.00000000 -5.6615104e-19
vn 0.55557023 -5.4378053e-16 -0.83146961
vn 0.55557023 -5.4378053e-16 -0.83146961
vn 5.8859418e-17 1.00000000 -1.9643660e-17
vn 5.8859418e-17 1.00000000 -1.9643660e-17
vn 0.38268343 -2.7189026e-16 -0.92387953
vn 0.38268343 -2.7189026e-16 -0.92387953
vn 6.5784055e-17 1.00000000 -2.9964702e-17
vn 6.5784055e-17 1.00000000 -2.9964702e-17
vn 0.19509032 0.0000000e+0 -0.98078528
vn 0.19509032 0.0000000e+0 -0.98078528
vn 6.9246374e-17 1.00000000 -9.5177678e-18
vn 6.9246374e-17 1.00000000 -9.5177678e-18
vn 2.9284367e-16 2.7189026e-16 -1.00000000
vn 2.9284367e-16 2.7189026e-16 -1.00000000
vn 7.6171011e-17 1.00000000 2.3111159e-32
vn 7.6171011e-17 1.00000000 2.3111159e-32
vn -0.19509032 8.1567079e-16 -0.98078528
vn -0.19509032 8.1567079e-16 -0.98078528
vn 6.2321737e-17 1.00000000 9.5177678e-18
vn 6.2321737e-17 1.00000000 9.5177678e-18
vn -0.38268343 8.1567079e-16 -0.92387953
vn -0.38268343 8.1567079e-16 -0.92387953
vn 5.5397099e-17 1.00000000 2.1643344e-17
vn 5.5397099e-17 1.00000000 2.1643344e-17
vn -0.55557023 6.7972566e-16 -0.83146961
vn -0.55557023 6.7972566e-16 -0.83146961
vn 5.5397099e-17 1.00000000 1.1322302e-17
vn 5.5397099e-17 1.00000000 1.1322302e-17
vn -0.70710678 1.2235062e-15 -0.70710678
vn -0.70710678 1.2235062e-15 -0.70710678
vn 8.3095649e-17 1.00000000 -1.8686424e-18
vn 8.3095649e-17 1.00000000 -1.8686424e-18
vn -0.83146961 1.5633690e-15 -0.55557023
vn -0.83146961 1.5633690e-15 -0.55557023
vn 9.6944924e-17 1.00000000 1.3805406e-17
vn 9.6944924e-17 1.00000000 1.3805406e-17
vn -0.92387953 1.5973553e-15 -0.38268343
vn -0.92387953 1.5973553e-15 -0.38268343
vn 6.9246374e-17 1.00000000 3.0174997e-17
vn 6.9246374e-17 1.00000000 3.0174997e-17
vn -0.98078528 1.2723615e-15 -0.19509032
vn -0.98078528 1.2723615e-15 -0.19509032
vn 4.8472462e-17 1.00000000 -5.8708955e-18
vn 4.8472462e-17 1.00000000 -5.8708955e-18
vn -5.5397099e-17 -1.00000000 -5.8708955e-18
vn -5.5397099e-17 -1.00000000 -5.8708955e-18
vn 0.98078528 -1.3082554e-15 -0.19509032
vn 0.98078528 -1.3082554e-15 -0.19509032
vn -5.5397099e-17 -1.00000000 -6.1629758e-32
vn -5.5397099e-17 -1.00000000 -6.1629758e-32
vn 1.00000000 -8.9064478e-16 1.7431171e-16
vn 1.00000000 -8.9064478e-16 1.7431171e-16
vn -9.6944924e-17 -1.00000000 5.8708955e-18
vn -9.6944924e-17 -1.00000000 5.8708955e-18
vn 0.98078528 -1.3353227e-15 0.19509032
vn 0.98078528 -1.3353227e-15 0.19509032
vn -7.6171011e-17 -1.00000000 -3.0174997e-17
vn -7.6171011e-17 -1.00000000 -3.0174997e-17
vn 0.92387953 -1.6291968e-15 0.38268343
vn 0.92387953 -1.6291968e-15 0.38268343
vn -9.0020286e-17 -1.00000000 -1.3805406e-17
vn -9.0020286e-17 -1.00000000 -1.3805406e-17
vn 0.83146961 -1.4023466e-15 0.55557023
vn 0.83146961 -1.4023466e-15 0.55557023
vn -9.0020286e-17 -1.00000000 1.8686424e-18
vn -9.0020286e-17 -1.00000000 1.8686424e-18
vn 0.70710678 -1.4848376e-15 0.70710678
vn 0.70710678 -1.4848376e-15 0.70710678
vn -6.2321737e-17 -1.00000000 -1.1322302e-17
vn -6.2321737e-17 -1.00000000 -1.1322302e-17
vn 0.55557023 -8.2490978e-16 0.83146961
vn 0.55557023 -8.2490978e-16 0.83146961
vn -5.5397099e-17 -1.00000000 -2.1643344e-17
vn -5.5397099e-17 -1.00000000 -2.1643344e-17
vn 0.38268343 3.2996391e-16 0.92387953
vn 0.38268343 3.2996391e-16 0.92387953
vn -6.9246374e-17 -1.00000000 -9.5177678e-18
vn -6.9246374e-17 -1.00000000 -9.5177678e-18
vn 0.19509032 6.5992782e-16 0.98078528
vn 0.19509032 6.5992782e-16 0.98078528
vn -6.9246374e-17 -1.00000000 -1.7718555e-32
vn -6.9246374e-17 -1.00000000 -1.7718555e-32
vn -3.4862341e-16 6.5992782e-16 1.00000000
vn -3.4862341e-16 6.5992782e-16 1.00000000
vn -5.5397099e-17 -1.00000000 9.5177678e-18
vn -5.5397099e-17 -1.00000000 9.5177678e-18
vn -0.19509032 4.9494587e-16 0.98078528
vn -0.19509032 4.9494587e-16 0.98078528
vn -8.3095649e-17 -1.00000000 2.9964702e-17
vn -8.3095649e-17 -1.00000000 2.9964702e-17
vn -0.38268343 4.9494587e-16 0.92387953
vn -0.38268343 4.9494587e-16 0.92387953
vn -8.3095649e-17 -1.00000000 1.9643660e-17
vn -8.3095649e-17 -1.00000000 1.9643660e-17
vn -0.55557023 9.8989174e-16 0.83146961
vn -0.55557023 9.8989174e-16 0.83146961
vn -5.5397099e-17 -1.00000000 5.6615104e-19
vn -5.5397099e-17 -1.00000000 5.6615104e-19
vn -0.70710678 1.2373647e-15 0.70710678
vn -0.70710678 1.2373647e-15 0.70710678
vn -5.5397099e-17 -1.00000000 1.6240200e-17
vn -5.5397099e-17 -1.00000000 1.6240200e-17
vn -0.83146961 1.2786102e-15 0.55557023
vn -0.83146961 1.2786102e-15 0.55557023
vn -5.5397099e-17 -1.00000000 5.8547236e-18
vn -5.5397099e-17 -1.00000000 5.8547236e-18
vn -0.92387953 1.5363945e-15 0.38268343
vn -0.92387953 1.5363945e-15 0.38268343
vn -5.5397099e-17 -1.00000000 -3.0191169e-17
vn -5.5397099e-17 -1.00000000 -3.0191169e-17
vn -0.98078528 1.4874154e-15 0.19509032
vn -0.98078528 1.4874154e-15 0.19509032
vn -6.9246374e-17 -1.00000000 3.0814879e-33
vn -6.9246374e-17 -1.00000000 3.0814879e-33
vn -1.00000000 1.2863437e-15 -1.3944936e-17
vn -1.00000000 1.2863437e-15 -1.3944936e-17
vn -6.9246374e-17 -1.00000000 3.0191169e-17
vn -6.9246374e-17 -1.00000000 3.0191169e-17
vn -0.98078528 1.4590592e-15 -0.19509032
vn -0.98078528 1.4590592e-15 -0.19509032
vn -6.2321737e-17 -1.00000000 -5.8547236e-18
vn -6.2321737e-17 -1.00000000 -5.8547236e-18
vn -0.92387953 1.5673286e-15 -0.38268343
vn -0.92387953 1.5673286e-15 -0.38268343
vn -5.1934781e-17 -1.00000000 -1.6240200e-17
vn -5.1934781e-17 -1.00000000 -1.6240200e-17
vn -0.83146961 1.4023466e-15 -0.55557023
vn -0.83146961 1.4023466e-15 -0.55557023
vn -5.1934781e-17 -1.00000000 -5.6615104e-19
vn -5.1934781e-17 -1.00000000 -5.6615104e-19
vn -0.70710678 1.1548737e-15 -0.70710678
vn -0.70710678 1.1548737e-15 -0.70710678
vn -9.0020286e-17 -1.00000000 -1.9643660e-17
vn -9.0020286e-17 -1.00000000 -1.9643660e-17
vn -0.55557023 1.1548737e-15 -0.83146961
vn -0.55557023 1.1548737e-15 -0.83146961
vn -8.3095649e-17 -1.00000000 -2.9964702e-17
vn -8.3095649e-17 -1.00000000 -2.9964702e-17
vn -0.38268343 6.5992782e-16 -0.92387953
vn -0.38268343 6.5992782e-16 -0.92387953
vn -8.3095649e-17 -1.00000000 -9.5177678e-18
vn -8.3095649e-17 -1.00000000 -9.5177678e-18
vn -0.19509032 0.0000000e+0 -0.98078528
vn -0.19509032 0.0000000e+0 -0.98078528
vn -1.1079420e-16 -1.00000000 1.5407440e-33
vn -1.1079420e-16 -1.00000000 1.5407440e-33
vn 6.9724682e-18 0.0000000e+0 -1.00000000
vn 6.9724682e-18 0.0000000e+0 -1.00000000
vn -8.3095649e-17 -1.00000000 9.5177678e-18
vn -8.3095649e-17 -1.00000000 9.5177678e-18
vn 0.19509032 1.6498196e-16 -0.98078528
vn 0.19509032 1.6498196e-16 -0.98078528
vn -5.5397099e-17 -1.00000000 2.1643344e-17
vn -5.5397099e-17 -1.00000000 2.1643344e-17
vn 0.38268343 1.6498196e-16 -0.92387953
vn 0.38268343 1.6498196e-16 -0.92387953
vn -5.5397099e-17 -1.00000000 1.1322302e-17
vn -5.5397099e-17 -1.00000000 1.1322302e-17
vn 0.55557023 -3.2996391e-16 -0.83146961
vn 0.55557023 -3.2996391e-16 -0.83146961
vn -8.3095649e-17 -1.00000000 -1.8686424e-18
vn -8.3095649e-17 -1.00000000 -1.8686424e-18
vn 0.70710678 -9.0740076e-16 -0.70710678
vn 0.70710678 -9.0740076e-16 -0.70710678
vn -1.1079420e-16 -1.00000000 1.3805406e-17
vn -1.1079420e-16 -1.00000000 1.3805406e-17
vn 0.83146961 -1.2786102e-15 -0.55557023
vn 0.83146961 -1.2786102e-15 -0.55557023
vn -1.1079420e-16 -1.00000000 3.0174997e-17
vn -1.1079420e-16 -1.00000000 3.0174997e-17
vn 0.92387953 -1.5673286e-15 -0.38268343
vn 0.92387953 -1.5673286e-15 -0.38268343
vn 4.1547824e-17 1.00000000 5.8548270e-32
vn 4.1547824e-17 1.00000000 5.8548270e-32
vn 1.00000000 -8.9064478e-16 1.7431171e-16
vn 1.00000000 -8.9064478e-16 1.7431171e-16
vn 4.8472462e-17 1.00000000 5.8708955e-18
vn 4.8472462e-17 1.00000000 5.8708955e-18
vn 0.98078528 -1.3082554e-15 -0.19509032
vn 0.98078528 -1.3082554e-15 -0.19509032
vn 6.9246374e-17 1.00000000 -3.0174997e-17
vn 6.9246374e-17 1.00000000 -3.0174997e-17
vn 0.92387953 -1.5673286e-15 -0.38268343
vn 0.92387953 -1.5673286e-15 -0.38268343
vn 9.5213764e-17 1.00000000 -1.3805406e-17
vn 9.5213764e-17 1.00000000 -1.3805406e-17
vn 0.83146961 -1.2786102e-15 -0.55557023
vn 0.83146961 -1.2786102e-15 -0.55557023
vn 7.6171011e-17 1.00000000 1.8686424e-18
vn 7.6171011e-17 1.00000000 1.8686424e-18
vn 0.70710678 -9.0740076e-16 -0.70710678
vn 0.70710678 -9.0740076e-16 -0.70710678
vn 5.3665940e-17 1.00000000 -1.1322302e-17
vn 5.3665940e-17 1.00000000 -1.1322302e-17
vn 0.55557023 -3.2996391e-16 -0.83146961
vn 0.55557023 -3.2996391e-16 -0.83146961
vn 5.8859418e-17 1.00000000 -2.1643344e-17
vn 5.8859418e-17 1.00000000 -2.1643344e-17
vn 0.38268343 1.6498196e-16 -0.92387953
vn 0.38268343 1.6498196e-16 -0.92387953
vn 6.2321737e-17 1.00000000 -9.5177678e-18
vn 6.2321737e-17 1.00000000 -9.5177678e-18
vn 0.19509032 1.6498196e-16 -0.98078528
vn 0.19509032 1.6498196e-16 -0.98078528
vn 7.6171011e-17 1.00000000 0.0000000e+0
vn 7.6171011e-17 1.00000000 0.0000000e+0
vn 6.9724682e-18 0.0000000e+0 -1.00000000
vn 6.9724682e-18 0.0000000e+0 -1.00000000
vn 5.5397099e-17 1.00000000 9.5177678e-18
vn 5.5397099e-17 1.00000000 9.5177678e-18
vn -0.19509032 0.0000000e+0 -0.98078528
vn -0.19509032 0.0000000e+0 -0.98078528
vn 6.9246374e-17 1.00000000 2.9964702e-17
vn 6.9246374e-17 1.00000000 2.9964702e-17
vn -0.38268343 6.5992782e-16 -0.92387953
vn -0.38268343 6.5992782e-16 -0.92387953
vn 9.6944924e-17 1.00000000 1.9643660e-17
vn 9.6944924e-17 1.00000000 1.9643660e-17
vn -0.55557023 1.1548737e-15 -0.83146961
vn -0.55557023 1.1548737e-15 -0.83146961
vn 5.5397099e-17 1.00000000 5.6615104e-19
vn 5.5397099e-17 1.00000000 5.6615104e-19
vn -0.70710678 1.1548737e-15 -0.70710678
vn -0.70710678 1.1548737e-15 -0.70710678
vn 6.9246374e-17 1.00000000 -1.7988721e-17
vn 6.9246374e-17 1.00000000 -1.7988721e-17
vn -0.83146961 1.4023466e-15 -0.55557023
vn -0.83146961 1.4023466e-15 -0.55557023
vn 8.3095649e-17 1.00000000 -2.8374197e-17
vn 8.3095649e-17 1.00000000 -2.8374197e-17
vn -0.92387953 1.5673286e-15 -0.38268343
vn -0.92387953 1.5673286e-15 -0.38268343
vn 5.5397099e-17 1.00000000 -3.0191169e-17
vn 5.5397099e-17 1.00000000 -3.0191169e-17
vn -0.98078528 1.4590592e-15 -0.19509032
vn -0.98078528 1.4590592e-15 -0.19509032
vn 5.5397099e-17 1.00000000 0.0000000e+0
vn 5.5397099e-17 1.00000000 0.0000000e+0
vn -1.00000000 1.2863437e-15 -1.3944936e-17
vn -1.00000000 1.2863437e-15 -1.3944936e-17
vn 5.5397099e-17 1.00000000 3.0191169e-17
vn 5.5397099e-17 1.00000000 3.0191169e-17
vn -0.98078528 1.4874154e-15 0.19509032
vn -0.98078528 1.4874154e-15 0.19509032
vn 9.0020286e-17 1.00000000 2.8374197e-17
vn 9.0020286e-17 1.00000000 2.8374197e-17
vn -0.92387953 1.5363945e-15 0.38268343
vn -0.92387953 1.5363945e-15 0.38268343
vn 8.8289127e-17 1.00000000 1.7988721e-17
vn 8.8289127e-17 1.00000000 1.7988721e-17
vn -0.83146961 1.2786102e-15 0.55557023
vn -0.83146961 1.2786102e-15 0.55557023
vn 4.6741302e-17 1.00000000 -5.6615104e-19
vn 4.6741302e-17 1.00000000 -5.6615104e-19
vn -0.70710678 1.2373647e-15 0.70710678
vn -0.70710678 1.2373647e-15 0.70710678
vn 5.8859418e-17 1.00000000 -1.9643660e-17
vn 5.8859418e-17 1.00000000 -1.9643660e-17
vn -0.55557023 9.8989174e-16 0.83146961
vn -0.55557023 9.8989174e-16 0.83146961
vn 6.5784055e-17 1.00000000 -2.9964702e-17
vn 6.5784055e-17 1.00000000 -2.9964702e-17
vn -0.38268343 4.9494587e-16 0.92387953
vn -0.38268343 4.9494587e-16 0.92387953
vn 6.9246374e-17 1.00000000 -9.5177678e-18
vn 6.9246374e-17 1.00000000 -9.5177678e-18
vn -0.19509032 4.9494587e-16 0.98078528
vn -0.19509032 4.9494587e-16 0.98078528
vn 7.6171011e-17 1.00000000 2.3111159e-32
vn 7.6171011e-17 1.00000000 2.3111159e-32
vn -3.4862341e-16 6.5992782e-16 1.00000000
vn -3.4862341e-16 6.5992782e-16 1.00000000
vn 6.2321737e-17 1.00000000 9.5177678e-18
vn 6.2321737e-17 1.00000000 9.5177678e-18
vn 0.19509032 6.5992782e-16 0.98078528
vn 0.19509032 6.5992782e-16 0.98078528
vn 5.5397099e-17 1.00000000 2.1643344e-17
vn 5.5397099e-17 1.00000000 2.1643344e-17
vn 0.38268343 3.2996391e-16 0.92387953
vn 0.38268343 3.2996391e-16 0.92387953
vn 5.5397099e-17 1.00000000 1.1322302e-17
vn 5.5397099e-17 1.00000000 1.1322302e-17
vn 0.55557023 -8.2490978e-16 0.83146961
vn 0.55557023 -8.2490978e-16 0.83146961
vn 8.3095649e-17 1.00000000 -1.8686424e-18
vn 8.3095649e-17 1.00000000 -1.8686424e-18
vn 0.70710678 -1.4848376e-15 0.70710678
vn 0.70710678 -1.4848376e-15 0.70710678
vn 9.6944924e-17 1.00000000 1.3805406e-17
vn 9.6944924e-17 1.00000000 1.3805406e-17
vn 0.83146961 -1.4023466e-15 0.55557023
vn 0.83146961 -1.4023466e-15 0.55557023
vn 6.9246374e-17 1.00000000 3.0174997e-17
vn 6.9246374e-17 1.00000000 3.0174997e-17
vn 0.92387953 -1.6291968e-15 0.38268343
vn 0.92387953 -1.6291968e-15 0.38268343
vn 4.8472462e-17 1.00000000 -5.8708955e-18
vn 4.8472462e-17 1.00000000 -5.8708955e-18
vn 0.98078528 -1.3353227e-15 0.19509032
vn 0.98078528 -1.3353227e-15 0.19509032
vn 5.1283848e-2 -0.99841061 2.3371396e-2
vn -0.36275029 0.0000000e+0 0.93188638
vn 5.1283848e-2 -0.99841061 2.3371396e-2
vn 0.69298970 -0.31893018 0.64656694
vn 0.69298970 -0.31893018 0.64656694
vn -0.36275029 0.0000000e+0 0.93188638
vn 0.74156280 0.25655515 0.61989037
vn 0.74156280 0.25655515 0.61989037
vn -0.36275029 0.0000000e+0 0.93188638
vn 5.1283848e-2 0.99841061 2.3371396e-2
vn -0.36275029 0.0000000e+0 0.93188638
vn 5.1283848e-2 0.99841061 2.3371396e-2
vn 0.46531798 -5.3581494e-16 -0.88514359
vn 5.1283848e-2 -0.99841061 2.3371396e-2
vn 0.46531798 -5.3581494e-16 -0.88514359
vn 0.93187247 -0.36177162 2.7110597e-2
vn 0.93187247 -0.36177162 2.7110597e-2
vn 5.1283848e-2 -0.99841061 2.3371396e-2
vn 0.95005925 0.30097273 8.2479305e-2
vn 0.95005925 0.30097273 8.2479305e-2
vn 5.1283848e-2 0.99841061 2.3371396e-2
vn 0.46531798 0.0000000e+0 -0.88514359
vn 5.1283848e-2 0.99841061 2.3371396e-2
vn 0.46531798 0.0000000e+0 -0.88514359
vn -0.87700129 0.46690643 0.11343331
vn -0.87700129 0.46690643 0.11343331
vn -0.41469324 0.0000000e+0 0.90996127
vn 5.3511605e-17 1.00000000 -1.6589520e-17
vn -0.85550459 -0.48548126 0.18005513
vn -0.85550459 -0.48548126 0.18005513
vn -0.41469324 0.0000000e+0 0.90996127
vn 0.0000000e+0 -1.00000000 0.0000000e+0
vn 5.3511605e-17 -1.00000000 0.0000000e+0
vn -0.37468202 -0.53418799 -0.75779719
vn -0.37468202 -0.53418799 -0.75779719
vn 0.41469324 1.4269761e-16 -0.90996127
vn 0.41469324 0.0000000e+0 -0.90996127
vn -0.43911259 0.51861516 -0.73363373
vn -0.43911259 0.51861516 -0.73363373
vn 5.3511605e-17 1.00000000 -1.6589520e-17
vn -0.41469324 0.0000000e+0 0.90996127
vn 5.3511605e-17 1.00000000 -1.6589520e-17
vn -0.41469324 0.0000000e+0 0.90996127
vn 0.0000000e+0 -1.00000000 0.0000000e+0
vn 5.3511605e-17 -1.00000000 0.0000000e+0
vn 0.41469324 1.4269761e-16 -0.90996127
vn 0.41469324 0.0000000e+0 -0.90996127
vn 5.3511605e-17 1.00000000 -1.6589520e-17
vn 0.46531798 -2.6790747e-16 -0.88514359
vn 0.97767858 -1.3921222e-17 -0.21010615
vn 0.97767858 -1.3921222e-17 -0.21010615
vn 0.46531798 -2.6790747e-16 -0.88514359
vn 5.1283848e-2 -0.99841061 2.3371396e-2
vn 0.73026216 -0.59662516 0.33279964
vn 0.73026216 -0.59662516 0.33279964
vn 5.1283848e-2 -0.99841061 2.3371396e-2
vn 2.6755803e-17 -1.00000000 0.0000000e+0
vn -0.51478913 -0.82459301 -0.23460292
vn -0.51478913 -0.82459301 -0.23460292
vn 2.6755803e-17 -1.00000000 0.0000000e+0
vn 0.41469324 7.1348807e-17 -0.90996127
vn -0.17283598 0.0000000e+0 -0.98495062
vn -0.17283598 0.0000000e+0 -0.98495062
vn 0.41469324 7.1348807e-17 -0.90996127
vn 0.46531798 -2.6790747e-16 -0.88514359
vn 0.46531798 -2.6790747e-16 -0.88514359
vn 5.1283848e-2 -0.99841061 2.3371396e-2
vn 5.1283848e-2 -0.99841061 2.3371396e-2
vn 2.6755803e-17 -1.00000000 0.0000000e+0
vn 2.6755803e-17 -1.00000000 0.0000000e+0
vn 0.41469324 7.1348807e-17 -0.90996127
vn 0.41469324 7.1348807e-17 -0.90996127
vn -0.98735854 2.0538205e-16 -0.15850273
vn -0.98735854 2.0538205e-16 -0.15850273
vn -0.63094666 4.1076410e-16 0.77582621
vn -0.63094666 4.1076410e-16 0.77582621
vn 0.35641188 4.1076410e-16 0.93432894
vn 0.35641188 4.1076410e-16 0.93432894
vn 0.98735854 7.1883717e-16 0.15850273
vn 0.98735854 7.1883717e-16 0.15850273
vn 0.63094666 9.2421922e-16 -0.77582621
vn 0.63094666 9.2421922e-16 -0.77582621
vn -0.35641188 4.1076410e-16 -0.93432894
vn -0.35641188 4.1076410e-16 -0.93432894
vn -0.98735854 2.0538205e-16 -0.15850273
vn -0.98735854 2.0538205e-16 -0.15850273
vn 9.9020205e-2 -0.99495845 1.5895921e-2
vn 9.9020205e-2 -0.99495845 1.5895921e-2
vn -0.63094666 4.1076410e-16 0.77582621
vn -0.63094666 4.1076410e-16 0.77582621
vn 6.3276374e-2 -0.99495845 -7.7806053e-2
vn 6.3276374e-2 -0.99495845 -7.7806053e-2
vn 0.35641188 4.1076410e-16 0.93432894
vn 0.35641188 4.1076410e-16 0.93432894
vn -3.5743832e-2 -0.99495845 -9.3701973e-2
vn -3.5743832e-2 -0.99495845 -9.3701973e-2
vn 0.98735854 7.1883717e-16 0.15850273
vn 0.98735854 7.1883717e-16 0.15850273
vn -9.9020205e-2 -0.99495845 -1.5895921e-2
vn -9.9020205e-2 -0.99495845 -1.5895921e-2
vn 0.63094666 9.2421922e-16 -0.77582621
vn 0.63094666 9.2421922e-16 -0.77582621
vn -6.3276374e-2 -0.99495845 7.7806053e-2
vn -6.3276374e-2 -0.99495845 7.7806053e-2
vn -0.35641188 4.1076410e-16 -0.93432894
vn -0.35641188 4.1076410e-16 -0.93432894
vn 3.5743832e-2 -0.99495845 9.3701973e-2
vn 3.5743832e-2 -0.99495845 9.3701973e-2
vn 9.9020205e-2 -0.99495845 1.5895921e-2
vn 9.9020205e-2 -0.99495845 1.5895921e-2
vn 0.98735854 5.8481841e-16 0.15850273
vn 0.98735854 5.8481841e-16 0.15850273
vn 6.3276374e-2 -0.99495845 -7.7806053e-2
vn 6.3276374e-2 -0.99495845 -7.7806053e-2
vn 0.63094666 2.9240921e-16 -0.77582621
vn 0.63094666 2.9240921e-16 -0.77582621
vn -3.5743832e-2 -0.99495845 -9.3701973e-2
vn -3.5743832e-2 -0.99495845 -9.3701973e-2
vn -0.35641188 2.9240921e-16 -0.93432894
vn -0.35641188 2.9240921e-16 -0.93432894
vn -9.9020205e-2 -0.99495845 -1.5895921e-2
vn -9.9020205e-2 -0.99495845 -1.5895921e-2
vn -0.98735854 -3.4158679e-31 -0.15850273
vn -0.98735854 -3.4158679e-31 -0.15850273
vn -6.3276374e-2 -0.99495845 7.7806053e-2
vn -6.3276374e-2 -0.99495845 7.7806053e-2
vn -0.63094666 -2.9240921e-16 0.77582621
vn -0.63094666 -2.9240921e-16 0.77582621
vn 3.5743832e-2 -0.99495845 9.3701973e-2
vn 3.5743832e-2 -0.99495845 9.3701973e-2
vn 0.35641188 2.9240921e-16 0.93432894
vn 0.35641188 2.9240921e-16 0.93432894
vn 0.0000000e+0 -1.00000000 -3.1599632e-16
vn 0.98735854 5.8481841e-16 0.15850273
vn 0.98735854 5.8481841e-16 0.15850273
vn 0.0000000e+0 -1.00000000 -3.1599632e-16
vn 0.63094666 2.9240921e-16 -0.77582621
vn 0.63094666 2.9240921e-16 -0.77582621
vn 0.0000000e+0 -1.00000000 -3.1599632e-16
vn -0.35641188 2.9240921e-16 -0.93432894
vn -0.35641188 2.9240921e-16 -0.93432894
vn 0.0000000e+0 -1.00000000 -3.1599632e-16
vn -0.98735854 -3.4158679e-31 -0.15850273
vn -0.98735854 -3.4158679e-31 -0.15850273
vn 0.0000000e+0 -1.00000000 -3.1599632e-16
vn -0.63094666 -2.9240921e-16 0.77582621
vn -0.63094666 -2.9240921e-16 0.77582621
vn 0.0000000e+0 -1.00000000 -3.1599632e-16
vn 0.35641188 2.9240921e-16 0.93432894
vn 0.35641188 2.9240921e-16 0.93432894
vn 2.2940946e-2 -0.99841061 -5.1477842e-2
vn 0.93489262 2.6790747e-16 0.35493069
vn 2.2940946e-2 -0.99841061 -5.1477842e-2
vn 0.68018978 -0.36177162 -0.63754463
vn 0.68018978 -0.36177162 -0.63754463
vn 0.93489262 2.6790747e-16 0.35493069
vn 0.93489262 0.0000000e+0 0.35493069
vn 0.65714114 0.30097273 -0.69107231
vn 0.65714114 0.30097273 -0.69107231
vn 2.2940946e-2 0.99841061 -5.1477842e-2
vn 0.93489262 0.0000000e+0 0.35493069
vn 2.2940946e-2 0.99841061 -5.1477842e-2
vn -0.88901072 0.0000000e+0 -0.45788638
vn 2.2940946e-2 -0.99841061 -5.1477842e-2
vn 9.0919703e-2 -0.31893018 -0.94340720
vn 9.0919703e-2 -0.31893018 -0.94340720
vn -0.88901072 0.0000000e+0 -0.45788638
vn 2.2940946e-2 -0.99841061 -5.1477842e-2
vn 0.14497949 0.25655515 -0.95559427
vn 0.14497949 0.25655515 -0.95559427
vn 2.2940946e-2 0.99841061 -5.1477842e-2
vn -0.88901072 0.0000000e+0 -0.45788638
vn 2.2940946e-2 0.99841061 -5.1477842e-2
vn -0.88901072 0.0000000e+0 -0.45788638
vn 0.15695116 0.51861516 0.84047882
vn 0.15695116 0.51861516 0.84047882
vn 0.91340342 -2.8539523e-16 0.40705551
vn 8.9186009e-17 1.00000000 -5.6325286e-17
vn 0.91340342 0.0000000e+0 0.40705551
vn 0.22122657 -0.53418799 0.81590563
vn 0.22122657 -0.53418799 0.81590563
vn -1.4269761e-16 -1.00000000 2.3346095e-17
vn -1.4269761e-16 -1.00000000 1.7860895e-16
vn -0.76019395 -0.48548126 0.43175584
vn -0.76019395 -0.48548126 0.43175584
vn -0.91340342 -7.1348807e-17 -0.40705551
vn -0.73217147 0.46690643 0.49590656
vn -0.73217147 0.46690643 0.49590656
vn -0.91340342 -7.1348807e-17 -0.40705551
vn 8.9186009e-17 1.00000000 -5.6325286e-17
vn 0.91340342 -2.8539523e-16 0.40705551
vn 8.9186009e-17 1.00000000 -5.6325286e-17
vn 0.91340342 0.0000000e+0 0.40705551
vn -1.4269761e-16 -1.00000000 2.3346095e-17
vn -1.4269761e-16 -1.00000000 1.7860895e-16
vn -0.91340342 -7.1348807e-17 -0.40705551
vn -0.91340342 -7.1348807e-17 -0.40705551
vn 8.9186009e-17 1.00000000 -5.6325286e-17
vn 0.93489262 1.3395374e-16 0.35493069
vn 0.87162967 -1.2529100e-16 -0.49016500
vn 0.87162967 -1.2529100e-16 -0.49016500
vn 0.93489262 1.3395374e-16 0.35493069
vn 2.2940946e-2 -0.99841061 -5.1477842e-2
vn 0.32667020 -0.59662516 -0.73302456
vn 0.32667020 -0.59662516 -0.73302456
vn 2.2940946e-2 -0.99841061 -5.1477842e-2
vn 0.91340342 -1.4269761e-16 0.40705551
vn 0.52290402 -2.3704999e-16 0.85239157
vn 0.52290402 -2.3704999e-16 0.85239157
vn 0.91340342 -1.4269761e-16 0.40705551
vn -1.4269761e-16 -1.00000000 1.0097752e-16
vn -0.23028205 -0.82459301 0.51673644
vn -0.23028205 -0.82459301 0.51673644
vn -1.4269761e-16 -1.00000000 1.0097752e-16
vn 0.93489262 1.3395374e-16 0.35493069
vn 0.93489262 1.3395374e-16 0.35493069
vn 2.2940946e-2 -0.99841061 -5.1477842e-2
vn 2.2940946e-2 -0.99841061 -5.1477842e-2
vn 0.91340342 -1.4269761e-16 0.40705551
vn 0.91340342 -1.4269761e-16 0.40705551
vn -1.4269761e-16 -1.00000000 1.0097752e-16
vn -1.4269761e-16 -1.00000000 1.0097752e-16
vn -5.2501361e-2 -0.99841061 2.0490541e-2
vn -0.41549993 2.6790747e-16 -0.90959321
vn -5.2501361e-2 -0.99841061 2.0490541e-2
vn -0.93194147 -0.36177162 -2.4624891e-2
vn -0.93194147 -0.36177162 -2.4624891e-2
vn -0.41549993 2.6790747e-16 -0.90959321
vn -0.41549993 0.0000000e+0 -0.90959321
vn -0.95317171 0.30097273 2.9649685e-2
vn -0.95317171 0.30097273 2.9649685e-2
vn -5.2501361e-2 0.99841061 2.0490541e-2
vn -0.41549993 0.0000000e+0 -0.90959321
vn -5.2501361e-2 0.99841061 2.0490541e-2
vn 0.31049720 0.0000000e+0 0.95057429
vn -5.2501361e-2 -0.99841061 2.0490541e-2
vn -0.72778963 -0.31893018 0.60712915
vn -0.72778963 -0.31893018 0.60712915
vn 0.31049720 0.0000000e+0 0.95057429
vn -5.2501361e-2 -0.99841061 2.0490541e-2
vn -0.77480810 0.25655515 0.57779916
vn -0.77480810 0.25655515 0.57779916
vn -5.2501361e-2 0.99841061 2.0490541e-2
vn 0.31049720 0.0000000e+0 0.95057429
vn -5.2501361e-2 0.99841061 2.0490541e-2
vn 0.31049720 0.0000000e+0 0.95057429
vn 0.47913329 0.51861516 -0.70814519
vn 0.47913329 0.51861516 -0.70814519
vn -0.36357643 -1.4269761e-16 -0.93156437
vn 7.1348807e-17 1.00000000 1.9963524e-17
vn -0.36357643 0.0000000e+0 -0.93156437
vn 0.41614235 -0.53418799 -0.73584559
vn 0.41614235 -0.53418799 -0.73584559
vn -1.7837202e-17 -1.00000000 0.0000000e+0
vn 0.0000000e+0 -1.00000000 0.0000000e+0
vn 0.84419908 -0.48548126 0.22723527
vn 0.84419908 -0.48548126 0.22723527
vn 0.36357643 0.0000000e+0 0.93156437
vn 0.86935839 0.46690643 0.16190852
vn 0.86935839 0.46690643 0.16190852
vn 0.36357643 0.0000000e+0 0.93156437
vn 7.1348807e-17 1.00000000 1.9963524e-17
vn -0.36357643 -1.4269761e-16 -0.93156437
vn 7.1348807e-17 1.00000000 1.9963524e-17
vn -0.36357643 0.0000000e+0 -0.93156437
vn -1.7837202e-17 -1.00000000 0.0000000e+0
vn 0.0000000e+0 -1.00000000 0.0000000e+0
vn 0.36357643 0.0000000e+0 0.93156437
vn 0.36357643 0.0000000e+0 0.93156437
vn 7.1348807e-17 1.00000000 1.9963524e-17
vn -0.41549993 1.3395374e-16 -0.90959321
vn -0.96451793 -2.4362138e-16 -0.26401737
vn -0.96451793 -2.4362138e-16 -0.26401737
vn -0.41549993 1.3395374e-16 -0.90959321
vn -5.2501361e-2 -0.99841061 2.0490541e-2
vn -0.74759908 -0.59662516 0.29177737
vn -0.74759908 -0.59662516 0.29177737
vn -5.2501361e-2 -0.99841061 2.0490541e-2
vn -0.36357643 -7.1348807e-17 -0.93156437
vn 0.22720799 4.8804409e-17 -0.97384626
vn 0.22720799 4.8804409e-17 -0.97384626
vn -0.36357643 -7.1348807e-17 -0.93156437
vn -8.9186009e-18 -1.00000000 0.0000000e+0
vn 0.52701057 -0.82459301 -0.20568479
vn 0.52701057 -0.82459301 -0.20568479
vn -8.9186009e-18 -1.00000000 0.0000000e+0
vn -0.41549993 1.3395374e-16 -0.90959321
vn -0.41549993 1.3395374e-16 -0.90959321
vn -5.2501361e-2 -0.99841061 2.0490541e-2
vn -5.2501361e-2 -0.99841061 2.0490541e-2
vn -0.36357643 -7.1348807e-17 -0.93156437
vn -0.36357643 -7.1348807e-17 -0.93156437
vn -8.9186009e-18 -1.00000000 0.0000000e+0
vn -8.9186009e-18 -1.00000000 0.0000000e+0
vn -0.31049720 0.0000000e+0 -0.95057429
vn 5.2501361e-2 -0.99841061 -2.0490541e-2
vn -0.31049720 0.0000000e+0 -0.95057429
vn 5.2501361e-2 -0.99841061 -2.0490541e-2
vn 0.88130682 -0.10810826 -0.46001185
vn 0.88130682 -0.10810826 -0.46001185
vn -0.31049720 0.0000000e+0 -0.95057429
vn 5.2501361e-2 0.99841061 -2.0490541e-2
vn 0.88130682 0.10810826 -0.46001185
vn 0.88130682 0.10810826 -0.46001185
vn -0.31049720 0.0000000e+0 -0.95057429
vn 5.2501361e-2 0.99841061 -2.0490541e-2
vn 0.41549993 2.6790747e-16 0.90959321
vn 5.2501361e-2 -0.99841061 -2.0490541e-2
vn 0.41549993 2.6790747e-16 0.90959321
vn 5.2501361e-2 -0.99841061 -2.0490541e-2
vn 0.95991805 -0.10810826 -0.25859224
vn 0.95991805 -0.10810826 -0.25859224
vn 5.2501361e-2 0.99841061 -2.0490541e-2
vn 0.41549993 2.6790747e-16 0.90959321
vn 0.95991805 0.10810826 -0.25859224
vn 0.95991805 0.10810826 -0.25859224
vn 5.2501361e-2 0.99841061 -2.0490541e-2
vn 0.41549993 2.6790747e-16 0.90959321
vn 5.2501361e-2 -0.99841061 -2.0490541e-2
vn 0.41549993 0.0000000e+0 0.90959321
vn 5.2501361e-2 -0.99841061 -2.0490541e-2
vn 0.93194147 -0.36177162 2.4624891e-2
vn 0.93194147 -0.36177162 2.4624891e-2
vn 0.41549993 0.0000000e+0 0.90959321
vn 0.41549993 0.0000000e+0 0.90959321
vn 0.95317171 0.30097273 -2.9649685e-2
vn 0.95317171 0.30097273 -2.9649685e-2
vn 5.2501361e-2 0.99841061 -2.0490541e-2
vn 0.41549993 0.0000000e+0 0.90959321
vn 5.2501361e-2 0.99841061 -2.0490541e-2
vn -0.31049720 -1.3395374e-16 -0.95057429
vn 5.2501361e-2 -0.99841061 -2.0490541e-2
vn 0.72778963 -0.31893018 -0.60712915
vn 0.72778963 -0.31893018 -0.60712915
vn -0.31049720 -1.3395374e-16 -0.95057429
vn 5.2501361e-2 -0.99841061 -2.0490541e-2
vn 0.77480810 0.25655515 -0.57779916
vn 0.77480810 0.25655515 -0.57779916
vn 5.2501361e-2 0.99841061 -2.0490541e-2
vn -0.31049720 -1.3395374e-16 -0.95057429
vn 5.2501361e-2 0.99841061 -2.0490541e-2
vn -0.31049720 -1.3395374e-16 -0.95057429
vn -0.47913329 0.51861516 0.70814519
vn -0.47913329 0.51861516 0.70814519
vn 0.36357643 0.0000000e+0 0.93156437
vn 1.0702321e-16 1.00000000 -3.5547275e-17
vn 0.36357643 0.0000000e+0 0.93156437
vn -0.41614235 -0.53418799 0.73584559
vn -0.41614235 -0.53418799 0.73584559
vn -1.7837202e-17 -1.00000000 0.0000000e+0
vn 0.0000000e+0 -1.00000000 0.0000000e+0
vn -0.84419908 -0.48548126 -0.22723527
vn -0.84419908 -0.48548126 -0.22723527
vn -0.36357643 7.1348807e-17 -0.93156437
vn -0.86935839 0.46690643 -0.16190852
vn -0.86935839 0.46690643 -0.16190852
vn -0.36357643 7.1348807e-17 -0.93156437
vn 1.0702321e-16 1.00000000 -3.5547275e-17
vn 0.36357643 0.0000000e+0 0.93156437
vn 1.0702321e-16 1.00000000 -3.5547275e-17
vn 0.36357643 0.0000000e+0 0.93156437
vn -1.7837202e-17 -1.00000000 0.0000000e+0
vn 0.0000000e+0 -1.00000000 0.0000000e+0
vn -0.36357643 7.1348807e-17 -0.93156437
vn -0.36357643 7.1348807e-17 -0.93156437
vn 1.0702321e-16 1.00000000 -3.5547275e-17
vn 0.41549993 0.0000000e+0 0.90959321
vn 0.96451793 -1.0440916e-16 0.26401737
vn 0.96451793 -1.0440916e-16 0.26401737
vn 0.41549993 0.0000000e+0 0.90959321
vn 5.2501361e-2 -0.99841061 -2.0490541e-2
vn 0.74759908 -0.59662516 -0.29177737
vn 0.74759908 -0.59662516 -0.29177737
vn 5.2501361e-2 -0.99841061 -2.0490541e-2
vn 0.36357643 0.0000000e+0 0.93156437
vn -0.22720799 2.7888234e-17 0.97384626
vn -0.22720799 2.7888234e-17 0.97384626
vn 0.36357643 0.0000000e+0 0.93156437
vn -8.9186009e-18 -1.00000000 0.0000000e+0
vn -0.52701057 -0.82459301 0.20568479
vn -0.52701057 -0.82459301 0.20568479
vn -8.9186009e-18 -1.00000000 0.0000000e+0
vn 0.41549993 0.0000000e+0 0.90959321
vn 0.41549993 0.0000000e+0 0.90959321
vn 5.2501361e-2 -0.99841061 -2.0490541e-2
vn 5.2501361e-2 -0.99841061 -2.0490541e-2
vn 0.36357643 0.0000000e+0 0.93156437
vn 0.36357643 0.0000000e+0 0.93156437
vn -8.9186009e-18 -1.00000000 0.0000000e+0
vn -8.9186009e-18 -1.00000000 0.0000000e+0
vn 0.31049720 2.6790747e-16 0.95057429
vn -5.2501361e-2 -0.99841061 2.0490541e-2
vn 0.31049720 2.6790747e-16 0.95057429
vn -5.2501361e-2 -0.99841061 2.0490541e-2
vn -0.88130682 -0.10810826 0.46001185
vn -0.88130682 -0.10810826 0.46001185
vn 0.31049720 2.6790747e-16 0.95057429
vn -5.2501361e-2 0.99841061 2.0490541e-2
vn -0.88130682 0.10810826 0.46001185
vn -0.88130682 0.10810826 0.46001185
vn 0.31049720 2.6790747e-16 0.95057429
vn -5.2501361e-2 0.99841061 2.0490541e-2
vn -0.41549993 2.6790747e-16 -0.90959321
vn -5.2501361e-2 -0.99841061 2.0490541e-2
vn -0.41549993 2.6790747e-16 -0.90959321
vn -5.2501361e-2 -0.99841061 2.0490541e-2
vn -0.95991805 -0.10810826 0.25859224
vn -0.95991805 -0.10810826 0.25859224
vn -5.2501361e-2 0.99841061 2.0490541e-2
vn -0.41549993 2.6790747e-16 -0.90959321
vn -0.95991805 0.10810826 0.25859224
vn -0.95991805 0.10810826 0.25859224
vn -5.2501361e-2 0.99841061 2.0490541e-2
vn -0.41549993 2.6790747e-16 -0.90959321
vn -2.2940946e-2 -0.99841061 5.1477842e-2
vn -0.93489262 -1.3395374e-16 -0.35493069
vn -2.2940946e-2 -0.99841061 5.1477842e-2
vn -0.64073874 -0.31893018 0.69838199
vn -0.64073874 -0.31893018 0.69838199
vn -0.93489262 -1.3395374e-16 -0.35493069
vn -0.61365619 0.25655515 0.74672990
vn -0.61365619 0.25655515 0.74672990
vn -0.93489262 -1.3395374e-16 -0.35493069
vn -2.2940946e-2 0.99841061 5.1477842e-2
vn -0.93489262 -1.3395374e-16 -0.35493069
vn -2.2940946e-2 0.99841061 5.1477842e-2
vn 0.88901072 0.0000000e+0 0.45788638
vn -2.2940946e-2 -0.99841061 5.1477842e-2
vn 0.88901072 0.0000000e+0 0.45788638
vn -1.9302901e-2 -0.36177162 0.93206689
vn -1.9302901e-2 -0.36177162 0.93206689
vn -2.2940946e-2 -0.99841061 5.1477842e-2
vn -7.4517306e-2 0.30097273 0.95071688
vn -7.4517306e-2 0.30097273 0.95071688
vn -2.2940946e-2 0.99841061 5.1477842e-2
vn 0.88901072 0.0000000e+0 0.45788638
vn -2.2940946e-2 0.99841061 5.1477842e-2
vn 0.88901072 0.0000000e+0 0.45788638
vn -0.12077639 0.46690643 -0.87602023
vn -0.12077639 0.46690643 -0.87602023
vn -0.91340342 -7.1348807e-17 -0.40705551
vn 5.3511605e-17 1.00000000 -2.8162643e-17
vn -0.18721578 -0.48548126 -0.85396616
vn -0.18721578 -0.48548126 -0.85396616
vn -0.91340342 -7.1348807e-17 -0.40705551
vn 0.0000000e+0 -1.00000000 0.0000000e+0
vn -1.4269761e-16 -1.00000000 2.3346095e-17
vn 0.75463170 -0.53418799 -0.38101731
vn 0.75463170 -0.53418799 -0.38101731
vn 0.91340342 0.0000000e+0 0.40705551
vn 0.91340342 0.0000000e+0 0.40705551
vn 0.72992932 0.51861516 -0.44524318
vn 0.72992932 0.51861516 -0.44524318
vn 5.3511605e-17 1.00000000 -2.8162643e-17
vn -0.91340342 -7.1348807e-17 -0.40705551
vn 5.3511605e-17 1.00000000 -2.8162643e-17
vn -0.91340342 -7.1348807e-17 -0.40705551
vn 0.0000000e+0 -1.00000000 0.0000000e+0
vn -1.4269761e-16 -1.00000000 2.3346095e-17
vn 0.91340342 0.0000000e+0 0.40705551
vn 0.91340342 0.0000000e+0 0.40705551
vn 5.3511605e-17 1.00000000 -2.8162643e-17
vn 0.88901072 0.0000000e+0 0.45788638
vn 0.21828926 5.4292765e-16 0.97588411
vn 0.21828926 5.4292765e-16 0.97588411
vn 0.88901072 0.0000000e+0 0.45788638
vn -2.2940946e-2 -0.99841061 5.1477842e-2
vn -0.32667020 -0.59662516 0.73302456
vn -0.32667020 -0.59662516 0.73302456
vn -2.2940946e-2 -0.99841061 5.1477842e-2
vn -7.1348807e-17 -1.00000000 1.1673048e-17
vn 0.23028205 -0.82459301 -0.51673644
vn 0.23028205 -0.82459301 -0.51673644
vn -7.1348807e-17 -1.00000000 1.1673048e-17
vn 0.91340342 0.0000000e+0 0.40705551
vn 0.98346813 6.9720585e-18 -0.18108132
vn 0.98346813 6.9720585e-18 -0.18108132
vn 0.91340342 0.0000000e+0 0.40705551
vn 0.88901072 0.0000000e+0 0.45788638
vn 0.88901072 0.0000000e+0 0.45788638
vn -2.2940946e-2 -0.99841061 5.1477842e-2
vn -2.2940946e-2 -0.99841061 5.1477842e-2
vn -7.1348807e-17 -1.00000000 1.1673048e-17
vn -7.1348807e-17 -1.00000000 1.1673048e-17
vn 0.91340342 0.0000000e+0 0.40705551
vn 0.91340342 0.0000000e+0 0.40705551
vn -0.88901072 0.0000000e+0 -0.45788638
vn 2.2940946e-2 -0.99841061 -5.1477842e-2
vn -0.88901072 0.0000000e+0 -0.45788638
vn 2.2940946e-2 -0.99841061 -5.1477842e-2
vn 0.30352350 -0.10810826 -0.94667106
vn 0.30352350 -0.10810826 -0.94667106
vn -0.88901072 0.0000000e+0 -0.45788638
vn 2.2940946e-2 0.99841061 -5.1477842e-2
vn 0.30352350 0.10810826 -0.94667106
vn 0.30352350 0.10810826 -0.94667106
vn -0.88901072 0.0000000e+0 -0.45788638
vn 2.2940946e-2 0.99841061 -5.1477842e-2
vn 0.93489262 2.6790747e-16 0.35493069
vn 2.2940946e-2 -0.99841061 -5.1477842e-2
vn 0.93489262 2.6790747e-16 0.35493069
vn 2.2940946e-2 -0.99841061 -5.1477842e-2
vn 0.50101641 -0.10810826 -0.85865893
vn 0.50101641 -0.10810826 -0.85865893
vn 2.2940946e-2 0.99841061 -5.1477842e-2
vn 0.93489262 2.6790747e-16 0.35493069
vn 0.50101641 0.10810826 -0.85865893
vn 0.50101641 0.10810826 -0.85865893
vn 2.2940946e-2 0.99841061 -5.1477842e-2
vn 0.93489262 2.6790747e-16 0.35493069
vn 0.88901072 0.0000000e+0 0.45788638
vn -2.2940946e-2 -0.99841061 5.1477842e-2
vn 0.88901072 0.0000000e+0 0.45788638
vn -2.2940946e-2 -0.99841061 5.1477842e-2
vn -0.30352350 -0.10810826 0.94667106
vn -0.30352350 -0.10810826 0.94667106
vn 0.88901072 0.0000000e+0 0.45788638
vn -2.2940946e-2 0.99841061 5.1477842e-2
vn -0.30352350 0.10810826 0.94667106
vn -0.30352350 0.10810826 0.94667106
vn 0.88901072 0.0000000e+0 0.45788638
vn -2.2940946e-2 0.99841061 5.1477842e-2
vn -0.93489262 2.6790747e-16 -0.35493069
vn -2.2940946e-2 -0.99841061 5.1477842e-2
vn -0.93489262 2.6790747e-16 -0.35493069
vn -2.2940946e-2 -0.99841061 5.1477842e-2
vn -0.50101641 -0.10810826 0.85865893
vn -0.50101641 -0.10810826 0.85865893
vn -2.2940946e-2 0.99841061 5.1477842e-2
vn -0.93489262 2.6790747e-16 -0.35493069
vn -0.50101641 0.10810826 0.85865893
vn -0.50101641 0.10810826 0.85865893
vn -2.2940946e-2 0.99841061 5.1477842e-2
vn -0.93489262 2.6790747e-16 -0.35493069
vn 2.0013216e-2 -0.99841061 5.2685163e-2
vn -0.91332666 0.0000000e+0 0.40722772
vn 2.0013216e-2 -0.99841061 5.2685163e-2
vn 3.7784956e-2 -0.31893018 0.94702473
vn 3.7784956e-2 -0.31893018 0.94702473
vn -0.91332666 0.0000000e+0 0.40722772
vn 9.1074845e-2 0.25655515 0.96222909
vn 9.1074845e-2 0.25655515 0.96222909
vn -0.91332666 0.0000000e+0 0.40722772
vn 2.0013216e-2 0.99841061 5.2685163e-2
vn -0.91332666 0.0000000e+0 0.40722772
vn 2.0013216e-2 0.99841061 5.2685163e-2
vn 0.95335309 2.6790747e-16 -0.30185740
vn 2.0013216e-2 -0.99841061 5.2685163e-2
vn 0.95335309 2.6790747e-16 -0.30185740
vn 0.64330501 -0.36177162 0.67474436
vn 0.64330501 -0.36177162 0.67474436
vn 2.0013216e-2 -0.99841061 5.2685163e-2
vn 0.61728611 0.30097273 0.72689289
vn 0.61728611 0.30097273 0.72689289
vn 2.0013216e-2 0.99841061 5.2685163e-2
vn 0.95335309 0.0000000e+0 -0.30185740
vn 2.0013216e-2 0.99841061 5.2685163e-2
vn 0.95335309 0.0000000e+0 -0.30185740
vn -0.70316045 0.46690643 -0.53624972
vn -0.70316045 0.46690643 -0.53624972
vn -0.93482568 7.1348807e-17 0.35510696
vn 6.2430206e-17 1.00000000 -2.8770376e-17
vn -0.73474203 -0.48548126 -0.47377431
vn -0.73474203 -0.48548126 -0.47377431
vn -0.93482568 7.1348807e-17 0.35510696
vn 0.0000000e+0 -1.00000000 -3.3858201e-17
vn -1.4269761e-16 -1.00000000 -3.3858201e-17
vn 0.26670674 -0.53418799 -0.80219119
vn 0.26670674 -0.53418799 -0.80219119
vn 0.93482568 1.4269761e-16 -0.35510696
vn 0.93482568 -1.4269761e-16 -0.35510696
vn 0.20391308 0.51861516 -0.83033594
vn 0.20391308 0.51861516 -0.83033594
vn 6.2430206e-17 1.00000000 -2.8770376e-17
vn -0.93482568 7.1348807e-17 0.35510696
vn 6.2430206e-17 1.00000000 -2.8770376e-17
vn -0.93482568 7.1348807e-17 0.35510696
vn 0.0000000e+0 -1.00000000 -3.3858201e-17
vn -1.4269761e-16 -1.00000000 -3.3858201e-17
vn 0.93482568 1.4269761e-16 -0.35510696
vn 0.93482568 -1.4269761e-16 -0.35510696
vn 6.2430206e-17 1.00000000 -2.8770376e-17
vn 0.95335309 1.3395374e-16 -0.30185740
vn 0.84272097 2.0881833e-17 0.53835059
vn 0.84272097 2.0881833e-17 0.53835059
vn 0.95335309 1.3395374e-16 -0.30185740
vn 2.0013216e-2 -0.99841061 5.2685163e-2
vn 0.28498045 -0.59662516 0.75021634
vn 0.28498045 -0.59662516 0.75021634
vn 2.0013216e-2 -0.99841061 5.2685163e-2
vn -7.1348807e-17 -1.00000000 -3.3858201e-17
vn -0.20089339 -0.82459301 -0.52885558
vn -0.20089339 -0.82459301 -0.52885558
vn -7.1348807e-17 -1.00000000 -3.3858201e-17
vn 0.93482568 3.6977855e-32 -0.35510696
vn 0.56995733 0.0000000e+0 -0.82167429
vn 0.56995733 0.0000000e+0 -0.82167429
vn 0.93482568 3.6977855e-32 -0.35510696
vn 0.95335309 1.3395374e-16 -0.30185740
vn 0.95335309 1.3395374e-16 -0.30185740
vn 2.0013216e-2 -0.99841061 5.2685163e-2
vn 2.0013216e-2 -0.99841061 5.2685163e-2
vn -7.1348807e-17 -1.00000000 -3.3858201e-17
vn -7.1348807e-17 -1.00000000 -3.3858201e-17
vn 0.93482568 3.6977855e-32 -0.35510696
vn 0.93482568 3.6977855e-32 -0.35510696
vn -0.95335309 0.0000000e+0 0.30185740
vn -2.0013216e-2 -0.99841061 -5.2685163e-2
vn -0.95335309 0.0000000e+0 0.30185740
vn -2.0013216e-2 -0.99841061 -5.2685163e-2
vn -0.45199453 -0.10810826 -0.88544540
vn -0.45199453 -0.10810826 -0.88544540
vn -0.95335309 0.0000000e+0 0.30185740
vn -2.0013216e-2 0.99841061 -5.2685163e-2
vn -0.45199453 0.10810826 -0.88544540
vn -0.45199453 0.10810826 -0.88544540
vn -0.95335309 0.0000000e+0 0.30185740
vn -2.0013216e-2 0.99841061 -5.2685163e-2
vn 0.91332666 -2.6790747e-16 -0.40722772
vn -2.0013216e-2 -0.99841061 -5.2685163e-2
vn 0.91332666 -2.6790747e-16 -0.40722772
vn -2.0013216e-2 -0.99841061 -5.2685163e-2
vn -0.24986977 -0.10810826 -0.96222539
vn -0.24986977 -0.10810826 -0.96222539
vn -2.0013216e-2 0.99841061 -5.2685163e-2
vn 0.91332666 -2.6790747e-16 -0.40722772
vn -0.24986977 0.10810826 -0.96222539
vn -0.24986977 0.10810826 -0.96222539
vn -2.0013216e-2 0.99841061 -5.2685163e-2
vn 0.91332666 -2.6790747e-16 -0.40722772
vn -2.0013216e-2 -0.99841061 -5.2685163e-2
vn 0.91332666 -2.6790747e-16 -0.40722772
vn -2.0013216e-2 -0.99841061 -5.2685163e-2
vn 3.3081793e-2 -0.36177162 -0.93167961
vn 3.3081793e-2 -0.36177162 -0.93167961
vn 0.91332666 -2.6790747e-16 -0.40722772
vn 0.91332666 0.0000000e+0 -0.40722772
vn -2.0997870e-2 0.30097273 -0.95340155
vn -2.0997870e-2 0.30097273 -0.95340155
vn -2.0013216e-2 0.99841061 -5.2685163e-2
vn 0.91332666 0.0000000e+0 -0.40722772
vn -2.0013216e-2 0.99841061 -5.2685163e-2
vn -0.95335309 -1.3395374e-16 0.30185740
vn -2.0013216e-2 -0.99841061 -5.2685163e-2
vn -0.60049902 -0.31893018 -0.73326971
vn -0.60049902 -0.31893018 -0.73326971
vn -0.95335309 -1.3395374e-16 0.30185740
vn -2.0013216e-2 -0.99841061 -5.2685163e-2
vn -0.57074352 0.25655515 -0.78002006
vn -0.57074352 0.25655515 -0.78002006
vn -2.0013216e-2 0.99841061 -5.2685163e-2
vn -0.95335309 -1.3395374e-16 0.30185740
vn -2.0013216e-2 0.99841061 -5.2685163e-2
vn -0.95335309 -1.3395374e-16 0.30185740
vn 0.70376761 0.51861516 0.48554039
vn 0.70376761 0.51861516 0.48554039
vn 0.93482568 -1.4269761e-16 -0.35510696
vn -1.7837202e-17 1.00000000 0.0000000e+0
vn 0.93482568 0.0000000e+0 -0.35510696
vn 0.73203855 -0.53418799 0.42280344
vn 0.73203855 -0.53418799 0.42280344
vn -1.4269761e-16 -1.00000000 0.0000000e+0
vn 0.0000000e+0 -1.00000000 0.0000000e+0
vn -0.23488751 -0.48548126 0.84210202
vn -0.23488751 -0.48548126 0.84210202
vn -0.93482568 -7.1348807e-17 0.35510696
vn -0.16979179 0.46690643 0.86785317
vn -0.16979179 0.46690643 0.86785317
vn -0.93482568 -7.1348807e-17 0.35510696
vn -1.7837202e-17 1.00000000 0.0000000e+0
vn 0.93482568 -1.4269761e-16 -0.35510696
vn -1.7837202e-17 1.00000000 0.0000000e+0
vn 0.93482568 0.0000000e+0 -0.35510696
vn -1.4269761e-16 -1.00000000 0.0000000e+0
vn 0.0000000e+0 -1.00000000 0.0000000e+0
vn -0.93482568 -7.1348807e-17 0.35510696
vn -0.93482568 -7.1348807e-17 0.35510696
vn -1.7837202e-17 1.00000000 0.0000000e+0
vn 0.91332666 -1.3395374e-16 -0.40722772
vn 0.27276006 -2.4362138e-16 -0.96208209
vn 0.27276006 -2.4362138e-16 -0.96208209
vn 0.91332666 -1.3395374e-16 -0.40722772
vn -2.0013216e-2 -0.99841061 -5.2685163e-2
vn -0.28498045 -0.59662516 -0.75021634
vn -0.28498045 -0.59662516 -0.75021634
vn -2.0013216e-2 -0.99841061 -5.2685163e-2
vn 0.93482568 -7.1348807e-17 -0.35510696
vn 0.97174410 -2.7888234e-17 0.23603686
vn 0.97174410 -2.7888234e-17 0.23603686
vn 0.93482568 -7.1348807e-17 -0.35510696
vn -7.1348807e-17 -1.00000000 0.0000000e+0
vn 0.20089339 -0.82459301 0.52885558
vn 0.20089339 -0.82459301 0.52885558
vn -7.1348807e-17 -1.00000000 0.0000000e+0
vn 0.91332666 -1.3395374e-16 -0.40722772
vn 0.91332666 -1.3395374e-16 -0.40722772
vn -2.0013216e-2 -0.99841061 -5.2685163e-2
vn -2.0013216e-2 -0.99841061 -5.2685163e-2
vn 0.93482568 -7.1348807e-17 -0.35510696
vn 0.93482568 -7.1348807e-17 -0.35510696
vn -7.1348807e-17 -1.00000000 0.0000000e+0
vn -7.1348807e-17 -1.00000000 0.0000000e+0
vn 0.95335309 0.0000000e+0 -0.30185740
vn 2.0013216e-2 -0.99841061 5.2685163e-2
vn 0.95335309 0.0000000e+0 -0.30185740
vn 2.0013216e-2 -0.99841061 5.2685163e-2
vn 0.45199453 -0.10810826 0.88544540
vn 0.45199453 -0.10810826 0.88544540
vn 0.95335309 0.0000000e+0 -0.30185740
vn 2.0013216e-2 0.99841061 5.2685163e-2
vn 0.45199453 0.10810826 0.88544540
vn 0.45199453 0.10810826 0.88544540
vn 0.95335309 0.0000000e+0 -0.30185740
vn 2.0013216e-2 0.99841061 5.2685163e-2
vn -0.91332666 0.0000000e+0 0.40722772
vn 2.0013216e-2 -0.99841061 5.2685163e-2
vn -0.91332666 0.0000000e+0 0.40722772
vn 2.0013216e-2 -0.99841061 5.2685163e-2
vn 0.24986977 -0.10810826 0.96222539
vn 0.24986977 -0.10810826 0.96222539
vn 2.0013216e-2 0.99841061 5.2685163e-2
vn -0.91332666 0.0000000e+0 0.40722772
vn 0.24986977 0.10810826 0.96222539
vn 0.24986977 0.10810826 0.96222539
vn 2.0013216e-2 0.99841061 5.2685163e-2
vn -0.91332666 0.0000000e+0 0.40722772
vn -6.4408926e-17 -1.00000000 5.6626430e-18
vn -1.00000000 1.4572978e-16 -8.5408086e-17
vn -1.00000000 1.4572978e-16 -8.5408086e-17
vn -6.4408926e-17 -1.00000000 5.6626430e-18
vn -0.90096887 3.4003616e-16 0.43388374
vn -0.90096887 3.4003616e-16 0.43388374
vn -6.4408926e-17 -1.00000000 5.6626430e-18
vn -0.62348980 3.8861275e-16 0.78183148
vn -0.62348980 3.8861275e-16 0.78183148
vn -6.4408926e-17 -1.00000000 5.6626430e-18
vn -0.22252093 1.9430638e-16 0.97492791
vn -0.22252093 1.9430638e-16 0.97492791
vn -6.4408926e-17 -1.00000000 5.6626430e-18
vn 0.22252093 -9.7153188e-17 0.97492791
vn 0.22252093 -9.7153188e-17 0.97492791
vn -6.4408926e-17 -1.00000000 5.6626430e-18
vn 0.62348980 -3.6432446e-16 0.78183148
vn 0.62348980 -3.6432446e-16 0.78183148
vn -6.4408926e-17 -1.00000000 5.6626430e-18
vn 0.90096887 -4.2049114e-16 0.43388374
vn 0.90096887 -4.2049114e-16 0.43388374
vn -6.4408926e-17 -1.00000000 5.6626430e-18
vn 1.00000000 -4.5692359e-16 2.4198958e-16
vn 1.00000000 -4.5692359e-16 2.4198958e-16
vn -6.4408926e-17 -1.00000000 5.6626430e-18
vn 0.90096887 -6.4363987e-16 -0.43388374
vn 0.90096887 -6.4363987e-16 -0.43388374
vn -6.4408926e-17 -1.00000000 5.6626430e-18
vn 0.62348980 -4.3718935e-16 -0.78183148
vn 0.62348980 -4.3718935e-16 -0.78183148
vn -6.4408926e-17 -1.00000000 5.6626430e-18
vn 0.22252093 3.7928809e-32 -0.97492791
vn 0.22252093 3.7928809e-32 -0.97492791
vn -6.4408926e-17 -1.00000000 5.6626430e-18
vn -0.22252093 9.7153188e-17 -0.97492791
vn -0.22252093 9.7153188e-17 -0.97492791
vn -6.4408926e-17 -1.00000000 5.6626430e-18
vn -0.62348980 1.2144149e-16 -0.78183148
vn -0.62348980 1.2144149e-16 -0.78183148
vn -6.4408926e-17 -1.00000000 5.6626430e-18
vn -0.90096887 1.2144149e-16 -0.43388374
vn -0.90096887 1.2144149e-16 -0.43388374
vn 6.6858540e-17 1.00000000 1.4156607e-18
vn -1.00000000 1.4572978e-16 -8.5408086e-17
vn -1.00000000 1.4572978e-16 -8.5408086e-17
vn 6.6858540e-17 1.00000000 1.4156607e-18
vn -0.90096887 3.4003616e-16 0.43388374
vn -0.90096887 3.4003616e-16 0.43388374
vn 6.6858540e-17 1.00000000 1.4156607e-18
vn -0.62348980 3.8861275e-16 0.78183148
vn -0.62348980 3.8861275e-16 0.78183148
vn 6.6858540e-17 1.00000000 1.4156607e-18
vn -0.22252093 1.9430638e-16 0.97492791
vn -0.22252093 1.9430638e-16 0.97492791
vn 6.6858540e-17 1.00000000 1.4156607e-18
vn 0.22252093 -9.7153188e-17 0.97492791
vn 0.22252093 -9.7153188e-17 0.97492791
vn 6.6858540e-17 1.00000000 1.4156607e-18
vn 0.62348980 -3.6432446e-16 0.78183148
vn 0.62348980 -3.6432446e-16 0.78183148
vn 6.6858540e-17 1.00000000 1.4156607e-18
vn 0.90096887 -4.2049114e-16 0.43388374
vn 0.90096887 -4.2049114e-16 0.43388374
vn 6.6858540e-17 1.00000000 1.4156607e-18
vn 1.00000000 -4.5692359e-16 2.4198958e-16
vn 1.00000000 -4.5692359e-16 2.4198958e-16
vn 6.6858540e-17 1.00000000 1.4156607e-18
vn 0.90096887 -6.4363987e-16 -0.43388374
vn 0.90096887 -6.4363987e-16 -0.43388374
vn 6.6858540e-17 1.00000000 1.4156607e-18
vn 0.62348980 -4.3718935e-16 -0.78183148
vn 0.62348980 -4.3718935e-16 -0.78183148
vn 6.6858540e-17 1.00000000 1.4156607e-18
vn 0.22252093 3.7928809e-32 -0.97492791
vn 0.22252093 3.7928809e-32 -0.97492791
vn 6.6858540e-17 1.00000000 1.4156607e-18
vn -0.22252093 9.7153188e-17 -0.97492791
vn -0.22252093 9.7153188e-17 -0.97492791
vn 6.6858540e-17 1.00000000 1.4156607e-18
vn -0.62348980 1.2144149e-16 -0.78183148
vn -0.62348980 1.2144149e-16 -0.78183148
vn 6.6858540e-17 1.00000000 1.4156607e-18
vn -0.90096887 1.2144149e-16 -0.43388374
vn -0.90096887 1.2144149e-16 -0.43388374
vn -0.98735854 1.2836378e-16 -0.15850273
vn -0.98735854 1.2836378e-16 -0.15850273
vn -0.63094666 1.2836378e-17 0.77582621
vn -0.63094666 1.2836378e-17 0.77582621
vn 0.35641188 -2.2463662e-17 0.93432894
vn 0.35641188 -2.2463662e-17 0.93432894
vn 0.98735854 1.6045473e-17 0.15850273
vn 0.98735854 1.6045473e-17 0.15850273
vn 0.63094666 2.5672756e-17 -0.77582621
vn 0.63094666 2.5672756e-17 -0.77582621
vn -0.35641188 1.0269102e-16 -0.93432894
vn -0.35641188 1.0269102e-16 -0.93432894
vn -0.98735854 1.2836378e-16 -0.15850273
vn -0.98735854 1.2836378e-16 -0.15850273
vn 9.9020205e-2 -0.99495845 1.5895921e-2
vn 9.9020205e-2 -0.99495845 1.5895921e-2
vn -0.63094666 1.2836378e-17 0.77582621
vn -0.63094666 1.2836378e-17 0.77582621
vn 6.3276374e-2 -0.99495845 -7.7806053e-2
vn 6.3276374e-2 -0.99495845 -7.7806053e-2
vn 0.35641188 -2.2463662e-17 0.93432894
vn 0.35641188 -2.2463662e-17 0.93432894
vn -3.5743832e-2 -0.99495845 -9.3701973e-2
vn -3.5743832e-2 -0.99495845 -9.3701973e-2
vn 0.98735854 1.6045473e-17 0.15850273
vn 0.98735854 1.6045473e-17 0.15850273
vn -9.9020205e-2 -0.99495845 -1.5895921e-2
vn -9.9020205e-2 -0.99495845 -1.5895921e-2
vn 0.63094666 2.5672756e-17 -0.77582621
vn 0.63094666 2.5672756e-17 -0.77582621
vn -6.3276374e-2 -0.99495845 7.7806053e-2
vn -6.3276374e-2 -0.99495845 7.7806053e-2
vn -0.35641188 1.0269102e-16 -0.93432894
vn -0.35641188 1.0269102e-16 -0.93432894
vn 3.5743832e-2 -0.99495845 9.3701973e-2
vn 3.5743832e-2 -0.99495845 9.3701973e-2
vn 9.9020205e-2 -0.99495845 1.5895921e-2
vn 9.9020205e-2 -0.99495845 1.5895921e-2
vn 0.98735854 1.4620460e-16 0.15850273
vn 0.98735854 1.4620460e-16 0.15850273
vn 6.3276374e-2 -0.99495845 -7.7806053e-2
vn 6.3276374e-2 -0.99495845 -7.7806053e-2
vn 0.63094666 0.0000000e+0 -0.77582621
vn 0.63094666 0.0000000e+0 -0.77582621
vn -3.5743832e-2 -0.99495845 -9.3701973e-2
vn -3.5743832e-2 -0.99495845 -9.3701973e-2
vn -0.35641188 -3.6551151e-17 -0.93432894
vn -0.35641188 -3.6551151e-17 -0.93432894
vn -9.9020205e-2 -0.99495845 -1.5895921e-2
vn -9.9020205e-2 -0.99495845 -1.5895921e-2
vn -0.98735854 -3.6551151e-17 -0.15850273
vn -0.98735854 -3.6551151e-17 -0.15850273
vn -6.3276374e-2 -0.99495845 7.7806053e-2
vn -6.3276374e-2 -0.99495845 7.7806053e-2
vn -0.63094666 0.0000000e+0 0.77582621
vn -0.63094666 0.0000000e+0 0.77582621
vn 3.5743832e-2 -0.99495845 9.3701973e-2
vn 3.5743832e-2 -0.99495845 9.3701973e-2
vn 0.35641188 1.4620460e-16 0.93432894
vn 0.35641188 1.4620460e-16 0.93432894
vn 0.0000000e+0 -1.00000000 -1.0533211e-16
vn 0.98735854 1.4620460e-16 0.15850273
vn 0.98735854 1.4620460e-16 0.15850273
vn 0.0000000e+0 -1.00000000 -1.0533211e-16
vn 0.63094666 0.0000000e+0 -0.77582621
vn 0.63094666 0.0000000e+0 -0.77582621
vn 0.0000000e+0 -1.00000000 -1.0533211e-16
vn -0.35641188 -3.6551151e-17 -0.93432894
vn -0.35641188 -3.6551151e-17 -0.93432894
vn 0.0000000e+0 -1.00000000 -1.0533211e-16
vn -0.98735854 -3.6551151e-17 -0.15850273
vn -0.98735854 -3.6551151e-17 -0.15850273
vn 0.0000000e+0 -1.00000000 -1.0533211e-16
vn -0.63094666 0.0000000e+0 0.77582621
vn -0.63094666 0.0000000e+0 0.77582621
vn 0.0000000e+0 -1.00000000 -1.0533211e-16
vn 0.35641188 1.4620460e-16 0.93432894
vn 0.35641188 1.4620460e-16 0.93432894
vn -0.98735854 -1.0269102e-16 -0.15850273
vn -0.98735854 -1.0269102e-16 -0.15850273
vn -0.63094666 0.0000000e+0 0.77582621
vn -0.63094666 0.0000000e+0 0.77582621
vn 0.35641188 5.1345512e-16 0.93432894
vn 0.35641188 5.1345512e-16 0.93432894
vn 0.98735854 1.4376743e-15 0.15850273
vn 0.98735854 1.4376743e-15 0.15850273
vn 0.63094666 1.1296013e-15 -0.77582621
vn 0.63094666 1.1296013e-15 -0.77582621
vn -0.35641188 1.0269102e-16 -0.93432894
vn -0.35641188 1.0269102e-16 -0.93432894
vn -0.98735854 -1.0269102e-16 -0.15850273
vn -0.98735854 -1.0269102e-16 -0.15850273
vn 9.9020205e-2 -0.99495845 1.5895921e-2
vn 9.9020205e-2 -0.99495845 1.5895921e-2
vn -0.63094666 0.0000000e+0 0.77582621
vn -0.63094666 0.0000000e+0 0.77582621
vn 6.3276374e-2 -0.99495845 -7.7806053e-2
vn 6.3276374e-2 -0.99495845 -7.7806053e-2
vn 0.35641188 5.1345512e-16 0.93432894
vn 0.35641188 5.1345512e-16 0.93432894
vn -3.5743832e-2 -0.99495845 -9.3701973e-2
vn -3.5743832e-2 -0.99495845 -9.3701973e-2
vn 0.98735854 1.4376743e-15 0.15850273
vn 0.98735854 1.4376743e-15 0.15850273
vn -9.9020205e-2 -0.99495845 -1.5895921e-2
vn -9.9020205e-2 -0.99495845 -1.5895921e-2
vn 0.63094666 1.1296013e-15 -0.77582621
vn 0.63094666 1.1296013e-15 -0.77582621
vn -6.3276374e-2 -0.99495845 7.7806053e-2
vn -6.3276374e-2 -0.99495845 7.7806053e-2
vn -0.35641188 1.0269102e-16 -0.93432894
vn -0.35641188 1.0269102e-16 -0.93432894
vn 3.5743832e-2 -0.99495845 9.3701973e-2
vn 3.5743832e-2 -0.99495845 9.3701973e-2
vn 9.9020205e-2 -0.99495845 1.5895921e-2
vn 9.9020205e-2 -0.99495845 1.5895921e-2
vn 0.98735854 -7.3102302e-17 0.15850273
vn 0.98735854 -7.3102302e-17 0.15850273
vn 6.3276374e-2 -0.99495845 -7.7806053e-2
vn 6.3276374e-2 -0.99495845 -7.7806053e-2
vn 0.63094666 7.3102302e-17 -0.77582621
vn 0.63094666 7.3102302e-17 -0.77582621
vn -3.5743832e-2 -0.99495845 -9.3701973e-2
vn -3.5743832e-2 -0.99495845 -9.3701973e-2
vn -0.35641188 7.3102302e-17 -0.93432894
vn -0.35641188 7.3102302e-17 -0.93432894
vn -9.9020205e-2 -0.99495845 -1.5895921e-2
vn -9.9020205e-2 -0.99495845 -1.5895921e-2
vn -0.98735854 0.0000000e+0 -0.15850273
vn -0.98735854 0.0000000e+0 -0.15850273
vn -6.3276374e-2 -0.99495845 7.7806053e-2
vn -6.3276374e-2 -0.99495845 7.7806053e-2
vn -0.63094666 2.1930691e-16 0.77582621
vn -0.63094666 2.1930691e-16 0.77582621
vn 3.5743832e-2 -0.99495845 9.3701973e-2
vn 3.5743832e-2 -0.99495845 9.3701973e-2
vn 0.35641188 1.4620460e-16 0.93432894
vn 0.35641188 1.4620460e-16 0.93432894
vn 0.0000000e+0 -1.00000000 -2.1066421e-16
vn 0.98735854 -7.3102302e-17 0.15850273
vn 0.98735854 -7.3102302e-17 0.15850273
vn 0.0000000e+0 -1.00000000 -2.1066421e-16
vn 0.63094666 7.3102302e-17 -0.77582621
vn 0.63094666 7.3102302e-17 -0.77582621
vn 0.0000000e+0 -1.00000000 -2.1066421e-16
vn -0.35641188 7.3102302e-17 -0.93432894
vn -0.35641188 7.3102302e-17 -0.93432894
vn 0.0000000e+0 -1.00000000 -2.1066421e-16
vn -0.98735854 0.0000000e+0 -0.15850273
vn -0.98735854 0.0000000e+0 -0.15850273
vn 0.0000000e+0 -1.00000000 -2.1066421e-16
vn -0.63094666 2.1930691e-16 0.77582621
vn -0.63094666 2.1930691e-16 0.77582621
vn 0.0000000e+0 -1.00000000 -2.1066421e-16
vn 0.35641188 1.4620460e-16 0.93432894
vn 0.35641188 1.4620460e-16 0.93432894
vn -0.98735854 5.1345512e-16 -0.15850273
vn -0.98735854 5.1345512e-16 -0.15850273
vn -0.63094666 -1.0269102e-16 0.77582621
vn -0.63094666 -1.0269102e-16 0.77582621
vn 0.35641188 -4.1076410e-16 0.93432894
vn 0.35641188 -4.1076410e-16 0.93432894
vn 0.98735854 -7.1883717e-16 0.15850273
vn 0.98735854 -7.1883717e-16 0.15850273
vn 0.63094666 -9.2421922e-16 -0.77582621
vn 0.63094666 -9.2421922e-16 -0.77582621
vn -0.35641188 -1.7079340e-31 -0.93432894
vn -0.35641188 -1.7079340e-31 -0.93432894
vn -0.98735854 5.1345512e-16 -0.15850273
vn -0.98735854 5.1345512e-16 -0.15850273
vn 9.9020205e-2 0.99495845 1.5895921e-2
vn 9.9020205e-2 0.99495845 1.5895921e-2
vn -0.63094666 -1.0269102e-16 0.77582621
vn -0.63094666 -1.0269102e-16 0.77582621
vn 6.3276374e-2 0.99495845 -7.7806053e-2
vn 6.3276374e-2 0.99495845 -7.7806053e-2
vn 0.35641188 -4.1076410e-16 0.93432894
vn 0.35641188 -4.1076410e-16 0.93432894
vn -3.5743832e-2 0.99495845 -9.3701973e-2
vn -3.5743832e-2 0.99495845 -9.3701973e-2
vn 0.98735854 -7.1883717e-16 0.15850273
vn 0.98735854 -7.1883717e-16 0.15850273
vn -9.9020205e-2 0.99495845 -1.5895921e-2
vn -9.9020205e-2 0.99495845 -1.5895921e-2
vn 0.63094666 -9.2421922e-16 -0.77582621
vn 0.63094666 -9.2421922e-16 -0.77582621
vn -6.3276374e-2 0.99495845 7.7806053e-2
vn -6.3276374e-2 0.99495845 7.7806053e-2
vn -0.35641188 -1.7079340e-31 -0.93432894
vn -0.35641188 -1.7079340e-31 -0.93432894
vn 3.5743832e-2 0.99495845 9.3701973e-2
vn 3.5743832e-2 0.99495845 9.3701973e-2
vn 9.9020205e-2 0.99495845 1.5895921e-2
vn 9.9020205e-2 0.99495845 1.5895921e-2
vn 0.98735854 -4.3861381e-16 0.15850273
vn 0.98735854 -4.3861381e-16 0.15850273
vn 6.3276374e-2 0.99495845 -7.7806053e-2
vn 6.3276374e-2 0.99495845 -7.7806053e-2
vn 0.63094666 -1.4620460e-16 -0.77582621
vn 0.63094666 -1.4620460e-16 -0.77582621
vn -3.5743832e-2 0.99495845 -9.3701973e-2
vn -3.5743832e-2 0.99495845 -9.3701973e-2
vn -0.35641188 -2.9240921e-16 -0.93432894
vn -0.35641188 -2.9240921e-16 -0.93432894
vn -9.9020205e-2 0.99495845 -1.5895921e-2
vn -9.9020205e-2 0.99495845 -1.5895921e-2
vn -0.98735854 3.9851792e-31 -0.15850273
vn -0.98735854 3.9851792e-31 -0.15850273
vn -6.3276374e-2 0.99495845 7.7806053e-2
vn -6.3276374e-2 0.99495845 7.7806053e-2
vn -0.63094666 2.9240921e-16 0.77582621
vn -0.63094666 2.9240921e-16 0.77582621
vn 3.5743832e-2 0.99495845 9.3701973e-2
vn 3.5743832e-2 0.99495845 9.3701973e-2
vn 0.35641188 -2.9240921e-16 0.93432894
vn 0.35641188 -2.9240921e-16 0.93432894
vn 0.0000000e+0 1.00000000 5.2666053e-17
vn 0.98735854 -4.3861381e-16 0.15850273
vn 0.98735854 -4.3861381e-16 0.15850273
vn 0.0000000e+0 1.00000000 5.2666053e-17
vn 0.63094666 -1.4620460e-16 -0.77582621
vn 0.63094666 -1.4620460e-16 -0.77582621
vn 0.0000000e+0 1.00000000 5.2666053e-17
vn -0.35641188 -2.9240921e-16 -0.93432894
vn -0.35641188 -2.9240921e-16 -0.93432894
vn 0.0000000e+0 1.00000000 5.2666053e-17
vn -0.98735854 3.9851792e-31 -0.15850273
vn -0.98735854 3.9851792e-31 -0.15850273
vn 0.0000000e+0 1.00000000 5.2666053e-17
vn -0.63094666 2.9240921e-16 0.77582621
vn -0.63094666 2.9240921e-16 0.77582621
vn 0.0000000e+0 1.00000000 5.2666053e-17
vn 0.35641188 -2.9240921e-16 0.93432894
vn 0.35641188 -2.9240921e-16 0.93432894
vn -0.98735854 0.0000000e+0 -0.15850273
vn -0.98735854 0.0000000e+0 -0.15850273
vn -0.63094666 4.1076410e-16 0.77582621
vn -0.63094666 4.1076410e-16 0.77582621
vn 0.35641188 -4.1076410e-16 0.93432894
vn 0.35641188 -4.1076410e-16 0.93432894
vn 0.98735854 -1.7457474e-15 0.15850273
vn 0.98735854 -1.7457474e-15 0.15850273
vn 0.63094666 -9.2421922e-16 -0.77582621
vn 0.63094666 -9.2421922e-16 -0.77582621
vn -0.35641188 0.0000000e+0 -0.93432894
vn -0.35641188 0.0000000e+0 -0.93432894
vn -0.98735854 0.0000000e+0 -0.15850273
vn -0.98735854 0.0000000e+0 -0.15850273
vn 9.9020205e-2 0.99495845 1.5895921e-2
vn 9.9020205e-2 0.99495845 1.5895921e-2
vn -0.63094666 4.1076410e-16 0.77582621
vn -0.63094666 4.1076410e-16 0.77582621
vn 6.3276374e-2 0.99495845 -7.7806053e-2
vn 6.3276374e-2 0.99495845 -7.7806053e-2
vn 0.35641188 -4.1076410e-16 0.93432894
vn 0.35641188 -4.1076410e-16 0.93432894
vn -3.5743832e-2 0.99495845 -9.3701973e-2
vn -3.5743832e-2 0.99495845 -9.3701973e-2
vn 0.98735854 -1.7457474e-15 0.15850273
vn 0.98735854 -1.7457474e-15 0.15850273
vn -9.9020205e-2 0.99495845 -1.5895921e-2
vn -9.9020205e-2 0.99495845 -1.5895921e-2
vn 0.63094666 -9.2421922e-16 -0.77582621
vn 0.63094666 -9.2421922e-16 -0.77582621
vn -6.3276374e-2 0.99495845 7.7806053e-2
vn -6.3276374e-2 0.99495845 7.7806053e-2
vn -0.35641188 0.0000000e+0 -0.93432894
vn -0.35641188 0.0000000e+0 -0.93432894
vn 3.5743832e-2 0.99495845 9.3701973e-2
vn 3.5743832e-2 0.99495845 9.3701973e-2
vn 9.9020205e-2 0.99495845 1.5895921e-2
vn 9.9020205e-2 0.99495845 1.5895921e-2
vn 0.98735854 -2.9240921e-16 0.15850273
vn 0.98735854 -2.9240921e-16 0.15850273
vn 6.3276374e-2 0.99495845 -7.7806053e-2
vn 6.3276374e-2 0.99495845 -7.7806053e-2
vn 0.63094666 0.0000000e+0 -0.77582621
vn 0.63094666 0.0000000e+0 -0.77582621
vn -3.5743832e-2 0.99495845 -9.3701973e-2
vn -3.5743832e-2 0.99495845 -9.3701973e-2
vn -0.35641188 0.0000000e+0 -0.93432894
vn -0.35641188 0.0000000e+0 -0.93432894
vn -9.9020205e-2 0.99495845 -1.5895921e-2
vn -9.9020205e-2 0.99495845 -1.5895921e-2
vn -0.98735854 1.4620460e-16 -0.15850273
vn -0.98735854 1.4620460e-16 -0.15850273
vn -6.3276374e-2 0.99495845 7.7806053e-2
vn -6.3276374e-2 0.99495845 7.7806053e-2
vn -0.63094666 4.3861381e-16 0.77582621
vn -0.63094666 4.3861381e-16 0.77582621
vn 3.5743832e-2 0.99495845 9.3701973e-2
vn 3.5743832e-2 0.99495845 9.3701973e-2
vn 0.35641188 5.6931132e-32 0.93432894
vn 0.35641188 5.6931132e-32 0.93432894
vn 0.0000000e+0 1.00000000 0.0000000e+0
vn 0.98735854 -2.9240921e-16 0.15850273
vn 0.98735854 -2.9240921e-16 0.15850273
vn 0.0000000e+0 1.00000000 0.0000000e+0
vn 0.63094666 0.0000000e+0 -0.77582621
vn 0.63094666 0.0000000e+0 -0.77582621
vn 0.0000000e+0 1.00000000 0.0000000e+0
vn -0.35641188 0.0000000e+0 -0.93432894
vn -0.35641188 0.0000000e+0 -0.93432894
vn 0.0000000e+0 1.00000000 0.0000000e+0
vn -0.98735854 1.4620460e-16 -0.15850273
vn -0.98735854 1.4620460e-16 -0.15850273
vn 0.0000000e+0 1.00000000 0.0000000e+0
vn -0.63094666 4.3861381e-16 0.77582621
vn -0.63094666 4.3861381e-16 0.77582621
vn 0.0000000e+0 1.00000000 0.0000000e+0
vn 0.35641188 5.6931132e-32 0.93432894
vn 0.35641188 5.6931132e-32 0.93432894
vn -0.98735854 1.0269102e-16 -0.15850273
vn -0.98735854 1.0269102e-16 -0.15850273
vn -0.63094666 5.1345512e-16 0.77582621
vn -0.63094666 5.1345512e-16 0.77582621
vn 0.35641188 -4.1076410e-16 0.93432894
vn 0.35641188 -4.1076410e-16 0.93432894
vn 0.98735854 -1.6430564e-15 0.15850273
vn 0.98735854 -1.6430564e-15 0.15850273
vn 0.63094666 -1.0269102e-15 -0.77582621
vn 0.63094666 -1.0269102e-15 -0.77582621
vn -0.35641188 -2.0538205e-16 -0.93432894
vn -0.35641188 -2.0538205e-16 -0.93432894
vn -0.98735854 1.0269102e-16 -0.15850273
vn -0.98735854 1.0269102e-16 -0.15850273
vn 9.9020205e-2 0.99495845 1.5895921e-2
vn 9.9020205e-2 0.99495845 1.5895921e-2
vn -0.63094666 5.1345512e-16 0.77582621
vn -0.63094666 5.1345512e-16 0.77582621
vn 6.3276374e-2 0.99495845 -7.7806053e-2
vn 6.3276374e-2 0.99495845 -7.7806053e-2
vn 0.35641188 -4.1076410e-16 0.93432894
vn 0.35641188 -4.1076410e-16 0.93432894
vn -3.5743832e-2 0.99495845 -9.3701973e-2
vn -3.5743832e-2 0.99495845 -9.3701973e-2
vn 0.98735854 -1.6430564e-15 0.15850273
vn 0.98735854 -1.6430564e-15 0.15850273
vn -9.9020205e-2 0.99495845 -1.5895921e-2
vn -9.9020205e-2 0.99495845 -1.5895921e-2
vn 0.63094666 -1.0269102e-15 -0.77582621
vn 0.63094666 -1.0269102e-15 -0.77582621
vn -6.3276374e-2 0.99495845 7.7806053e-2
vn -6.3276374e-2 0.99495845 7.7806053e-2
vn -0.35641188 -2.0538205e-16 -0.93432894
vn -0.35641188 -2.0538205e-16 -0.93432894
vn 3.5743832e-2 0.99495845 9.3701973e-2
vn 3.5743832e-2 0.99495845 9.3701973e-2
vn 9.9020205e-2 0.99495845 1.5895921e-2
vn 9.9020205e-2 0.99495845 1.5895921e-2
vn 0.98735854 -2.9240921e-16 0.15850273
vn 0.98735854 -2.9240921e-16 0.15850273
vn 6.3276374e-2 0.99495845 -7.7806053e-2
vn 6.3276374e-2 0.99495845 -7.7806053e-2
vn 0.63094666 5.8481841e-16 -0.77582621
vn 0.63094666 5.8481841e-16 -0.77582621
vn -3.5743832e-2 0.99495845 -9.3701973e-2
vn -3.5743832e-2 0.99495845 -9.3701973e-2
vn -0.35641188 5.8481841e-16 -0.93432894
vn -0.35641188 5.8481841e-16 -0.93432894
vn -9.9020205e-2 0.99495845 -1.5895921e-2
vn -9.9020205e-2 0.99495845 -1.5895921e-2
vn -0.98735854 0.0000000e+0 -0.15850273
vn -0.98735854 0.0000000e+0 -0.15850273
vn -6.3276374e-2 0.99495845 7.7806053e-2
vn -6.3276374e-2 0.99495845 7.7806053e-2
vn -0.63094666 0.0000000e+0 0.77582621
vn -0.63094666 0.0000000e+0 0.77582621
vn 3.5743832e-2 0.99495845 9.3701973e-2
vn 3.5743832e-2 0.99495845 9.3701973e-2
vn 0.35641188 -2.9240921e-16 0.93432894
vn 0.35641188 -2.9240921e-16 0.93432894
vn 2.2946955e-16 1.00000000 -7.8999080e-17
vn 0.98735854 -2.9240921e-16 0.15850273
vn 0.98735854 -2.9240921e-16 0.15850273
vn 2.2946955e-16 1.00000000 -7.8999080e-17
vn 0.63094666 5.8481841e-16 -0.77582621
vn 0.63094666 5.8481841e-16 -0.77582621
vn 2.2946955e-16 1.00000000 -7.8999080e-17
vn -0.35641188 5.8481841e-16 -0.93432894
vn -0.35641188 5.8481841e-16 -0.93432894
vn 2.2946955e-16 1.00000000 -7.8999080e-17
vn -0.98735854 0.0000000e+0 -0.15850273
vn -0.98735854 0.0000000e+0 -0.15850273
vn 2.2946955e-16 1.00000000 -7.8999080e-17
vn -0.63094666 0.0000000e+0 0.77582621
vn -0.63094666 0.0000000e+0 0.77582621
vn 2.2946955e-16 1.00000000 -7.8999080e-17
vn 0.35641188 -2.9240921e-16 0.93432894
vn 0.35641188 -2.9240921e-16 0.93432894
vn -0.94264149 -1.0359938e-16 0.33380686
vn -0.94264149 -1.0359938e-16 0.33380686
vn -0.18223553 -2.0719877e-16 0.98325491
vn -0.18223553 -2.0719877e-16 0.98325491
vn 0.76040597 -4.8238463e-16 0.64944805
vn 0.76040597 -4.8238463e-16 0.64944805
vn 0.94264149 -8.7088232e-16 -0.33380686
vn 0.94264149 -8.7088232e-16 -0.33380686
vn 0.18223553 -4.7914715e-16 -0.98325491
vn 0.18223553 -4.7914715e-16 -0.98325491
vn -0.76040597 1.2949923e-17 -0.64944805
vn -0.76040597 1.2949923e-17 -0.64944805
vn -0.94264149 -1.0359938e-16 0.33380686
vn -0.94264149 -1.0359938e-16 0.33380686
vn 9.4535622e-2 0.99495845 -3.3476820e-2
vn 9.4535622e-2 0.99495845 -3.3476820e-2
vn -0.18223553 -2.0719877e-16 0.98325491
vn -0.18223553 -2.0719877e-16 0.98325491
vn 1.8276035e-2 0.99495845 -9.8608660e-2
vn 1.8276035e-2 0.99495845 -9.8608660e-2
vn 0.76040597 -4.8238463e-16 0.64944805
vn 0.76040597 -4.8238463e-16 0.64944805
vn -7.6259587e-2 0.99495845 -6.5131841e-2
vn -7.6259587e-2 0.99495845 -6.5131841e-2
vn 0.94264149 -8.7088232e-16 -0.33380686
vn 0.94264149 -8.7088232e-16 -0.33380686
vn -9.4535622e-2 0.99495845 3.3476820e-2
vn -9.4535622e-2 0.99495845 3.3476820e-2
vn 0.18223553 -4.7914715e-16 -0.98325491
vn 0.18223553 -4.7914715e-16 -0.98325491
vn -1.8276035e-2 0.99495845 9.8608660e-2
vn -1.8276035e-2 0.99495845 9.8608660e-2
vn -0.76040597 1.2949923e-17 -0.64944805
vn -0.76040597 1.2949923e-17 -0.64944805
vn 7.6259587e-2 0.99495845 6.5131841e-2
vn 7.6259587e-2 0.99495845 6.5131841e-2
vn 9.4535622e-2 0.99495845 -3.3476820e-2
vn 9.4535622e-2 0.99495845 -3.3476820e-2
vn 0.94264149 1.2906063e-16 -0.33380686
vn 0.94264149 1.2906063e-16 -0.33380686
vn 1.8276035e-2 0.99495845 -9.8608660e-2
vn 1.8276035e-2 0.99495845 -9.8608660e-2
vn 0.18223553 1.4749786e-16 -0.98325491
vn 0.18223553 1.4749786e-16 -0.98325491
vn -7.6259587e-2 0.99495845 -6.5131841e-2
vn -7.6259587e-2 0.99495845 -6.5131841e-2
vn -0.76040597 3.9640051e-16 -0.64944805
vn -0.76040597 3.9640051e-16 -0.64944805
vn -9.4535622e-2 0.99495845 3.3476820e-2
vn -9.4535622e-2 0.99495845 3.3476820e-2
vn -0.94264149 3.4108881e-16 0.33380686
vn -0.94264149 3.4108881e-16 0.33380686
vn -1.8276035e-2 0.99495845 9.8608660e-2
vn -1.8276035e-2 0.99495845 9.8608660e-2
vn -0.18223553 1.0140478e-16 0.98325491
vn -0.18223553 1.0140478e-16 0.98325491
vn 7.6259587e-2 0.99495845 6.5131841e-2
vn 7.6259587e-2 0.99495845 6.5131841e-2
vn 0.76040597 1.3827925e-16 0.64944805
vn 0.76040597 1.3827925e-16 0.64944805
vn 0.0000000e+0 1.00000000 0.0000000e+0
vn 0.94264149 1.2906063e-16 -0.33380686
vn 0.94264149 1.2906063e-16 -0.33380686
vn 0.0000000e+0 1.00000000 0.0000000e+0
vn 0.18223553 1.4749786e-16 -0.98325491
vn 0.18223553 1.4749786e-16 -0.98325491
vn 0.0000000e+0 1.00000000 0.0000000e+0
vn -0.76040597 3.9640051e-16 -0.64944805
vn -0.76040597 3.9640051e-16 -0.64944805
vn 0.0000000e+0 1.00000000 0.0000000e+0
vn -0.94264149 3.4108881e-16 0.33380686
vn -0.94264149 3.4108881e-16 0.33380686
vn 0.0000000e+0 1.00000000 0.0000000e+0
vn -0.18223553 1.0140478e-16 0.98325491
vn -0.18223553 1.0140478e-16 0.98325491
vn 0.0000000e+0 1.00000000 0.0000000e+0
vn 0.76040597 1.3827925e-16 0.64944805
vn 0.76040597 1.3827925e-16 0.64944805
vn -0.98735854 -7.7018268e-17 -0.15850273
vn -0.98735854 -7.7018268e-17 -0.15850273
vn -0.63094666 -1.9254567e-17 0.77582621
vn -0.63094666 -1.9254567e-17 0.77582621
vn 0.35641188 6.4181890e-18 0.93432894
vn 0.35641188 6.4181890e-18 0.93432894
vn 0.98735854 0.0000000e+0 0.15850273
vn 0.98735854 0.0000000e+0 0.15850273
vn 0.63094666 0.0000000e+0 -0.77582621
vn 0.63094666 0.0000000e+0 -0.77582621
vn -0.35641188 -5.1345512e-17 -0.93432894
vn -0.35641188 -5.1345512e-17 -0.93432894
vn -0.98735854 -7.7018268e-17 -0.15850273
vn -0.98735854 -7.7018268e-17 -0.15850273
vn 9.9020205e-2 0.99495845 1.5895921e-2
vn 9.9020205e-2 0.99495845 1.5895921e-2
vn -0.63094666 -1.9254567e-17 0.77582621
vn -0.63094666 -1.9254567e-17 0.77582621
vn 6.3276374e-2 0.99495845 -7.7806053e-2
vn 6.3276374e-2 0.99495845 -7.7806053e-2
vn 0.35641188 6.4181890e-18 0.93432894
vn 0.35641188 6.4181890e-18 0.93432894
vn -3.5743832e-2 0.99495845 -9.3701973e-2
vn -3.5743832e-2 0.99495845 -9.3701973e-2
vn 0.98735854 0.0000000e+0 0.15850273
vn 0.98735854 0.0000000e+0 0.15850273
vn -9.9020205e-2 0.99495845 -1.5895921e-2
vn -9.9020205e-2 0.99495845 -1.5895921e-2
vn 0.63094666 0.0000000e+0 -0.77582621
vn 0.63094666 0.0000000e+0 -0.77582621
vn -6.3276374e-2 0.99495845 7.7806053e-2
vn -6.3276374e-2 0.99495845 7.7806053e-2
vn -0.35641188 -5.1345512e-17 -0.93432894
vn -0.35641188 -5.1345512e-17 -0.93432894
vn 3.5743832e-2 0.99495845 9.3701973e-2
vn 3.5743832e-2 0.99495845 9.3701973e-2
vn 9.9020205e-2 0.99495845 1.5895921e-2
vn 9.9020205e-2 0.99495845 1.5895921e-2
vn 0.98735854 -3.6551151e-17 0.15850273
vn 0.98735854 -3.6551151e-17 0.15850273
vn 6.3276374e-2 0.99495845 -7.7806053e-2
vn 6.3276374e-2 0.99495845 -7.7806053e-2
vn 0.63094666 3.6551151e-17 -0.77582621
vn 0.63094666 3.6551151e-17 -0.77582621
vn -3.5743832e-2 0.99495845 -9.3701973e-2
vn -3.5743832e-2 0.99495845 -9.3701973e-2
vn -0.35641188 7.3102302e-17 -0.93432894
vn -0.35641188 7.3102302e-17 -0.93432894
vn -9.9020205e-2 0.99495845 -1.5895921e-2
vn -9.9020205e-2 0.99495845 -1.5895921e-2
vn -0.98735854 7.3102302e-17 -0.15850273
vn -0.98735854 7.3102302e-17 -0.15850273
vn -6.3276374e-2 0.99495845 7.7806053e-2
vn -6.3276374e-2 0.99495845 7.7806053e-2
vn -0.63094666 0.0000000e+0 0.77582621
vn -0.63094666 0.0000000e+0 0.77582621
vn 3.5743832e-2 0.99495845 9.3701973e-2
vn 3.5743832e-2 0.99495845 9.3701973e-2
vn 0.35641188 -7.3102302e-17 0.93432894
vn 0.35641188 -7.3102302e-17 0.93432894
vn 1.1473478e-16 1.00000000 2.6333027e-17
vn 0.98735854 -3.6551151e-17 0.15850273
vn 0.98735854 -3.6551151e-17 0.15850273
vn 1.1473478e-16 1.00000000 2.6333027e-17
vn 0.63094666 3.6551151e-17 -0.77582621
vn 0.63094666 3.6551151e-17 -0.77582621
vn 1.1473478e-16 1.00000000 2.6333027e-17
vn -0.35641188 7.3102302e-17 -0.93432894
vn -0.35641188 7.3102302e-17 -0.93432894
vn 1.1473478e-16 1.00000000 2.6333027e-17
vn -0.98735854 7.3102302e-17 -0.15850273
vn -0.98735854 7.3102302e-17 -0.15850273
vn 1.1473478e-16 1.00000000 2.6333027e-17
vn -0.63094666 0.0000000e+0 0.77582621
vn -0.63094666 0.0000000e+0 0.77582621
vn 1.1473478e-16 1.00000000 2.6333027e-17
vn 0.35641188 -7.3102302e-17 0.93432894
vn 0.35641188 -7.3102302e-17 0.93432894
vn -0.98735854 -1.0269102e-16 -0.15850273
vn -0.98735854 -1.0269102e-16 -0.15850273
vn -0.63094666 -4.1076410e-16 0.77582621
vn -0.63094666 -4.1076410e-16 0.77582621
vn 0.35641188 4.1076410e-16 0.93432894
vn 0.35641188 4.1076410e-16 0.93432894
vn 0.98735854 1.7457474e-15 0.15850273
vn 0.98735854 1.7457474e-15 0.15850273
vn 0.63094666 9.2421922e-16 -0.77582621
vn 0.63094666 9.2421922e-16 -0.77582621
vn -0.35641188 -1.0269102e-16 -0.93432894
vn -0.35641188 -1.0269102e-16 -0.93432894
vn -0.98735854 -1.0269102e-16 -0.15850273
vn -0.98735854 -1.0269102e-16 -0.15850273
vn 9.9020205e-2 -0.99495845 1.5895921e-2
vn 9.9020205e-2 -0.99495845 1.5895921e-2
vn -0.63094666 -4.1076410e-16 0.77582621
vn -0.63094666 -4.1076410e-16 0.77582621
vn 6.3276374e-2 -0.99495845 -7.7806053e-2
vn 6.3276374e-2 -0.99495845 -7.7806053e-2
vn 0.35641188 4.1076410e-16 0.93432894
vn 0.35641188 4.1076410e-16 0.93432894
vn -3.5743832e-2 -0.99495845 -9.3701973e-2
vn -3.5743832e-2 -0.99495845 -9.3701973e-2
vn 0.98735854 1.7457474e-15 0.15850273
vn 0.98735854 1.7457474e-15 0.15850273
vn -9.9020205e-2 -0.99495845 -1.5895921e-2
vn -9.9020205e-2 -0.99495845 -1.5895921e-2
vn 0.63094666 9.2421922e-16 -0.77582621
vn 0.63094666 9.2421922e-16 -0.77582621
vn -6.3276374e-2 -0.99495845 7.7806053e-2
vn -6.3276374e-2 -0.99495845 7.7806053e-2
vn -0.35641188 -1.0269102e-16 -0.93432894
vn -0.35641188 -1.0269102e-16 -0.93432894
vn 3.5743832e-2 -0.99495845 9.3701973e-2
vn 3.5743832e-2 -0.99495845 9.3701973e-2
vn 9.9020205e-2 -0.99495845 1.5895921e-2
vn 9.9020205e-2 -0.99495845 1.5895921e-2
vn 0.98735854 2.9240921e-16 0.15850273
vn 0.98735854 2.9240921e-16 0.15850273
vn 6.3276374e-2 -0.99495845 -7.7806053e-2
vn 6.3276374e-2 -0.99495845 -7.7806053e-2
vn 0.63094666 0.0000000e+0 -0.77582621
vn 0.63094666 0.0000000e+0 -0.77582621
vn -3.5743832e-2 -0.99495845 -9.3701973e-2
vn -3.5743832e-2 -0.99495845 -9.3701973e-2
vn -0.35641188 0.0000000e+0 -0.93432894
vn -0.35641188 0.0000000e+0 -0.93432894
vn -9.9020205e-2 -0.99495845 -1.5895921e-2
vn -9.9020205e-2 -0.99495845 -1.5895921e-2
vn -0.98735854 -1.4620460e-16 -0.15850273
vn -0.98735854 -1.4620460e-16 -0.15850273
vn -6.3276374e-2 -0.99495845 7.7806053e-2
vn -6.3276374e-2 -0.99495845 7.7806053e-2
vn -0.63094666 -4.3861381e-16 0.77582621
vn -0.63094666 -4.3861381e-16 0.77582621
vn 3.5743832e-2 -0.99495845 9.3701973e-2
vn 3.5743832e-2 -0.99495845 9.3701973e-2
vn 0.35641188 -4.5544906e-31 0.93432894
vn 0.35641188 -4.5544906e-31 0.93432894
vn 0.0000000e+0 -1.00000000 -2.1066421e-16
vn 0.98735854 2.9240921e-16 0.15850273
vn 0.98735854 2.9240921e-16 0.15850273
vn 0.0000000e+0 -1.00000000 -2.1066421e-16
vn 0.63094666 0.0000000e+0 -0.77582621
vn 0.63094666 0.0000000e+0 -0.77582621
vn 0.0000000e+0 -1.00000000 -2.1066421e-16
vn -0.35641188 0.0000000e+0 -0.93432894
vn -0.35641188 0.0000000e+0 -0.93432894
vn 0.0000000e+0 -1.00000000 -2.1066421e-16
vn -0.98735854 -1.4620460e-16 -0.15850273
vn -0.98735854 -1.4620460e-16 -0.15850273
vn 0.0000000e+0 -1.00000000 -2.1066421e-16
vn -0.63094666 -4.3861381e-16 0.77582621
vn -0.63094666 -4.3861381e-16 0.77582621
vn 0.0000000e+0 -1.00000000 -2.1066421e-16
vn 0.35641188 -4.5544906e-31 0.93432894
vn 0.35641188 -4.5544906e-31 0.93432894
vn -0.98735854 -2.0538205e-16 -0.15850273
vn -0.98735854 -2.0538205e-16 -0.15850273
vn -0.63094666 -2.0538205e-16 0.77582621
vn -0.63094666 -2.0538205e-16 0.77582621
vn 0.35641188 4.1076410e-16 0.93432894
vn 0.35641188 4.1076410e-16 0.93432894
vn 0.98735854 8.2152819e-16 0.15850273
vn 0.98735854 8.2152819e-16 0.15850273
vn 0.63094666 4.1076410e-16 -0.77582621
vn 0.63094666 4.1076410e-16 -0.77582621
vn -0.35641188 0.0000000e+0 -0.93432894
vn -0.35641188 0.0000000e+0 -0.93432894
vn -0.98735854 -2.0538205e-16 -0.15850273
vn -0.98735854 -2.0538205e-16 -0.15850273
vn 9.9020205e-2 -0.99495845 1.5895921e-2
vn 9.9020205e-2 -0.99495845 1.5895921e-2
vn -0.63094666 -2.0538205e-16 0.77582621
vn -0.63094666 -2.0538205e-16 0.77582621
vn 6.3276374e-2 -0.99495845 -7.7806053e-2
vn 6.3276374e-2 -0.99495845 -7.7806053e-2
vn 0.35641188 4.1076410e-16 0.93432894
vn 0.35641188 4.1076410e-16 0.93432894
vn -3.5743832e-2 -0.99495845 -9.3701973e-2
vn -3.5743832e-2 -0.99495845 -9.3701973e-2
vn 0.98735854 8.2152819e-16 0.15850273
vn 0.98735854 8.2152819e-16 0.15850273
vn -9.9020205e-2 -0.99495845 -1.5895921e-2
vn -9.9020205e-2 -0.99495845 -1.5895921e-2
vn 0.63094666 4.1076410e-16 -0.77582621
vn 0.63094666 4.1076410e-16 -0.77582621
vn -6.3276374e-2 -0.99495845 7.7806053e-2
vn -6.3276374e-2 -0.99495845 7.7806053e-2
vn -0.35641188 0.0000000e+0 -0.93432894
vn -0.35641188 0.0000000e+0 -0.93432894
vn 3.5743832e-2 -0.99495845 9.3701973e-2
vn 3.5743832e-2 -0.99495845 9.3701973e-2
vn 9.9020205e-2 -0.99495845 1.5895921e-2
vn 9.9020205e-2 -0.99495845 1.5895921e-2
vn 0.98735854 0.0000000e+0 0.15850273
vn 0.98735854 0.0000000e+0 0.15850273
vn 6.3276374e-2 -0.99495845 -7.7806053e-2
vn 6.3276374e-2 -0.99495845 -7.7806053e-2
vn 0.63094666 0.0000000e+0 -0.77582621
vn 0.63094666 0.0000000e+0 -0.77582621
vn -3.5743832e-2 -0.99495845 -9.3701973e-2
vn -3.5743832e-2 -0.99495845 -9.3701973e-2
vn -0.35641188 -5.8481841e-16 -0.93432894
vn -0.35641188 -5.8481841e-16 -0.93432894
vn -9.9020205e-2 -0.99495845 -1.5895921e-2
vn -9.9020205e-2 -0.99495845 -1.5895921e-2
vn -0.98735854 -5.8481841e-16 -0.15850273
vn -0.98735854 -5.8481841e-16 -0.15850273
vn -6.3276374e-2 -0.99495845 7.7806053e-2
vn -6.3276374e-2 -0.99495845 7.7806053e-2
vn -0.63094666 -5.8481841e-16 0.77582621
vn -0.63094666 -5.8481841e-16 0.77582621
vn 3.5743832e-2 -0.99495845 9.3701973e-2
vn 3.5743832e-2 -0.99495845 9.3701973e-2
vn 0.35641188 -5.8481841e-16 0.93432894
vn 0.35641188 -5.8481841e-16 0.93432894
vn 0.0000000e+0 -1.00000000 1.0533211e-16
vn 0.98735854 0.0000000e+0 0.15850273
vn 0.98735854 0.0000000e+0 0.15850273
vn 0.0000000e+0 -1.00000000 1.0533211e-16
vn 0.63094666 0.0000000e+0 -0.77582621
vn 0.63094666 0.0000000e+0 -0.77582621
vn 0.0000000e+0 -1.00000000 1.0533211e-16
vn -0.35641188 -5.8481841e-16 -0.93432894
vn -0.35641188 -5.8481841e-16 -0.93432894
vn 0.0000000e+0 -1.00000000 1.0533211e-16
vn -0.98735854 -5.8481841e-16 -0.15850273
vn -0.98735854 -5.8481841e-16 -0.15850273
vn 0.0000000e+0 -1.00000000 1.0533211e-16
vn -0.63094666 -5.8481841e-16 0.77582621
vn -0.63094666 -5.8481841e-16 0.77582621
vn 0.0000000e+0 -1.00000000 1.0533211e-16
vn 0.35641188 -5.8481841e-16 0.93432894
vn 0.35641188 -5.8481841e-16 0.93432894
vn -0.98735854 -2.0538205e-16 -0.15850273
vn -0.98735854 -2.0538205e-16 -0.15850273
vn -0.63094666 0.0000000e+0 0.77582621
vn -0.63094666 0.0000000e+0 0.77582621
vn 0.35641188 6.1614614e-16 0.93432894
vn 0.35641188 6.1614614e-16 0.93432894
vn 0.98735854 1.0269102e-15 0.15850273
vn 0.98735854 1.0269102e-15 0.15850273
vn 0.63094666 8.2152819e-16 -0.77582621
vn 0.63094666 8.2152819e-16 -0.77582621
vn -0.35641188 2.0538205e-16 -0.93432894
vn -0.35641188 2.0538205e-16 -0.93432894
vn -0.98735854 -2.0538205e-16 -0.15850273
vn -0.98735854 -2.0538205e-16 -0.15850273
vn 9.9020205e-2 -0.99495845 1.5895921e-2
vn 9.9020205e-2 -0.99495845 1.5895921e-2
vn -0.63094666 0.0000000e+0 0.77582621
vn -0.63094666 0.0000000e+0 0.77582621
vn 6.3276374e-2 -0.99495845 -7.7806053e-2
vn 6.3276374e-2 -0.99495845 -7.7806053e-2
vn 0.35641188 6.1614614e-16 0.93432894
vn 0.35641188 6.1614614e-16 0.93432894
vn -3.5743832e-2 -0.99495845 -9.3701973e-2
vn -3.5743832e-2 -0.99495845 -9.3701973e-2
vn 0.98735854 1.0269102e-15 0.15850273
vn 0.98735854 1.0269102e-15 0.15850273
vn -9.9020205e-2 -0.99495845 -1.5895921e-2
vn -9.9020205e-2 -0.99495845 -1.5895921e-2
vn 0.63094666 8.2152819e-16 -0.77582621
vn 0.63094666 8.2152819e-16 -0.77582621
vn -6.3276374e-2 -0.99495845 7.7806053e-2
vn -6.3276374e-2 -0.99495845 7.7806053e-2
vn -0.35641188 2.0538205e-16 -0.93432894
vn -0.35641188 2.0538205e-16 -0.93432894
vn 3.5743832e-2 -0.99495845 9.3701973e-2
vn 3.5743832e-2 -0.99495845 9.3701973e-2
vn 9.9020205e-2 -0.99495845 1.5895921e-2
vn 9.9020205e-2 -0.99495845 1.5895921e-2
vn 0.98735854 -5.8481841e-16 0.15850273
vn 0.98735854 -5.8481841e-16 0.15850273
vn 6.3276374e-2 -0.99495845 -7.7806053e-2
vn 6.3276374e-2 -0.99495845 -7.7806053e-2
vn 0.63094666 -5.8481841e-16 -0.77582621
vn 0.63094666 -5.8481841e-16 -0.77582621
vn -3.5743832e-2 -0.99495845 -9.3701973e-2
vn -3.5743832e-2 -0.99495845 -9.3701973e-2
vn -0.35641188 -2.9240921e-16 -0.93432894
vn -0.35641188 -2.9240921e-16 -0.93432894
vn -9.9020205e-2 -0.99495845 -1.5895921e-2
vn -9.9020205e-2 -0.99495845 -1.5895921e-2
vn -0.98735854 -1.4620460e-16 -0.15850273
vn -0.98735854 -1.4620460e-16 -0.15850273
vn -6.3276374e-2 -0.99495845 7.7806053e-2
vn -6.3276374e-2 -0.99495845 7.7806053e-2
vn -0.63094666 1.4620460e-16 0.77582621
vn -0.63094666 1.4620460e-16 0.77582621
vn 3.5743832e-2 -0.99495845 9.3701973e-2
vn 3.5743832e-2 -0.99495845 9.3701973e-2
vn 0.35641188 0.0000000e+0 0.93432894
vn 0.35641188 0.0000000e+0 0.93432894
vn 0.0000000e+0 -1.00000000 -1.0533211e-16
vn 0.98735854 -5.8481841e-16 0.15850273
vn 0.98735854 -5.8481841e-16 0.15850273
vn 0.0000000e+0 -1.00000000 -1.0533211e-16
vn 0.63094666 -5.8481841e-16 -0.77582621
vn 0.63094666 -5.8481841e-16 -0.77582621
vn 0.0000000e+0 -1.00000000 -1.0533211e-16
vn -0.35641188 -2.9240921e-16 -0.93432894
vn -0.35641188 -2.9240921e-16 -0.93432894
vn 0.0000000e+0 -1.00000000 -1.0533211e-16
vn -0.98735854 -1.4620460e-16 -0.15850273
vn -0.98735854 -1.4620460e-16 -0.15850273
vn 0.0000000e+0 -1.00000000 -1.0533211e-16
vn -0.63094666 1.4620460e-16 0.77582621
vn -0.63094666 1.4620460e-16 0.77582621
vn 0.0000000e+0 -1.00000000 -1.0533211e-16
vn 0.35641188 0.0000000e+0 0.93432894
vn 0.35641188 0.0000000e+0 0.93432894
vn -0.98735854 5.4084575e-31 -0.15850273
vn -0.98735854 5.4084575e-31 -0.15850273
vn -0.63094666 6.1614614e-16 0.77582621
vn -0.63094666 6.1614614e-16 0.77582621
vn 0.35641188 1.2322923e-15 0.93432894
vn 0.35641188 1.2322923e-15 0.93432894
vn 0.98735854 1.4376743e-15 0.15850273
vn 0.98735854 1.4376743e-15 0.15850273
vn 0.63094666 6.1614614e-16 -0.77582621
vn 0.63094666 6.1614614e-16 -0.77582621
vn -0.35641188 -2.0538205e-16 -0.93432894
vn -0.35641188 -2.0538205e-16 -0.93432894
vn -0.98735854 5.4084575e-31 -0.15850273
vn -0.98735854 5.4084575e-31 -0.15850273
vn 9.9020205e-2 -0.99495845 1.5895921e-2
vn 9.9020205e-2 -0.99495845 1.5895921e-2
vn -0.63094666 6.1614614e-16 0.77582621
vn -0.63094666 6.1614614e-16 0.77582621
vn 6.3276374e-2 -0.99495845 -7.7806053e-2
vn 6.3276374e-2 -0.99495845 -7.7806053e-2
vn 0.35641188 1.2322923e-15 0.93432894
vn 0.35641188 1.2322923e-15 0.93432894
vn -3.5743832e-2 -0.99495845 -9.3701973e-2
vn -3.5743832e-2 -0.99495845 -9.3701973e-2
vn 0.98735854 1.4376743e-15 0.15850273
vn 0.98735854 1.4376743e-15 0.15850273
vn -9.9020205e-2 -0.99495845 -1.5895921e-2
vn -9.9020205e-2 -0.99495845 -1.5895921e-2
vn 0.63094666 6.1614614e-16 -0.77582621
vn 0.63094666 6.1614614e-16 -0.77582621
vn -6.3276374e-2 -0.99495845 7.7806053e-2
vn -6.3276374e-2 -0.99495845 7.7806053e-2
vn -0.35641188 -2.0538205e-16 -0.93432894
vn -0.35641188 -2.0538205e-16 -0.93432894
vn 3.5743832e-2 -0.99495845 9.3701973e-2
vn 3.5743832e-2 -0.99495845 9.3701973e-2
vn 9.9020205e-2 -0.99495845 1.5895921e-2
vn 9.9020205e-2 -0.99495845 1.5895921e-2
vn 0.98735854 -2.9240921e-16 0.15850273
vn 0.98735854 -2.9240921e-16 0.15850273
vn 6.3276374e-2 -0.99495845 -7.7806053e-2
vn 6.3276374e-2 -0.99495845 -7.7806053e-2
vn 0.63094666 -2.9240921e-16 -0.77582621
vn 0.63094666 -2.9240921e-16 -0.77582621
vn -3.5743832e-2 -0.99495845 -9.3701973e-2
vn -3.5743832e-2 -0.99495845 -9.3701973e-2
vn -0.35641188 -5.8481841e-16 -0.93432894
vn -0.35641188 -5.8481841e-16 -0.93432894
vn -9.9020205e-2 -0.99495845 -1.5895921e-2
vn -9.9020205e-2 -0.99495845 -1.5895921e-2
vn -0.98735854 -5.8481841e-16 -0.15850273
vn -0.98735854 -5.8481841e-16 -0.15850273
vn -6.3276374e-2 -0.99495845 7.7806053e-2
vn -6.3276374e-2 -0.99495845 7.7806053e-2
vn -0.63094666 0.0000000e+0 0.77582621
vn -0.63094666 0.0000000e+0 0.77582621
vn 3.5743832e-2 -0.99495845 9.3701973e-2
vn 3.5743832e-2 -0.99495845 9.3701973e-2
vn 0.35641188 0.0000000e+0 0.93432894
vn 0.35641188 0.0000000e+0 0.93432894
vn 0.0000000e+0 -1.00000000 0.0000000e+0
vn 0.98735854 -2.9240921e-16 0.15850273
vn 0.98735854 -2.9240921e-16 0.15850273
vn 0.0000000e+0 -1.00000000 0.0000000e+0
vn 0.63094666 -2.9240921e-16 -0.77582621
vn 0.63094666 -2.9240921e-16 -0.77582621
vn 0.0000000e+0 -1.00000000 0.0000000e+0
vn -0.35641188 -5.8481841e-16 -0.93432894
vn -0.35641188 -5.8481841e-16 -0.93432894
vn 0.0000000e+0 -1.00000000 0.0000000e+0
vn -0.98735854 -5.8481841e-16 -0.15850273
vn -0.98735854 -5.8481841e-16 -0.15850273
vn 0.0000000e+0 -1.00000000 0.0000000e+0
vn -0.63094666 0.0000000e+0 0.77582621
vn -0.63094666 0.0000000e+0 0.77582621
vn 0.0000000e+0 -1.00000000 0.0000000e+0
vn 0.35641188 0.0000000e+0 0.93432894
vn 0.35641188 0.0000000e+0 0.93432894
vn -0.94264149 5.5037172e-17 0.33380686
vn -0.94264149 5.5037172e-17 0.33380686
vn -0.18223553 5.1799692e-17 0.98325491
vn -0.18223553 5.1799692e-17 0.98325491
vn 0.76040597 1.0359938e-16 0.64944805
vn 0.76040597 1.0359938e-16 0.64944805
vn 0.94264149 4.9209707e-16 -0.33380686
vn 0.94264149 4.9209707e-16 -0.33380686
vn 0.18223553 3.6259784e-16 -0.98325491
vn 0.18223553 3.6259784e-16 -0.98325491
vn -0.76040597 -2.2662365e-17 -0.64944805
vn -0.76040597 -2.2662365e-17 -0.64944805
vn -0.94264149 5.5037172e-17 0.33380686
vn -0.94264149 5.5037172e-17 0.33380686
vn 9.4535622e-2 -0.99495845 -3.3476820e-2
vn 9.4535622e-2 -0.99495845 -3.3476820e-2
vn -0.18223553 5.1799692e-17 0.98325491
vn -0.18223553 5.1799692e-17 0.98325491
vn 1.8276035e-2 -0.99495845 -9.8608660e-2
vn 1.8276035e-2 -0.99495845 -9.8608660e-2
vn 0.76040597 1.0359938e-16 0.64944805
vn 0.76040597 1.0359938e-16 0.64944805
vn -7.6259587e-2 -0.99495845 -6.5131841e-2
vn -7.6259587e-2 -0.99495845 -6.5131841e-2
vn 0.94264149 4.9209707e-16 -0.33380686
vn 0.94264149 4.9209707e-16 -0.33380686
vn -9.4535622e-2 -0.99495845 3.3476820e-2
vn -9.4535622e-2 -0.99495845 3.3476820e-2
vn 0.18223553 3.6259784e-16 -0.98325491
vn 0.18223553 3.6259784e-16 -0.98325491
vn -1.8276035e-2 -0.99495845 9.8608660e-2
vn -1.8276035e-2 -0.99495845 9.8608660e-2
vn -0.76040597 -2.2662365e-17 -0.64944805
vn -0.76040597 -2.2662365e-17 -0.64944805
vn 7.6259587e-2 -0.99495845 6.5131841e-2
vn 7.6259587e-2 -0.99495845 6.5131841e-2
vn 9.4535622e-2 -0.99495845 -3.3476820e-2
vn 9.4535622e-2 -0.99495845 -3.3476820e-2
vn 0.94264149 -1.2214667e-16 -0.33380686
vn 0.94264149 -1.2214667e-16 -0.33380686
vn 1.8276035e-2 -0.99495845 -9.8608660e-2
vn 1.8276035e-2 -0.99495845 -9.8608660e-2
vn 0.18223553 0.0000000e+0 -0.98325491
vn 0.18223553 0.0000000e+0 -0.98325491
vn -7.6259587e-2 -0.99495845 -6.5131841e-2
vn -7.6259587e-2 -0.99495845 -6.5131841e-2
vn -0.76040597 2.5812126e-16 -0.64944805
vn -0.76040597 2.5812126e-16 -0.64944805
vn -9.4535622e-2 -0.99495845 3.3476820e-2
vn -9.4535622e-2 -0.99495845 3.3476820e-2
vn -0.94264149 3.6874466e-16 0.33380686
vn -0.94264149 3.6874466e-16 0.33380686
vn -1.8276035e-2 -0.99495845 9.8608660e-2
vn -1.8276035e-2 -0.99495845 9.8608660e-2
vn -0.18223553 9.2186166e-17 0.98325491
vn -0.18223553 9.2186166e-17 0.98325491
vn 7.6259587e-2 -0.99495845 6.5131841e-2
vn 7.6259587e-2 -0.99495845 6.5131841e-2
vn 0.76040597 -1.4058390e-16 0.64944805
vn 0.76040597 -1.4058390e-16 0.64944805
vn 0.0000000e+0 -1.00000000 0.0000000e+0
vn 0.94264149 -1.2214667e-16 -0.33380686
vn 0.94264149 -1.2214667e-16 -0.33380686
vn 0.0000000e+0 -1.00000000 0.0000000e+0
vn 0.18223553 0.0000000e+0 -0.98325491
vn 0.18223553 0.0000000e+0 -0.98325491
vn 0.0000000e+0 -1.00000000 0.0000000e+0
vn -0.76040597 2.5812126e-16 -0.64944805
vn -0.76040597 2.5812126e-16 -0.64944805
vn 0.0000000e+0 -1.00000000 0.0000000e+0
vn -0.94264149 3.6874466e-16 0.33380686
vn -0.94264149 3.6874466e-16 0.33380686
vn 0.0000000e+0 -1.00000000 0.0000000e+0
vn -0.18223553 9.2186166e-17 0.98325491
vn -0.18223553 9.2186166e-17 0.98325491
vn 0.0000000e+0 -1.00000000 0.0000000e+0
vn 0.76040597 -1.4058390e-16 0.64944805
vn 0.76040597 -1.4058390e-16 0.64944805
vn -0.98735854 -1.0269102e-16 -0.15850273
vn -0.98735854 -1.0269102e-16 -0.15850273
vn -0.63094666 -5.1345512e-16 0.77582621
vn -0.63094666 -5.1345512e-16 0.77582621
vn 0.35641188 4.1076410e-16 0.93432894
vn 0.35641188 4.1076410e-16 0.93432894
vn 0.98735854 1.6430564e-15 0.15850273
vn 0.98735854 1.6430564e-15 0.15850273
vn 0.63094666 1.0269102e-15 -0.77582621
vn 0.63094666 1.0269102e-15 -0.77582621
vn -0.35641188 2.0538205e-16 -0.93432894
vn -0.35641188 2.0538205e-16 -0.93432894
vn -0.98735854 -1.0269102e-16 -0.15850273
vn -0.98735854 -1.0269102e-16 -0.15850273
vn 9.9020205e-2 -0.99495845 1.5895921e-2
vn 9.9020205e-2 -0.99495845 1.5895921e-2
vn -0.63094666 -5.1345512e-16 0.77582621
vn -0.63094666 -5.1345512e-16 0.77582621
vn 6.3276374e-2 -0.99495845 -7.7806053e-2
vn 6.3276374e-2 -0.99495845 -7.7806053e-2
vn 0.35641188 4.1076410e-16 0.93432894
vn 0.35641188 4.1076410e-16 0.93432894
vn -3.5743832e-2 -0.99495845 -9.3701973e-2
vn -3.5743832e-2 -0.99495845 -9.3701973e-2
vn 0.98735854 1.6430564e-15 0.15850273
vn 0.98735854 1.6430564e-15 0.15850273
vn -9.9020205e-2 -0.99495845 -1.5895921e-2
vn -9.9020205e-2 -0.99495845 -1.5895921e-2
vn 0.63094666 1.0269102e-15 -0.77582621
vn 0.63094666 1.0269102e-15 -0.77582621
vn -6.3276374e-2 -0.99495845 7.7806053e-2
vn -6.3276374e-2 -0.99495845 7.7806053e-2
vn -0.35641188 2.0538205e-16 -0.93432894
vn -0.35641188 2.0538205e-16 -0.93432894
vn 3.5743832e-2 -0.99495845 9.3701973e-2
vn 3.5743832e-2 -0.99495845 9.3701973e-2
vn 9.9020205e-2 -0.99495845 1.5895921e-2
vn 9.9020205e-2 -0.99495845 1.5895921e-2
vn 0.98735854 2.9240921e-16 0.15850273
vn 0.98735854 2.9240921e-16 0.15850273
vn 6.3276374e-2 -0.99495845 -7.7806053e-2
vn 6.3276374e-2 -0.99495845 -7.7806053e-2
vn 0.63094666 -5.8481841e-16 -0.77582621
vn 0.63094666 -5.8481841e-16 -0.77582621
vn -3.5743832e-2 -0.99495845 -9.3701973e-2
vn -3.5743832e-2 -0.99495845 -9.3701973e-2
vn -0.35641188 -5.8481841e-16 -0.93432894
vn -0.35641188 -5.8481841e-16 -0.93432894
vn -9.9020205e-2 -0.99495845 -1.5895921e-2
vn -9.9020205e-2 -0.99495845 -1.5895921e-2
vn -0.98735854 0.0000000e+0 -0.15850273
vn -0.98735854 0.0000000e+0 -0.15850273
vn -6.3276374e-2 -0.99495845 7.7806053e-2
vn -6.3276374e-2 -0.99495845 7.7806053e-2
vn -0.63094666 0.0000000e+0 0.77582621
vn -0.63094666 0.0000000e+0 0.77582621
vn 3.5743832e-2 -0.99495845 9.3701973e-2
vn 3.5743832e-2 -0.99495845 9.3701973e-2
vn 0.35641188 2.9240921e-16 0.93432894
vn 0.35641188 2.9240921e-16 0.93432894
vn 0.0000000e+0 -1.00000000 -2.1066421e-16
vn 0.98735854 2.9240921e-16 0.15850273
vn 0.98735854 2.9240921e-16 0.15850273
vn 0.0000000e+0 -1.00000000 -2.1066421e-16
vn 0.63094666 -5.8481841e-16 -0.77582621
vn 0.63094666 -5.8481841e-16 -0.77582621
vn 0.0000000e+0 -1.00000000 -2.1066421e-16
vn -0.35641188 -5.8481841e-16 -0.93432894
vn -0.35641188 -5.8481841e-16 -0.93432894
vn 0.0000000e+0 -1.00000000 -2.1066421e-16
vn -0.98735854 0.0000000e+0 -0.15850273
vn -0.98735854 0.0000000e+0 -0.15850273
vn 0.0000000e+0 -1.00000000 -2.1066421e-16
vn -0.63094666 0.0000000e+0 0.77582621
vn -0.63094666 0.0000000e+0 0.77582621
vn 0.0000000e+0 -1.00000000 -2.1066421e-16
vn 0.35641188 2.9240921e-16 0.93432894
vn 0.35641188 2.9240921e-16 0.93432894
vn -1.00000000 4.3345970e-16 -3.1376107e-16
vn -1.00000000 4.3345970e-16 -3.1376107e-16
vn 4.2812053e-17 -1.00000000 0.0000000e+0
vn 4.2812053e-17 -1.00000000 0.0000000e+0
vn -0.98078528 4.9788698e-16 0.19509032
vn -0.98078528 4.9788698e-16 0.19509032
vn 4.2812053e-17 -1.00000000 -9.6828245e-18
vn 4.2812053e-17 -1.00000000 -9.6828245e-18
vn -0.92387953 7.5734921e-16 0.38268343
vn -0.92387953 7.5734921e-16 0.38268343
vn -4.2812053e-17 -1.00000000 -1.2364854e-17
vn -4.2812053e-17 -1.00000000 -1.2364854e-17
vn -0.83146961 8.4149912e-16 0.55557023
vn -0.83146961 8.4149912e-16 0.55557023
vn -4.2812053e-17 -1.00000000 -2.6820295e-18
vn -4.2812053e-17 -1.00000000 -2.6820295e-18
vn -0.70710678 7.8539918e-16 0.70710678
vn -0.70710678 7.8539918e-16 0.70710678
vn 0.0000000e+0 -1.00000000 -2.4621923e-17
vn 0.0000000e+0 -1.00000000 -2.4621923e-17
vn -0.55557023 1.1219988e-16 0.83146961
vn -0.55557023 1.1219988e-16 0.83146961
vn -4.2812053e-17 -1.00000000 -6.7686136e-18
vn -4.2812053e-17 -1.00000000 -6.7686136e-18
vn -0.38268343 9.9084733e-32 0.92387953
vn -0.38268343 9.9084733e-32 0.92387953
vn -8.5624106e-17 -1.00000000 4.1518065e-17
vn -8.5624106e-17 -1.00000000 4.1518065e-17
vn -0.19509032 4.4879953e-16 0.98078528
vn -0.19509032 4.4879953e-16 0.98078528
vn -6.4218079e-17 -1.00000000 1.9860538e-17
vn -6.4218079e-17 -1.00000000 1.9860538e-17
vn 1.3944936e-17 -2.2439977e-16 1.00000000
vn 1.3944936e-17 -2.2439977e-16 1.00000000
vn -6.4218079e-17 -1.00000000 -9.2444637e-33
vn -6.4218079e-17 -1.00000000 -9.2444637e-33
vn 0.19509032 -6.7319930e-16 0.98078528
vn 0.19509032 -6.7319930e-16 0.98078528
vn -9.6327119e-17 -1.00000000 1.5070679e-17
vn -9.6327119e-17 -1.00000000 1.5070679e-17
vn 0.38268343 -4.4879953e-16 0.92387953
vn 0.38268343 -4.4879953e-16 0.92387953
vn -7.2245339e-17 -1.00000000 1.1266460e-17
vn -7.2245339e-17 -1.00000000 1.1266460e-17
vn 0.55557023 -2.2439977e-16 0.83146961
vn 0.55557023 -2.2439977e-16 0.83146961
vn -6.1542326e-17 -1.00000000 2.4621923e-17
vn -6.1542326e-17 -1.00000000 2.4621923e-17
vn 0.70710678 -1.1219988e-16 0.70710678
vn 0.70710678 -1.1219988e-16 0.70710678
vn -9.6327119e-17 -1.00000000 2.0200088e-17
vn -9.6327119e-17 -1.00000000 2.0200088e-17
vn 0.83146961 -3.3659965e-16 0.55557023
vn 0.83146961 -3.3659965e-16 0.55557023
vn -5.3515066e-17 -1.00000000 -1.7398049e-18
vn -5.3515066e-17 -1.00000000 -1.7398049e-18
vn 0.92387953 -6.5917431e-16 0.38268343
vn 0.92387953 -6.5917431e-16 0.38268343
vn -2.1406026e-17 -1.00000000 2.6820295e-18
vn -2.1406026e-17 -1.00000000 2.6820295e-18
vn 0.98078528 -8.0161557e-16 0.19509032
vn 0.98078528 -8.0161557e-16 0.19509032
vn 2.1406026e-17 -1.00000000 0.0000000e+0
vn 2.1406026e-17 -1.00000000 0.0000000e+0
vn 1.00000000 -6.9993443e-16 0.0000000e+0
vn 1.00000000 -6.9993443e-16 0.0000000e+0
vn 4.2812053e-17 -1.00000000 0.0000000e+0
vn 4.2812053e-17 -1.00000000 0.0000000e+0
vn 0.98078528 -5.8554314e-16 -0.19509032
vn 0.98078528 -5.8554314e-16 -0.19509032
vn -4.2812053e-17 -1.00000000 0.0000000e+0
vn -4.2812053e-17 -1.00000000 0.0000000e+0
vn 0.92387953 -3.6464962e-16 -0.38268343
vn 0.92387953 -3.6464962e-16 -0.38268343
vn -8.5624106e-17 -1.00000000 -2.6820295e-18
vn -8.5624106e-17 -1.00000000 -2.6820295e-18
vn 0.83146961 -1.1219988e-16 -0.55557023
vn 0.83146961 -1.1219988e-16 -0.55557023
vn -8.5624106e-17 -1.00000000 1.7398049e-18
vn -8.5624106e-17 -1.00000000 1.7398049e-18
vn 0.70710678 -1.1219988e-16 -0.70710678
vn 0.70710678 -1.1219988e-16 -0.70710678
vn -8.5624106e-17 -1.00000000 -2.0200088e-17
vn -8.5624106e-17 -1.00000000 -2.0200088e-17
vn 0.55557023 1.1219988e-16 -0.83146961
vn 0.55557023 1.1219988e-16 -0.83146961
vn -4.2812053e-17 -1.00000000 -2.4621923e-17
vn -4.2812053e-17 -1.00000000 -2.4621923e-17
vn 0.38268343 4.4879953e-16 -0.92387953
vn 0.38268343 4.4879953e-16 -0.92387953
vn 0.0000000e+0 -1.00000000 -1.1266460e-17
vn 0.0000000e+0 -1.00000000 -1.1266460e-17
vn 0.19509032 1.9816947e-31 -0.98078528
vn 0.19509032 1.9816947e-31 -0.98078528
vn -2.1406026e-17 -1.00000000 -1.5070679e-17
vn -2.1406026e-17 -1.00000000 -1.5070679e-17
vn 2.9284367e-16 -4.4879953e-16 -1.00000000
vn 2.9284367e-16 -4.4879953e-16 -1.00000000
vn -4.2812053e-17 -1.00000000 -4.2370459e-32
vn -4.2812053e-17 -1.00000000 -4.2370459e-32
vn -0.19509032 -2.2439977e-16 -0.98078528
vn -0.19509032 -2.2439977e-16 -0.98078528
vn -5.3515066e-17 -1.00000000 -1.9860538e-17
vn -5.3515066e-17 -1.00000000 -1.9860538e-17
vn -0.38268343 2.2439977e-16 -0.92387953
vn -0.38268343 2.2439977e-16 -0.92387953
vn -8.2948353e-17 -1.00000000 -4.1518065e-17
vn -8.2948353e-17 -1.00000000 -4.1518065e-17
vn -0.55557023 3.3659965e-16 -0.83146961
vn -0.55557023 3.3659965e-16 -0.83146961
vn -1.0970589e-16 -1.00000000 6.7686136e-18
vn -1.0970589e-16 -1.00000000 6.7686136e-18
vn -0.70710678 2.2439977e-16 -0.70710678
vn -0.70710678 2.2439977e-16 -0.70710678
vn -8.0272599e-17 -1.00000000 2.4621923e-17
vn -8.0272599e-17 -1.00000000 2.4621923e-17
vn -0.83146961 6.7319930e-16 -0.55557023
vn -0.83146961 6.7319930e-16 -0.55557023
vn -6.4218079e-17 -1.00000000 2.6820295e-18
vn -6.4218079e-17 -1.00000000 2.6820295e-18
vn -0.92387953 9.9577396e-16 -0.38268343
vn -0.92387953 9.9577396e-16 -0.38268343
vn -2.1406026e-17 -1.00000000 1.2364854e-17
vn -2.1406026e-17 -1.00000000 1.2364854e-17
vn -0.98078528 7.3499689e-16 -0.19509032
vn -0.98078528 7.3499689e-16 -0.19509032
vn 2.1406026e-17 -1.00000000 9.6828245e-18
vn 2.1406026e-17 -1.00000000 9.6828245e-18
vn -1.00000000 4.3345970e-16 -3.1376107e-16
vn -1.00000000 4.3345970e-16 -3.1376107e-16
vn 0.0000000e+0 1.00000000 0.0000000e+0
vn 0.0000000e+0 1.00000000 0.0000000e+0
vn -0.98078528 4.9788698e-16 0.19509032
vn -0.98078528 4.9788698e-16 0.19509032
vn 3.2109040e-17 1.00000000 9.6828245e-18
vn 3.2109040e-17 1.00000000 9.6828245e-18
vn -0.92387953 7.5734921e-16 0.38268343
vn -0.92387953 7.5734921e-16 0.38268343
vn 5.3515066e-17 1.00000000 1.2364854e-17
vn 5.3515066e-17 1.00000000 1.2364854e-17
vn -0.83146961 8.4149912e-16 0.55557023
vn -0.83146961 8.4149912e-16 0.55557023
vn 2.6757533e-17 1.00000000 2.6820295e-18
vn 2.6757533e-17 1.00000000 2.6820295e-18
vn -0.70710678 7.8539918e-16 0.70710678
vn -0.70710678 7.8539918e-16 0.70710678
vn 5.3515066e-18 1.00000000 9.6577307e-17
vn 5.3515066e-18 1.00000000 9.6577307e-17
vn -0.55557023 1.1219988e-16 0.83146961
vn -0.55557023 1.1219988e-16 0.83146961
vn -5.2177190e-17 1.00000000 1.1443062e-16
vn -5.2177190e-17 1.00000000 1.1443062e-16
vn -0.38268343 9.9084733e-32 0.92387953
vn -0.38268343 9.9084733e-32 0.92387953
vn -3.0771163e-17 1.00000000 -5.8114467e-18
vn -3.0771163e-17 1.00000000 -5.8114467e-18
vn -0.19509032 4.4879953e-16 0.98078528
vn -0.19509032 4.4879953e-16 0.98078528
vn 5.3515066e-17 1.00000000 -1.9860538e-17
vn 5.3515066e-17 1.00000000 -1.9860538e-17
vn 1.3944936e-17 -2.2439977e-16 1.00000000
vn 1.3944936e-17 -2.2439977e-16 1.00000000
vn 7.4921093e-17 1.00000000 -1.9259299e-32
vn 7.4921093e-17 1.00000000 -1.9259299e-32
vn 0.19509032 -6.7319930e-16 0.98078528
vn 0.19509032 -6.7319930e-16 0.98078528
vn 6.4218079e-17 1.00000000 -1.5070679e-17
vn 6.4218079e-17 1.00000000 -1.5070679e-17
vn 0.38268343 -4.4879953e-16 0.92387953
vn 0.38268343 -4.4879953e-16 0.92387953
vn 2.1406026e-17 1.00000000 -1.1266460e-17
vn 2.1406026e-17 1.00000000 -1.1266460e-17
vn 0.55557023 -2.2439977e-16 0.83146961
vn 0.55557023 -2.2439977e-16 0.83146961
vn 2.1406026e-17 1.00000000 -2.4621923e-17
vn 2.1406026e-17 1.00000000 -2.4621923e-17
vn 0.70710678 -1.1219988e-16 0.70710678
vn 0.70710678 -1.1219988e-16 0.70710678
vn 8.5624106e-17 1.00000000 -2.0200088e-17
vn 8.5624106e-17 1.00000000 -2.0200088e-17
vn 0.83146961 -3.3659965e-16 0.55557023
vn 0.83146961 -3.3659965e-16 0.55557023
vn 1.0703013e-16 1.00000000 -6.4036006e-17
vn 1.0703013e-16 1.00000000 -6.4036006e-17
vn 0.92387953 -6.5917431e-16 0.38268343
vn 0.92387953 -6.5917431e-16 0.38268343
vn -6.1629758e-32 1.00000000 -9.5915559e-17
vn -6.1629758e-32 1.00000000 -9.5915559e-17
vn 0.98078528 -8.0161557e-16 0.19509032
vn 0.98078528 -8.0161557e-16 0.19509032
vn -4.2812053e-17 1.00000000 -2.7457718e-17
vn -4.2812053e-17 1.00000000 -2.7457718e-17
vn 1.00000000 -6.9993443e-16 0.0000000e+0
vn 1.00000000 -6.9993443e-16 0.0000000e+0
vn 0.0000000e+0 1.00000000 0.0000000e+0
vn 0.0000000e+0 1.00000000 0.0000000e+0
vn 0.98078528 -5.8554314e-16 -0.19509032
vn 0.98078528 -5.8554314e-16 -0.19509032
vn 0.0000000e+0 1.00000000 0.0000000e+0
vn 0.0000000e+0 1.00000000 0.0000000e+0
vn 0.92387953 -3.6464962e-16 -0.38268343
vn 0.92387953 -3.6464962e-16 -0.38268343
vn 4.2812053e-17 1.00000000 7.1139870e-17
vn 4.2812053e-17 1.00000000 7.1139870e-17
vn 0.83146961 -1.1219988e-16 -0.55557023
vn 0.83146961 -1.1219988e-16 -0.55557023
vn 8.0272599e-17 1.00000000 6.6718036e-17
vn 8.0272599e-17 1.00000000 6.6718036e-17
vn 0.70710678 -1.1219988e-16 -0.70710678
vn 0.70710678 -1.1219988e-16 -0.70710678
vn 8.8299859e-17 1.00000000 2.0200088e-17
vn 8.8299859e-17 1.00000000 2.0200088e-17
vn 0.55557023 1.1219988e-16 -0.83146961
vn 0.55557023 1.1219988e-16 -0.83146961
vn 5.3515066e-17 1.00000000 2.4621923e-17
vn 5.3515066e-17 1.00000000 2.4621923e-17
vn 0.38268343 4.4879953e-16 -0.92387953
vn 0.38268343 4.4879953e-16 -0.92387953
vn 3.4784793e-17 1.00000000 1.1266460e-17
vn 3.4784793e-17 1.00000000 1.1266460e-17
vn 0.19509032 1.9816947e-31 -0.98078528
vn 0.19509032 1.9816947e-31 -0.98078528
vn 7.4921093e-17 1.00000000 1.5070679e-17
vn 7.4921093e-17 1.00000000 1.5070679e-17
vn 2.9284367e-16 -4.4879953e-16 -1.00000000
vn 2.9284367e-16 -4.4879953e-16 -1.00000000
vn 7.4921093e-17 1.00000000 2.0029671e-32
vn 7.4921093e-17 1.00000000 2.0029671e-32
vn -0.19509032 -2.2439977e-16 -0.98078528
vn -0.19509032 -2.2439977e-16 -0.98078528
vn 7.4921093e-17 1.00000000 1.9860538e-17
vn 7.4921093e-17 1.00000000 1.9860538e-17
vn -0.38268343 2.2439977e-16 -0.92387953
vn -0.38268343 2.2439977e-16 -0.92387953
vn 8.5624106e-17 1.00000000 4.1518065e-17
vn 8.5624106e-17 1.00000000 4.1518065e-17
vn -0.55557023 3.3659965e-16 -0.83146961
vn -0.55557023 3.3659965e-16 -0.83146961
vn 6.4218079e-17 1.00000000 -6.7686136e-18
vn 6.4218079e-17 1.00000000 -6.7686136e-18
vn -0.70710678 2.2439977e-16 -0.70710678
vn -0.70710678 2.2439977e-16 -0.70710678
vn 2.1406026e-17 1.00000000 -2.4621923e-17
vn 2.1406026e-17 1.00000000 -2.4621923e-17
vn -0.83146961 6.7319930e-16 -0.55557023
vn -0.83146961 6.7319930e-16 -0.55557023
vn 4.2812053e-17 1.00000000 -2.6820295e-18
vn 4.2812053e-17 1.00000000 -2.6820295e-18
vn -0.92387953 9.9577396e-16 -0.38268343
vn -0.92387953 9.9577396e-16 -0.38268343
vn 6.4218079e-17 1.00000000 -1.2364854e-17
vn 6.4218079e-17 1.00000000 -1.2364854e-17
vn -0.98078528 7.3499689e-16 -0.19509032
vn -0.98078528 7.3499689e-16 -0.19509032
vn 2.1406026e-17 1.00000000 -9.6828245e-18
vn 2.1406026e-17 1.00000000 -9.6828245e-18
vn 4.2812053e-17 -1.00000000 -9.6828245e-18
vn 4.2812053e-17 -1.00000000 -9.6828245e-18
vn 0.98078528 -6.8040549e-16 -0.19509032
vn 0.98078528 -6.8040549e-16 -0.19509032
vn 4.2812053e-17 -1.00000000 0.0000000e+0
vn 4.2812053e-17 -1.00000000 0.0000000e+0
vn 1.00000000 -6.0888842e-16 3.4862341e-16
vn 1.00000000 -6.0888842e-16 3.4862341e-16
vn 2.1406026e-17 -1.00000000 9.6828245e-18
vn 2.1406026e-17 -1.00000000 9.6828245e-18
vn 0.98078528 -7.2311707e-16 0.19509032
vn 0.98078528 -7.2311707e-16 0.19509032
vn -2.1406026e-17 -1.00000000 1.2364854e-17
vn -2.1406026e-17 -1.00000000 1.2364854e-17
vn 0.92387953 -7.4695610e-16 0.38268343
vn 0.92387953 -7.4695610e-16 0.38268343
vn -6.4218079e-17 -1.00000000 2.6820295e-18
vn -6.4218079e-17 -1.00000000 2.6820295e-18
vn 0.83146961 -5.0856585e-16 0.55557023
vn 0.83146961 -5.0856585e-16 0.55557023
vn -8.0272599e-17 -1.00000000 2.4621923e-17
vn -8.0272599e-17 -1.00000000 2.4621923e-17
vn 0.70710678 -3.1785366e-16 0.70710678
vn 0.70710678 -3.1785366e-16 0.70710678
vn -1.0970589e-16 -1.00000000 6.7686136e-18
vn -1.0970589e-16 -1.00000000 6.7686136e-18
vn 0.55557023 -2.5428293e-16 0.83146961
vn 0.55557023 -2.5428293e-16 0.83146961
vn -8.2948353e-17 -1.00000000 -4.1518065e-17
vn -8.2948353e-17 -1.00000000 -4.1518065e-17
vn 0.38268343 -3.8142439e-16 0.92387953
vn 0.38268343 -3.8142439e-16 0.92387953
vn -5.3515066e-17 -1.00000000 -1.9860538e-17
vn -5.3515066e-17 -1.00000000 -1.9860538e-17
vn 0.19509032 -2.5428293e-16 0.98078528
vn 0.19509032 -2.5428293e-16 0.98078528
vn -4.2812053e-17 -1.00000000 -4.2370459e-32
vn -4.2812053e-17 -1.00000000 -4.2370459e-32
vn -3.2770601e-16 -5.0856585e-16 1.00000000
vn -3.2770601e-16 -5.0856585e-16 1.00000000
vn -2.1406026e-17 -1.00000000 -1.5070679e-17
vn -2.1406026e-17 -1.00000000 -1.5070679e-17
vn -0.19509032 -5.0856585e-16 0.98078528
vn -0.19509032 -5.0856585e-16 0.98078528
vn 0.0000000e+0 -1.00000000 -1.1266460e-17
vn 0.0000000e+0 -1.00000000 -1.1266460e-17
vn -0.38268343 2.5428293e-16 0.92387953
vn -0.38268343 2.5428293e-16 0.92387953
vn -4.2812053e-17 -1.00000000 -2.4621923e-17
vn -4.2812053e-17 -1.00000000 -2.4621923e-17
vn -0.55557023 5.0856585e-16 0.83146961
vn -0.55557023 5.0856585e-16 0.83146961
vn -8.5624106e-17 -1.00000000 -2.0200088e-17
vn -8.5624106e-17 -1.00000000 -2.0200088e-17
vn -0.70710678 5.7213659e-16 0.70710678
vn -0.70710678 5.7213659e-16 0.70710678
vn -8.5624106e-17 -1.00000000 1.7398049e-18
vn -8.5624106e-17 -1.00000000 1.7398049e-18
vn -0.83146961 6.3570732e-16 0.55557023
vn -0.83146961 6.3570732e-16 0.55557023
vn -8.5624106e-17 -1.00000000 -2.6820295e-18
vn -8.5624106e-17 -1.00000000 -2.6820295e-18
vn -0.92387953 6.5160000e-16 0.38268343
vn -0.92387953 6.5160000e-16 0.38268343
vn -4.2812053e-17 -1.00000000 0.0000000e+0
vn -4.2812053e-17 -1.00000000 0.0000000e+0
vn -0.98078528 6.3372073e-16 0.19509032
vn -0.98078528 6.3372073e-16 0.19509032
vn 4.2812053e-17 -1.00000000 0.0000000e+0
vn 4.2812053e-17 -1.00000000 0.0000000e+0
vn -1.00000000 8.2045976e-16 -2.7889873e-17
vn -1.00000000 8.2045976e-16 -2.7889873e-17
vn 2.1406026e-17 -1.00000000 0.0000000e+0
vn 2.1406026e-17 -1.00000000 0.0000000e+0
vn -0.98078528 9.9726586e-16 -0.19509032
vn -0.98078528 9.9726586e-16 -0.19509032
vn -2.1406026e-17 -1.00000000 2.6820295e-18
vn -2.1406026e-17 -1.00000000 2.6820295e-18
vn -0.92387953 7.3106342e-16 -0.38268343
vn -0.92387953 7.3106342e-16 -0.38268343
vn -5.3515066e-17 -1.00000000 -1.7398049e-18
vn -5.3515066e-17 -1.00000000 -1.7398049e-18
vn -0.83146961 3.8142439e-16 -0.55557023
vn -0.83146961 3.8142439e-16 -0.55557023
vn -9.6327119e-17 -1.00000000 2.0200088e-17
vn -9.6327119e-17 -1.00000000 2.0200088e-17
vn -0.70710678 2.5428293e-16 -0.70710678
vn -0.70710678 2.5428293e-16 -0.70710678
vn -6.1542326e-17 -1.00000000 2.4621923e-17
vn -6.1542326e-17 -1.00000000 2.4621923e-17
vn -0.55557023 3.8142439e-16 -0.83146961
vn -0.55557023 3.8142439e-16 -0.83146961
vn -7.2245339e-17 -1.00000000 1.1266460e-17
vn -7.2245339e-17 -1.00000000 1.1266460e-17
vn -0.38268343 5.0856585e-16 -0.92387953
vn -0.38268343 5.0856585e-16 -0.92387953
vn -9.6327119e-17 -1.00000000 1.5070679e-17
vn -9.6327119e-17 -1.00000000 1.5070679e-17
vn -0.19509032 2.5428293e-16 -0.98078528
vn -0.19509032 2.5428293e-16 -0.98078528
vn -6.4218079e-17 -1.00000000 -9.2444637e-33
vn -6.4218079e-17 -1.00000000 -9.2444637e-33
vn -1.3944936e-17 -5.0856585e-16 -1.00000000
vn -1.3944936e-17 -5.0856585e-16 -1.00000000
vn -6.4218079e-17 -1.00000000 1.9860538e-17
vn -6.4218079e-17 -1.00000000 1.9860538e-17
vn 0.19509032 -5.0856585e-16 -0.98078528
vn 0.19509032 -5.0856585e-16 -0.98078528
vn -8.5624106e-17 -1.00000000 4.1518065e-17
vn -8.5624106e-17 -1.00000000 4.1518065e-17
vn 0.38268343 -1.2714146e-16 -0.92387953
vn 0.38268343 -1.2714146e-16 -0.92387953
vn -4.2812053e-17 -1.00000000 -6.7686136e-18
vn -4.2812053e-17 -1.00000000 -6.7686136e-18
vn 0.55557023 -5.0856585e-16 -0.83146961
vn 0.55557023 -5.0856585e-16 -0.83146961
vn 0.0000000e+0 -1.00000000 -2.4621923e-17
vn 0.0000000e+0 -1.00000000 -2.4621923e-17
vn 0.70710678 -4.4499512e-16 -0.70710678
vn 0.70710678 -4.4499512e-16 -0.70710678
vn -4.2812053e-17 -1.00000000 -2.6820295e-18
vn -4.2812053e-17 -1.00000000 -2.6820295e-18
vn 0.83146961 -2.8606829e-16 -0.55557023
vn 0.83146961 -2.8606829e-16 -0.55557023
vn -4.2812053e-17 -1.00000000 -1.2364854e-17
vn -4.2812053e-17 -1.00000000 -1.2364854e-17
vn 0.92387953 -5.8802927e-16 -0.38268343
vn 0.92387953 -5.8802927e-16 -0.38268343
vn 0.0000000e+0 1.00000000 0.0000000e+0
vn 0.0000000e+0 1.00000000 0.0000000e+0
vn 1.00000000 -6.0888842e-16 3.4862341e-16
vn 1.00000000 -6.0888842e-16 3.4862341e-16
vn 3.2109040e-17 1.00000000 9.6828245e-18
vn 3.2109040e-17 1.00000000 9.6828245e-18
vn 0.98078528 -6.8040549e-16 -0.19509032
vn 0.98078528 -6.8040549e-16 -0.19509032
vn 5.3515066e-17 1.00000000 1.2364854e-17
vn 5.3515066e-17 1.00000000 1.2364854e-17
vn 0.92387953 -5.8802927e-16 -0.38268343
vn 0.92387953 -5.8802927e-16 -0.38268343
vn 2.6757533e-17 1.00000000 2.6820295e-18
vn 2.6757533e-17 1.00000000 2.6820295e-18
vn 0.83146961 -2.8606829e-16 -0.55557023
vn 0.83146961 -2.8606829e-16 -0.55557023
vn 5.3515066e-18 1.00000000 9.6577307e-17
vn 5.3515066e-18 1.00000000 9.6577307e-17
vn 0.70710678 -4.4499512e-16 -0.70710678
vn 0.70710678 -4.4499512e-16 -0.70710678
vn -5.2177190e-17 1.00000000 1.1443062e-16
vn -5.2177190e-17 1.00000000 1.1443062e-16
vn 0.55557023 -5.0856585e-16 -0.83146961
vn 0.55557023 -5.0856585e-16 -0.83146961
vn -3.0771163e-17 1.00000000 -5.8114467e-18
vn -3.0771163e-17 1.00000000 -5.8114467e-18
vn 0.38268343 -1.2714146e-16 -0.92387953
vn 0.38268343 -1.2714146e-16 -0.92387953
vn 5.3515066e-17 1.00000000 -1.9860538e-17
vn 5.3515066e-17 1.00000000 -1.9860538e-17
vn 0.19509032 -5.0856585e-16 -0.98078528
vn 0.19509032 -5.0856585e-16 -0.98078528
vn 7.4921093e-17 1.00000000 -1.9259299e-32
vn 7.4921093e-17 1.00000000 -1.9259299e-32
vn -1.3944936e-17 -5.0856585e-16 -1.00000000
vn -1.3944936e-17 -5.0856585e-16 -1.00000000
vn 6.4218079e-17 1.00000000 -1.5070679e-17
vn 6.4218079e-17 1.00000000 -1.5070679e-17
vn -0.19509032 2.5428293e-16 -0.98078528
vn -0.19509032 2.5428293e-16 -0.98078528
vn 2.1406026e-17 1.00000000 -1.1266460e-17
vn 2.1406026e-17 1.00000000 -1.1266460e-17
vn -0.38268343 5.0856585e-16 -0.92387953
vn -0.38268343 5.0856585e-16 -0.92387953
vn 2.1406026e-17 1.00000000 -2.4621923e-17
vn 2.1406026e-17 1.00000000 -2.4621923e-17
vn -0.55557023 3.8142439e-16 -0.83146961
vn -0.55557023 3.8142439e-16 -0.83146961
vn 8.5624106e-17 1.00000000 -2.0200088e-17
vn 8.5624106e-17 1.00000000 -2.0200088e-17
vn -0.70710678 2.5428293e-16 -0.70710678
vn -0.70710678 2.5428293e-16 -0.70710678
vn 1.0703013e-16 1.00000000 -6.4036006e-17
vn 1.0703013e-16 1.00000000 -6.4036006e-17
vn -0.83146961 3.8142439e-16 -0.55557023
vn -0.83146961 3.8142439e-16 -0.55557023
vn -6.1629758e-32 1.00000000 -9.5915559e-17
vn -6.1629758e-32 1.00000000 -9.5915559e-17
vn -0.92387953 7.3106342e-16 -0.38268343
vn -0.92387953 7.3106342e-16 -0.38268343
vn -4.2812053e-17 1.00000000 -2.7457718e-17
vn -4.2812053e-17 1.00000000 -2.7457718e-17
vn -0.98078528 9.9726586e-16 -0.19509032
vn -0.98078528 9.9726586e-16 -0.19509032
vn 0.0000000e+0 1.00000000 0.0000000e+0
vn 0.0000000e+0 1.00000000 0.0000000e+0
vn -1.00000000 8.2045976e-16 -2.7889873e-17
vn -1.00000000 8.2045976e-16 -2.7889873e-17
vn 0.0000000e+0 1.00000000 0.0000000e+0
vn 0.0000000e+0 1.00000000 0.0000000e+0
vn -0.98078528 6.3372073e-16 0.19509032
vn -0.98078528 6.3372073e-16 0.19509032
vn 4.2812053e-17 1.00000000 7.1139870e-17
vn 4.2812053e-17 1.00000000 7.1139870e-17
vn -0.92387953 6.5160000e-16 0.38268343
vn -0.92387953 6.5160000e-16 0.38268343
vn 8.0272599e-17 1.00000000 6.6718036e-17
vn 8.0272599e-17 1.00000000 6.6718036e-17
vn -0.83146961 6.3570732e-16 0.55557023
vn -0.83146961 6.3570732e-16 0.55557023
vn 8.8299859e-17 1.00000000 2.0200088e-17
vn 8.8299859e-17 1.00000000 2.0200088e-17
vn -0.70710678 5.7213659e-16 0.70710678
vn -0.70710678 5.7213659e-16 0.70710678
vn 5.3515066e-17 1.00000000 2.4621923e-17
vn 5.3515066e-17 1.00000000 2.4621923e-17
vn -0.55557023 5.0856585e-16 0.83146961
vn -0.55557023 5.0856585e-16 0.83146961
vn 3.4784793e-17 1.00000000 1.1266460e-17
vn 3.4784793e-17 1.00000000 1.1266460e-17
vn -0.38268343 2.5428293e-16 0.92387953
vn -0.38268343 2.5428293e-16 0.92387953
vn 7.4921093e-17 1.00000000 1.5070679e-17
vn 7.4921093e-17 1.00000000 1.5070679e-17
vn -0.19509032 -5.0856585e-16 0.98078528
vn -0.19509032 -5.0856585e-16 0.98078528
vn 7.4921093e-17 1.00000000 2.0029671e-32
vn 7.4921093e-17 1.00000000 2.0029671e-32
vn -3.2770601e-16 -5.0856585e-16 1.00000000
vn -3.2770601e-16 -5.0856585e-16 1.00000000
vn 7.4921093e-17 1.00000000 1.9860538e-17
vn 7.4921093e-17 1.00000000 1.9860538e-17
vn 0.19509032 -2.5428293e-16 0.98078528
vn 0.19509032 -2.5428293e-16 0.98078528
vn 8.5624106e-17 1.00000000 4.1518065e-17
vn 8.5624106e-17 1.00000000 4.1518065e-17
vn 0.38268343 -3.8142439e-16 0.92387953
vn 0.38268343 -3.8142439e-16 0.92387953
vn 6.4218079e-17 1.00000000 -6.7686136e-18
vn 6.4218079e-17 1.00000000 -6.7686136e-18
vn 0.55557023 -2.5428293e-16 0.83146961
vn 0.55557023 -2.5428293e-16 0.83146961
vn 2.1406026e-17 1.00000000 -2.4621923e-17
vn 2.1406026e-17 1.00000000 -2.4621923e-17
vn 0.70710678 -3.1785366e-16 0.70710678
vn 0.70710678 -3.1785366e-16 0.70710678
vn 4.2812053e-17 1.00000000 -2.6820295e-18
vn 4.2812053e-17 1.00000000 -2.6820295e-18
vn 0.83146961 -5.0856585e-16 0.55557023
vn 0.83146961 -5.0856585e-16 0.55557023
vn 6.4218079e-17 1.00000000 -1.2364854e-17
vn 6.4218079e-17 1.00000000 -1.2364854e-17
vn 0.92387953 -7.4695610e-16 0.38268343
vn 0.92387953 -7.4695610e-16 0.38268343
vn 2.1406026e-17 1.00000000 -9.6828245e-18
vn 2.1406026e-17 1.00000000 -9.6828245e-18
vn 0.98078528 -7.2311707e-16 0.19509032
vn 0.98078528 -7.2311707e-16 0.19509032
vn -0.98735854 1.0269102e-16 -0.15850273
vn -0.98735854 1.0269102e-16 -0.15850273
vn -0.63094666 0.0000000e+0 0.77582621
vn -0.63094666 0.0000000e+0 0.77582621
vn 0.35641188 -5.1345512e-16 0.93432894
vn 0.35641188 -5.1345512e-16 0.93432894
vn 0.98735854 -1.4376743e-15 0.15850273
vn 0.98735854 -1.4376743e-15 0.15850273
vn 0.63094666 -1.1296013e-15 -0.77582621
vn 0.63094666 -1.1296013e-15 -0.77582621
vn -0.35641188 -1.0269102e-16 -0.93432894
vn -0.35641188 -1.0269102e-16 -0.93432894
vn -0.98735854 1.0269102e-16 -0.15850273
vn -0.98735854 1.0269102e-16 -0.15850273
vn 9.9020205e-2 0.99495845 1.5895921e-2
vn 9.9020205e-2 0.99495845 1.5895921e-2
vn -0.63094666 0.0000000e+0 0.77582621
vn -0.63094666 0.0000000e+0 0.77582621
vn 6.3276374e-2 0.99495845 -7.7806053e-2
vn 6.3276374e-2 0.99495845 -7.7806053e-2
vn 0.35641188 -5.1345512e-16 0.93432894
vn 0.35641188 -5.1345512e-16 0.93432894
vn -3.5743832e-2 0.99495845 -9.3701973e-2
vn -3.5743832e-2 0.99495845 -9.3701973e-2
vn 0.98735854 -1.4376743e-15 0.15850273
vn 0.98735854 -1.4376743e-15 0.15850273
vn -9.9020205e-2 0.99495845 -1.5895921e-2
vn -9.9020205e-2 0.99495845 -1.5895921e-2
vn 0.63094666 -1.1296013e-15 -0.77582621
vn 0.63094666 -1.1296013e-15 -0.77582621
vn -6.3276374e-2 0.99495845 7.7806053e-2
vn -6.3276374e-2 0.99495845 7.7806053e-2
vn -0.35641188 -1.0269102e-16 -0.93432894
vn -0.35641188 -1.0269102e-16 -0.93432894
vn 3.5743832e-2 0.99495845 9.3701973e-2
vn 3.5743832e-2 0.99495845 9.3701973e-2
vn 9.9020205e-2 0.99495845 1.5895921e-2
vn 9.9020205e-2 0.99495845 1.5895921e-2
vn 0.98735854 1.0965345e-16 0.15850273
vn 0.98735854 1.0965345e-16 0.15850273
vn 6.3276374e-2 0.99495845 -7.7806053e-2
vn 6.3276374e-2 0.99495845 -7.7806053e-2
vn 0.63094666 -3.6551151e-17 -0.77582621
vn 0.63094666 -3.6551151e-17 -0.77582621
vn -3.5743832e-2 0.99495845 -9.3701973e-2
vn -3.5743832e-2 0.99495845 -9.3701973e-2
vn -0.35641188 0.0000000e+0 -0.93432894
vn -0.35641188 0.0000000e+0 -0.93432894
vn -9.9020205e-2 0.99495845 -1.5895921e-2
vn -9.9020205e-2 0.99495845 -1.5895921e-2
vn -0.98735854 7.3102302e-17 -0.15850273
vn -0.98735854 7.3102302e-17 -0.15850273
vn -6.3276374e-2 0.99495845 7.7806053e-2
vn -6.3276374e-2 0.99495845 7.7806053e-2
vn -0.63094666 -2.1930691e-16 0.77582621
vn -0.63094666 -2.1930691e-16 0.77582621
vn 3.5743832e-2 0.99495845 9.3701973e-2
vn 3.5743832e-2 0.99495845 9.3701973e-2
vn 0.35641188 -1.4620460e-16 0.93432894
vn 0.35641188 -1.4620460e-16 0.93432894
vn 0.0000000e+0 1.00000000 -1.0533211e-16
vn 0.98735854 1.0965345e-16 0.15850273
vn 0.98735854 1.0965345e-16 0.15850273
vn 0.0000000e+0 1.00000000 -1.0533211e-16
vn 0.63094666 -3.6551151e-17 -0.77582621
vn 0.63094666 -3.6551151e-17 -0.77582621
vn 0.0000000e+0 1.00000000 -1.0533211e-16
vn -0.35641188 0.0000000e+0 -0.93432894
vn -0.35641188 0.0000000e+0 -0.93432894
vn 0.0000000e+0 1.00000000 -1.0533211e-16
vn -0.98735854 7.3102302e-17 -0.15850273
vn -0.98735854 7.3102302e-17 -0.15850273
vn 0.0000000e+0 1.00000000 -1.0533211e-16
vn -0.63094666 -2.1930691e-16 0.77582621
vn -0.63094666 -2.1930691e-16 0.77582621
vn 0.0000000e+0 1.00000000 -1.0533211e-16
vn 0.35641188 -1.4620460e-16 0.93432894
vn 0.35641188 -1.4620460e-16 0.93432894
vn -0.98735854 0.0000000e+0 -0.15850273
vn -0.98735854 0.0000000e+0 -0.15850273
vn -0.63094666 -4.1076410e-16 0.77582621
vn -0.63094666 -4.1076410e-16 0.77582621
vn 0.35641188 -1.2322923e-15 0.93432894
vn 0.35641188 -1.2322923e-15 0.93432894
vn 0.98735854 -1.4376743e-15 0.15850273
vn 0.98735854 -1.4376743e-15 0.15850273
vn 0.63094666 -6.1614614e-16 -0.77582621
vn 0.63094666 -6.1614614e-16 -0.77582621
vn -0.35641188 0.0000000e+0 -0.93432894
vn -0.35641188 0.0000000e+0 -0.93432894
vn -0.98735854 0.0000000e+0 -0.15850273
vn -0.98735854 0.0000000e+0 -0.15850273
vn 9.9020205e-2 0.99495845 1.5895921e-2
vn 9.9020205e-2 0.99495845 1.5895921e-2
vn -0.63094666 -4.1076410e-16 0.77582621
vn -0.63094666 -4.1076410e-16 0.77582621
vn 6.3276374e-2 0.99495845 -7.7806053e-2
vn 6.3276374e-2 0.99495845 -7.7806053e-2
vn 0.35641188 -1.2322923e-15 0.93432894
vn 0.35641188 -1.2322923e-15 0.93432894
vn -3.5743832e-2 0.99495845 -9.3701973e-2
vn -3.5743832e-2 0.99495845 -9.3701973e-2
vn 0.98735854 -1.4376743e-15 0.15850273
vn 0.98735854 -1.4376743e-15 0.15850273
vn -9.9020205e-2 0.99495845 -1.5895921e-2
vn -9.9020205e-2 0.99495845 -1.5895921e-2
vn 0.63094666 -6.1614614e-16 -0.77582621
vn 0.63094666 -6.1614614e-16 -0.77582621
vn -6.3276374e-2 0.99495845 7.7806053e-2
vn -6.3276374e-2 0.99495845 7.7806053e-2
vn -0.35641188 0.0000000e+0 -0.93432894
vn -0.35641188 0.0000000e+0 -0.93432894
vn 3.5743832e-2 0.99495845 9.3701973e-2
vn 3.5743832e-2 0.99495845 9.3701973e-2
vn 9.9020205e-2 0.99495845 1.5895921e-2
vn 9.9020205e-2 0.99495845 1.5895921e-2
vn 0.98735854 -5.8481841e-16 0.15850273
vn 0.98735854 -5.8481841e-16 0.15850273
vn 6.3276374e-2 0.99495845 -7.7806053e-2
vn 6.3276374e-2 0.99495845 -7.7806053e-2
vn 0.63094666 -5.8481841e-16 -0.77582621
vn 0.63094666 -5.8481841e-16 -0.77582621
vn -3.5743832e-2 0.99495845 -9.3701973e-2
vn -3.5743832e-2 0.99495845 -9.3701973e-2
vn -0.35641188 -5.8481841e-16 -0.93432894
vn -0.35641188 -5.8481841e-16 -0.93432894
vn -9.9020205e-2 0.99495845 -1.5895921e-2
vn -9.9020205e-2 0.99495845 -1.5895921e-2
vn -0.98735854 -2.9240921e-16 -0.15850273
vn -0.98735854 -2.9240921e-16 -0.15850273
vn -6.3276374e-2 0.99495845 7.7806053e-2
vn -6.3276374e-2 0.99495845 7.7806053e-2
vn -0.63094666 8.7722762e-16 0.77582621
vn -0.63094666 8.7722762e-16 0.77582621
vn 3.5743832e-2 0.99495845 9.3701973e-2
vn 3.5743832e-2 0.99495845 9.3701973e-2
vn 0.35641188 5.8481841e-16 0.93432894
vn 0.35641188 5.8481841e-16 0.93432894
vn 0.0000000e+0 1.00000000 0.0000000e+0
vn 0.98735854 -5.8481841e-16 0.15850273
vn 0.98735854 -5.8481841e-16 0.15850273
vn 0.0000000e+0 1.00000000 0.0000000e+0
vn 0.63094666 -5.8481841e-16 -0.77582621
vn 0.63094666 -5.8481841e-16 -0.77582621
vn 0.0000000e+0 1.00000000 0.0000000e+0
vn -0.35641188 -5.8481841e-16 -0.93432894
vn -0.35641188 -5.8481841e-16 -0.93432894
vn 0.0000000e+0 1.00000000 0.0000000e+0
vn -0.98735854 -2.9240921e-16 -0.15850273
vn -0.98735854 -2.9240921e-16 -0.15850273
vn 0.0000000e+0 1.00000000 0.0000000e+0
vn -0.63094666 8.7722762e-16 0.77582621
vn -0.63094666 8.7722762e-16 0.77582621
vn 0.0000000e+0 1.00000000 0.0000000e+0
vn 0.35641188 5.8481841e-16 0.93432894
vn 0.35641188 5.8481841e-16 0.93432894
vn -0.98735854 2.0538205e-16 -0.15850273
vn -0.98735854 2.0538205e-16 -0.15850273
vn -0.63094666 0.0000000e+0 0.77582621
vn -0.63094666 0.0000000e+0 0.77582621
vn 0.35641188 -2.0538205e-16 0.93432894
vn 0.35641188 -2.0538205e-16 0.93432894
vn 0.98735854 -6.1614614e-16 0.15850273
vn 0.98735854 -6.1614614e-16 0.15850273
vn 0.63094666 -8.2152819e-16 -0.77582621
vn 0.63094666 -8.2152819e-16 -0.77582621
vn -0.35641188 -2.0538205e-16 -0.93432894
vn -0.35641188 -2.0538205e-16 -0.93432894
vn -0.98735854 2.0538205e-16 -0.15850273
vn -0.98735854 2.0538205e-16 -0.15850273
vn 9.9020205e-2 0.99495845 1.5895921e-2
vn 9.9020205e-2 0.99495845 1.5895921e-2
vn -0.63094666 0.0000000e+0 0.77582621
vn -0.63094666 0.0000000e+0 0.77582621
vn 6.3276374e-2 0.99495845 -7.7806053e-2
vn 6.3276374e-2 0.99495845 -7.7806053e-2
vn 0.35641188 -2.0538205e-16 0.93432894
vn 0.35641188 -2.0538205e-16 0.93432894
vn -3.5743832e-2 0.99495845 -9.3701973e-2
vn -3.5743832e-2 0.99495845 -9.3701973e-2
vn 0.98735854 -6.1614614e-16 0.15850273
vn 0.98735854 -6.1614614e-16 0.15850273
vn -9.9020205e-2 0.99495845 -1.5895921e-2
vn -9.9020205e-2 0.99495845 -1.5895921e-2
vn 0.63094666 -8.2152819e-16 -0.77582621
vn 0.63094666 -8.2152819e-16 -0.77582621
vn -6.3276374e-2 0.99495845 7.7806053e-2
vn -6.3276374e-2 0.99495845 7.7806053e-2
vn -0.35641188 -2.0538205e-16 -0.93432894
vn -0.35641188 -2.0538205e-16 -0.93432894
vn 3.5743832e-2 0.99495845 9.3701973e-2
vn 3.5743832e-2 0.99495845 9.3701973e-2
vn 9.9020205e-2 0.99495845 1.5895921e-2
vn 9.9020205e-2 0.99495845 1.5895921e-2
vn 0.98735854 -1.3158414e-15 0.15850273
vn 0.98735854 -1.3158414e-15 0.15850273
vn 6.3276374e-2 0.99495845 -7.7806053e-2
vn 6.3276374e-2 0.99495845 -7.7806053e-2
vn 0.63094666 -4.3861381e-16 -0.77582621
vn 0.63094666 -4.3861381e-16 -0.77582621
vn -3.5743832e-2 0.99495845 -9.3701973e-2
vn -3.5743832e-2 0.99495845 -9.3701973e-2
vn -0.35641188 2.9240921e-16 -0.93432894
vn -0.35641188 2.9240921e-16 -0.93432894
vn -9.9020205e-2 0.99495845 -1.5895921e-2
vn -9.9020205e-2 0.99495845 -1.5895921e-2
vn -0.98735854 4.5544906e-31 -0.15850273
vn -0.98735854 4.5544906e-31 -0.15850273
vn -6.3276374e-2 0.99495845 7.7806053e-2
vn -6.3276374e-2 0.99495845 7.7806053e-2
vn -0.63094666 8.7722762e-16 0.77582621
vn -0.63094666 8.7722762e-16 0.77582621
vn 3.5743832e-2 0.99495845 9.3701973e-2
vn 3.5743832e-2 0.99495845 9.3701973e-2
vn 0.35641188 2.9240921e-16 0.93432894
vn 0.35641188 2.9240921e-16 0.93432894
vn 1.1473478e-16 1.00000000 1.0533211e-16
vn 0.98735854 -1.3158414e-15 0.15850273
vn 0.98735854 -1.3158414e-15 0.15850273
vn 1.1473478e-16 1.00000000 1.0533211e-16
vn 0.63094666 -4.3861381e-16 -0.77582621
vn 0.63094666 -4.3861381e-16 -0.77582621
vn 1.1473478e-16 1.00000000 1.0533211e-16
vn -0.35641188 2.9240921e-16 -0.93432894
vn -0.35641188 2.9240921e-16 -0.93432894
vn 1.1473478e-16 1.00000000 1.0533211e-16
vn -0.98735854 4.5544906e-31 -0.15850273
vn -0.98735854 4.5544906e-31 -0.15850273
vn 1.1473478e-16 1.00000000 1.0533211e-16
vn -0.63094666 8.7722762e-16 0.77582621
vn -0.63094666 8.7722762e-16 0.77582621
vn 1.1473478e-16 1.00000000 1.0533211e-16
vn 0.35641188 2.9240921e-16 0.93432894
vn 0.35641188 2.9240921e-16 0.93432894
vn -0.98735854 2.0538205e-16 -0.15850273
vn -0.98735854 2.0538205e-16 -0.15850273
vn -0.63094666 2.0538205e-16 0.77582621
vn -0.63094666 2.0538205e-16 0.77582621
vn 0.35641188 -4.1076410e-16 0.93432894
vn 0.35641188 -4.1076410e-16 0.93432894
vn 0.98735854 -7.1883717e-16 0.15850273
vn 0.98735854 -7.1883717e-16 0.15850273
vn 0.63094666 -3.0807307e-16 -0.77582621
vn 0.63094666 -3.0807307e-16 -0.77582621
vn -0.35641188 0.0000000e+0 -0.93432894
vn -0.35641188 0.0000000e+0 -0.93432894
vn -0.98735854 2.0538205e-16 -0.15850273
vn -0.98735854 2.0538205e-16 -0.15850273
vn 9.9020205e-2 0.99495845 1.5895921e-2
vn 9.9020205e-2 0.99495845 1.5895921e-2
vn -0.63094666 2.0538205e-16 0.77582621
vn -0.63094666 2.0538205e-16 0.77582621
vn 6.3276374e-2 0.99495845 -7.7806053e-2
vn 6.3276374e-2 0.99495845 -7.7806053e-2
vn 0.35641188 -4.1076410e-16 0.93432894
vn 0.35641188 -4.1076410e-16 0.93432894
vn -3.5743832e-2 0.99495845 -9.3701973e-2
vn -3.5743832e-2 0.99495845 -9.3701973e-2
vn 0.98735854 -7.1883717e-16 0.15850273
vn 0.98735854 -7.1883717e-16 0.15850273
vn -9.9020205e-2 0.99495845 -1.5895921e-2
vn -9.9020205e-2 0.99495845 -1.5895921e-2
vn 0.63094666 -3.0807307e-16 -0.77582621
vn 0.63094666 -3.0807307e-16 -0.77582621
vn -6.3276374e-2 0.99495845 7.7806053e-2
vn -6.3276374e-2 0.99495845 7.7806053e-2
vn -0.35641188 0.0000000e+0 -0.93432894
vn -0.35641188 0.0000000e+0 -0.93432894
vn 3.5743832e-2 0.99495845 9.3701973e-2
vn 3.5743832e-2 0.99495845 9.3701973e-2
vn 9.9020205e-2 0.99495845 1.5895921e-2
vn 9.9020205e-2 0.99495845 1.5895921e-2
vn 0.98735854 0.0000000e+0 0.15850273
vn 0.98735854 0.0000000e+0 0.15850273
vn 6.3276374e-2 0.99495845 -7.7806053e-2
vn 6.3276374e-2 0.99495845 -7.7806053e-2
vn 0.63094666 0.0000000e+0 -0.77582621
vn 0.63094666 0.0000000e+0 -0.77582621
vn -3.5743832e-2 0.99495845 -9.3701973e-2
vn -3.5743832e-2 0.99495845 -9.3701973e-2
vn -0.35641188 5.8481841e-16 -0.93432894
vn -0.35641188 5.8481841e-16 -0.93432894
vn -9.9020205e-2 0.99495845 -1.5895921e-2
vn -9.9020205e-2 0.99495845 -1.5895921e-2
vn -0.98735854 5.8481841e-16 -0.15850273
vn -0.98735854 5.8481841e-16 -0.15850273
vn -6.3276374e-2 0.99495845 7.7806053e-2
vn -6.3276374e-2 0.99495845 7.7806053e-2
vn -0.63094666 5.8481841e-16 0.77582621
vn -0.63094666 5.8481841e-16 0.77582621
vn 3.5743832e-2 0.99495845 9.3701973e-2
vn 3.5743832e-2 0.99495845 9.3701973e-2
vn 0.35641188 5.8481841e-16 0.93432894
vn 0.35641188 5.8481841e-16 0.93432894
vn 0.0000000e+0 1.00000000 0.0000000e+0
vn 0.98735854 0.0000000e+0 0.15850273
vn 0.98735854 0.0000000e+0 0.15850273
vn 0.0000000e+0 1.00000000 0.0000000e+0
vn 0.63094666 0.0000000e+0 -0.77582621
vn 0.63094666 0.0000000e+0 -0.77582621
vn 0.0000000e+0 1.00000000 0.0000000e+0
vn -0.35641188 5.8481841e-16 -0.93432894
vn -0.35641188 5.8481841e-16 -0.93432894
vn 0.0000000e+0 1.00000000 0.0000000e+0
vn -0.98735854 5.8481841e-16 -0.15850273
vn -0.98735854 5.8481841e-16 -0.15850273
vn 0.0000000e+0 1.00000000 0.0000000e+0
vn -0.63094666 5.8481841e-16 0.77582621
vn -0.63094666 5.8481841e-16 0.77582621
vn 0.0000000e+0 1.00000000 0.0000000e+0
vn 0.35641188 5.8481841e-16 0.93432894
vn 0.35641188 5.8481841e-16 0.93432894
vn -5.1283848e-2 -0.99841061 -2.3371396e-2
vn 0.36275029 0.0000000e+0 -0.93188638
vn -5.1283848e-2 -0.99841061 -2.3371396e-2
vn -0.63182398 -0.36177162 -0.68550693
vn -0.63182398 -0.36177162 -0.68550693
vn 0.36275029 0.0000000e+0 -0.93188638
vn 0.36275029 0.0000000e+0 -0.93188638
vn -0.68554287 0.30097273 -0.66290753
vn -0.68554287 0.30097273 -0.66290753
vn -5.1283848e-2 0.99841061 -2.3371396e-2
vn 0.36275029 0.0000000e+0 -0.93188638
vn -5.1283848e-2 0.99841061 -2.3371396e-2
vn -0.46531798 2.6790747e-16 0.88514359
vn -5.1283848e-2 -0.99841061 -2.3371396e-2
vn -0.94261242 -0.31893018 -9.8819889e-2
vn -0.94261242 -0.31893018 -9.8819889e-2
vn -0.46531798 2.6790747e-16 0.88514359
vn -5.1283848e-2 -0.99841061 -2.3371396e-2
vn -0.95434617 0.25655515 -0.15297988
vn -0.95434617 0.25655515 -0.15297988
vn -5.1283848e-2 0.99841061 -2.3371396e-2
vn -0.46531798 2.6790747e-16 0.88514359
vn -5.1283848e-2 0.99841061 -2.3371396e-2
vn -0.46531798 2.6790747e-16 0.88514359
vn 0.84176418 0.51861516 -0.14990455
vn 0.84176418 0.51861516 -0.14990455
vn 0.41469324 0.0000000e+0 -0.90996127
vn 0.0000000e+0 1.00000000 0.0000000e+0
vn 0.41469324 0.0000000e+0 -0.90996127
vn 0.81773032 -0.53418799 -0.21438358
vn 0.81773032 -0.53418799 -0.21438358
vn 0.0000000e+0 -1.00000000 0.0000000e+0
vn 5.3511605e-17 -1.00000000 0.0000000e+0
vn 0.42537218 -0.48548126 0.76378430
vn 0.42537218 -0.48548126 0.76378430
vn -0.41469324 0.0000000e+0 0.90996127
vn 0.48975541 0.46690643 0.73630023
vn 0.48975541 0.46690643 0.73630023
vn -0.41469324 0.0000000e+0 0.90996127
vn 0.0000000e+0 1.00000000 0.0000000e+0
vn 0.41469324 0.0000000e+0 -0.90996127
vn 0.0000000e+0 1.00000000 0.0000000e+0
vn 0.41469324 0.0000000e+0 -0.90996127
vn 0.0000000e+0 -1.00000000 0.0000000e+0
vn 5.3511605e-17 -1.00000000 0.0000000e+0
vn -0.41469324 0.0000000e+0 0.90996127
vn -0.41469324 0.0000000e+0 0.90996127
vn 0.0000000e+0 1.00000000 0.0000000e+0
vn 0.36275029 0.0000000e+0 -0.93188638
vn -0.48284574 -1.3921222e-16 -0.87570543
vn -0.48284574 -1.3921222e-16 -0.87570543
vn 0.36275029 0.0000000e+0 -0.93188638
vn -5.1283848e-2 -0.99841061 -2.3371396e-2
vn -0.73026216 -0.59662516 -0.33279964
vn -0.73026216 -0.59662516 -0.33279964
vn -5.1283848e-2 -0.99841061 -2.3371396e-2
vn 0.41469324 0.0000000e+0 -0.90996127
vn 0.85674227 -3.4860292e-17 -0.51574478
vn 0.85674227 -3.4860292e-17 -0.51574478
vn 0.41469324 0.0000000e+0 -0.90996127
vn 2.6755803e-17 -1.00000000 0.0000000e+0
vn 0.51478913 -0.82459301 0.23460292
vn 0.51478913 -0.82459301 0.23460292
vn 2.6755803e-17 -1.00000000 0.0000000e+0
vn 0.36275029 0.0000000e+0 -0.93188638
vn 0.36275029 0.0000000e+0 -0.93188638
vn -5.1283848e-2 -0.99841061 -2.3371396e-2
vn -5.1283848e-2 -0.99841061 -2.3371396e-2
vn 0.41469324 0.0000000e+0 -0.90996127
vn 0.41469324 0.0000000e+0 -0.90996127
vn 2.6755803e-17 -1.00000000 0.0000000e+0
vn 2.6755803e-17 -1.00000000 0.0000000e+0
vn 0.46531798 0.0000000e+0 -0.88514359
vn 5.1283848e-2 -0.99841061 2.3371396e-2
vn 0.46531798 0.0000000e+0 -0.88514359
vn 5.1283848e-2 -0.99841061 2.3371396e-2
vn 0.94409507 -0.10810826 0.31144357
vn 0.94409507 -0.10810826 0.31144357
vn 0.46531798 0.0000000e+0 -0.88514359
vn 5.1283848e-2 0.99841061 2.3371396e-2
vn 0.94409507 0.10810826 0.31144357
vn 0.94409507 0.10810826 0.31144357
vn 0.46531798 0.0000000e+0 -0.88514359
vn 5.1283848e-2 0.99841061 2.3371396e-2
vn -0.36275029 2.6790747e-16 0.93188638
vn 5.1283848e-2 -0.99841061 2.3371396e-2
vn -0.36275029 2.6790747e-16 0.93188638
vn 5.1283848e-2 -0.99841061 2.3371396e-2
vn 0.85443154 -0.10810826 0.50819223
vn 0.85443154 -0.10810826 0.50819223
vn 5.1283848e-2 0.99841061 2.3371396e-2
vn -0.36275029 2.6790747e-16 0.93188638
vn 0.85443154 0.10810826 0.50819223
vn 0.85443154 0.10810826 0.50819223
vn 5.1283848e-2 0.99841061 2.3371396e-2
vn -0.36275029 2.6790747e-16 0.93188638
vn -0.46531798 -2.6790747e-16 0.88514359
vn -5.1283848e-2 -0.99841061 -2.3371396e-2
vn -0.46531798 -2.6790747e-16 0.88514359
vn -5.1283848e-2 -0.99841061 -2.3371396e-2
vn -0.94409507 -0.10810826 -0.31144357
vn -0.94409507 -0.10810826 -0.31144357
vn -0.46531798 -2.6790747e-16 0.88514359
vn -5.1283848e-2 0.99841061 -2.3371396e-2
vn -0.94409507 0.10810826 -0.31144357
vn -0.94409507 0.10810826 -0.31144357
vn -0.46531798 -2.6790747e-16 0.88514359
vn -5.1283848e-2 0.99841061 -2.3371396e-2
vn 0.36275029 -2.6790747e-16 -0.93188638
vn -5.1283848e-2 -0.99841061 -2.3371396e-2
vn 0.36275029 -2.6790747e-16 -0.93188638
vn -5.1283848e-2 -0.99841061 -2.3371396e-2
vn -0.85443154 -0.10810826 -0.50819223
vn -0.85443154 -0.10810826 -0.50819223
vn -5.1283848e-2 0.99841061 -2.3371396e-2
vn 0.36275029 -2.6790747e-16 -0.93188638
vn -0.85443154 0.10810826 -0.50819223
vn -0.85443154 0.10810826 -0.50819223
vn -5.1283848e-2 0.99841061 -2.3371396e-2
vn 0.36275029 -2.6790747e-16 -0.93188638
g cylinder3_default
usemtl default
f 1/26/737 33/13/865 64/3/989 32/34/861
f 1/350/739 66/351/997 65/380/993 2/385/743
f 2/35/742 34/52/870 33/68/866 1/36/738
f 2/385/744 65/380/994 96/397/1118 3/402/748
f 3/39/746 35/54/874 34/52/869 2/35/741
f 3/402/747 96/397/1117 95/414/1114 4/417/752
f 4/38/750 36/53/878 35/54/873 3/39/745
f 4/417/751 95/414/1113 94/420/1110 5/433/756
f 5/42/754 37/57/882 36/53/877 4/38/749
f 5/433/755 94/420/1109 93/430/1106 6/450/760
f 6/40/758 38/56/886 37/57/881 5/42/753
f 6/450/759 93/430/1105 92/437/1102 7/463/764
f 7/41/762 39/55/890 38/56/885 6/40/757
f 7/463/763 92/437/1101 91/446/1098 8/472/768
f 8/43/766 40/58/894 39/55/889 7/41/761
f 8/472/767 91/446/1097 90/449/1094 9/476/772
f 9/45/770 41/60/898 40/58/893 8/43/765
f 9/476/771 90/449/1093 89/445/1090 10/471/776
f 10/44/774 42/59/902 41/60/897 9/45/769
f 10/471/775 89/445/1089 88/438/1086 11/462/780
f 11/49/778 43/61/906 42/59/901 10/44/773
f 11/462/779 88/438/1085 87/431/1082 12/451/784
f 12/48/782 44/64/910 43/61/905 11/49/777
f 12/451/783 87/431/1081 86/419/1078 13/434/788
f 13/47/786 45/63/914 44/64/909 12/48/781
f 13/434/787 86/419/1077 85/413/1074 14/418/792
f 14/50/790 46/66/918 45/63/913 13/47/785
f 14/418/791 85/413/1073 84/398/1070 15/403/796
f 15/46/794 47/65/922 46/66/917 14/50/789
f 15/403/795 84/398/1069 83/381/1066 16/384/800
f 16/51/798 48/62/926 47/65/921 15/46/793
f 16/384/799 83/381/1065 82/352/1062 17/349/804
f 17/37/802 49/67/930 48/62/925 16/51/797
f 17/292/803 82/291/1061 81/308/1058 18/310/808
f 18/32/806 50/1/934 49/14/929 17/19/801
f 18/310/807 81/308/1057 80/321/1054 19/328/812
f 19/20/810 51/8/938 50/1/933 18/32/805
f 19/328/811 80/321/1053 79/333/1050 20/340/816
f 20/27/814 52/17/942 51/8/937 19/20/809
f 20/340/815 79/333/1049 78/342/1046 21/354/820
f 21/31/818 53/12/946 52/17/941 20/27/813
f 21/354/819 78/342/1045 77/347/1042 22/376/824
f 22/24/822 54/10/950 53/12/945 21/31/817
f 22/376/823 77/347/1041 76/364/1038 23/386/828
f 23/33/826 55/15/954 54/10/949 22/24/821
f 23/386/827 76/364/1037 75/373/1034 24/394/832
f 24/25/830 56/5/958 55/15/953 23/33/825
f 24/394/831 75/373/1033 74/374/1030 25/396/836
f 25/30/834 57/11/962 56/5/957 24/25/829
f 25/396/835 74/374/1029 73/372/1026 26/395/840
f 26/22/838 58/6/966 57/11/961 25/30/833
f 26/395/839 73/372/1025 72/365/1022 27/387/844
f 27/29/842 59/9/970 58/6/965 26/22/837
f 27/387/843 72/365/1021 71/348/1018 28/375/848
f 28/21/846 60/4/974 59/9/969 27/29/841
f 28/375/847 71/348/1017 70/341/1014 29/353/852
f 29/28/850 61/7/978 60/4/973 28/21/845
f 29/353/851 70/341/1013 69/334/1010 30/339/856
f 30/18/854 62/2/982 61/7/977 29/28/849
f 30/339/855 69/334/1009 68/320/1006 31/329/860
f 31/23/858 63/16/986 62/2/981 30/18/853
f 31/329/859 68/320/1005 67/307/1002 32/309/864
f 32/34/862 64/3/990 63/16/985 31/23/857
f 32/309/863 67/307/1001 66/294/998 1/293/740
f 33/191/868 97/189/1122 128/210/1246 64/229/992
f 34/318/871 98/311/1125 97/295/1121 33/298/867
f 35/332/875 99/325/1129 98/311/1126 34/318/872
f 36/344/879 100/337/1133 99/325/1130 35/332/876
f 37/363/883 101/345/1137 100/337/1134 36/344/880
f 38/383/887 102/357/1141 101/345/1138 37/363/884
f 39/392/891 103/370/1145 102/357/1142 38/383/888
f 40/399/895 104/378/1149 103/370/1146 39/392/892
f 41/401/899 105/379/1153 104/378/1150 40/399/896
f 42/400/903 106/377/1157 105/379/1154 41/401/900
f 43/393/907 107/371/1161 106/377/1158 42/400/904
f 44/382/911 108/358/1165 107/371/1162 43/393/908
f 45/362/915 109/346/1169 108/358/1166 44/382/912
f 46/343/919 110/336/1173 109/346/1170 45/362/916
f 47/331/923 111/324/1177 110/336/1174 46/343/920
f 48/319/927 112/312/1181 111/324/1178 47/331/924
f 49/297/931 113/296/1185 112/312/1182 48/319/928
f 50/228/935 114/209/1189 113/188/1186 49/190/932
f 51/266/939 115/230/1193 114/209/1190 50/228/936
f 52/287/943 116/269/1197 115/230/1194 51/266/940
f 53/303/947 117/290/1201 116/269/1198 52/287/944
f 54/316/951 118/302/1205 117/290/1202 53/303/948
f 55/323/955 119/305/1209 118/302/1206 54/316/952
f 56/327/959 120/313/1213 119/305/1210 55/323/956
f 57/330/963 121/315/1217 120/313/1214 56/327/960
f 58/326/967 122/314/1221 121/315/1218 57/330/964
f 59/322/971 123/306/1225 122/314/1222 58/326/968
f 60/317/975 124/301/1229 123/306/1226 59/322/972
f 61/304/979 125/289/1233 124/301/1230 60/317/976
f 62/288/983 126/268/1237 125/289/1234 61/304/980
f 63/267/987 127/231/1241 126/268/1238 62/288/984
f 64/229/991 128/210/1245 127/231/1242 63/267/988
f 65/270/996 98/264/1128 99/265/1131 96/282/1119
f 66/284/999 97/252/1123 98/264/1127 65/270/995
f 67/213/1004 128/234/1248 97/233/1124 66/211/1000
f 68/216/1008 127/242/1244 128/234/1247 67/213/1003
f 69/215/1012 126/243/1240 127/242/1243 68/216/1007
f 70/214/1016 125/236/1236 126/243/1239 69/215/1011
f 71/222/1020 124/232/1232 125/236/1235 70/214/1015
f 72/223/1024 123/241/1228 124/232/1231 71/222/1019
f 73/219/1028 122/247/1224 123/241/1227 72/223/1023
f 74/218/1032 121/237/1220 122/247/1223 73/219/1027
f 75/221/1036 120/239/1216 121/237/1219 74/218/1031
f 76/217/1040 119/245/1212 120/239/1215 75/221/1035
f 77/220/1044 118/248/1208 119/245/1211 76/217/1039
f 78/227/1048 117/246/1204 118/248/1207 77/220/1043
f 79/225/1052 116/238/1200 117/246/1203 78/227/1047
f 80/224/1056 115/240/1196 116/238/1199 79/225/1051
f 81/226/1060 114/235/1192 115/240/1195 80/224/1055
f 82/212/1064 113/244/1188 114/235/1191 81/226/1059
f 83/273/1068 112/255/1184 113/253/1187 82/271/1063
f 84/272/1072 111/259/1180 112/255/1183 83/273/1067
f 85/280/1076 110/260/1176 111/259/1179 84/272/1071
f 86/279/1080 109/254/1172 110/260/1175 85/280/1075
f 87/274/1084 108/251/1168 109/254/1171 86/279/1079
f 88/278/1088 107/257/1164 108/251/1167 87/274/1083
f 89/277/1092 106/258/1160 107/257/1163 88/278/1087
f 90/283/1096 105/262/1156 106/258/1159 89/277/1091
f 91/276/1100 104/256/1152 105/262/1155 90/283/1095
f 92/275/1104 103/261/1148 104/256/1151 91/276/1099
f 93/285/1108 102/263/1144 103/261/1147 92/275/1103
f 94/286/1112 101/250/1140 102/263/1143 93/285/1107
f 95/281/1116 100/249/1136 101/250/1139 94/286/1111
f 96/282/1120 99/265/1132 100/249/1135 95/281/1115
f 129/485/1249 210/457/1315 182/456/1301 130/482/1251
f 130/962/1254 131/1288/1257 132/1297/1259 129/937/1250
f 130/1553/1253 182/1530/1303 207/1529/59 185/1549/39
f 131/1506/1255 130/1553/1252 185/1549/39 183/1511/37
f 131/995/1258 135/1295/1269 136/1298/1271 132/944/1260
f 133/429/1262 134/432/1266 182/456/1304 210/457/1316
f 133/1299/1261 209/1194/1313 181/1193/1297 134/1296/1263
f 134/1510/1265 181/1423/1299 208/1426/60 187/1516/41
f 134/1510/1264 187/1516/41 207/1529/59 182/1530/1302
f 135/1546/1267 188/1544/42 208/1578/60 181/1582/1298
f 136/957/1272 135/996/1270 181/1193/1300 209/1194/1314
f 137/1512/1 140/1543/4 188/1544/42 183/1511/37
f 137/1512/1 141/1509/5 144/1545/8 140/1543/4
f 137/1512/1 183/1511/37 185/1549/39 138/1548/2
f 138/1548/2 142/1550/6 141/1509/5 137/1512/1
f 138/1548/2 185/1549/39 207/1529/59 184/1531/38
f 139/1519/3 143/1515/7 189/1532/43 184/1531/38
f 139/1519/3 187/1516/41 208/1426/60 186/1427/40
f 140/1543/4 144/1545/8 190/1589/44 186/1579/40
f 141/1509/5 145/1507/9 148/1547/12 144/1545/8
f 142/1550/6 146/1551/10 145/1507/9 141/1509/5
f 143/1515/7 147/1514/11 191/1533/45 189/1532/43
f 144/1545/8 148/1547/12 192/1586/46 190/1589/44
f 145/1507/9 149/1496/13 152/1552/16 148/1547/12
f 146/1551/10 150/1554/14 149/1496/13 145/1507/9
f 147/1514/11 151/1508/15 193/1534/47 191/1533/45
f 148/1547/12 152/1552/16 194/1593/48 192/1586/46
f 149/1496/13 153/1484/17 156/1555/20 152/1552/16
f 150/1554/14 154/1558/18 153/1484/17 149/1496/13
f 151/1508/15 155/1492/19 195/1535/49 193/1534/47
f 152/1552/16 156/1555/20 196/1604/50 194/1593/48
f 153/1484/17 157/1483/21 160/1559/24 156/1555/20
f 154/1558/18 158/1560/22 157/1483/21 153/1484/17
f 155/1492/19 159/1485/23 197/1537/51 195/1535/49
f 156/1555/20 160/1559/24 198/1602/52 196/1604/50
f 157/1483/21 161/1435/25 164/1569/28 160/1559/24
f 158/1560/22 162/1571/26 161/1435/25 157/1483/21
f 159/1485/23 163/1437/27 199/1539/53 197/1537/51
f 160/1559/24 164/1569/28 200/1623/54 198/1602/52
f 161/1435/25 165/1436/29 168/1576/32 164/1569/28
f 162/1571/26 166/1572/30 165/1436/29 161/1435/25
f 163/1437/27 167/1433/31 201/1538/55 199/1539/53
f 164/1569/28 168/1576/32 202/1626/56 200/1623/54
f 165/1436/29 169/1434/33 172/1580/36 168/1576/32
f 166/1572/30 170/1577/34 169/1434/33 165/1436/29
f 167/1433/31 171/1432/35 203/1536/57 201/1538/55
f 168/1576/32 172/1580/36 204/1607/58 202/1626/56
f 169/1434/33 173/1420/1274 176/1594/1287 172/1580/36
f 170/1577/34 174/1598/1277 173/1420/1273 169/1434/33
f 171/1432/35 175/1415/1282 205/1540/1307 203/1536/57
f 172/1580/36 176/1594/1286 206/1629/1311 204/1607/58
f 173/481/1275 174/440/1279 178/439/1291 177/480/1289
f 174/763/1280 205/600/1308 211/599/1318 178/762/1292
f 175/504/1281 179/503/1293 211/599/1317 205/600/1305
f 175/765/1284 206/602/1312 212/601/1320 179/764/1294
f 176/506/1285 180/505/1295 212/601/1319 206/602/1309
f 177/499/1290 180/752/1296 176/753/1288 173/500/1276
f 183/1511/37 188/1544/42 135/1546/1268 131/1506/1256
f 184/1531/38 189/1532/43 142/1550/6 138/1548/2
f 184/1531/38 207/1529/59 187/1516/41 139/1519/3
f 186/1427/40 190/1418/44 143/1515/7 139/1519/3
f 186/1579/40 208/1578/60 188/1544/42 140/1543/4
f 189/1532/43 191/1533/45 146/1551/10 142/1550/6
f 190/1418/44 192/1422/46 147/1514/11 143/1515/7
f 191/1533/45 193/1534/47 150/1554/14 146/1551/10
f 192/1422/46 194/1417/48 151/1508/15 147/1514/11
f 193/1534/47 195/1535/49 154/1558/18 150/1554/14
f 194/1417/48 196/1411/50 155/1492/19 151/1508/15
f 195/1535/49 197/1537/51 158/1560/22 154/1558/18
f 196/1411/50 198/1413/52 159/1485/23 155/1492/19
f 197/1537/51 199/1539/53 162/1571/26 158/1560/22
f 198/1413/52 200/1363/54 163/1437/27 159/1485/23
f 199/1539/53 201/1538/55 166/1572/30 162/1571/26
f 200/1363/54 202/1362/56 167/1433/31 163/1437/27
f 201/1538/55 203/1536/57 170/1577/34 166/1572/30
f 202/1362/56 204/1408/58 171/1432/35 167/1433/31
f 203/1536/57 205/1540/1306 174/1598/1278 170/1577/34
f 204/1408/58 206/1339/1310 175/1415/1283 171/1432/35
f 213/1364/1322 219/1442/1334 220/1439/1338 214/1358/1324
f 214/1402/1323 220/1477/1337 221/1472/1342 215/1396/1326
f 215/1396/1325 221/1472/1341 222/1464/1346 216/1389/1328
f 216/1389/1327 222/1464/1345 223/1457/1350 217/1381/1330
f 217/1381/1329 223/1457/1349 224/1448/1354 218/1373/1332
f 218/1373/1331 224/1448/1353 219/1442/1333 213/1364/1321
f 219/756/1335 225/769/1357 226/847/1361 220/872/1339
f 220/886/1340 226/851/1362 227/865/1365 221/926/1343
f 221/926/1344 227/865/1366 228/804/1369 222/825/1347
f 222/825/1348 228/804/1370 229/742/1373 223/707/1351
f 223/707/1352 229/742/1374 230/711/1377 224/674/1355
f 224/674/1356 230/711/1378 225/769/1358 219/756/1336
f 225/1283/1359 231/1277/1382 232/1303/1385 226/1309/1363
f 226/992/1364 232/986/1386 233/1073/1388 227/1077/1367
f 227/1077/1368 233/1073/1389 234/1141/1391 228/1147/1371
f 228/1147/1372 234/1141/1392 235/1216/1394 229/1222/1375
f 229/1222/1376 235/1216/1395 236/1240/1397 230/1246/1379
f 230/1246/1380 236/1240/1398 231/1277/1383 225/1283/1360
f 231/628/1381 236/582/1396 235/598/1393 234/676/1390 233/719/1387 232/709/1384
f 237/485/1399 318/457/1465 290/456/1451 238/482/1401
f 238/962/1404 289/1178/1450 317/1179/1464 237/937/1400
f 238/1553/1403 290/1530/1453 316/1529/120 294/1549/100
f 239/995/1408 243/1295/1419 244/1298/1421 240/944/1410
f 241/429/1412 242/432/1416 290/456/1454 318/457/1466
f 241/1299/1411 244/957/1422 243/996/1420 242/1296/1415
f 242/1510/1414 243/1546/1417 296/1544/102 295/1516/101
f 242/1510/1413 295/1516/101 316/1529/120 290/1530/1452
f 245/1512/61 248/1543/64 296/1544/102 292/1511/98
f 245/1512/61 249/1509/65 252/1545/68 248/1543/64
f 245/1512/61 292/1511/98 315/1425/119 291/1424/97
f 246/1548/62 250/1550/66 297/1592/103 291/1584/97
f 246/1548/62 294/1549/100 316/1529/120 293/1531/99
f 247/1519/63 251/1515/67 298/1532/104 293/1531/99
f 247/1519/63 295/1516/101 296/1544/102 248/1543/64
f 248/1543/64 252/1545/68 251/1515/67 247/1519/63
f 249/1509/65 253/1507/69 256/1547/72 252/1545/68
f 250/1550/66 254/1551/70 299/1588/105 297/1592/103
f 251/1515/67 255/1514/71 300/1533/106 298/1532/104
f 252/1545/68 256/1547/72 255/1514/71 251/1515/67
f 253/1507/69 257/1496/73 260/1552/76 256/1547/72
f 254/1551/70 258/1554/74 301/1596/107 299/1588/105
f 255/1514/71 259/1508/75 302/1534/108 300/1533/106
f 256/1547/72 260/1552/76 259/1508/75 255/1514/71
f 257/1496/73 261/1484/77 264/1555/80 260/1552/76
f 258/1554/74 262/1558/78 303/1605/109 301/1596/107
f 259/1508/75 263/1492/79 304/1535/110 302/1534/108
f 260/1552/76 264/1555/80 263/1492/79 259/1508/75
f 261/1484/77 265/1483/81 268/1559/84 264/1555/80
f 262/1558/78 266/1560/82 305/1603/111 303/1605/109
f 263/1492/79 267/1485/83 306/1537/112 304/1535/110
f 264/1555/80 268/1559/84 267/1485/83 263/1492/79
f 265/1483/81 269/1435/85 272/1569/88 268/1559/84
f 266/1560/82 270/1571/86 307/1624/113 305/1603/111
f 267/1485/83 271/1437/87 308/1539/114 306/1537/112
f 268/1559/84 272/1569/88 271/1437/87 267/1485/83
f 269/1435/85 273/1436/89 276/1576/92 272/1569/88
f 270/1571/86 274/1572/90 309/1625/115 307/1624/113
f 271/1437/87 275/1433/91 310/1538/116 308/1539/114
f 272/1569/88 276/1576/92 275/1433/91 271/1437/87
f 273/1436/89 277/1434/93 280/1580/96 276/1576/92
f 274/1572/90 278/1577/94 311/1606/117 309/1625/115
f 275/1433/91 279/1432/95 312/1536/118 310/1538/116
f 276/1576/92 280/1580/96 279/1432/95 275/1433/91
f 277/1434/93 281/1420/1424 284/1594/1436 280/1580/96
f 278/1577/94 282/1598/1428 313/1630/1457 311/1606/117
f 279/1432/95 283/1415/1432 314/1540/1461 312/1536/118
f 280/1580/96 284/1594/1435 283/1415/1433 279/1432/95
f 281/481/1425 313/461/1458 319/460/1468 285/480/1439
f 282/440/1427 286/439/1441 319/460/1467 313/461/1455
f 282/763/1430 314/600/1462 320/599/1470 286/762/1442
f 283/765/1434 284/506/1437 288/505/1445 287/764/1444
f 283/504/1431 287/503/1443 320/599/1469 314/600/1459
f 285/499/1440 288/752/1446 284/753/1438 281/500/1426
f 289/1421/1449 315/1425/119 292/1511/98 239/1506/1406
f 291/1424/97 297/1416/103 249/1509/65 245/1512/61
f 291/1584/97 315/1585/119 294/1549/100 246/1548/62
f 292/1511/98 296/1544/102 243/1546/1418 239/1506/1407
f 293/1531/99 298/1532/104 250/1550/66 246/1548/62
f 293/1531/99 316/1529/120 295/1516/101 247/1519/63
f 294/1549/100 315/1585/119 289/1587/1448 238/1553/1402
f 297/1416/103 299/1419/105 253/1507/69 249/1509/65
f 298/1532/104 300/1533/106 254/1551/70 250/1550/66
f 299/1419/105 301/1414/107 257/1496/73 253/1507/69
f 300/1533/106 302/1534/108 258/1554/74 254/1551/70
f 301/1414/107 303/1410/109 261/1484/77 257/1496/73
f 302/1534/108 304/1535/110 262/1558/78 258/1554/74
f 303/1410/109 305/1412/111 265/1483/81 261/1484/77
f 304/1535/110 306/1537/112 266/1560/82 262/1558/78
f 305/1412/111 307/1355/113 269/1435/85 265/1483/81
f 306/1537/112 308/1539/114 270/1571/86 266/1560/82
f 307/1355/113 309/1356/115 273/1436/89 269/1435/85
f 308/1539/114 310/1538/116 274/1572/90 270/1571/86
f 309/1356/115 311/1409/117 277/1434/93 273/1436/89
f 310/1538/116 312/1536/118 278/1577/94 274/1572/90
f 311/1409/117 313/1346/1456 281/1420/1423 277/1434/93
f 312/1536/118 314/1540/1460 282/1598/1429 278/1577/94
f 317/1179/1463 289/1178/1447 239/1288/1405 240/1297/1409
f 321/485/1471 402/457/1537 374/456/1523 322/482/1473
f 322/962/1476 373/1178/1522 401/1179/1536 321/937/1472
f 322/1553/1475 374/1530/1525 400/1529/180 378/1549/160
f 323/995/1480 327/1295/1491 328/1298/1493 324/944/1482
f 325/429/1484 326/432/1488 374/456/1526 402/457/1538
f 325/1299/1483 328/957/1494 327/996/1492 326/1296/1487
f 326/1510/1486 327/1546/1489 380/1544/162 379/1516/161
f 326/1510/1485 379/1516/161 400/1529/180 374/1530/1524
f 329/1512/121 332/1543/124 380/1544/162 376/1511/158
f 329/1512/121 333/1509/125 336/1545/128 332/1543/124
f 329/1512/121 376/1511/158 399/1425/179 375/1424/157
f 330/1548/122 334/1550/126 381/1592/163 375/1584/157
f 330/1548/122 378/1549/160 400/1529/180 377/1531/159
f 331/1519/123 335/1515/127 382/1532/164 377/1531/159
f 331/1519/123 379/1516/161 380/1544/162 332/1543/124
f 332/1543/124 336/1545/128 335/1515/127 331/1519/123
f 333/1509/125 337/1507/129 340/1547/132 336/1545/128
f 334/1550/126 338/1551/130 383/1588/165 381/1592/163
f 335/1515/127 339/1514/131 384/1533/166 382/1532/164
f 336/1545/128 340/1547/132 339/1514/131 335/1515/127
f 337/1507/129 341/1496/133 344/1552/136 340/1547/132
f 338/1551/130 342/1554/134 385/1596/167 383/1588/165
f 339/1514/131 343/1508/135 386/1534/168 384/1533/166
f 340/1547/132 344/1552/136 343/1508/135 339/1514/131
f 341/1496/133 345/1484/137 348/1555/140 344/1552/136
f 342/1554/134 346/1558/138 387/1605/169 385/1596/167
f 343/1508/135 347/1492/139 388/1535/170 386/1534/168
f 344/1552/136 348/1555/140 347/1492/139 343/1508/135
f 345/1484/137 349/1483/141 352/1559/144 348/1555/140
f 346/1558/138 350/1560/142 389/1603/171 387/1605/169
f 347/1492/139 351/1485/143 390/1537/172 388/1535/170
f 348/1555/140 352/1559/144 351/1485/143 347/1492/139
f 349/1483/141 353/1435/145 356/1569/148 352/1559/144
f 350/1560/142 354/1571/146 391/1624/173 389/1603/171
f 351/1485/143 355/1437/147 392/1539/174 390/1537/172
f 352/1559/144 356/1569/148 355/1437/147 351/1485/143
f 353/1435/145 357/1436/149 360/1576/152 356/1569/148
f 354/1571/146 358/1572/150 393/1625/175 391/1624/173
f 355/1437/147 359/1433/151 394/1538/176 392/1539/174
f 356/1569/148 360/1576/152 359/1433/151 355/1437/147
f 357/1436/149 361/1434/153 364/1580/156 360/1576/152
f 358/1572/150 362/1577/154 395/1606/177 393/1625/175
f 359/1433/151 363/1432/155 396/1536/178 394/1538/176
f 360/1576/152 364/1580/156 363/1432/155 359/1433/151
f 361/1434/153 365/1420/1496 368/1594/1508 364/1580/156
f 362/1577/154 366/1598/1500 397/1630/1529 395/1606/177
f 363/1432/155 367/1415/1504 398/1540/1533 396/1536/178
f 364/1580/156 368/1594/1507 367/1415/1505 363/1432/155
f 365/481/1497 397/461/1530 403/460/1540 369/480/1511
f 366/440/1499 370/439/1513 403/460/1539 397/461/1527
f 366/763/1502 398/600/1534 404/599/1542 370/762/1514
f 367/765/1506 368/506/1509 372/505/1517 371/764/1516
f 367/504/1503 371/503/1515 404/599/1541 398/600/1531
f 369/499/1512 372/752/1518 368/753/1510 365/500/1498
f 373/1421/1521 399/1425/179 376/1511/158 323/1506/1478
f 375/1424/157 381/1416/163 333/1509/125 329/1512/121
f 375/1584/157 399/1585/179 378/1549/160 330/1548/122
f 376/1511/158 380/1544/162 327/1546/1490 323/1506/1479
f 377/1531/159 382/1532/164 334/1550/126 330/1548/122
f 377/1531/159 400/1529/180 379/1516/161 331/1519/123
f 378/1549/160 399/1585/179 373/1587/1520 322/1553/1474
f 381/1416/163 383/1419/165 337/1507/129 333/1509/125
f 382/1532/164 384/1533/166 338/1551/130 334/1550/126
f 383/1419/165 385/1414/167 341/1496/133 337/1507/129
f 384/1533/166 386/1534/168 342/1554/134 338/1551/130
f 385/1414/167 387/1410/169 345/1484/137 341/1496/133
f 386/1534/168 388/1535/170 346/1558/138 342/1554/134
f 387/1410/169 389/1412/171 349/1483/141 345/1484/137
f 388/1535/170 390/1537/172 350/1560/142 346/1558/138
f 389/1412/171 391/1355/173 353/1435/145 349/1483/141
f 390/1537/172 392/1539/174 354/1571/146 350/1560/142
f 391/1355/173 393/1356/175 357/1436/149 353/1435/145
f 392/1539/174 394/1538/176 358/1572/150 354/1571/146
f 393/1356/175 395/1409/177 361/1434/153 357/1436/149
f 394/1538/176 396/1536/178 362/1577/154 358/1572/150
f 395/1409/177 397/1346/1528 365/1420/1495 361/1434/153
f 396/1536/178 398/1540/1532 366/1598/1501 362/1577/154
f 401/1179/1535 373/1178/1519 323/1288/1477 324/1297/1481
f 405/486/1543 408/821/1553 407/781/1549 406/489/1545
f 406/1562/1547 407/1564/1551 414/1563/182 413/1561/181
f 406/406/1546 410/359/1558 409/355/1556 405/411/1544
f 407/1564/1552 411/1527/1563 415/1528/183 414/1563/182
f 408/496/1554 412/868/1565 411/853/1561 407/498/1550
f 410/589/1557 411/473/1562 412/467/1566 409/610/1555
f 411/1527/1564 410/1525/1559 416/1526/184 415/1528/183
f 413/1561/181 416/1526/184 410/1525/1560 406/1562/1548
f 413/1561/181 417/1565/185 420/1522/188 416/1526/184
f 414/1563/182 418/1567/186 417/1565/185 413/1561/181
f 415/1528/183 419/1524/187 418/1567/186 414/1563/182
f 416/1526/184 420/1522/188 419/1524/187 415/1528/183
f 417/1565/185 421/1566/189 424/1521/192 420/1522/188
f 418/1567/186 422/1568/190 421/1566/189 417/1565/185
f 419/1524/187 423/1523/191 422/1568/190 418/1567/186
f 420/1522/188 424/1521/192 423/1523/191 419/1524/187
f 421/1566/189 425/1570/193 428/1513/196 424/1521/192
f 422/1568/190 426/1575/194 425/1570/193 421/1566/189
f 423/1523/191 427/1517/195 426/1575/194 422/1568/190
f 424/1521/192 428/1513/196 427/1517/195 423/1523/191
f 425/1570/193 429/1581/197 432/1495/200 428/1513/196
f 426/1575/194 430/1583/198 429/1581/197 425/1570/193
f 427/1517/195 431/1503/199 430/1583/198 426/1575/194
f 428/1513/196 432/1495/200 431/1503/199 427/1517/195
f 429/1581/197 433/1595/201 436/1455/204 432/1495/200
f 430/1583/198 434/1597/202 433/1595/201 429/1581/197
f 431/1503/199 435/1469/203 434/1597/202 430/1583/198
f 432/1495/200 436/1455/204 435/1469/203 431/1503/199
f 433/1595/201 437/1600/205 440/1430/208 436/1455/204
f 434/1597/202 438/1601/206 437/1600/205 433/1595/201
f 435/1469/203 439/1431/207 438/1601/206 434/1597/202
f 436/1455/204 440/1430/208 439/1431/207 435/1469/203
f 437/1600/205 441/1573/209 444/1518/212 440/1430/208
f 438/1601/206 442/1574/210 441/1573/209 437/1600/205
f 439/1431/207 443/1520/211 442/1574/210 438/1601/206
f 440/1430/208 444/1518/212 443/1520/211 439/1431/207
f 442/1574/210 443/1520/211 444/1518/212 441/1573/209
f 445/485/1567 526/457/1633 498/456/1619 446/482/1569
f 446/962/1572 497/1178/1618 525/1179/1632 445/937/1568
f 446/1553/1571 498/1530/1621 524/1529/272 502/1549/252
f 447/995/1576 451/1295/1587 452/1298/1589 448/944/1578
f 449/429/1580 450/432/1584 498/456/1622 526/457/1634
f 449/1299/1579 452/957/1590 451/996/1588 450/1296/1583
f 450/1510/1582 451/1546/1585 504/1544/254 503/1516/253
f 450/1510/1581 503/1516/253 524/1529/272 498/1530/1620
f 453/1512/213 456/1543/216 504/1544/254 500/1511/250
f 453/1512/213 457/1509/217 460/1545/220 456/1543/216
f 453/1512/213 500/1511/250 523/1425/271 499/1424/249
f 454/1548/214 458/1550/218 505/1592/255 499/1584/249
f 454/1548/214 502/1549/252 524/1529/272 501/1531/251
f 455/1519/215 459/1515/219 506/1532/256 501/1531/251
f 455/1519/215 503/1516/253 504/1544/254 456/1543/216
f 456/1543/216 460/1545/220 459/1515/219 455/1519/215
f 457/1509/217 461/1507/221 464/1547/224 460/1545/220
f 458/1550/218 462/1551/222 507/1588/257 505/1592/255
f 459/1515/219 463/1514/223 508/1533/258 506/1532/256
f 460/1545/220 464/1547/224 463/1514/223 459/1515/219
f 461/1507/221 465/1496/225 468/1552/228 464/1547/224
f 462/1551/222 466/1554/226 509/1596/259 507/1588/257
f 463/1514/223 467/1508/227 510/1534/260 508/1533/258
f 464/1547/224 468/1552/228 467/1508/227 463/1514/223
f 465/1496/225 469/1484/229 472/1555/232 468/1552/228
f 466/1554/226 470/1558/230 511/1605/261 509/1596/259
f 467/1508/227 471/1492/231 512/1535/262 510/1534/260
f 468/1552/228 472/1555/232 471/1492/231 467/1508/227
f 469/1484/229 473/1483/233 476/1559/236 472/1555/232
f 470/1558/230 474/1560/234 513/1603/263 511/1605/261
f 471/1492/231 475/1485/235 514/1537/264 512/1535/262
f 472/1555/232 476/1559/236 475/1485/235 471/1492/231
f 473/1483/233 477/1435/237 480/1569/240 476/1559/236
f 474/1560/234 478/1571/238 515/1624/265 513/1603/263
f 475/1485/235 479/1437/239 516/1539/266 514/1537/264
f 476/1559/236 480/1569/240 479/1437/239 475/1485/235
f 477/1435/237 481/1436/241 484/1576/244 480/1569/240
f 478/1571/238 482/1572/242 517/1625/267 515/1624/265
f 479/1437/239 483/1433/243 518/1538/268 516/1539/266
f 480/1569/240 484/1576/244 483/1433/243 479/1437/239
f 481/1436/241 485/1434/245 488/1580/248 484/1576/244
f 482/1572/242 486/1577/246 519/1606/269 517/1625/267
f 483/1433/243 487/1432/247 520/1536/270 518/1538/268
f 484/1576/244 488/1580/248 487/1432/247 483/1433/243
f 485/1434/245 489/1420/1592 492/1594/1604 488/1580/248
f 486/1577/246 490/1598/1596 521/1630/1625 519/1606/269
f 487/1432/247 491/1415/1600 522/1540/1629 520/1536/270
f 488/1580/248 492/1594/1603 491/1415/1601 487/1432/247
f 489/481/1593 521/461/1626 527/460/1636 493/480/1607
f 490/440/1595 494/439/1609 527/460/1635 521/461/1623
f 490/763/1598 522/600/1630 528/599/1638 494/762/1610
f 491/765/1602 492/506/1605 496/505/1613 495/764/1612
f 491/504/1599 495/503/1611 528/599/1637 522/600/1627
f 493/499/1608 496/752/1614 492/753/1606 489/500/1594
f 497/1421/1617 523/1425/271 500/1511/250 447/1506/1574
f 499/1424/249 505/1416/255 457/1509/217 453/1512/213
f 499/1584/249 523/1585/271 502/1549/252 454/1548/214
f 500/1511/250 504/1544/254 451/1546/1586 447/1506/1575
f 501/1531/251 506/1532/256 458/1550/218 454/1548/214
f 501/1531/251 524/1529/272 503/1516/253 455/1519/215
f 502/1549/252 523/1585/271 497/1587/1616 446/1553/1570
f 505/1416/255 507/1419/257 461/1507/221 457/1509/217
f 506/1532/256 508/1533/258 462/1551/222 458/1550/218
f 507/1419/257 509/1414/259 465/1496/225 461/1507/221
f 508/1533/258 510/1534/260 466/1554/226 462/1551/222
f 509/1414/259 511/1410/261 469/1484/229 465/1496/225
f 510/1534/260 512/1535/262 470/1558/230 466/1554/226
f 511/1410/261 513/1412/263 473/1483/233 469/1484/229
f 512/1535/262 514/1537/264 474/1560/234 470/1558/230
f 513/1412/263 515/1355/265 477/1435/237 473/1483/233
f 514/1537/264 516/1539/266 478/1571/238 474/1560/234
f 515/1355/265 517/1356/267 481/1436/241 477/1435/237
f 516/1539/266 518/1538/268 482/1572/242 478/1571/238
f 517/1356/267 519/1409/269 485/1434/245 481/1436/241
f 518/1538/268 520/1536/270 486/1577/246 482/1572/242
f 519/1409/269 521/1346/1624 489/1420/1591 485/1434/245
f 520/1536/270 522/1540/1628 490/1598/1597 486/1577/246
f 525/1179/1631 497/1178/1615 447/1288/1573 448/1297/1577
f 529/486/1639 532/821/1649 531/781/1645 530/489/1641
f 530/1562/1643 531/1564/1647 538/1563/274 537/1561/273
f 530/407/1642 534/360/1654 533/356/1652 529/412/1640
f 531/1564/1648 535/1527/1659 539/1528/275 538/1563/274
f 532/496/1650 536/868/1661 535/853/1657 531/498/1646
f 534/589/1653 535/473/1658 536/468/1662 533/611/1651
f 535/1527/1660 534/1525/1655 540/1526/276 539/1528/275
f 537/1561/273 540/1526/276 534/1525/1656 530/1562/1644
f 537/1561/273 541/1565/277 544/1522/280 540/1526/276
f 538/1563/274 542/1567/278 541/1565/277 537/1561/273
f 539/1528/275 543/1524/279 542/1567/278 538/1563/274
f 540/1526/276 544/1522/280 543/1524/279 539/1528/275
f 541/1565/277 545/1566/281 548/1521/284 544/1522/280
f 542/1567/278 546/1568/282 545/1566/281 541/1565/277
f 543/1524/279 547/1523/283 546/1568/282 542/1567/278
f 544/1522/280 548/1521/284 547/1523/283 543/1524/279
f 545/1566/281 549/1570/285 552/1513/288 548/1521/284
f 546/1568/282 550/1575/286 549/1570/285 545/1566/281
f 547/1523/283 551/1517/287 550/1575/286 546/1568/282
f 548/1521/284 552/1513/288 551/1517/287 547/1523/283
f 549/1570/285 553/1581/289 556/1495/292 552/1513/288
f 550/1575/286 554/1583/290 553/1581/289 549/1570/285
f 551/1517/287 555/1503/291 554/1583/290 550/1575/286
f 552/1513/288 556/1495/292 555/1503/291 551/1517/287
f 553/1581/289 557/1595/293 560/1455/296 556/1495/292
f 554/1583/290 558/1597/294 557/1595/293 553/1581/289
f 555/1503/291 559/1469/295 558/1597/294 554/1583/290
f 556/1495/292 560/1455/296 559/1469/295 555/1503/291
f 557/1595/293 561/1600/297 564/1430/300 560/1455/296
f 558/1597/294 562/1601/298 561/1600/297 557/1595/293
f 559/1469/295 563/1431/299 562/1601/298 558/1597/294
f 560/1455/296 564/1430/300 563/1431/299 559/1469/295
f 561/1600/297 565/1573/301 568/1518/304 564/1430/300
f 562/1601/298 566/1574/302 565/1573/301 561/1600/297
f 563/1431/299 567/1520/303 566/1574/302 562/1601/298
f 564/1430/300 568/1518/304 567/1520/303 563/1431/299
f 566/1574/302 567/1520/303 568/1518/304 565/1573/301
f 569/485/1663 650/457/1729 622/456/1715 570/482/1665
f 570/962/1668 571/1288/1671 572/1297/1673 569/937/1664
f 570/1553/1667 622/1530/1717 647/1529/363 625/1549/343
f 571/1506/1669 570/1553/1666 625/1549/343 623/1511/341
f 571/995/1672 575/1295/1683 576/1298/1685 572/944/1674
f 573/429/1676 574/432/1680 622/456/1718 650/457/1730
f 573/1299/1675 649/1194/1727 621/1193/1711 574/1296/1677
f 574/1510/1679 621/1423/1713 648/1426/364 627/1516/345
f 574/1510/1678 627/1516/345 647/1529/363 622/1530/1716
f 575/1546/1681 628/1544/346 648/1578/364 621/1582/1712
f 576/957/1686 575/996/1684 621/1193/1714 649/1194/1728
f 577/1512/305 580/1543/308 628/1544/346 623/1511/341
f 577/1512/305 581/1509/309 584/1545/312 580/1543/308
f 577/1512/305 623/1511/341 625/1549/343 578/1548/306
f 578/1548/306 582/1550/310 581/1509/309 577/1512/305
f 578/1548/306 625/1549/343 647/1529/363 624/1531/342
f 579/1519/307 583/1515/311 629/1532/347 624/1531/342
f 579/1519/307 627/1516/345 648/1426/364 626/1427/344
f 580/1543/308 584/1545/312 630/1589/348 626/1579/344
f 581/1509/309 585/1507/313 588/1547/316 584/1545/312
f 582/1550/310 586/1551/314 585/1507/313 581/1509/309
f 583/1515/311 587/1514/315 631/1533/349 629/1532/347
f 584/1545/312 588/1547/316 632/1586/350 630/1589/348
f 585/1507/313 589/1496/317 592/1552/320 588/1547/316
f 586/1551/314 590/1554/318 589/1496/317 585/1507/313
f 587/1514/315 591/1508/319 633/1534/351 631/1533/349
f 588/1547/316 592/1552/320 634/1593/352 632/1586/350
f 589/1496/317 593/1484/321 596/1555/324 592/1552/320
f 590/1554/318 594/1558/322 593/1484/321 589/1496/317
f 591/1508/319 595/1492/323 635/1535/353 633/1534/351
f 592/1552/320 596/1555/324 636/1604/354 634/1593/352
f 593/1484/321 597/1483/325 600/1559/328 596/1555/324
f 594/1558/322 598/1560/326 597/1483/325 593/1484/321
f 595/1492/323 599/1485/327 637/1537/355 635/1535/353
f 596/1555/324 600/1559/328 638/1602/356 636/1604/354
f 597/1483/325 601/1435/329 604/1569/332 600/1559/328
f 598/1560/326 602/1571/330 601/1435/329 597/1483/325
f 599/1485/327 603/1437/331 639/1539/357 637/1537/355
f 600/1559/328 604/1569/332 640/1623/358 638/1602/356
f 601/1435/329 605/1436/333 608/1576/336 604/1569/332
f 602/1571/330 606/1572/334 605/1436/333 601/1435/329
f 603/1437/331 607/1433/335 641/1538/359 639/1539/357
f 604/1569/332 608/1576/336 642/1626/360 640/1623/358
f 605/1436/333 609/1434/337 612/1580/340 608/1576/336
f 606/1572/334 610/1577/338 609/1434/337 605/1436/333
f 607/1433/335 611/1432/339 643/1536/361 641/1538/359
f 608/1576/336 612/1580/340 644/1607/362 642/1626/360
f 609/1434/337 613/1420/1688 616/1594/1701 612/1580/340
f 610/1577/338 614/1598/1691 613/1420/1687 609/1434/337
f 611/1432/339 615/1415/1696 645/1540/1721 643/1536/361
f 612/1580/340 616/1594/1700 646/1629/1725 644/1607/362
f 613/481/1689 614/440/1693 618/439/1705 617/480/1703
f 614/763/1694 645/600/1722 651/599/1732 618/762/1706
f 615/504/1695 619/503/1707 651/599/1731 645/600/1719
f 615/765/1698 646/602/1726 652/601/1734 619/764/1708
f 616/506/1699 620/505/1709 652/601/1733 646/602/1723
f 617/499/1704 620/752/1710 616/753/1702 613/500/1690
f 623/1511/341 628/1544/346 575/1546/1682 571/1506/1670
f 624/1531/342 629/1532/347 582/1550/310 578/1548/306
f 624/1531/342 647/1529/363 627/1516/345 579/1519/307
f 626/1427/344 630/1418/348 583/1515/311 579/1519/307
f 626/1579/344 648/1578/364 628/1544/346 580/1543/308
f 629/1532/347 631/1533/349 586/1551/314 582/1550/310
f 630/1418/348 632/1422/350 587/1514/315 583/1515/311
f 631/1533/349 633/1534/351 590/1554/318 586/1551/314
f 632/1422/350 634/1417/352 591/1508/319 587/1514/315
f 633/1534/351 635/1535/353 594/1558/322 590/1554/318
f 634/1417/352 636/1411/354 595/1492/323 591/1508/319
f 635/1535/353 637/1537/355 598/1560/326 594/1558/322
f 636/1411/354 638/1413/356 599/1485/327 595/1492/323
f 637/1537/355 639/1539/357 602/1571/330 598/1560/326
f 638/1413/356 640/1363/358 603/1437/331 599/1485/327
f 639/1539/357 641/1538/359 606/1572/334 602/1571/330
f 640/1363/358 642/1362/360 607/1433/335 603/1437/331
f 641/1538/359 643/1536/361 610/1577/338 606/1572/334
f 642/1362/360 644/1408/362 611/1432/339 607/1433/335
f 643/1536/361 645/1540/1720 614/1598/1692 610/1577/338
f 644/1408/362 646/1339/1724 615/1415/1697 611/1432/339
f 653/486/1735 656/821/1745 655/781/1741 654/489/1737
f 654/1562/1739 655/1564/1743 662/1563/366 661/1561/365
f 654/408/1738 658/361/1750 657/356/1748 653/412/1736
f 655/1564/1744 659/1527/1755 663/1528/367 662/1563/366
f 656/496/1746 660/868/1757 659/853/1753 655/498/1742
f 658/589/1749 659/473/1754 660/468/1758 657/611/1747
f 659/1527/1756 658/1525/1751 664/1526/368 663/1528/367
f 661/1561/365 664/1526/368 658/1525/1752 654/1562/1740
f 661/1561/365 665/1565/369 668/1522/372 664/1526/368
f 662/1563/366 666/1567/370 665/1565/369 661/1561/365
f 663/1528/367 667/1524/371 666/1567/370 662/1563/366
f 664/1526/368 668/1522/372 667/1524/371 663/1528/367
f 665/1565/369 669/1566/373 672/1521/376 668/1522/372
f 666/1567/370 670/1568/374 669/1566/373 665/1565/369
f 667/1524/371 671/1523/375 670/1568/374 666/1567/370
f 668/1522/372 672/1521/376 671/1523/375 667/1524/371
f 669/1566/373 673/1570/377 676/1513/380 672/1521/376
f 670/1568/374 674/1575/378 673/1570/377 669/1566/373
f 671/1523/375 675/1517/379 674/1575/378 670/1568/374
f 672/1521/376 676/1513/380 675/1517/379 671/1523/375
f 673/1570/377 677/1581/381 680/1495/384 676/1513/380
f 674/1575/378 678/1583/382 677/1581/381 673/1570/377
f 675/1517/379 679/1503/383 678/1583/382 674/1575/378
f 676/1513/380 680/1495/384 679/1503/383 675/1517/379
f 677/1581/381 681/1595/385 684/1455/388 680/1495/384
f 678/1583/382 682/1597/386 681/1595/385 677/1581/381
f 679/1503/383 683/1469/387 682/1597/386 678/1583/382
f 680/1495/384 684/1455/388 683/1469/387 679/1503/383
f 681/1595/385 685/1600/389 688/1430/392 684/1455/388
f 682/1597/386 686/1601/390 685/1600/389 681/1595/385
f 683/1469/387 687/1431/391 686/1601/390 682/1597/386
f 684/1455/388 688/1430/392 687/1431/391 683/1469/387
f 685/1600/389 689/1573/393 692/1518/396 688/1430/392
f 686/1601/390 690/1574/394 689/1573/393 685/1600/389
f 687/1431/391 691/1520/395 690/1574/394 686/1601/390
f 688/1430/392 692/1518/396 691/1520/395 687/1431/391
f 690/1574/394 691/1520/395 692/1518/396 689/1573/393
f 693/486/1759 696/821/1769 695/781/1765 694/489/1761
f 694/1562/1763 695/1564/1767 702/1563/398 701/1561/397
f 694/407/1762 698/360/1774 697/356/1772 693/412/1760
f 695/1564/1768 699/1527/1779 703/1528/399 702/1563/398
f 696/496/1770 700/868/1781 699/853/1777 695/498/1766
f 698/589/1773 699/473/1778 700/468/1782 697/611/1771
f 699/1527/1780 698/1525/1775 704/1526/400 703/1528/399
f 701/1561/397 704/1526/400 698/1525/1776 694/1562/1764
f 701/1561/397 705/1565/401 708/1522/404 704/1526/400
f 702/1563/398 706/1567/402 705/1565/401 701/1561/397
f 703/1528/399 707/1524/403 706/1567/402 702/1563/398
f 704/1526/400 708/1522/404 707/1524/403 703/1528/399
f 705/1565/401 709/1566/405 712/1521/408 708/1522/404
f 706/1567/402 710/1568/406 709/1566/405 705/1565/401
f 707/1524/403 711/1523/407 710/1568/406 706/1567/402
f 708/1522/404 712/1521/408 711/1523/407 707/1524/403
f 709/1566/405 713/1570/409 716/1513/412 712/1521/408
f 710/1568/406 714/1575/410 713/1570/409 709/1566/405
f 711/1523/407 715/1517/411 714/1575/410 710/1568/406
f 712/1521/408 716/1513/412 715/1517/411 711/1523/407
f 713/1570/409 717/1581/413 720/1495/416 716/1513/412
f 714/1575/410 718/1583/414 717/1581/413 713/1570/409
f 715/1517/411 719/1503/415 718/1583/414 714/1575/410
f 716/1513/412 720/1495/416 719/1503/415 715/1517/411
f 717/1581/413 721/1595/417 724/1455/420 720/1495/416
f 718/1583/414 722/1597/418 721/1595/417 717/1581/413
f 719/1503/415 723/1469/419 722/1597/418 718/1583/414
f 720/1495/416 724/1455/420 723/1469/419 719/1503/415
f 721/1595/417 725/1600/421 728/1430/424 724/1455/420
f 722/1597/418 726/1601/422 725/1600/421 721/1595/417
f 723/1469/419 727/1431/423 726/1601/422 722/1597/418
f 724/1455/420 728/1430/424 727/1431/423 723/1469/419
f 725/1600/421 729/1573/425 732/1518/428 728/1430/424
f 726/1601/422 730/1574/426 729/1573/425 725/1600/421
f 727/1431/423 731/1520/427 730/1574/426 726/1601/422
f 728/1430/424 732/1518/428 731/1520/427 727/1431/423
f 730/1574/426 731/1520/427 732/1518/428 729/1573/425
f 733/485/1783 814/457/1849 786/456/1835 734/482/1785
f 734/962/1788 735/1288/1791 736/1297/1793 733/937/1784
f 734/1553/1787 786/1530/1837 811/1529/487 789/1549/467
f 735/1506/1789 734/1553/1786 789/1549/467 787/1511/465
f 735/995/1792 739/1295/1803 740/1298/1805 736/944/1794
f 737/429/1796 738/432/1800 786/456/1838 814/457/1850
f 737/1299/1795 813/1194/1847 785/1193/1831 738/1296/1797
f 738/1510/1799 785/1423/1833 812/1426/488 791/1516/469
f 738/1510/1798 791/1516/469 811/1529/487 786/1530/1836
f 739/1546/1801 792/1544/470 812/1578/488 785/1582/1832
f 740/957/1806 739/996/1804 785/1193/1834 813/1194/1848
f 741/1512/429 744/1543/432 792/1544/470 787/1511/465
f 741/1512/429 745/1509/433 748/1545/436 744/1543/432
f 741/1512/429 787/1511/465 789/1549/467 742/1548/430
f 742/1548/430 746/1550/434 745/1509/433 741/1512/429
f 742/1548/430 789/1549/467 811/1529/487 788/1531/466
f 743/1519/431 747/1515/435 793/1532/471 788/1531/466
f 743/1519/431 791/1516/469 812/1426/488 790/1427/468
f 744/1543/432 748/1545/436 794/1589/472 790/1579/468
f 745/1509/433 749/1507/437 752/1547/440 748/1545/436
f 746/1550/434 750/1551/438 749/1507/437 745/1509/433
f 747/1515/435 751/1514/439 795/1533/473 793/1532/471
f 748/1545/436 752/1547/440 796/1586/474 794/1589/472
f 749/1507/437 753/1496/441 756/1552/444 752/1547/440
f 750/1551/438 754/1554/442 753/1496/441 749/1507/437
f 751/1514/439 755/1508/443 797/1534/475 795/1533/473
f 752/1547/440 756/1552/444 798/1593/476 796/1586/474
f 753/1496/441 757/1484/445 760/1555/448 756/1552/444
f 754/1554/442 758/1558/446 757/1484/445 753/1496/441
f 755/1508/443 759/1492/447 799/1535/477 797/1534/475
f 756/1552/444 760/1555/448 800/1604/478 798/1593/476
f 757/1484/445 761/1483/449 764/1559/452 760/1555/448
f 758/1558/446 762/1560/450 761/1483/449 757/1484/445
f 759/1492/447 763/1485/451 801/1537/479 799/1535/477
f 760/1555/448 764/1559/452 802/1602/480 800/1604/478
f 761/1483/449 765/1435/453 768/1569/456 764/1559/452
f 762/1560/450 766/1571/454 765/1435/453 761/1483/449
f 763/1485/451 767/1437/455 803/1539/481 801/1537/479
f 764/1559/452 768/1569/456 804/1623/482 802/1602/480
f 765/1435/453 769/1436/457 772/1576/460 768/1569/456
f 766/1571/454 770/1572/458 769/1436/457 765/1435/453
f 767/1437/455 771/1433/459 805/1538/483 803/1539/481
f 768/1569/456 772/1576/460 806/1626/484 804/1623/482
f 769/1436/457 773/1434/461 776/1580/464 772/1576/460
f 770/1572/458 774/1577/462 773/1434/461 769/1436/457
f 771/1433/459 775/1432/463 807/1536/485 805/1538/483
f 772/1576/460 776/1580/464 808/1607/486 806/1626/484
f 773/1434/461 777/1420/1808 780/1594/1821 776/1580/464
f 774/1577/462 778/1598/1811 777/1420/1807 773/1434/461
f 775/1432/463 779/1415/1816 809/1540/1841 807/1536/485
f 776/1580/464 780/1594/1820 810/1629/1845 808/1607/486
f 777/481/1809 778/440/1813 782/439/1825 781/480/1823
f 778/763/1814 809/600/1842 815/599/1852 782/762/1826
f 779/504/1815 783/503/1827 815/599/1851 809/600/1839
f 779/765/1818 810/602/1846 816/601/1854 783/764/1828
f 780/506/1819 784/505/1829 816/601/1853 810/602/1843
f 781/499/1824 784/752/1830 780/753/1822 777/500/1810
f 787/1511/465 792/1544/470 739/1546/1802 735/1506/1790
f 788/1531/466 793/1532/471 746/1550/434 742/1548/430
f 788/1531/466 811/1529/487 791/1516/469 743/1519/431
f 790/1427/468 794/1418/472 747/1515/435 743/1519/431
f 790/1579/468 812/1578/488 792/1544/470 744/1543/432
f 793/1532/471 795/1533/473 750/1551/438 746/1550/434
f 794/1418/472 796/1422/474 751/1514/439 747/1515/435
f 795/1533/473 797/1534/475 754/1554/442 750/1551/438
f 796/1422/474 798/1417/476 755/1508/443 751/1514/439
f 797/1534/475 799/1535/477 758/1558/446 754/1554/442
f 798/1417/476 800/1411/478 759/1492/447 755/1508/443
f 799/1535/477 801/1537/479 762/1560/450 758/1558/446
f 800/1411/478 802/1413/480 763/1485/451 759/1492/447
f 801/1537/479 803/1539/481 766/1571/454 762/1560/450
f 802/1413/480 804/1363/482 767/1437/455 763/1485/451
f 803/1539/481 805/1538/483 770/1572/458 766/1571/454
f 804/1363/482 806/1362/484 771/1433/459 767/1437/455
f 805/1538/483 807/1536/485 774/1577/462 770/1572/458
f 806/1362/484 808/1408/486 775/1432/463 771/1433/459
f 807/1536/485 809/1540/1840 778/1598/1812 774/1577/462
f 808/1408/486 810/1339/1844 779/1415/1817 775/1432/463
f 817/486/1855 820/821/1865 819/781/1861 818/489/1857
f 818/1562/1859 819/1564/1863 826/1563/490 825/1561/489
f 818/407/1858 822/360/1870 821/356/1868 817/412/1856
f 819/1564/1864 823/1527/1875 827/1528/491 826/1563/490
f 820/496/1866 824/868/1877 823/853/1873 819/498/1862
f 822/589/1869 823/473/1874 824/468/1878 821/611/1867
f 823/1527/1876 822/1525/1871 828/1526/492 827/1528/491
f 825/1561/489 828/1526/492 822/1525/1872 818/1562/1860
f 825/1561/489 829/1565/493 832/1522/496 828/1526/492
f 826/1563/490 830/1567/494 829/1565/493 825/1561/489
f 827/1528/491 831/1524/495 830/1567/494 826/1563/490
f 828/1526/492 832/1522/496 831/1524/495 827/1528/491
f 829/1565/493 833/1566/497 836/1521/500 832/1522/496
f 830/1567/494 834/1568/498 833/1566/497 829/1565/493
f 831/1524/495 835/1523/499 834/1568/498 830/1567/494
f 832/1522/496 836/1521/500 835/1523/499 831/1524/495
f 833/1566/497 837/1570/501 840/1513/504 836/1521/500
f 834/1568/498 838/1575/502 837/1570/501 833/1566/497
f 835/1523/499 839/1517/503 838/1575/502 834/1568/498
f 836/1521/500 840/1513/504 839/1517/503 835/1523/499
f 837/1570/501 841/1581/505 844/1495/508 840/1513/504
f 838/1575/502 842/1583/506 841/1581/505 837/1570/501
f 839/1517/503 843/1503/507 842/1583/506 838/1575/502
f 840/1513/504 844/1495/508 843/1503/507 839/1517/503
f 841/1581/505 845/1595/509 848/1455/512 844/1495/508
f 842/1583/506 846/1597/510 845/1595/509 841/1581/505
f 843/1503/507 847/1469/511 846/1597/510 842/1583/506
f 844/1495/508 848/1455/512 847/1469/511 843/1503/507
f 845/1595/509 849/1600/513 852/1430/516 848/1455/512
f 846/1597/510 850/1601/514 849/1600/513 845/1595/509
f 847/1469/511 851/1431/515 850/1601/514 846/1597/510
f 848/1455/512 852/1430/516 851/1431/515 847/1469/511
f 849/1600/513 853/1573/517 856/1518/520 852/1430/516
f 850/1601/514 854/1574/518 853/1573/517 849/1600/513
f 851/1431/515 855/1520/519 854/1574/518 850/1601/514
f 852/1430/516 856/1518/520 855/1520/519 851/1431/515
f 854/1574/518 855/1520/519 856/1518/520 853/1573/517
f 857/485/1879 938/457/1945 910/456/1931 858/482/1881
f 858/962/1884 909/1178/1930 937/1179/1944 857/937/1880
f 858/1553/1883 910/1530/1933 936/1529/580 914/1549/560
f 859/995/1888 863/1295/1899 864/1298/1901 860/944/1890
f 861/429/1892 862/432/1896 910/456/1934 938/457/1946
f 861/1299/1891 864/957/1902 863/996/1900 862/1296/1895
f 862/1510/1894 863/1546/1897 916/1544/562 915/1516/561
f 862/1510/1893 915/1516/561 936/1529/580 910/1530/1932
f 865/1512/521 868/1543/524 916/1544/562 912/1511/558
f 865/1512/521 869/1509/525 872/1545/528 868/1543/524
f 865/1512/521 912/1511/558 935/1425/579 911/1424/557
f 866/1548/522 870/1550/526 917/1592/563 911/1584/557
f 866/1548/522 914/1549/560 936/1529/580 913/1531/559
f 867/1519/523 871/1515/527 918/1532/564 913/1531/559
f 867/1519/523 915/1516/561 916/1544/562 868/1543/524
f 868/1543/524 872/1545/528 871/1515/527 867/1519/523
f 869/1509/525 873/1507/529 876/1547/532 872/1545/528
f 870/1550/526 874/1551/530 919/1588/565 917/1592/563
f 871/1515/527 875/1514/531 920/1533/566 918/1532/564
f 872/1545/528 876/1547/532 875/1514/531 871/1515/527
f 873/1507/529 877/1496/533 880/1552/536 876/1547/532
f 874/1551/530 878/1554/534 921/1596/567 919/1588/565
f 875/1514/531 879/1508/535 922/1534/568 920/1533/566
f 876/1547/532 880/1552/536 879/1508/535 875/1514/531
f 877/1496/533 881/1484/537 884/1555/540 880/1552/536
f 878/1554/534 882/1558/538 923/1605/569 921/1596/567
f 879/1508/535 883/1492/539 924/1535/570 922/1534/568
f 880/1552/536 884/1555/540 883/1492/539 879/1508/535
f 881/1484/537 885/1483/541 888/1559/544 884/1555/540
f 882/1558/538 886/1560/542 925/1603/571 923/1605/569
f 883/1492/539 887/1485/543 926/1537/572 924/1535/570
f 884/1555/540 888/1559/544 887/1485/543 883/1492/539
f 885/1483/541 889/1435/545 892/1569/548 888/1559/544
f 886/1560/542 890/1571/546 927/1624/573 925/1603/571
f 887/1485/543 891/1437/547 928/1539/574 926/1537/572
f 888/1559/544 892/1569/548 891/1437/547 887/1485/543
f 889/1435/545 893/1436/549 896/1576/552 892/1569/548
f 890/1571/546 894/1572/550 929/1625/575 927/1624/573
f 891/1437/547 895/1433/551 930/1538/576 928/1539/574
f 892/1569/548 896/1576/552 895/1433/551 891/1437/547
f 893/1436/549 897/1434/553 900/1580/556 896/1576/552
f 894/1572/550 898/1577/554 931/1606/577 929/1625/575
f 895/1433/551 899/1432/555 932/1536/578 930/1538/576
f 896/1576/552 900/1580/556 899/1432/555 895/1433/551
f 897/1434/553 901/1420/1904 904/1594/1916 900/1580/556
f 898/1577/554 902/1598/1908 933/1630/1937 931/1606/577
f 899/1432/555 903/1415/1912 934/1540/1941 932/1536/578
f 900/1580/556 904/1594/1915 903/1415/1913 899/1432/555
f 901/481/1905 933/461/1938 939/460/1948 905/480/1919
f 902/440/1907 906/439/1921 939/460/1947 933/461/1935
f 902/763/1910 934/600/1942 940/599/1950 906/762/1922
f 903/765/1914 904/506/1917 908/505/1925 907/764/1924
f 903/504/1911 907/503/1923 940/599/1949 934/600/1939
f 905/499/1920 908/752/1926 904/753/1918 901/500/1906
f 909/1421/1929 935/1425/579 912/1511/558 859/1506/1886
f 911/1424/557 917/1416/563 869/1509/525 865/1512/521
f 911/1584/557 935/1585/579 914/1549/560 866/1548/522
f 912/1511/558 916/1544/562 863/1546/1898 859/1506/1887
f 913/1531/559 918/1532/564 870/1550/526 866/1548/522
f 913/1531/559 936/1529/580 915/1516/561 867/1519/523
f 914/1549/560 935/1585/579 909/1587/1928 858/1553/1882
f 917/1416/563 919/1419/565 873/1507/529 869/1509/525
f 918/1532/564 920/1533/566 874/1551/530 870/1550/526
f 919/1419/565 921/1414/567 877/1496/533 873/1507/529
f 920/1533/566 922/1534/568 878/1554/534 874/1551/530
f 921/1414/567 923/1410/569 881/1484/537 877/1496/533
f 922/1534/568 924/1535/570 882/1558/538 878/1554/534
f 923/1410/569 925/1412/571 885/1483/541 881/1484/537
f 924/1535/570 926/1537/572 886/1560/542 882/1558/538
f 925/1412/571 927/1355/573 889/1435/545 885/1483/541
f 926/1537/572 928/1539/574 890/1571/546 886/1560/542
f 927/1355/573 929/1356/575 893/1436/549 889/1435/545
f 928/1539/574 930/1538/576 894/1572/550 890/1571/546
f 929/1356/575 931/1409/577 897/1434/553 893/1436/549
f 930/1538/576 932/1536/578 898/1577/554 894/1572/550
f 931/1409/577 933/1346/1936 901/1420/1903 897/1434/553
f 932/1536/578 934/1540/1940 902/1598/1909 898/1577/554
f 937/1179/1943 909/1178/1927 859/1288/1885 860/1297/1889
f 941/486/1951 944/821/1961 943/781/1957 942/489/1953
f 942/1562/1955 943/1564/1959 950/1563/582 949/1561/581
f 942/335/1954 946/300/1966 945/299/1964 941/338/1952
f 943/1564/1960 947/1527/1971 951/1528/583 950/1563/582
f 944/496/1962 948/868/1973 947/853/1969 943/498/1958
f 946/589/1965 947/473/1970 948/468/1974 945/611/1963
f 947/1527/1972 946/1525/1967 952/1526/584 951/1528/583
f 949/1561/581 952/1526/584 946/1525/1968 942/1562/1956
f 949/1561/581 953/1565/585 956/1522/588 952/1526/584
f 950/1563/582 954/1567/586 953/1565/585 949/1561/581
f 951/1528/583 955/1524/587 954/1567/586 950/1563/582
f 952/1526/584 956/1522/588 955/1524/587 951/1528/583
f 953/1565/585 957/1566/589 960/1521/592 956/1522/588
f 954/1567/586 958/1568/590 957/1566/589 953/1565/585
f 955/1524/587 959/1523/591 958/1568/590 954/1567/586
f 956/1522/588 960/1521/592 959/1523/591 955/1524/587
f 957/1566/589 961/1570/593 964/1513/596 960/1521/592
f 958/1568/590 962/1575/594 961/1570/593 957/1566/589
f 959/1523/591 963/1517/595 962/1575/594 958/1568/590
f 960/1521/592 964/1513/596 963/1517/595 959/1523/591
f 961/1570/593 965/1581/597 968/1495/600 964/1513/596
f 962/1575/594 966/1583/598 965/1581/597 961/1570/593
f 963/1517/595 967/1503/599 966/1583/598 962/1575/594
f 964/1513/596 968/1495/600 967/1503/599 963/1517/595
f 965/1581/597 969/1595/601 972/1455/604 968/1495/600
f 966/1583/598 970/1597/602 969/1595/601 965/1581/597
f 967/1503/599 971/1469/603 970/1597/602 966/1583/598
f 968/1495/600 972/1455/604 971/1469/603 967/1503/599
f 969/1595/601 973/1600/605 976/1430/608 972/1455/604
f 970/1597/602 974/1601/606 973/1600/605 969/1595/601
f 971/1469/603 975/1431/607 974/1601/606 970/1597/602
f 972/1455/604 976/1430/608 975/1431/607 971/1469/603
f 973/1600/605 977/1573/609 980/1518/612 976/1430/608
f 974/1601/606 978/1574/610 977/1573/609 973/1600/605
f 975/1431/607 979/1520/611 978/1574/610 974/1601/606
f 976/1430/608 980/1518/612 979/1520/611 975/1431/607
f 978/1574/610 979/1520/611 980/1518/612 977/1573/609
f 981/1183/1975 994/1036/2014 993/918/2011 992/833/2008 991/832/2005 990/917/2002 989/1035/1999 988/1182/1996 987/1270/1993 986/1327/1990 985/1333/1987 984/1334/1984 983/1328/1981 982/1271/1978
f 981/1616/1976 995/1640/2018 1008/1635/2057 994/1619/2015
f 982/1612/1980 996/1639/2022 995/1640/2019 981/1616/1977
f 983/1611/1983 997/1636/2025 996/1639/2021 982/1612/1979
f 984/1621/1986 998/1648/2028 997/1636/2024 983/1611/1982
f 985/1618/1989 999/1642/2031 998/1648/2027 984/1621/1985
f 986/1620/1992 1000/1641/2034 999/1642/2030 985/1618/1988
f 987/1614/1995 1001/1644/2037 1000/1641/2033 986/1620/1991
f 988/1609/1998 1002/1645/2040 1001/1644/2036 987/1614/1994
f 989/1610/2001 1003/1638/2043 1002/1647/2039 988/1617/1997
f 990/1608/2004 1004/1637/2046 1003/1638/2042 989/1610/2000
f 991/1613/2007 1005/1646/2049 1004/1637/2045 990/1608/2003
f 992/1622/2010 1006/1643/2052 1005/1646/2048 991/1613/2006
f 993/1615/2013 1007/1634/2055 1006/1643/2051 992/1622/2009
f 994/1619/2016 1008/1635/2058 1007/1634/2054 993/1615/2012
f 996/1034/2020 997/910/2023 998/828/2026 999/827/2029 1000/909/2032 1001/1033/2035 1002/1180/2038 1003/1268/2041 1004/1325/2044 1005/1331/2047 1006/1332/2050 1007/1326/2053 1008/1269/2056 995/1181/2017
f 1009/1368/2060 1015/1445/2072 1016/1438/2076 1010/1357/2062
f 1010/1401/2061 1016/1482/2075 1017/1473/2080 1011/1397/2064
f 1011/1397/2063 1017/1473/2079 1018/1467/2084 1012/1392/2066
f 1012/1392/2065 1018/1467/2083 1019/1461/2088 1013/1379/2068
f 1013/1379/2067 1019/1461/2087 1020/1453/2092 1014/1378/2070
f 1014/1378/2069 1020/1453/2091 1015/1445/2071 1009/1368/2059
f 1015/757/2073 1021/770/2095 1022/848/2099 1016/873/2077
f 1016/887/2078 1022/852/2100 1023/866/2103 1017/928/2081
f 1017/928/2082 1023/866/2104 1024/805/2107 1018/822/2085
f 1018/822/2086 1024/805/2108 1025/743/2111 1019/708/2089
f 1019/708/2090 1025/743/2112 1026/712/2115 1020/675/2093
f 1020/675/2094 1026/712/2116 1021/770/2096 1015/757/2074
f 1021/1285/2097 1027/1280/2120 1028/1306/2123 1022/1311/2101
f 1022/994/2102 1028/991/2124 1029/1075/2126 1023/1079/2105
f 1023/1079/2106 1029/1075/2127 1030/1144/2129 1024/1149/2109
f 1024/1149/2110 1030/1144/2130 1031/1219/2132 1025/1224/2113
f 1025/1224/2114 1031/1219/2133 1032/1243/2135 1026/1248/2117
f 1026/1248/2118 1032/1243/2136 1027/1280/2121 1021/1285/2098
f 1027/1120/2119 1032/1042/2134 1031/1088/2131 1030/1152/2128 1029/1188/2125 1028/1166/2122
f 1033/1383/2138 1039/1458/2150 1040/1447/2154 1034/1372/2140
f 1034/1372/2139 1040/1447/2153 1041/1446/2158 1035/1370/2142
f 1035/1370/2141 1041/1446/2157 1042/1439/2162 1036/1359/2144
f 1036/1404/2143 1042/1479/2161 1043/1471/2166 1037/1395/2146
f 1037/1395/2145 1043/1471/2165 1044/1463/2170 1038/1388/2148
f 1038/1388/2147 1044/1463/2169 1039/1458/2149 1033/1383/2137
f 1039/931/2151 1045/940/2173 1046/1027/2177 1040/1080/2155
f 1040/1080/2156 1046/1027/2178 1047/1047/2181 1041/1112/2159
f 1041/1112/2160 1047/1047/2182 1048/1005/2185 1042/1022/2163
f 1042/1017/2164 1048/1000/2186 1049/915/2189 1043/860/2167
f 1043/860/2168 1049/915/2190 1050/874/2193 1044/829/2171
f 1044/829/2172 1050/874/2194 1045/940/2174 1039/931/2152
f 1045/897/2175 1051/893/2198 1052/970/2201 1046/974/2179
f 1046/974/2180 1052/970/2202 1053/1053/2204 1047/1057/2183
f 1047/1057/2184 1053/1053/2205 1054/1125/2207 1048/1129/2187
f 1048/658/2188 1054/654/2208 1055/727/2210 1049/731/2191
f 1049/731/2192 1055/727/2211 1056/789/2213 1050/793/2195
f 1050/793/2196 1056/789/2214 1051/893/2199 1045/897/2176
f 1051/570/2197 1056/539/2212 1055/547/2209 1054/606/2206 1053/660/2203 1052/637/2200
f 1057/775/2215 1063/774/2227 1068/924/2247 1062/925/2225
f 1058/665/2218 1064/664/2232 1063/774/2228 1057/775/2216
f 1059/554/2220 1065/553/2236 1064/664/2231 1058/665/2217
f 1060/1171/2222 1066/1170/2240 1065/1253/2235 1059/1254/2219
f 1061/1059/2224 1067/1058/2244 1066/1170/2239 1060/1171/2221
f 1062/925/2226 1068/924/2248 1067/1058/2243 1061/1059/2223
f 1063/593/2230 1069/588/2252 1074/635/2272 1068/683/2250
f 1064/519/2233 1070/533/2255 1069/588/2251 1063/593/2229
f 1065/509/2237 1071/525/2259 1070/533/2256 1064/519/2234
f 1066/551/2241 1072/561/2263 1071/526/2260 1065/512/2238
f 1067/645/2245 1073/617/2267 1072/561/2264 1066/551/2242
f 1068/683/2249 1074/635/2271 1073/617/2268 1067/645/2246
f 1069/1146/2254 1075/1140/2277 1080/1215/2292 1074/1221/2274
f 1070/1071/2257 1076/1069/2279 1075/1140/2276 1069/1146/2253
f 1071/989/2261 1077/985/2282 1076/1069/2280 1070/1071/2258
f 1072/1282/2265 1078/1276/2285 1077/1302/2283 1071/1308/2262
f 1073/1245/2269 1079/1239/2288 1078/1276/2286 1072/1282/2266
f 1074/1221/2273 1080/1215/2291 1079/1239/2289 1073/1245/2270
f 1076/552/2278 1077/543/2281 1078/573/2284 1079/641/2287 1080/666/2290 1075/612/2275
f 1081/1380/2293 1087/1456/2305 1092/1451/2325 1086/1376/2303
f 1082/1391/2296 1088/1466/2310 1087/1456/2306 1081/1380/2294
f 1083/1399/2298 1089/1475/2314 1088/1466/2309 1082/1391/2295
f 1084/1404/2300 1090/1479/2318 1089/1475/2313 1083/1399/2297
f 1085/1365/2302 1091/1443/2322 1090/1441/2317 1084/1361/2299
f 1086/1376/2304 1092/1451/2326 1091/1443/2321 1085/1365/2301
f 1087/1024/2308 1093/1013/2330 1098/1049/2350 1092/1114/2328
f 1088/867/2311 1094/919/2333 1093/1013/2329 1087/1024/2307
f 1089/837/2315 1095/907/2337 1094/919/2334 1088/867/2312
f 1090/935/2319 1096/945/2341 1095/907/2338 1089/837/2316
f 1091/1094/2323 1097/1032/2345 1096/956/2342 1090/938/2320
f 1092/1114/2327 1098/1049/2349 1097/1032/2346 1091/1094/2324
f 1093/1220/2332 1099/1214/2355 1104/1238/2370 1098/1244/2352
f 1094/1145/2335 1100/1139/2357 1099/1214/2354 1093/1220/2331
f 1095/1076/2339 1101/1072/2360 1100/1139/2358 1094/1145/2336
f 1096/988/2343 1102/984/2363 1101/1072/2361 1095/1076/2340
f 1097/1281/2347 1103/1275/2366 1102/1301/2364 1096/1307/2344
f 1098/1244/2351 1104/1238/2369 1103/1275/2367 1097/1281/2348
f 1100/1091/2356 1101/1041/2359 1102/1117/2362 1103/1164/2365 1104/1190/2368 1099/1156/2353
f 1105/1406/2371 1111/1481/2383 1116/1476/2403 1110/1400/2381
f 1106/1366/2374 1112/1444/2388 1111/1440/2384 1105/1360/2372
f 1107/1378/2376 1113/1454/2392 1112/1444/2387 1106/1366/2373
f 1108/1382/2378 1114/1458/2396 1113/1454/2391 1107/1378/2375
f 1109/1393/2380 1115/1468/2400 1114/1458/2395 1108/1382/2377
f 1110/1400/2382 1116/1476/2404 1115/1468/2399 1109/1393/2379
f 1111/1020/2386 1117/1003/2408 1122/1045/2428 1116/1110/2406
f 1112/859/2389 1118/911/2411 1117/998/2407 1111/1015/2385
f 1113/835/2393 1119/883/2415 1118/911/2412 1112/859/2390
f 1114/934/2397 1120/943/2419 1119/883/2416 1113/835/2394
f 1115/1084/2401 1121/1031/2423 1120/943/2420 1114/934/2398
f 1116/1110/2405 1122/1045/2427 1121/1031/2424 1115/1084/2402
f 1117/655/2410 1123/651/2433 1128/724/2448 1122/728/2430
f 1118/1054/2413 1124/1050/2435 1123/1122/2432 1117/1126/2409
f 1119/971/2417 1125/967/2438 1124/1050/2436 1118/1054/2414
f 1120/894/2421 1126/890/2441 1125/967/2439 1119/971/2418
f 1121/790/2425 1127/786/2444 1126/890/2442 1120/894/2422
f 1122/728/2429 1128/724/2447 1127/786/2445 1121/790/2426
f 1124/548/2434 1125/540/2437 1126/569/2440 1127/636/2443 1128/661/2446 1123/607/2431
f 1129/1352/2449 1135/1502/2461 1140/1498/2481 1134/1350/2459
f 1130/1354/2452 1136/1504/2466 1135/1502/2462 1129/1352/2450
f 1131/1342/2454 1137/1488/2470 1136/1487/2465 1130/1341/2451
f 1132/1345/2456 1138/1491/2474 1137/1488/2469 1131/1342/2453
f 1133/1348/2458 1139/1494/2478 1138/1491/2473 1132/1345/2455
f 1134/1350/2460 1140/1498/2482 1139/1494/2477 1133/1348/2457
f 1135/688/2464 1141/704/2486 1146/803/2506 1140/854/2484
f 1136/568/2467 1142/623/2489 1141/704/2485 1135/688/2463
f 1137/608/2471 1143/659/2493 1142/622/2490 1136/565/2468
f 1138/772/2475 1144/761/2497 1143/659/2494 1137/608/2472
f 1139/913/2479 1145/836/2501 1144/761/2498 1138/772/2476
f 1140/854/2483 1146/803/2505 1145/836/2502 1139/913/2480
f 1141/842/2488 1147/841/2511 1152/960/2526 1146/961/2508
f 1142/737/2491 1148/736/2513 1147/841/2510 1141/842/2487
f 1143/1252/2495 1149/1250/2516 1148/1293/2514 1142/1294/2492
f 1144/1175/2499 1150/1174/2519 1149/1250/2517 1143/1252/2496
f 1145/1098/2503 1151/1097/2522 1150/1174/2520 1144/1175/2500
f 1146/961/2507 1152/960/2525 1151/1097/2523 1145/1098/2504
f 1148/514/2512 1149/517/2515 1150/576/2518 1151/642/2521 1152/621/2524 1147/546/2509
f 1153/1026/2527 1159/1025/2539 1164/1157/2559 1158/1158/2537
f 1154/889/2530 1160/888/2544 1159/1025/2540 1153/1026/2528
f 1155/759/2532 1161/758/2548 1160/888/2543 1154/889/2529
f 1156/630/2534 1162/629/2552 1161/758/2547 1155/759/2531
f 1157/538/2536 1163/537/2556 1162/629/2551 1156/630/2533
f 1158/491/2538 1164/490/2560 1163/537/2555 1157/538/2535
f 1159/572/2542 1165/564/2564 1170/613/2584 1164/662/2562
f 1160/515/2545 1166/522/2567 1165/564/2563 1159/572/2541
f 1161/497/2549 1167/516/2571 1166/522/2568 1160/515/2546
f 1162/536/2553 1168/544/2575 1167/516/2572 1161/497/2550
f 1163/626/2557 1169/595/2579 1168/544/2576 1162/536/2554
f 1164/663/2561 1170/614/2583 1169/595/2580 1163/626/2558
f 1165/879/2566 1171/878/2589 1176/963/2604 1170/964/2586
f 1166/783/2569 1172/782/2591 1171/878/2588 1165/879/2565
f 1167/721/2573 1173/720/2594 1172/782/2592 1166/783/2570
f 1168/648/2577 1174/647/2597 1173/720/2595 1167/721/2574
f 1169/579/2581 1175/578/2600 1174/647/2598 1168/648/2578
f 1170/530/2585 1176/529/2603 1175/578/2601 1169/579/2582
f 1172/1087/2590 1173/1037/2593 1174/1115/2596 1175/1161/2599 1176/1185/2602 1171/1153/2587
f 1177/1106/2606 1183/1101/2618 1184/1205/2622 1178/1210/2608
f 1178/1210/2607 1184/1205/2621 1185/1257/2626 1179/1259/2610
f 1179/1259/2609 1185/1257/2625 1186/1316/2630 1180/1321/2612
f 1180/696/2611 1186/691/2629 1187/810/2634 1181/813/2614
f 1181/813/2613 1187/810/2633 1188/948/2638 1182/953/2616
f 1182/953/2615 1188/948/2637 1183/1101/2617 1177/1106/2605
f 1183/930/2619 1189/939/2641 1190/1029/2645 1184/1082/2623
f 1184/1082/2624 1190/1029/2646 1191/1046/2649 1185/1111/2627
f 1185/1111/2628 1191/1046/2650 1192/1004/2653 1186/1021/2631
f 1186/1016/2632 1192/999/2654 1193/914/2657 1187/862/2635
f 1187/862/2636 1193/914/2658 1194/876/2661 1188/831/2639
f 1188/831/2640 1194/876/2662 1189/939/2642 1183/930/2620
f 1189/1066/2643 1195/1062/2666 1196/1132/2669 1190/1136/2647
f 1190/1136/2648 1196/1132/2670 1197/1197/2672 1191/1201/2651
f 1191/1201/2652 1197/1197/2673 1198/1229/2675 1192/1233/2655
f 1192/801/2656 1198/797/2676 1199/901/2678 1193/905/2659
f 1193/905/2660 1199/901/2679 1200/977/2681 1194/981/2663
f 1194/981/2664 1200/977/2682 1195/1062/2667 1189/1066/2644
f 1195/597/2665 1200/555/2680 1199/566/2677 1198/631/2674 1197/686/2671 1196/670/2668
f 1201/1387/2684 1207/1462/2696 1208/1457/2700 1202/1381/2686
f 1202/1381/2685 1208/1457/2699 1209/1450/2704 1203/1375/2688
f 1203/1375/2687 1209/1450/2703 1210/1442/2708 1204/1364/2690
f 1204/1364/2689 1210/1442/2707 1211/1439/2712 1205/1358/2692
f 1205/1403/2691 1211/1478/2711 1212/1472/2716 1206/1396/2694
f 1206/1396/2693 1212/1472/2715 1207/1462/2695 1201/1387/2683
f 1207/771/2697 1213/773/2719 1214/855/2723 1208/908/2701
f 1208/908/2702 1214/855/2724 1215/898/2727 1209/936/2705
f 1209/936/2706 1215/898/2728 1216/826/2731 1210/844/2709
f 1210/844/2710 1216/826/2732 1217/751/2735 1211/718/2713
f 1211/717/2714 1217/750/2736 1218/733/2739 1212/684/2717
f 1212/684/2718 1218/733/2740 1213/773/2720 1207/771/2698
f 1213/791/2721 1219/787/2744 1220/891/2747 1214/895/2725
f 1214/895/2726 1220/891/2748 1221/968/2750 1215/972/2729
f 1215/972/2730 1221/968/2751 1222/1051/2753 1216/1055/2733
f 1216/1055/2734 1222/1051/2754 1223/1123/2756 1217/1127/2737
f 1217/656/2738 1223/652/2757 1224/725/2759 1218/729/2741
f 1218/729/2742 1224/725/2760 1219/787/2745 1213/791/2722
f 1219/603/2743 1224/563/2758 1223/571/2755 1222/638/2752 1221/699/2749 1220/678/2746
f 1225/1264/2762 1231/1261/2774 1232/1314/2778 1226/1319/2764
f 1226/694/2763 1232/689/2777 1233/809/2782 1227/812/2766
f 1227/812/2765 1233/809/2781 1234/946/2786 1228/951/2768
f 1228/951/2767 1234/946/2785 1235/1099/2790 1229/1104/2770
f 1229/1104/2769 1235/1099/2789 1236/1203/2794 1230/1208/2772
f 1230/1208/2771 1236/1203/2793 1231/1261/2773 1225/1264/2761
f 1231/754/2775 1237/767/2797 1238/845/2801 1232/870/2779
f 1232/884/2780 1238/849/2802 1239/863/2805 1233/927/2783
f 1233/927/2784 1239/863/2806 1240/807/2809 1234/823/2787
f 1234/823/2788 1240/807/2810 1241/740/2813 1235/705/2791
f 1235/705/2792 1241/740/2814 1242/713/2817 1236/672/2795
f 1236/672/2796 1242/713/2818 1237/767/2798 1231/754/2776
f 1237/1199/2799 1243/1195/2822 1244/1227/2825 1238/1231/2803
f 1238/799/2804 1244/795/2826 1245/899/2828 1239/903/2807
f 1239/903/2808 1245/899/2829 1246/975/2831 1240/979/2811
f 1240/979/2812 1246/975/2832 1247/1060/2834 1241/1064/2815
f 1241/1064/2816 1247/1060/2835 1248/1130/2837 1242/1134/2819
f 1242/1134/2820 1248/1130/2838 1243/1195/2823 1237/1199/2800
f 1243/1119/2821 1248/1040/2836 1247/1086/2833 1246/1151/2830 1245/1186/2827 1244/1165/2824
f 1249/1107/2840 1255/1102/2852 1256/1206/2856 1250/1211/2842
f 1250/1211/2841 1256/1206/2855 1257/1258/2860 1251/1260/2844
f 1251/1260/2843 1257/1258/2859 1258/1317/2864 1252/1322/2846
f 1252/697/2845 1258/692/2863 1259/811/2868 1253/814/2848
f 1253/814/2847 1259/811/2867 1260/949/2872 1254/954/2850
f 1254/954/2849 1260/949/2871 1255/1102/2851 1249/1107/2839
f 1255/932/2853 1261/941/2875 1262/1028/2879 1256/1081/2857
f 1256/1081/2858 1262/1028/2880 1263/1048/2883 1257/1113/2861
f 1257/1113/2862 1263/1048/2884 1264/1006/2887 1258/1023/2865
f 1258/1018/2866 1264/1001/2888 1265/916/2891 1259/861/2869
f 1259/861/2870 1265/916/2892 1266/875/2895 1260/830/2873
f 1260/830/2874 1266/875/2896 1261/941/2876 1255/932/2854
f 1261/1067/2877 1267/1063/2900 1268/1133/2903 1262/1137/2881
f 1262/1137/2882 1268/1133/2904 1269/1198/2906 1263/1202/2885
f 1263/1202/2886 1269/1198/2907 1270/1230/2909 1264/1234/2889
f 1264/802/2890 1270/798/2910 1271/902/2912 1265/906/2893
f 1265/906/2894 1271/902/2913 1272/978/2915 1266/982/2897
f 1266/982/2898 1272/978/2916 1267/1063/2901 1261/1067/2878
f 1267/1118/2899 1272/1039/2914 1271/1085/2911 1270/1150/2908 1269/1184/2905 1268/1163/2902
f 1273/1353/2918 1279/1505/2930 1280/1501/2934 1274/1351/2920
f 1274/1351/2919 1280/1501/2933 1281/1497/2938 1275/1349/2922
f 1275/1349/2921 1281/1497/2937 1282/1493/2942 1276/1347/2924
f 1276/1347/2923 1282/1493/2941 1283/1490/2946 1277/1344/2926
f 1277/1344/2925 1283/1490/2945 1284/1489/2950 1278/1343/2928
f 1278/1343/2927 1284/1489/2949 1279/1486/2929 1273/1340/2917
f 1279/749/2931 1285/739/2953 1286/808/2957 1280/877/2935
f 1280/877/2936 1286/808/2958 1287/776/2961 1281/838/2939
f 1281/838/2940 1287/776/2962 1288/685/2965 1282/677/2943
f 1282/677/2944 1288/685/2966 1289/609/2969 1283/562/2947
f 1283/562/2948 1289/609/2970 1290/627/2973 1284/585/2951
f 1284/585/2952 1290/627/2974 1285/732/2954 1279/746/2932
f 1285/735/2955 1291/734/2978 1292/839/2981 1286/840/2959
f 1286/840/2960 1292/839/2982 1293/958/2984 1287/959/2963
f 1287/959/2964 1293/958/2985 1294/1095/2987 1288/1096/2967
f 1288/1096/2968 1294/1095/2988 1295/1172/2990 1289/1173/2971
f 1289/1173/2972 1295/1172/2991 1296/1249/2993 1290/1251/2975
f 1290/1251/2976 1296/1249/2994 1291/1291/2979 1285/1292/2956
f 1291/577/2977 1296/518/2992 1295/513/2989 1294/545/2986 1293/620/2983 1292/643/2980
f 1297/1369/2996 1303/1445/3008 1304/1438/3012 1298/1357/2998
f 1298/1407/2997 1304/1482/3011 1305/1474/3016 1299/1398/3000
f 1299/1398/2999 1305/1474/3015 1306/1465/3020 1300/1390/3002
f 1300/1390/3001 1306/1465/3019 1307/1460/3024 1301/1386/3004
f 1301/1386/3003 1307/1460/3023 1308/1448/3028 1302/1373/3006
f 1302/1373/3005 1308/1448/3027 1303/1445/3007 1297/1369/2995
f 1303/755/3009 1309/768/3031 1310/846/3035 1304/871/3013
f 1304/885/3014 1310/850/3036 1311/864/3039 1305/929/3017
f 1305/929/3018 1311/864/3040 1312/806/3043 1306/824/3021
f 1306/824/3022 1312/806/3044 1313/741/3047 1307/706/3025
f 1307/706/3026 1313/741/3048 1314/714/3051 1308/673/3029
f 1308/673/3030 1314/714/3052 1309/768/3032 1303/755/3010
f 1309/1200/3033 1315/1196/3056 1316/1228/3059 1310/1232/3037
f 1310/800/3038 1316/796/3060 1317/900/3062 1311/904/3041
f 1311/904/3042 1317/900/3063 1318/976/3065 1312/980/3045
f 1312/980/3046 1318/976/3066 1319/1061/3068 1313/1065/3049
f 1313/1065/3050 1319/1061/3069 1320/1131/3071 1314/1135/3053
f 1314/1135/3054 1320/1131/3072 1315/1196/3057 1309/1200/3034
f 1315/1121/3055 1320/1043/3070 1319/1090/3067 1318/1154/3064 1317/1189/3061 1316/1167/3058
f 1321/134/3073 1353/108/3201 1384/118/3325 1352/135/3197
f 1321/424/3075 1386/423/3333 1385/444/3329 1322/448/3079
f 1322/73/3078 1354/97/3206 1353/87/3202 1321/70/3074
f 1322/448/3080 1385/444/3330 1416/465/3454 1323/475/3084
f 1323/74/3082 1355/95/3210 1354/97/3205 1322/73/3077
f 1323/475/3083 1416/465/3453 1415/483/3450 1324/488/3088
f 1324/77/3086 1356/88/3214 1355/95/3209 1323/74/3081
f 1324/488/3087 1415/483/3449 1414/501/3446 1325/542/3092
f 1325/80/3090 1357/91/3218 1356/88/3213 1324/77/3085
f 1325/542/3091 1414/501/3445 1413/558/3442 1326/640/3096
f 1326/75/3094 1358/93/3222 1357/91/3217 1325/80/3089
f 1326/640/3095 1413/558/3441 1412/624/3438 1327/744/3100
f 1327/79/3098 1359/92/3226 1358/93/3221 1326/75/3093
f 1327/744/3099 1412/624/3437 1411/679/3434 1328/780/3104
f 1328/81/3102 1360/96/3230 1359/92/3225 1327/79/3097
f 1328/780/3103 1411/679/3433 1410/700/3430 1329/820/3108
f 1329/78/3106 1361/89/3234 1360/96/3229 1328/81/3101
f 1329/820/3107 1410/700/3429 1409/680/3426 1330/779/3112
f 1330/76/3110 1362/90/3238 1361/89/3233 1329/78/3105
f 1330/779/3111 1409/680/3425 1408/625/3422 1331/745/3116
f 1331/84/3114 1363/101/3242 1362/90/3237 1330/76/3109
f 1331/745/3115 1408/625/3421 1407/557/3418 1332/639/3120
f 1332/72/3118 1364/94/3246 1363/101/3241 1331/84/3113
f 1332/639/3119 1407/557/3417 1406/502/3414 1333/541/3124
f 1333/71/3122 1365/86/3250 1364/94/3245 1332/72/3117
f 1333/541/3123 1406/502/3413 1405/484/3410 1334/487/3128
f 1334/83/3126 1366/99/3254 1365/86/3249 1333/71/3121
f 1334/487/3127 1405/484/3409 1404/466/3406 1335/474/3132
f 1335/85/3130 1367/98/3258 1366/99/3253 1334/83/3125
f 1335/474/3131 1404/466/3405 1403/443/3402 1336/447/3136
f 1336/82/3134 1368/102/3262 1367/98/3257 1335/85/3129
f 1336/447/3135 1403/443/3401 1402/426/3398 1337/425/3140
f 1337/69/3138 1369/100/3266 1368/102/3261 1336/82/3133
f 1337/493/3139 1402/492/3397 1401/584/3394 1338/605/3144
f 1338/122/3142 1370/110/3270 1369/109/3265 1337/121/3137
f 1338/605/3143 1401/584/3393 1400/748/3390 1339/777/3148
f 1339/120/3146 1371/107/3274 1370/110/3269 1338/122/3141
f 1339/777/3147 1400/748/3389 1399/923/3386 1340/1012/3152
f 1340/124/3150 1372/104/3278 1371/107/3273 1339/120/3145
f 1340/1012/3151 1399/923/3385 1398/1093/3382 1341/1159/3156
f 1341/123/3154 1373/105/3282 1372/104/3277 1340/124/3149
f 1341/1159/3155 1398/1093/3381 1397/1177/3378 1342/1236/3160
f 1342/127/3158 1374/116/3286 1373/105/3281 1341/123/3153
f 1342/1236/3159 1397/1177/3377 1396/1225/3374 1343/1286/3164
f 1343/125/3162 1375/111/3290 1374/116/3285 1342/127/3157
f 1343/1286/3163 1396/1225/3373 1395/1256/3370 1344/1313/3168
f 1344/126/3166 1376/115/3294 1375/111/3289 1343/125/3161
f 1344/1313/3167 1395/1256/3369 1394/1267/3366 1345/1324/3172
f 1345/129/3170 1377/112/3298 1376/115/3293 1344/126/3165
f 1345/1324/3171 1394/1267/3365 1393/1255/3362 1346/1312/3176
f 1346/133/3174 1378/113/3302 1377/112/3297 1345/129/3169
f 1346/1312/3175 1393/1255/3361 1392/1226/3358 1347/1287/3180
f 1347/131/3178 1379/119/3306 1378/113/3301 1346/133/3173
f 1347/1287/3179 1392/1226/3357 1391/1176/3354 1348/1235/3184
f 1348/128/3182 1380/114/3310 1379/119/3305 1347/131/3177
f 1348/1235/3183 1391/1176/3353 1390/1092/3350 1349/1160/3188
f 1349/130/3186 1381/103/3314 1380/114/3309 1348/128/3181
f 1349/1160/3187 1390/1092/3349 1389/922/3346 1350/1011/3192
f 1350/136/3190 1382/117/3318 1381/103/3313 1349/130/3185
f 1350/1011/3191 1389/922/3345 1388/747/3342 1351/778/3196
f 1351/132/3194 1383/106/3322 1382/117/3317 1350/136/3189
f 1351/778/3195 1388/747/3341 1387/583/3338 1352/604/3200
f 1352/135/3198 1384/118/3326 1383/106/3321 1351/132/3193
f 1352/604/3199 1387/583/3337 1386/495/3334 1321/494/3076
f 1353/368/3204 1417/369/3458 1448/388/3582 1384/390/3328
f 1354/1192/3207 1418/1169/3461 1417/1009/3457 1353/1008/3203
f 1355/1289/3211 1419/1272/3465 1418/1169/3462 1354/1192/3208
f 1356/1336/3215 1420/1330/3469 1419/1272/3466 1355/1289/3212
f 1357/1428/3219 1421/1337/3473 1420/1330/3470 1356/1336/3216
f 1358/1557/3223 1422/1500/3477 1421/1337/3474 1357/1428/3220
f 1359/1628/3227 1423/1542/3481 1422/1500/3478 1358/1557/3224
f 1360/1632/3231 1424/1591/3485 1423/1542/3482 1359/1628/3228
f 1361/1633/3235 1425/1599/3489 1424/1591/3486 1360/1632/3232
f 1362/1631/3239 1426/1590/3493 1425/1599/3490 1361/1633/3236
f 1363/1627/3243 1427/1541/3497 1426/1590/3494 1362/1631/3240
f 1364/1556/3247 1428/1499/3501 1427/1541/3498 1363/1627/3244
f 1365/1429/3251 1429/1338/3505 1428/1499/3502 1364/1556/3248
f 1366/1335/3255 1430/1329/3509 1429/1338/3506 1365/1429/3252
f 1367/1290/3259 1431/1273/3513 1430/1329/3510 1366/1335/3256
f 1368/1191/3263 1432/1168/3517 1431/1273/3514 1367/1290/3260
f 1369/1007/3267 1433/1010/3521 1432/1168/3518 1368/1191/3264
f 1370/391/3271 1434/389/3525 1433/366/3522 1369/367/3268
f 1371/409/3275 1435/404/3529 1434/389/3526 1370/391/3272
f 1372/422/3279 1436/416/3533 1435/404/3530 1371/409/3276
f 1373/435/3283 1437/427/3537 1436/416/3534 1372/422/3280
f 1374/455/3287 1438/442/3541 1437/427/3538 1373/435/3284
f 1375/469/3291 1439/452/3545 1438/442/3542 1374/455/3288
f 1376/478/3295 1440/459/3549 1439/452/3546 1375/469/3292
f 1377/479/3299 1441/464/3553 1440/459/3550 1376/478/3296
f 1378/477/3303 1442/458/3557 1441/464/3554 1377/479/3300
f 1379/470/3307 1443/453/3561 1442/458/3558 1378/477/3304
f 1380/454/3311 1444/441/3565 1443/453/3562 1379/470/3308
f 1381/436/3315 1445/428/3569 1444/441/3566 1380/454/3312
f 1382/421/3319 1446/415/3573 1445/428/3570 1381/436/3316
f 1383/410/3323 1447/405/3577 1446/415/3574 1382/421/3320
f 1384/390/3327 1448/388/3581 1447/405/3578 1383/410/3324
f 1385/207/3332 1418/182/3464 1419/187/3467 1416/206/3455
f 1386/208/3335 1417/183/3459 1418/182/3463 1385/207/3331
f 1387/138/3340 1448/163/3584 1417/161/3460 1386/145/3336
f 1388/137/3344 1447/158/3580 1448/163/3583 1387/138/3339
f 1389/152/3348 1446/169/3576 1447/158/3579 1388/137/3343
f 1390/150/3352 1445/162/3572 1446/169/3575 1389/152/3347
f 1391/140/3356 1444/154/3568 1445/162/3571 1390/150/3351
f 1392/142/3360 1443/166/3564 1444/154/3567 1391/140/3355
f 1393/143/3364 1442/170/3560 1443/166/3563 1392/142/3359
f 1394/139/3368 1441/157/3556 1442/170/3559 1393/143/3363
f 1395/147/3372 1440/156/3552 1441/157/3555 1394/139/3367
f 1396/153/3376 1439/167/3548 1440/156/3551 1395/147/3371
f 1397/146/3380 1438/168/3544 1439/167/3547 1396/153/3375
f 1398/141/3384 1437/160/3540 1438/168/3543 1397/146/3379
f 1399/149/3388 1436/159/3536 1437/160/3539 1398/141/3383
f 1400/151/3392 1435/164/3532 1436/159/3535 1399/149/3387
f 1401/148/3396 1434/165/3528 1435/164/3531 1400/151/3391
f 1402/144/3400 1433/155/3524 1434/165/3527 1401/148/3395
f 1403/197/3404 1432/178/3520 1433/184/3523 1402/193/3399
f 1404/192/3408 1431/171/3516 1432/178/3519 1403/197/3403
f 1405/194/3412 1430/173/3512 1431/171/3515 1404/192/3407
f 1406/204/3416 1429/181/3508 1430/173/3511 1405/194/3411
f 1407/198/3420 1428/179/3504 1429/181/3507 1406/204/3415
f 1408/195/3424 1427/175/3500 1428/179/3503 1407/198/3419
f 1409/202/3428 1426/180/3496 1427/175/3499 1408/195/3423
f 1410/199/3432 1425/177/3492 1426/180/3495 1409/202/3427
f 1411/196/3436 1424/176/3488 1425/177/3491 1410/199/3431
f 1412/201/3440 1423/186/3484 1424/176/3487 1411/196/3435
f 1413/205/3444 1422/185/3480 1423/186/3483 1412/201/3439
f 1414/200/3448 1421/172/3476 1422/185/3479 1413/205/3443
f 1415/203/3452 1420/174/3472 1421/172/3475 1414/200/3447
f 1416/206/3456 1419/187/3468 1420/174/3471 1415/203/3451
f 1449/955/3585 1455/950/3597 1460/1103/3617 1454/1108/3595
f 1450/818/3588 1456/816/3602 1455/950/3598 1449/955/3586
f 1451/698/3590 1457/693/3606 1456/816/3601 1450/818/3587
f 1452/1266/3592 1458/1263/3610 1457/1318/3605 1451/1323/3589
f 1453/1212/3594 1459/1207/3614 1458/1263/3609 1452/1266/3591
f 1454/1108/3596 1460/1103/3618 1459/1207/3613 1453/1212/3593
f 1455/594/3600 1461/586/3622 1466/633/3642 1460/681/3620
f 1456/520/3603 1462/534/3625 1461/586/3621 1455/594/3599
f 1457/507/3607 1463/523/3629 1462/534/3626 1456/520/3604
f 1458/549/3611 1464/559/3633 1463/527/3630 1457/510/3608
f 1459/644/3615 1465/615/3637 1464/559/3634 1458/549/3612
f 1460/681/3619 1466/633/3641 1465/615/3638 1459/644/3616
f 1461/1148/3624 1467/1142/3647 1472/1217/3662 1466/1223/3644
f 1462/1078/3627 1468/1074/3649 1467/1142/3646 1461/1148/3623
f 1463/993/3631 1469/990/3652 1468/1074/3650 1462/1078/3628
f 1464/1284/3635 1470/1278/3655 1469/1304/3653 1463/1310/3632
f 1465/1247/3639 1471/1241/3658 1470/1278/3656 1464/1284/3636
f 1466/1223/3643 1472/1217/3661 1471/1241/3659 1465/1247/3640
f 1468/567/3648 1469/556/3651 1470/596/3654 1471/669/3657 1472/687/3660 1467/632/3645
f 1473/1405/3663 1479/1480/3675 1484/1472/3695 1478/1396/3673
f 1474/1371/3666 1480/1446/3680 1479/1439/3676 1473/1358/3664
f 1475/1374/3668 1481/1449/3684 1480/1446/3679 1474/1371/3665
f 1476/1384/3670 1482/1458/3688 1481/1449/3683 1475/1374/3667
f 1477/1387/3672 1483/1462/3692 1482/1458/3687 1476/1384/3669
f 1478/1396/3674 1484/1472/3696 1483/1462/3691 1477/1387/3671
f 1479/1019/3678 1485/1002/3700 1490/1044/3720 1484/1109/3698
f 1480/858/3681 1486/912/3703 1485/997/3699 1479/1014/3677
f 1481/834/3685 1487/882/3707 1486/912/3704 1480/858/3682
f 1482/933/3689 1488/942/3711 1487/882/3708 1481/834/3686
f 1483/1083/3693 1489/1030/3715 1488/942/3712 1482/933/3690
f 1484/1109/3697 1490/1044/3719 1489/1030/3716 1483/1083/3694
f 1485/987/3702 1491/983/3725 1496/1068/3740 1490/1070/3722
f 1486/1279/3705 1492/1274/3727 1491/1300/3724 1485/1305/3701
f 1487/1242/3709 1493/1237/3730 1492/1274/3728 1486/1279/3706
f 1488/1218/3713 1494/1213/3733 1493/1237/3731 1487/1242/3710
f 1489/1143/3717 1495/1138/3736 1494/1213/3734 1488/1218/3714
f 1490/1070/3721 1496/1068/3739 1495/1138/3737 1489/1143/3718
f 1492/1089/3726 1493/1038/3729 1494/1116/3732 1495/1162/3735 1496/1187/3738 1491/1155/3723
f 1497/1391/3741 1503/1466/3753 1508/1459/3773 1502/1385/3751
f 1498/1394/3744 1504/1470/3758 1503/1466/3754 1497/1391/3742
f 1499/1404/3746 1505/1479/3762 1504/1470/3757 1498/1394/3743
f 1500/1367/3748 1506/1444/3766 1505/1439/3761 1499/1359/3745
f 1501/1377/3750 1507/1452/3770 1506/1444/3765 1500/1367/3747
f 1502/1385/3752 1508/1459/3774 1507/1452/3769 1501/1377/3749
f 1503/592/3756 1509/587/3778 1514/634/3798 1508/682/3776
f 1504/521/3759 1510/535/3781 1509/587/3777 1503/592/3755
f 1505/508/3763 1511/524/3785 1510/535/3782 1504/521/3760
f 1506/550/3767 1512/560/3789 1511/528/3786 1505/511/3764
f 1507/646/3771 1513/616/3793 1512/560/3790 1506/550/3768
f 1508/682/3775 1514/634/3797 1513/616/3794 1507/646/3772
f 1509/650/3780 1515/649/3803 1520/722/3818 1514/723/3800
f 1510/581/3783 1516/580/3805 1515/649/3802 1509/650/3779
f 1511/532/3787 1517/531/3808 1516/580/3806 1510/581/3784
f 1512/881/3791 1518/880/3811 1517/965/3809 1511/966/3788
f 1513/785/3795 1519/784/3814 1518/880/3812 1512/881/3792
f 1514/723/3799 1520/722/3817 1519/784/3815 1513/785/3796
f 1516/591/3804 1517/575/3807 1518/619/3810 1519/702/3813 1520/716/3816 1515/668/3801
f 1521/1265/3819 1527/1262/3831 1532/1315/3851 1526/1320/3829
f 1522/1209/3822 1528/1204/3836 1527/1262/3832 1521/1265/3820
f 1523/1105/3824 1529/1100/3840 1528/1204/3835 1522/1209/3821
f 1524/952/3826 1530/947/3844 1529/1100/3839 1523/1105/3823
f 1525/817/3828 1531/815/3848 1530/947/3843 1524/952/3825
f 1526/695/3830 1532/690/3852 1531/815/3847 1525/817/3827
f 1527/819/3834 1533/794/3856 1538/856/3876 1532/920/3854
f 1528/703/3837 1534/738/3859 1533/794/3855 1527/819/3833
f 1529/671/3841 1535/710/3863 1534/738/3860 1528/703/3838
f 1530/760/3845 1536/766/3867 1535/710/3864 1529/671/3842
f 1531/869/3849 1537/843/3871 1536/766/3868 1530/760/3846
f 1532/921/3853 1538/857/3875 1537/843/3872 1531/869/3850
f 1533/1056/3858 1539/1052/3881 1544/1124/3896 1538/1128/3878
f 1534/973/3861 1540/969/3883 1539/1052/3880 1533/1056/3857
f 1535/896/3865 1541/892/3886 1540/969/3884 1534/973/3862
f 1536/792/3869 1542/788/3889 1541/892/3887 1535/896/3866
f 1537/730/3873 1543/726/3892 1542/788/3890 1536/792/3870
f 1538/657/3877 1544/653/3895 1543/726/3893 1537/730/3874
f 1540/590/3882 1541/574/3885 1542/618/3888 1543/701/3891 1544/715/3894 1539/667/3879
f 1545/485/3897 1626/457/3963 1598/456/3949 1546/482/3899
f 1546/962/3902 1597/1178/3948 1625/1179/3962 1545/937/3898
f 1546/1553/3901 1598/1530/3951 1624/1529/672 1602/1549/652
f 1547/995/3906 1551/1295/3917 1552/1298/3919 1548/944/3908
f 1549/429/3910 1550/432/3914 1598/456/3952 1626/457/3964
f 1549/1299/3909 1552/957/3920 1551/996/3918 1550/1296/3913
f 1550/1510/3912 1551/1546/3915 1604/1544/654 1603/1516/653
f 1550/1510/3911 1603/1516/653 1624/1529/672 1598/1530/3950
f 1553/1512/613 1556/1543/616 1604/1544/654 1600/1511/650
f 1553/1512/613 1557/1509/617 1560/1545/620 1556/1543/616
f 1553/1512/613 1600/1511/650 1623/1425/671 1599/1424/649
f 1554/1548/614 1558/1550/618 1605/1592/655 1599/1584/649
f 1554/1548/614 1602/1549/652 1624/1529/672 1601/1531/651
f 1555/1519/615 1559/1515/619 1606/1532/656 1601/1531/651
f 1555/1519/615 1603/1516/653 1604/1544/654 1556/1543/616
f 1556/1543/616 1560/1545/620 1559/1515/619 1555/1519/615
f 1557/1509/617 1561/1507/621 1564/1547/624 1560/1545/620
f 1558/1550/618 1562/1551/622 1607/1588/657 1605/1592/655
f 1559/1515/619 1563/1514/623 1608/1533/658 1606/1532/656
f 1560/1545/620 1564/1547/624 1563/1514/623 1559/1515/619
f 1561/1507/621 1565/1496/625 1568/1552/628 1564/1547/624
f 1562/1551/622 1566/1554/626 1609/1596/659 1607/1588/657
f 1563/1514/623 1567/1508/627 1610/1534/660 1608/1533/658
f 1564/1547/624 1568/1552/628 1567/1508/627 1563/1514/623
f 1565/1496/625 1569/1484/629 1572/1555/632 1568/1552/628
f 1566/1554/626 1570/1558/630 1611/1605/661 1609/1596/659
f 1567/1508/627 1571/1492/631 1612/1535/662 1610/1534/660
f 1568/1552/628 1572/1555/632 1571/1492/631 1567/1508/627
f 1569/1484/629 1573/1483/633 1576/1559/636 1572/1555/632
f 1570/1558/630 1574/1560/634 1613/1603/663 1611/1605/661
f 1571/1492/631 1575/1485/635 1614/1537/664 1612/1535/662
f 1572/1555/632 1576/1559/636 1575/1485/635 1571/1492/631
f 1573/1483/633 1577/1435/637 1580/1569/640 1576/1559/636
f 1574/1560/634 1578/1571/638 1615/1624/665 1613/1603/663
f 1575/1485/635 1579/1437/639 1616/1539/666 1614/1537/664
f 1576/1559/636 1580/1569/640 1579/1437/639 1575/1485/635
f 1577/1435/637 1581/1436/641 1584/1576/644 1580/1569/640
f 1578/1571/638 1582/1572/642 1617/1625/667 1615/1624/665
f 1579/1437/639 1583/1433/643 1618/1538/668 1616/1539/666
f 1580/1569/640 1584/1576/644 1583/1433/643 1579/1437/639
f 1581/1436/641 1585/1434/645 1588/1580/648 1584/1576/644
f 1582/1572/642 1586/1577/646 1619/1606/669 1617/1625/667
f 1583/1433/643 1587/1432/647 1620/1536/670 1618/1538/668
f 1584/1576/644 1588/1580/648 1587/1432/647 1583/1433/643
f 1585/1434/645 1589/1420/3922 1592/1594/3934 1588/1580/648
f 1586/1577/646 1590/1598/3926 1621/1630/3955 1619/1606/669
f 1587/1432/647 1591/1415/3930 1622/1540/3959 1620/1536/670
f 1588/1580/648 1592/1594/3933 1591/1415/3931 1587/1432/647
f 1589/481/3923 1621/461/3956 1627/460/3966 1593/480/3937
f 1590/440/3925 1594/439/3939 1627/460/3965 1621/461/3953
f 1590/763/3928 1622/600/3960 1628/599/3968 1594/762/3940
f 1591/765/3932 1592/506/3935 1596/505/3943 1595/764/3942
f 1591/504/3929 1595/503/3941 1628/599/3967 1622/600/3957
f 1593/499/3938 1596/752/3944 1592/753/3936 1589/500/3924
f 1597/1421/3947 1623/1425/671 1600/1511/650 1547/1506/3904
f 1599/1424/649 1605/1416/655 1557/1509/617 1553/1512/613
f 1599/1584/649 1623/1585/671 1602/1549/652 1554/1548/614
f 1600/1511/650 1604/1544/654 1551/1546/3916 1547/1506/3905
f 1601/1531/651 1606/1532/656 1558/1550/618 1554/1548/614
f 1601/1531/651 1624/1529/672 1603/1516/653 1555/1519/615
f 1602/1549/652 1623/1585/671 1597/1587/3946 1546/1553/3900
f 1605/1416/655 1607/1419/657 1561/1507/621 1557/1509/617
f 1606/1532/656 1608/1533/658 1562/1551/622 1558/1550/618
f 1607/1419/657 1609/1414/659 1565/1496/625 1561/1507/621
f 1608/1533/658 1610/1534/660 1566/1554/626 1562/1551/622
f 1609/1414/659 1611/1410/661 1569/1484/629 1565/1496/625
f 1610/1534/660 1612/1535/662 1570/1558/630 1566/1554/626
f 1611/1410/661 1613/1412/663 1573/1483/633 1569/1484/629
f 1612/1535/662 1614/1537/664 1574/1560/634 1570/1558/630
f 1613/1412/663 1615/1355/665 1577/1435/637 1573/1483/633
f 1614/1537/664 1616/1539/666 1578/1571/638 1574/1560/634
f 1615/1355/665 1617/1356/667 1581/1436/641 1577/1435/637
f 1616/1539/666 1618/1538/668 1582/1572/642 1578/1571/638
f 1617/1356/667 1619/1409/669 1585/1434/645 1581/1436/641
f 1618/1538/668 1620/1536/670 1586/1577/646 1582/1572/642
f 1619/1409/669 1621/1346/3954 1589/1420/3921 1585/1434/645
f 1620/1536/670 1622/1540/3958 1590/1598/3927 1586/1577/646
f 1625/1179/3961 1597/1178/3945 1547/1288/3903 1548/1297/3907
f 1629/486/3969 1632/821/3979 1631/781/3975 1630/489/3971
f 1630/1562/3973 1631/1564/3977 1638/1563/674 1637/1561/673
f 1630/335/3972 1634/300/3984 1633/299/3982 1629/338/3970
f 1631/1564/3978 1635/1527/3989 1639/1528/675 1638/1563/674
f 1632/496/3980 1636/868/3991 1635/853/3987 1631/498/3976
f 1634/589/3983 1635/473/3988 1636/468/3992 1633/611/3981
f 1635/1527/3990 1634/1525/3985 1640/1526/676 1639/1528/675
f 1637/1561/673 1640/1526/676 1634/1525/3986 1630/1562/3974
f 1637/1561/673 1641/1565/677 1644/1522/680 1640/1526/676
f 1638/1563/674 1642/1567/678 1641/1565/677 1637/1561/673
f 1639/1528/675 1643/1524/679 1642/1567/678 1638/1563/674
f 1640/1526/676 1644/1522/680 1643/1524/679 1639/1528/675
f 1641/1565/677 1645/1566/681 1648/1521/684 1644/1522/680
f 1642/1567/678 1646/1568/682 1645/1566/681 1641/1565/677
f 1643/1524/679 1647/1523/683 1646/1568/682 1642/1567/678
f 1644/1522/680 1648/1521/684 1647/1523/683 1643/1524/679
f 1645/1566/681 1649/1570/685 1652/1513/688 1648/1521/684
f 1646/1568/682 1650/1575/686 1649/1570/685 1645/1566/681
f 1647/1523/683 1651/1517/687 1650/1575/686 1646/1568/682
f 1648/1521/684 1652/1513/688 1651/1517/687 1647/1523/683
f 1649/1570/685 1653/1581/689 1656/1495/692 1652/1513/688
f 1650/1575/686 1654/1583/690 1653/1581/689 1649/1570/685
f 1651/1517/687 1655/1503/691 1654/1583/690 1650/1575/686
f 1652/1513/688 1656/1495/692 1655/1503/691 1651/1517/687
f 1653/1581/689 1657/1595/693 1660/1455/696 1656/1495/692
f 1654/1583/690 1658/1597/694 1657/1595/693 1653/1581/689
f 1655/1503/691 1659/1469/695 1658/1597/694 1654/1583/690
f 1656/1495/692 1660/1455/696 1659/1469/695 1655/1503/691
f 1657/1595/693 1661/1600/697 1664/1430/700 1660/1455/696
f 1658/1597/694 1662/1601/698 1661/1600/697 1657/1595/693
f 1659/1469/695 1663/1431/699 1662/1601/698 1658/1597/694
f 1660/1455/696 1664/1430/700 1663/1431/699 1659/1469/695
f 1661/1600/697 1665/1573/701 1668/1518/704 1664/1430/700
f 1662/1601/698 1666/1574/702 1665/1573/701 1661/1600/697
f 1663/1431/699 1667/1520/703 1666/1574/702 1662/1601/698
f 1664/1430/700 1668/1518/704 1667/1520/703 1663/1431/699
f 1666/1574/702 1667/1520/703 1668/1518/704 1665/1573/701
f 1669/486/3993 1672/821/4003 1671/781/3999 1670/489/3995
f 1670/1562/3997 1671/1564/4001 1678/1563/706 1677/1561/705
f 1670/335/3996 1674/300/4008 1673/299/4006 1669/338/3994
f 1671/1564/4002 1675/1527/4013 1679/1528/707 1678/1563/706
f 1672/496/4004 1676/868/4015 1675/853/4011 1671/498/4000
f 1674/589/4007 1675/473/4012 1676/468/4016 1673/611/4005
f 1675/1527/4014 1674/1525/4009 1680/1526/708 1679/1528/707
f 1677/1561/705 1680/1526/708 1674/1525/4010 1670/1562/3998
f 1677/1561/705 1681/1565/709 1684/1522/712 1680/1526/708
f 1678/1563/706 1682/1567/710 1681/1565/709 1677/1561/705
f 1679/1528/707 1683/1524/711 1682/1567/710 1678/1563/706
f 1680/1526/708 1684/1522/712 1683/1524/711 1679/1528/707
f 1681/1565/709 1685/1566/713 1688/1521/716 1684/1522/712
f 1682/1567/710 1686/1568/714 1685/1566/713 1681/1565/709
f 1683/1524/711 1687/1523/715 1686/1568/714 1682/1567/710
f 1684/1522/712 1688/1521/716 1687/1523/715 1683/1524/711
f 1685/1566/713 1689/1570/717 1692/1513/720 1688/1521/716
f 1686/1568/714 1690/1575/718 1689/1570/717 1685/1566/713
f 1687/1523/715 1691/1517/719 1690/1575/718 1686/1568/714
f 1688/1521/716 1692/1513/720 1691/1517/719 1687/1523/715
f 1689/1570/717 1693/1581/721 1696/1495/724 1692/1513/720
f 1690/1575/718 1694/1583/722 1693/1581/721 1689/1570/717
f 1691/1517/719 1695/1503/723 1694/1583/722 1690/1575/718
f 1692/1513/720 1696/1495/724 1695/1503/723 1691/1517/719
f 1693/1581/721 1697/1595/725 1700/1455/728 1696/1495/724
f 1694/1583/722 1698/1597/726 1697/1595/725 1693/1581/721
f 1695/1503/723 1699/1469/727 1698/1597/726 1694/1583/722
f 1696/1495/724 1700/1455/728 1699/1469/727 1695/1503/723
f 1697/1595/725 1701/1600/729 1704/1430/732 1700/1455/728
f 1698/1597/726 1702/1601/730 1701/1600/729 1697/1595/725
f 1699/1469/727 1703/1431/731 1702/1601/730 1698/1597/726
f 1700/1455/728 1704/1430/732 1703/1431/731 1699/1469/727
f 1701/1600/729 1705/1573/733 1708/1518/736 1704/1430/732
f 1702/1601/730 1706/1574/734 1705/1573/733 1701/1600/729
f 1703/1431/731 1707/1520/735 1706/1574/734 1702/1601/730
f 1704/1430/732 1708/1518/736 1707/1520/735 1703/1431/731
f 1706/1574/734 1707/1520/735 1708/1518/736 1705/1573/733
