# Exported from Wings 3D 1.0.2
mtllib OldBoat.mtl
o cube1_sep26
#770 vertices, 706 faces
v -0.55271240 -0.24967156 -0.24966465
v -0.85134309 0.34735539 -0.33712276
v 0.85148691 0.34735539 -0.33712276
v 0.55285621 -0.24967156 -0.24966465
v -0.11688644 -0.24411645 -2.10236440
v 0.11703025 -0.24411645 -2.10236440
v -0.18223909 0.34735539 -2.65278290
v 0.18238291 0.34735539 -2.65278290
v 7.1906860e-5 -0.54278551 -1.30511346
v -0.30513767 -0.55458705 -0.18633845
v 0.30528149 -0.55458705 -0.18633845
v -0.76652897 0.34735539 -0.33160863
v 0.76667279 0.34735539 -0.33160863
v 7.1906860e-5 0.34735539 -2.89740936
v -0.69683287 2.9899637e-2 -0.28952493
v -0.33843033 -0.24911605 -1.28393007
v -0.52292309 0.34735539 -1.61993283
v 0.69697668 2.9899637e-2 -0.28952493
v 7.1906860e-5 -0.23522827 -2.40984311
v 0.33857414 -0.24911605 -1.28393007
v 7.1906860e-5 0.34735539 -2.97712168
v 0.52306691 0.34735539 -1.61993283
v -0.15270099 -0.57700502 -0.67324836
v -8.0795562e-2 -0.43816899 -1.75895448
v -0.42504747 -0.45450102 -0.22117602
v 0.15284481 -0.57700502 -0.67324836
v 0.42519128 -0.45450102 -0.22117602
v 8.0939376e-2 -0.43816899 -1.75895448
v -0.61583996 6.4362158e-2 -0.28512041
v -0.43979683 0.34735539 -1.61454490
v 0.61547357 6.4306783e-2 -0.28629857
v 0.43994064 0.34735539 -1.61454490
v -0.14901350 3.0455149e-2 -2.39214298
v 0.14915731 3.0455149e-2 -2.39214298
v -0.11899973 7.5888176e-2 -2.27316071
v 0.12021916 7.5873509e-2 -2.27344844
v 0.42805116 2.9955188e-2 -1.46200611
v -0.25527525 -0.45514912 -1.05513452
v 0.25541907 -0.45514912 -1.05513452
v 7.1906860e-5 -0.39289648 -2.08358472
v -0.36141032 6.8629447e-2 -1.43056176
v 7.1906860e-5 3.1343967e-2 -2.71821454
v -0.42790735 2.9955188e-2 -1.46200611
v 0.36151094 6.8590433e-2 -1.43138647
v -0.62282455 -0.11698932 -0.26814400
v -0.45572406 -0.24967156 -0.77360535
v -0.70275809 0.34735539 -0.97857367
v 0.77358243 0.18625973 -0.31284025
v -4.9616159e-2 -0.23856133 -2.32979043
v 0.21946495 -0.24744952 -1.74029701
v -7.7758093e-2 0.34735539 -2.86974516
v 0.34016591 0.34735539 -2.20015773
v -0.24139340 -0.56989447 -0.39067586
v -0.10157815 -0.35230130 -1.93989956
v -0.48779511 -0.36341153 -0.23505406
v 6.9774124e-2 -0.56811684 -0.99486447
v 0.48793893 -0.36341153 -0.23505406
v 0.10172197 -0.35230130 -1.93989956
v -0.69031163 0.20166785 -0.30812225
v -0.22693350 0.34735539 -2.29854946
v 0.54432318 -0.15558728 -0.26465854
v 0.62451982 0.34735539 -0.95174802
v -0.13274399 -0.11476727 -2.25229352
v 0.13288781 -0.11476727 -2.25229352
v -7.5477863e-2 -0.15558728 -2.25849335
v 7.6901344e-2 -0.15558728 -2.25872660
v -0.77343862 0.18625973 -0.31284025
v -0.21932114 -0.24744952 -1.74029701
v -0.34002209 0.34735539 -2.20015773
v 0.62296837 -0.11698932 -0.26814400
v 4.9759973e-2 -0.23856133 -2.32979043
v 0.45586787 -0.24967156 -0.77360535
v 7.7901907e-2 0.34735539 -2.86974516
v 0.70290191 0.34735539 -0.97857367
v -6.9630311e-2 -0.56811684 -0.99486447
v -4.8515099e-2 -0.50056664 -1.55358462
v -0.36144421 -0.51923183 -0.20489431
v 0.24153721 -0.56989447 -0.39067586
v 0.36158802 -0.51923183 -0.20489431
v 4.8658913e-2 -0.50056664 -1.55358462
v -0.54485963 -0.15558728 -0.26308766
v -0.62437601 0.34735539 -0.95174802
v 0.69018333 0.20163093 -0.30875060
v 0.22707731 0.34735539 -2.29854946
v -0.16555764 0.18625973 -2.52436884
v 0.16570145 0.18625973 -2.52436884
v -8.6466486e-2 0.17611852 -2.52169936
v 8.7554639e-2 0.17610985 -2.52184693
v -8.8242080e-2 -0.60737298 -0.37283665
v 8.8385893e-2 -0.60737298 -0.37283665
v 0.47521286 0.18625973 -1.54222880
v 0.57530419 2.9899637e-2 -0.88037281
v 0.38227414 -0.11676711 -1.37674608
v 0.27830605 3.0121842e-2 -1.98322280
v -0.34859690 -0.45553798 -0.64196284
v -0.29749969 -0.36230051 -1.18103939
v -0.16115497 -0.44983473 -1.43813431
v -0.20769387 -0.52649051 -0.89327591
v 0.16129879 -0.44983473 -1.43813431
v 0.29764350 -0.36230051 -1.18103939
v 0.34874072 -0.45553798 -0.64196284
v 0.20783768 -0.52649051 -0.89327591
v -2.8756529e-2 -0.41872609 -1.98558731
v 7.1906860e-5 -0.33452494 -2.24669649
v 2.8900343e-2 -0.41872609 -1.98558731
v -0.31774796 -0.15558728 -1.34474123
v -0.21570980 7.1154308e-2 -1.96185037
v -0.40149739 0.20451271 -1.52131912
v -0.50134754 6.6157408e-2 -0.85692110
v 6.3693401e-2 3.1010660e-2 -2.63688676
v 7.1906860e-5 -0.11121200 -2.56795170
v -6.3549588e-2 3.1010660e-2 -2.63688676
v 7.1906860e-5 0.18625973 -2.85782390
v -0.38213033 -0.11676711 -1.37674608
v -0.57516038 2.9899637e-2 -0.88037281
v -0.47506905 0.18625973 -1.54222880
v -0.27816224 3.0121842e-2 -1.98322280
v 0.40163585 0.20448670 -1.52176182
v 0.21661162 7.1129138e-2 -1.96236448
v 0.31774579 -0.15558728 -1.34582656
v 0.50109887 6.6107068e-2 -0.85799215
v -0.19631992 -0.59804038 -0.13011299
v 7.1906860e-5 -0.59744784 -0.68323197
v 0.19646373 -0.59804038 -0.13011299
v 0.63859296 0.18625973 -0.93000865
v 0.51405577 -0.11698932 -0.82859532
v 0.24831948 -0.11610050 -1.86663319
v 0.30904731 0.18625973 -2.09331469
v -0.40161686 -0.36341153 -0.71433208
v -0.19197599 -0.35896744 -1.60096541
v -0.12187284 -0.51923183 -1.24129962
v -0.29367074 -0.52337965 -0.54768496
v 0.19211980 -0.35896744 -1.60096541
v 0.40176067 -0.36341153 -0.71433208
v 0.29381455 -0.52337965 -0.54768496
v 0.12201666 -0.51923183 -1.24129962
v -4.2838560e-2 -0.34119108 -2.16363126
v 4.2982374e-2 -0.34119108 -2.16363126
v 7.1906860e-5 -0.46945800 -1.79195948
v -0.18330528 -0.15558728 -1.84371456
v -0.22668018 0.20619595 -2.12015717
v -0.56214083 0.20286468 -0.90527672
v -0.44343803 -0.15558728 -0.80479681
v 5.6675110e-2 -0.11254522 -2.48776396
v -5.6531297e-2 -0.11254522 -2.48776396
v -7.0636648e-2 0.18625973 -2.77649375
v 7.0780462e-2 0.18625973 -2.77649375
v -0.51391196 -0.11698932 -0.82859532
v -0.63844915 0.18625973 -0.93000865
v -0.30890349 0.18625973 -2.09331469
v -0.24817567 -0.11610050 -1.86663319
v 0.22729897 0.20617917 -2.12044278
v 0.18410621 -0.15558728 -1.84434291
v 0.44305853 -0.15558728 -0.80622488
v 0.56207532 0.20283112 -0.90584795
v -2.9633566e-2 -0.15558728 -2.40834926
v 3.0892769e-2 -0.15558728 -2.40842542
v 4.4228900e-2 -0.61454574 1.2012188e-2
v -4.4085086e-2 -0.61454574 1.2012188e-2
v -0.55271240 -0.24967156 0.29832308
v -0.85134309 0.34735539 0.38578119
v 0.85148691 0.34735539 0.38578119
v 0.55285621 -0.24967156 0.29832308
v -0.11688644 -0.24411645 2.15102283
v 0.11703025 -0.24411645 2.15102283
v -0.18223909 0.34735539 2.70144133
v 0.18238291 0.34735539 2.70144133
v 7.1906860e-5 -0.54278551 1.35377190
v -0.30513767 -0.55458705 0.23499689
v 0.30528149 -0.55458705 0.23499689
v -0.76652897 0.34735539 0.38026706
v 0.76667279 0.34735539 0.38026706
v 7.1906860e-5 0.34735539 2.94606780
v -0.69683287 2.9899637e-2 0.33818337
v -0.33843033 -0.24911605 1.33258850
v -0.52292309 0.34735539 1.66859126
v 0.69697668 2.9899637e-2 0.33818337
v 7.1906860e-5 -0.23522827 2.45850155
v 0.33857414 -0.24911605 1.33258850
v 7.1906860e-5 0.34735539 3.02578011
v 0.52306691 0.34735539 1.66859126
v -0.15270099 -0.57700502 0.72190679
v -8.0795562e-2 -0.43816899 1.80761291
v -0.42504747 -0.45450102 0.26983446
v 0.15284481 -0.57700502 0.72190679
v 0.42519128 -0.45450102 0.26983446
v 8.0939376e-2 -0.43816899 1.80761291
v -0.61583996 6.4362158e-2 0.33377885
v -0.43979683 0.34735539 1.66320333
v 0.61547357 6.4306783e-2 0.33495700
v 0.43994064 0.34735539 1.66320333
v -0.14901350 3.0455149e-2 2.44080142
v 0.14915731 3.0455149e-2 2.44080142
v -0.11899973 7.5888176e-2 2.32181915
v 0.12021916 7.5873509e-2 2.32210688
v 0.42805116 2.9955188e-2 1.51066454
v -0.25527525 -0.45514912 1.10379295
v 0.25541907 -0.45514912 1.10379295
v 7.1906860e-5 -0.39289648 2.13224315
v -0.36141032 6.8629447e-2 1.47922019
v 7.1906860e-5 3.1343967e-2 2.76687298
v -0.42790735 2.9955188e-2 1.51066454
v 0.36151094 6.8590433e-2 1.48004490
v -0.62282455 -0.11698932 0.31680244
v -0.45572406 -0.24967156 0.82226379
v -0.70275809 0.34735539 1.02723211
v 0.77358243 0.18625973 0.36149869
v -4.9616159e-2 -0.23856133 2.37844887
v 0.21946495 -0.24744952 1.78895545
v -7.7758093e-2 0.34735539 2.91840360
v 0.34016591 0.34735539 2.24881617
v -0.24139340 -0.56989447 0.43933430
v -0.10157815 -0.35230130 1.98855799
v -0.48779511 -0.36341153 0.28371249
v 6.9774124e-2 -0.56811684 1.04352290
v 0.48793893 -0.36341153 0.28371249
v 0.10172197 -0.35230130 1.98855799
v -0.69031163 0.20166785 0.35678069
v -0.22693350 0.34735539 2.34720790
v 0.54432318 -0.15558728 0.31331697
v 0.62451982 0.34735539 1.00040646
v -0.13274399 -0.11476727 2.30095195
v 0.13288781 -0.11476727 2.30095195
v -7.5477863e-2 -0.15558728 2.30715178
v 7.6901344e-2 -0.15558728 2.30738503
v -0.77343862 0.18625973 0.36149869
v -0.21932114 -0.24744952 1.78895545
v -0.34002209 0.34735539 2.24881617
v 0.62296837 -0.11698932 0.31680244
v 4.9759973e-2 -0.23856133 2.37844887
v 0.45586787 -0.24967156 0.82226379
v 7.7901907e-2 0.34735539 2.91840360
v 0.70290191 0.34735539 1.02723211
v -6.9630311e-2 -0.56811684 1.04352290
v -4.8515099e-2 -0.50056664 1.60224306
v -0.36144421 -0.51923183 0.25355275
v 0.24153721 -0.56989447 0.43933430
v 0.36158802 -0.51923183 0.25355275
v 4.8658913e-2 -0.50056664 1.60224306
v -0.54485963 -0.15558728 0.31174610
v -0.62437601 0.34735539 1.00040646
v 0.69018333 0.20163093 0.35740904
v 0.22707731 0.34735539 2.34720790
v -0.16555764 0.18625973 2.57302727
v 0.16570145 0.18625973 2.57302727
v -8.6466486e-2 0.17611852 2.57035780
v 8.7554639e-2 0.17610985 2.57050536
v -8.8242080e-2 -0.60737298 0.42149508
v 8.8385893e-2 -0.60737298 0.42149508
v 0.47521286 0.18625973 1.59088724
v 0.57530419 2.9899637e-2 0.92903125
v 0.38227414 -0.11676711 1.42540452
v 0.27830605 3.0121842e-2 2.03188123
v -0.34859690 -0.45553798 0.69062128
v -0.29749969 -0.36230051 1.22969783
v -0.16115497 -0.44983473 1.48679274
v -0.20769387 -0.52649051 0.94193435
v 0.16129879 -0.44983473 1.48679274
v 0.29764350 -0.36230051 1.22969783
v 0.34874072 -0.45553798 0.69062128
v 0.20783768 -0.52649051 0.94193435
v -2.8756529e-2 -0.41872609 2.03424575
v 7.1906860e-5 -0.33452494 2.29535493
v 2.8900343e-2 -0.41872609 2.03424575
v -0.31774796 -0.15558728 1.39339967
v -0.21570980 7.1154308e-2 2.01050881
v -0.40149739 0.20451271 1.56997756
v -0.50134754 6.6157408e-2 0.90557953
v 6.3693401e-2 3.1010660e-2 2.68554519
v 7.1906860e-5 -0.11121200 2.61661014
v -6.3549588e-2 3.1010660e-2 2.68554519
v 7.1906860e-5 0.18625973 2.90648233
v -0.38213033 -0.11676711 1.42540452
v -0.57516038 2.9899637e-2 0.92903125
v -0.47506905 0.18625973 1.59088724
v -0.27816224 3.0121842e-2 2.03188123
v 0.40163585 0.20448670 1.57042026
v 0.21661162 7.1129138e-2 2.01102291
v 0.31774579 -0.15558728 1.39448500
v 0.50109887 6.6107068e-2 0.90665058
v -0.19631992 -0.59804038 0.17877143
v 7.1906860e-5 -0.59744784 0.73189041
v 0.19646373 -0.59804038 0.17877143
v 0.63859296 0.18625973 0.97866709
v 0.51405577 -0.11698932 0.87725375
v 0.24831948 -0.11610050 1.91529163
v 0.30904731 0.18625973 2.14197313
v -0.40161686 -0.36341153 0.76299052
v -0.19197599 -0.35896744 1.64962385
v -0.12187284 -0.51923183 1.28995805
v -0.29367074 -0.52337965 0.59634339
v 0.19211980 -0.35896744 1.64962385
v 0.40176067 -0.36341153 0.76299052
v 0.29381455 -0.52337965 0.59634339
v 0.12201666 -0.51923183 1.28995805
v -4.2838560e-2 -0.34119108 2.21228969
v 4.2982374e-2 -0.34119108 2.21228969
v 7.1906860e-5 -0.46945800 1.84061791
v -0.18330528 -0.15558728 1.89237299
v -0.22668018 0.20619595 2.16881561
v -0.56214083 0.20286468 0.95393516
v -0.44343803 -0.15558728 0.85345524
v 5.6675110e-2 -0.11254522 2.53642239
v -5.6531297e-2 -0.11254522 2.53642239
v -7.0636648e-2 0.18625973 2.82515219
v 7.0780462e-2 0.18625973 2.82515219
v -0.51391196 -0.11698932 0.87725375
v -0.63844915 0.18625973 0.97866709
v -0.30890349 0.18625973 2.14197313
v -0.24817567 -0.11610050 1.91529163
v 0.22729897 0.20617917 2.16910122
v 0.18410621 -0.15558728 1.89300134
v 0.44305853 -0.15558728 0.85488331
v 0.56207532 0.20283112 0.95450639
v -2.9633566e-2 -0.15558728 2.45700769
v 3.0892769e-2 -0.15558728 2.45708386
v 4.4228900e-2 -0.61454574 3.6646248e-2
v -4.4085086e-2 -0.61454574 3.6646248e-2
v -0.70190226 0.51189998 0.38918726
v -0.71304951 0.49019597 0.39165333
v -0.73546193 0.48155249 0.38671574
v -0.75601065 0.49103276 0.37726687
v -0.76265849 0.51308337 0.36884172
v -0.75151125 0.53478738 0.36637565
v -0.72909882 0.54343087 0.37131324
v -0.70855011 0.53395060 0.38076212
v 0.17337076 -0.15637465 -1.93396037
v 0.13807063 -0.16750904 -1.95525588
v 5.0602982e-2 -0.17325655 -1.99873276
v -4.5144087e-2 -0.16394043 -2.01660930
v -8.5733975e-2 -0.15132788 -2.02072721
v -4.3329381e-2 -0.14629325 -2.02100197
v 5.3169364e-2 -0.14829965 -2.00494492
v 0.13988534 -0.14986185 -1.95964855
v -0.16929905 7.9164472e-2 -1.12926441
v -0.23070380 0.10733837 -1.04144560
v -0.24185104 8.5634358e-2 -1.03897953
v -0.18351205 5.7518925e-2 -1.13389893
v -0.26426347 7.6990871e-2 -1.04391712
v -0.22752522 4.6806830e-2 -1.15538121
v -0.28481218 8.6471143e-2 -1.05336600
v -0.27519292 5.9304659e-2 -1.16460025
v -0.29146003 0.10852176 -1.06179114
v -0.28856303 8.1487462e-2 -1.16920254
v -0.28031278 0.13022577 -1.06425721
v -0.27098320 0.10024231 -1.17479028
v -0.25790036 0.13886925 -1.05931962
v -0.22141887 0.10618829 -1.17016219
v -0.23735164 0.12938898 -1.04987074
v -0.17930233 9.8456577e-2 -1.14408895
v -6.2271267e-2 5.5104203e-2 -1.18170918
v -7.3772256e-4 3.1306024e-2 -1.25189568
v -0.11132111 3.2631090e-2 -1.18543505
v -5.3493413e-2 1.7925592e-2 -1.26548770
v -0.21072950 2.7351762e-2 -1.20666848
v -0.17789962 1.4380755e-2 -1.30546016
v -0.30262768 3.6357305e-2 -1.24949820
v -0.30108087 2.2748030e-2 -1.34839773
v -0.34321196 6.0576285e-2 -1.27578826
v -0.35087926 3.8125981e-2 -1.36914816
v -0.29752895 8.5940097e-2 -1.26184014
v -0.29812357 5.1506413e-2 -1.35555614
v -0.20367172 9.5985540e-2 -1.22375251
v -0.17371737 5.5051250e-2 -1.31558369
v -0.10622238 8.2213883e-2 -1.19777699
v -5.0536115e-2 4.6683975e-2 -1.27264612
v 0.19276877 -0.14461592 -1.87870682
v 0.19099435 -0.13331131 -1.83402449
v 0.14359665 -0.15570334 -1.89285235
v 0.13823866 -0.14669174 -1.84761651
v 2.8313567e-2 -0.15843705 -1.93130972
v 1.3832451e-2 -0.15023658 -1.88758896
v -8.6706267e-2 -0.15121757 -1.96997427
v -0.10934880 -0.14186930 -1.93052653
v -0.13405947 -0.13825005 -1.98815233
v -0.15914719 -0.12649135 -1.95127696
v -8.4285751e-2 -0.12767914 -1.97583335
v -0.10639150 -0.11311092 -1.93768494
v 3.1695917e-2 -0.12554523 -1.93949701
v 1.8014702e-2 -0.10956608 -1.89771249
v 0.14601716 -0.13216492 -1.89871144
v 0.14119595 -0.11793336 -1.85477492
v 0.15981496 0.18975126 0.98389923
v 0.15816901 0.16506778 0.97410387
v 0.15419745 0.15463732 0.94995093
v 0.15022676 0.16456990 0.92558887
v 0.14858292 0.18904716 0.91528866
v 0.15022887 0.21373063 0.92508403
v 0.15420043 0.22416109 0.94923697
v 0.15817112 0.21422851 0.97359902
v 0.36708254 0.18939396 0.94997170
v 0.36543659 0.16471048 0.94017634
v 0.36146503 0.15428002 0.91602339
v 0.35749434 0.16421261 0.89166134
v 0.35585049 0.18868986 0.88136113
v 0.35749644 0.21337334 0.89115649
v 0.36146801 0.22380379 0.91530943
v 0.36543870 0.21387121 0.93967149
v -0.86322291 0.52593287 0.37891824
v -0.86247004 0.49468038 0.37485221
v -0.85486851 0.47547639 0.35103537
v -0.84487119 0.47957035 0.32141931
v -0.83833437 0.50456407 0.30335271
v -0.83908725 0.53581657 0.30741874
v -0.84668878 0.55502055 0.33123558
v -0.85668610 0.55092659 0.36085164
v -0.62729590 0.52133755 0.45792351
v -0.62654303 0.49008506 0.45385748
v -0.61894150 0.47088107 0.43004064
v -0.60894417 0.47497503 0.40042458
v -0.60240736 0.49996875 0.38235798
v -0.60316023 0.53122125 0.38642401
v -0.61076177 0.55042524 0.41024085
v -0.62075909 0.54633128 0.43985691
v 0.28427930 0.18915942 0.92678747
v 0.27646177 0.17005153 0.92826335
v 0.25759023 0.16216373 0.93143370
v 0.23871937 0.17011659 0.93444138
v 0.23090349 0.18925143 0.93552453
v 0.23872101 0.20835933 0.93404866
v 0.25759255 0.21624713 0.93087830
v 0.27646341 0.20829427 0.92787062
v 2.1157617e-2 0.16705330 -1.22695621
v -1.3781422e-2 0.15929821 -1.23121280
v -9.6298675e-2 0.15611476 -1.23045445
v -0.17473998 0.15957568 -1.20486557
v -0.20647215 0.16744570 -1.18969559
v -0.17473931 0.17499980 -1.20502396
v -9.6297740e-2 0.17792777 -1.23067846
v -1.3780760e-2 0.17472234 -1.23137120
v 8.2821040e-2 0.17487531 -0.46500925
v 7.1630295e-2 0.17582916 -0.37217167
v 6.3812768e-2 0.15672127 -0.37069579
v 6.9944340e-2 0.15695826 -0.46748294
v 4.4941229e-2 0.14883347 -0.36752544
v 2.8419466e-2 0.14888896 -0.46845955
v 2.6070369e-2 0.15678633 -0.36451775
v -1.0599514e-2 0.15709710 -0.45429875
v 1.8254482e-2 0.17592117 -0.36343460
v -2.1955246e-2 0.17505592 -0.44785847
v 2.6072009e-2 0.19502907 -0.36491048
v -1.0597980e-2 0.19287773 -0.45466619
v 4.4943548e-2 0.20291686 -0.36808083
v 2.8421691e-2 0.20078998 -0.46899254
v 6.3814408e-2 0.19496400 -0.37108851
v 6.9945875e-2 0.19273888 -0.46785038
v 0.14202036 0.17401198 -0.54883099
v 0.16026291 0.17319764 -0.62805360
v 0.10340627 0.15245912 -0.53752284
v 0.11521425 0.16070749 -0.62055064
v 2.0624799e-2 0.14435696 -0.51603042
v 6.4582501e-3 0.15568921 -0.60269499
v -6.4661167e-2 0.15274884 -0.51001196
v -0.10229731 0.16108244 -0.58494627
v -0.10479282 0.17443745 -0.50843025
v -0.14734489 0.17372791 -0.57770142
v -6.4659309e-2 0.19608556 -0.51045699
v -0.10229623 0.18621806 -0.58520439
v 2.0627371e-2 0.20434476 -0.51664645
v 6.4597742e-3 0.19123633 -0.60306004
v 0.10340813 0.19579583 -0.53796787
v 0.11521533 0.18584310 -0.62080876
v 5.7433383e-2 0.16741120 -1.19195330
v 7.3735393e-2 0.16777351 -1.15660397
v 1.4897278e-2 0.15718917 -1.18573646
v 2.8686735e-2 0.15528336 -1.14910100
v -8.6423867e-2 0.15326611 -1.17009801
v -8.0069268e-2 0.15026509 -1.13124536
v -0.18742939 0.15753795 -1.15261770
v -0.18882482 0.15565832 -1.11349664
v -0.22969312 0.16790616 -1.14495369
v -0.23387240 0.16830378 -1.10625179
v -0.18742851 0.17811117 -1.15282897
v -0.18882375 0.18079393 -1.11375476
v -8.6422634e-2 0.18201447 -1.17039323
v -8.0067744e-2 0.18581221 -1.13161040
v 1.4898160e-2 0.17776239 -1.18594773
v 2.8687813e-2 0.18041898 -1.14935913
v 0.47791473 -0.16809729 -0.65623178
v 0.54072688 9.5969331e-2 -0.75753448
v 0.49035539 0.10795093 -0.75753448
v 0.42754325 -0.15611569 -0.65623178
v 0.47791473 -0.16809729 -0.35836648
v 0.54072688 9.5969331e-2 -0.35836648
v 0.49035539 0.10795093 -0.35836648
v 0.42754325 -0.15611569 -0.35836648
v 0.47791473 -0.16809729 0.70489021
v 0.54072688 9.5969331e-2 0.80619291
v 0.49035539 0.10795093 0.80619291
v 0.42754325 -0.15611569 0.70489021
v 0.47791473 -0.16809729 0.40702491
v 0.54072688 9.5969331e-2 0.40702491
v 0.49035539 0.10795093 0.40702491
v 0.42754325 -0.15611569 0.40702491
v -0.53665261 8.8239360e-2 0.86818285
v -0.53665261 0.10061611 0.88055961
v -0.53665261 0.14386261 0.88055961
v -0.53665261 0.15623936 0.86818285
v 0.53679643 0.14386261 0.88055961
v 0.53679643 0.15623936 0.86818285
v 0.53679643 0.10061611 0.88055961
v 0.53679643 8.8239360e-2 0.86818285
v -0.67420513 0.10139170 0.32091427
v -0.67101631 8.8239360e-2 0.33360133
v -0.67420513 0.14308702 0.32091427
v -0.67101631 0.15623936 0.33360133
v 0.67116013 0.15623936 0.33360133
v 0.67434894 0.14308702 0.32091427
v 0.67434894 0.10139170 0.32091427
v 0.67116013 8.8239360e-2 0.33360133
v -0.13465216 -0.16579030 0.70489021
v -0.13465216 0.10564394 0.80619291
v -8.2875281e-2 0.10564394 0.80619291
v -8.2875281e-2 -0.16579030 0.70489021
v -0.13465216 -0.16579030 0.40702491
v -0.13465216 0.10564394 0.40702491
v -8.2875281e-2 0.10564394 0.40702491
v -8.2875281e-2 -0.16579030 0.40702491
v 7.9904675e-2 -0.16579030 0.70489021
v 7.9904675e-2 0.10564394 0.80619291
v 0.13168156 0.10564394 0.80619291
v 0.13168156 -0.16579030 0.70489021
v 7.9904675e-2 -0.16579030 0.40702491
v 7.9904675e-2 0.10564394 0.40702491
v 0.13168156 0.10564394 0.40702491
v 0.13168156 -0.16579030 0.40702491
v -0.48378456 -0.16809729 0.70489021
v -0.54659670 9.5969331e-2 0.80619291
v -0.49622522 0.10795093 0.80619291
v -0.43341308 -0.15611569 0.70489021
v -0.48378456 -0.16809729 0.40702491
v -0.54659670 9.5969331e-2 0.40702491
v -0.49622522 0.10795093 0.40702491
v -0.43341308 -0.15611569 0.40702491
v -0.61932632 9.3634302e-2 -0.53680466
v -0.74885150 0.41900318 -0.53680466
v -0.64098176 0.49092977 -0.53680466
v -0.46732632 9.3634302e-2 -0.53680466
v -0.61932632 9.3634302e-2 -0.50071135
v -0.74885150 0.41900318 -0.50071135
v -0.64098176 0.49092977 -0.50071135
v -0.46732632 9.3634302e-2 -0.50071135
v -0.61932632 9.3634302e-2 0.58546309
v -0.74885150 0.41900318 0.58546309
v -0.64098176 0.49092977 0.58546309
v -0.46732632 9.3634302e-2 0.58546309
v -0.61932632 9.3634302e-2 0.54936978
v -0.74885150 0.41900318 0.54936978
v -0.64098176 0.49092977 0.54936978
v -0.46732632 9.3634302e-2 0.54936978
v 0.61916460 9.3634302e-2 -0.53680466
v 0.74868977 0.41900318 -0.53680466
v 0.64082003 0.49092977 -0.53680466
v 0.46716460 9.3634302e-2 -0.53680466
v 0.61916460 9.3634302e-2 -0.50071135
v 0.74868977 0.41900318 -0.50071135
v 0.64082003 0.49092977 -0.50071135
v 0.46716460 9.3634302e-2 -0.50071135
v 0.61916460 9.3634302e-2 0.58546309
v 0.74868977 0.41900318 0.58546309
v 0.64082003 0.49092977 0.58546309
v 0.46716460 9.3634302e-2 0.58546309
v 0.61916460 9.3634302e-2 0.54936978
v 0.74868977 0.41900318 0.54936978
v 0.64082003 0.49092977 0.54936978
v 0.46716460 9.3634302e-2 0.54936978
v -0.48378456 -0.16809729 -0.65623178
v -0.54659670 9.5969331e-2 -0.75753448
v -0.49622522 0.10795093 -0.75753448
v -0.43341308 -0.15611569 -0.65623178
v -0.48378456 -0.16809729 -0.35836648
v -0.54659670 9.5969331e-2 -0.35836648
v -0.49622522 0.10795093 -0.35836648
v -0.43341308 -0.15611569 -0.35836648
v 7.9904675e-2 -0.16579030 -0.65623178
v 7.9904675e-2 0.10564394 -0.75753448
v 0.13168156 0.10564394 -0.75753448
v 0.13168156 -0.16579030 -0.65623178
v 7.9904675e-2 -0.16579030 -0.35836648
v 7.9904675e-2 0.10564394 -0.35836648
v 0.13168156 0.10564394 -0.35836648
v 0.13168156 -0.16579030 -0.35836648
v -0.13465216 -0.16579030 -0.65623178
v -0.13465216 0.10564394 -0.75753448
v -8.2875281e-2 0.10564394 -0.75753448
v -8.2875281e-2 -0.16579030 -0.65623178
v -0.13465216 -0.16579030 -0.35836648
v -0.13465216 0.10564394 -0.35836648
v -8.2875281e-2 0.10564394 -0.35836648
v -8.2875281e-2 -0.16579030 -0.35836648
v -0.53665261 8.8239360e-2 -0.81952442
v -0.53665261 0.10061611 -0.83190117
v -0.53665261 0.14386261 -0.83190117
v -0.53665261 0.15623936 -0.81952442
v 0.53679643 0.14386261 -0.83190117
v 0.53679643 0.15623936 -0.81952442
v 0.53679643 0.10061611 -0.83190117
v 0.53679643 8.8239360e-2 -0.81952442
v -0.67420513 0.10139170 -0.27225583
v -0.67101631 8.8239360e-2 -0.28494289
v -0.67420513 0.14308702 -0.27225583
v -0.67101631 0.15623936 -0.28494289
v 0.67116013 0.15623936 -0.28494289
v 0.67434894 0.14308702 -0.27225583
v 0.67434894 0.10139170 -0.27225583
v 0.67116013 8.8239360e-2 -0.28494289
v -0.88571345 0.41247426 -0.35053628
v 0.88943405 0.41247426 -0.35053628
v -0.20937268 0.41247426 -2.68800423
v 0.20951649 0.41247426 -2.68800423
v -0.77351018 0.41247426 -0.34091919
v 0.77723078 0.41247426 -0.34091919
v -0.56014843 0.41247426 -1.65065403
v 0.56029224 0.41247426 -1.65065403
v -0.43968075 0.41247426 -1.66495291
v 0.43982457 0.41247426 -1.66495291
v -0.74540467 0.41247426 -1.00075132
v -9.7524553e-2 0.41247426 -2.92511208
v 0.37181052 0.41247426 -2.23716728
v -0.17162599 0.41247426 -2.47407457
v 0.63856124 0.41247426 -0.97302714
v -0.37166671 0.41247426 -2.23716728
v 9.7668367e-2 0.41247426 -2.92511208
v 0.74554849 0.41247426 -1.00075132
v -0.63841743 0.41247426 -0.97302714
v 0.17176980 0.41247426 -2.47407457
v -0.88571345 0.34264704 -0.35053628
v 0.88943405 0.34264704 -0.35053628
v -0.20937268 0.34264704 -2.68800423
v 0.20951649 0.34264704 -2.68800423
v -0.77351018 0.34264704 -0.34091919
v 0.77723078 0.34264704 -0.34091919
v -0.56014843 0.34264704 -1.65065403
v 0.56029224 0.34264704 -1.65065403
v -0.43968075 0.34264704 -1.66495291
v 0.43982457 0.34264704 -1.66495291
v -0.74540467 0.34264704 -1.00075132
v -9.7524553e-2 0.34264704 -2.92511208
v 0.37181052 0.34264704 -2.23716728
v -0.17162599 0.34264704 -2.47407457
v 0.63856124 0.34264704 -0.97302714
v -0.37166671 0.34264704 -2.23716728
v 9.7668367e-2 0.34264704 -2.92511208
v 0.74554849 0.34264704 -1.00075132
v -0.63841743 0.34264704 -0.97302714
v 0.17176980 0.34264704 -2.47407457
v 2.7827634e-2 0.41247426 -3.01979383
v -2.7683820e-2 0.41247426 -3.01979383
v 2.7827634e-2 0.34264704 -3.01979383
v -2.7683820e-2 0.34264704 -3.01979383
v -0.82759038 0.41247426 -0.67177061
v -0.14720414 0.41247426 -2.83004025
v 0.28555768 0.41247426 -2.48577814
v 0.71868501 0.41247426 -0.65011099
v -0.46447023 0.41247426 -1.95597690
v 0.65516911 0.41247426 -1.32964565
v -0.54714768 0.41247426 -1.30693397
v 0.31110928 0.41247426 -2.06020536
v -0.65502530 0.41247426 -1.32964565
v -5.8950209e-2 0.41247426 -2.98644558
v 0.46461404 0.41247426 -1.95597690
v -0.31096546 0.41247426 -2.06020536
v 0.54729149 0.41247426 -1.30693397
v -0.28541386 0.41247426 -2.48577814
v 0.14734796 0.41247426 -2.83004025
v 0.82773420 0.41247426 -0.67177061
v -0.71854119 0.41247426 -0.65011099
v -0.82759038 0.34264704 -0.67177061
v -0.14720414 0.34264704 -2.83004025
v 0.28555768 0.34264704 -2.48577814
v 0.71868501 0.34264704 -0.65011099
v -0.46447023 0.34264704 -1.95597690
v 5.9094023e-2 0.34264704 -2.98644558
v 0.65516911 0.34264704 -1.32964565
v -0.54714768 0.34264704 -1.30693397
v 0.31110928 0.34264704 -2.06020536
v -0.65502530 0.34264704 -1.32964565
v 0.46461404 0.34264704 -1.95597690
v -0.31096546 0.34264704 -2.06020536
v 0.54729149 0.34264704 -1.30693397
v -0.28541386 0.34264704 -2.48577814
v 0.14734796 0.34264704 -2.83004025
v 0.82773420 0.34264704 -0.67177061
v -0.71854119 0.34264704 -0.65011099
v 5.9094023e-2 0.41247426 -2.98644558
v -5.8950209e-2 0.34264704 -2.98644558
v 7.1906860e-5 0.34264704 -3.03090991
v 7.1906860e-5 0.41247426 -3.03090991
v -0.88571345 0.41247426 0.39919472
v 0.88943405 0.41247426 0.39919472
v -0.20937268 0.41247426 2.73666266
v 0.20951649 0.41247426 2.73666266
v -0.77351018 0.41247426 0.38957763
v 0.77723078 0.41247426 0.38957763
v -0.56014843 0.41247426 1.69931246
v 0.56029224 0.41247426 1.69931246
v -0.43968075 0.41247426 1.71361134
v 0.43982457 0.41247426 1.71361134
v -0.74540467 0.41247426 1.04940976
v -9.7524553e-2 0.41247426 2.97377051
v 0.37181052 0.41247426 2.28582571
v -0.17162599 0.41247426 2.52273301
v 0.63856124 0.41247426 1.02168557
v -0.37166671 0.41247426 2.28582571
v 9.7668367e-2 0.41247426 2.97377051
v 0.74554849 0.41247426 1.04940976
v -0.63841743 0.41247426 1.02168557
v 0.17176980 0.41247426 2.52273301
v -0.88571345 0.34264704 0.39919472
v 0.88943405 0.34264704 0.39919472
v -0.20937268 0.34264704 2.73666266
v 0.20951649 0.34264704 2.73666266
v -0.77351018 0.34264704 0.38957763
v 0.77723078 0.34264704 0.38957763
v -0.56014843 0.34264704 1.69931246
v 0.56029224 0.34264704 1.69931246
v -0.43968075 0.34264704 1.71361134
v 0.43982457 0.34264704 1.71361134
v -0.74540467 0.34264704 1.04940976
v -9.7524553e-2 0.34264704 2.97377051
v 0.37181052 0.34264704 2.28582571
v -0.17162599 0.34264704 2.52273301
v 0.63856124 0.34264704 1.02168557
v -0.37166671 0.34264704 2.28582571
v 9.7668367e-2 0.34264704 2.97377051
v 0.74554849 0.34264704 1.04940976
v -0.63841743 0.34264704 1.02168557
v 0.17176980 0.34264704 2.52273301
v 2.7827634e-2 0.41247426 3.06845226
v -2.7683820e-2 0.41247426 3.06845226
v 2.7827634e-2 0.34264704 3.06845226
v -2.7683820e-2 0.34264704 3.06845226
v -0.82759038 0.41247426 0.72042904
v -0.14720414 0.41247426 2.87869869
v 0.28555768 0.41247426 2.53443658
v 0.71868501 0.41247426 0.69876943
v -0.46447023 0.41247426 2.00463534
v 0.65516911 0.41247426 1.37830408
v -0.54714768 0.41247426 1.35559241
v 0.31110928 0.41247426 2.10886380
v -0.65502530 0.41247426 1.37830408
v -5.8950209e-2 0.41247426 3.03510401
v 0.46461404 0.41247426 2.00463534
v -0.31096546 0.41247426 2.10886380
v 0.54729149 0.41247426 1.35559241
v -0.28541386 0.41247426 2.53443658
v 0.14734796 0.41247426 2.87869869
v 0.82773420 0.41247426 0.72042904
v -0.71854119 0.41247426 0.69876943
v -0.82759038 0.34264704 0.72042904
v -0.14720414 0.34264704 2.87869869
v 0.28555768 0.34264704 2.53443658
v 0.71868501 0.34264704 0.69876943
v -0.46447023 0.34264704 2.00463534
v 5.9094023e-2 0.34264704 3.03510401
v 0.65516911 0.34264704 1.37830408
v -0.54714768 0.34264704 1.35559241
v 0.31110928 0.34264704 2.10886380
v -0.65502530 0.34264704 1.37830408
v 0.46461404 0.34264704 2.00463534
v -0.31096546 0.34264704 2.10886380
v 0.54729149 0.34264704 1.35559241
v -0.28541386 0.34264704 2.53443658
v 0.14734796 0.34264704 2.87869869
v 0.82773420 0.34264704 0.72042904
v -0.71854119 0.34264704 0.69876943
v 5.9094023e-2 0.41247426 3.03510401
v -5.8950209e-2 0.34264704 3.03510401
v 7.1906860e-5 0.34264704 3.07956835
v 7.1906860e-5 0.41247426 3.07956835
vt -0.25818295 1.95336556
vt -0.18328301 1.96653097
vt -0.11415194 1.18540330
vt -0.11197044 1.23903571
vt -0.10514822 1.32490296
vt -8.6669420e-2 1.19202290
vt -6.6360544e-2 1.08869031
vt -5.7314965e-2 1.13400123
vt -4.6289961e-2 -1.14518754
vt -4.4225064e-2 0.17136012
vt -3.4687644e-2 0.94116595
vt -3.2678547e-2 -0.52205196
vt -3.1084179e-2 1.34496987
vt -2.5275842e-2 1.06821968
vt -2.2459557e-2 1.01046872
vt -2.1791856e-2 0.99570115
vt -1.4548071e-2 0.89515321
vt 1.5456922e-3 0.86435458
vt 7.8380092e-3 0.81586691
vt 8.5168762e-3 -0.40882018
vt 8.8336856e-3 0.99615765
vt 1.4041897e-2 0.84448552
vt 1.6582461e-2 -1.09480766
vt 1.6881324e-2 0.90885720
vt 2.4170682e-2 0.83368231
vt 3.1636723e-2 0.94116595
vt 3.3162183e-2 0.83008124
vt 3.3175875e-2 0.18586597
vt 3.3295065e-2 -0.48887891
vt 3.9967179e-2 -0.39610222
vt 4.1761261e-2 -0.86198326
vt 4.1825809e-2 -0.24366549
vt 4.2153685e-2 0.83368231
vt 4.3864809e-2 1.01046872
vt 4.3909307e-2 0.91834496
vt 5.1488849e-2 0.82375828
vt 5.1776295e-2 0.89515321
vt 5.2282469e-2 0.84448552
vt 5.2650057e-2 -0.40777058
vt 5.2896109e-2 0.44880135
vt 6.2958255e-2 0.20430546
vt 6.4778674e-2 0.86435458
vt 6.7242821e-2 0.55942055
vt 6.7870059e-2 0.86435458
vt 7.1953439e-2 -8.6607697e-2
vt 7.3607586e-2 -0.30841412
vt 7.9649291e-2 0.83497616
vt 8.0366264e-2 0.84448552
vt 8.0872438e-2 0.89515321
vt 8.1410806e-2 0.74497688
vt 8.1410806e-2 0.77777639
vt 8.2578587e-2 0.80078731
vt 8.4139403e-2 0.73572283
vt 8.6327524e-2 0.10720140
vt 8.8783924e-2 1.01046872
vt 9.0179300e-2 0.44706555
vt 9.0495048e-2 0.83368231
vt 9.0780785e-2 0.67878194
vt 9.5354397e-2 -0.19646275
vt 9.5455061e-2 0.77777639
vt 9.5455061e-2 0.74497688
vt 9.5913991e-2 5.3758252e-2
vt 9.7961089e-2 0.87147236
vt 9.8687182e-2 0.20882622
vt 9.9486550e-2 0.83008124
vt 0.10022153 1.34868510
vt 0.10101201 0.94116595
vt 0.10260558 1.39189598
vt 0.10573522 0.55343574
vt 0.10847805 0.83368231
vt 0.11018918 0.80216959
vt 0.11051259 0.64370133
vt 0.11077763 -0.48605033
vt 0.11239023 -0.12466144
vt 0.11487054 0.18111551
vt 0.11504226 1.5600155e-2
vt 0.11515812 0.74588840
vt 0.11532505 2.03169354
vt 0.11535313 1.33252053
vt 0.11692762 0.74497688
vt 0.11692762 0.77777639
vt 0.11704624 -7.5398974e-2
vt 0.11760781 0.77251792
vt 0.11788479 1.27510422
vt 0.11805253 0.11500371
vt 0.11810066 0.91748510
vt 0.11820542 0.80245867
vt 0.11860684 0.84448552
vt 0.12051550 -0.52316523
vt 0.12279700 -0.41349230
vt 0.12354564 -0.58774351
vt 0.12362550 0.19525036
vt 0.12443150 1.11775548
vt 0.12508471 -7.8096314e-2
vt 0.13023840 0.29967576
vt 0.13027706 0.67039933
vt 0.13109672 -0.48640309
vt 0.13110304 0.86435458
vt 0.13180111 0.61628193
vt 0.13196511 -0.23559867
vt 0.13399714 0.92703661
vt 0.13419443 0.94828373
vt 0.13489486 -0.49245621
vt 0.13500505 -0.65824958
vt 0.13637310 0.58171880
vt 0.13720873 5.0315136e-2
vt 0.13747006 0.40692218
vt 0.13935614 6.2161551e-2
vt 0.13956070 5.3703346e-2
vt 0.14010673 -0.55688013
vt 0.14035498 1.27758539
vt 0.14195164 -1.5428717e-2
vt 0.14399720 2.4673222e-2
vt 0.14425855 -0.32739529
vt 0.14443417 -7.0317872e-2
vt 0.14577306 0.65090460
vt 0.14669063 0.96815279
vt 0.14719680 0.89515321
vt 0.14736980 0.72155206
vt 0.14763186 0.70456536
vt 0.14808421 0.92611450
vt 0.14973953 0.81632478
vt 0.15067612 0.52578442
vt 0.15085181 -0.57804445
vt 0.15086595 -0.68764168
vt 0.15096163 0.74497688
vt 0.15096163 0.77777639
vt 0.15359397 -0.40333207
vt 0.15369346 0.30422686
vt 0.15384471 -0.62844148
vt 0.15399211 -0.73240703
vt 0.15416616 0.88076699
vt 0.15441388 1.04604860
vt 0.15477493 1.26078253
vt 0.15480518 1.20334317
vt 0.15490629 -0.75060970
vt 0.15491966 0.17583334
vt 0.15510829 1.01046872
vt 0.15555341 0.85532112
vt 0.15574313 -0.18473674
vt 0.15592940 -0.40514383
vt 0.15622794 0.93904385
vt 0.15681941 0.97895600
vt 0.15760222 0.47227794
vt 0.15835416 0.77795493
vt 0.15907684 0.79581317
vt 0.15946839 -0.65044395
vt 0.15990187 0.64959306
vt 0.16147730 -0.12685840
vt 0.16221790 0.69135187
vt 0.16428546 0.87147236
vt 0.16445547 0.86672876
vt 0.16463120 0.40084867
vt 0.16488717 0.22395930
vt 0.16519093 0.23244083
vt 0.16546849 0.51502780
vt 0.16581092 0.98255707
vt 0.16714444 0.61685433
vt 0.16733638 0.94116595
vt 0.16773432 -0.81892993
vt 0.16893422 0.95167082
vt 0.16895183 0.44253375
vt 0.16895912 0.97545526
vt 0.16908465 0.29670734
vt 0.16929882 -0.47752834
vt 0.16932774 -0.49303285
vt 0.16967375 0.84946227
vt 0.16986147 6.2327285e-2
vt 0.16986947 5.3878427e-2
vt 0.17028132 1.2089629e-2
vt 0.17033748 -0.72015199
vt 0.17213051 -6.2882135e-2
vt 0.17267334 0.22329860
vt 0.17323943 -0.20162107
vt 0.17359261 -0.15064226
vt 0.17410547 1.03807518
vt 0.17475996 0.40809616
vt 0.17480242 0.97895600
vt 0.17517389 0.64530374
vt 0.17569339 -0.70147428
vt 0.17575879 9.0724512e-2
vt 0.17651354 0.80216959
vt 0.17690462 0.93813893
vt 0.17806821 -0.21634034
vt 0.17810796 0.41415789
vt 0.17822481 -0.80873240
vt 0.17870407 0.29733566
vt 0.17894324 -0.29438020
vt 0.17911974 1.04501829
vt 0.17926458 1.38849584
vt 0.17960032 -0.40006960
vt 0.17994840 0.29003032
vt 0.18041517 0.69531577
vt 0.18135943 0.78050462
vt 0.18307285 -0.56926129
vt 0.18442503 0.91748510
vt 0.18493120 0.96815279
vt 0.18507019 0.19538798
vt 0.18521388 0.36330020
vt 0.18537697 0.58058405
vt 0.18539157 -0.78943202
vt 0.18556599 8.6161465e-2
vt 0.18570149 -7.7909154e-2
vt 0.18702916 0.92053820
vt 0.18724799 0.80356294
vt 0.18742742 -0.89000945
vt 0.18747816 -0.56422231
vt 0.18797836 0.77777639
vt 0.18797836 0.74497688
vt 0.18885737 1.00751467
vt 0.18962001 1.10693346
vt 0.18971329 -0.62354203
vt 0.18987122 -0.54698704
vt 0.19014353 1.02553103
vt 0.19129186 2.03521077
vt 0.19385224 -0.29148385
vt 0.19387360 0.93377270
vt 0.19597938 -1.4341847e-2
vt 0.19634257 0.85682222
vt 0.19651638 0.50469359
vt 0.19742741 0.94828373
vt 0.19745665 0.76754060
vt 0.19758135 -0.64071768
vt 0.19786069 -0.12737753
vt 0.19857833 -0.38254209
vt 0.19962311 0.74217298
vt 0.20051879 0.94828373
vt 0.20134861 0.74497688
vt 0.20134861 0.77777639
vt 0.20193570 0.40250190
vt 0.20202261 0.77777639
vt 0.20202261 0.74497688
vt 0.20222572 -0.22515398
vt 0.20241358 -0.77674034
vt 0.20325193 0.17037129
vt 0.20420219 -0.15249209
vt 0.20421244 1.27981260
vt 0.20653716 0.66917618
vt 0.20677774 1.07646996
vt 0.20732472 -0.88717982
vt 0.20795255 0.30126818
vt 0.20801829 -0.86001792
vt 0.20904412 1.16040404
vt 0.20941714 -0.18176077
vt 0.20950157 1.15483305
vt 0.21062751 0.99393757
vt 0.21088391 0.64078968
vt 0.21121030 1.17830130
vt 0.21122031 -0.96314186
vt 0.21126202 0.46765470
vt 0.21284545 -0.32561360
vt 0.21301500 0.96815279
vt 0.21352117 0.91748510
vt 0.21480672 0.92715534
vt 0.21494724 -9.4452702e-2
vt 0.21525677 -0.35682502
vt 0.21577108 0.17326744
vt 0.21602720 0.57892746
vt 0.21611894 -0.61715103
vt 0.21671816 -0.45621889
vt 0.21782185 1.10197351
vt 0.21814287 0.95897031
vt 0.21850863 0.29593854
vt 0.21917666 0.83762456
vt 0.21920428 -0.70884916
vt 0.21928898 0.27918648
vt 0.22143266 0.80216959
vt 0.22248897 0.11152148
vt 0.22279589 5.5671744e-3
vt 0.22314378 0.97895600
vt 0.22349517 0.77777639
vt 0.22349517 0.74497688
vt 0.22786482 -0.48948289
vt 0.22822916 0.83338495
vt 0.22823192 0.74187564
vt 0.22926675 -0.29324163
vt 0.23001613 8.2405468e-2
vt 0.23046940 4.6278233e-2
vt 0.23067878 1.14746592
vt 0.23080559 0.37995417
vt 0.23097062 -0.26056809
vt 0.23124914 0.73439941
vt 0.23197058 0.74252979
vt 0.23213528 0.98255707
vt 0.23271733 -0.54868684
vt 0.23366074 0.87147236
vt 0.23441098 -0.93225498
vt 0.23493114 -0.85232817
vt 0.23611454 1.08785834
vt 0.23640162 0.54505819
vt 0.23702108 0.99515826
vt 0.23798507 1.25143390
vt 0.23800109 -0.15551553
vt 0.23812097 1.25217211
vt 0.23829610 -1.03829155
vt 0.23858036 0.64466969
vt 0.23916623 1.37218020
vt 0.23971186 0.36817560
vt 0.23984148 0.20199660
vt 0.23991091 -0.52022125
vt 0.24011716 -8.4386676e-2
vt 0.24081624 1.08490364
vt 0.24100955 0.88344274
vt 0.24112678 0.97895600
vt 0.24124594 1.20430271
vt 0.24148316 1.06812022
vt 0.24170525 -0.24868369
vt 0.24220247 -0.41785330
vt 0.24286286 0.17868763
vt 0.24452706 -0.96150965
vt 0.24533304 0.66671865
vt 0.24614053 -0.77686747
vt 0.24957333 0.90646909
vt 0.24962905 -0.68693593
vt 0.25031509 1.17970887
vt 0.25105734 2.6483118e-2
vt 0.25125557 0.96815279
vt 0.25175059 0.52740901
vt 0.25210447 0.80582538
vt 0.25377121 0.50299750
vt 0.25421054 -0.35337847
vt 0.25439850 0.51443268
vt 0.25493856 0.44135767
vt 0.25518333 0.15227461
vt 0.25534255 0.53187322
vt 0.25569217 0.45098148
vt 0.25584796 -0.32048550
vt 0.25677163 0.55932781
vt 0.25704027 0.82436399
vt 0.25744551 0.91879074
vt 0.25752918 0.77777639
vt 0.25752918 0.74497688
vt 0.25869865 0.59941494
vt 0.25870288 -2.5989075e-3
vt 0.25955906 1.21757368
vt 0.26000048 0.29727422
vt 0.26016291 -7.7861023e-2
vt 0.26053545 0.21810751
vt 0.26097314 1.21924088
vt 0.26113000 0.65618147
vt 0.26224501 0.25805767
vt 0.26236418 0.60501115
vt 0.26283773 0.13117360
vt 0.26291882 -1.3826148e-2
vt 0.26305674 -0.13937264
vt 0.26317074 -0.22703007
vt 0.26367755 1.33145971
vt 0.26368867 0.42317725
vt 0.26375177 0.94828373
vt 0.26398449 0.73322825
vt 0.26575693 -1.00580513
vt 0.26584178 -0.20725994
vt 0.26672454 0.29584827
vt 0.26686192 0.82415680
vt 0.26767994 1.32584728
vt 0.26779158 1.06213813
vt 0.26793895 -0.57997654
vt 0.26818500 -1.11213405
vt 0.26873363 0.70445414
vt 0.26941489 0.92278977
vt 0.27100376 -0.43727912
vt 0.27102202 0.99029261
vt 0.27141029 1.02520886
vt 0.27148370 5.2854388e-2
vt 0.27266239 1.42014319
vt 0.27270652 1.12815636
vt 0.27320505 1.32726923
vt 0.27327752 1.22936499
vt 0.27417726 0.74497688
vt 0.27417726 0.77777639
vt 0.27456611 7.5219851e-2
vt 0.27593195 -0.40221737
vt 0.27633422 1.14404078
vt 0.27637124 -0.91645447
vt 0.27675049 -0.56111129
vt 0.27758612 -0.47717243
vt 0.27759814 -0.34810758
vt 0.27759814 1.25002175
vt 0.27774989 0.14485993
vt 0.27845798 -9.8831841e-3
vt 0.27984554 0.91748510
vt 0.27999728 -0.84477793
vt 0.28018897 1.29501572
vt 0.28048187 0.50153430
vt 0.28108803 0.51304157
vt 0.28191307 0.53058375
vt 0.28214687 -0.34883328
vt 0.28214687 1.24975665
vt 0.28294602 0.30304928
vt 0.28306014 0.55816355
vt 0.28335917 0.86400273
vt 0.28378163 -0.40105425
vt 0.28452306 0.59839626
vt 0.28464312 0.97658084
vt 0.28496065 0.91141223
vt 0.28507348 -0.37096100
vt 0.28523931 0.49159006
vt 0.28570255 0.13780241
vt 0.28577839 -2.0477322e-2
vt 0.28627587 -0.75851100
vt 0.28634106 0.65530804
vt 0.28637935 0.99854156
vt 0.28693161 0.75967824
vt 0.28731587 -3.7005163e-2
vt 0.28775702 0.80216959
vt 0.28848448 0.73250572
vt 0.28883865 -0.14893029
vt 0.29054953 0.82358161
vt 0.29105702 -0.19726663
vt 0.29113614 0.29297266
vt 0.29117604 0.56924105
vt 0.29146154 -0.17462277
vt 0.29190906 1.25292813
vt 0.29222154 0.92237713
vt 0.29254645 1.42028503
vt 0.29323122 1.32736384
vt 0.29323489 1.29284221
vt 0.29333052 1.02494518
vt 0.29349690 0.29083174
vt 0.29354960 0.45696971
vt 0.29373130 1.22936713
vt 0.29374229 1.13976307
vt 0.29381617 1.12804152
vt 0.29410787 0.65387455
vt 0.29466796 -0.11623401
vt 0.29499083 1.51601356
vt 0.29520235 0.91229185
vt 0.29602268 0.43564974
vt 0.29632793 1.33199521
vt 0.29884511 0.58978560
vt 0.29945572 0.20975253
vt 0.29974910 1.40013365
vt 0.29998511 0.87147236
vt 0.30016853 0.18324678
vt 0.30101545 0.68126096
vt 0.30139254 0.35398429
vt 0.30156774 -0.25295647
vt 0.30191531 0.74895125
vt 0.30246666 1.13027217
vt 0.30281276 -1.07012998
vt 0.30359106 0.50702008
vt 0.30425586 -0.63779013
vt 0.30518298 0.90922618
vt 0.30530763 -0.35260515
vt 0.30545445 0.76369019
vt 0.30579788 -0.35884190
vt 0.30603310 0.66503425
vt 0.30610706 -8.5650613e-2
vt 0.30791616 0.77777639
vt 0.30791616 0.74497688
vt 0.30856865 1.06602674
vt 0.30867675 0.82417210
vt 0.30877181 0.13759141
vt 0.30921675 0.53778071
vt 0.31146023 0.98002952
vt 0.31159577 1.28233150
vt 0.31195573 1.21390540
vt 0.31299374 -4.0088788e-2
vt 0.31360348 0.45862764
vt 0.31428397 1.12734209
vt 0.31436591 0.30838678
vt 0.31477047 1.07246924
vt 0.31520587 1.34710122
vt 0.31611640 -0.91471942
vt 0.31667825 -1.4861122e-2
vt 0.31675924 1.00038700
vt 0.31693347 -0.48242972
vt 0.31701736 1.26041923
vt 0.31708586 0.14416975
vt 0.31713571 -2.6771109e-2
vt 0.31767221 -0.24876153
vt 0.31785057 -3.7581162e-2
vt 0.31796550 -0.53710221
vt 0.31809409 1.45724307
vt 0.31933601 0.21279226
vt 0.31945898 1.37096024
vt 0.32044814 -0.25520932
vt 0.32049420 0.92164655
vt 0.32085830 -0.65359919
vt 0.32105595 1.20556874
vt 0.32130293 -0.30755083
vt 0.32137871 1.45077317
vt 0.32178759 1.25235915
vt 0.32191763 -0.41526793
vt 0.32198106 0.53694344
vt 0.32344063 1.08743020
vt 0.32416698 0.29024121
vt 0.32503141 -0.11667997
vt 0.32547930 1.02266518
vt 0.32555098 1.04642829
vt 0.32567398 0.29290289
vt 0.32652701 0.32255205
vt 0.32686891 -0.20363907
vt 0.32691271 0.64145407
vt 0.32693742 -0.83028340
vt 0.32738400 0.43500845
vt 0.32823579 -0.49186107
vt 0.32965162 0.48525286
vt 0.32994950 0.20931606
vt 0.33002645 -0.29295034
vt 0.33100400 0.58909890
vt 0.33175603 0.69771349
vt 0.33254445 0.35344599
vt 0.33301927 6.5318027e-2
vt 0.33457021 1.35524565
vt 0.33491503 0.74820862
vt 0.33552097 0.50648541
vt 0.33879512 0.66441000
vt 0.33899492 0.90843731
vt 0.34156724 1.14001129
vt 0.34219517 1.43632107
vt 0.34226709 0.82350841
vt 0.34286435 1.19843455
vt 0.34309500 1.06518512
vt 0.34408116 0.77563717
vt 0.34428714 -0.29850504
vt 0.34510501 -0.69612245
vt 0.34581678 0.97932353
vt 0.34704208 1.21302027
vt 0.34710658 0.13014322
vt 0.34731430 -0.17471194
vt 0.34815136 -0.24038388
vt 0.34850250 1.20213337
vt 0.34917883 0.82166656
vt 0.34928352 1.12656408
vt 0.34981365 -0.40530884
vt 0.35029750 1.15459454
vt 0.35065343 1.34616981
vt 0.35101638 0.94210259
vt 0.35250918 1.25961762
vt 0.35309957 0.31323950
vt 0.35367591 1.45626319
vt 0.35392174 1.09582208
vt 0.35483453 -0.15332751
vt 0.35499283 -6.8090933e-2
vt 0.35526159 1.37009260
vt 0.35575968 -3.3019210e-2
vt 0.35577912 0.15022811
vt 0.35637265 -0.98578122
vt 0.35682283 -0.22540912
vt 0.35729859 1.44985538
vt 0.35883707 0.69450073
vt 0.36365862 -0.59655663
vt 0.36386785 0.59507890
vt 0.36386785 0.66952876
vt 0.36463134 0.97796061
vt 0.36507527 -0.57293774
vt 0.36537441 -0.45927430
vt 0.36541871 -0.41091375
vt 0.36549351 0.93269717
vt 0.36628622 1.19966678
vt 0.36691032 0.58039225
vt 0.36702041 -0.42247280
vt 0.36842472 1.11851015
vt 0.36872228 0.54858468
vt 0.36954475 -0.23027357
vt 0.36969254 0.21550839
vt 0.36972497 0.34877481
vt 0.37350161 0.51008946
vt 0.37358290 0.46658760
vt 0.37529028 -0.48496294
vt 0.37551098 -0.99961852
vt 0.37673978 -2.6085760e-2
vt 0.37738907 0.73964517
vt 0.37886880 0.18600240
vt 0.37998927 -0.28359135
vt 0.38031485 0.20778687
vt 0.38054452 1.04431191
vt 0.38410189 1.27005284
vt 0.38521398 -0.15148218
vt 0.38663296 -6.4353795e-2
vt 0.38677988 0.29033873
vt 0.38698573 -0.55484450
vt 0.38781189 1.24811692
vt 0.39110188 -0.79705761
vt 0.39130552 -0.75411369
vt 0.39327590 0.12171346
vt 0.39350596 5.6515968e-2
vt 0.39360927 -0.34309072
vt 0.39399552 -0.40298564
vt 0.39399552 1.19516906
vt 0.39657899 0.88092373
vt 0.39960452 0.54116636
vt 0.39960452 0.61561621
vt 0.39970997 0.31893488
vt 0.40011285 0.79419359
vt 0.40221911 -3.9935861e-2
vt 0.40231143 0.15734636
vt 0.40469344 -9.5962757e-2
vt 0.40806565 -0.20061541
vt 0.41110703 -0.65784622
vt 0.41142885 0.92490877
vt 0.41198574 1.03574829
vt 0.41414779 -7.1732280e-2
vt 0.41455329 2.2693378e-2
vt 0.41552682 -0.50234358
vt 0.41725068 0.89757671
vt 0.41760457 0.62415133
vt 0.41856407 0.84460612
vt 0.42008065 -0.25657495
vt 0.42034418 0.37554935
vt 0.42069308 -0.38614493
vt 0.42099962 0.11599070
vt 0.42124961 0.33029031
vt 0.42479467 0.53525948
vt 0.42694023 -0.47131159
vt 0.42843621 0.78180339
vt 0.42873217 0.66836187
vt 0.43430003 1.51196166
vt 0.43655965 0.56924105
vt 0.43906581 -0.81423595
vt 0.44034438 0.11265680
vt 0.44112568 0.80076945
vt 0.44160595 -0.71312772
vt 0.44246734 -0.41611540
vt 0.44336405 1.3672446e-2
vt 0.44505501 0.19583968
vt 0.44705385 -0.38870548
vt 0.44726291 0.11088524
vt 0.44752603 0.94002232
vt 0.45146221 -1.01090312
vt 0.45308601 0.55111229
vt 0.45417524 0.32611474
vt 0.45634907 -4.9002459e-2
vt 0.45667175 0.16634070
vt 0.45869168 -8.6117490e-2
vt 0.45909328 0.53213697
vt 0.46061518 -0.12478383
vt 0.46070964 0.20626531
vt 0.46305225 1.09361707
vt 0.46574902 0.87615284
vt 0.46661432 0.85638612
vt 0.46758537 0.61168118
vt 0.46834315 0.67667807
vt 0.46866381 0.64527850
vt 0.46950046 -0.54633313
vt 0.46951378 0.44881150
vt 0.46965844 0.44455009
vt 0.47035285 0.79467801
vt 0.47197001 0.10488323
vt 0.47228608 1.02103814
vt 0.47229632 0.64145407
vt 0.47287521 0.87983799
vt 0.47336849 0.66733108
vt 0.47363450 0.90061767
vt 0.47647845 1.03724001
vt 0.47651897 -0.28373732
vt 0.47751719 0.40207884
vt 0.47805684 0.89897777
vt 0.48243660 0.56008501
vt 0.48248195 0.76987880
vt 0.48335425 0.57273699
vt 0.48402854 0.76196002
vt 0.48458245 0.82332538
vt 0.48670886 0.88318252
vt 0.48893182 0.91032714
vt 0.48925908 0.86361271
vt 0.48993541 1.05513290
vt 0.49044535 0.79458561
vt 0.49138894 0.61130546
vt 0.49164580 0.55702031
vt 0.49232089 1.02087585
vt 0.49301370 0.46997288
vt 0.49324334 0.45443186
vt 0.49369132 1.45925195
vt 0.49423721 0.91999824
vt 0.49560756 1.03724122
vt 0.49641920 0.20175120
vt 0.49660950 0.87938024
vt 0.49781717 0.47494717
vt 0.49819168 0.44960166
vt 0.50072027 0.89872572
vt 0.50258392 0.76179285
vt 0.50316722 1.06436705
vt 0.50325113 0.40256674
vt 0.50363837 -0.43426842
vt 0.50476896 1.05797403
vt 0.50532473 -0.28738181
vt 0.50533571 0.57229307
vt 0.50603184 0.73345231
vt 0.50696249 0.44620320
vt 0.50711519 1.22868524
vt 0.50778294 9.8458949e-2
vt 0.50827258 0.40174894
vt 0.51003609 0.93076315
vt 0.51184906 0.92316774
vt 0.51329410 0.40093161
vt 0.51439603 0.73288037
vt 0.51442353 0.81791431
vt 0.51531316 0.33483244
vt 0.51715364 -5.9412324e-2
vt 0.51751956 0.17691856
vt 0.51831413 0.40010515
vt 0.51894711 0.53788220
vt 0.51910193 -0.49317968
vt 0.51961352 0.64813912
vt 0.52073073 -0.84116232
vt 0.52145977 -0.15374076
vt 0.52155648 0.73665650
vt 0.52248162 0.78393186
vt 0.52298427 0.37905547
vt 0.52333424 0.39927917
vt 0.52443371 0.11857080
vt 0.52560034 0.70570051
vt 0.52654436 0.92958547
vt 0.52674666 -0.59039383
vt 0.52748057 0.54226113
vt 0.52812047 0.37901454
vt 0.52926281 0.45138823
vt 0.52926281 0.46484622
vt 0.53051833 0.11845425
vt 0.53083588 0.70579723
vt 0.53147846 0.71179751
vt 0.53186138 0.50553212
vt 0.53284402 0.41962276
vt 0.53325566 0.37897277
vt 0.53426260 0.81483890
vt 0.53604317 0.89975358
vt 0.53611718 0.70577194
vt 0.53628783 0.46731590
vt 0.53641823 0.74015286
vt 0.53658230 0.75889028
vt 0.53660175 0.11833672
vt 0.53689443 0.79453804
vt 0.53788664 0.45567056
vt 0.53795367 -0.31105306
vt 0.53806552 0.50557734
vt 0.53839080 0.37892461
vt 0.53887278 1.02047433
vt 0.53901728 1.03697730
vt 0.53924060 1.06248141
vt 0.53932187 1.07176317
vt 0.53936048 0.42949228
vt 0.54021236 0.32716685
vt 0.54021236 0.47600329
vt 0.54021236 0.51258869
vt 0.54021236 0.36375226
vt 0.54078052 0.78089897
vt 0.54114584 0.45138823
vt 0.54114584 0.46484622
vt 0.54114584 0.45469633
vt 0.54114584 0.45800443
vt 0.54114584 0.46815432
vt 0.54114584 0.47146242
vt 0.54139812 0.70570474
vt 0.54214834 0.88057975
vt 0.54268502 0.11821162
vt 0.54295784 0.86629749
vt 0.54325189 0.41962276
vt 0.54339180 0.47668092
vt 0.54352693 0.37887559
vt 0.54373575 0.41649192
vt 0.54373575 0.25482083
vt 0.54432226 0.50547739
vt 0.54463774 0.58571657
vt 0.54495793 0.36375226
vt 0.54495793 0.51258869
vt 0.54513450 0.54620655
vt 0.54557716 0.56840373
vt 0.54641933 0.61063363
vt 0.54663116 0.70551636
vt 0.54704385 0.41649192
vt 0.54704385 0.25482083
vt 0.54716314 0.46463050
vt 0.54716314 0.33405173
vt 0.54725166 0.44856659
vt 0.54726600 0.75018210
vt 0.54876945 0.11808548
vt 0.54915584 0.59986250
vt 0.54960008 0.46943867
vt 0.54970349 0.36375226
vt 0.54970349 0.51258869
vt 0.55035196 0.41649192
vt 0.55035196 0.25482083
vt 0.55047124 0.46463050
vt 0.55047124 0.33405173
vt 0.55048180 1.04247575
vt 0.55057802 0.50532781
vt 0.55121647 0.73639679
vt 0.55168765 0.42382207
vt 0.55175699 0.87828770
vt 0.55214687 0.89783784
vt 0.55274940 0.92805113
vt 0.55296868 0.93904671
vt 0.55330105 0.47864336
vt 0.55349180 0.46031299
vt 0.55366006 0.25482083
vt 0.55366006 0.41649192
vt 0.55377934 0.33405173
vt 0.55377934 0.46463050
vt 0.55444906 0.36375226
vt 0.55444906 0.51258869
vt 0.55476295 0.25966072
vt 0.55476295 0.40849715
vt 0.55502839 0.75294368
vt 0.55503714 0.47827973
vt 0.55521020 -0.47362605
vt 0.55524251 0.72184417
vt 0.55606947 0.91927321
vt 0.55634162 0.31418162
vt 0.55677542 0.50503528
vt 0.55708744 0.33405173
vt 0.55708744 0.46463050
vt 0.55719374 0.41649192
vt 0.55719374 0.25482083
vt 0.55739413 1.05767704
vt 0.55819033 0.34255566
vt 0.55819033 0.45058329
vt 0.55830970 0.73249585
vt 0.55889700 0.45016540
vt 0.55919463 0.36375226
vt 0.55919463 0.51258869
vt 0.55950852 0.25966072
vt 0.55950852 0.40849715
vt 0.55951823 0.36375226
vt 0.55951823 0.51258869
vt 0.55951823 0.32716685
vt 0.55951823 0.47600329
vt 0.56038930 0.72117503
vt 0.56050185 0.41649192
vt 0.56050185 0.25482083
vt 0.56062113 0.46463050
vt 0.56062113 0.33405173
vt 0.56209553 0.42382207
vt 0.56242673 0.48253508
vt 0.56261710 0.54156042
vt 0.56269649 0.45661202
vt 0.56380995 0.41649192
vt 0.56380995 0.25482083
vt 0.56392923 0.46463050
vt 0.56392923 0.33405173
vt 0.56426380 0.51258869
vt 0.56426380 0.36375226
vt 0.56440216 0.47117576
vt 0.56558413 0.72036104
vt 0.56600097 0.45953042
vt 0.56674949 0.31418162
vt 0.56711805 0.25482083
vt 0.56711805 0.41649192
vt 0.56723733 0.33405173
vt 0.56723733 0.46463050
vt 0.56834106 0.59302346
vt 0.56836740 0.93562033
vt 0.56849845 0.59412634
vt 0.56900937 0.36375226
vt 0.56900937 0.51258869
vt 0.56975588 0.99437771
vt 0.56991327 1.09347382
vt 0.57028219 1.03924770
vt 0.57054543 0.33405173
vt 0.57054543 0.46463050
vt 0.57062628 0.76119706
vt 0.57076736 0.71947616
vt 0.57096918 0.53684475
vt 0.57110130 0.75406430
vt 0.57163142 0.47883410
vt 0.57175945 0.60727107
vt 0.57182217 0.46050373
vt 0.57268717 1.07306436
vt 0.57322293 8.4620834e-2
vt 0.57362802 1.05737109
vt 0.57375493 0.36375226
vt 0.57375493 0.51258869
vt 0.57406882 0.25966072
vt 0.57406882 0.40849715
vt 0.57409368 0.77234415
vt 0.57518525 0.31838093
vt 0.57534146 1.06373507
vt 0.57552314 0.46970842
vt 0.57585164 1.05494555
vt 0.57585887 0.71846931
vt 0.57591933 0.56830262
vt 0.57749621 0.34255566
vt 0.57749621 0.45058329
vt 0.57760525 0.45138823
vt 0.57760525 0.46484622
vt 0.57850050 0.36375226
vt 0.57850050 0.51258869
vt 0.57881439 0.25966072
vt 0.57881439 0.40849715
vt 0.57990362 0.80783594
vt 0.58144454 0.34441692
vt 0.58242497 1.03648103
vt 0.58290427 -7.1252681e-2
vt 0.58333723 0.79377223
vt 0.58340791 0.18851754
vt 0.58509279 -0.18392632
vt 0.58542456 1.02006062
vt 0.58559312 0.31838093
vt 0.58587616 0.91475851
vt 0.58594169 0.57068559
vt 0.58597796 0.74787729
vt 0.58646243 0.93654336
vt 0.58791022 1.07451547
vt 0.58840954 1.05427064
vt 0.58918175 0.76103928
vt 0.58948828 0.45469633
vt 0.58948828 0.45800443
vt 0.58948828 0.46815432
vt 0.58948828 0.47146242
vt 0.58948828 0.45138823
vt 0.58948828 0.46484622
vt 0.59245465 0.74278480
vt 0.59342252 0.92154097
vt 0.59511074 0.89731708
vt 0.59517818 -0.62816548
vt 0.59553687 0.92905806
vt 0.59617004 -1.06286051
vt 0.59627439 1.07402005
vt 0.59687356 0.57492881
vt 0.60143275 0.60911093
vt 0.60155112 1.03614485
vt 0.60221230 -0.33955735
vt 0.60342827 0.79351278
vt 0.60356799 0.89667469
vt 0.60396488 1.09358465
vt 0.60444422 0.45708688
vt 0.60470214 1.19875542
vt 0.60545914 1.01987205
vt 0.60546794 0.97889145
vt 0.60675799 0.61795531
vt 0.60690420 0.87718070
vt 0.60704174 0.92114205
vt 0.60734013 0.25670288
vt 0.60734013 0.24953065
vt 0.60792337 0.57025279
vt 0.60797561 0.86164710
vt 0.60803200 0.48036077
vt 0.60818136 0.74403634
vt 0.60839575 0.76983048
vt 0.61015095 0.61148290
vt 0.61027411 0.64977324
vt 0.61027411 0.65694547
vt 0.61063379 0.45695618
vt 0.61063379 0.47005048
vt 0.61089400 0.91767182
vt 0.61214364 -0.68392089
vt 0.61335525 1.13014821
vt 0.61386638 0.25665504
vt 0.61386638 0.24948281
vt 0.61511634 1.21342999
vt 0.61585813 1.07591410
vt 0.61656202 1.03177486
vt 0.61680036 0.64972540
vt 0.61680036 0.65689763
vt 0.61776489 0.90451418
vt 0.61910220 0.94974580
vt 0.61930564 1.04853504
vt 0.61984041 0.71490678
vt 0.62000881 0.60027342
vt 0.62022215 0.54597294
vt 0.62061786 0.83208192
vt 0.62226217 0.49484874
vt 0.62357433 1.07461162
vt 0.62372168 0.62439120
vt 0.62523237 0.60853732
vt 0.62539529 0.79992064
vt 0.62622344 0.89602297
vt 0.62670658 0.76687041
vt 0.62693649 0.55305891
vt 0.62767094 1.09369814
vt 0.62808508 1.19863681
vt 0.62834589 0.61795819
vt 0.62931472 0.97925298
vt 0.62974893 0.74386652
vt 0.62999112 0.25653684
vt 0.62999112 0.24936460
vt 0.62999746 0.48059236
vt 0.63063787 0.87669182
vt 0.63078033 0.86180372
vt 0.63292510 0.64960720
vt 0.63292510 0.65677943
vt 0.63468205 -0.68402504
vt 0.63595380 1.13022122
vt 0.63651737 0.25648900
vt 0.63651737 0.24931676
vt 0.63665013 0.58378821
vt 0.63707003 1.21352118
vt 0.63744702 1.07622646
vt 0.63945135 0.64955936
vt 0.63945135 0.65673159
vt 0.64068108 0.95022834
vt 0.64205384 7.0167296e-2
vt 0.64330886 0.56287586
vt 0.64341927 0.83225908
vt 0.64367345 0.71489496
vt 0.64371303 0.60050525
vt 0.64386756 0.52033033
vt 0.64517945 0.79650980
vt 0.64565406 0.49530572
vt 0.64736347 0.46006250
vt 0.64896228 0.47170783
vt 0.64966241 0.52238823
vt 0.65103157 0.35464215
vt 0.65192742 -0.62848122
vt 0.65217204 -8.3716377e-2
vt 0.65272364 0.20083117
vt 0.65316048 1.07425763
vt 0.65446744 0.45069747
vt 0.65558581 0.52431897
vt 0.65595147 1.26952930
vt 0.65609646 0.46362430
vt 0.65702206 1.12520048
vt 0.65734626 1.06314891
vt 0.65805518 0.98825003
vt 0.65832730 0.47881181
vt 0.65900702 0.86583817
vt 0.65979743 0.45441961
vt 0.65990310 0.75340170
vt 0.65998818 0.47274998
vt 0.66076124 0.64630230
vt 0.66153503 0.52616860
vt 0.66155738 0.54608532
vt 0.66234314 0.56433279
vt 0.66253553 1.04075555
vt 0.66280899 1.02410122
vt 0.66319586 0.31415449
vt 0.66611278 0.44909867
vt 0.66705109 0.78348743
vt 0.66745289 0.52784016
vt 0.66853076 -1.09828649
vt 0.66892311 0.45052789
vt 0.66919287 0.47645095
vt 0.66997264 0.47721300
vt 0.67131205 1.05691964
vt 0.67191846 0.56243363
vt 0.67422611 0.59955874
vt 0.67502887 0.45695618
vt 0.67502887 0.47005048
vt 0.67547780 0.45620264
vt 0.67601624 0.64046761
vt 0.67707661 0.46784798
vt 0.67741852 1.30167297
vt 0.67812780 0.45422886
vt 0.67831855 0.47255923
vt 0.67902951 1.26970048
vt 0.67907947 1.06977496
vt 0.67970981 0.96936173
vt 0.68006446 1.12536743
vt 0.68037396 0.86226633
vt 0.68090059 1.03745926
vt 0.68099456 0.98841337
vt 0.68107572 0.74982640
vt 0.68178428 0.86600067
vt 0.68186330 0.62740358
vt 0.68201952 0.46335454
vt 0.68248439 0.75356122
vt 0.68260516 1.02084739
vt 0.68277613 0.49043520
vt 0.68314483 0.64646122
vt 0.68375632 0.34608439
vt 0.68376281 0.54624050
vt 0.68536601 0.31430774
vt 0.69211386 -0.47411238
vt 0.69315782 0.91957160
vt 0.69515382 0.60626824
vt 0.69874204 0.64749244
vt 0.69958548 1.30183513
vt 0.70128199 1.06993568
vt 0.70209155 0.96952116
vt 0.70295490 0.86242790
vt 0.70326816 0.47798289
vt 0.70364266 0.45263738
vt 0.70385414 0.74998769
vt 0.70480506 0.62756629
vt 0.70482349 0.68227865
vt 0.70521149 0.90597278
vt 0.70521149 0.81318628
vt 0.70527455 1.39178260
vt 0.70582173 0.49059571
vt 0.70683787 0.34624112
vt 0.70684925 0.69354042
vt 0.70684925 0.70869969
vt 0.70794948 0.47343789
vt 0.70818766 0.45731870
vt 0.70835018 1.29876821
vt 0.71108695 1.20089921
vt 0.71135999 0.47424334
vt 0.71167622 0.48569369
vt 0.71214924 0.50315110
vt 0.71282479 0.53063676
vt 0.71327022 1.09970743
vt 0.71358306 0.69512087
vt 0.71358306 0.71028015
vt 0.71366136 0.57076085
vt 0.71433183 0.70817649
vt 0.71438418 0.78852810
vt 0.71438418 0.81382906
vt 0.71438418 0.83192027
vt 0.71438418 0.85722123
vt 0.71454517 0.62757334
vt 0.71477612 0.99675724
vt 0.71530101 0.70467079
vt 0.71556906 0.89431669
vt 0.71570190 0.79564674
vt 0.71646511 0.43430097
vt 0.71664194 0.43902545
vt 0.71664194 0.44525629
vt 0.71664194 0.45514639
vt 0.71664194 0.46137724
vt 0.71669475 0.44984199
vt 0.71696607 0.90597278
vt 0.71696607 0.81318628
vt 0.72125561 0.43441178
vt 0.72125561 0.44064263
vt 0.72125561 0.45976006
vt 0.72125561 0.46599091
vt 0.72126858 0.42932668
vt 0.72164309 0.45467219
vt 0.72419721 0.66963844
vt 0.72419721 0.70605222
vt 0.72419721 0.74246600
vt 0.72419721 0.77887977
vt 0.72514321 1.39246952
vt 0.72836716 1.29940834
vt 0.72872064 0.81318628
vt 0.72872064 0.90597278
vt 0.72910392 0.69601856
vt 0.72910392 0.71117783
vt 0.73153393 1.20145800
vt 0.73316602 0.78406056
vt 0.73316602 0.80936152
vt 0.73316602 0.83638781
vt 0.73316602 0.86168877
vt 0.73317546 0.70397718
vt 0.73437628 1.10016711
vt 0.73574586 0.20908181
vt 0.73574586 0.19392254
vt 0.73597504 0.69522498
vt 0.73597504 0.71038425
vt 0.73669654 0.99709024
vt 0.73695502 0.91487991
vt 0.73695502 0.83656810
vt 0.73780473 0.88698973
vt 0.73780473 0.91229070
vt 0.73780473 0.73345863
vt 0.73780473 0.75875959
vt 0.73782942 0.81361763
vt 0.73810139 0.47350997
vt 0.73837951 0.89452497
vt 0.73839024 0.48503127
vt 0.73874212 0.50258620
vt 0.73913533 0.53019024
vt 0.73939723 0.79571657
vt 0.73950368 0.57044535
vt 0.73977116 0.62738676
vt 0.73981219 0.70461548
vt 0.74047522 0.81318628
vt 0.74047522 0.90597278
vt 0.74228923 -0.28806996
vt 0.74261698 0.20828823
vt 0.74261698 0.19312896
vt 0.74297651 0.73381778
vt 0.74687589 0.91487991
vt 0.74687589 0.83656810
vt 0.75222980 0.90597278
vt 0.75222980 0.81318628
vt 0.75620515 0.79095764
vt 0.75620515 0.82737142
vt 0.75620515 0.86378520
vt 0.75620515 0.90019898
vt 0.75658658 0.88252220
vt 0.75658658 0.90782316
vt 0.75658658 0.73792617
vt 0.75658658 0.76322713
vt 0.75667306 0.80941832
vt 0.75673782 0.57019300
vt 0.75673782 0.61994915
vt 0.75673782 0.71946144
vt 0.75673782 0.74433952
vt 0.75673782 0.86872988
vt 0.75673782 0.89360796
vt 0.75673782 0.91848603
vt 0.75679675 0.91487991
vt 0.75679675 0.83656810
vt 0.75813784 0.20918592
vt 0.75813784 0.19402664
vt 0.76045860 0.15522053
vt 0.76398437 0.90597278
vt 0.76398437 0.81318628
vt 0.76487165 0.21076637
vt 0.76487165 0.19560710
vt 0.76620094 0.15705411
vt 0.76671761 0.91487991
vt 0.76671761 0.83656810
vt 0.76766770 0.54340064
vt 0.76782509 0.64249675
vt 0.76908252 1.04274812
vt 0.76923991 1.04385100
vt 0.77098162 0.49386230
vt 0.77098162 0.54361844
vt 0.77098162 0.56849652
vt 0.77098162 0.59337459
vt 0.77098162 0.59507107
vt 0.77098162 0.64482722
vt 0.77098162 0.66800881
vt 0.77098162 0.66970529
vt 0.77098162 0.69288689
vt 0.77098162 0.69458337
vt 0.77098162 0.71776496
vt 0.77098162 0.74264304
vt 0.77098162 0.76921759
vt 0.77098162 0.79409566
vt 0.77098162 0.81897374
vt 0.77098162 0.84385181
vt 0.77194309 0.15888824
vt 0.77573895 0.90597278
vt 0.77573895 0.81318628
vt 0.77663847 0.91487991
vt 0.77663847 0.83656810
vt 0.77768858 0.16071191
vt 0.78087294 0.66963844
vt 0.78087294 0.70605222
vt 0.78087294 0.74246600
vt 0.78087294 0.77887977
vt 0.78119341 0.45308501
vt 0.78119341 0.46617932
vt 0.78343389 0.16253613
vt 0.78655934 0.91487991
vt 0.78655934 0.83656810
vt 0.78749352 0.90597278
vt 0.78749352 0.81318628
vt 0.78894753 0.81777667
vt 0.78894753 0.85419045
vt 0.78894753 0.89060422
vt 0.78894753 0.92701800
vt 0.78921608 -8.6923522e-2
vt 0.78966064 0.53249253
vt 0.79008217 -1.01419899
vt 0.79451022 0.46898422
vt 0.79451022 0.51874037
vt 0.79451022 0.61825267
vt 0.79451022 0.64313074
vt 0.79451022 0.76752111
vt 0.79451022 0.79239918
vt 0.79451022 0.81727726
vt 0.79642618 0.81777667
vt 0.79642618 0.85419045
vt 0.79642618 0.89060422
vt 0.79642618 0.92701800
vt 0.79648020 0.91487991
vt 0.79648020 0.83656810
vt 0.79924810 0.90597278
vt 0.79924810 0.81318628
vt 0.80450077 0.66963844
vt 0.80450077 0.70605222
vt 0.80450077 0.74246600
vt 0.80450077 0.77887977
vt 0.80640106 0.91487991
vt 0.80640106 0.83656810
vt 0.81588753 0.68227865
vt 0.81588753 0.78348743
vt 0.81632192 0.91487991
vt 0.81632192 0.83656810
vt 0.82722430 0.11509483
vt 0.82726578 0.33063504
vt 0.82916856 0.86378520
vt 0.82916856 0.90019898
vt 0.82916856 0.79095764
vt 0.82916856 0.82737142
vt 0.83457924 0.39984854
vt 0.83680732 -0.42118120
vt 0.84558849 0.45308501
vt 0.84558849 0.46617932
vt 0.85224453 0.43230355
vt 0.85224453 0.45885776
vt 0.85224453 0.48541198
vt 0.85224453 0.51453755
vt 0.85224453 0.53941562
vt 0.85224453 0.54033118
vt 0.85224453 0.56429370
vt 0.85224453 0.56688540
vt 0.85224453 0.58917177
vt 0.85224453 0.59343961
vt 0.85224453 0.61574633
vt 0.85224453 0.64062440
vt 0.85224453 0.66550247
vt 0.85224453 0.69038055
vt 0.85342287 0.39564923
vt 0.85807684 0.50528967
vt 0.86117650 0.66963844
vt 0.86117650 0.70605222
vt 0.86117650 0.74246600
vt 0.86117650 0.77887977
vt 0.86659646 -1.00775741
vt 0.86891716 0.64527850
vt 0.87155041 0.43230355
vt 0.87155041 0.45885776
vt 0.87155041 0.48541198
vt 0.87155041 0.51453755
vt 0.87155041 0.53941562
vt 0.87155041 0.54033118
vt 0.87155041 0.56429370
vt 0.87155041 0.56688540
vt 0.87155041 0.58917177
vt 0.87155041 0.59343961
vt 0.87155041 0.61574633
vt 0.87155041 0.64062440
vt 0.87155041 0.66550247
vt 0.87155041 0.69038055
vt 0.87214292 0.76496163
vt 0.87306282 0.18970444
vt 0.87667765 1.22440649
vt 0.87692047 0.50109036
vt 0.88204565 0.49386230
vt 0.88204565 0.54361844
vt 0.88204565 0.56849652
vt 0.88204565 0.59337459
vt 0.88204565 0.66800881
vt 0.88204565 0.69288689
vt 0.88204565 0.71776496
vt 0.88204565 0.74264304
vt 0.90470746 1.45365644
vt 0.90557426 0.46898422
vt 0.90557426 0.51874037
vt 0.90557426 0.57019300
vt 0.90557426 0.61825267
vt 0.90557426 0.61994915
vt 0.90557426 0.64313074
vt 0.90557426 0.71946144
vt 0.90557426 0.74433952
vt 0.90557426 0.76752111
vt 0.90557426 0.79239918
vt 0.90557426 0.81727726
vt 0.90557426 0.86872988
vt 0.90557426 0.89360796
vt 0.90557426 0.91848603
vt 0.91169867 -0.43231404
vt 0.91901690 0.84460612
vt 0.91981805 0.59507107
vt 0.91981805 0.64482722
vt 0.91981805 0.66970529
vt 0.91981805 0.69458337
vt 0.91981805 0.76921759
vt 0.91981805 0.79409566
vt 0.91981805 0.81897374
vt 0.91981805 0.84385181
vt 0.91986687 0.64813912
vt 0.92671957 0.42629096
vt 0.92672902 0.44064263
vt 0.92672902 0.46599091
vt 0.92672902 0.43441178
vt 0.92672902 0.45976006
vt 0.92709407 0.45163647
vt 0.93140089 0.43083596
vt 0.93160546 0.43931456
vt 0.93160546 0.44554541
vt 0.93160546 0.45485728
vt 0.93160546 0.46108812
vt 0.93163907 0.44695514
vt 0.94534708 0.88826218
vt 0.94952164 0.20455059
vt 0.96732426 1.50249060
vt 0.96996661 0.44881150
vn -0.87182266 -0.48316214 -8.0495895e-2
vn 0.87182266 -0.48316214 -8.0495895e-2
vn -0.85514043 -0.45087265 -0.25582944
vn 0.85514043 -0.45087265 -0.25582944
vn -9.8751306e-17 -0.99229405 -0.12390528
vn -0.44145672 -0.89668662 -3.2696643e-2
vn 0.44145672 -0.89668662 -3.2696643e-2
vn -0.89064617 -0.44549474 -9.1015637e-2
vn -0.85819175 -0.46714955 -0.21278678
vn 0.89064617 -0.44549474 -9.1015637e-2
vn 2.1833603e-16 -0.82876273 -0.55960016
vn 0.85819175 -0.46714955 -0.21278678
vn -0.29356511 -0.95203033 -8.6358381e-2
vn -0.62056928 -0.75780325 -0.20156388
vn -0.76158979 -0.64450688 -6.7763446e-2
vn 0.29356511 -0.95203033 -8.6358381e-2
vn 0.76158979 -0.64450688 -6.7763446e-2
vn 0.62056928 -0.75780325 -0.20156388
vn 0.91485062 0.39333546 9.1299283e-2
vn -0.91457137 0.39400456 9.1211971e-2
vn -0.88347704 -0.36391034 -0.29502134
vn 0.88347704 -0.36391034 -0.29502134
vn 0.92180590 0.28550958 0.26221776
vn -0.92222116 0.28432078 0.26204929
vn 0.88360500 -0.40248598 -0.23926396
vn -0.70347232 -0.68950266 -0.17237393
vn 0.70347232 -0.68950266 -0.17237393
vn -2.9654705e-16 -0.94796157 -0.31838477
vn 0.90685018 0.34766691 0.23822358
vn -1.7514870e-15 -0.70719026 -0.70702329
vn -0.88360500 -0.40248598 -0.23926396
vn -0.90721815 0.34714637 0.23758077
vn -0.88412839 -0.45935696 -8.5487828e-2
vn -0.86059320 -0.47649104 -0.17982114
vn 0.89355179 -0.43841897 -9.6716095e-2
vn -0.76034624 -0.54680364 -0.35054155
vn 0.85613278 -0.45930027 -0.23681200
vn -0.38273203 -0.92091855 -7.3656102e-2
vn -0.79250670 -0.56396181 -0.23212110
vn -0.84071514 -0.53619994 -7.5416669e-2
vn 0.18941310 -0.97686390 -9.9295546e-2
vn 0.84071514 -0.53619994 -7.5416669e-2
vn 0.79250670 -0.56396181 -0.23212110
vn 0.87748346 0.47036230 9.3712797e-2
vn -0.87603909 -0.39543910 -0.27601348
vn 0.87603909 -0.39543910 -0.27601348
vn -0.89355179 -0.43841897 -9.6716095e-2
vn -0.85613278 -0.45930027 -0.23681200
vn 0.88412839 -0.45935696 -8.5487828e-2
vn 0.76034624 -0.54680364 -0.35054155
vn 0.86059320 -0.47649104 -0.17982114
vn -0.18941310 -0.97686390 -9.9295546e-2
vn -0.31149895 -0.93629509 -0.16223410
vn -0.61350460 -0.78783077 -5.4173620e-2
vn 0.38273203 -0.92091855 -7.3656102e-2
vn 0.61350460 -0.78783077 -5.4173620e-2
vn 0.31149895 -0.93629509 -0.16223410
vn -0.87706266 0.47115784 9.3655637e-2
vn -0.88241508 -0.34441448 -0.32050319
vn 0.88241508 -0.34441448 -0.32050319
vn 0.90701010 0.30272208 0.29273201
vn -0.90737661 0.30089338 0.29348060
vn -0.11773456 -0.99230406 -3.8356447e-2
vn 0.11773456 -0.99230406 -3.8356447e-2
vn 0.88524728 -0.39112671 -0.25170845
vn 0.88040140 -0.42879318 -0.20255811
vn 0.87595512 -0.42610566 -0.22613401
vn 0.88555426 -0.37967144 -0.26766256
vn -0.73367249 -0.66278728 -0.14979217
vn -0.81202983 -0.54939607 -0.19690485
vn -0.67083841 -0.71766064 -0.18691988
vn -0.51580733 -0.84614429 -0.13409938
vn 0.67083841 -0.71766064 -0.18691988
vn 0.81202983 -0.54939607 -0.19690485
vn 0.73367249 -0.66278728 -0.14979217
vn 0.51580733 -0.84614429 -0.13409938
vn -0.41099626 -0.87460846 -0.25718111
vn -3.3088726e-16 -0.90393888 -0.42766166
vn 0.41099626 -0.87460846 -0.25718111
vn 0.90828815 0.32574829 0.26248942
vn 0.87945172 0.40820728 0.24480911
vn 0.90459583 0.37501862 0.20265096
vn 0.78592432 -0.44948418 -0.42460209
vn 3.3522324e-16 -0.76450147 -0.64462198
vn -0.78592432 -0.44948418 -0.42460209
vn -2.7456435e-15 -0.62735512 -0.77873330
vn -0.87595512 -0.42610566 -0.22613401
vn -0.88040140 -0.42879318 -0.20255811
vn -0.88524728 -0.39112671 -0.25170845
vn -0.88555426 -0.37967144 -0.26766256
vn -0.88001499 0.40714044 0.24456141
vn -0.90896894 0.32445891 0.26172864
vn -0.90458149 0.37520374 0.20237215
vn -0.23449044 -0.97189661 -2.0765670e-2
vn -1.6039056e-16 -0.99812243 -6.1250410e-2
vn 0.23449044 -0.97189661 -2.0765670e-2
vn 0.88179782 -0.42014321 -0.21427154
vn 0.87431138 -0.44626727 -0.19085373
vn 0.87700102 -0.40862006 -0.25278222
vn 0.88698815 -0.36622956 -0.28129685
vn -0.82405318 -0.54104700 -0.16794195
vn -0.80119917 -0.55774006 -0.21680849
vn -0.44583987 -0.88329237 -0.14498757
vn -0.57157917 -0.81191857 -0.11868230
vn 0.80119917 -0.55774006 -0.21680849
vn 0.82405318 -0.54104700 -0.16794195
vn 0.57157917 -0.81191857 -0.11868230
vn 0.44583987 -0.88329237 -0.14498757
vn -0.67042488 -0.67631342 -0.30517311
vn 0.67042488 -0.67631342 -0.30517311
vn 4.3685337e-17 -0.97896827 -0.20401257
vn 0.88490613 0.37297951 0.27897569
vn 0.86960557 0.44776270 0.20807384
vn 0.78168803 -0.48703493 -0.38956488
vn -0.78168803 -0.48703493 -0.38956488
vn -0.79529908 -0.39691819 -0.45820882
vn 0.79529908 -0.39691819 -0.45820882
vn -0.87431138 -0.44626727 -0.19085373
vn -0.88179782 -0.42014321 -0.21427154
vn -0.88698815 -0.36622956 -0.28129685
vn -0.87700102 -0.40862006 -0.25278222
vn -0.88609621 0.37025723 0.27882446
vn -0.86958220 0.44787620 0.20792718
vn 5.2374527e-2 -0.99859889 -7.5609802e-3
vn -5.2374527e-2 -0.99859889 -7.5609802e-3
vn -0.87182266 -0.48316214 8.0495895e-2
vn 0.87182266 -0.48316214 8.0495895e-2
vn -0.85514043 -0.45087265 0.25582944
vn 0.85514043 -0.45087265 0.25582944
vn -2.1160994e-16 -0.99229405 0.12390528
vn -0.44145672 -0.89668662 3.2696643e-2
vn 0.44145672 -0.89668662 3.2696643e-2
vn -0.89064617 -0.44549474 9.1015637e-2
vn -0.85819175 -0.46714955 0.21278678
vn 0.89064617 -0.44549474 9.1015637e-2
vn -1.4555735e-16 -0.82876273 0.55960016
vn 0.85819175 -0.46714955 0.21278678
vn -0.29356511 -0.95203033 8.6358381e-2
vn -0.62056928 -0.75780325 0.20156388
vn -0.76158979 -0.64450688 6.7763446e-2
vn 0.29356511 -0.95203033 8.6358381e-2
vn 0.76158979 -0.64450688 6.7763446e-2
vn 0.62056928 -0.75780325 0.20156388
vn 0.91485062 0.39333546 -9.1299283e-2
vn -0.91457137 0.39400456 -9.1211971e-2
vn -0.88347704 -0.36391034 0.29502134
vn 0.88347704 -0.36391034 0.29502134
vn 0.92180590 0.28550958 -0.26221776
vn -0.92222116 0.28432078 -0.26204929
vn 0.88360500 -0.40248598 0.23926396
vn -0.70347232 -0.68950266 0.17237393
vn 0.70347232 -0.68950266 0.17237393
vn -1.5815843e-16 -0.94796157 0.31838477
vn 0.90685018 0.34766691 -0.23822358
vn -4.8445385e-16 -0.70719026 0.70702329
vn -0.88360500 -0.40248598 0.23926396
vn -0.90721815 0.34714637 -0.23758077
vn -0.88412839 -0.45935696 8.5487828e-2
vn -0.86059320 -0.47649104 0.17982114
vn 0.89355179 -0.43841897 9.6716095e-2
vn -0.76034624 -0.54680364 0.35054155
vn 0.85613278 -0.45930027 0.23681200
vn -0.38273203 -0.92091855 7.3656102e-2
vn -0.79250670 -0.56396181 0.23212110
vn -0.84071514 -0.53619994 7.5416669e-2
vn 0.18941310 -0.97686390 9.9295546e-2
vn 0.84071514 -0.53619994 7.5416669e-2
vn 0.79250670 -0.56396181 0.23212110
vn 0.87748346 0.47036230 -9.3712797e-2
vn -0.87603909 -0.39543910 0.27601348
vn 0.87603909 -0.39543910 0.27601348
vn -0.89355179 -0.43841897 9.6716095e-2
vn -0.85613278 -0.45930027 0.23681200
vn 0.88412839 -0.45935696 8.5487828e-2
vn 0.76034624 -0.54680364 0.35054155
vn 0.86059320 -0.47649104 0.17982114
vn -0.18941310 -0.97686390 9.9295546e-2
vn -0.31149895 -0.93629509 0.16223410
vn -0.61350460 -0.78783077 5.4173620e-2
vn 0.38273203 -0.92091855 7.3656102e-2
vn 0.61350460 -0.78783077 5.4173620e-2
vn 0.31149895 -0.93629509 0.16223410
vn -0.87706266 0.47115784 -9.3655637e-2
vn -0.88241508 -0.34441448 0.32050319
vn 0.88241508 -0.34441448 0.32050319
vn 0.90701010 0.30272208 -0.29273201
vn -0.90737661 0.30089338 -0.29348060
vn -0.11773456 -0.99230406 3.8356447e-2
vn 0.11773456 -0.99230406 3.8356447e-2
vn 0.88524728 -0.39112671 0.25170845
vn 0.88040140 -0.42879318 0.20255811
vn 0.87595512 -0.42610566 0.22613401
vn 0.88555426 -0.37967144 0.26766256
vn -0.73367249 -0.66278728 0.14979217
vn -0.81202983 -0.54939607 0.19690485
vn -0.67083841 -0.71766064 0.18691988
vn -0.51580733 -0.84614429 0.13409938
vn 0.67083841 -0.71766064 0.18691988
vn 0.81202983 -0.54939607 0.19690485
vn 0.73367249 -0.66278728 0.14979217
vn 0.51580733 -0.84614429 0.13409938
vn -0.41099626 -0.87460846 0.25718111
vn -1.6544363e-16 -0.90393888 0.42766166
vn 0.41099626 -0.87460846 0.25718111
vn 0.90828815 0.32574829 -0.26248942
vn 0.87945172 0.40820728 -0.24480911
vn 0.90459583 0.37501862 -0.20265096
vn 0.78592432 -0.44948418 0.42460209
vn -2.2348216e-16 -0.76450147 0.64462198
vn -0.78592432 -0.44948418 0.42460209
vn -5.4139449e-16 -0.62735512 0.77873330
vn -0.87595512 -0.42610566 0.22613401
vn -0.88040140 -0.42879318 0.20255811
vn -0.88524728 -0.39112671 0.25170845
vn -0.88555426 -0.37967144 0.26766256
vn -0.88001499 0.40714044 -0.24456141
vn -0.90896894 0.32445891 -0.26172864
vn -0.90458149 0.37520374 -0.20237215
vn -0.23449044 -0.97189661 2.0765670e-2
vn -1.5969579e-16 -0.99812243 6.1250410e-2
vn 0.23449044 -0.97189661 2.0765670e-2
vn 0.88179782 -0.42014321 0.21427154
vn 0.87431138 -0.44626727 0.19085373
vn 0.87700102 -0.40862006 0.25278222
vn 0.88698815 -0.36622956 0.28129685
vn -0.82405318 -0.54104700 0.16794195
vn -0.80119917 -0.55774006 0.21680849
vn -0.44583987 -0.88329237 0.14498757
vn -0.57157917 -0.81191857 0.11868230
vn 0.80119917 -0.55774006 0.21680849
vn 0.82405318 -0.54104700 0.16794195
vn 0.57157917 -0.81191857 0.11868230
vn 0.44583987 -0.88329237 0.14498757
vn -0.67042488 -0.67631342 0.30517311
vn 0.67042488 -0.67631342 0.30517311
vn -8.7370674e-17 -0.97896827 0.20401257
vn 0.88490613 0.37297951 -0.27897569
vn 0.86960557 0.44776270 -0.20807384
vn 0.78168803 -0.48703493 0.38956488
vn -0.78168803 -0.48703493 0.38956488
vn -0.79529908 -0.39691819 0.45820882
vn 0.79529908 -0.39691819 0.45820882
vn -0.87431138 -0.44626727 0.19085373
vn -0.88179782 -0.42014321 0.21427154
vn -0.88698815 -0.36622956 0.28129685
vn -0.87700102 -0.40862006 0.25278222
vn -0.88609621 0.37025723 -0.27882446
vn -0.86958220 0.44787620 -0.20792718
vn 5.2374527e-2 -0.99859889 7.5609802e-3
vn -5.2374527e-2 -0.99859889 7.5609802e-3
vn 0.74662068 -0.23197452 -0.62349449
vn 0.38258769 -0.81723420 -0.43099294
vn 0.15085581 -0.85273388 -0.50008746
vn -7.4354365e-2 -0.80833401 -0.58400989
vn -0.22837151 -0.21298390 -0.94999174
vn 5.4239497e-2 0.44218308 -0.89528331
vn 0.28752847 0.47634587 -0.83091636
vn 0.51118156 0.43328289 -0.74226636
vn 0.71348891 9.9277481e-2 0.69359755
vn 0.90456966 1.3050288e-2 0.42612606
vn 0.52790528 -0.72210648 0.44707744
vn 0.30019493 -0.77205246 0.56019461
vn -0.10196872 -0.96325665 0.24847336
vn -0.12009533 -0.94518304 0.30365462
vn -0.71555069 -0.69788680 3.0679278e-2
vn -0.60374705 -0.75444574 0.25749006
vn -0.97766977 4.9712011e-2 -0.20418259
vn -0.98324054 0.13232589 0.12541094
vn -0.56615233 0.75494464 -0.33095337
vn -0.43488184 0.88769196 -0.15126391
vn 9.6612456e-2 0.96785543 -0.23221088
vn 7.8011421e-2 0.98131545 -0.17588123
vn 0.67730365 0.73072495 8.5444793e-2
vn 0.46906014 0.87008524 0.15144064
vn 0.65253443 0.11916931 0.74832980
vn 0.90294093 1.4066174e-2 0.42953443
vn 0.13567628 -0.88117117 0.45291204
vn 8.5487555e-2 -0.95382264 0.28794835
vn -9.9748717e-2 -0.96520280 0.24173073
vn -8.1468845e-2 -0.97910278 0.18633455
vn -0.41174278 -0.87050870 0.26959691
vn -0.27494078 -0.94680232 0.16725111
vn -0.96686839 0.15071157 0.20603769
vn -0.97838679 5.0710139e-2 -0.20046890
vn -0.22382998 0.95685818 -0.18526351
vn -7.9980857e-2 0.94909470 -0.30466755
vn 9.8840042e-2 0.96598297 -0.23897185
vn 0.11678074 0.94878469 -0.29354704
vn 0.32358908 0.94619570 -1.9483840e-3
vn 0.28044748 0.94207438 -0.18397031
vn 0.98107977 -0.13534545 -0.13843446
vn 0.98553446 -6.2093422e-2 0.15769029
vn 7.1918484e-2 -0.97880126 0.19177022
vn 5.9163101e-2 -0.96707310 0.24752648
vn -7.7882190e-2 -0.98139564 0.17549065
vn -8.7541780e-2 -0.97489925 0.20471416
vn -0.20709121 -0.97336679 9.8337782e-2
vn -0.23007090 -0.96143948 0.15067021
vn -0.70403070 -0.10252335 -0.70273020
vn -0.88328838 -2.5693024e-2 -0.46812551
vn -1.1664599e-2 0.92706848 -0.37471052
vn -3.3980414e-2 0.94545174 -0.32398508
vn 0.12021875 0.94504631 -0.30403112
vn 0.11089878 0.95484539 -0.27562971
vn 0.26734509 0.92163401 -0.28127808
vn 0.25525359 0.93981812 -0.22712881
vn 0.36888121 -9.5603689e-3 -0.92942738
vn 0.12100137 -0.65523459 -0.74567171
vn -0.11723339 -0.69552958 -0.70886877
vn -0.35463208 -0.65441467 -0.66781549
vn -0.64599342 -7.8108777e-3 -0.76330302
vn -0.35457656 0.64059254 -0.68111428
vn -0.11717438 0.68083533 -0.72300306
vn 0.12105689 0.63977261 -0.75897051
vn 0.95518665 2.9986408e-3 0.29598898
vn 0.99916021 -4.6358659e-4 -4.0971440e-2
vn 0.65735327 -0.75273428 -3.5745984e-2
vn 0.50643170 -0.84883403 0.15168298
vn 1.3891497e-3 -0.99981822 1.9015790e-2
vn 1.1208543e-2 -0.99681382 7.8972055e-2
vn -0.63696676 -0.75050307 0.17612067
vn -0.43448638 -0.84721203 0.30570143
vn -0.96007296 2.9138366e-3 0.27973454
vn -0.81094817 6.0431915e-3 0.58508678
vn -0.63690225 0.75401629 0.16067033
vn -0.43441347 0.85334862 0.28823789
vn 1.4748924e-3 0.99999776 -1.5208872e-3
vn 1.1294080e-2 0.99822443 5.8484443e-2
vn 0.65741778 0.75178508 -5.1196320e-2
vn 0.50650461 0.85172661 0.13421944
vn 0.92686108 3.8151967e-3 0.37538512
vn 0.99931285 -4.2345491e-4 -3.7062869e-2
vn 0.30843342 -0.94520361 0.10704653
vn 0.18607157 -0.98208969 -2.9617882e-2
vn 2.0006510e-4 -0.99993091 1.1752709e-2
vn -9.4835845e-3 -0.99883014 -4.7417517e-2
vn -0.26137803 -0.94422134 0.20031870
vn -0.18910023 -0.98144295 3.1793818e-2
vn -0.75878405 6.7209953e-3 0.65130760
vn -0.95897131 2.9523323e-3 0.28348777
vn -0.26129689 0.94815844 0.18088532
vn -0.18901605 0.98190511 1.1631641e-2
vn 2.8581103e-4 0.99996137 -8.7847514e-3
vn -9.3979850e-3 0.99764651 -6.7919901e-2
vn 0.30851456 0.94717617 8.7613145e-2
vn 0.18615575 0.98125837 -4.9780059e-2
vn 0.80295005 -6.1550689e-3 -0.59601454
vn 0.94529797 -3.3902728e-3 -0.32619053
vn 0.12906002 -0.98528403 -0.11206643
vn 0.14375759 -0.98804825 -5.5627518e-2
vn -1.1361626e-2 -0.99819939 -5.8897348e-2
vn -6.2874345e-3 -0.99959140 -2.7883818e-2
vn -0.16136267 -0.98478339 -6.4527272e-2
vn -0.15730765 -0.98752925 -6.3462883e-3
vn -0.95109052 -3.1313668e-3 -0.30889644
vn -0.99996981 -3.6923847e-5 -7.7705352e-3
vn -0.16127829 0.98326438 -8.4737712e-2
vn -0.15722298 0.98720414 -2.6625385e-2
vn -1.1276090e-2 0.99678030 -7.9384360e-2
vn -6.2017526e-3 0.99880849 -4.8405952e-2
vn 0.12914440 0.98276373 -0.13227687
vn 0.14384225 0.98668515 -7.5906615e-2
vn -0.89426512 -0.43632305 -9.9559521e-2
vn 0.0000000e+0 1.00000000 0.0000000e+0
vn -0.89426512 -0.43632305 -9.9559521e-2
vn 0.0000000e+0 1.00000000 0.0000000e+0
vn 0.89426512 -0.43632305 -9.9559521e-2
vn 0.0000000e+0 1.00000000 0.0000000e+0
vn 0.0000000e+0 1.00000000 0.0000000e+0
vn 0.89426512 -0.43632305 -9.9559521e-2
vn -0.87969824 -0.33593841 -0.33656557
vn -0.87969824 -0.33593841 -0.33656557
vn 0.0000000e+0 1.00000000 0.0000000e+0
vn 0.0000000e+0 1.00000000 0.0000000e+0
vn 0.87969824 -0.33593841 -0.33656557
vn 0.87969824 -0.33593841 -0.33656557
vn 0.0000000e+0 1.00000000 0.0000000e+0
vn 0.0000000e+0 1.00000000 0.0000000e+0
vn 0.88052875 0.46397900 9.6915525e-2
vn 0.0000000e+0 1.00000000 0.0000000e+0
vn 0.0000000e+0 1.00000000 0.0000000e+0
vn 0.88052875 0.46397900 9.6915525e-2
vn -0.88010544 0.46478981 9.6875438e-2
vn 0.0000000e+0 1.00000000 0.0000000e+0
vn -0.88010544 0.46478981 9.6875438e-2
vn 0.0000000e+0 1.00000000 0.0000000e+0
vn 1.3368642e-4 0.67878516 0.73433691
vn 1.3368642e-4 0.67878516 0.73433691
vn 1.3368642e-4 0.67878516 0.73433691
vn 0.0000000e+0 1.00000000 0.0000000e+0
vn 0.0000000e+0 1.00000000 0.0000000e+0
vn 0.0000000e+0 1.00000000 0.0000000e+0
vn 0.0000000e+0 1.00000000 0.0000000e+0
vn 1.3368642e-4 0.67878516 0.73433691
vn 1.3368642e-4 0.67878516 0.73433691
vn 0.0000000e+0 1.00000000 0.0000000e+0
vn -0.88486158 -0.38810435 -0.25767228
vn -0.88486158 -0.38810435 -0.25767228
vn 0.0000000e+0 1.00000000 0.0000000e+0
vn 0.0000000e+0 1.00000000 0.0000000e+0
vn -2.0090102e-15 -0.56668493 -0.82393458
vn -2.0090102e-15 -0.56668493 -0.82393458
vn 0.0000000e+0 1.00000000 0.0000000e+0
vn 0.88486158 -0.38810435 -0.25767228
vn 0.88486158 -0.38810435 -0.25767228
vn 0.0000000e+0 1.00000000 0.0000000e+0
vn 0.0000000e+0 1.00000000 0.0000000e+0
vn 0.88126365 0.39938458 0.25271790
vn 0.88126365 0.39938458 0.25271790
vn 0.0000000e+0 1.00000000 0.0000000e+0
vn 0.0000000e+0 1.00000000 0.0000000e+0
vn -0.88180836 0.39820881 0.25267322
vn -0.88180836 0.39820881 0.25267322
vn 0.0000000e+0 1.00000000 0.0000000e+0
vn 0.0000000e+0 1.00000000 0.0000000e+0
vn -0.88153636 -0.41770880 -0.22002954
vn -0.88153636 -0.41770880 -0.22002954
vn 0.0000000e+0 1.00000000 0.0000000e+0
vn 0.0000000e+0 1.00000000 0.0000000e+0
vn -0.80431233 -0.35846622 -0.47390256
vn -0.80431233 -0.35846622 -0.47390256
vn 0.0000000e+0 1.00000000 0.0000000e+0
vn 0.0000000e+0 1.00000000 0.0000000e+0
vn 0.88627420 -0.36294182 -0.28773474
vn 0.88627420 -0.36294182 -0.28773474
vn 0.0000000e+0 1.00000000 0.0000000e+0
vn 0.0000000e+0 1.00000000 0.0000000e+0
vn 0.89046465 0.34770258 0.29355685
vn 0.89046465 0.34770258 0.29355685
vn 0.0000000e+0 1.00000000 0.0000000e+0
vn 0.0000000e+0 1.00000000 0.0000000e+0
vn -0.94729249 0.30711316 9.1205536e-2
vn 0.0000000e+0 1.00000000 6.5728943e-18
vn 0.0000000e+0 1.00000000 6.5728943e-18
vn -0.94729249 0.30711316 9.1205536e-2
vn -0.87139303 0.44101102 0.21490340
vn -0.87139303 0.44101102 0.21490340
vn 0.0000000e+0 1.00000000 0.0000000e+0
vn 0.0000000e+0 1.00000000 0.0000000e+0
vn 0.94015876 0.22760970 0.25356525
vn 0.94015876 0.22760970 0.25356525
vn 0.0000000e+0 1.00000000 1.3145789e-17
vn -0.94027731 0.22719104 0.25350109
vn -0.94027731 0.22719104 0.25350109
vn 0.0000000e+0 1.00000000 1.3145789e-17
vn -0.88627420 -0.36294182 -0.28773474
vn -0.88627420 -0.36294182 -0.28773474
vn 0.0000000e+0 1.00000000 0.0000000e+0
vn 0.0000000e+0 1.00000000 0.0000000e+0
vn 0.80431233 -0.35846622 -0.47390256
vn 0.80431233 -0.35846622 -0.47390256
vn 0.0000000e+0 1.00000000 0.0000000e+0
vn 0.0000000e+0 1.00000000 0.0000000e+0
vn 0.88153636 -0.41770880 -0.22002954
vn 0.88153636 -0.41770880 -0.22002954
vn 0.0000000e+0 1.00000000 0.0000000e+0
vn 0.0000000e+0 1.00000000 0.0000000e+0
vn 0.94745773 0.30657253 9.1307924e-2
vn 0.0000000e+0 1.00000000 6.5728943e-18
vn 0.94745773 0.30657253 9.1307924e-2
vn 0.0000000e+0 1.00000000 6.5728943e-18
vn 0.87141608 0.44092871 0.21497879
vn 0.87141608 0.44092871 0.21497879
vn 0.0000000e+0 1.00000000 0.0000000e+0
vn 0.0000000e+0 1.00000000 0.0000000e+0
vn -0.89168002 0.34445002 0.29370209
vn -0.89168002 0.34445002 0.29370209
vn 0.0000000e+0 1.00000000 0.0000000e+0
vn 0.0000000e+0 1.00000000 0.0000000e+0
vn 0.93104514 0.27640645 0.23823187
vn 0.93104514 0.27640645 0.23823187
vn 0.0000000e+0 1.00000000 1.3145789e-17
vn -0.93126795 0.27635508 0.23741921
vn -0.93126795 0.27635508 0.23741921
vn 0.0000000e+0 1.00000000 1.3145789e-17
vn 0.93247341 0.25159105 0.25922052
vn 0.93247341 0.25159105 0.25922052
vn 0.0000000e+0 1.00000000 1.3145789e-17
vn 0.93452327 0.29261148 0.20259511
vn 0.93452327 0.29261148 0.20259511
vn 0.0000000e+0 1.00000000 1.3145789e-17
vn -0.93284123 0.25127528 0.25820141
vn -0.93284123 0.25127528 0.25820141
vn 0.0000000e+0 1.00000000 1.3145789e-17
vn -0.93452479 0.29283905 0.20225902
vn -0.93452479 0.29283905 0.20225902
vn 0.0000000e+0 1.00000000 1.3145789e-17
vn 0.72578432 0.46620021 0.50586014
vn 0.72578432 0.46620021 0.50586014
vn 0.0000000e+0 1.00000000 1.3145789e-17
vn 0.72578432 0.46620021 0.50586014
vn -0.72483888 0.46623923 0.50717806
vn -0.72483888 0.46623923 0.50717806
vn -0.72483888 0.46623923 0.50717806
vn 0.0000000e+0 1.00000000 1.3145789e-17
vn -0.89426512 -0.43632305 9.9559521e-2
vn 0.0000000e+0 1.00000000 0.0000000e+0
vn -0.89426512 -0.43632305 9.9559521e-2
vn 0.0000000e+0 1.00000000 0.0000000e+0
vn 0.89426512 -0.43632305 9.9559521e-2
vn 0.0000000e+0 1.00000000 0.0000000e+0
vn 0.0000000e+0 1.00000000 0.0000000e+0
vn 0.89426512 -0.43632305 9.9559521e-2
vn -0.87969824 -0.33593841 0.33656557
vn -0.87969824 -0.33593841 0.33656557
vn 1.5538997e-16 1.00000000 0.0000000e+0
vn 1.5538997e-16 1.00000000 0.0000000e+0
vn 0.87969824 -0.33593841 0.33656557
vn 0.87969824 -0.33593841 0.33656557
vn 7.7694983e-17 1.00000000 0.0000000e+0
vn 7.7694983e-17 1.00000000 0.0000000e+0
vn 0.88052875 0.46397900 -9.6915525e-2
vn 0.0000000e+0 1.00000000 0.0000000e+0
vn 0.0000000e+0 1.00000000 0.0000000e+0
vn 0.88052875 0.46397900 -9.6915525e-2
vn -0.88010544 0.46478981 -9.6875438e-2
vn 0.0000000e+0 1.00000000 0.0000000e+0
vn -0.88010544 0.46478981 -9.6875438e-2
vn 0.0000000e+0 1.00000000 0.0000000e+0
vn 1.3368642e-4 0.67878516 -0.73433691
vn 1.3368642e-4 0.67878516 -0.73433691
vn 1.3368642e-4 0.67878516 -0.73433691
vn 9.3233979e-17 1.00000000 0.0000000e+0
vn 9.3233979e-17 1.00000000 0.0000000e+0
vn 9.3233979e-17 1.00000000 0.0000000e+0
vn 9.3233979e-17 1.00000000 0.0000000e+0
vn 1.3368642e-4 0.67878516 -0.73433691
vn 1.3368642e-4 0.67878516 -0.73433691
vn 9.3233979e-17 1.00000000 0.0000000e+0
vn -0.88486158 -0.38810435 0.25767228
vn -0.88486158 -0.38810435 0.25767228
vn -6.5690312e-18 1.00000000 0.0000000e+0
vn -6.5690312e-18 1.00000000 0.0000000e+0
vn -3.2144164e-16 -0.56668493 0.82393458
vn -3.2144164e-16 -0.56668493 0.82393458
vn 0.0000000e+0 1.00000000 0.0000000e+0
vn 0.88486158 -0.38810435 0.25767228
vn 0.88486158 -0.38810435 0.25767228
vn -6.5690312e-18 1.00000000 0.0000000e+0
vn -6.5690312e-18 1.00000000 0.0000000e+0
vn 0.88126365 0.39938458 -0.25271790
vn 0.88126365 0.39938458 -0.25271790
vn -6.5690312e-18 1.00000000 0.0000000e+0
vn -6.5690312e-18 1.00000000 0.0000000e+0
vn -0.88180836 0.39820881 -0.25267322
vn -0.88180836 0.39820881 -0.25267322
vn -6.5690312e-18 1.00000000 0.0000000e+0
vn -6.5690312e-18 1.00000000 0.0000000e+0
vn -0.88153636 -0.41770880 0.22002954
vn -0.88153636 -0.41770880 0.22002954
vn 1.2481643e-16 1.00000000 0.0000000e+0
vn 1.2481643e-16 1.00000000 0.0000000e+0
vn -0.80431233 -0.35846622 0.47390256
vn -0.80431233 -0.35846622 0.47390256
vn 0.0000000e+0 1.00000000 0.0000000e+0
vn 0.0000000e+0 1.00000000 0.0000000e+0
vn 0.88627420 -0.36294182 0.28773474
vn 0.88627420 -0.36294182 0.28773474
vn -5.3690474e-17 1.00000000 0.0000000e+0
vn -5.3690474e-17 1.00000000 0.0000000e+0
vn 0.89046465 0.34770258 -0.29355685
vn 0.89046465 0.34770258 -0.29355685
vn 2.4004508e-17 1.00000000 0.0000000e+0
vn 2.4004508e-17 1.00000000 0.0000000e+0
vn -0.94729249 0.30711316 -9.1205536e-2
vn 0.0000000e+0 1.00000000 -1.1831210e-17
vn 0.0000000e+0 1.00000000 -1.1831210e-17
vn -0.94729249 0.30711316 -9.1205536e-2
vn -0.87139303 0.44101102 -0.21490340
vn -0.87139303 0.44101102 -0.21490340
vn 1.2481643e-16 1.00000000 0.0000000e+0
vn 1.2481643e-16 1.00000000 0.0000000e+0
vn 0.94015876 0.22760970 -0.25356525
vn 0.94015876 0.22760970 -0.25356525
vn 0.0000000e+0 1.00000000 -2.3662419e-17
vn -0.94027731 0.22719104 -0.25350109
vn -0.94027731 0.22719104 -0.25350109
vn 0.0000000e+0 1.00000000 -2.3662419e-17
vn -0.88627420 -0.36294182 0.28773474
vn -0.88627420 -0.36294182 0.28773474
vn 2.4004508e-17 1.00000000 0.0000000e+0
vn 2.4004508e-17 1.00000000 0.0000000e+0
vn 0.80431233 -0.35846622 0.47390256
vn 0.80431233 -0.35846622 0.47390256
vn 0.0000000e+0 1.00000000 0.0000000e+0
vn 0.0000000e+0 1.00000000 0.0000000e+0
vn 0.88153636 -0.41770880 0.22002954
vn 0.88153636 -0.41770880 0.22002954
vn 1.2481643e-16 1.00000000 0.0000000e+0
vn 1.2481643e-16 1.00000000 0.0000000e+0
vn 0.94745773 0.30657253 -9.1307924e-2
vn 0.0000000e+0 1.00000000 -1.1831210e-17
vn 0.94745773 0.30657253 -9.1307924e-2
vn 0.0000000e+0 1.00000000 -1.1831210e-17
vn 0.87141608 0.44092871 -0.21497879
vn 0.87141608 0.44092871 -0.21497879
vn 1.2481643e-16 1.00000000 0.0000000e+0
vn 1.2481643e-16 1.00000000 0.0000000e+0
vn -0.89168002 0.34445002 -0.29370209
vn -0.89168002 0.34445002 -0.29370209
vn -5.3690474e-17 1.00000000 0.0000000e+0
vn -5.3690474e-17 1.00000000 0.0000000e+0
vn 0.93104514 0.27640645 -0.23823187
vn 0.93104514 0.27640645 -0.23823187
vn 0.0000000e+0 1.00000000 -2.3662419e-17
vn -0.93126795 0.27635508 -0.23741921
vn -0.93126795 0.27635508 -0.23741921
vn 0.0000000e+0 1.00000000 -2.3662419e-17
vn 0.93247341 0.25159105 -0.25922052
vn 0.93247341 0.25159105 -0.25922052
vn 0.0000000e+0 1.00000000 -2.3662419e-17
vn 0.93452327 0.29261148 -0.20259511
vn 0.93452327 0.29261148 -0.20259511
vn 0.0000000e+0 1.00000000 -2.3662419e-17
vn -0.93284123 0.25127528 -0.25820141
vn -0.93284123 0.25127528 -0.25820141
vn 0.0000000e+0 1.00000000 -2.3662419e-17
vn -0.93452479 0.29283905 -0.20225902
vn -0.93452479 0.29283905 -0.20225902
vn 0.0000000e+0 1.00000000 -2.3662419e-17
vn 0.72578432 0.46620021 -0.50586014
vn 0.72578432 0.46620021 -0.50586014
vn 0.0000000e+0 1.00000000 -2.3662419e-17
vn 0.72578432 0.46620021 -0.50586014
vn -0.72483888 0.46623923 -0.50717806
vn -0.72483888 0.46623923 -0.50717806
vn -0.72483888 0.46623923 -0.50717806
vn 0.0000000e+0 1.00000000 -2.3662419e-17
vn 0.94808308 -1.8466492e-2 0.31748615
vn 0.94808308 -1.8466492e-2 0.31748615
vn 0.60018417 -0.69583583 0.39445083
vn 0.60018417 -0.69583583 0.39445083
vn -9.9294492e-2 -0.96559398 0.24035157
vn -9.9294492e-2 -0.96559398 0.24035157
vn -0.74060778 -0.66972027 -5.4542391e-2
vn -0.74060778 -0.66972027 -5.4542391e-2
vn -0.94808308 1.8466492e-2 -0.31748615
vn -0.94808308 1.8466492e-2 -0.31748615
vn -0.60018417 0.69583583 -0.39445083
vn -0.60018417 0.69583583 -0.39445083
vn 9.9294492e-2 0.96559398 -0.24035157
vn 9.9294492e-2 0.96559398 -0.24035157
vn 0.74060778 0.66972027 5.4542391e-2
vn 0.74060778 0.66972027 5.4542391e-2
vn -0.98686479 1.7012064e-3 0.16153945
vn 0.16154840 1.0126934e-2 0.98681283
vn 0.16154840 1.0126934e-2 0.98681283
vn -0.98686479 1.7012064e-3 0.16153945
vn 0.11420165 -0.69990867 0.70504314
vn 0.11420165 -0.69990867 0.70504314
vn -0.98686479 1.7012064e-3 0.16153945
vn -4.2873013e-5 -0.99994727 1.0268742e-2
vn -4.2873013e-5 -0.99994727 1.0268742e-2
vn -0.98686479 1.7012064e-3 0.16153945
vn -0.11426228 -0.71423032 -0.69052095
vn -0.11426228 -0.71423032 -0.69052095
vn -0.98686479 1.7012064e-3 0.16153945
vn -0.16154840 -1.0126934e-2 -0.98681283
vn -0.16154840 -1.0126934e-2 -0.98681283
vn -0.98686479 1.7012064e-3 0.16153945
vn -0.11420165 0.69990867 -0.70504314
vn -0.11420165 0.69990867 -0.70504314
vn -0.98686479 1.7012064e-3 0.16153945
vn 4.2873013e-5 0.99994727 -1.0268742e-2
vn 4.2873013e-5 0.99994727 -1.0268742e-2
vn -0.98686479 1.7012064e-3 0.16153945
vn 0.11426228 0.71423032 0.69052095
vn 0.11426228 0.71423032 0.69052095
vn 0.98686479 -1.7012064e-3 -0.16153945
vn 0.16154840 1.0126934e-2 0.98681283
vn 0.16154840 1.0126934e-2 0.98681283
vn 0.98686479 -1.7012064e-3 -0.16153945
vn 0.11420165 -0.69990867 0.70504314
vn 0.11420165 -0.69990867 0.70504314
vn 0.98686479 -1.7012064e-3 -0.16153945
vn -4.2873013e-5 -0.99994727 1.0268742e-2
vn -4.2873013e-5 -0.99994727 1.0268742e-2
vn 0.98686479 -1.7012064e-3 -0.16153945
vn -0.11426228 -0.71423032 -0.69052095
vn -0.11426228 -0.71423032 -0.69052095
vn 0.98686479 -1.7012064e-3 -0.16153945
vn -0.16154840 -1.0126934e-2 -0.98681283
vn -0.16154840 -1.0126934e-2 -0.98681283
vn 0.98686479 -1.7012064e-3 -0.16153945
vn -0.11420165 0.69990867 -0.70504314
vn -0.11420165 0.69990867 -0.70504314
vn 0.98686479 -1.7012064e-3 -0.16153945
vn 4.2873013e-5 0.99994727 -1.0268742e-2
vn 4.2873013e-5 0.99994727 -1.0268742e-2
vn 0.98686479 -1.7012064e-3 -0.16153945
vn 0.11426228 0.71423032 0.69052095
vn 0.11426228 0.71423032 0.69052095
vn -0.94808308 1.8466492e-2 -0.31748615
vn -0.30212427 0.25939788 0.91729693
vn -0.30212427 0.25939788 0.91729693
vn -0.94808308 1.8466492e-2 -0.31748615
vn -0.28384593 -0.49935605 0.81858110
vn -0.28384593 -0.49935605 0.81858110
vn -0.94808308 1.8466492e-2 -0.31748615
vn -9.9294492e-2 -0.96559398 0.24035157
vn -9.9294492e-2 -0.96559398 0.24035157
vn -0.94808308 1.8466492e-2 -0.31748615
vn 0.14342231 -0.86620005 -0.47867266
vn 0.14342231 -0.86620005 -0.47867266
vn -0.94808308 1.8466492e-2 -0.31748615
vn 0.30212427 -0.25939788 -0.91729693
vn 0.30212427 -0.25939788 -0.91729693
vn -0.94808308 1.8466492e-2 -0.31748615
vn 0.28384593 0.49935605 -0.81858110
vn 0.28384593 0.49935605 -0.81858110
vn -0.94808308 1.8466492e-2 -0.31748615
vn 9.9294492e-2 0.96559398 -0.24035157
vn 9.9294492e-2 0.96559398 -0.24035157
vn -0.94808308 1.8466492e-2 -0.31748615
vn -0.14342231 0.86620005 0.47867266
vn -0.14342231 0.86620005 0.47867266
vn 0.94808308 -1.8466492e-2 0.31748615
vn -0.30212427 0.25939788 0.91729693
vn -0.30212427 0.25939788 0.91729693
vn 0.94808308 -1.8466492e-2 0.31748615
vn -0.28384593 -0.49935605 0.81858110
vn -0.28384593 -0.49935605 0.81858110
vn 0.94808308 -1.8466492e-2 0.31748615
vn -9.9294492e-2 -0.96559398 0.24035157
vn -9.9294492e-2 -0.96559398 0.24035157
vn 0.94808308 -1.8466492e-2 0.31748615
vn 0.14342231 -0.86620005 -0.47867266
vn 0.14342231 -0.86620005 -0.47867266
vn 0.94808308 -1.8466492e-2 0.31748615
vn 0.30212427 -0.25939788 -0.91729693
vn 0.30212427 -0.25939788 -0.91729693
vn 0.94808308 -1.8466492e-2 0.31748615
vn 0.28384593 0.49935605 -0.81858110
vn 0.28384593 0.49935605 -0.81858110
vn 0.94808308 -1.8466492e-2 0.31748615
vn 9.9294492e-2 0.96559398 -0.24035157
vn 9.9294492e-2 0.96559398 -0.24035157
vn 0.94808308 -1.8466492e-2 0.31748615
vn -0.14342231 0.86620005 0.47867266
vn -0.14342231 0.86620005 0.47867266
vn 0.98686479 -1.7012064e-3 -0.16153945
vn 0.98686479 -1.7012064e-3 -0.16153945
vn 0.69778847 -0.70827243 -0.10696454
vn 0.69778847 -0.70827243 -0.10696454
vn -4.2873013e-5 -0.99994727 1.0268742e-2
vn -4.2873013e-5 -0.99994727 1.0268742e-2
vn -0.69784910 -0.70586656 0.12148673
vn -0.69784910 -0.70586656 0.12148673
vn -0.98686479 1.7012064e-3 0.16153945
vn -0.98686479 1.7012064e-3 0.16153945
vn -0.69778847 0.70827243 0.10696454
vn -0.69778847 0.70827243 0.10696454
vn 4.2873013e-5 0.99994727 -1.0268742e-2
vn 4.2873013e-5 0.99994727 -1.0268742e-2
vn 0.69784910 0.70586656 -0.12148673
vn 0.69784910 0.70586656 -0.12148673
vn -8.0913066e-2 -0.34016416 -0.93687855
vn 0.97285671 -0.23140833 0.0000000e+0
vn -8.0913066e-2 -0.34016416 -0.93687855
vn 0.23140833 0.97285671 0.0000000e+0
vn 0.97285671 -0.23140833 0.0000000e+0
vn -8.0913066e-2 -0.34016416 -0.93687855
vn -0.97285671 0.23140833 0.0000000e+0
vn 0.23140833 0.97285671 0.0000000e+0
vn -8.0913066e-2 -0.34016416 -0.93687855
vn -0.97285671 0.23140833 0.0000000e+0
vn 0.0000000e+0 9.2574423e-17 1.00000000
vn 0.97285671 -0.23140833 0.0000000e+0
vn 0.23140833 0.97285671 0.0000000e+0
vn 0.0000000e+0 9.2574423e-17 1.00000000
vn 0.97285671 -0.23140833 0.0000000e+0
vn -0.97285671 0.23140833 0.0000000e+0
vn 0.23140833 0.97285671 0.0000000e+0
vn 0.0000000e+0 9.2574423e-17 1.00000000
vn -0.97285671 0.23140833 0.0000000e+0
vn 0.0000000e+0 9.2574423e-17 1.00000000
vn -8.0913066e-2 -0.34016416 0.93687855
vn 0.97285671 -0.23140833 0.0000000e+0
vn -8.0913066e-2 -0.34016416 0.93687855
vn 0.23140833 0.97285671 0.0000000e+0
vn 0.97285671 -0.23140833 0.0000000e+0
vn -8.0913066e-2 -0.34016416 0.93687855
vn -0.97285671 0.23140833 0.0000000e+0
vn 0.23140833 0.97285671 0.0000000e+0
vn -8.0913066e-2 -0.34016416 0.93687855
vn -0.97285671 0.23140833 0.0000000e+0
vn 0.0000000e+0 0.0000000e+0 -1.00000000
vn 0.97285671 -0.23140833 0.0000000e+0
vn 0.23140833 0.97285671 0.0000000e+0
vn 0.0000000e+0 0.0000000e+0 -1.00000000
vn 0.97285671 -0.23140833 0.0000000e+0
vn -0.97285671 0.23140833 0.0000000e+0
vn 0.23140833 0.97285671 0.0000000e+0
vn 0.0000000e+0 0.0000000e+0 -1.00000000
vn -0.97285671 0.23140833 0.0000000e+0
vn 0.0000000e+0 0.0000000e+0 -1.00000000
vn 0.0000000e+0 -0.92387953 0.38268343
vn -0.97087852 0.0000000e+0 0.23957234
vn 0.0000000e+0 -0.92387953 0.38268343
vn 0.0000000e+0 -0.38268343 0.92387953
vn -0.97087852 0.0000000e+0 0.23957234
vn 0.0000000e+0 -0.38268343 0.92387953
vn -3.1229263e-18 0.38268343 0.92387953
vn -0.97087852 0.0000000e+0 0.23957234
vn -3.1229263e-18 0.38268343 0.92387953
vn -3.1229263e-18 0.92387953 0.38268343
vn -0.97087852 0.0000000e+0 0.23957234
vn -3.1229263e-18 0.92387953 0.38268343
vn -3.1229263e-18 0.38268343 0.92387953
vn 0.97087852 -4.4631470e-17 0.23957234
vn -3.1229263e-18 0.38268343 0.92387953
vn 0.97087852 -4.4631470e-17 0.23957234
vn -3.1229263e-18 0.92387953 0.38268343
vn -3.1229263e-18 0.92387953 0.38268343
vn 0.0000000e+0 -0.38268343 0.92387953
vn 0.97087852 -4.4631470e-17 0.23957234
vn 0.0000000e+0 -0.38268343 0.92387953
vn 0.97087852 -4.4631470e-17 0.23957234
vn 0.0000000e+0 -0.92387953 0.38268343
vn 0.0000000e+0 -0.92387953 0.38268343
vn 0.0000000e+0 -0.37435099 -0.92728709
vn -0.97087852 0.0000000e+0 0.23957234
vn 0.0000000e+0 -0.37435099 -0.92728709
vn 0.0000000e+0 -0.92039711 -0.39098487
vn -0.97087852 0.0000000e+0 0.23957234
vn 0.0000000e+0 -0.92039711 -0.39098487
vn 0.0000000e+0 0.37435099 -0.92728709
vn -0.97087852 0.0000000e+0 0.23957234
vn 0.0000000e+0 0.37435099 -0.92728709
vn 0.0000000e+0 0.92039711 -0.39098487
vn -0.97087852 0.0000000e+0 0.23957234
vn 0.0000000e+0 0.92039711 -0.39098487
vn 0.97087852 -4.4631470e-17 0.23957234
vn 0.0000000e+0 0.92039711 -0.39098487
vn 0.0000000e+0 0.92039711 -0.39098487
vn 0.97087852 -4.4631470e-17 0.23957234
vn 0.0000000e+0 0.37435099 -0.92728709
vn 0.0000000e+0 0.37435099 -0.92728709
vn 0.97087852 -4.4631470e-17 0.23957234
vn 0.0000000e+0 -0.37435099 -0.92728709
vn 0.0000000e+0 -0.37435099 -0.92728709
vn 0.97087852 -4.4631470e-17 0.23957234
vn 0.0000000e+0 -0.92039711 -0.39098487
vn 0.0000000e+0 -0.92039711 -0.39098487
vn 0.0000000e+0 -0.34965494 0.93687855
vn -1.00000000 0.0000000e+0 0.0000000e+0
vn 0.0000000e+0 -0.34965494 0.93687855
vn 0.0000000e+0 1.00000000 0.0000000e+0
vn -1.00000000 0.0000000e+0 0.0000000e+0
vn 0.0000000e+0 -0.34965494 0.93687855
vn 1.00000000 0.0000000e+0 0.0000000e+0
vn 0.0000000e+0 1.00000000 0.0000000e+0
vn 0.0000000e+0 -0.34965494 0.93687855
vn 1.00000000 0.0000000e+0 0.0000000e+0
vn 0.0000000e+0 0.0000000e+0 -1.00000000
vn -1.00000000 0.0000000e+0 0.0000000e+0
vn 0.0000000e+0 1.00000000 0.0000000e+0
vn 0.0000000e+0 0.0000000e+0 -1.00000000
vn -1.00000000 0.0000000e+0 0.0000000e+0
vn 1.00000000 0.0000000e+0 0.0000000e+0
vn 0.0000000e+0 1.00000000 0.0000000e+0
vn 0.0000000e+0 0.0000000e+0 -1.00000000
vn 1.00000000 0.0000000e+0 0.0000000e+0
vn 0.0000000e+0 0.0000000e+0 -1.00000000
vn 0.0000000e+0 -0.34965494 0.93687855
vn -1.00000000 0.0000000e+0 0.0000000e+0
vn 0.0000000e+0 -0.34965494 0.93687855
vn 0.0000000e+0 1.00000000 0.0000000e+0
vn -1.00000000 0.0000000e+0 0.0000000e+0
vn 0.0000000e+0 -0.34965494 0.93687855
vn 1.00000000 0.0000000e+0 0.0000000e+0
vn 0.0000000e+0 1.00000000 0.0000000e+0
vn 0.0000000e+0 -0.34965494 0.93687855
vn 1.00000000 0.0000000e+0 0.0000000e+0
vn 0.0000000e+0 0.0000000e+0 -1.00000000
vn -1.00000000 0.0000000e+0 0.0000000e+0
vn 0.0000000e+0 1.00000000 0.0000000e+0
vn 0.0000000e+0 0.0000000e+0 -1.00000000
vn -1.00000000 0.0000000e+0 0.0000000e+0
vn 1.00000000 0.0000000e+0 0.0000000e+0
vn 0.0000000e+0 1.00000000 0.0000000e+0
vn 0.0000000e+0 0.0000000e+0 -1.00000000
vn 1.00000000 0.0000000e+0 0.0000000e+0
vn 0.0000000e+0 0.0000000e+0 -1.00000000
vn 8.0913066e-2 -0.34016416 0.93687855
vn -0.97285671 -0.23140833 0.0000000e+0
vn 8.0913066e-2 -0.34016416 0.93687855
vn -0.23140833 0.97285671 0.0000000e+0
vn -0.97285671 -0.23140833 0.0000000e+0
vn 8.0913066e-2 -0.34016416 0.93687855
vn 0.97285671 0.23140833 -7.3350332e-17
vn -0.23140833 0.97285671 0.0000000e+0
vn 8.0913066e-2 -0.34016416 0.93687855
vn 0.97285671 0.23140833 -7.3350332e-17
vn 0.0000000e+0 0.0000000e+0 -1.00000000
vn -0.97285671 -0.23140833 0.0000000e+0
vn -0.23140833 0.97285671 0.0000000e+0
vn 0.0000000e+0 0.0000000e+0 -1.00000000
vn -0.97285671 -0.23140833 0.0000000e+0
vn 0.97285671 0.23140833 -7.3350332e-17
vn -0.23140833 0.97285671 0.0000000e+0
vn 0.0000000e+0 0.0000000e+0 -1.00000000
vn 0.97285671 0.23140833 -7.3350332e-17
vn 0.0000000e+0 0.0000000e+0 -1.00000000
vn 0.0000000e+0 -1.1586598e-16 -1.00000000
vn -0.92908825 -0.36985812 -1.0979295e-15
vn 0.0000000e+0 -1.1586598e-16 -1.00000000
vn -0.55477191 0.83200248 0.0000000e+0
vn -0.92908825 -0.36985812 -1.0979295e-15
vn 0.0000000e+0 -1.1586598e-16 -1.00000000
vn 0.91629392 0.40050651 0.0000000e+0
vn -0.55477191 0.83200248 0.0000000e+0
vn 0.0000000e+0 -1.1586598e-16 -1.00000000
vn 0.91629392 0.40050651 0.0000000e+0
vn 0.0000000e+0 0.0000000e+0 1.00000000
vn -0.92908825 -0.36985812 -1.0979295e-15
vn -0.55477191 0.83200248 0.0000000e+0
vn 0.0000000e+0 0.0000000e+0 1.00000000
vn -0.92908825 -0.36985812 -1.0979295e-15
vn 0.91629392 0.40050651 0.0000000e+0
vn -0.55477191 0.83200248 0.0000000e+0
vn 0.0000000e+0 0.0000000e+0 1.00000000
vn 0.91629392 0.40050651 0.0000000e+0
vn 0.0000000e+0 0.0000000e+0 1.00000000
vn 0.0000000e+0 0.0000000e+0 1.00000000
vn -0.92908825 -0.36985812 1.0979295e-15
vn 0.0000000e+0 0.0000000e+0 1.00000000
vn -0.55477191 0.83200248 0.0000000e+0
vn -0.92908825 -0.36985812 1.0979295e-15
vn 0.0000000e+0 0.0000000e+0 1.00000000
vn 0.91629392 0.40050651 0.0000000e+0
vn -0.55477191 0.83200248 0.0000000e+0
vn 0.0000000e+0 0.0000000e+0 1.00000000
vn 0.91629392 0.40050651 0.0000000e+0
vn 0.0000000e+0 4.9656849e-17 -1.00000000
vn -0.92908825 -0.36985812 1.0979295e-15
vn -0.55477191 0.83200248 0.0000000e+0
vn 0.0000000e+0 4.9656849e-17 -1.00000000
vn -0.92908825 -0.36985812 1.0979295e-15
vn 0.91629392 0.40050651 0.0000000e+0
vn -0.55477191 0.83200248 0.0000000e+0
vn 0.0000000e+0 4.9656849e-17 -1.00000000
vn 0.91629392 0.40050651 0.0000000e+0
vn 0.0000000e+0 4.9656849e-17 -1.00000000
vn 0.0000000e+0 0.0000000e+0 -1.00000000
vn 0.92908825 -0.36985812 1.0979295e-15
vn 0.0000000e+0 0.0000000e+0 -1.00000000
vn 0.55477191 0.83200248 0.0000000e+0
vn 0.92908825 -0.36985812 1.0979295e-15
vn 0.0000000e+0 0.0000000e+0 -1.00000000
vn -0.91629392 0.40050651 0.0000000e+0
vn 0.55477191 0.83200248 0.0000000e+0
vn 0.0000000e+0 0.0000000e+0 -1.00000000
vn -0.91629392 0.40050651 0.0000000e+0
vn 0.0000000e+0 3.3104566e-17 1.00000000
vn 0.92908825 -0.36985812 1.0979295e-15
vn 0.55477191 0.83200248 0.0000000e+0
vn 0.0000000e+0 3.3104566e-17 1.00000000
vn 0.92908825 -0.36985812 1.0979295e-15
vn -0.91629392 0.40050651 0.0000000e+0
vn 0.55477191 0.83200248 0.0000000e+0
vn 0.0000000e+0 3.3104566e-17 1.00000000
vn -0.91629392 0.40050651 0.0000000e+0
vn 0.0000000e+0 3.3104566e-17 1.00000000
vn 0.0000000e+0 -3.3104566e-17 1.00000000
vn 0.92908825 -0.36985812 -1.0979295e-15
vn 0.0000000e+0 -3.3104566e-17 1.00000000
vn 0.55477191 0.83200248 0.0000000e+0
vn 0.92908825 -0.36985812 -1.0979295e-15
vn 0.0000000e+0 -3.3104566e-17 1.00000000
vn -0.91629392 0.40050651 0.0000000e+0
vn 0.55477191 0.83200248 0.0000000e+0
vn 0.0000000e+0 -3.3104566e-17 1.00000000
vn -0.91629392 0.40050651 0.0000000e+0
vn 0.0000000e+0 0.0000000e+0 -1.00000000
vn 0.92908825 -0.36985812 -1.0979295e-15
vn 0.55477191 0.83200248 0.0000000e+0
vn 0.0000000e+0 0.0000000e+0 -1.00000000
vn 0.92908825 -0.36985812 -1.0979295e-15
vn -0.91629392 0.40050651 0.0000000e+0
vn 0.55477191 0.83200248 0.0000000e+0
vn 0.0000000e+0 0.0000000e+0 -1.00000000
vn -0.91629392 0.40050651 0.0000000e+0
vn 0.0000000e+0 0.0000000e+0 -1.00000000
vn 8.0913066e-2 -0.34016416 -0.93687855
vn -0.97285671 -0.23140833 0.0000000e+0
vn 8.0913066e-2 -0.34016416 -0.93687855
vn -0.23140833 0.97285671 0.0000000e+0
vn -0.97285671 -0.23140833 0.0000000e+0
vn 8.0913066e-2 -0.34016416 -0.93687855
vn 0.97285671 0.23140833 1.4670066e-16
vn -0.23140833 0.97285671 0.0000000e+0
vn 8.0913066e-2 -0.34016416 -0.93687855
vn 0.97285671 0.23140833 1.4670066e-16
vn 0.0000000e+0 0.0000000e+0 1.00000000
vn -0.97285671 -0.23140833 0.0000000e+0
vn -0.23140833 0.97285671 0.0000000e+0
vn 0.0000000e+0 0.0000000e+0 1.00000000
vn -0.97285671 -0.23140833 0.0000000e+0
vn 0.97285671 0.23140833 1.4670066e-16
vn -0.23140833 0.97285671 0.0000000e+0
vn 0.0000000e+0 0.0000000e+0 1.00000000
vn 0.97285671 0.23140833 1.4670066e-16
vn 0.0000000e+0 0.0000000e+0 1.00000000
vn 0.0000000e+0 -0.34965494 -0.93687855
vn -1.00000000 0.0000000e+0 0.0000000e+0
vn 0.0000000e+0 -0.34965494 -0.93687855
vn 0.0000000e+0 1.00000000 0.0000000e+0
vn -1.00000000 0.0000000e+0 0.0000000e+0
vn 0.0000000e+0 -0.34965494 -0.93687855
vn 1.00000000 0.0000000e+0 0.0000000e+0
vn 0.0000000e+0 1.00000000 0.0000000e+0
vn 0.0000000e+0 -0.34965494 -0.93687855
vn 1.00000000 0.0000000e+0 0.0000000e+0
vn 0.0000000e+0 0.0000000e+0 1.00000000
vn -1.00000000 0.0000000e+0 0.0000000e+0
vn 0.0000000e+0 1.00000000 0.0000000e+0
vn 0.0000000e+0 0.0000000e+0 1.00000000
vn -1.00000000 0.0000000e+0 0.0000000e+0
vn 1.00000000 0.0000000e+0 0.0000000e+0
vn 0.0000000e+0 1.00000000 0.0000000e+0
vn 0.0000000e+0 0.0000000e+0 1.00000000
vn 1.00000000 0.0000000e+0 0.0000000e+0
vn 0.0000000e+0 0.0000000e+0 1.00000000
vn 0.0000000e+0 -0.34965494 -0.93687855
vn -1.00000000 0.0000000e+0 0.0000000e+0
vn 0.0000000e+0 -0.34965494 -0.93687855
vn 0.0000000e+0 1.00000000 0.0000000e+0
vn -1.00000000 0.0000000e+0 0.0000000e+0
vn 0.0000000e+0 -0.34965494 -0.93687855
vn 1.00000000 0.0000000e+0 0.0000000e+0
vn 0.0000000e+0 1.00000000 0.0000000e+0
vn 0.0000000e+0 -0.34965494 -0.93687855
vn 1.00000000 0.0000000e+0 0.0000000e+0
vn 0.0000000e+0 0.0000000e+0 1.00000000
vn -1.00000000 0.0000000e+0 0.0000000e+0
vn 0.0000000e+0 1.00000000 0.0000000e+0
vn 0.0000000e+0 0.0000000e+0 1.00000000
vn -1.00000000 0.0000000e+0 0.0000000e+0
vn 1.00000000 0.0000000e+0 0.0000000e+0
vn 0.0000000e+0 1.00000000 0.0000000e+0
vn 0.0000000e+0 0.0000000e+0 1.00000000
vn 1.00000000 0.0000000e+0 0.0000000e+0
vn 0.0000000e+0 0.0000000e+0 1.00000000
vn 3.1229263e-18 -0.92387953 -0.38268343
vn -0.97087852 0.0000000e+0 -0.23957234
vn 3.1229263e-18 -0.92387953 -0.38268343
vn 3.1229263e-18 -0.38268343 -0.92387953
vn -0.97087852 0.0000000e+0 -0.23957234
vn 3.1229263e-18 -0.38268343 -0.92387953
vn 3.1229263e-18 0.38268343 -0.92387953
vn -0.97087852 0.0000000e+0 -0.23957234
vn 3.1229263e-18 0.38268343 -0.92387953
vn 3.1229263e-18 0.92387953 -0.38268343
vn -0.97087852 0.0000000e+0 -0.23957234
vn 3.1229263e-18 0.92387953 -0.38268343
vn 3.1229263e-18 0.38268343 -0.92387953
vn 0.97087852 -3.7936749e-16 -0.23957234
vn 3.1229263e-18 0.38268343 -0.92387953
vn 0.97087852 -3.7936749e-16 -0.23957234
vn 3.1229263e-18 0.92387953 -0.38268343
vn 3.1229263e-18 0.92387953 -0.38268343
vn 3.1229263e-18 -0.38268343 -0.92387953
vn 0.97087852 -3.7936749e-16 -0.23957234
vn 3.1229263e-18 -0.38268343 -0.92387953
vn 0.97087852 -3.7936749e-16 -0.23957234
vn 3.1229263e-18 -0.92387953 -0.38268343
vn 3.1229263e-18 -0.92387953 -0.38268343
vn 0.0000000e+0 -0.37435099 0.92728709
vn -0.97087852 0.0000000e+0 -0.23957234
vn 0.0000000e+0 -0.37435099 0.92728709
vn 0.0000000e+0 -0.92039711 0.39098487
vn -0.97087852 0.0000000e+0 -0.23957234
vn 0.0000000e+0 -0.92039711 0.39098487
vn 0.0000000e+0 0.37435099 0.92728709
vn -0.97087852 0.0000000e+0 -0.23957234
vn 0.0000000e+0 0.37435099 0.92728709
vn 0.0000000e+0 0.92039711 0.39098487
vn -0.97087852 0.0000000e+0 -0.23957234
vn 0.0000000e+0 0.92039711 0.39098487
vn 0.97087852 -3.7936749e-16 -0.23957234
vn 0.0000000e+0 0.92039711 0.39098487
vn 0.0000000e+0 0.92039711 0.39098487
vn 0.97087852 -3.7936749e-16 -0.23957234
vn 0.0000000e+0 0.37435099 0.92728709
vn 0.0000000e+0 0.37435099 0.92728709
vn 0.97087852 -3.7936749e-16 -0.23957234
vn 0.0000000e+0 -0.37435099 0.92728709
vn 0.0000000e+0 -0.37435099 0.92728709
vn 0.97087852 -3.7936749e-16 -0.23957234
vn 0.0000000e+0 -0.92039711 0.39098487
vn 0.0000000e+0 -0.92039711 0.39098487
vn -1.9406714e-16 1.00000000 0.0000000e+0
vn -0.99599755 -7.6406480e-17 -8.9380589e-2
vn -1.9406714e-16 1.00000000 0.0000000e+0
vn -0.99599755 -7.6406480e-17 -8.9380589e-2
vn -1.9376402e-16 1.00000000 0.0000000e+0
vn 0.99550226 0.0000000e+0 -9.4737804e-2
vn -1.9376402e-16 1.00000000 0.0000000e+0
vn 0.99550226 0.0000000e+0 -9.4737804e-2
vn -0.92637727 6.4265166e-15 -0.37659680
vn -0.92637727 6.4265166e-15 -0.37659680
vn 0.0000000e+0 1.00000000 0.0000000e+0
vn 0.0000000e+0 1.00000000 0.0000000e+0
vn 0.0000000e+0 1.00000000 0.0000000e+0
vn 0.92637727 1.8103595e-16 -0.37659680
vn 0.92637727 1.8103595e-16 -0.37659680
vn 0.0000000e+0 1.00000000 0.0000000e+0
vn 0.0000000e+0 1.00000000 0.0000000e+0
vn 0.0000000e+0 1.00000000 0.0000000e+0
vn -1.9406714e-16 1.00000000 0.0000000e+0
vn 0.99613294 7.9415113e-17 8.7858821e-2
vn -1.9406714e-16 1.00000000 0.0000000e+0
vn 0.99613294 7.9415113e-17 8.7858821e-2
vn -1.9376402e-16 1.00000000 0.0000000e+0
vn -0.99562573 0.0000000e+0 9.3431265e-2
vn -1.9376402e-16 1.00000000 0.0000000e+0
vn -0.99562573 0.0000000e+0 9.3431265e-2
vn 1.7706345e-16 1.00000000 0.0000000e+0
vn 1.7706345e-16 1.00000000 0.0000000e+0
vn -0.95664905 -5.9375579e-16 -0.29124317
vn -0.95664905 -5.9375579e-16 -0.29124317
vn -9.1953475e-18 1.00000000 0.0000000e+0
vn -9.1953475e-18 1.00000000 0.0000000e+0
vn 0.95664905 1.7812674e-15 -0.29124317
vn 0.95664905 1.7812674e-15 -0.29124317
vn 1.7706345e-16 1.00000000 0.0000000e+0
vn 1.7706345e-16 1.00000000 0.0000000e+0
vn 0.95438049 2.1228721e-16 0.29859316
vn 0.95438049 2.1228721e-16 0.29859316
vn -9.1953475e-18 1.00000000 0.0000000e+0
vn -9.1953475e-18 1.00000000 0.0000000e+0
vn -0.95438049 2.1228721e-16 0.29859316
vn -0.95438049 2.1228721e-16 0.29859316
vn -1.8646809e-16 1.00000000 0.0000000e+0
vn -1.8646809e-16 1.00000000 0.0000000e+0
vn -0.96728554 -4.3704086e-16 -0.25369012
vn -0.96728554 -4.3704086e-16 -0.25369012
vn -0.86708741 -9.2712109e-16 -0.49815602
vn -0.86708741 -9.2712109e-16 -0.49815602
vn 0.0000000e+0 1.00000000 0.0000000e+0
vn 0.0000000e+0 1.00000000 0.0000000e+0
vn 0.0000000e+0 1.00000000 0.0000000e+0
vn 0.94721442 -1.0908831e-15 -0.32060075
vn 0.94721442 -1.0908831e-15 -0.32060075
vn 0.0000000e+0 1.00000000 0.0000000e+0
vn 0.0000000e+0 1.00000000 0.0000000e+0
vn 0.94772888 9.1022023e-16 0.31907675
vn 0.0000000e+0 0.0000000e+0 1.00000000
vn 0.0000000e+0 1.00000000 0.0000000e+0
vn 0.0000000e+0 1.00000000 0.0000000e+0
vn 0.0000000e+0 1.00000000 0.0000000e+0
vn -2.7634934e-16 1.00000000 0.0000000e+0
vn -2.7634934e-16 1.00000000 0.0000000e+0
vn -0.96765887 -1.0164328e-15 0.25226238
vn -0.96765887 -1.0164328e-15 0.25226238
vn 0.0000000e+0 1.00000000 0.0000000e+0
vn -0.94721442 2.1817661e-15 -0.32060075
vn -0.94721442 2.1817661e-15 -0.32060075
vn 0.0000000e+0 1.00000000 0.0000000e+0
vn 0.86708741 -6.8629630e-16 -0.49815602
vn 0.86708741 -6.8629630e-16 -0.49815602
vn 0.0000000e+0 1.00000000 0.0000000e+0
vn 0.0000000e+0 1.00000000 0.0000000e+0
vn -2.7634934e-16 1.00000000 0.0000000e+0
vn -2.7634934e-16 1.00000000 0.0000000e+0
vn 0.96728554 7.2840144e-16 -0.25369012
vn 0.96728554 7.2840144e-16 -0.25369012
vn -1.8646809e-16 1.00000000 0.0000000e+0
vn -1.8646809e-16 1.00000000 0.0000000e+0
vn 0.96765887 -7.4674520e-17 0.25226238
vn 0.96765887 -7.4674520e-17 0.25226238
vn 0.0000000e+0 1.00000000 0.0000000e+0
vn -0.94772888 -1.8204405e-15 0.31907675
vn 0.0000000e+0 0.0000000e+0 1.00000000
vn 0.0000000e+0 1.00000000 0.0000000e+0
vn 0.0000000e+0 1.00000000 0.0000000e+0
vn 0.0000000e+0 1.00000000 0.0000000e+0
vn -0.99599755 -7.6406480e-17 -8.9380589e-2
vn 9.7033572e-17 -1.00000000 0.0000000e+0
vn 9.7033572e-17 -1.00000000 0.0000000e+0
vn -0.99599755 -7.6406480e-17 -8.9380589e-2
vn 9.6882011e-17 -1.00000000 0.0000000e+0
vn 0.99550226 0.0000000e+0 -9.4737804e-2
vn 0.99550226 0.0000000e+0 -9.4737804e-2
vn 9.6882011e-17 -1.00000000 0.0000000e+0
vn -0.92637727 6.4265166e-15 -0.37659680
vn 0.0000000e+0 -1.00000000 -1.9354681e-16
vn -0.92637727 6.4265166e-15 -0.37659680
vn 0.0000000e+0 -1.00000000 -1.9354681e-16
vn 0.0000000e+0 -1.00000000 -1.9354681e-16
vn 0.92637727 1.8103595e-16 -0.37659680
vn 0.0000000e+0 -1.00000000 -9.6773404e-17
vn 0.92637727 1.8103595e-16 -0.37659680
vn 0.0000000e+0 -1.00000000 -9.6773404e-17
vn 0.0000000e+0 -1.00000000 -9.6773404e-17
vn 9.7033572e-17 -1.00000000 0.0000000e+0
vn 0.99613294 7.9415113e-17 8.7858821e-2
vn 0.99613294 7.9415113e-17 8.7858821e-2
vn 9.7033572e-17 -1.00000000 0.0000000e+0
vn -0.99562573 0.0000000e+0 9.3431265e-2
vn 9.6882011e-17 -1.00000000 0.0000000e+0
vn 9.6882011e-17 -1.00000000 0.0000000e+0
vn -0.99562573 0.0000000e+0 9.3431265e-2
vn -0.95664905 -5.9375579e-16 -0.29124317
vn 0.0000000e+0 -1.00000000 0.0000000e+0
vn 0.0000000e+0 -1.00000000 0.0000000e+0
vn -0.95664905 -5.9375579e-16 -0.29124317
vn 0.95664905 1.7812674e-15 -0.29124317
vn 0.0000000e+0 -1.00000000 0.0000000e+0
vn 0.0000000e+0 -1.00000000 0.0000000e+0
vn 0.95664905 1.7812674e-15 -0.29124317
vn 0.95438049 2.1228721e-16 0.29859316
vn 0.0000000e+0 -1.00000000 0.0000000e+0
vn 0.0000000e+0 -1.00000000 0.0000000e+0
vn 0.95438049 2.1228721e-16 0.29859316
vn -0.95438049 2.1228721e-16 0.29859316
vn 0.0000000e+0 -1.00000000 0.0000000e+0
vn 0.0000000e+0 -1.00000000 0.0000000e+0
vn -0.95438049 2.1228721e-16 0.29859316
vn -0.96728554 -4.3704086e-16 -0.25369012
vn -1.8479169e-16 -1.00000000 0.0000000e+0
vn -1.8479169e-16 -1.00000000 0.0000000e+0
vn -0.96728554 -4.3704086e-16 -0.25369012
vn -0.86708741 -9.2712109e-16 -0.49815602
vn 0.0000000e+0 -1.00000000 0.0000000e+0
vn -0.86708741 -9.2712109e-16 -0.49815602
vn 0.0000000e+0 -1.00000000 0.0000000e+0
vn 0.94721442 -1.0908831e-15 -0.32060075
vn 8.3328605e-17 -1.00000000 0.0000000e+0
vn 0.94721442 -1.0908831e-15 -0.32060075
vn 8.3328605e-17 -1.00000000 0.0000000e+0
vn 0.0000000e+0 -1.00000000 -8.5951229e-17
vn 0.94772888 9.1022023e-16 0.31907675
vn 0.0000000e+0 0.0000000e+0 1.00000000
vn 0.0000000e+0 -1.00000000 -8.5951229e-17
vn 0.0000000e+0 -1.00000000 -8.5951229e-17
vn 0.0000000e+0 -1.00000000 -8.5951229e-17
vn -0.96765887 -1.0164328e-15 0.25226238
vn -1.8479169e-16 -1.00000000 0.0000000e+0
vn -1.8479169e-16 -1.00000000 0.0000000e+0
vn -0.96765887 -1.0164328e-15 0.25226238
vn -0.94721442 2.1817661e-15 -0.32060075
vn 0.0000000e+0 -1.00000000 1.1841775e-16
vn -0.94721442 2.1817661e-15 -0.32060075
vn 0.0000000e+0 -1.00000000 1.1841775e-16
vn 0.86708741 -6.8629630e-16 -0.49815602
vn 0.0000000e+0 -1.00000000 0.0000000e+0
vn 0.86708741 -6.8629630e-16 -0.49815602
vn 0.0000000e+0 -1.00000000 0.0000000e+0
vn 0.96728554 7.2840144e-16 -0.25369012
vn -1.8479169e-16 -1.00000000 0.0000000e+0
vn -1.8479169e-16 -1.00000000 0.0000000e+0
vn 0.96728554 7.2840144e-16 -0.25369012
vn 0.96765887 -7.4674520e-17 0.25226238
vn -1.8479169e-16 -1.00000000 0.0000000e+0
vn -1.8479169e-16 -1.00000000 0.0000000e+0
vn 0.96765887 -7.4674520e-17 0.25226238
vn -0.94772888 -1.8204405e-15 0.31907675
vn 4.1664302e-17 -1.00000000 -7.2580053e-17
vn 0.0000000e+0 0.0000000e+0 1.00000000
vn 4.1664302e-17 -1.00000000 -7.2580053e-17
vn 4.1664302e-17 -1.00000000 -7.2580053e-17
vn 4.1664302e-17 -1.00000000 -7.2580053e-17
vn 0.56404039 1.1133433e-15 -0.82574720
vn 0.0000000e+0 1.00000000 2.1667629e-15
vn 0.56404039 1.1133433e-15 -0.82574720
vn -0.56404039 5.8887119e-16 -0.82574720
vn 0.0000000e+0 1.00000000 2.1667629e-15
vn -0.56404039 5.8887119e-16 -0.82574720
vn 0.56404039 1.1133433e-15 -0.82574720
vn 0.0000000e+0 -1.00000000 1.6250722e-15
vn 0.56404039 1.1133433e-15 -0.82574720
vn -0.56404039 5.8887119e-16 -0.82574720
vn 0.0000000e+0 -1.00000000 1.6250722e-15
vn -0.56404039 5.8887119e-16 -0.82574720
vn -3.8053523e-16 1.00000000 0.0000000e+0
vn -3.8053523e-16 1.00000000 0.0000000e+0
vn -0.97763217 -7.6141882e-17 -0.21032197
vn -0.97763217 -7.6141882e-17 -0.21032197
vn -0.90172689 2.2795881e-15 -0.43230616
vn -0.90172689 2.2795881e-15 -0.43230616
vn 0.0000000e+0 1.00000000 0.0000000e+0
vn 0.0000000e+0 1.00000000 0.0000000e+0
vn 0.94046337 -1.2153088e-15 -0.33989505
vn 0.94046337 -1.2153088e-15 -0.33989505
vn 0.0000000e+0 1.00000000 0.0000000e+0
vn 0.0000000e+0 1.00000000 0.0000000e+0
vn -2.8699807e-16 1.00000000 0.0000000e+0
vn -2.8699807e-16 1.00000000 0.0000000e+0
vn -0.97693913 -2.9879472e-16 0.21351802
vn -0.97693913 -2.9879472e-16 0.21351802
vn 0.0000000e+0 1.00000000 0.0000000e+0
vn 0.0000000e+0 1.00000000 0.0000000e+0
vn -0.95195814 6.7120677e-16 -0.30622819
vn -0.95195814 6.7120677e-16 -0.30622819
vn -3.6017874e-16 1.00000000 0.0000000e+0
vn -3.6017874e-16 1.00000000 0.0000000e+0
vn 0.96166721 2.5096756e-15 -0.27421923
vn 0.96166721 2.5096756e-15 -0.27421923
vn 1.7706345e-16 1.00000000 0.0000000e+0
vn 1.7706345e-16 1.00000000 0.0000000e+0
vn 0.96127139 -2.6586378e-16 0.27560355
vn 0.96127139 -2.6586378e-16 0.27560355
vn 1.6786810e-16 1.00000000 0.0000000e+0
vn 1.6786810e-16 1.00000000 0.0000000e+0
vn -0.94930179 -4.3210930e-16 0.31436621
vn -0.94930179 -4.3210930e-16 0.31436621
vn 1.7706345e-16 1.00000000 0.0000000e+0
vn 1.7706345e-16 1.00000000 0.0000000e+0
vn -0.96166721 -1.0307946e-15 -0.27421923
vn -0.96166721 -1.0307946e-15 -0.27421923
vn -0.79164217 -1.0919275e-15 -0.61098500
vn -0.79164217 -1.0919275e-15 -0.61098500
vn 0.0000000e+0 1.00000000 1.0833815e-15
vn 0.0000000e+0 1.00000000 1.0833815e-15
vn 1.6786810e-16 1.00000000 0.0000000e+0
vn 1.6786810e-16 1.00000000 0.0000000e+0
vn 0.95195814 -3.3560338e-16 -0.30622819
vn 0.95195814 -3.3560338e-16 -0.30622819
vn 0.0000000e+0 1.00000000 0.0000000e+0
vn 0.0000000e+0 1.00000000 0.0000000e+0
vn 0.94930179 9.3323789e-16 0.31436621
vn 0.94930179 9.3323789e-16 0.31436621
vn -3.6017874e-16 1.00000000 0.0000000e+0
vn -3.6017874e-16 1.00000000 0.0000000e+0
vn -0.96127139 -9.8360366e-16 0.27560355
vn -0.96127139 -9.8360366e-16 0.27560355
vn -0.94046337 4.7305598e-15 -0.33989505
vn -0.94046337 4.7305598e-15 -0.33989505
vn 0.0000000e+0 1.00000000 0.0000000e+0
vn 0.0000000e+0 1.00000000 0.0000000e+0
vn 0.90172689 6.4130406e-16 -0.43230616
vn 0.90172689 6.4130406e-16 -0.43230616
vn 0.0000000e+0 1.00000000 0.0000000e+0
vn 0.0000000e+0 1.00000000 0.0000000e+0
vn -2.8699807e-16 1.00000000 0.0000000e+0
vn -2.8699807e-16 1.00000000 0.0000000e+0
vn 0.97648648 0.0000000e+0 -0.21557863
vn 0.97648648 0.0000000e+0 -0.21557863
vn -3.8053523e-16 1.00000000 0.0000000e+0
vn -3.8053523e-16 1.00000000 0.0000000e+0
vn 0.97811856 4.4412034e-18 0.20804826
vn 0.97811856 4.4412034e-18 0.20804826
vn -0.97763217 -7.6141882e-17 -0.21032197
vn -0.97763217 -7.6141882e-17 -0.21032197
vn 3.7995279e-18 -1.00000000 0.0000000e+0
vn 3.7995279e-18 -1.00000000 0.0000000e+0
vn -0.90172689 2.2795881e-15 -0.43230616
vn -0.90172689 2.2795881e-15 -0.43230616
vn 0.0000000e+0 -1.00000000 0.0000000e+0
vn 0.0000000e+0 -1.00000000 0.0000000e+0
vn 0.94046337 -1.2153088e-15 -0.33989505
vn 0.94046337 -1.2153088e-15 -0.33989505
vn 0.0000000e+0 -1.00000000 -1.4516011e-16
vn 0.0000000e+0 -1.00000000 -1.4516011e-16
vn -0.97693913 -2.9879472e-16 0.21351802
vn -0.97693913 -2.9879472e-16 0.21351802
vn 3.6479664e-18 -1.00000000 0.0000000e+0
vn 3.6479664e-18 -1.00000000 0.0000000e+0
vn -0.95195814 6.7120677e-16 -0.30622819
vn -0.95195814 6.7120677e-16 -0.30622819
vn 0.0000000e+0 -1.00000000 0.0000000e+0
vn 0.0000000e+0 -1.00000000 0.0000000e+0
vn 0.79164217 4.0301420e-16 -0.61098500
vn 0.79164217 4.0301420e-16 -0.61098500
vn 0.0000000e+0 -1.00000000 8.1253610e-16
vn 0.0000000e+0 -1.00000000 8.1253610e-16
vn 0.96166721 2.5096756e-15 -0.27421923
vn 0.96166721 2.5096756e-15 -0.27421923
vn -9.1557649e-17 -1.00000000 0.0000000e+0
vn -9.1557649e-17 -1.00000000 0.0000000e+0
vn 0.96127139 -2.6586378e-16 0.27560355
vn 0.96127139 -2.6586378e-16 0.27560355
vn -9.1557649e-17 -1.00000000 0.0000000e+0
vn -9.1557649e-17 -1.00000000 0.0000000e+0
vn -0.94930179 -4.3210930e-16 0.31436621
vn -0.94930179 -4.3210930e-16 0.31436621
vn 8.3328605e-17 -1.00000000 0.0000000e+0
vn 8.3328605e-17 -1.00000000 0.0000000e+0
vn -9.1557649e-17 -1.00000000 0.0000000e+0
vn -9.1557649e-17 -1.00000000 0.0000000e+0
vn -0.96166721 -1.0307946e-15 -0.27421923
vn -0.96166721 -1.0307946e-15 -0.27421923
vn 8.3328605e-17 -1.00000000 0.0000000e+0
vn 0.95195814 -3.3560338e-16 -0.30622819
vn 0.95195814 -3.3560338e-16 -0.30622819
vn 8.3328605e-17 -1.00000000 0.0000000e+0
vn 0.0000000e+0 -1.00000000 0.0000000e+0
vn 0.0000000e+0 -1.00000000 0.0000000e+0
vn 0.94930179 9.3323789e-16 0.31436621
vn 0.94930179 9.3323789e-16 0.31436621
vn -9.1557649e-17 -1.00000000 0.0000000e+0
vn -9.1557649e-17 -1.00000000 0.0000000e+0
vn -0.96127139 -9.8360366e-16 0.27560355
vn -0.96127139 -9.8360366e-16 0.27560355
vn -0.94046337 4.7305598e-15 -0.33989505
vn -0.94046337 4.7305598e-15 -0.33989505
vn 0.0000000e+0 -1.00000000 -1.7190246e-16
vn 0.0000000e+0 -1.00000000 -1.7190246e-16
vn 0.0000000e+0 -1.00000000 0.0000000e+0
vn 0.0000000e+0 -1.00000000 0.0000000e+0
vn 0.90172689 6.4130406e-16 -0.43230616
vn 0.90172689 6.4130406e-16 -0.43230616
vn 3.6479664e-18 -1.00000000 0.0000000e+0
vn 3.6479664e-18 -1.00000000 0.0000000e+0
vn 0.97648648 0.0000000e+0 -0.21557863
vn 0.97648648 0.0000000e+0 -0.21557863
vn 3.7995279e-18 -1.00000000 0.0000000e+0
vn 3.7995279e-18 -1.00000000 0.0000000e+0
vn 0.97811856 4.4412034e-18 0.20804826
vn 0.97811856 4.4412034e-18 0.20804826
vn 0.79164217 4.0301420e-16 -0.61098500
vn 0.79164217 4.0301420e-16 -0.61098500
vn 0.0000000e+0 1.00000000 1.0833815e-15
vn 0.0000000e+0 1.00000000 1.0833815e-15
vn -0.79164217 -1.0919275e-15 -0.61098500
vn -0.79164217 -1.0919275e-15 -0.61098500
vn 0.0000000e+0 -1.00000000 8.1253610e-16
vn 0.0000000e+0 -1.00000000 8.1253610e-16
vn 0.0000000e+0 -1.00000000 1.6250722e-15
vn -5.9797590e-17 1.7901231e-15 -1.00000000
vn -5.9797590e-17 1.7901231e-15 -1.00000000
vn 0.0000000e+0 1.00000000 2.1667629e-15
vn -5.9797590e-17 1.7901231e-15 -1.00000000
vn -5.9797590e-17 1.7901231e-15 -1.00000000
vn 9.7033572e-17 1.00000000 0.0000000e+0
vn -0.99599755 -7.6406480e-17 8.9380589e-2
vn 9.7033572e-17 1.00000000 0.0000000e+0
vn -0.99599755 -7.6406480e-17 8.9380589e-2
vn 0.0000000e+0 1.00000000 0.0000000e+0
vn 0.99550226 -3.8145621e-17 9.4737804e-2
vn 0.0000000e+0 1.00000000 0.0000000e+0
vn 0.99550226 -3.8145621e-17 9.4737804e-2
vn -0.92637727 2.8436649e-15 0.37659680
vn -0.92637727 2.8436649e-15 0.37659680
vn 2.2825077e-17 1.00000000 0.0000000e+0
vn 2.2825077e-17 1.00000000 0.0000000e+0
vn 2.2825077e-17 1.00000000 0.0000000e+0
vn 0.92637727 -2.3835535e-15 0.37659680
vn 0.92637727 -2.3835535e-15 0.37659680
vn 2.2825077e-17 1.00000000 0.0000000e+0
vn 2.2825077e-17 1.00000000 0.0000000e+0
vn 2.2825077e-17 1.00000000 0.0000000e+0
vn 9.7033572e-17 1.00000000 0.0000000e+0
vn 0.99613294 0.0000000e+0 -8.7858821e-2
vn 9.7033572e-17 1.00000000 0.0000000e+0
vn 0.99613294 0.0000000e+0 -8.7858821e-2
vn 0.0000000e+0 1.00000000 0.0000000e+0
vn -0.99562573 0.0000000e+0 -9.3431265e-2
vn 0.0000000e+0 1.00000000 0.0000000e+0
vn -0.99562573 0.0000000e+0 -9.3431265e-2
vn -1.7706345e-16 1.00000000 0.0000000e+0
vn -1.7706345e-16 1.00000000 0.0000000e+0
vn -0.95664905 -9.0434048e-16 0.29124317
vn -0.95664905 -9.0434048e-16 0.29124317
vn 2.6099750e-16 1.00000000 0.0000000e+0
vn 2.6099750e-16 1.00000000 0.0000000e+0
vn 0.95664905 3.1058469e-16 0.29124317
vn 0.95664905 3.1058469e-16 0.29124317
vn -1.7706345e-16 1.00000000 0.0000000e+0
vn -1.7706345e-16 1.00000000 0.0000000e+0
vn 0.95438049 -2.3907423e-16 -0.29859316
vn 0.95438049 -2.3907423e-16 -0.29859316
vn 2.6099750e-16 1.00000000 0.0000000e+0
vn 2.6099750e-16 1.00000000 0.0000000e+0
vn -0.95438049 -7.1722269e-16 -0.29859316
vn -0.95438049 -7.1722269e-16 -0.29859316
vn -9.3234044e-17 1.00000000 0.0000000e+0
vn -9.3234044e-17 1.00000000 0.0000000e+0
vn -0.96728554 -1.4482310e-16 0.25369012
vn -0.96728554 -1.4482310e-16 0.25369012
vn -0.86708741 3.2268348e-15 0.49815602
vn -0.86708741 3.2268348e-15 0.49815602
vn 1.6480816e-16 1.00000000 0.0000000e+0
vn 1.6480816e-16 1.00000000 0.0000000e+0
vn 0.0000000e+0 1.00000000 0.0000000e+0
vn 0.94721442 -3.3560346e-16 0.32060075
vn 0.94721442 -3.3560346e-16 0.32060075
vn 0.0000000e+0 1.00000000 0.0000000e+0
vn 0.0000000e+0 1.00000000 0.0000000e+0
vn 0.94772888 9.1022023e-16 -0.31907675
vn 0.0000000e+0 0.0000000e+0 -1.00000000
vn 0.0000000e+0 1.00000000 0.0000000e+0
vn 0.0000000e+0 1.00000000 0.0000000e+0
vn 0.0000000e+0 1.00000000 0.0000000e+0
vn 0.0000000e+0 1.00000000 0.0000000e+0
vn 0.0000000e+0 1.00000000 0.0000000e+0
vn -0.96765887 -7.2933892e-16 -0.25226238
vn -0.96765887 -7.2933892e-16 -0.25226238
vn 0.0000000e+0 1.00000000 0.0000000e+0
vn -0.94721442 1.7620900e-15 0.32060075
vn -0.94721442 1.7620900e-15 0.32060075
vn 0.0000000e+0 1.00000000 0.0000000e+0
vn 0.86708741 -3.2268348e-15 0.49815602
vn 0.86708741 -3.2268348e-15 0.49815602
vn 1.6480816e-16 1.00000000 0.0000000e+0
vn 1.6480816e-16 1.00000000 0.0000000e+0
vn 0.0000000e+0 1.00000000 0.0000000e+0
vn 0.0000000e+0 1.00000000 0.0000000e+0
vn 0.96728554 4.3704086e-16 0.25369012
vn 0.96728554 4.3704086e-16 0.25369012
vn -9.3234044e-17 1.00000000 0.0000000e+0
vn -9.3234044e-17 1.00000000 0.0000000e+0
vn 0.96765887 -2.9289599e-16 -0.25226238
vn 0.96765887 -2.9289599e-16 -0.25226238
vn 0.0000000e+0 1.00000000 0.0000000e+0
vn -0.94772888 -1.8204405e-15 -0.31907675
vn 0.0000000e+0 0.0000000e+0 -1.00000000
vn 0.0000000e+0 1.00000000 0.0000000e+0
vn 0.0000000e+0 1.00000000 0.0000000e+0
vn 0.0000000e+0 1.00000000 0.0000000e+0
vn -0.99599755 -7.6406480e-17 8.9380589e-2
vn 0.0000000e+0 -1.00000000 0.0000000e+0
vn 0.0000000e+0 -1.00000000 0.0000000e+0
vn -0.99599755 -7.6406480e-17 8.9380589e-2
vn -9.6882011e-17 -1.00000000 0.0000000e+0
vn 0.99550226 -3.8145621e-17 9.4737804e-2
vn 0.99550226 -3.8145621e-17 9.4737804e-2
vn -9.6882011e-17 -1.00000000 0.0000000e+0
vn -0.92637727 2.8436649e-15 0.37659680
vn 0.0000000e+0 -1.00000000 1.9354681e-16
vn -0.92637727 2.8436649e-15 0.37659680
vn 0.0000000e+0 -1.00000000 1.9354681e-16
vn 0.0000000e+0 -1.00000000 1.9354681e-16
vn 0.92637727 -2.3835535e-15 0.37659680
vn 0.0000000e+0 -1.00000000 9.6773404e-17
vn 0.92637727 -2.3835535e-15 0.37659680
vn 0.0000000e+0 -1.00000000 9.6773404e-17
vn 0.0000000e+0 -1.00000000 9.6773404e-17
vn 0.0000000e+0 -1.00000000 0.0000000e+0
vn 0.99613294 0.0000000e+0 -8.7858821e-2
vn 0.99613294 0.0000000e+0 -8.7858821e-2
vn 0.0000000e+0 -1.00000000 0.0000000e+0
vn -0.99562573 0.0000000e+0 -9.3431265e-2
vn -9.6882011e-17 -1.00000000 0.0000000e+0
vn -9.6882011e-17 -1.00000000 0.0000000e+0
vn -0.99562573 0.0000000e+0 -9.3431265e-2
vn -0.95664905 -9.0434048e-16 0.29124317
vn 0.0000000e+0 -1.00000000 0.0000000e+0
vn 0.0000000e+0 -1.00000000 0.0000000e+0
vn -0.95664905 -9.0434048e-16 0.29124317
vn 0.95664905 3.1058469e-16 0.29124317
vn 0.0000000e+0 -1.00000000 0.0000000e+0
vn 0.0000000e+0 -1.00000000 0.0000000e+0
vn 0.95664905 3.1058469e-16 0.29124317
vn 0.95438049 -2.3907423e-16 -0.29859316
vn 0.0000000e+0 -1.00000000 0.0000000e+0
vn 0.0000000e+0 -1.00000000 0.0000000e+0
vn 0.95438049 -2.3907423e-16 -0.29859316
vn -0.95438049 -7.1722269e-16 -0.29859316
vn 0.0000000e+0 -1.00000000 0.0000000e+0
vn 0.0000000e+0 -1.00000000 0.0000000e+0
vn -0.95438049 -7.1722269e-16 -0.29859316
vn -0.96728554 -1.4482310e-16 0.25369012
vn 9.1557649e-17 -1.00000000 0.0000000e+0
vn 9.1557649e-17 -1.00000000 0.0000000e+0
vn -0.96728554 -1.4482310e-16 0.25369012
vn -0.86708741 3.2268348e-15 0.49815602
vn -1.5779990e-17 -1.00000000 0.0000000e+0
vn -0.86708741 3.2268348e-15 0.49815602
vn -1.5779990e-17 -1.00000000 0.0000000e+0
vn 0.94721442 -3.3560346e-16 0.32060075
vn 0.0000000e+0 -1.00000000 0.0000000e+0
vn 0.94721442 -3.3560346e-16 0.32060075
vn 0.0000000e+0 -1.00000000 0.0000000e+0
vn 0.0000000e+0 -1.00000000 8.5951229e-17
vn 0.94772888 9.1022023e-16 -0.31907675
vn 0.0000000e+0 0.0000000e+0 -1.00000000
vn 0.0000000e+0 -1.00000000 8.5951229e-17
vn 0.0000000e+0 -1.00000000 8.5951229e-17
vn 0.0000000e+0 -1.00000000 8.5951229e-17
vn -0.96765887 -7.2933892e-16 -0.25226238
vn 0.0000000e+0 -1.00000000 0.0000000e+0
vn 0.0000000e+0 -1.00000000 0.0000000e+0
vn -0.96765887 -7.2933892e-16 -0.25226238
vn -0.94721442 1.7620900e-15 0.32060075
vn 0.0000000e+0 -1.00000000 -1.1841775e-16
vn -0.94721442 1.7620900e-15 0.32060075
vn 0.0000000e+0 -1.00000000 -1.1841775e-16
vn 0.86708741 -3.2268348e-15 0.49815602
vn -1.5779990e-17 -1.00000000 0.0000000e+0
vn 0.86708741 -3.2268348e-15 0.49815602
vn -1.5779990e-17 -1.00000000 0.0000000e+0
vn 0.96728554 4.3704086e-16 0.25369012
vn 0.0000000e+0 -1.00000000 0.0000000e+0
vn 0.0000000e+0 -1.00000000 0.0000000e+0
vn 0.96728554 4.3704086e-16 0.25369012
vn 0.96765887 -2.9289599e-16 -0.25226238
vn 9.1557649e-17 -1.00000000 0.0000000e+0
vn 9.1557649e-17 -1.00000000 0.0000000e+0
vn 0.96765887 -2.9289599e-16 -0.25226238
vn -0.94772888 -1.8204405e-15 -0.31907675
vn 0.0000000e+0 -1.00000000 7.2580053e-17
vn 0.0000000e+0 0.0000000e+0 -1.00000000
vn 0.0000000e+0 -1.00000000 7.2580053e-17
vn 0.0000000e+0 -1.00000000 7.2580053e-17
vn 0.0000000e+0 -1.00000000 7.2580053e-17
vn 0.56404039 -3.9289012e-15 0.82574720
vn 0.0000000e+0 1.00000000 -2.7084537e-15
vn 0.56404039 -3.9289012e-15 0.82574720
vn -0.56404039 3.3400300e-15 0.82574720
vn 0.0000000e+0 1.00000000 -2.7084537e-15
vn -0.56404039 3.3400300e-15 0.82574720
vn 0.56404039 -3.9289012e-15 0.82574720
vn 0.0000000e+0 -1.00000000 -1.6250722e-15
vn 0.56404039 -3.9289012e-15 0.82574720
vn -0.56404039 3.3400300e-15 0.82574720
vn 0.0000000e+0 -1.00000000 -1.6250722e-15
vn -0.56404039 3.3400300e-15 0.82574720
vn 3.7995279e-18 1.00000000 0.0000000e+0
vn 3.7995279e-18 1.00000000 0.0000000e+0
vn -0.97763217 7.0464950e-17 0.21032197
vn -0.97763217 7.0464950e-17 0.21032197
vn -0.90172689 3.7777765e-15 0.43230616
vn -0.90172689 3.7777765e-15 0.43230616
vn 1.0875170e-16 1.00000000 0.0000000e+0
vn 1.0875170e-16 1.00000000 0.0000000e+0
vn 0.94046337 -4.5998844e-16 0.33989505
vn 0.94046337 -4.5998844e-16 0.33989505
vn 0.0000000e+0 1.00000000 0.0000000e+0
vn 0.0000000e+0 1.00000000 0.0000000e+0
vn 0.0000000e+0 1.00000000 0.0000000e+0
vn 0.0000000e+0 1.00000000 0.0000000e+0
vn -0.97693913 -2.9879472e-16 -0.21351802
vn -0.97693913 -2.9879472e-16 -0.21351802
vn 0.0000000e+0 1.00000000 0.0000000e+0
vn 0.0000000e+0 1.00000000 0.0000000e+0
vn -0.95195814 6.9622692e-16 0.30622819
vn -0.95195814 6.9622692e-16 0.30622819
vn 1.7706345e-16 1.00000000 0.0000000e+0
vn 1.7706345e-16 1.00000000 0.0000000e+0
vn 0.96166721 4.3703117e-16 0.27421923
vn 0.96166721 4.3703117e-16 0.27421923
vn -1.7706345e-16 1.00000000 0.0000000e+0
vn -1.7706345e-16 1.00000000 0.0000000e+0
vn 0.96127139 -1.4354798e-16 -0.27560355
vn 0.96127139 -1.4354798e-16 -0.27560355
vn 8.3934049e-17 1.00000000 0.0000000e+0
vn 8.3934049e-17 1.00000000 0.0000000e+0
vn -0.94930179 -1.6274147e-15 -0.31436621
vn -0.94930179 -1.6274147e-15 -0.31436621
vn -1.7706345e-16 1.00000000 0.0000000e+0
vn -1.7706345e-16 1.00000000 0.0000000e+0
vn -0.96166721 -8.8511755e-16 0.27421923
vn -0.96166721 -8.8511755e-16 0.27421923
vn -0.79164217 4.6536090e-15 0.61098500
vn -0.79164217 4.6536090e-15 0.61098500
vn 9.0294075e-17 1.00000000 -1.3542268e-15
vn 9.0294075e-17 1.00000000 -1.3542268e-15
vn 8.3934049e-17 1.00000000 0.0000000e+0
vn 8.3934049e-17 1.00000000 0.0000000e+0
vn 0.95195814 -2.5020148e-17 0.30622819
vn 0.95195814 -2.5020148e-17 0.30622819
vn 0.0000000e+0 1.00000000 0.0000000e+0
vn 0.0000000e+0 1.00000000 0.0000000e+0
vn 0.94930179 2.1605465e-16 -0.31436621
vn 0.94930179 2.1605465e-16 -0.31436621
vn 1.7706345e-16 1.00000000 0.0000000e+0
vn 1.7706345e-16 1.00000000 0.0000000e+0
vn -0.96127139 -4.3064393e-16 -0.27560355
vn -0.96127139 -4.3064393e-16 -0.27560355
vn -0.94046337 1.6752972e-15 0.33989505
vn -0.94046337 1.6752972e-15 0.33989505
vn 0.0000000e+0 1.00000000 0.0000000e+0
vn 0.0000000e+0 1.00000000 0.0000000e+0
vn 0.90172689 -3.7777765e-15 0.43230616
vn 0.90172689 -3.7777765e-15 0.43230616
vn 1.0875170e-16 1.00000000 0.0000000e+0
vn 1.0875170e-16 1.00000000 0.0000000e+0
vn 0.0000000e+0 1.00000000 0.0000000e+0
vn 0.0000000e+0 1.00000000 0.0000000e+0
vn 0.97648648 -3.7988440e-17 0.21557863
vn 0.97648648 -3.7988440e-17 0.21557863
vn 3.7995279e-18 1.00000000 0.0000000e+0
vn 3.7995279e-18 1.00000000 0.0000000e+0
vn 0.97811856 -1.4942315e-16 -0.20804826
vn 0.97811856 -1.4942315e-16 -0.20804826
vn -0.97763217 7.0464950e-17 0.21032197
vn -0.97763217 7.0464950e-17 0.21032197
vn 0.0000000e+0 -1.00000000 0.0000000e+0
vn 0.0000000e+0 -1.00000000 0.0000000e+0
vn -0.90172689 3.7777765e-15 0.43230616
vn -0.90172689 3.7777765e-15 0.43230616
vn 7.4514086e-17 -1.00000000 0.0000000e+0
vn 7.4514086e-17 -1.00000000 0.0000000e+0
vn 0.94046337 -4.5998844e-16 0.33989505
vn 0.94046337 -4.5998844e-16 0.33989505
vn 0.0000000e+0 -1.00000000 1.4516011e-16
vn 0.0000000e+0 -1.00000000 1.4516011e-16
vn -0.97693913 -2.9879472e-16 -0.21351802
vn -0.97693913 -2.9879472e-16 -0.21351802
vn -9.6882011e-17 -1.00000000 0.0000000e+0
vn -9.6882011e-17 -1.00000000 0.0000000e+0
vn -0.95195814 6.9622692e-16 0.30622819
vn -0.95195814 6.9622692e-16 0.30622819
vn 0.0000000e+0 -1.00000000 0.0000000e+0
vn 0.0000000e+0 -1.00000000 0.0000000e+0
vn 0.79164217 -3.5616815e-15 0.61098500
vn 0.79164217 -3.5616815e-15 0.61098500
vn -9.0294075e-17 -1.00000000 -8.1253610e-16
vn -9.0294075e-17 -1.00000000 -8.1253610e-16
vn 0.96166721 4.3703117e-16 0.27421923
vn 0.96166721 4.3703117e-16 0.27421923
vn 0.0000000e+0 -1.00000000 0.0000000e+0
vn 0.0000000e+0 -1.00000000 0.0000000e+0
vn 0.96127139 -1.4354798e-16 -0.27560355
vn 0.96127139 -1.4354798e-16 -0.27560355
vn 9.1557649e-17 -1.00000000 0.0000000e+0
vn 9.1557649e-17 -1.00000000 0.0000000e+0
vn -0.94930179 -1.6274147e-15 -0.31436621
vn -0.94930179 -1.6274147e-15 -0.31436621
vn 0.0000000e+0 -1.00000000 0.0000000e+0
vn 0.0000000e+0 -1.00000000 0.0000000e+0
vn 9.1557649e-17 -1.00000000 0.0000000e+0
vn 9.1557649e-17 -1.00000000 0.0000000e+0
vn -0.96166721 -8.8511755e-16 0.27421923
vn -0.96166721 -8.8511755e-16 0.27421923
vn 0.0000000e+0 -1.00000000 0.0000000e+0
vn 0.95195814 -2.5020148e-17 0.30622819
vn 0.95195814 -2.5020148e-17 0.30622819
vn 0.0000000e+0 -1.00000000 0.0000000e+0
vn 0.0000000e+0 -1.00000000 0.0000000e+0
vn 0.0000000e+0 -1.00000000 0.0000000e+0
vn 0.94930179 2.1605465e-16 -0.31436621
vn 0.94930179 2.1605465e-16 -0.31436621
vn 0.0000000e+0 -1.00000000 0.0000000e+0
vn 0.0000000e+0 -1.00000000 0.0000000e+0
vn -0.96127139 -4.3064393e-16 -0.27560355
vn -0.96127139 -4.3064393e-16 -0.27560355
vn -0.94046337 1.6752972e-15 0.33989505
vn -0.94046337 1.6752972e-15 0.33989505
vn 0.0000000e+0 -1.00000000 1.7190246e-16
vn 0.0000000e+0 -1.00000000 1.7190246e-16
vn 7.4514086e-17 -1.00000000 0.0000000e+0
vn 7.4514086e-17 -1.00000000 0.0000000e+0
vn 0.90172689 -3.7777765e-15 0.43230616
vn 0.90172689 -3.7777765e-15 0.43230616
vn -9.6882011e-17 -1.00000000 0.0000000e+0
vn -9.6882011e-17 -1.00000000 0.0000000e+0
vn 0.97648648 -3.7988440e-17 0.21557863
vn 0.97648648 -3.7988440e-17 0.21557863
vn 0.0000000e+0 -1.00000000 0.0000000e+0
vn 0.0000000e+0 -1.00000000 0.0000000e+0
vn 0.97811856 -1.4942315e-16 -0.20804826
vn 0.97811856 -1.4942315e-16 -0.20804826
vn 0.79164217 -3.5616815e-15 0.61098500
vn 0.79164217 -3.5616815e-15 0.61098500
vn 9.0294075e-17 1.00000000 -1.3542268e-15
vn 9.0294075e-17 1.00000000 -1.3542268e-15
vn -0.79164217 4.6536090e-15 0.61098500
vn -0.79164217 4.6536090e-15 0.61098500
vn -9.0294075e-17 -1.00000000 -8.1253610e-16
vn -9.0294075e-17 -1.00000000 -8.1253610e-16
vn 0.0000000e+0 -1.00000000 -1.6250722e-15
vn -5.9797590e-17 -1.7901231e-15 1.00000000
vn -5.9797590e-17 -1.7901231e-15 1.00000000
vn 0.0000000e+0 1.00000000 -2.7084537e-15
vn -5.9797590e-17 -1.7901231e-15 1.00000000
vn -5.9797590e-17 -1.7901231e-15 1.00000000
g cube1_sep26_default
usemtl default
f 1/585/1 160/577/126 204/619/158 45/623/33
f 2/1229/364 12/1285/380 82/1328/465 47/1262/419
f 2/1/366 161/5/499 171/13/514 12/2/381
f 3/996/370 162/997/503 207/886/160 48/884/35
f 4/587/2 72/556/51 126/600/98 70/624/49
f 4/587/2 163/588/127 216/538/167 57/537/42
f 5/291/3 63/356/45 145/279/115 49/239/36
f 5/291/3 68/391/48 151/478/121 63/356/45
f 6/265/4 64/312/46 127/442/99 50/357/37
f 6/265/4 71/201/50 144/242/114 64/312/46
f 7/1303/374 14/1353/393 51/1313/423
f 7/569/372 85/513/59 150/593/120 69/630/447
f 8/682/377 14/609/391 84/597/469 52/651/427
f 8/539/376 86/464/60 147/351/117 73/440/451
f 9/128/5 80/166/57 136/225/108 56/188/41
f 10/336/6 77/389/54 132/348/104 53/298/38
f 10/336/6 169/324/131 236/379/179 77/389/54
f 11/344/7 124/269/96 78/301/55
f 11/344/7 170/343/132 283/268/221 124/269/96
f 12/572/382 171/555/515 218/454/169 59/491/44
f 13/562/384 3/621/368 74/615/457 62/553/439
f 13/78/386 172/68/519 162/190/502 3/215/369
f 14/1353/390 7/1303/373 69/1301/449 60/1351/431
f 14/511/388 88/383/62 152/422/122 84/523/467
f 14/511/394 156/111/489 157/134/494
f 14/511/389 157/134/493 88/383/62
f 15/690/8 174/683/133 226/860/172 67/882/47
f 16/502/9 46/559/34 148/605/118 114/564/87
f 16/502/9 114/564/87 151/478/121 68/391/48
f 17/1302/399 30/1352/410 60/1351/430 69/1301/448
f 18/691/10 177/692/135 229/625/174 70/624/49
f 19/211/11 49/239/36 145/279/115 111/248/84
f 19/160/11 111/206/84 144/242/114 71/201/50
f 20/484/12 50/357/37 127/442/99 93/548/67
f 20/484/12 93/548/67 126/600/98 72/556/51
f 21/545/403 51/411/422 14/544/392 73/610/452
f 22/617/407 32/557/415 62/553/438 74/615/456
f 23/250/13 53/298/38 132/348/104 98/290/72
f 23/250/13 98/290/72 131/238/103 75/200/52
f 24/219/14 54/254/39 137/210/109 103/183/77
f 24/219/14 103/183/77 139/152/111 76/194/53
f 25/461/15 55/531/40 129/498/101 95/420/69
f 25/461/15 95/420/69 132/348/104 77/389/54
f 25/461/15 184/453/140 214/520/165 55/531/40
f 26/244/16 56/188/41 136/225/108 102/281/76
f 26/244/16 102/281/76 135/345/107 78/301/55
f 27/470/17 186/469/142 238/398/181 79/399/56
f 28/195/18 58/223/43 133/300/105 99/260/73
f 28/195/18 99/260/73 136/225/108 80/166/57
f 29/353/19 188/318/144 240/156/593 81/187/460
f 30/1352/411 17/1302/400 47/1262/418 82/1328/464
f 31/326/20 190/338/145 242/475/183 83/459/58
f 32/557/414 22/617/406 52/651/426 84/597/468
f 33/439/21 63/356/45 151/478/121 117/546/90
f 33/439/21 117/546/90 150/593/120 85/513/59
f 34/382/22 64/312/46 144/242/114 110/287/83
f 34/382/22 110/287/83 147/351/117 86/464/60
f 35/467/23 65/273/441 156/285/488 87/547/61
f 36/305/24 66/135/443 153/133/482 119/302/92
f 36/305/24 119/302/92 152/422/122 88/383/62
f 37/596/25 94/517/68 128/576/100 91/636/65
f 38/342/26 98/290/72 132/348/104 95/420/69
f 39/327/27 102/281/76 136/225/108 99/260/73
f 40/163/28 105/142/79 139/152/111 103/183/77
f 41/407/29 109/371/82 143/202/480 106/224/471
f 42/249/30 113/295/86 147/351/117 110/287/83
f 43/607/31 117/546/90 151/478/121 114/564/87
f 44/303/32 121/311/93 155/435/123 118/427/91
f 45/623/33 148/605/118 46/559/34 1/585/1
f 45/623/33 204/619/158 174/683/133 15/690/8
f 46/559/34 129/498/101 55/531/40 1/585/1
f 47/931/416 149/755/119 67/882/47 2/994/363
f 48/884/35 125/726/97 74/913/454 3/996/367
f 48/884/35 207/886/160 177/692/135 18/691/10
f 49/239/36 137/210/109 54/254/39 5/291/3
f 50/357/37 133/300/105 58/223/43 6/265/4
f 51/505/420 146/417/116 85/513/59 7/569/371
f 52/611/424 128/576/100 86/464/60 8/539/375
f 53/298/38 122/266/94 10/336/6
f 54/254/39 130/319/102 68/391/48 5/291/3
f 55/531/40 214/520/165 160/577/126 1/585/1
f 56/105/41 123/144/95 75/200/52 9/150/5
f 57/537/42 134/493/106 72/556/51 4/587/2
f 57/537/42 216/538/167 186/469/142 27/470/17
f 58/223/43 138/171/110 71/201/50 6/265/4
f 59/491/44 142/504/113 82/578/462 12/572/379
f 59/491/44 218/454/169 188/318/144 29/353/19
f 60/606/428 141/549/112 87/547/61 14/614/387
f 61/162/435 220/173/568 190/338/145 31/326/20
f 62/542/436 155/435/123 83/459/58 13/560/383
f 67/882/47 149/755/119 115/650/88 15/690/8
f 67/882/47 226/860/172 161/983/498 2/994/365
f 68/391/48 130/319/102 96/424/70 16/502/9
f 69/630/446 150/593/120 116/654/89 17/748/398
f 70/624/49 126/600/98 92/647/66 18/691/10
f 70/624/49 229/625/174 163/588/127 4/587/2
f 71/201/50 138/171/110 104/136/78 19/160/11
f 72/556/51 134/493/106 100/396/74 20/484/12
f 73/665/453 14/609/396 8/682/378
f 73/440/450 147/351/117 113/295/86 21/358/402
f 74/913/455 125/726/97 91/636/65 22/706/404
f 75/200/52 123/144/95 89/199/63 23/250/13
f 75/200/52 131/238/103 76/194/53 9/150/5
f 76/194/53 131/238/103 97/275/71 24/219/14
f 76/103/53 139/124/111 80/166/57 9/128/5
f 77/389/54 236/379/179 184/453/140 25/461/15
f 78/301/55 124/269/96 90/203/64 26/244/16
f 78/301/55 135/345/107 79/399/56 11/344/7
f 79/399/56 135/345/107 101/412/75 27/470/17
f 79/399/56 238/398/181 170/343/132 11/344/7
f 80/166/57 139/124/111 105/147/79 28/195/18
f 81/187/458 143/202/479 109/371/82 29/353/19
f 81/604/461 240/603/594 220/1255/567 61/1256/434
f 82/578/463 142/504/113 108/521/81 30/590/409
f 83/459/58 155/435/123 121/311/93 31/326/20
f 83/459/58 242/475/183 172/567/518 13/560/385
f 84/523/466 152/422/122 118/427/91 32/529/412
f 85/513/59 146/417/116 112/339/85 33/439/21
f 86/464/60 128/576/100 94/517/68 34/382/22
f 87/547/61 141/549/112 107/446/80 35/467/23
f 87/547/61 156/285/491 14/614/395
f 88/383/62 157/134/492 66/135/444 36/305/24
f 89/199/63 122/266/94 53/298/38 23/250/13
f 89/199/63 159/155/125 122/266/94
f 90/203/64 123/140/95 56/188/41 26/244/16
f 90/203/64 158/169/124 159/109/125 89/94/63 123/140/95
f 91/636/65 125/726/97 92/647/66 37/596/25
f 91/636/65 128/576/100 52/611/425 22/706/405
f 92/647/66 125/726/97 48/884/35 18/691/10
f 92/647/66 126/600/98 93/548/67 37/596/25
f 93/548/67 127/442/99 94/517/68 37/596/25
f 94/517/68 127/442/99 64/312/46 34/382/22
f 95/420/69 129/498/101 96/424/70 38/342/26
f 96/424/70 129/498/101 46/559/34 16/502/9
f 96/424/70 130/319/102 97/275/71 38/342/26
f 97/275/71 130/319/102 54/254/39 24/219/14
f 97/275/71 131/238/103 98/290/72 38/342/26
f 99/260/73 133/300/105 100/396/74 39/327/27
f 100/396/74 133/300/105 50/357/37 20/484/12
f 100/396/74 134/493/106 101/412/75 39/327/27
f 101/412/75 134/493/106 57/537/42 27/470/17
f 101/412/75 135/345/107 102/281/76 39/327/27
f 103/183/77 137/210/109 104/176/78 40/163/28
f 104/176/78 137/210/109 49/239/36 19/211/11
f 104/136/78 138/171/110 105/147/79 40/125/28
f 105/147/79 138/171/110 58/223/43 28/195/18
f 106/224/470 140/251/477 107/446/80 41/407/29
f 106/680/472 143/627/481 81/604/459 61/1256/433 154/1228/487 120/1153/475 153/1055/484 66/998/445 157/974/495 156/938/490 65/909/442 140/799/478
f 107/446/80 140/251/476 65/273/440 35/467/23
f 107/446/80 141/549/112 108/521/81 41/407/29
f 108/521/81 141/549/112 60/606/429 30/590/408
f 108/521/81 142/504/113 109/371/82 41/407/29
f 109/371/82 142/504/113 59/491/44 29/353/19
f 110/287/83 144/242/114 111/206/84 42/249/30
f 111/248/84 145/279/115 112/339/85 42/292/30
f 112/339/85 145/279/115 63/356/45 33/439/21
f 112/339/85 146/417/116 113/355/86 42/292/30
f 113/355/86 146/417/116 51/505/421 21/432/401
f 114/564/87 148/605/118 115/650/88 43/607/31
f 115/650/88 148/605/118 45/623/33 15/690/8
f 115/650/88 149/755/119 116/654/89 43/607/31
f 116/654/89 149/755/119 47/931/417 17/748/397
f 116/654/89 150/593/120 117/546/90 43/607/31
f 118/427/91 152/422/122 119/302/92 44/303/32
f 118/427/91 155/435/123 62/542/437 32/529/413
f 119/302/92 153/133/483 120/139/473 44/303/32
f 120/139/474 154/148/486 121/311/93 44/303/32
f 121/311/93 154/148/485 61/162/432 31/326/20
f 122/266/94 281/257/219 169/324/131 10/336/6
f 124/269/96 158/169/124 90/203/64
f 124/269/96 283/268/221 317/168/249 158/169/124
f 158/169/124 317/168/249 318/108/250 159/109/125
f 159/155/125 318/154/250 281/257/219 122/266/94
f 160/577/126 205/535/159 307/589/243 204/619/158
f 160/577/126 214/520/165 288/458/226 205/535/159
f 161/983/496 226/860/172 308/698/244 206/887/549
f 162/997/500 233/917/587 284/733/222 207/886/160
f 163/588/127 231/558/176 293/492/231 216/538/167
f 164/213/128 213/165/164 296/110/234 208/130/161
f 164/213/128 227/308/173 289/256/227 213/165/164
f 165/264/129 217/222/168 292/296/230 209/359/162
f 165/264/129 230/204/175 297/167/235 217/222/168
f 166/495/504 244/400/184 305/288/241 210/374/553
f 167/31/511 173/9/529 232/23/586
f 167/554/508 245/490/185 287/582/225 211/620/557
f 168/100/130 234/149/177 282/112/220 215/74/166
f 168/100/130 235/114/178 290/184/228 234/149/177
f 168/123/130 239/158/182 298/120/236 235/99/178
f 169/324/131 281/257/219 212/277/163
f 170/343/132 238/398/181 294/341/232 237/299/180
f 171/555/512 241/515/595 301/403/238 218/454/169
f 172/567/516 242/475/183 314/465/248 221/563/569
f 173/426/520 246/297/186 300/335/237 219/456/561
f 173/426/528 315/79/624 246/297/186
f 174/683/133 204/619/158 307/589/243 274/628/213
f 174/683/133 274/628/213 308/698/244 226/860/172
f 175/437/134 205/535/159 288/458/226 255/352/195
f 175/437/134 255/352/195 289/256/227 227/308/173
f 176/676/530 206/887/550 308/698/244 275/618/214
f 176/676/531 275/618/214 309/543/245 228/591/579
f 177/692/135 207/886/160 284/733/222 251/648/191
f 177/692/135 251/648/191 285/601/223 229/625/174
f 178/104/136 208/130/161 296/110/234 263/91/203
f 178/161/136 263/132/203 297/167/235 230/204/175
f 179/485/137 209/359/162 292/296/230 259/397/199
f 179/485/137 259/397/199 293/492/231 231/558/176
f 180/310/534 210/374/554 305/288/241 272/240/211
f 180/413/535 272/315/211 306/373/242 232/480/583
f 181/713/538 211/620/558 287/582/225 250/644/190
f 181/713/537 250/644/190 284/733/222 233/917/588
f 182/218/138 212/277/163 281/257/219 248/181/188
f 182/218/138 248/181/188 282/112/220 234/149/177
f 183/141/139 213/165/164 289/256/227 256/216/196
f 183/141/139 256/216/196 290/184/228 235/114/178
f 185/241/141 215/185/166 282/129/220 249/198/189
f 185/241/141 249/198/189 283/268/221 237/299/180
f 186/469/142 216/538/167 293/492/231 260/410/200
f 186/469/142 260/410/200 294/341/232 238/398/181
f 187/193/143 217/222/168 297/167/235 264/145/204
f 187/193/143 264/145/204 298/120/236 239/158/182
f 188/318/144 218/454/169 301/403/238 268/283/207
f 188/318/144 268/283/207 302/119/612 240/156/591
f 189/489/541 219/456/562 300/335/237 267/362/206
f 189/489/542 267/362/206 301/403/238 241/515/596
f 190/338/145 220/173/565 313/170/618 280/334/218
f 190/338/145 280/334/218 314/465/248 242/475/183
f 191/566/546 221/563/570 314/465/248 277/477/216
f 191/566/545 277/477/216 311/497/247 243/573/599
f 192/314/146 222/259/170 304/180/240 271/234/210
f 192/314/146 271/234/210 305/288/241 244/400/184
f 193/394/147 223/313/171 286/445/224 253/524/193
f 193/394/147 253/524/193 287/582/225 245/490/185
f 194/237/148 224/84/573 299/93/609 266/243/205
f 194/237/148 266/243/205 300/335/237 246/297/186
f 195/375/149 225/207/577 316/212/625 247/479/187
f 196/598/150 251/648/191 284/733/222 250/644/190
f 196/598/150 252/552/192 285/601/223 251/648/191
f 196/598/150 253/524/193 286/445/224 252/552/192
f 197/293/151 255/352/195 288/458/226 254/380/194
f 197/293/151 256/216/196 289/256/227 255/352/195
f 197/293/151 257/255/197 290/184/228 256/216/196
f 198/323/152 259/397/199 292/296/230 258/258/198
f 198/323/152 260/410/200 293/492/231 259/397/199
f 198/323/152 261/280/201 294/341/232 260/410/200
f 199/89/153 263/91/203 296/110/234 262/97/202
f 199/122/153 264/145/204 297/167/235 263/132/203
f 200/262/154 266/243/205 299/93/610 265/101/603
f 200/262/154 267/362/206 300/335/237 266/243/205
f 200/262/154 268/283/207 301/403/238 267/362/206
f 201/261/155 270/214/209 303/246/239 269/306/208
f 201/186/155 271/234/210 304/180/240 270/131/209
f 201/186/155 272/240/211 305/288/241 271/234/210
f 202/579/156 274/628/213 307/589/243 273/516/212
f 202/579/156 275/618/214 308/698/244 274/628/213
f 202/579/156 276/473/215 309/543/245 275/618/214
f 203/346/157 278/361/217 311/497/247 277/477/216
f 203/346/157 279/174/606 312/191/616 278/361/217
f 203/346/157 280/334/218 313/170/619 279/174/607
f 206/83/552 241/205/598 171/13/513 161/5/497
f 208/130/161 304/180/240 222/259/170 164/213/128
f 209/359/162 286/445/224 223/313/171 165/264/129
f 210/908/556 173/1021/526 166/697/507
f 211/30/560 243/12/602 173/9/524 167/31/510
f 212/277/163 291/316/229 236/379/179 169/324/131
f 215/185/166 295/220/233 239/158/182 168/123/130
f 219/695/564 228/602/582 166/697/506 173/1021/523
f 221/19/572 233/52/590 162/190/501 172/68/517
f 222/259/170 310/376/246 227/308/173 164/213/128
f 223/313/171 303/246/239 230/204/175 165/264/129
f 227/308/173 310/376/246 273/516/212 175/437/134
f 228/602/581 219/695/563 189/565/543 176/434/532
f 228/591/580 309/543/245 244/400/184 166/495/505
f 229/625/174 285/601/223 231/558/176 163/588/127
f 230/204/175 303/246/239 270/214/209 178/161/136
f 231/558/176 285/601/223 252/552/192 179/485/137
f 232/642/585 173/584/525 210/494/555 180/583/536
f 232/480/584 306/373/242 245/490/185 167/554/509
f 233/52/589 221/19/571 191/10/548 181/28/540
f 234/149/177 290/184/228 257/255/197 182/218/138
f 235/114/178 298/90/236 262/97/202 183/141/139
f 236/379/179 291/316/229 254/380/194 184/453/140
f 237/299/180 283/268/221 170/343/132
f 237/299/180 294/341/232 261/280/201 185/241/141
f 239/158/182 295/220/233 258/258/198 187/193/143
f 241/205/597 206/83/551 176/434/533 189/565/544
f 243/12/601 211/30/559 181/28/539 191/10/547
f 243/573/600 311/497/247 247/479/187 173/575/521
f 244/400/184 309/543/245 276/473/215 192/314/146
f 245/490/185 306/373/242 269/306/208 193/394/147
f 246/297/186 315/79/621 224/84/574 194/237/148
f 247/479/187 311/497/247 278/361/217 195/375/149
f 247/479/187 316/212/626 173/575/522
f 248/181/188 281/257/219 318/154/250
f 250/644/190 287/582/225 253/524/193 196/598/150
f 252/552/192 286/445/224 209/359/162 179/485/137
f 254/380/194 288/458/226 214/520/165 184/453/140
f 254/380/194 291/316/229 257/255/197 197/293/151
f 257/255/197 291/316/229 212/277/163 182/218/138
f 258/258/198 292/296/230 217/222/168 187/193/143
f 258/258/198 295/220/233 261/280/201 198/323/152
f 261/280/201 295/220/233 215/185/166 185/241/141
f 262/97/202 296/110/234 213/165/164 183/141/139
f 262/97/202 298/90/236 264/73/204 199/89/153
f 265/101/604 302/119/613 268/283/207 200/262/154
f 269/306/208 303/246/239 223/313/171 193/394/147
f 269/306/208 306/373/242 272/315/211 201/261/155
f 270/131/209 304/180/240 208/130/161 178/104/136
f 273/516/212 307/589/243 205/535/159 175/437/134
f 273/516/212 310/376/246 276/473/215 202/579/156
f 276/473/215 310/376/246 222/259/170 192/314/146
f 277/477/216 314/465/248 280/334/218 203/346/157
f 278/361/217 312/191/615 225/207/576 195/375/149
f 299/797/611 224/906/575 315/937/623 316/973/628 225/995/578 312/1054/617 279/1150/608 313/1227/620 220/1255/566 240/603/592 302/626/614 265/678/605
f 316/66/627 315/79/622 173/426/527
f 317/168/249 283/268/221 249/198/189
f 318/108/250 317/168/249 249/198/189 282/129/220 248/92/188
f 319/768/629 336/801/260 349/778/273 326/747/643
f 320/1183/632 337/993/261 336/988/260 319/1178/630
f 321/1206/634 339/1000/263 337/993/261 320/1183/631
f 322/1211/636 341/1012/265 339/1000/263 321/1206/633
f 323/1218/638 343/1020/267 341/1012/265 322/1211/635
f 324/711/640 345/727/269 343/714/267 323/703/637
f 325/723/642 347/754/271 345/727/269 324/711/639
f 326/747/644 349/778/273 347/754/271 325/723/641
f 327/645/251 367/631/291 369/655/293 328/656/252
f 328/907/252 334/904/258 327/936/251
f 328/656/252 369/655/293 371/718/295 329/705/253
f 329/784/253 333/783/257 334/904/258 328/907/252
f 329/705/253 371/718/295 373/890/297 330/843/254
f 330/685/254 332/686/256 333/783/257 329/784/253
f 330/843/254 373/890/297 375/923/299 331/893/255
f 331/666/255 332/686/256 330/685/254
f 331/666/255 375/649/299 377/672/301 332/686/256
f 332/686/256 377/672/301 379/782/303 333/783/257
f 333/783/257 379/782/303 381/915/305 334/904/258
f 334/904/258 381/915/305 367/958/291 327/936/251
f 335/951/259 338/960/262 353/910/277 351/872/275
f 335/854/259 350/826/274 349/778/273 336/801/260
f 336/988/260 337/993/261 338/960/262 335/951/259
f 337/993/261 339/1000/263 340/984/264 338/960/262
f 338/960/262 340/984/264 355/977/279 353/910/277
f 339/1000/263 341/1012/265 342/1014/266 340/984/264
f 340/984/264 342/1014/266 357/1027/281 355/977/279
f 341/1012/265 343/1020/267 344/1026/268 342/1014/266
f 342/1014/266 344/1026/268 359/1056/283 357/1027/281
f 343/714/267 345/727/269 346/707/270 344/694/268
f 344/694/268 346/707/270 361/679/285 359/652/283
f 345/727/269 347/754/271 348/758/272 346/707/270
f 346/707/270 348/758/272 363/759/287 361/679/285
f 347/754/271 349/778/273 350/826/274 348/758/272
f 348/758/272 350/826/274 365/891/289 363/759/287
f 351/872/275 353/910/277 354/857/278 352/769/276
f 351/926/275 365/891/289 350/826/274 335/854/259
f 352/769/276 354/857/278 370/657/294 368/632/292
f 352/956/276 366/911/290 365/891/289 351/926/275
f 353/910/277 355/977/279 356/955/280 354/857/278
f 354/857/278 356/955/280 372/746/296 370/657/294
f 355/977/279 357/1027/281 358/1031/282 356/955/280
f 356/955/280 358/1031/282 374/905/298 372/746/296
f 357/1027/281 359/1056/283 360/1057/284 358/1031/282
f 358/1031/282 360/1057/284 376/946/300 374/905/298
f 359/652/283 361/679/285 362/660/286 360/633/284
f 360/633/284 362/660/286 378/669/302 376/643/300
f 361/679/285 363/759/287 364/760/288 362/660/286
f 362/660/286 364/760/288 380/781/304 378/669/302
f 363/759/287 365/891/289 366/911/290 364/760/288
f 364/760/288 366/911/290 382/922/306 380/781/304
f 367/958/291 381/915/305 382/922/306 368/969/292
f 368/632/292 370/657/294 369/655/293 367/631/291
f 368/969/292 382/922/306 366/911/290 352/956/276
f 370/657/294 372/746/296 371/718/295 369/655/293
f 372/746/296 374/905/298 373/890/297 371/718/295
f 374/905/298 376/946/300 375/923/299 373/890/297
f 376/643/300 378/669/302 377/672/301 375/649/299
f 378/669/302 380/781/304 379/782/303 377/672/301
f 380/781/304 382/922/306 381/915/305 379/782/303
f 383/869/645 390/856/666 389/825/663 388/785/660 387/770/657 386/786/654 385/827/651 384/858/648
f 383/1174/646 391/1175/670 398/1185/691 390/1184/667
f 384/1154/650 392/1155/674 391/1175/671 383/1174/647
f 385/1132/653 393/1133/677 392/1155/673 384/1154/649
f 386/1249/656 394/1250/680 393/1254/676 385/1253/652
f 387/1241/659 395/1242/683 394/1250/679 386/1249/655
f 388/1219/662 396/1220/686 395/1242/682 387/1241/658
f 389/1209/665 397/1210/689 396/1220/685 388/1219/661
f 390/1184/668 398/1185/692 397/1210/688 389/1209/664
f 392/1008/672 393/1022/675 394/1034/678 395/1046/681 396/1035/684 397/1023/687 398/1010/690 391/1002/669
f 399/1032/693 406/1024/714 405/1006/711 404/992/708 403/991/705 402/999/702 401/1018/699 400/1030/696
f 399/1117/694 407/1116/718 414/1148/739 406/1149/715
f 400/1102/698 408/1103/722 407/1116/719 399/1117/695
f 401/1067/701 409/1068/725 408/1103/721 400/1102/697
f 402/1221/704 410/1222/728 409/1244/724 401/1243/700
f 403/1207/707 411/1208/731 410/1222/727 402/1221/703
f 404/1179/710 412/1180/734 411/1208/730 403/1207/706
f 405/1156/713 413/1157/737 412/1180/733 404/1179/709
f 406/1149/716 414/1148/740 413/1157/736 405/1156/712
f 408/725/720 409/766/723 410/810/726 411/836/729 412/834/732 413/796/735 414/750/738 407/720/717
f 415/751/741 432/761/316 445/745/329 422/728/755
f 416/684/744 433/819/317 432/798/316 415/675/742
f 417/687/746 435/835/319 433/819/317 416/684/743
f 418/693/748 437/853/321 435/835/319 417/687/745
f 419/702/750 439/871/323 437/853/321 418/693/747
f 420/708/752 441/712/325 439/704/323 419/701/749
f 421/716/754 443/719/327 441/712/325 420/708/751
f 422/728/756 445/745/329 443/719/327 421/716/753
f 423/859/307 463/806/347 465/870/349 424/894/308
f 424/868/308 430/861/314 423/895/307
f 424/894/308 465/870/349 467/948/351 425/954/309
f 425/732/309 429/731/313 430/861/314 424/868/308
f 425/954/309 467/948/351 469/1015/353 426/1004/310
f 426/674/310 428/677/312 429/731/313 425/732/309
f 426/1004/310 469/1015/353 471/1041/355 427/1025/311
f 427/658/311 428/677/312 426/674/310
f 427/658/311 471/646/355 473/667/357 428/677/312
f 428/677/312 473/667/357 475/730/359 429/731/313
f 429/731/313 475/730/359 477/883/361 430/861/314
f 430/861/314 477/883/361 463/912/347 423/895/307
f 431/767/315 434/795/318 449/738/333 447/700/331
f 431/809/315 446/779/330 445/745/329 432/761/316
f 432/798/316 433/819/317 434/795/318 431/767/315
f 433/819/317 435/835/319 436/855/320 434/795/318
f 434/795/318 436/855/320 451/866/335 449/738/333
f 435/835/319 437/853/321 438/892/322 436/855/320
f 436/855/320 438/892/322 453/930/337 451/866/335
f 437/853/321 439/871/323 440/903/324 438/892/322
f 438/892/322 440/903/324 455/959/339 453/930/337
f 439/704/323 441/712/325 442/699/326 440/688/324
f 440/688/324 442/699/326 457/673/341 455/653/339
f 441/712/325 443/719/327 444/721/328 442/699/326
f 442/699/326 444/721/328 459/722/343 457/673/341
f 443/719/327 445/745/329 446/779/330 444/721/328
f 444/721/328 446/779/330 461/852/345 459/722/343
f 447/700/331 449/738/333 450/717/334 448/689/332
f 447/896/331 461/852/345 446/779/330 431/809/315
f 448/689/332 450/717/334 466/849/350 464/777/348
f 448/914/332 462/885/346 461/852/345 447/896/331
f 449/738/333 451/866/335 452/881/336 450/717/334
f 450/717/334 452/881/336 468/943/352 466/849/350
f 451/866/335 453/930/337 454/957/338 452/881/336
f 452/881/336 454/957/338 470/1016/354 468/943/352
f 453/930/337 455/959/339 456/989/340 454/957/338
f 454/957/338 456/989/340 472/1048/356 470/1016/354
f 455/653/339 457/673/341 458/659/342 456/639/340
f 456/639/340 458/659/342 474/662/358 472/641/356
f 457/673/341 459/722/343 460/724/344 458/659/342
f 458/659/342 460/724/344 476/729/360 474/662/358
f 459/722/343 461/852/345 462/885/346 460/724/344
f 460/724/344 462/885/346 478/888/362 476/729/360
f 463/912/347 477/883/361 478/888/362 464/919/348
f 464/777/348 466/849/350 465/870/349 463/806/347
f 464/919/348 478/888/362 462/885/346 448/914/332
f 466/849/350 468/943/352 467/948/351 465/870/349
f 468/943/352 470/1016/354 469/1015/353 467/948/351
f 470/1016/354 472/1048/356 471/1041/355 469/1015/353
f 472/641/356 474/662/358 473/667/357 471/646/355
f 474/662/358 476/729/360 475/730/359 473/667/357
f 476/729/360 478/888/362 477/883/361 475/730/359
f 479/800/757 482/867/765 481/780/762 480/715/759
f 480/1333/761 484/1199/771 483/1193/768 479/1308/758
f 481/792/764 485/791/773 484/862/769 480/863/760
f 482/1231/766 486/1315/775 485/1318/772 481/1168/763
f 484/1162/770 485/1134/774 486/1087/776 483/1121/767
f 487/1066/778 491/1251/788 492/1252/791 488/1019/781
f 488/1166/779 489/1138/782 490/1086/785 487/1125/777
f 488/877/780 492/878/789 493/812/793 489/811/784
f 489/1337/783 493/1205/792 494/1201/795 490/1312/786
f 491/1136/787 494/1164/796 493/1123/794 492/1089/790
f 495/1063/798 496/1075/801 497/1074/804 498/1062/807 506/670/831 505/663/828 503/664/822 504/671/825
f 496/944/800 501/940/815 499/967/809 497/971/803
f 497/971/805 499/967/811 500/976/814 498/980/808
f 498/847/806 500/844/813 507/1186/834 506/1189/830
f 501/940/817 496/944/802 495/932/799 502/925/820
f 501/1097/816 502/1104/818 510/1342/842 509/1346/839 508/1348/836 507/1343/833 500/1106/812 499/1099/810
f 504/1127/826 503/1151/823 509/1084/841 510/1073/844
f 504/1329/824 510/599/843 502/635/819 495/1286/797
f 505/1176/827 508/1119/837 509/1084/840 503/1151/821
f 507/1130/835 508/1119/838 505/1176/829 506/1181/832
f 511/1267/845 514/1289/853 513/1296/850 512/1274/847
f 512/1335/849 516/1203/859 515/1198/856 511/1310/846
f 513/845/852 517/846/861 516/772/857 512/771/848
f 514/1235/854 518/1323/863 517/1326/860 513/1172/851
f 516/1299/858 517/1277/862 518/1271/864 515/1293/855
f 519/1266/865 522/1288/873 521/1294/870 520/1272/867
f 520/1334/869 524/1202/879 523/1196/876 519/1309/866
f 521/815/872 525/816/881 524/736/877 520/737/868
f 522/1234/874 526/1322/883 525/1325/880 521/1171/871
f 524/1300/878 525/1278/882 526/1273/884 523/1295/875
f 527/837/885 530/889/893 529/824/890 528/749/887
f 528/1336/889 532/1204/899 531/1200/896 527/1311/886
f 529/833/892 533/832/901 532/757/897 528/756/888
f 530/1236/894 534/1324/903 533/1327/900 529/1173/891
f 532/1163/898 533/1135/902 534/1088/904 531/1122/895
f 535/776/906 539/831/916 540/830/919 536/775/909
f 536/1260/907 537/1224/910 538/1111/913 535/1213/905
f 536/710/908 540/709/917 541/875/921 537/876/912
f 537/828/911 541/773/920 542/774/923 538/829/914
f 539/1247/915 542/1283/924 541/1239/922 540/1160/918
f 543/1248/925 546/1284/933 545/1240/930 544/1161/927
f 544/841/929 548/790/939 547/789/936 543/840/926
f 545/901/932 549/902/941 548/740/937 544/739/928
f 546/787/934 550/838/943 549/839/940 545/788/931
f 548/1259/938 549/1223/942 550/1110/944 547/1212/935
f 551/1245/945 554/1281/953 553/1237/950 552/1158/947
f 552/851/949 556/803/959 555/802/956 551/850/946
f 553/743/952 557/741/961 556/897/957 552/899/948
f 554/763/954 558/821/963 557/820/960 553/762/951
f 556/1258/958 557/1226/962 558/1113/964 555/1215/955
f 559/765/966 563/823/976 564/822/979 560/764/969
f 560/1257/967 561/1225/970 562/1112/973 559/1214/965
f 560/898/968 564/900/977 565/744/981 561/742/972
f 561/804/971 565/752/980 566/753/983 562/805/974
f 563/1246/975 566/1282/984 565/1238/982 564/1159/978
f 567/1230/986 571/1314/996 572/1316/999 568/1167/989
f 568/1304/987 569/1280/990 570/1261/993 567/1279/985
f 568/794/988 572/793/997 573/864/1001 569/865/992
f 569/1330/991 573/1194/1000 574/1190/1003 570/1305/994
f 571/1137/995 574/1165/1004 573/1124/1002 572/1090/998
f 575/1233/1006 579/1319/1016 580/1321/1019 576/1170/1009
f 576/874/1007 577/808/1010 578/807/1013 575/873/1005
f 576/814/1008 580/813/1017 581/879/1021 577/880/1012
f 577/1332/1011 581/1197/1020 582/1192/1023 578/1307/1014
f 579/1269/1015 582/1291/1024 581/1298/1022 580/1276/1018
f 583/1232/1026 587/1317/1036 588/1320/1039 584/1169/1029
f 584/1292/1027 585/1270/1030 586/1265/1033 583/1287/1025
f 584/735/1028 588/734/1037 589/817/1041 585/818/1032
f 585/1331/1031 589/1195/1040 590/1191/1043 586/1306/1034
f 587/1268/1035 590/1290/1044 589/1297/1042 588/1275/1038
f 591/1338/1045 598/696/1067 606/637/1091 600/1354/1072
f 593/966/1051 595/972/1057 597/945/1063 592/939/1048
f 594/975/1056 596/981/1062 595/972/1059 593/966/1053
f 595/1350/1058 596/1344/1060 603/1109/1081 604/1101/1084 605/1096/1087 606/1108/1090 598/1339/1066 597/1345/1064
f 598/933/1068 591/924/1047 592/939/1050 597/945/1065
f 599/1083/1069 605/1152/1088 604/1177/1085 601/1118/1075
f 600/1340/1073 599/1347/1070 601/1349/1076 602/1341/1079 594/1107/1055 593/1100/1052 592/1098/1049 591/1105/1046
f 602/1129/1080 601/1118/1077 604/1177/1086 603/1182/1083
f 602/848/1078 603/842/1082 596/1187/1061 594/1188/1054
f 606/1128/1092 605/1152/1089 599/1083/1071 600/1072/1074
f 607/40/1093 611/56/1111 667/69/1342 651/43/1278
f 607/40/1095 689/41/1429 693/64/1447 611/56/1113
f 608/488/1100 690/499/1434 710/431/1519 628/425/1185
f 609/151/1103 610/433/1108 665/381/1336 652/196/1284
f 610/429/1110 626/378/1177 653/483/1287
f 611/1053/1114 693/1052/1448 713/1013/1533 631/1017/1199
f 612/638/1115 608/681/1097 666/661/1338 654/622/1290
f 612/638/1117 694/629/1451 690/668/1433 608/681/1099
f 613/121/1119 615/217/1127 662/289/1322 655/189/1294
f 614/592/1124 616/550/1132 663/586/1326 656/613/1298
f 615/217/1128 613/121/1120 659/87/1310 657/146/1302
f 616/550/1131 614/592/1123 661/568/1318 658/486/1306
f 617/58/1135 625/96/1169 657/146/1301 659/87/1309
f 618/227/1142 623/349/1164 685/317/1416 660/252/1316
f 619/527/1143 626/378/1173 658/486/1305 661/568/1317
f 620/388/1147 622/245/1157 655/189/1293 662/289/1321
f 621/608/1153 624/634/1165 656/613/1297 663/586/1325
f 622/245/1160 620/388/1151 664/294/1331
f 623/349/1163 618/227/1141 652/196/1283 665/381/1335
f 624/634/1166 621/608/1154 654/622/1289 666/661/1337
f 625/96/1170 617/58/1136 651/43/1277 667/69/1341
f 626/405/1176 610/433/1109 609/151/1104 620/182/1150
f 627/419/1182 709/404/1516 689/472/1430 607/487/1096
f 628/179/1183 632/247/1202 671/282/1359 683/226/1405
f 628/179/1186 710/153/1520 714/230/1537 632/247/1203
f 629/4/1191 640/3/1237 681/6/1399
f 630/63/1193 629/286/1188 669/253/1351 682/86/1401
f 631/72/1197 627/116/1180 668/77/1347 684/53/1409
f 631/72/1200 713/107/1534 709/177/1515 627/116/1181
f 632/1033/1204 714/1037/1538 694/1059/1452 612/1058/1118
f 633/21/1207 635/16/1215 675/24/1375 677/35/1381
f 634/402/1210 636/466/1218 676/533/1379 678/462/1385
f 635/16/1214 633/21/1206 672/14/1363 679/7/1389
f 636/466/1219 634/402/1211 674/330/1371 680/395/1393
f 637/47/1223 645/36/1257 684/53/1410 668/77/1348
f 638/221/1226 643/102/1248 682/86/1402 669/253/1352
f 639/510/1230 646/581/1260 670/551/1355
f 640/267/1236 629/286/1190 630/63/1195 646/71/1262
f 640/934/1235 646/1028/1261 626/1029/1175 620/935/1149
f 641/329/1241 644/274/1253 683/226/1406 671/282/1360
f 642/8/1244 640/3/1233 679/7/1390 672/14/1364
f 643/102/1250 638/221/1228 686/197/1420 673/117/1368
f 644/274/1252 641/329/1240 680/395/1394 674/330/1372
f 645/36/1256 637/47/1222 677/35/1382 675/24/1376
f 646/581/1263 639/510/1232 678/462/1388 676/533/1380
f 647/1141/1267 649/1079/1273 687/1078/1422 688/1139/1425
f 647/304/1266 688/284/1424 648/270/1269 660/252/1315 685/317/1415
f 650/61/1276 648/60/1270 688/51/1426 687/50/1423
f 650/178/1275 687/157/1421 649/143/1272 673/117/1367 686/197/1419
f 651/496/1279 668/428/1345 627/419/1179 607/487/1094
f 652/229/1281 669/228/1349 629/369/1187 609/370/1101
f 653/483/1288 626/378/1178 619/527/1146
f 653/1147/1285 670/1093/1353 630/1091/1192 610/1146/1106
f 654/987/1291 671/950/1357 632/953/1201 612/990/1116
f 655/514/1295 672/451/1361 633/443/1205 613/509/1121
f 656/1126/1299 674/1082/1369 634/1092/1209 614/1131/1125
f 657/970/1303 675/927/1373 635/929/1213 615/965/1129
f 658/979/1307 676/942/1377 636/947/1217 616/982/1133
f 659/506/1311 677/438/1383 637/430/1224 617/501/1138
f 660/81/1313 686/80/1417 638/126/1227 618/127/1140
f 661/1140/1319 678/1094/1386 639/1095/1231 619/1144/1145
f 662/963/1323 679/921/1391 640/928/1234 620/968/1148
f 663/985/1327 680/952/1395 641/949/1242 621/986/1156
f 664/294/1332 620/388/1152 609/347/1105
f 664/528/1329 681/463/1397 642/457/1245 622/519/1159
f 665/1145/1333 682/1085/1403 643/1081/1249 623/1143/1162
f 666/1115/1339 683/1076/1407 644/1077/1254 624/1120/1168
f 667/961/1343 684/916/1411 645/920/1258 625/964/1172
f 668/428/1346 651/496/1280 617/501/1137 637/430/1221
f 669/228/1350 652/229/1282 618/127/1139 638/126/1225
f 670/551/1356 646/581/1264 630/574/1196
f 670/1093/1354 653/1147/1286 619/1144/1144 639/1095/1229
f 671/950/1358 654/987/1292 621/986/1155 641/949/1239
f 672/451/1362 655/514/1296 622/519/1158 642/457/1243
f 673/1080/1365 685/1142/1413 623/1143/1161 643/1081/1247
f 674/1082/1370 656/1126/1300 624/1120/1167 644/1077/1251
f 675/927/1374 657/970/1304 625/964/1171 645/920/1255
f 676/942/1378 658/979/1308 626/978/1174 646/941/1259
f 677/438/1384 659/506/1312 613/509/1122 633/443/1208
f 678/1094/1387 661/1140/1320 614/1131/1126 634/1092/1212
f 679/921/1392 662/963/1324 615/965/1130 635/929/1216
f 680/952/1396 663/985/1328 616/982/1134 636/947/1220
f 681/6/1400 640/3/1238 642/8/1246
f 681/463/1398 664/528/1330 609/532/1102 629/474/1189
f 682/1085/1404 665/1145/1334 610/1146/1107 630/1091/1194
f 683/1076/1408 666/1115/1340 608/1114/1098 628/1069/1184
f 684/916/1412 667/961/1344 611/962/1112 631/918/1198
f 685/1142/1414 673/1080/1366 649/1079/1271 647/1141/1265
f 686/80/1418 660/81/1314 648/60/1268 650/61/1274
f 689/415/1428 709/365/1513 750/367/1679 733/416/1613
f 691/372/1439 702/387/1486 746/321/1666
f 691/401/1435 711/340/1521 751/333/1683 734/393/1615
f 692/536/1440 712/476/1526 752/468/1687 735/530/1619
f 694/1059/1450 714/1037/1535 753/1038/1691 736/1060/1625
f 695/418/1455 715/363/1539 754/360/1695 737/414/1629
f 696/512/1459 716/452/1543 756/447/1703 738/508/1633
f 697/1042/1463 717/1005/1547 757/1007/1707 739/1044/1637
f 698/1065/1467 718/1045/1551 758/1049/1711 740/1070/1641
f 699/421/1472 719/368/1558 759/366/1717 741/423/1645
f 700/390/1474 720/328/1561 768/325/1751 742/386/1647
f 701/500/1480 708/377/1512 735/444/1622
f 701/525/1479 721/460/1565 760/455/1720 743/518/1653
f 702/34/1484 691/26/1438 692/159/1443 708/138/1510
f 702/1264/1483 708/1217/1509 728/1216/1595 722/1263/1569
f 702/1036/1482 722/1001/1568 761/1003/1725 744/1039/1657
f 703/1061/1490 723/1040/1576 762/1043/1729 745/1064/1661
f 704/408/1493 724/354/1579 763/350/1731 746/406/1663
f 705/331/1496 725/332/1583 764/450/1737 747/449/1667
f 706/507/1502 726/441/1588 765/436/1741 748/503/1673
f 707/1047/1506 727/1009/1592 766/1011/1745 749/1050/1677
f 710/431/1518 690/499/1432 748/503/1674 765/436/1742
f 711/340/1523 691/401/1436 746/406/1664 763/350/1732
f 712/476/1528 692/536/1441 747/541/1668 764/482/1738
f 712/561/1530 728/580/1598 752/526/1690
f 713/1013/1532 693/1052/1446 749/1050/1678 766/1011/1746
f 715/363/1542 695/418/1456 741/423/1646 759/366/1718
f 716/452/1546 696/512/1460 743/518/1654 760/455/1721
f 717/1005/1550 697/1042/1464 744/1039/1658 761/1003/1726
f 718/1045/1554 698/1065/1468 745/1064/1662 762/1043/1730
f 719/368/1555 699/421/1471 733/416/1614 750/367/1680
f 720/328/1559 700/390/1473 734/393/1616 751/333/1684
f 721/460/1563 701/525/1478 735/530/1620 752/468/1688
f 723/1040/1573 703/1061/1489 736/1060/1626 753/1038/1692
f 724/354/1577 704/408/1492 737/414/1630 754/360/1696
f 724/46/1580 722/20/1572 763/39/1734
f 725/332/1581 705/331/1495 767/271/1747 755/272/1699
f 726/441/1585 706/507/1501 738/508/1634 756/447/1704
f 727/1009/1589 707/1047/1505 739/1044/1638 757/1007/1708
f 728/1051/1593 708/1071/1508 740/1070/1642 758/1049/1712
f 728/15/1596 712/11/1529 711/67/1524 722/55/1570
f 729/231/1599 731/232/1605 755/272/1700 767/271/1748
f 732/322/1608 730/385/1602 742/386/1648 768/325/1752
f 733/54/1612 749/85/1676 693/64/1445 689/41/1427
f 734/37/1618 747/118/1670 692/159/1442 691/26/1437
f 735/444/1621 708/377/1511 692/392/1444
f 736/612/1624 748/640/1672 690/668/1431 694/629/1449
f 737/233/1628 744/307/1656 697/236/1461 695/175/1453
f 738/594/1632 745/571/1660 698/534/1466 696/570/1458
f 739/172/1636 741/115/1644 695/175/1454 697/236/1462
f 740/471/1640 743/540/1652 696/570/1457 698/534/1465
f 741/115/1643 739/172/1635 707/113/1503 699/76/1469
f 742/48/1650 767/88/1750 705/98/1498 700/44/1476
f 743/540/1651 740/471/1639 708/377/1507 701/500/1477
f 744/307/1655 737/233/1627 704/276/1491 702/387/1481
f 745/571/1659 738/594/1631 706/616/1499 703/595/1487
f 746/321/1665 702/387/1485 704/276/1494
f 747/118/1669 734/37/1617 700/44/1475 705/98/1497
f 748/640/1671 736/612/1623 703/595/1488 706/616/1500
f 749/85/1675 733/54/1611 699/76/1470 707/113/1504
f 750/164/1682 766/95/1744 727/75/1591 719/137/1557
f 751/49/1686 764/17/1736 725/18/1582 720/42/1560
f 752/526/1689 728/580/1594 721/481/1564
f 753/263/1694 765/192/1740 726/235/1587 723/309/1575
f 754/59/1698 761/32/1724 722/20/1567 724/46/1578
f 755/22/1702 768/38/1754 720/42/1562 725/18/1584
f 756/278/1706 762/364/1728 723/309/1574 726/235/1586
f 757/62/1710 759/106/1716 719/137/1556 727/75/1590
f 758/522/1714 760/409/1722 721/481/1566 728/580/1597
f 759/106/1715 757/62/1709 717/45/1549 715/82/1541
f 760/409/1719 758/522/1713 718/448/1552 716/337/1544
f 761/32/1723 754/59/1697 715/82/1540 717/45/1548
f 762/364/1727 756/278/1705 716/337/1545 718/448/1553
f 763/39/1733 722/20/1571 711/29/1525
f 764/17/1735 751/49/1685 711/67/1522 712/11/1527
f 765/192/1739 753/263/1693 714/230/1536 710/153/1517
f 766/95/1743 750/164/1681 709/177/1514 713/107/1531
f 767/88/1749 742/48/1649 730/57/1603 770/65/1758 729/70/1600
f 768/38/1753 755/22/1701 731/25/1606 769/27/1755 732/33/1609
f 769/320/1757 770/384/1760 730/385/1604 732/322/1610
f 770/208/1759 769/209/1756 731/232/1607 729/231/1601
