# Exported from Wings 3D 1.0.2
mtllib ShipDoors.mtl
o cube45_sep3
#1136 vertices, 902 faces
v -0.14606807 1.0107557e-2 -0.18631491
v -0.15154607 -3.1174961e-3 -0.18631491
v -0.16477112 -8.5954926e-3 -0.18631491
v -0.17799618 -3.1174961e-3 -0.18631491
v -0.18347417 1.0107557e-2 -0.18631491
v -0.17799618 2.3332611e-2 -0.18631491
v -0.16477112 2.8810607e-2 -0.18631491
v -0.15154607 2.3332611e-2 -0.18631491
v -0.14606807 1.0107557e-2 -0.20581030
v -0.15154607 -3.1174961e-3 -0.20581030
v -0.16477112 -8.5954926e-3 -0.20581030
v -0.17799618 -3.1174961e-3 -0.20581030
v -0.18347417 1.0107557e-2 -0.20581030
v -0.17799618 2.3332611e-2 -0.20581030
v -0.16477112 2.8810607e-2 -0.20581030
v -0.15154607 2.3332611e-2 -0.20581030
v -0.15192275 1.0107557e-2 -0.21121932
v -0.15568595 1.0223836e-3 -0.21121932
v -0.16477112 -2.7408187e-3 -0.21121932
v -0.17385630 1.0223836e-3 -0.21121932
v -0.17761950 1.0107557e-2 -0.21121932
v -0.17385630 1.9192731e-2 -0.21121932
v -0.16477112 2.2955933e-2 -0.21121932
v -0.15568595 1.9192731e-2 -0.21121932
v -0.15730062 2.6370578e-3 -0.18612822
v -0.15420624 1.0107557e-2 -0.18612822
v -0.15730062 1.7578057e-2 -0.18612822
v -0.16477112 2.0672439e-2 -0.18612822
v -0.17224162 1.7578057e-2 -0.18612822
v -0.17533600 1.0107557e-2 -0.18612822
v -0.17224162 2.6370578e-3 -0.18612822
v -0.16477112 -4.5732447e-4 -0.18612822
v -0.15730062 2.6370578e-3 -0.11642289
v -0.15420624 1.0107557e-2 -0.11642289
v -0.15730062 1.7578057e-2 -0.11642289
v -0.16477112 2.0672439e-2 -0.11642289
v -0.17224162 1.7578057e-2 -0.11642289
v -0.17533600 1.0107557e-2 -0.11642289
v -0.17224162 2.6370578e-3 -0.11642289
v -0.16477112 -4.5732447e-4 -0.11642289
v -8.2316391e-2 -0.10579267 -0.22806305
v -7.9851604e-2 -0.10511659 -0.22405300
v -7.6046885e-2 -0.10226408 -0.22405300
v -7.4706952e-2 -0.10008765 -0.22806305
v -7.7171739e-2 -0.10076373 -0.23207309
v -8.0976458e-2 -0.10361624 -0.23207309
v -0.16392655 3.0600418e-3 -0.19625340
v -0.16146176 3.7361254e-3 -0.19224336
v -0.15765704 6.5886380e-3 -0.19224336
v -0.15631711 8.7650669e-3 -0.19625340
v -0.15878190 8.0889832e-3 -0.20026345
v -0.16258662 5.2364706e-3 -0.20026345
v -0.25762648 -9.7788891e-2 -0.22806305
v -0.25634167 -9.9998305e-2 -0.22405300
v -0.25260983 -0.10294553 -0.22405300
v -0.25016282 -0.10368334 -0.22806305
v -0.25144763 -0.10147393 -0.23207309
v -0.25517947 -9.8526702e-2 -0.23207309
v -0.17330662 8.9785746e-3 -0.19625340
v -0.17202180 6.7691604e-3 -0.19224336
v -0.16828997 3.8219358e-3 -0.19224336
v -0.16584295 3.0841253e-3 -0.19625340
v -0.16712777 5.2935394e-3 -0.20026345
v -0.17085960 8.2407641e-3 -0.20026345
v -0.30856833 1.6919321e-2 -0.22806305
v -0.30950675 1.4542007e-2 -0.22405300
v -0.30950841 9.7867244e-3 -0.22405300
v -0.30857165 7.4087558e-3 -0.22806305
v -0.30763322 9.7860698e-3 -0.23207309
v -0.30763156 1.4541352e-2 -0.23207309
v -0.17252007 1.6871831e-2 -0.19625340
v -0.17345849 1.4494517e-2 -0.19224336
v -0.17346015 9.7392346e-3 -0.19224336
v -0.17252339 7.3612660e-3 -0.19625340
v -0.17158496 9.7385800e-3 -0.20026345
v -0.17158330 1.4493863e-2 -0.20026345
v -0.16001584 4.3632362e-3 -0.19625340
v -0.16239348 5.3008305e-3 -0.20026345
v -0.16714876 5.3008305e-3 -0.20026345
v -0.16952641 4.3632362e-3 -0.19625340
v -0.16714876 3.4256419e-3 -0.19224336
v -0.16239348 3.4256419e-3 -0.19224336
v -0.16001584 -0.13168503 -0.22806305
v -0.16239348 -0.13074744 -0.23207309
v -0.16714876 -0.13074744 -0.23207309
v -0.16952641 -0.13168503 -0.22806305
v -0.16714876 -0.13262263 -0.22405300
v -0.16239348 -0.13262263 -0.22405300
v -0.16001584 0.15591272 -0.22806305
v -0.16239348 0.15685031 -0.22405300
v -0.16714876 0.15685031 -0.22405300
v -0.16952641 0.15591272 -0.22806305
v -0.16714876 0.15497512 -0.23207309
v -0.16239348 0.15497512 -0.23207309
v -0.16001584 1.9864450e-2 -0.19625340
v -0.16239348 2.0802044e-2 -0.19224336
v -0.16714876 2.0802044e-2 -0.19224336
v -0.16952641 1.9864450e-2 -0.19625340
v -0.16714876 1.8926856e-2 -0.20026345
v -0.16239348 1.8926856e-2 -0.20026345
v -0.16369929 2.1143561e-2 -0.19625340
v -0.16241448 1.8934147e-2 -0.20026345
v -0.15868264 1.5986922e-2 -0.20026345
v -0.15623563 1.5249112e-2 -0.19625340
v -0.15752044 1.7458526e-2 -0.19224336
v -0.16125227 2.0405751e-2 -0.19224336
v -7.9379429e-2 0.12791103 -0.22806305
v -7.8094613e-2 0.12570161 -0.23207309
v -7.4362780e-2 0.12275439 -0.23207309
v -7.1915761e-2 0.12201658 -0.22806305
v -7.3200577e-2 0.12422599 -0.22405300
v -7.6932411e-2 0.12717322 -0.22405300
v -0.17322513 1.5462619e-2 -0.19625340
v -0.17076035 1.6138703e-2 -0.20026345
v -0.16695563 1.8991216e-2 -0.20026345
v -0.16561570 2.1167645e-2 -0.19625340
v -0.16808048 2.0491561e-2 -0.19224336
v -0.17188520 1.7639048e-2 -0.19224336
v -0.25483529 0.12431533 -0.22806305
v -0.25237051 0.12499142 -0.23207309
v -0.24856579 0.12784393 -0.23207309
v -0.24722585 0.13002036 -0.22806305
v -0.24969064 0.12934427 -0.22405300
v -0.25349536 0.12649176 -0.22405300
v -0.31819629 1.0107557e-2 -0.23159880
v -0.31300613 -2.9315563e-2 -0.23159880
v -0.29778938 -6.6052063e-2 -0.23159880
v -0.27358301 -9.7598410e-2 -0.23159880
v -0.24203667 -0.12180477 -0.23159880
v -0.20530017 -0.13702153 -0.23159880
v -0.16587705 -0.14221168 -0.23159880
v -0.12645393 -0.13702153 -0.23159880
v -8.9717427e-2 -0.12180477 -0.23159880
v -5.8171079e-2 -9.7598410e-2 -0.23159880
v -3.3964715e-2 -6.6052063e-2 -0.23159880
v -1.8747959e-2 -2.9315563e-2 -0.23159880
v -1.3557807e-2 1.0107557e-2 -0.23159880
v -1.8747959e-2 4.9530678e-2 -0.23159880
v -3.3964715e-2 8.6267177e-2 -0.23159880
v -5.8171079e-2 0.11781352 -0.23159880
v -8.9717427e-2 0.14201989 -0.23159880
v -0.12645393 0.15723664 -0.23159880
v -0.16587705 0.16242680 -0.23159880
v -0.20530017 0.15723664 -0.23159880
v -0.24203667 0.14201989 -0.23159880
v -0.27358301 0.11781352 -0.23159880
v -0.29778938 8.6267177e-2 -0.23159880
v -0.31300613 4.9530678e-2 -0.23159880
v -0.31361674 1.0107557e-2 -0.22022951
v -0.30858263 -2.8130289e-2 -0.22022951
v -0.29382337 -6.3762289e-2 -0.22022951
v -0.27034478 -9.4360181e-2 -0.22022951
v -0.23974689 -0.11783877 -0.22022951
v -0.20411489 -0.13259803 -0.22022951
v -0.16587705 -0.13763214 -0.22022951
v -0.12763920 -0.13259803 -0.22022951
v -9.2007200e-2 -0.11783877 -0.22022951
v -6.1409308e-2 -9.4360181e-2 -0.22022951
v -3.7930720e-2 -6.3762289e-2 -0.22022951
v -2.3171462e-2 -2.8130289e-2 -0.22022951
v -1.8137354e-2 1.0107557e-2 -0.22022951
v -2.3171462e-2 4.8345403e-2 -0.22022951
v -3.7930720e-2 8.3977404e-2 -0.22022951
v -6.1409308e-2 0.11457530 -0.22022951
v -9.2007200e-2 0.13805388 -0.22022951
v -0.12763920 0.15281314 -0.22022951
v -0.16587705 0.15784725 -0.22022951
v -0.20411489 0.15281314 -0.22022951
v -0.23974689 0.13805388 -0.22022951
v -0.27034478 0.11457530 -0.22022951
v -0.29382337 8.3977404e-2 -0.22022951
v -0.30858263 4.8345403e-2 -0.22022951
v -0.30248689 1.0107557e-2 -0.22496894
v -0.29783202 -2.5249671e-2 -0.22496894
v -0.28418464 -5.8197364e-2 -0.22496894
v -0.26247479 -8.6490188e-2 -0.22496894
v -0.23418197 -0.10820004 -0.22496894
v -0.20123428 -0.12184742 -0.22496894
v -0.16587705 -0.12650228 -0.22496894
v -0.13051982 -0.12184742 -0.22496894
v -9.7572126e-2 -0.10820004 -0.22496894
v -6.9279301e-2 -8.6490188e-2 -0.22496894
v -4.7569453e-2 -5.8197364e-2 -0.22496894
v -3.3922072e-2 -2.5249671e-2 -0.22496894
v -2.9267204e-2 1.0107557e-2 -0.22496894
v -3.3922072e-2 4.5464786e-2 -0.22496894
v -4.7569453e-2 7.8412478e-2 -0.22496894
v -6.9279301e-2 0.10670530 -0.22496894
v -9.7572126e-2 0.12841515 -0.22496894
v -0.13051982 0.14206253 -0.22496894
v -0.16587705 0.14671740 -0.22496894
v -0.20123428 0.14206253 -0.22496894
v -0.23418197 0.12841515 -0.22496894
v -0.26247479 0.10670530 -0.22496894
v -0.28418464 7.8412478e-2 -0.22496894
v -0.29783202 4.5464786e-2 -0.22496894
v -0.30706644 1.0107557e-2 -0.23633822
v -0.30225552 -2.6434946e-2 -0.23633822
v -0.28815064 -6.0487137e-2 -0.23633822
v -0.26571302 -8.9728417e-2 -0.23633822
v -0.23647174 -0.11216604 -0.23633822
v -0.20241955 -0.12627092 -0.23633822
v -0.16587705 -0.13108183 -0.23633822
v -0.12933454 -0.12627092 -0.23633822
v -9.5282352e-2 -0.11216604 -0.23633822
v -6.6041072e-2 -8.9728417e-2 -0.23633822
v -4.3603449e-2 -6.0487137e-2 -0.23633822
v -2.9498569e-2 -2.6434946e-2 -0.23633822
v -2.4687657e-2 1.0107557e-2 -0.23633822
v -2.9498569e-2 4.6650060e-2 -0.23633822
v -4.3603449e-2 8.0702252e-2 -0.23633822
v -6.6041072e-2 0.10994353 -0.23633822
v -9.5282352e-2 0.13238116 -0.23633822
v -0.12933454 0.14648603 -0.23633822
v -0.16587705 0.15129695 -0.23633822
v -0.20241955 0.14648603 -0.23633822
v -0.23647174 0.13238116 -0.23633822
v -0.26571302 0.10994353 -0.23633822
v -0.28815064 8.0702252e-2 -0.23633822
v -0.30225552 4.6650060e-2 -0.23633822
v -0.31774573 1.0107557e-2 -0.22517779
v -0.31257093 -2.9198950e-2 -0.22517779
v -0.29739918 -6.5826784e-2 -0.22517779
v -0.27326442 -9.7279818e-2 -0.22517779
v -0.24181139 -0.12141458 -0.22517779
v -0.20518355 -0.13658633 -0.22517779
v -0.16587705 -0.14176113 -0.22517779
v -0.12657054 -0.13658633 -0.22517779
v -8.9942705e-2 -0.12141458 -0.22517779
v -5.8489671e-2 -9.7279818e-2 -0.22517779
v -3.4354909e-2 -6.5826784e-2 -0.22517779
v -1.9183163e-2 -2.9198950e-2 -0.22517779
v -1.4008363e-2 1.0107557e-2 -0.22517779
v -1.9183163e-2 4.9414065e-2 -0.22517779
v -3.4354909e-2 8.6041899e-2 -0.22517779
v -5.8489671e-2 0.11749493 -0.22517779
v -8.9942705e-2 0.14162970 -0.22517779
v -0.12657054 0.15680144 -0.22517779
v -0.16587705 0.16197624 -0.22517779
v -0.20518355 0.15680144 -0.22517779
v -0.24181139 0.14162970 -0.22517779
v -0.27326442 0.11749493 -0.22517779
v -0.29739918 8.6041899e-2 -0.22517779
v -0.31257093 4.9414065e-2 -0.22517779
v -0.30723449 1.0107557e-2 -0.22068884
v -0.30241785 -2.6478441e-2 -0.22068884
v -0.28829618 -6.0571163e-2 -0.22068884
v -0.26583185 -8.9847248e-2 -0.22068884
v -0.23655577 -0.11231158 -0.22068884
v -0.20246304 -0.12643325 -0.22068884
v -0.16587705 -0.13124988 -0.22068884
v -0.12929105 -0.12643325 -0.22068884
v -9.5198326e-2 -0.11231158 -0.22068884
v -6.5922241e-2 -8.9847248e-2 -0.22068884
v -4.3457911e-2 -6.0571163e-2 -0.22068884
v -2.9336243e-2 -2.6478441e-2 -0.22068884
v -2.4519605e-2 1.0107557e-2 -0.22068884
v -2.9336243e-2 4.6693555e-2 -0.22068884
v -4.3457911e-2 8.0786278e-2 -0.22068884
v -6.5922241e-2 0.11006236 -0.22068884
v -9.5198326e-2 0.13252669 -0.22068884
v -0.12929105 0.14664836 -0.22068884
v -0.16587705 0.15146500 -0.22068884
v -0.20246304 0.14664836 -0.22068884
v -0.23655577 0.13252669 -0.22068884
v -0.26583185 0.11006236 -0.22068884
v -0.28829618 8.0786278e-2 -0.22068884
v -0.30241785 4.6693555e-2 -0.22068884
v -0.30293745 1.0107557e-2 -0.23138995
v -0.29826723 -2.5366284e-2 -0.23138995
v -0.28457483 -5.8422642e-2 -0.23138995
v -0.26279338 -8.6808780e-2 -0.23138995
v -0.23440725 -0.10859023 -0.23138995
v -0.20135089 -0.12228262 -0.23138995
v -0.16587705 -0.12695284 -0.23138995
v -0.13040321 -0.12228262 -0.23138995
v -9.7346847e-2 -0.10859023 -0.23138995
v -6.8960709e-2 -8.6808780e-2 -0.23138995
v -4.7179259e-2 -5.8422642e-2 -0.23138995
v -3.3486868e-2 -2.5366284e-2 -0.23138995
v -2.8816648e-2 1.0107557e-2 -0.23138995
v -3.3486868e-2 4.5581399e-2 -0.23138995
v -4.7179259e-2 7.8637757e-2 -0.23138995
v -6.8960709e-2 0.10702389 -0.23138995
v -9.7346847e-2 0.12880534 -0.23138995
v -0.13040321 0.14249774 -0.23138995
v -0.16587705 0.14716796 -0.23138995
v -0.20135089 0.14249774 -0.23138995
v -0.23440725 0.12880534 -0.23138995
v -0.26279338 0.10702389 -0.23138995
v -0.28457483 7.8637757e-2 -0.23138995
v -0.29826723 4.5581399e-2 -0.23138995
v -0.31344869 1.0107557e-2 -0.23587890
v -0.30842031 -2.8086794e-2 -0.23587890
v -0.29367784 -6.3678263e-2 -0.23587890
v -0.27022595 -9.4241350e-2 -0.23587890
v -0.23966287 -0.11769323 -0.23587890
v -0.20407140 -0.13243570 -0.23587890
v -0.16587705 -0.13746408 -0.23587890
v -0.12768270 -0.13243570 -0.23587890
v -9.2091226e-2 -0.11769323 -0.23587890
v -6.1528139e-2 -9.4241350e-2 -0.23587890
v -3.8076257e-2 -6.3678263e-2 -0.23587890
v -2.3333788e-2 -2.8086794e-2 -0.23587890
v -1.8305406e-2 1.0107557e-2 -0.23587890
v -2.3333788e-2 4.8301908e-2 -0.23587890
v -3.8076257e-2 8.3893378e-2 -0.23587890
v -6.1528139e-2 0.11445647 -0.23587890
v -9.2091226e-2 0.13790835 -0.23587890
v -0.12768270 0.15265082 -0.23587890
v -0.16587705 0.15767920 -0.23587890
v -0.20407140 0.15265082 -0.23587890
v -0.23966287 0.13790835 -0.23587890
v -0.27022595 0.11445647 -0.23587890
v -0.29367784 8.3893378e-2 -0.23587890
v -0.30842031 4.8301908e-2 -0.23587890
v -0.15701886 1.6866420e-2 -0.19625340
v -0.15795728 1.4489106e-2 -0.20026345
v -0.15795894 9.7338236e-3 -0.20026345
v -0.15702218 7.3558550e-3 -0.19625340
v -0.15608375 9.7331691e-3 -0.19224336
v -0.15608209 1.4488452e-2 -0.19224336
v -2.0970597e-2 1.6818931e-2 -0.22806305
v -2.1909021e-2 1.4441617e-2 -0.23207309
v -2.1910681e-2 9.6863338e-3 -0.23207309
v -2.0973916e-2 7.3083652e-3 -0.22806305
v -2.0035492e-2 9.6856793e-3 -0.22405300
v -2.0033832e-2 1.4440962e-2 -0.22405300
v -0.18458010 1.0107557e-2 -1.8246596e-2
v -0.17910210 -3.1174961e-3 -1.8246596e-2
v -0.16587705 -8.5954926e-3 -1.8246596e-2
v -0.15265199 -3.1174961e-3 -1.8246596e-2
v -0.14717400 1.0107557e-2 -1.8246596e-2
v -0.15265199 2.3332611e-2 -1.8246596e-2
v -0.16587705 2.8810607e-2 -1.8246596e-2
v -0.17910210 2.3332611e-2 -1.8246596e-2
v -0.18458010 1.0107557e-2 1.2487942e-3
v -0.17910210 -3.1174961e-3 1.2487942e-3
v -0.16587705 -8.5954926e-3 1.2487942e-3
v -0.15265199 -3.1174961e-3 1.2487942e-3
v -0.14717400 1.0107557e-2 1.2487942e-3
v -0.15265199 2.3332611e-2 1.2487942e-3
v -0.16587705 2.8810607e-2 1.2487942e-3
v -0.17910210 2.3332611e-2 1.2487942e-3
v -0.17872542 1.0107557e-2 6.6578077e-3
v -0.17496222 1.0223836e-3 6.6578077e-3
v -0.16587705 -2.7408187e-3 6.6578077e-3
v -0.15679187 1.0223836e-3 6.6578077e-3
v -0.15302867 1.0107557e-2 6.6578077e-3
v -0.15679187 1.9192731e-2 6.6578077e-3
v -0.16587705 2.2955933e-2 6.6578077e-3
v -0.17496222 1.9192731e-2 6.6578077e-3
v -0.17334755 2.6370578e-3 -1.8433286e-2
v -0.17644193 1.0107557e-2 -1.8433286e-2
v -0.17334755 1.7578057e-2 -1.8433286e-2
v -0.16587705 2.0672439e-2 -1.8433286e-2
v -0.15840655 1.7578057e-2 -1.8433286e-2
v -0.15531216 1.0107557e-2 -1.8433286e-2
v -0.15840655 2.6370578e-3 -1.8433286e-2
v -0.16587705 -4.5732447e-4 -1.8433286e-2
v -0.17334755 2.6370578e-3 -8.8138618e-2
v -0.17644193 1.0107557e-2 -8.8138618e-2
v -0.17334755 1.7578057e-2 -8.8138618e-2
v -0.16587705 2.0672439e-2 -8.8138618e-2
v -0.15840655 1.7578057e-2 -8.8138618e-2
v -0.15531216 1.0107557e-2 -8.8138618e-2
v -0.15840655 2.6370578e-3 -8.8138618e-2
v -0.16587705 -4.5732447e-4 -8.8138618e-2
v 0.25235241 0.43102662 -2.3742237e-2
v 0.25235241 0.45698195 -2.3742237e-2
v 0.36083406 0.45698195 -2.3742237e-2
v 0.36083406 0.43102662 -2.3742237e-2
v 0.25235241 0.43102662 -7.4666591e-2
v 0.25235241 0.45698195 -7.4666591e-2
v 0.36083406 0.45698195 -7.4666591e-2
v 0.36083406 0.43102662 -7.4666591e-2
v 0.30659324 0.43102662 -2.3742237e-2
v 0.30659324 0.45698195 -2.3742237e-2
v 0.30659324 0.43102662 -4.2572822e-2
v 0.30659324 0.45698195 -4.2572822e-2
v 0.32015344 0.41598946 -2.3742237e-2
v 0.32015344 0.47201912 -2.3742237e-2
v 0.32015344 0.41598946 -4.6299840e-2
v 0.32015344 0.47201912 -4.6299840e-2
v 0.34727385 0.41598946 -2.3742237e-2
v 0.34727385 0.47201912 -2.3742237e-2
v 0.34727385 0.41598946 -6.2346725e-2
v 0.34727385 0.47201912 -6.2346725e-2
v 0.25235241 -0.46089783 -2.3742237e-2
v 0.25235241 -0.43494250 -2.3742237e-2
v 0.36083406 -0.43494250 -2.3742237e-2
v 0.36083406 -0.46089783 -2.3742237e-2
v 0.25235241 -0.46089783 -7.4666591e-2
v 0.25235241 -0.43494250 -7.4666591e-2
v 0.36083406 -0.43494250 -7.4666591e-2
v 0.36083406 -0.46089783 -7.4666591e-2
v 0.30659324 -0.46089783 -2.3742237e-2
v 0.30659324 -0.43494250 -2.3742237e-2
v 0.30659324 -0.46089783 -4.2572822e-2
v 0.30659324 -0.43494250 -4.2572822e-2
v 0.32015344 -0.47593500 -2.3742237e-2
v 0.32015344 -0.41990534 -2.3742237e-2
v 0.32015344 -0.47593500 -4.6299840e-2
v 0.32015344 -0.41990534 -4.6299840e-2
v 0.34727385 -0.47593500 -2.3742237e-2
v 0.34727385 -0.41990534 -2.3742237e-2
v 0.34727385 -0.47593500 -6.2346725e-2
v 0.34727385 -0.41990534 -6.2346725e-2
v 0.25235241 -0.24427308 -2.3742237e-2
v 0.25235241 -0.21831775 -2.3742237e-2
v 0.36083406 -0.21831775 -2.3742237e-2
v 0.36083406 -0.24427308 -2.3742237e-2
v 0.25235241 -0.24427308 -7.4666591e-2
v 0.25235241 -0.21831775 -7.4666591e-2
v 0.36083406 -0.21831775 -7.4666591e-2
v 0.36083406 -0.24427308 -7.4666591e-2
v 0.30659324 -0.24427308 -2.3742237e-2
v 0.30659324 -0.21831775 -2.3742237e-2
v 0.30659324 -0.24427308 -4.2572822e-2
v 0.30659324 -0.21831775 -4.2572822e-2
v 0.32015344 -0.25931025 -2.3742237e-2
v 0.32015344 -0.20328058 -2.3742237e-2
v 0.32015344 -0.25931025 -4.6299840e-2
v 0.32015344 -0.20328058 -4.6299840e-2
v 0.34727385 -0.25931025 -2.3742237e-2
v 0.34727385 -0.20328058 -2.3742237e-2
v 0.34727385 -0.25931025 -6.2346725e-2
v 0.34727385 -0.20328058 -6.2346725e-2
v 0.25235241 0.20789296 -2.3742237e-2
v 0.25235241 0.23384828 -2.3742237e-2
v 0.36083406 0.23384828 -2.3742237e-2
v 0.36083406 0.20789296 -2.3742237e-2
v 0.25235241 0.20789296 -7.4666591e-2
v 0.25235241 0.23384828 -7.4666591e-2
v 0.36083406 0.23384828 -7.4666591e-2
v 0.36083406 0.20789296 -7.4666591e-2
v 0.30659324 0.20789296 -2.3742237e-2
v 0.30659324 0.23384828 -2.3742237e-2
v 0.30659324 0.20789296 -4.2572822e-2
v 0.30659324 0.23384828 -4.2572822e-2
v 0.32015344 0.19285579 -2.3742237e-2
v 0.32015344 0.24888545 -2.3742237e-2
v 0.32015344 0.19285579 -4.6299840e-2
v 0.32015344 0.24888545 -4.6299840e-2
v 0.34727385 0.19285579 -2.3742237e-2
v 0.34727385 0.24888545 -2.3742237e-2
v 0.34727385 0.19285579 -6.2346725e-2
v 0.34727385 0.24888545 -6.2346725e-2
v 0.25235241 -0.46089783 -0.18227483
v 0.25235241 -0.43494250 -0.18227483
v 0.36083406 -0.43494250 -0.18227483
v 0.36083406 -0.46089783 -0.18227483
v 0.25235241 -0.46089783 -0.13135047
v 0.25235241 -0.43494250 -0.13135047
v 0.36083406 -0.43494250 -0.13135047
v 0.36083406 -0.46089783 -0.13135047
v 0.30659324 -0.46089783 -0.18227483
v 0.30659324 -0.43494250 -0.18227483
v 0.30659324 -0.46089783 -0.16344424
v 0.30659324 -0.43494250 -0.16344424
v 0.32015344 -0.47593500 -0.18227483
v 0.32015344 -0.41990534 -0.18227483
v 0.32015344 -0.47593500 -0.15971723
v 0.32015344 -0.41990534 -0.15971723
v 0.34727385 -0.47593500 -0.18227483
v 0.34727385 -0.41990534 -0.18227483
v 0.34727385 -0.47593500 -0.14367034
v 0.34727385 -0.41990534 -0.14367034
v 0.25235241 -0.24427308 -0.18227483
v 0.25235241 -0.21831775 -0.18227483
v 0.36083406 -0.21831775 -0.18227483
v 0.36083406 -0.24427308 -0.18227483
v 0.25235241 -0.24427308 -0.13135047
v 0.25235241 -0.21831775 -0.13135047
v 0.36083406 -0.21831775 -0.13135047
v 0.36083406 -0.24427308 -0.13135047
v 0.30659324 -0.24427308 -0.18227483
v 0.30659324 -0.21831775 -0.18227483
v 0.30659324 -0.24427308 -0.16344424
v 0.30659324 -0.21831775 -0.16344424
v 0.32015344 -0.25931025 -0.18227483
v 0.32015344 -0.20328058 -0.18227483
v 0.32015344 -0.25931025 -0.15971723
v 0.32015344 -0.20328058 -0.15971723
v 0.34727385 -0.25931025 -0.18227483
v 0.34727385 -0.20328058 -0.18227483
v 0.34727385 -0.25931025 -0.14367034
v 0.34727385 -0.20328058 -0.14367034
v 0.34993686 -0.44015703 -0.19229566
v 0.34993686 -0.45568330 -0.19229566
v 0.31749043 -0.45568330 -0.19229566
v 0.31749043 -0.44015703 -0.19229566
v 0.32560204 -0.46467842 -0.19229566
v 0.32560204 -0.43116192 -0.19229566
v 0.34182525 -0.46467842 -0.19229566
v 0.34182525 -0.43116192 -0.19229566
v 0.34182525 -0.43116192 -0.17631845
v 0.34993686 -0.44015703 -0.17631845
v 0.34993686 -0.45568330 -0.17631845
v 0.34182525 -0.46467842 -0.17631845
v 0.32560204 -0.46467842 -0.17631845
v 0.31749043 -0.45568330 -0.17631845
v 0.31749043 -0.44015703 -0.17631845
v 0.32560204 -0.43116192 -0.17631845
v 0.34993686 -0.22353228 -0.19229566
v 0.34993686 -0.23905855 -0.19229566
v 0.31749043 -0.23905855 -0.19229566
v 0.31749043 -0.22353228 -0.19229566
v 0.32560204 -0.24805366 -0.19229566
v 0.32560204 -0.21453717 -0.19229566
v 0.34182525 -0.24805366 -0.19229566
v 0.34182525 -0.21453717 -0.19229566
v 0.34182525 -0.21453717 -0.17631845
v 0.34993686 -0.22353228 -0.17631845
v 0.34993686 -0.23905855 -0.17631845
v 0.34182525 -0.24805366 -0.17631845
v 0.32560204 -0.24805366 -0.17631845
v 0.31749043 -0.23905855 -0.17631845
v 0.31749043 -0.22353228 -0.17631845
v 0.32560204 -0.21453717 -0.17631845
v 0.34993686 0.22863376 -0.19229566
v 0.34993686 0.21310749 -0.19229566
v 0.31749043 0.21310749 -0.19229566
v 0.31749043 0.22863376 -0.19229566
v 0.32560204 0.20411237 -0.19229566
v 0.32560204 0.23762887 -0.19229566
v 0.34182525 0.20411237 -0.19229566
v 0.34182525 0.23762887 -0.19229566
v 0.34182525 0.23762887 -0.17631845
v 0.34993686 0.22863376 -0.17631845
v 0.34993686 0.21310749 -0.17631845
v 0.34182525 0.20411237 -0.17631845
v 0.32560204 0.20411237 -0.17631845
v 0.31749043 0.21310749 -0.17631845
v 0.31749043 0.22863376 -0.17631845
v 0.32560204 0.23762887 -0.17631845
v 0.34993686 0.45176742 -0.19229566
v 0.34993686 0.43624115 -0.19229566
v 0.31749043 0.43624115 -0.19229566
v 0.31749043 0.45176742 -0.19229566
v 0.32560204 0.42724604 -0.19229566
v 0.32560204 0.46076254 -0.19229566
v 0.34182525 0.42724604 -0.19229566
v 0.34182525 0.46076254 -0.19229566
v 0.34182525 0.46076254 -0.17631845
v 0.34993686 0.45176742 -0.17631845
v 0.34993686 0.43624115 -0.17631845
v 0.34182525 0.42724604 -0.17631845
v 0.32560204 0.42724604 -0.17631845
v 0.31749043 0.43624115 -0.17631845
v 0.31749043 0.45176742 -0.17631845
v 0.32560204 0.46076254 -0.17631845
v 0.25235241 0.43102662 -0.18227483
v 0.25235241 0.45698195 -0.18227483
v 0.36083406 0.45698195 -0.18227483
v 0.36083406 0.43102662 -0.18227483
v 0.25235241 0.43102662 -0.13135047
v 0.25235241 0.45698195 -0.13135047
v 0.36083406 0.45698195 -0.13135047
v 0.36083406 0.43102662 -0.13135047
v 0.30659324 0.43102662 -0.18227483
v 0.30659324 0.45698195 -0.18227483
v 0.30659324 0.43102662 -0.16344424
v 0.30659324 0.45698195 -0.16344424
v 0.32015344 0.41598946 -0.18227483
v 0.32015344 0.47201912 -0.18227483
v 0.32015344 0.41598946 -0.15971723
v 0.32015344 0.47201912 -0.15971723
v 0.34727385 0.41598946 -0.18227483
v 0.34727385 0.47201912 -0.18227483
v 0.34727385 0.41598946 -0.14367034
v 0.34727385 0.47201912 -0.14367034
v 0.34993686 0.45176742 -1.3721403e-2
v 0.34993686 0.43624115 -1.3721403e-2
v 0.31749043 0.43624115 -1.3721403e-2
v 0.31749043 0.45176742 -1.3721403e-2
v 0.32560204 0.42724604 -1.3721403e-2
v 0.32560204 0.46076254 -1.3721403e-2
v 0.34182525 0.42724604 -1.3721403e-2
v 0.34182525 0.46076254 -1.3721403e-2
v 0.34182525 0.46076254 -2.9698616e-2
v 0.34993686 0.45176742 -2.9698616e-2
v 0.34993686 0.43624115 -2.9698616e-2
v 0.34182525 0.42724604 -2.9698616e-2
v 0.32560204 0.42724604 -2.9698616e-2
v 0.31749043 0.43624115 -2.9698616e-2
v 0.31749043 0.45176742 -2.9698616e-2
v 0.32560204 0.46076254 -2.9698616e-2
v 0.34993686 -0.44015703 -1.3721403e-2
v 0.34993686 -0.45568330 -1.3721403e-2
v 0.31749043 -0.45568330 -1.3721403e-2
v 0.31749043 -0.44015703 -1.3721403e-2
v 0.32560204 -0.46467842 -1.3721403e-2
v 0.32560204 -0.43116192 -1.3721403e-2
v 0.34182525 -0.46467842 -1.3721403e-2
v 0.34182525 -0.43116192 -1.3721403e-2
v 0.34182525 -0.43116192 -2.9698616e-2
v 0.34993686 -0.44015703 -2.9698616e-2
v 0.34993686 -0.45568330 -2.9698616e-2
v 0.34182525 -0.46467842 -2.9698616e-2
v 0.32560204 -0.46467842 -2.9698616e-2
v 0.31749043 -0.45568330 -2.9698616e-2
v 0.31749043 -0.44015703 -2.9698616e-2
v 0.32560204 -0.43116192 -2.9698616e-2
v 0.34993686 -0.22353228 -1.3721403e-2
v 0.34993686 -0.23905855 -1.3721403e-2
v 0.31749043 -0.23905855 -1.3721403e-2
v 0.31749043 -0.22353228 -1.3721403e-2
v 0.32560204 -0.24805366 -1.3721403e-2
v 0.32560204 -0.21453717 -1.3721403e-2
v 0.34182525 -0.24805366 -1.3721403e-2
v 0.34182525 -0.21453717 -1.3721403e-2
v 0.34182525 -0.21453717 -2.9698616e-2
v 0.34993686 -0.22353228 -2.9698616e-2
v 0.34993686 -0.23905855 -2.9698616e-2
v 0.34182525 -0.24805366 -2.9698616e-2
v 0.32560204 -0.24805366 -2.9698616e-2
v 0.31749043 -0.23905855 -2.9698616e-2
v 0.31749043 -0.22353228 -2.9698616e-2
v 0.32560204 -0.21453717 -2.9698616e-2
v 0.36340004 -0.55186686 -0.14621913
v 0.34213623 -0.60320223 -0.14621913
v 0.31912940 -0.62620906 -0.14621913
v 0.26779403 -0.64747287 -0.14621913
v -0.26779403 -0.64747287 -0.14621913
v -0.31912940 -0.62620906 -0.14621913
v -0.34213623 -0.60320223 -0.14621913
v -0.36340004 -0.55186686 -0.14621913
v -0.36340004 0.55186686 -0.14621913
v -0.34213623 0.60320223 -0.14621913
v -0.31912940 0.62620906 -0.14621913
v -0.26779403 0.64747287 -0.14621913
v 0.26779403 0.64747287 -0.14621913
v 0.31912940 0.62620906 -0.14621913
v 0.34213623 0.60320223 -0.14621913
v 0.36340004 0.55186686 -0.14621913
v 0.30475728 -0.53294671 -0.16808679
v 0.28887797 -0.57461633 -0.16808679
v 0.27412640 -0.59065064 -0.16808679
v 0.23579035 -0.60791076 -0.16808679
v -0.23579035 -0.60791076 -0.16808679
v -0.27412640 -0.59065064 -0.16808679
v -0.28887797 -0.57461633 -0.16808679
v -0.30475728 -0.53294671 -0.16808679
v -0.30475728 0.53294671 -0.16808679
v -0.28887797 0.57461633 -0.16808679
v -0.27412640 0.59065064 -0.16808679
v -0.23579035 0.60791076 -0.16808679
v 0.23579035 0.60791076 -0.16808679
v 0.27412640 0.59065064 -0.16808679
v 0.28887797 0.57461633 -0.16808679
v 0.30475728 0.53294671 -0.16808679
v -0.30475728 0.35948748 -0.16808679
v -0.30475728 0.35110813 -0.16808679
v -0.30475728 0.12262227 -0.16808679
v -0.30475728 0.11424293 -0.16808679
v -0.30475728 -0.11424293 -0.16808679
v -0.30475728 -0.12262227 -0.16808679
v -0.30475728 -0.35110813 -0.16808679
v -0.30475728 -0.35948748 -0.16808679
v 0.30475728 -0.35948748 -0.16808679
v 0.30475728 -0.35110813 -0.16808679
v 0.30475728 -0.12262227 -0.16808679
v 0.30475728 -0.11424293 -0.16808679
v 0.30475728 0.11424293 -0.16808679
v 0.30475728 0.12262227 -0.16808679
v 0.30475728 0.35110813 -0.16808679
v 0.30475728 0.35948748 -0.16808679
v 0.33347157 -0.54134514 -0.14621913
v 0.31493165 -0.58776463 -0.14621913
v 0.29608183 -0.60725326 -0.14621913
v 0.25132249 -0.62648084 -0.14621913
v -0.25132249 -0.62648084 -0.14621913
v -0.29608183 -0.60725326 -0.14621913
v -0.31493165 -0.58776463 -0.14621913
v -0.33347157 -0.54134514 -0.14621913
v -0.33347157 0.54134514 -0.14621913
v -0.31493165 0.58776463 -0.14621913
v -0.29608183 0.60725326 -0.14621913
v -0.25132249 0.62648084 -0.14621913
v 0.25132249 0.62648084 -0.14621913
v 0.29608183 0.60725326 -0.14621913
v 0.31493165 0.58776463 -0.14621913
v 0.33347157 0.54134514 -0.14621913
v 0.30475728 -0.53294671 -0.12400158
v 0.28887797 -0.57461633 -0.12400158
v 0.27412640 -0.59065064 -0.12400158
v 0.23579035 -0.60791076 -0.12400158
v -0.23579035 -0.60791076 -0.12400158
v -0.27412640 -0.59065064 -0.12400158
v -0.28887797 -0.57461633 -0.12400158
v -0.30475728 -0.53294671 -0.12400158
v -0.30475728 -0.36571987 -0.12400158
v 0.30475728 -0.36571987 -0.12400158
v -0.30475728 -0.34487574 -0.12400158
v -0.30475728 -0.12885467 -0.12400158
v 0.30475728 -0.12885467 -0.12400158
v 0.30475728 -0.34487574 -0.12400158
v -0.30475728 -0.10801053 -0.12400158
v -0.30475728 0.10801053 -0.12400158
v 0.30475728 0.10801053 -0.12400158
v 0.30475728 -0.10801053 -0.12400158
v -0.30475728 0.12885467 -0.12400158
v -0.30475728 0.34487574 -0.12400158
v 0.30475728 0.34487574 -0.12400158
v 0.30475728 0.12885467 -0.12400158
v -0.30475728 0.36571987 -0.12400158
v -0.30475728 0.53294671 -0.12400158
v -0.28887797 0.57461633 -0.12400158
v -0.27412640 0.59065064 -0.12400158
v -0.23579035 0.60791076 -0.12400158
v 0.23579035 0.60791076 -0.12400158
v 0.27412640 0.59065064 -0.12400158
v 0.28887797 0.57461633 -0.12400158
v 0.30475728 0.53294671 -0.12400158
v 0.30475728 0.36571987 -0.12400158
v -0.36340004 -0.55186686 -5.8342383e-2
v -0.34213623 -0.60320223 -5.8342383e-2
v -0.31912940 -0.62620906 -5.8342383e-2
v -0.26779403 -0.64747287 -5.8342383e-2
v 0.26779403 -0.64747287 -5.8342383e-2
v 0.31912940 -0.62620906 -5.8342383e-2
v 0.34213623 -0.60320223 -5.8342383e-2
v 0.36340004 -0.55186686 -5.8342383e-2
v 0.36340004 0.55186686 -5.8342383e-2
v 0.34213623 0.60320223 -5.8342383e-2
v 0.31912940 0.62620906 -5.8342383e-2
v 0.26779403 0.64747287 -5.8342383e-2
v -0.26779403 0.64747287 -5.8342383e-2
v -0.31912940 0.62620906 -5.8342383e-2
v -0.34213623 0.60320223 -5.8342383e-2
v -0.36340004 0.55186686 -5.8342383e-2
v -0.30475728 -0.53294671 -3.6474720e-2
v -0.28887797 -0.57461633 -3.6474720e-2
v -0.27412640 -0.59065064 -3.6474720e-2
v -0.23579035 -0.60791076 -3.6474720e-2
v 0.23579035 -0.60791076 -3.6474720e-2
v 0.27412640 -0.59065064 -3.6474720e-2
v 0.28887797 -0.57461633 -3.6474720e-2
v 0.30475728 -0.53294671 -3.6474720e-2
v 0.30475728 0.53294671 -3.6474720e-2
v 0.28887797 0.57461633 -3.6474720e-2
v 0.27412640 0.59065064 -3.6474720e-2
v 0.23579035 0.60791076 -3.6474720e-2
v -0.23579035 0.60791076 -3.6474720e-2
v -0.27412640 0.59065064 -3.6474720e-2
v -0.28887797 0.57461633 -3.6474720e-2
v -0.30475728 0.53294671 -3.6474720e-2
v 0.30475728 0.35948748 -3.6474720e-2
v 0.30475728 0.35110813 -3.6474720e-2
v 0.30475728 0.12262227 -3.6474720e-2
v 0.30475728 0.11424293 -3.6474720e-2
v 0.30475728 -0.11424293 -3.6474720e-2
v 0.30475728 -0.12262227 -3.6474720e-2
v 0.30475728 -0.35110813 -3.6474720e-2
v 0.30475728 -0.35948748 -3.6474720e-2
v -0.30475728 -0.35948748 -3.6474720e-2
v -0.30475728 -0.35110813 -3.6474720e-2
v -0.30475728 -0.12262227 -3.6474720e-2
v -0.30475728 -0.11424293 -3.6474720e-2
v -0.30475728 0.11424293 -3.6474720e-2
v -0.30475728 0.12262227 -3.6474720e-2
v -0.30475728 0.35110813 -3.6474720e-2
v -0.30475728 0.35948748 -3.6474720e-2
v -0.33347157 -0.54134514 -5.8342383e-2
v -0.31493165 -0.58776463 -5.8342383e-2
v -0.29608183 -0.60725326 -5.8342383e-2
v -0.25132249 -0.62648084 -5.8342383e-2
v 0.25132249 -0.62648084 -5.8342383e-2
v 0.29608183 -0.60725326 -5.8342383e-2
v 0.31493165 -0.58776463 -5.8342383e-2
v 0.33347157 -0.54134514 -5.8342383e-2
v 0.33347157 0.54134514 -5.8342383e-2
v 0.31493165 0.58776463 -5.8342383e-2
v 0.29608183 0.60725326 -5.8342383e-2
v 0.25132249 0.62648084 -5.8342383e-2
v -0.25132249 0.62648084 -5.8342383e-2
v -0.29608183 0.60725326 -5.8342383e-2
v -0.31493165 0.58776463 -5.8342383e-2
v -0.33347157 0.54134514 -5.8342383e-2
v -0.30475728 -0.53294671 -8.0559929e-2
v -0.28887797 -0.57461633 -8.0559929e-2
v -0.27412640 -0.59065064 -8.0559929e-2
v -0.23579035 -0.60791076 -8.0559929e-2
v 0.23579035 -0.60791076 -8.0559929e-2
v 0.27412640 -0.59065064 -8.0559929e-2
v 0.28887797 -0.57461633 -8.0559929e-2
v 0.30475728 -0.53294671 -8.0559929e-2
v 0.30475728 -0.36571987 -8.0559929e-2
v -0.30475728 -0.36571987 -8.0559929e-2
v 0.30475728 -0.34487574 -8.0559929e-2
v 0.30475728 -0.12885467 -8.0559929e-2
v -0.30475728 -0.12885467 -8.0559929e-2
v -0.30475728 -0.34487574 -8.0559929e-2
v 0.30475728 -0.10801053 -8.0559929e-2
v 0.30475728 0.10801053 -8.0559929e-2
v -0.30475728 0.10801053 -8.0559929e-2
v -0.30475728 -0.10801053 -8.0559929e-2
v 0.30475728 0.12885467 -8.0559929e-2
v 0.30475728 0.34487574 -8.0559929e-2
v -0.30475728 0.34487574 -8.0559929e-2
v -0.30475728 0.12885467 -8.0559929e-2
v 0.30475728 0.36571987 -8.0559929e-2
v 0.30475728 0.53294671 -8.0559929e-2
v 0.28887797 0.57461633 -8.0559929e-2
v 0.27412640 0.59065064 -8.0559929e-2
v 0.23579035 0.60791076 -8.0559929e-2
v -0.23579035 0.60791076 -8.0559929e-2
v -0.27412640 0.59065064 -8.0559929e-2
v -0.28887797 0.57461633 -8.0559929e-2
v -0.30475728 0.53294671 -8.0559929e-2
v -0.30475728 0.36571987 -8.0559929e-2
v -7.3021685e-2 -9.7788891e-2 2.3501539e-2
v -7.4306501e-2 -9.9998305e-2 1.9491494e-2
v -7.8038335e-2 -0.10294553 1.9491494e-2
v -8.0485353e-2 -0.10368334 2.3501539e-2
v -7.9200537e-2 -0.10147393 2.7511583e-2
v -7.5468704e-2 -9.8526702e-2 2.7511583e-2
v -0.15734155 8.9785746e-3 -8.3081063e-3
v -0.15862636 6.7691604e-3 -1.2318150e-2
v -0.16235820 3.8219358e-3 -1.2318150e-2
v -0.16480522 3.0841253e-3 -8.3081063e-3
v -0.16352040 5.2935394e-3 -4.2980622e-3
v -0.15978857 8.2407641e-3 -4.2980622e-3
v -2.2079840e-2 1.6919321e-2 2.3501539e-2
v -2.1141416e-2 1.4542007e-2 1.9491494e-2
v -2.1139756e-2 9.7867244e-3 1.9491494e-2
v -2.2076521e-2 7.4087558e-3 2.3501539e-2
v -2.3014945e-2 9.7860698e-3 2.7511583e-2
v -2.3016605e-2 1.4541352e-2 2.7511583e-2
v -0.15812810 1.6871831e-2 -8.3081063e-3
v -0.15718968 1.4494517e-2 -1.2318150e-2
v -0.15718802 9.7392346e-3 -1.2318150e-2
v -0.15812478 7.3612660e-3 -8.3081063e-3
v -0.15906320 9.7385800e-3 -4.2980622e-3
v -0.15906486 1.4493863e-2 -4.2980622e-3
v -0.17063233 4.3632362e-3 -8.3081063e-3
v -0.16825469 5.3008305e-3 -4.2980622e-3
v -0.16349941 5.3008305e-3 -4.2980622e-3
v -0.16112176 4.3632362e-3 -8.3081063e-3
v -0.16349941 3.4256419e-3 -1.2318150e-2
v -0.16825469 3.4256419e-3 -1.2318150e-2
v -0.17063233 -0.13168503 2.3501539e-2
v -0.16825469 -0.13074744 2.7511583e-2
v -0.16349941 -0.13074744 2.7511583e-2
v -0.16112176 -0.13168503 2.3501539e-2
v -0.16349941 -0.13262263 1.9491494e-2
v -0.16825469 -0.13262263 1.9491494e-2
v -0.17063233 0.15591272 2.3501539e-2
v -0.16825469 0.15685031 1.9491494e-2
v -0.16349941 0.15685031 1.9491494e-2
v -0.16112176 0.15591272 2.3501539e-2
v -0.16349941 0.15497512 2.7511583e-2
v -0.16825469 0.15497512 2.7511583e-2
v -0.17063233 1.9864450e-2 -8.3081063e-3
v -0.16825469 2.0802044e-2 -1.2318150e-2
v -0.16349941 2.0802044e-2 -1.2318150e-2
v -0.16112176 1.9864450e-2 -8.3081063e-3
v -0.16349941 1.8926856e-2 -4.2980622e-3
v -0.16825469 1.8926856e-2 -4.2980622e-3
v -0.16694888 2.1143561e-2 -8.3081063e-3
v -0.16823369 1.8934147e-2 -4.2980622e-3
v -0.17196553 1.5986922e-2 -4.2980622e-3
v -0.17441254 1.5249112e-2 -8.3081063e-3
v -0.17312773 1.7458526e-2 -1.2318150e-2
v -0.16939589 2.0405751e-2 -1.2318150e-2
v -0.25126874 0.12791103 2.3501539e-2
v -0.25255356 0.12570161 2.7511583e-2
v -0.25628539 0.12275439 2.7511583e-2
v -0.25873241 0.12201658 2.3501539e-2
v -0.25744759 0.12422599 1.9491494e-2
v -0.25371576 0.12717322 1.9491494e-2
v -0.15742303 1.5462619e-2 -8.3081063e-3
v -0.15988782 1.6138703e-2 -4.2980622e-3
v -0.16369254 1.8991216e-2 -4.2980622e-3
v -0.16503247 2.1167645e-2 -8.3081063e-3
v -0.16256769 2.0491561e-2 -1.2318150e-2
v -0.15876297 1.7639048e-2 -1.2318150e-2
v -7.5812876e-2 0.12431533 2.3501539e-2
v -7.8277663e-2 0.12499142 2.7511583e-2
v -8.2082382e-2 0.12784393 2.7511583e-2
v -8.3422315e-2 0.13002036 2.3501539e-2
v -8.0957528e-2 0.12934427 1.9491494e-2
v -7.7152809e-2 0.12649176 1.9491494e-2
v -0.31819629 1.0107557e-2 2.8384917e-2
v -0.31300613 -2.9315563e-2 2.8384917e-2
v -0.29778938 -6.6052063e-2 2.8384917e-2
v -0.27358301 -9.7598410e-2 2.8384917e-2
v -0.24203667 -0.12180477 2.8384917e-2
v -0.20530017 -0.13702153 2.8384917e-2
v -0.16587705 -0.14221168 2.8384917e-2
v -0.12645393 -0.13702153 2.8384917e-2
v -8.9717427e-2 -0.12180477 2.8384917e-2
v -5.8171079e-2 -9.7598410e-2 2.8384917e-2
v -3.3964715e-2 -6.6052063e-2 2.8384917e-2
v -1.8747959e-2 -2.9315563e-2 2.8384917e-2
v -1.3557807e-2 1.0107557e-2 2.8384917e-2
v -1.8747959e-2 4.9530678e-2 2.8384917e-2
v -3.3964715e-2 8.6267177e-2 2.8384917e-2
v -5.8171079e-2 0.11781352 2.8384917e-2
v -8.9717427e-2 0.14201989 2.8384917e-2
v -0.12645393 0.15723664 2.8384917e-2
v -0.16587705 0.16242680 2.8384917e-2
v -0.20530017 0.15723664 2.8384917e-2
v -0.24203667 0.14201989 2.8384917e-2
v -0.27358301 0.11781352 2.8384917e-2
v -0.29778938 8.6267177e-2 2.8384917e-2
v -0.31300613 4.9530678e-2 2.8384917e-2
v -0.31361674 1.0107557e-2 1.7015633e-2
v -0.30858263 -2.8130289e-2 1.7015633e-2
v -0.29382337 -6.3762289e-2 1.7015633e-2
v -0.27034478 -9.4360181e-2 1.7015633e-2
v -0.23974689 -0.11783877 1.7015633e-2
v -0.20411489 -0.13259803 1.7015633e-2
v -0.16587705 -0.13763214 1.7015633e-2
v -0.12763920 -0.13259803 1.7015633e-2
v -9.2007200e-2 -0.11783877 1.7015633e-2
v -6.1409308e-2 -9.4360181e-2 1.7015633e-2
v -3.7930720e-2 -6.3762289e-2 1.7015633e-2
v -2.3171462e-2 -2.8130289e-2 1.7015633e-2
v -1.8137354e-2 1.0107557e-2 1.7015633e-2
v -2.3171462e-2 4.8345403e-2 1.7015633e-2
v -3.7930720e-2 8.3977404e-2 1.7015633e-2
v -6.1409308e-2 0.11457530 1.7015633e-2
v -9.2007200e-2 0.13805388 1.7015633e-2
v -0.12763920 0.15281314 1.7015633e-2
v -0.16587705 0.15784725 1.7015633e-2
v -0.20411489 0.15281314 1.7015633e-2
v -0.23974689 0.13805388 1.7015633e-2
v -0.27034478 0.11457530 1.7015633e-2
v -0.29382337 8.3977404e-2 1.7015633e-2
v -0.30858263 4.8345403e-2 1.7015633e-2
v -0.30248689 1.0107557e-2 2.1755061e-2
v -0.29783202 -2.5249671e-2 2.1755061e-2
v -0.28418464 -5.8197364e-2 2.1755061e-2
v -0.26247479 -8.6490188e-2 2.1755061e-2
v -0.23418197 -0.10820004 2.1755061e-2
v -0.20123428 -0.12184742 2.1755061e-2
v -0.16587705 -0.12650228 2.1755061e-2
v -0.13051982 -0.12184742 2.1755061e-2
v -9.7572126e-2 -0.10820004 2.1755061e-2
v -6.9279301e-2 -8.6490188e-2 2.1755061e-2
v -4.7569453e-2 -5.8197364e-2 2.1755061e-2
v -3.3922072e-2 -2.5249671e-2 2.1755061e-2
v -2.9267204e-2 1.0107557e-2 2.1755061e-2
v -3.3922072e-2 4.5464786e-2 2.1755061e-2
v -4.7569453e-2 7.8412478e-2 2.1755061e-2
v -6.9279301e-2 0.10670530 2.1755061e-2
v -9.7572126e-2 0.12841515 2.1755061e-2
v -0.13051982 0.14206253 2.1755061e-2
v -0.16587705 0.14671740 2.1755061e-2
v -0.20123428 0.14206253 2.1755061e-2
v -0.23418197 0.12841515 2.1755061e-2
v -0.26247479 0.10670530 2.1755061e-2
v -0.28418464 7.8412478e-2 2.1755061e-2
v -0.29783202 4.5464786e-2 2.1755061e-2
v -0.30706644 1.0107557e-2 3.3124345e-2
v -0.30225552 -2.6434946e-2 3.3124345e-2
v -0.28815064 -6.0487137e-2 3.3124345e-2
v -0.26571302 -8.9728417e-2 3.3124345e-2
v -0.23647174 -0.11216604 3.3124345e-2
v -0.20241955 -0.12627092 3.3124345e-2
v -0.16587705 -0.13108183 3.3124345e-2
v -0.12933454 -0.12627092 3.3124345e-2
v -9.5282352e-2 -0.11216604 3.3124345e-2
v -6.6041072e-2 -8.9728417e-2 3.3124345e-2
v -4.3603449e-2 -6.0487137e-2 3.3124345e-2
v -2.9498569e-2 -2.6434946e-2 3.3124345e-2
v -2.4687657e-2 1.0107557e-2 3.3124345e-2
v -2.9498569e-2 4.6650060e-2 3.3124345e-2
v -4.3603449e-2 8.0702252e-2 3.3124345e-2
v -6.6041072e-2 0.10994353 3.3124345e-2
v -9.5282352e-2 0.13238116 3.3124345e-2
v -0.12933454 0.14648603 3.3124345e-2
v -0.16587705 0.15129695 3.3124345e-2
v -0.20241955 0.14648603 3.3124345e-2
v -0.23647174 0.13238116 3.3124345e-2
v -0.26571302 0.10994353 3.3124345e-2
v -0.28815064 8.0702252e-2 3.3124345e-2
v -0.30225552 4.6650060e-2 3.3124345e-2
v -0.31774573 1.0107557e-2 2.1963909e-2
v -0.31257093 -2.9198950e-2 2.1963909e-2
v -0.29739918 -6.5826784e-2 2.1963909e-2
v -0.27326442 -9.7279818e-2 2.1963909e-2
v -0.24181139 -0.12141458 2.1963909e-2
v -0.20518355 -0.13658633 2.1963909e-2
v -0.16587705 -0.14176113 2.1963909e-2
v -0.12657054 -0.13658633 2.1963909e-2
v -8.9942705e-2 -0.12141458 2.1963909e-2
v -5.8489671e-2 -9.7279818e-2 2.1963909e-2
v -3.4354909e-2 -6.5826784e-2 2.1963909e-2
v -1.9183163e-2 -2.9198950e-2 2.1963909e-2
v -1.4008363e-2 1.0107557e-2 2.1963909e-2
v -1.9183163e-2 4.9414065e-2 2.1963909e-2
v -3.4354909e-2 8.6041899e-2 2.1963909e-2
v -5.8489671e-2 0.11749493 2.1963909e-2
v -8.9942705e-2 0.14162970 2.1963909e-2
v -0.12657054 0.15680144 2.1963909e-2
v -0.16587705 0.16197624 2.1963909e-2
v -0.20518355 0.15680144 2.1963909e-2
v -0.24181139 0.14162970 2.1963909e-2
v -0.27326442 0.11749493 2.1963909e-2
v -0.29739918 8.6041899e-2 2.1963909e-2
v -0.31257093 4.9414065e-2 2.1963909e-2
v -0.30723449 1.0107557e-2 1.7474960e-2
v -0.30241785 -2.6478441e-2 1.7474960e-2
v -0.28829618 -6.0571163e-2 1.7474960e-2
v -0.26583185 -8.9847248e-2 1.7474960e-2
v -0.23655577 -0.11231158 1.7474960e-2
v -0.20246304 -0.12643325 1.7474960e-2
v -0.16587705 -0.13124988 1.7474960e-2
v -0.12929105 -0.12643325 1.7474960e-2
v -9.5198326e-2 -0.11231158 1.7474960e-2
v -6.5922241e-2 -8.9847248e-2 1.7474960e-2
v -4.3457911e-2 -6.0571163e-2 1.7474960e-2
v -2.9336243e-2 -2.6478441e-2 1.7474960e-2
v -2.4519605e-2 1.0107557e-2 1.7474960e-2
v -2.9336243e-2 4.6693555e-2 1.7474960e-2
v -4.3457911e-2 8.0786278e-2 1.7474960e-2
v -6.5922241e-2 0.11006236 1.7474960e-2
v -9.5198326e-2 0.13252669 1.7474960e-2
v -0.12929105 0.14664836 1.7474960e-2
v -0.16587705 0.15146500 1.7474960e-2
v -0.20246304 0.14664836 1.7474960e-2
v -0.23655577 0.13252669 1.7474960e-2
v -0.26583185 0.11006236 1.7474960e-2
v -0.28829618 8.0786278e-2 1.7474960e-2
v -0.30241785 4.6693555e-2 1.7474960e-2
v -0.30293745 1.0107557e-2 2.8176069e-2
v -0.29826723 -2.5366284e-2 2.8176069e-2
v -0.28457483 -5.8422642e-2 2.8176069e-2
v -0.26279338 -8.6808780e-2 2.8176069e-2
v -0.23440725 -0.10859023 2.8176069e-2
v -0.20135089 -0.12228262 2.8176069e-2
v -0.16587705 -0.12695284 2.8176069e-2
v -0.13040321 -0.12228262 2.8176069e-2
v -9.7346847e-2 -0.10859023 2.8176069e-2
v -6.8960709e-2 -8.6808780e-2 2.8176069e-2
v -4.7179259e-2 -5.8422642e-2 2.8176069e-2
v -3.3486868e-2 -2.5366284e-2 2.8176069e-2
v -2.8816648e-2 1.0107557e-2 2.8176069e-2
v -3.3486868e-2 4.5581399e-2 2.8176069e-2
v -4.7179259e-2 7.8637757e-2 2.8176069e-2
v -6.8960709e-2 0.10702389 2.8176069e-2
v -9.7346847e-2 0.12880534 2.8176069e-2
v -0.13040321 0.14249774 2.8176069e-2
v -0.16587705 0.14716796 2.8176069e-2
v -0.20135089 0.14249774 2.8176069e-2
v -0.23440725 0.12880534 2.8176069e-2
v -0.26279338 0.10702389 2.8176069e-2
v -0.28457483 7.8637757e-2 2.8176069e-2
v -0.29826723 4.5581399e-2 2.8176069e-2
v -0.31344869 1.0107557e-2 3.2665018e-2
v -0.30842031 -2.8086794e-2 3.2665018e-2
v -0.29367784 -6.3678263e-2 3.2665018e-2
v -0.27022595 -9.4241350e-2 3.2665018e-2
v -0.23966287 -0.11769323 3.2665018e-2
v -0.20407140 -0.13243570 3.2665018e-2
v -0.16587705 -0.13746408 3.2665018e-2
v -0.12768270 -0.13243570 3.2665018e-2
v -9.2091226e-2 -0.11769323 3.2665018e-2
v -6.1528139e-2 -9.4241350e-2 3.2665018e-2
v -3.8076257e-2 -6.3678263e-2 3.2665018e-2
v -2.3333788e-2 -2.8086794e-2 3.2665018e-2
v -1.8305406e-2 1.0107557e-2 3.2665018e-2
v -2.3333788e-2 4.8301908e-2 3.2665018e-2
v -3.8076257e-2 8.3893378e-2 3.2665018e-2
v -6.1528139e-2 0.11445647 3.2665018e-2
v -9.2091226e-2 0.13790835 3.2665018e-2
v -0.12768270 0.15265082 3.2665018e-2
v -0.16587705 0.15767920 3.2665018e-2
v -0.20407140 0.15265082 3.2665018e-2
v -0.23966287 0.13790835 3.2665018e-2
v -0.27022595 0.11445647 3.2665018e-2
v -0.29367784 8.3893378e-2 3.2665018e-2
v -0.30842031 4.8301908e-2 3.2665018e-2
v -0.17362931 1.6866420e-2 -8.3081063e-3
v -0.17269089 1.4489106e-2 -4.2980622e-3
v -0.17268923 9.7338236e-3 -4.2980622e-3
v -0.17362599 7.3558550e-3 -8.3081063e-3
v -0.17456442 9.7331691e-3 -1.2318150e-2
v -0.17456608 1.4488452e-2 -1.2318150e-2
v -0.30967757 1.6818931e-2 2.3501539e-2
v -0.30873915 1.4441617e-2 2.7511583e-2
v -0.30873749 9.6863338e-3 2.7511583e-2
v -0.30967425 7.3083652e-3 2.3501539e-2
v -0.31061268 9.6856793e-3 1.9491494e-2
v -0.31061434 1.4440962e-2 1.9491494e-2
v -0.24833178 -0.10579267 2.3501539e-2
v -0.25079656 -0.10511659 1.9491494e-2
v -0.25460128 -0.10226408 1.9491494e-2
v -0.25594122 -0.10008765 2.3501539e-2
v -0.25347643 -0.10076373 2.7511583e-2
v -0.24967171 -0.10361624 2.7511583e-2
v -0.16672162 3.0600418e-3 -8.3081063e-3
v -0.16918641 3.7361254e-3 -1.2318150e-2
v -0.17299113 6.5886380e-3 -1.2318150e-2
v -0.17433106 8.7650669e-3 -8.3081063e-3
v -0.17186627 8.0889832e-3 -4.2980622e-3
v -0.16806155 5.2364706e-3 -4.2980622e-3
v 0.25235241 0.20789296 -0.18227483
v 0.25235241 0.23384828 -0.18227483
v 0.36083406 0.23384828 -0.18227483
v 0.36083406 0.20789296 -0.18227483
v 0.25235241 0.20789296 -0.13135047
v 0.25235241 0.23384828 -0.13135047
v 0.36083406 0.23384828 -0.13135047
v 0.36083406 0.20789296 -0.13135047
v 0.30659324 0.20789296 -0.18227483
v 0.30659324 0.23384828 -0.18227483
v 0.30659324 0.20789296 -0.16344424
v 0.30659324 0.23384828 -0.16344424
v 0.32015344 0.19285579 -0.18227483
v 0.32015344 0.24888545 -0.18227483
v 0.32015344 0.19285579 -0.15971723
v 0.32015344 0.24888545 -0.15971723
v 0.34727385 0.19285579 -0.18227483
v 0.34727385 0.24888545 -0.18227483
v 0.34727385 0.19285579 -0.14367034
v 0.34727385 0.24888545 -0.14367034
v 0.34993686 0.22863376 -1.3721403e-2
v 0.34993686 0.21310749 -1.3721403e-2
v 0.31749043 0.21310749 -1.3721403e-2
v 0.31749043 0.22863376 -1.3721403e-2
v 0.32560204 0.20411237 -1.3721403e-2
v 0.32560204 0.23762887 -1.3721403e-2
v 0.34182525 0.20411237 -1.3721403e-2
v 0.34182525 0.23762887 -1.3721403e-2
v 0.34182525 0.23762887 -2.9698616e-2
v 0.34993686 0.22863376 -2.9698616e-2
v 0.34993686 0.21310749 -2.9698616e-2
v 0.34182525 0.20411237 -2.9698616e-2
v 0.32560204 0.20411237 -2.9698616e-2
v 0.31749043 0.21310749 -2.9698616e-2
v 0.31749043 0.22863376 -2.9698616e-2
v 0.32560204 0.23762887 -2.9698616e-2
vt 1.3284887e-2 0.78744826
vt 1.4988330e-2 5.8021372e-2
vt 1.4988330e-2 5.8021372e-2
vt 1.6710322e-2 0.78771415
vt 1.7632521e-2 5.8958644e-2
vt 1.7734122e-2 0.78677228
vt 1.7734122e-2 0.78677228
vt 2.1075302e-2 5.8733813e-2
vt 2.2484518e-2 0.77915429
vt 2.4130326e-2 6.6378829e-2
vt 2.4130326e-2 6.6378829e-2
vt 2.5831376e-2 0.77933384
vt 2.7696141e-2 6.8558234e-2
vt 2.7746845e-2 0.80123102
vt 2.7773689e-2 0.77714754
vt 2.7773689e-2 0.77714754
vt 2.9545351e-2 4.4339051e-2
vt 2.9545351e-2 4.4339051e-2
vt 3.1048003e-2 6.8427823e-2
vt 3.1301535e-2 0.80136000
vt 3.3208134e-2 0.75626483
vt 3.4268301e-2 4.4237719e-2
vt 3.4406687e-2 0.80145153
vt 3.4406687e-2 0.80145153
vt 3.4581627e-2 0.64895126
vt 3.4657112e-2 0.64373243
vt 3.4695236e-2 8.9341969e-2
vt 3.4695236e-2 8.9341969e-2
vt 3.5325831e-2 0.19666248
vt 3.5325831e-2 0.19666248
vt 3.5365188e-2 0.20188170
vt 3.5365188e-2 0.20188170
vt 3.6338792e-2 0.75634433
vt 3.6502309e-2 0.34428381
vt 3.6502309e-2 0.34428381
vt 3.6543361e-2 0.34950743
vt 3.6543361e-2 0.34950743
vt 3.6700831e-2 0.64902258
vt 3.6727128e-2 0.64380328
vt 3.6779967e-2 0.50134161
vt 3.6857178e-2 0.49611839
vt 3.7507907e-2 0.50139877
vt 3.7535887e-2 0.49617506
vt 3.7670356e-2 0.49194077
vt 3.7670356e-2 0.49194077
vt 3.7711158e-2 0.49716435
vt 3.7711158e-2 0.49716435
vt 3.7849083e-2 4.4170329e-2
vt 3.8306461e-2 0.35373935
vt 3.8334192e-2 0.34851568
vt 3.8805843e-2 0.63961414
vt 3.8805843e-2 0.63961414
vt 3.8852430e-2 0.64483423
vt 3.8852430e-2 0.64483423
vt 3.8970123e-2 0.35369627
vt 3.9047084e-2 0.34847310
vt 3.9072416e-2 0.20606360
vt 3.9105940e-2 0.20084341
vt 3.9434099e-2 9.3467367e-2
vt 3.9449279e-2 0.75220911
vt 3.9449279e-2 0.75220911
vt 4.1052057e-2 0.79049088
vt 4.1127834e-2 0.20603430
vt 4.1210555e-2 0.20081466
vt 4.1240229e-2 0.81496998
vt 4.2550680e-2 9.3446476e-2
vt 4.2775897e-2 5.5171037e-2
vt 4.2775897e-2 5.5171037e-2
vt 4.3133518e-2 3.0693831e-2
vt 4.3133518e-2 3.0693831e-2
vt 4.4504934e-2 0.79049494
vt 4.4923805e-2 0.81497117
vt 4.7781699e-2 2.9128187e-2
vt 4.7925222e-2 5.6583862e-2
vt 4.7957852e-2 0.81652720
vt 4.7957852e-2 0.81652720
vt 4.8032671e-2 0.78907126
vt 4.8032671e-2 0.78907126
vt 5.1389040e-2 5.6644635e-2
vt 5.1504283e-2 2.9188826e-2
vt 5.5263497e-2 0.76260649
vt 5.6793970e-2 8.3153133e-2
vt 5.6793970e-2 8.3153133e-2
vt 5.7581075e-2 0.80177245
vt 5.8452943e-2 0.76247785
vt 5.9382614e-2 4.4004161e-2
vt 5.9382614e-2 4.4004161e-2
vt 6.1139543e-2 0.80162022
vt 6.2092150e-2 8.7503186e-2
vt 6.2122183e-2 0.75811658
vt 6.2122183e-2 0.75811658
vt 6.5263934e-2 8.7696104e-2
vt 6.6180314e-2 4.4999240e-2
vt 6.6316694e-2 0.80061016
vt 6.6316694e-2 0.80061016
vt 6.9752502e-2 4.5232575e-2
vt 7.3805743e-2 0.76951717
vt 7.5383610e-2 7.6370974e-2
vt 7.5383610e-2 7.6370974e-2
vt 7.7059496e-2 0.76921347
vt 8.0869803e-2 8.0955488e-2
vt 8.0916163e-2 0.76461727
vt 8.0916163e-2 0.76461727
vt 8.4102464e-2 8.1325669e-2
vt 0.17390680 0.46216805
vt 0.17390680 0.46216805
vt 0.17390680 0.46216805
vt 0.17390680 0.59712785
vt 0.17390680 0.59712785
vt 0.17390680 0.44594817
vt 0.17390680 0.44984188
vt 0.17390680 0.44984188
vt 0.17390680 0.46350715
vt 0.17390680 0.46350715
vt 0.17390680 0.47711914
vt 0.17390680 0.47711914
vt 0.17390680 0.50497857
vt 0.17390680 0.50497857
vt 0.17390680 0.55431734
vt 0.17390680 0.55431734
vt 0.17390680 0.55431734
vt 0.17390680 0.58217676
vt 0.17390680 0.58217676
vt 0.17390680 0.58217676
vt 0.17390680 0.59578875
vt 0.17390680 0.59578875
vt 0.17390680 0.60945403
vt 0.17390680 0.61334774
vt 0.17530886 0.52617184
vt 0.17530886 0.52617184
vt 0.17530886 0.53978383
vt 0.17530886 0.53978383
vt 0.17952638 0.27676085
vt 0.17952638 0.27676085
vt 0.17952638 0.30462027
vt 0.17952638 0.30462027
vt 0.17952638 0.40909573
vt 0.17952638 0.41298944
vt 0.18482884 0.24677081
vt 0.18482884 0.10791731
vt 0.18482884 0.10791731
vt 0.18482884 0.24677081
vt 0.18482884 0.24677081
vt 0.18482884 0.25066452
vt 0.18482884 0.25066452
vt 0.18482884 0.25066452
vt 0.18482884 0.11181102
vt 0.18482884 0.10791731
vt 0.18482884 0.10791731
vt 0.18482884 0.11181102
vt 0.18482884 0.11181102
vt 0.19360422 0.67372826
vt 0.19360422 0.70528513
vt 0.19360422 0.67372826
vt 0.19726490 0.67372826
vt 0.19726490 0.70528513
vt 0.20092559 0.67372826
vt 0.20092559 0.70528513
vt 0.20092559 0.70528513
vt 0.20144917 0.45827435
vt 0.20144917 0.55431734
vt 0.20144917 0.45827435
vt 0.20144917 0.60102156
vt 0.20144917 0.60102156
vt 0.20144917 0.44594817
vt 0.20144917 0.44984188
vt 0.20144917 0.46350715
vt 0.20144917 0.46350715
vt 0.20144917 0.47711914
vt 0.20144917 0.47711914
vt 0.20144917 0.50497857
vt 0.20144917 0.50497857
vt 0.20144917 0.55431734
vt 0.20144917 0.55431734
vt 0.20144917 0.55431734
vt 0.20144917 0.58217676
vt 0.20144917 0.58217676
vt 0.20144917 0.58217676
vt 0.20144917 0.59578875
vt 0.20144917 0.59578875
vt 0.20144917 0.60945403
vt 0.20144917 0.61334774
vt 0.20178855 0.72113303
vt 0.20178855 0.72113303
vt 0.20178855 0.65788036
vt 0.20178855 0.65788036
vt 0.20178855 0.72113303
vt 0.20178855 0.65788036
vt 0.20178855 0.72113303
vt 0.20178855 0.65788036
vt 0.20178855 0.72113303
vt 0.20178855 0.72113303
vt 0.20178855 0.65788036
vt 0.20178855 0.65788036
vt 0.20285122 0.52617184
vt 0.20285122 0.52617184
vt 0.20285122 0.53978383
vt 0.20285122 0.53978383
vt 0.20394135 0.72113303
vt 0.20394135 0.72113303
vt 0.20394135 0.65788036
vt 0.20394135 0.65788036
vt 0.20394135 0.65788036
vt 0.20394135 0.72113303
vt 0.20394135 0.65788036
vt 0.20394135 0.72113303
vt 0.20394135 0.72113303
vt 0.20394135 0.72113303
vt 0.20394135 0.65788036
vt 0.20394135 0.65788036
vt 0.20458627 0.67372826
vt 0.20458627 0.67372826
vt 0.20458627 0.70528513
vt 0.20609415 0.72113303
vt 0.20609415 0.72113303
vt 0.20609415 0.72113303
vt 0.20609415 0.65788036
vt 0.20609415 0.65788036
vt 0.20609415 0.72113303
vt 0.20609415 0.65788036
vt 0.20609415 0.72113303
vt 0.20609415 0.72113303
vt 0.20609415 0.72113303
vt 0.20609415 0.65788036
vt 0.20609415 0.65788036
vt 0.20706874 0.27676085
vt 0.20706874 0.27676085
vt 0.20706874 0.30462027
vt 0.20706874 0.30462027
vt 0.20706874 0.40909573
vt 0.20706874 0.41298944
vt 0.20824696 0.72113303
vt 0.20824696 0.72113303
vt 0.20824696 0.72113303
vt 0.20824696 0.65788036
vt 0.20824696 0.65788036
vt 0.20824696 0.72113303
vt 0.20824696 0.65788036
vt 0.20824696 0.67372826
vt 0.20824696 0.70528513
vt 0.20824696 0.72113303
vt 0.20824696 0.65788036
vt 0.20824696 0.72113303
vt 0.20824696 0.72113303
vt 0.20824696 0.65788036
vt 0.20824696 0.65788036
vt 0.21039976 0.72113303
vt 0.21039976 0.72113303
vt 0.21039976 0.65788036
vt 0.21039976 0.65788036
vt 0.21039976 0.72113303
vt 0.21039976 0.65788036
vt 0.21039976 0.72113303
vt 0.21039976 0.65788036
vt 0.21039976 0.72113303
vt 0.21039976 0.72113303
vt 0.21039976 0.65788036
vt 0.21039976 0.65788036
vt 0.21190764 0.67372826
vt 0.21190764 0.70528513
vt 0.21190764 0.67372826
vt 0.21190764 0.70528513
vt 0.21237120 0.25066452
vt 0.21237120 0.24677081
vt 0.21237120 0.24677081
vt 0.21237120 0.25066452
vt 0.21237120 0.25066452
vt 0.21237120 0.10791731
vt 0.21237120 0.10791731
vt 0.21237120 0.11181102
vt 0.21237120 0.11181102
vt 0.21237120 0.11181102
vt 0.21237120 0.11181102
vt 0.21237120 0.24677081
vt 0.21237120 0.24677081
vt 0.21237120 0.24677081
vt 0.21237120 0.10791731
vt 0.21255256 0.72113303
vt 0.21255256 0.72113303
vt 0.21255256 0.72113303
vt 0.21255256 0.65788036
vt 0.21255256 0.65788036
vt 0.21255256 0.65788036
vt 0.21255256 0.72113303
vt 0.21255256 0.65788036
vt 0.21255256 0.72113303
vt 0.21255256 0.72113303
vt 0.21255256 0.72113303
vt 0.21255256 0.65788036
vt 0.21470537 0.72113303
vt 0.21470537 0.72113303
vt 0.21470537 0.72113303
vt 0.21470537 0.65788036
vt 0.21470537 0.65788036
vt 0.21470537 0.72113303
vt 0.21470537 0.65788036
vt 0.21470537 0.72113303
vt 0.21470537 0.65788036
vt 0.21470537 0.72113303
vt 0.21470537 0.72113303
vt 0.21470537 0.65788036
vt 0.21556833 0.67372826
vt 0.21556833 0.70528513
vt 0.21922901 0.67372826
vt 0.21922901 0.70528513
vt 0.22288969 0.67372826
vt 0.22288969 0.67372826
vt 0.22288969 0.70528513
vt 0.25913955 0.67283619
vt 0.25913955 0.68756609
vt 0.25913955 0.67283619
vt 0.25913955 0.12284526
vt 0.25913955 0.68756609
vt 0.25913955 0.10811536
vt 0.25913955 0.14800055
vt 0.25913955 0.64768090
vt 0.25913955 0.12284526
vt 0.25913955 0.64768090
vt 0.25913955 0.10811536
vt 0.25913955 0.14800055
vt 0.29892295 0.12284526
vt 0.29892295 0.10811536
vt 0.29892295 0.12284526
vt 0.29892295 0.67283619
vt 0.29892295 0.10811536
vt 0.29892295 0.68756609
vt 0.29892295 0.14800055
vt 0.29892295 0.67283619
vt 0.29892295 0.68756609
vt 0.29892295 0.64768090
vt 0.29892295 0.64768090
vt 0.29892295 0.14800055
vt 0.32364194 0.12706796
vt 0.32364194 0.13881841
vt 0.33050292 0.21104763
vt 0.33050292 0.88850171
vt 0.33050292 0.21104763
vt 0.33050292 0.88850171
vt 0.33050292 0.29360602
vt 0.33050292 0.29360602
vt 0.33050292 0.31558691
vt 0.33050292 0.31558691
vt 0.33050292 0.31972371
vt 0.33050292 0.31972371
vt 0.33050292 0.34170460
vt 0.33050292 0.34170460
vt 0.33050292 0.44835226
vt 0.33050292 0.44835226
vt 0.33050292 0.47033315
vt 0.33050292 0.47033315
vt 0.33050292 0.47446996
vt 0.33050292 0.47446996
vt 0.33050292 0.49645084
vt 0.33050292 0.49645084
vt 0.33050292 0.60309850
vt 0.33050292 0.60309850
vt 0.33050292 0.62507939
vt 0.33050292 0.62507939
vt 0.33050292 0.62921620
vt 0.33050292 0.62921620
vt 0.33050292 0.65119709
vt 0.33050292 0.65119709
vt 0.33050292 0.80594333
vt 0.33050292 0.80594333
vt 0.33050292 0.75784474
vt 0.33050292 0.75784474
vt 0.33050292 0.78396244
vt 0.33050292 0.78396244
vt 0.33050292 0.77982563
vt 0.33050292 0.77982563
vt 0.33832414 0.12706796
vt 0.33832414 0.13881841
vt 0.33834240 0.90907363
vt 0.33834240 0.90907363
vt 0.33834240 0.19047572
vt 0.33834240 0.19047572
vt 0.33924090 0.10280697
vt 0.33924090 9.1056520e-2
vt 0.33924090 9.1056520e-2
vt 0.33924090 0.10280697
vt 0.33924090 0.10280697
vt 0.34197986 9.1056520e-2
vt 0.34197986 0.10280697
vt 0.34562511 0.18255972
vt 0.34562511 0.18255972
vt 0.34562511 0.91698963
vt 0.34562511 0.91698963
vt 0.34669632 0.12706796
vt 0.34669632 0.13881841
vt 0.35300635 0.12706796
vt 0.35300635 0.13881841
vt 0.36137853 0.12706796
vt 0.36137853 0.13881841
vt 0.36455128 0.17403855
vt 0.36455128 0.17403855
vt 0.36455128 0.92551079
vt 0.36455128 0.92551079
vt 0.36503424 9.1056520e-2
vt 0.36503424 0.10280697
vt 0.36777320 9.1056520e-2
vt 0.36777320 9.1056520e-2
vt 0.36777320 0.10280697
vt 0.36777320 0.10280697
vt 0.37606073 0.12706796
vt 0.37606073 0.13881841
vt 0.39989389 0.13028848
vt 0.39989389 0.13731750
vt 0.39989389 0.13731750
vt 0.40356616 0.12621623
vt 0.40356616 0.14138976
vt 0.40356616 0.14138976
vt 0.40356616 0.12621623
vt 0.40356616 0.14138976
vt 0.41091071 0.12621623
vt 0.41091071 0.14138976
vt 0.41091071 0.12621623
vt 0.41091071 0.14138976
vt 0.41091071 0.14138976
vt 0.41458298 0.13028848
vt 0.41458298 0.13731750
vt 0.41458298 0.13731750
vt 0.42910114 0.10840815
vt 0.42996497 0.10835381
vt 0.43173556 0.10171991
vt 0.43188864 0.11496066
vt 0.43244517 0.11434155
vt 0.43244517 0.10236608
vt 0.43280193 0.10837201
vt 0.43364999 0.10835381
vt 0.43365028 0.10835381
vt 0.43441080 0.10436981
vt 0.43448241 0.11234209
vt 0.43473132 0.11526605
vt 0.43473804 0.10822655
vt 0.43474414 0.12076387
vt 0.43476023 0.10273136
vt 0.43477567 0.12812194
vt 0.43477567 0.12812194
vt 0.43480859 9.5384344e-2
vt 0.43480859 0.13361152
vt 0.43485929 8.9900247e-2
vt 0.43492884 8.2872167e-2
vt 0.43505087 0.10497178
vt 0.43505087 0.11173584
vt 0.43505108 0.11173564
vt 0.43505108 0.10497199
vt 0.43839751 0.10272292
vt 0.43839842 9.9021957e-2
vt 0.43843290 0.11682175
vt 0.43843290 0.11313644
vt 0.43843290 0.10357090
vt 0.43843290 0.11313673
vt 0.43843290 0.10357119
vt 0.43843290 9.9885877e-2
vt 0.43846739 0.11768567
vt 0.43846830 0.11398470
vt 0.44181473 0.11173564
vt 0.44181473 0.10497199
vt 0.44181493 0.10497178
vt 0.44181493 0.11173584
vt 0.44196915 0.11526014
vt 0.44197111 0.10824284
vt 0.44198068 0.12074095
vt 0.44198920 0.10276893
vt 0.44201548 0.12808605
vt 0.44203814 9.5440049e-2
vt 0.44204421 0.13356957
vt 0.44208481 8.9968768e-2
vt 0.44215893 8.2947691e-2
vt 0.44238340 0.10436554
vt 0.44245500 0.11233781
vt 0.44321553 0.10835381
vt 0.44321582 0.10835381
vt 0.44406388 0.10833562
vt 0.44442064 0.11434155
vt 0.44442064 0.10236608
vt 0.44497717 0.10174696
vt 0.44497717 0.10174696
vt 0.44513025 0.11498772
vt 0.44690084 0.10835381
vt 0.44776466 0.10829948
vt 0.47973930 9.5702571e-2
vt 0.47973930 0.10452849
vt 0.48005500 0.14051453
vt 0.48005500 0.14051453
vt 0.48005500 0.12876408
vt 0.48005500 0.12876408
vt 0.48005500 0.14051453
vt 0.48018259 0.10366121
vt 0.48018259 0.10366121
vt 0.48024173 9.6430962e-2
vt 0.48024173 9.6430962e-2
vt 0.48619395 0.12195648
vt 0.48619395 0.12195648
vt 0.48619395 0.12195648
vt 0.48619395 0.12195648
vt 0.48619395 0.14732213
vt 0.48619395 0.14732213
vt 0.48619395 0.14732213
vt 0.48621982 9.5702571e-2
vt 0.48621982 0.10452849
vt 0.48721081 0.10371483
vt 0.48726296 9.6489176e-2
vt 0.48726296 9.6489176e-2
vt 0.49269501 0.10375310
vt 0.49270035 9.5702571e-2
vt 0.49270035 0.10452849
vt 0.49273433 9.6523445e-2
vt 0.49847186 0.12195648
vt 0.49847186 0.12195648
vt 0.49847186 0.12195648
vt 0.49847186 0.12195648
vt 0.49847186 0.14732213
vt 0.49847186 0.14732213
vt 0.49847186 0.14732213
vt 0.49918087 9.5702571e-2
vt 0.49918087 0.10452849
vt 0.50004212 0.10378481
vt 0.50006330 9.6555774e-2
vt 0.50461081 0.12876408
vt 0.50461081 0.12876408
vt 0.50461081 0.14051453
vt 0.50461081 0.14051453
vt 0.50553725 9.6561462e-2
vt 0.50553734 0.10379455
vt 0.50566139 9.5702571e-2
vt 0.50566139 0.10452849
vt 0.51214192 9.5702571e-2
vt 0.51214192 0.10452849
vt 0.51255453 9.6547518e-2
vt 0.51255453 9.6547518e-2
vt 0.51257684 0.10378532
vt 0.51257684 0.10378532
vt 0.51803530 9.6523562e-2
vt 0.51803530 9.6523562e-2
vt 0.51807462 0.10376003
vt 0.51807462 0.10376003
vt 0.51862244 9.5702571e-2
vt 0.51862244 0.10452849
vt 0.52510296 9.5702571e-2
vt 0.52510296 0.10452849
vt 0.52538030 9.6472120e-2
vt 0.52538030 9.6472120e-2
vt 0.52543260 0.10371183
vt 0.52543260 0.10371183
vt 0.52543260 0.10371183
vt 0.52916662 0.12876408
vt 0.52916662 0.12876408
vt 0.52916662 0.14051453
vt 0.52916662 0.14051453
vt 0.53086374 9.6430962e-2
vt 0.53086374 9.6430962e-2
vt 0.53086374 9.6430962e-2
vt 0.53092209 0.10366647
vt 0.53092209 0.10366647
vt 0.53158349 9.5702571e-2
vt 0.53158349 0.10452849
vt 0.59091193 8.6655097e-2
vt 0.59091193 8.6655097e-2
vt 0.59091486 8.6565468e-2
vt 0.59091486 8.6565468e-2
vt 0.59736643 0.17403855
vt 0.59736643 0.17403855
vt 0.59736643 0.92551079
vt 0.59736643 0.92551079
vt 0.60406272 9.9023220e-2
vt 0.60406272 9.9023220e-2
vt 0.60406373 9.8932667e-2
vt 0.60406373 9.8932667e-2
vt 0.61629260 0.18255972
vt 0.61629260 0.18255972
vt 0.61629260 0.91698963
vt 0.61629260 0.91698963
vt 0.61809676 0.11529652
vt 0.61809676 0.11529652
vt 0.61809871 0.11538792
vt 0.61809871 0.11538792
vt 0.62275345 7.5794435e-2
vt 0.62275345 7.5794435e-2
vt 0.62275372 7.5881710e-2
vt 0.62275372 7.5881710e-2
vt 0.62357531 0.19047572
vt 0.62357531 0.19047572
vt 0.62357531 0.90907363
vt 0.62357531 0.90907363
vt 0.62487642 2.7367629e-2
vt 0.62487642 5.4909994e-2
vt 0.62487642 5.4909994e-2
vt 0.62487642 2.7367629e-2
vt 0.62487642 5.4909994e-2
vt 0.62487642 2.7367629e-2
vt 0.62487642 2.7367629e-2
vt 0.62487642 5.4909994e-2
vt 0.63141479 0.21104764
vt 0.63141479 0.21104764
vt 0.63141479 0.29360602
vt 0.63141479 0.29360602
vt 0.63141479 0.31558691
vt 0.63141479 0.31558691
vt 0.63141479 0.31972371
vt 0.63141479 0.31972371
vt 0.63141479 0.34170460
vt 0.63141479 0.34170460
vt 0.63141479 0.44835226
vt 0.63141479 0.44835226
vt 0.63141479 0.47033315
vt 0.63141479 0.47033315
vt 0.63141479 0.47446996
vt 0.63141479 0.47446996
vt 0.63141479 0.49645084
vt 0.63141479 0.49645084
vt 0.63141479 0.60309850
vt 0.63141479 0.60309850
vt 0.63141479 0.62507939
vt 0.63141479 0.62507939
vt 0.63141479 0.62921620
vt 0.63141479 0.62921620
vt 0.63141479 0.65119708
vt 0.63141479 0.65119708
vt 0.63141479 0.75784474
vt 0.63141479 0.75784474
vt 0.63141479 0.77982563
vt 0.63141479 0.77982563
vt 0.63141479 0.78396244
vt 0.63141479 0.78396244
vt 0.63141479 0.80594333
vt 0.63141479 0.80594333
vt 0.63141479 0.88850171
vt 0.63141479 0.88850171
vt 0.63288809 8.9083221e-2
vt 0.63288809 8.9083221e-2
vt 0.63289414 8.9165721e-2
vt 0.63289414 8.9165721e-2
vt 0.64051552 0.54912577
vt 0.64064741 0.57490309
vt 0.64066090 0.55085419
vt 0.64079691 0.24694779
vt 0.64079691 0.49680386
vt 0.64089251 0.47189623
vt 0.64089251 0.27254750
vt 0.64098703 0.37187582
vt 0.64099142 0.49738958
vt 0.64099142 0.24705415
vt 0.64104412 0.34701788
vt 0.64104412 0.39673377
vt 0.64105310 0.44665412
vt 0.64105310 0.29778961
vt 0.64106830 0.27226399
vt 0.64106830 0.47148766
vt 0.64112264 0.60013836
vt 0.64118145 0.22143354
vt 0.64118145 0.52231811
vt 0.64118158 0.32218903
vt 0.64118158 0.42156262
vt 0.64119669 0.44642039
vt 0.64119669 0.29733126
vt 0.64130909 0.32280362
vt 0.64130909 0.42164011
vt 0.64159981 0.52272830
vt 0.64160665 0.34764143
vt 0.64160665 0.39680230
vt 0.64166623 0.52280334
vt 0.64168117 0.37222186
vt 0.64172714 0.62493578
vt 0.64200199 0.22134731
vt 0.64200199 0.52309642
vt 0.64236682 0.64956157
vt 0.64253694 0.10709309
vt 0.64253694 0.10709309
vt 0.64255156 0.10717169
vt 0.64255156 0.10717169
vt 0.64300713 0.67421526
vt 0.64364286 0.69896176
vt 0.64406017 0.57587058
vt 0.64426095 0.72379131
vt 0.64468296 0.79876651
vt 0.64471277 0.82402273
vt 0.64471798 0.54918807
vt 0.64473796 0.74870064
vt 0.64476503 0.57484952
vt 0.64488088 0.77368099
vt 0.64491355 0.49681065
vt 0.64491355 0.24694100
vt 0.64500491 0.37187582
vt 0.64505824 0.47190143
vt 0.64505824 0.27254230
vt 0.64505904 0.39672232
vt 0.64505904 0.34702933
vt 0.64514062 0.27222877
vt 0.64514062 0.47152288
vt 0.64516634 0.60005564
vt 0.64518299 0.24711041
vt 0.64518299 0.49733332
vt 0.64518435 0.44669084
vt 0.64518435 0.29775289
vt 0.64520009 0.32220584
vt 0.64520009 0.42154581
vt 0.64522195 0.55049498
vt 0.64523415 0.44642940
vt 0.64523415 0.29732225
vt 0.64530679 0.52223690
vt 0.64530679 0.22151475
vt 0.64540089 0.42167886
vt 0.64540089 0.32276487
vt 0.64566278 0.39683044
vt 0.64566278 0.34761329
vt 0.64571393 0.62483912
vt 0.64573281 0.37222186
vt 0.64590272 0.59968990
vt 0.64595236 0.52310274
vt 0.64607644 0.52325790
vt 0.64616974 0.52266577
vt 0.64616974 0.22177796
vt 0.64635644 0.64945415
vt 0.64700153 0.67410412
vt 0.64750615 0.62594412
vt 0.64764539 0.69885913
vt 0.64797222 0.57544991
vt 0.64828766 0.72369926
vt 0.64875258 0.79880203
vt 0.64877704 0.74864608
vt 0.64881192 0.82400045
vt 0.64889916 0.57481282
vt 0.64892527 0.54925267
vt 0.64893076 0.77368645
vt 0.64904619 0.37187582
vt 0.64904903 0.24693917
vt 0.64904903 0.49681248
vt 0.64909832 0.34705554
vt 0.64909832 0.39669611
vt 0.64922741 0.59997994
vt 0.64922870 0.32222912
vt 0.64922870 0.42152253
vt 0.64923579 0.27221504
vt 0.64923579 0.47153661
vt 0.64930284 0.29732151
vt 0.64930284 0.44643014
vt 0.64933537 0.47190835
vt 0.64933537 0.27253538
vt 0.64941439 0.22180547
vt 0.64941439 0.52194618
vt 0.64941818 0.44672168
vt 0.64941818 0.29772205
vt 0.64947187 0.49727360
vt 0.64947187 0.24717013
vt 0.64961334 0.32272113
vt 0.64961334 0.42172260
vt 0.64972202 0.62475283
vt 0.64977360 0.55021650
vt 0.64982098 0.34755504
vt 0.64982098 0.39688869
vt 0.64988496 0.37222186
vt 0.64998321 0.59943303
vt 0.65015198 0.52364772
vt 0.65028004 0.22230203
vt 0.65028004 0.52214170
vt 0.65034942 0.64935774
vt 0.65049816 0.52388182
vt 0.65100684 0.67399277
vt 0.65114254 5.4909994e-2
vt 0.65114254 2.7367629e-2
vt 0.65114254 2.7367629e-2
vt 0.65114254 5.4909994e-2
vt 0.65114254 2.7367629e-2
vt 0.65114254 5.4909994e-2
vt 0.65114254 5.4909994e-2
vt 0.65114254 2.7367629e-2
vt 0.65139947 0.65385597
vt 0.65168943 0.69874627
vt 0.65199375 0.62551081
vt 0.65202163 0.57504534
vt 0.65235628 0.72360504
vt 0.65284818 0.79884588
vt 0.65285368 0.74859242
vt 0.65286744 0.82375134
vt 0.65302356 0.77369100
vt 0.65318239 0.57478455
vt 0.65324540 0.37187582
vt 0.65326578 0.54932212
vt 0.65329392 0.39666821
vt 0.65329392 0.34708344
vt 0.65333029 0.24693363
vt 0.65333029 0.49681802
vt 0.65341365 0.32225347
vt 0.65341365 0.42149818
vt 0.65343821 0.59991164
vt 0.65349363 0.27220196
vt 0.65349363 0.47154969
vt 0.65353094 0.44642717
vt 0.65353094 0.29732448
vt 0.65353514 0.52159504
vt 0.65353514 0.22215661
vt 0.65377367 0.27253948
vt 0.65377367 0.47190425
vt 0.65381409 0.44674722
vt 0.65381409 0.29769650
vt 0.65388052 0.62466761
vt 0.65391736 0.24722393
vt 0.65391736 0.49721980
vt 0.65399308 0.42176221
vt 0.65399308 0.32268152
vt 0.65415271 0.39693935
vt 0.65415271 0.34750438
vt 0.65418147 0.59910942
vt 0.65420785 0.37222186
vt 0.65431643 0.52425067
vt 0.65438847 0.52176661
vt 0.65438847 0.22267711
vt 0.65439080 0.55000930
vt 0.65449774 0.64925475
vt 0.65486968 0.52439473
vt 0.65516450 0.67387039
vt 0.65587964 0.65300931
vt 0.65588685 0.69862475
vt 0.65624498 0.57465043
vt 0.65655278 0.62502420
vt 0.65658580 0.72350347
vt 0.65692643 0.82345871
vt 0.65709542 0.74853220
vt 0.65710114 0.79889862
vt 0.65728314 0.77369240
vt 0.65761682 0.37187582
vt 0.65765999 0.57477103
vt 0.65766886 0.34711788
vt 0.65766886 0.39663377
vt 0.65770013 0.67991317
vt 0.65772777 0.22235173
vt 0.65772777 0.52139991
vt 0.65778942 0.54938477
vt 0.65780394 0.24691362
vt 0.65780394 0.49683803
vt 0.65780827 0.32229187
vt 0.65780827 0.42145978
vt 0.65784734 0.59984716
vt 0.65795262 0.44641687
vt 0.65795262 0.29733478
vt 0.65795356 0.27219496
vt 0.65795356 0.47155669
vt 0.65824866 0.62458033
vt 0.65831394 0.47190275
vt 0.65831394 0.27254097
vt 0.65831450 0.44676298
vt 0.65831450 0.29768075
vt 0.65845844 0.32263789
vt 0.65845844 0.42180584
vt 0.65846314 0.49718409
vt 0.65846314 0.24725964
vt 0.65849207 0.52467437
vt 0.65853027 0.59872079
vt 0.65853858 0.52174603
vt 0.65853858 0.22269770
vt 0.65859642 0.34746385
vt 0.65859642 0.39697988
vt 0.65864813 0.37222186
vt 0.65883744 0.64914851
vt 0.65901797 0.54985830
vt 0.65924923 0.52457552
vt 0.65953051 0.67374002
vt 0.66029223 0.69848573
vt 0.66043013 0.65219097
vt 0.66056261 0.57427007
vt 0.66101293 0.72338746
vt 0.66103216 0.82334432
vt 0.66125430 0.62447665
vt 0.66154815 0.74846811
vt 0.66155984 0.79897187
vt 0.66169250 0.67884583
vt 0.66175585 0.77369292
vt 0.66187777 0.52142054
vt 0.66187777 0.22233111
vt 0.66205988 0.37187582
vt 0.66211462 0.39659350
vt 0.66211462 0.34715815
vt 0.66219769 0.57476693
vt 0.66227375 0.32233551
vt 0.66227375 0.42141614
vt 0.66231785 0.59979342
vt 0.66234882 0.24687792
vt 0.66234882 0.49687373
vt 0.66236747 0.54943631
vt 0.66245203 0.44640134
vt 0.66245203 0.29735030
vt 0.66249235 0.27219343
vt 0.66249235 0.47155822
vt 0.66265416 0.52481559
vt 0.66267854 0.62449746
vt 0.66273131 0.22250263
vt 0.66273131 0.52194110
vt 0.66273517 0.44677333
vt 0.66273517 0.29767040
vt 0.66277242 0.27254802
vt 0.66277242 0.47189570
vt 0.66285319 0.42184415
vt 0.66285319 0.32259958
vt 0.66293590 0.24727968
vt 0.66293590 0.49716404
vt 0.66297181 0.59825872
vt 0.66297340 0.39701446
vt 0.66297340 0.34742927
vt 0.66302228 0.37222186
vt 0.66324353 0.64903698
vt 0.66349627 0.54974711
vt 0.66357225 0.52448917
vt 0.66396472 0.67360063
vt 0.66406262 0.70249112
vt 0.66477207 0.69833791
vt 0.66477776 0.57391227
vt 0.66512574 0.65138279
vt 0.66514579 0.82350890
vt 0.66551949 0.72326354
vt 0.66579259 0.67784265
vt 0.66598632 0.22195595
vt 0.66598632 0.52179569
vt 0.66602736 0.62386923
vt 0.66608360 0.74839820
vt 0.66610403 0.79906762
vt 0.66631416 0.77368854
vt 0.66637973 0.37187582
vt 0.66644459 0.34720915
vt 0.66644459 0.39654250
vt 0.66662238 0.57477706
vt 0.66665307 0.32237552
vt 0.66665307 0.42137612
vt 0.66668407 0.59975187
vt 0.66677978 0.52459999
vt 0.66679526 0.24682394
vt 0.66679526 0.49692771
vt 0.66683374 0.54947564
vt 0.66684912 0.29737615
vt 0.66684912 0.44637550
vt 0.66685214 0.52229236
vt 0.66685214 0.22215137
vt 0.66693218 0.27218929
vt 0.66693218 0.47156236
vt 0.66696440 0.44677614
vt 0.66696440 0.29766759
vt 0.66699865 0.62441880
vt 0.66703173 0.47188278
vt 0.66703173 0.27256095
vt 0.66703763 0.32257553
vt 0.66703763 0.42186819
vt 0.66716709 0.34740179
vt 0.66716709 0.39704194
vt 0.66721812 0.49715876
vt 0.66721812 0.24728497
vt 0.66721840 0.37222186
vt 0.66731283 0.59774362
vt 0.66754240 0.64893082
vt 0.66761356 0.70161187
vt 0.66771919 0.54969023
vt 0.66783015 0.52425390
vt 0.66828392 0.67346636
vt 0.66828617 0.72380977
vt 0.66855004 0.16623907
vt 0.66855004 0.12645567
vt 0.66855004 0.12645567
vt 0.66855004 0.16623907
vt 0.66877054 0.57358394
vt 0.66912532 0.69818712
vt 0.66922378 0.82401893
vt 0.66989713 0.65060984
vt 0.66992012 0.72313877
vt 0.67005034 0.67688390
vt 0.67009663 0.52231961
vt 0.67009663 0.22143204
vt 0.67051668 0.74832395
vt 0.67053522 0.37187582
vt 0.67056495 0.79917726
vt 0.67057183 0.74738360
vt 0.67060483 0.39648471
vt 0.67060483 0.34726694
vt 0.67070020 0.62323263
vt 0.67078100 0.77368307
vt 0.67086561 0.32241832
vt 0.67086561 0.42133333
vt 0.67086601 0.57479607
vt 0.67087273 0.59972062
vt 0.67090009 0.52424137
vt 0.67095961 0.22186070
vt 0.67095961 0.52258303
vt 0.67103203 0.29766816
vt 0.67103203 0.44677557
vt 0.67106645 0.42189232
vt 0.67106645 0.32255141
vt 0.67108180 0.44634492
vt 0.67108180 0.29740673
vt 0.67108318 0.24676450
vt 0.67108318 0.49698715
vt 0.67112539 0.27257477
vt 0.67112539 0.47186896
vt 0.67112948 0.54950754
vt 0.67114395 0.62434803
vt 0.67120775 0.27219626
vt 0.67120775 0.47155539
vt 0.67120858 0.39706857
vt 0.67120858 0.34737516
vt 0.67126313 0.37222186
vt 0.67130920 0.70074109
vt 0.67135267 0.49715665
vt 0.67135267 0.24728708
vt 0.67143671 0.59719424
vt 0.67166822 0.64882777
vt 0.67174473 0.54967275
vt 0.67193453 0.72328243
vt 0.67204820 0.52408531
vt 0.67243462 0.67333278
vt 0.67255894 0.57327604
vt 0.67294741 0.77375752
vt 0.67331392 0.69803509
vt 0.67331568 0.82467584
vt 0.67415732 0.72300978
vt 0.67426420 0.22100115
vt 0.67426420 0.52275050
vt 0.67440644 0.67600028
vt 0.67456782 0.64987410
vt 0.67458417 0.37187582
vt 0.67465891 0.34729536
vt 0.67465891 0.39645629
vt 0.67469952 0.74700975
vt 0.67478706 0.74824648
vt 0.67488108 0.79929508
vt 0.67493553 0.59970167
vt 0.67495716 0.42129368
vt 0.67495716 0.32245797
vt 0.67499013 0.57482715
vt 0.67504769 0.52395320
vt 0.67507072 0.44676591
vt 0.67507072 0.29767782
vt 0.67508459 0.32253530
vt 0.67508459 0.42190842
vt 0.67508479 0.22177918
vt 0.67508479 0.52266455
vt 0.67508768 0.77367068
vt 0.67514891 0.62258134
vt 0.67516988 0.62428504
vt 0.67517337 0.69986384
vt 0.67519930 0.47183397
vt 0.67519930 0.27260975
vt 0.67521430 0.29744412
vt 0.67521430 0.44630753
vt 0.67522126 0.39707962
vt 0.67522126 0.34736411
vt 0.67527584 0.24670779
vt 0.67527584 0.49704385
vt 0.67527828 0.37222186
vt 0.67531134 0.54954599
vt 0.67537516 0.27220126
vt 0.67537516 0.47155039
vt 0.67538345 0.59662635
vt 0.67547039 0.24729337
vt 0.67547039 0.49715035
vt 0.67568616 0.64872028
vt 0.67570783 0.54971002
vt 0.67572984 0.72267585
vt 0.67627898 0.57297686
vt 0.67627992 0.52416834
vt 0.67647078 0.67319289
vt 0.67684845 0.79997131
vt 0.67732657 0.77325237
vt 0.67739479 0.69788338
vt 0.67746680 0.82526946
vt 0.67829058 0.72288333
vt 0.67866909 0.67521743
vt 0.67895005 0.74655046
vt 0.67895098 0.74816258
vt 0.67902753 0.64921480
vt 0.67911133 0.79940477
vt 0.67914995 0.69900094
vt 0.67927793 0.59600849
vt 0.67929575 0.77365668
vt 0.67942550 0.62192868
vt 0.67970965 0.72199157
vt 0.68093349 0.79923150
vt 0.68180158 0.77274371
vt 0.68228891 0.82354868
vt 0.68273329 0.67455255
vt 0.68307406 0.69817592
vt 0.68330828 0.64861113
vt 0.68338341 0.74600395
vt 0.68368126 0.62124154
vt 0.68381908 0.72121518
vt 0.68509382 0.79855402
vt 0.68596210 0.82245565
vt 0.68643847 0.77222549
vt 0.68663581 0.67396612
vt 0.68680978 0.69741433
vt 0.68758141 0.64804543
vt 0.68788116 0.72040176
vt 0.68794787 0.74535961
vt 0.68937671 0.79793901
vt 0.68956999 0.82131655
vt 0.69040625 0.69669481
vt 0.69050394 0.67345529
vt 0.69119528 0.77171542
vt 0.69177034 0.71955204
vt 0.69246475 0.74466724
vt 0.69313791 0.82032456
vt 0.69370533 0.16623907
vt 0.69370533 0.12645567
vt 0.69370533 0.12645567
vt 0.69370533 0.16623907
vt 0.69372752 0.79742931
vt 0.69394608 0.69600074
vt 0.69550498 0.71868348
vt 0.69590503 0.77123689
vt 0.69675689 0.81968852
vt 0.69681859 0.74392679
vt 0.69796947 0.79705057
vt 0.69920833 0.71774918
vt 0.70037808 0.81935864
vt 0.70045188 0.77080227
vt 0.70104524 0.74316080
vt 0.70199122 0.79681024
vt 0.70398554 0.81922446
vt 0.70488810 0.77040995
vt 0.70528807 0.74232458
vt 0.70582280 0.79671334
vt 0.70756743 0.81905864
vt 0.70937250 0.77003728
vt 0.70957507 0.79674953
vt 0.71115443 0.81869930
vt 0.89256166 0.19310621
vt 0.89256166 0.19510044
vt 0.89256166 0.21815482
vt 0.89256166 0.19310621
vt 0.89256166 0.19510044
vt 0.89256166 0.21616059
vt 0.89256166 0.21616059
vt 0.89256166 0.21815482
vt 0.89532323 0.19290679
vt 0.89532323 0.21596117
vt 0.89532323 0.19529986
vt 0.89532323 0.21596117
vt 0.89532323 0.21835425
vt 0.90431211 0.21815482
vt 0.90431211 0.19310621
vt 0.90431211 0.19510044
vt 0.90431211 0.19510044
vt 0.90431211 0.21616059
vt 0.90431211 0.21815482
vt 0.91347891 0.19510044
vt 0.91347891 0.19510044
vt 0.91347891 0.21257740
vt 0.91347891 0.21257740
vt 0.91347891 0.19868364
vt 0.91347891 0.21616059
vt 0.91987904 0.20743622
vt 0.91987904 0.21596117
vt 0.91987904 0.20382481
vt 0.91987904 0.20743622
vt 0.91987904 0.21596117
vt 0.91987904 0.19529986
vt 0.92575681 0.20531268
vt 0.92575681 0.19510044
vt 0.92575681 0.19510044
vt 0.92575681 0.20531268
vt 0.92575681 0.20594835
vt 0.92575681 0.21616059
vt 0.92904583 0.20574893
vt 0.92904583 0.19529986
vt 0.92904583 0.20574893
vt 0.92904583 0.21596117
vt 0.92904583 0.20551210
vt 0.92904583 0.21596117
vt 0.93492361 0.19510044
vt 0.93492361 0.19510044
vt 0.93492361 0.20362539
vt 0.93492361 0.20362539
vt 0.93492361 0.20763564
vt 0.93492361 0.21616059
vt 0.93617579 0.12645567
vt 0.93617579 0.16623907
vt 0.93617579 0.16623907
vt 0.93617579 0.12645567
vt 0.93787126 0.10976150
vt 0.93787126 0.10976150
vt 0.93788648 0.10968579
vt 0.93788648 0.10968579
vt 0.94132374 0.19529986
vt 0.94132374 0.19848421
vt 0.94132374 0.21277682
vt 0.94132374 0.21596117
vt 0.94132374 0.19848421
vt 0.94132374 0.21596117
vt 0.94576397 5.4909994e-2
vt 0.94576397 2.7367629e-2
vt 0.94576397 2.7367629e-2
vt 0.94576397 5.4909994e-2
vt 0.94576397 2.7367629e-2
vt 0.94576397 5.4909994e-2
vt 0.94576397 5.4909994e-2
vt 0.94576397 2.7367629e-2
vt 0.94784116 9.1926606e-2
vt 0.94784116 9.1926606e-2
vt 0.94784763 9.1846826e-2
vt 0.94784763 9.1846826e-2
vt 0.95049053 0.19290679
vt 0.95049053 0.19529986
vt 0.95049053 0.21835425
vt 0.95049053 0.21596117
vt 0.95049053 0.21596117
vt 0.95821467 7.8823704e-2
vt 0.95821467 7.8823704e-2
vt 0.95821554 7.8739238e-2
vt 0.95821554 7.8739238e-2
vt 0.95947941 0.21815482
vt 0.95947941 0.21815482
vt 0.95947941 0.19510044
vt 0.95947941 0.21616059
vt 0.95947941 0.21616059
vt 0.95947941 0.19310621
vt 0.95947941 0.19310621
vt 0.95947941 0.19510044
vt 0.95947941 0.21815482
vt 0.96133108 0.12645567
vt 0.96133108 0.16623907
vt 0.96133108 0.16623907
vt 0.96133108 0.12645567
vt 0.96177324 0.11836265
vt 0.96177324 0.11836265
vt 0.96177361 0.11827381
vt 0.96177361 0.11827381
vt 0.97203009 2.7367629e-2
vt 0.97203009 5.4909994e-2
vt 0.97203009 5.4909994e-2
vt 0.97203009 2.7367629e-2
vt 0.97203009 5.4909994e-2
vt 0.97203009 2.7367629e-2
vt 0.97203009 2.7367629e-2
vt 0.97203009 5.4909994e-2
vt 0.97631142 0.10278125
vt 0.97631142 0.10278125
vt 0.97631273 0.10269562
vt 0.97631273 0.10269562
vt 0.99024008 9.0664796e-2
vt 0.99024008 9.0664796e-2
vt 0.99024117 9.0752220e-2
vt 0.99024117 9.0752220e-2
vn 0.91248696 3.3722531e-16 -0.40910580
vn 0.64522571 -0.64522571 -0.40910580
vn 7.7080071e-16 -0.91248696 -0.40910580
vn -0.64522571 -0.64522571 -0.40910580
vn -0.91248696 -3.3722531e-16 -0.40910580
vn -0.64522571 0.64522571 -0.40910580
vn 8.5109245e-16 0.91248696 -0.40910580
vn 0.64522571 0.64522571 -0.40910580
vn 0.47596315 4.0443917e-16 -0.87946522
vn 0.33655677 -0.33655677 -0.87946522
vn 9.7065402e-16 -0.47596315 -0.87946522
vn -0.33655677 -0.33655677 -0.87946522
vn -0.47596315 -4.4488309e-16 -0.87946522
vn -0.33655677 0.33655677 -0.87946522
vn 1.0919858e-15 0.47596315 -0.87946522
vn 0.33655677 0.33655677 -0.87946522
vn -0.92691784 2.9516786e-16 -0.37526434
vn -0.89533388 -0.23990399 -0.37526434
vn -0.80273439 -0.46345892 -0.37526434
vn -0.65542989 -0.65542989 -0.37526434
vn -0.46345892 -0.80273439 -0.37526434
vn -0.23990399 -0.89533388 -0.37526434
vn -5.3207890e-16 -0.92691784 -0.37526434
vn 0.23990399 -0.89533388 -0.37526434
vn 0.46345892 -0.80273439 -0.37526434
vn 0.65542989 -0.65542989 -0.37526434
vn 0.80273439 -0.46345892 -0.37526434
vn 0.89533388 -0.23990399 -0.37526434
vn 0.92691784 -4.3110042e-16 -0.37526434
vn 0.89533388 0.23990399 -0.37526434
vn 0.80273439 0.46345892 -0.37526434
vn 0.65542989 0.65542989 -0.37526434
vn 0.46345892 0.80273439 -0.37526434
vn 0.23990399 0.89533388 -0.37526434
vn 7.6898995e-16 0.92691784 -0.37526434
vn -0.23990399 0.89533388 -0.37526434
vn -0.46345892 0.80273439 -0.37526434
vn -0.65542989 0.65542989 -0.37526434
vn -0.80273439 0.46345892 -0.37526434
vn -0.89533388 0.23990399 -0.37526434
vn -0.38987107 1.0015791e-16 0.92086945
vn -0.37658653 -0.10090606 0.92086945
vn -0.33763825 -0.19493553 0.92086945
vn -0.27568048 -0.27568048 0.92086945
vn -0.19493553 -0.33763825 0.92086945
vn -0.10090606 -0.37658653 0.92086945
vn -4.4997774e-16 -0.38987107 0.92086945
vn 0.10090606 -0.37658653 0.92086945
vn 0.19493553 -0.33763825 0.92086945
vn 0.27568048 -0.27568048 0.92086945
vn 0.33763825 -0.19493553 0.92086945
vn 0.37658653 -0.10090606 0.92086945
vn 0.38987107 6.8400526e-17 0.92086945
vn 0.37658653 0.10090606 0.92086945
vn 0.33763825 0.19493553 0.92086945
vn 0.27568048 0.27568048 0.92086945
vn 0.19493553 0.33763825 0.92086945
vn 0.10090606 0.37658653 0.92086945
vn 1.9445292e-16 0.38987107 0.92086945
vn -0.10090606 0.37658653 0.92086945
vn -0.19493553 0.33763825 0.92086945
vn -0.27568048 0.27568048 0.92086945
vn -0.33763825 0.19493553 0.92086945
vn -0.37658653 0.10090606 0.92086945
vn 0.92691784 4.1168149e-16 0.37526434
vn 0.89533388 0.23990399 0.37526434
vn 0.80273439 0.46345892 0.37526434
vn 0.65542989 0.65542989 0.37526434
vn 0.46345892 0.80273439 0.37526434
vn 0.23990399 0.89533388 0.37526434
vn 4.6605451e-16 0.92691784 0.37526434
vn -0.23990399 0.89533388 0.37526434
vn -0.46345892 0.80273439 0.37526434
vn -0.65542989 0.65542989 0.37526434
vn -0.80273439 0.46345892 0.37526434
vn -0.89533388 0.23990399 0.37526434
vn -0.92691784 7.3791965e-16 0.37526434
vn -0.89533388 -0.23990399 0.37526434
vn -0.80273439 -0.46345892 0.37526434
vn -0.65542989 -0.65542989 0.37526434
vn -0.46345892 -0.80273439 0.37526434
vn -0.23990399 -0.89533388 0.37526434
vn -3.4177331e-16 -0.92691784 0.37526434
vn 0.23990399 -0.89533388 0.37526434
vn 0.46345892 -0.80273439 0.37526434
vn 0.65542989 -0.65542989 0.37526434
vn 0.80273439 -0.46345892 0.37526434
vn 0.89533388 -0.23990399 0.37526434
vn 0.38987107 1.2849527e-16 -0.92086945
vn 0.37658653 0.10090606 -0.92086945
vn 0.33763825 0.19493553 -0.92086945
vn 0.27568048 0.27568048 -0.92086945
vn 0.19493553 0.33763825 -0.92086945
vn 0.10090606 0.37658653 -0.92086945
vn 4.2017466e-17 0.38987107 -0.92086945
vn -0.10090606 0.37658653 -0.92086945
vn -0.19493553 0.33763825 -0.92086945
vn -0.27568048 0.27568048 -0.92086945
vn -0.33763825 0.19493553 -0.92086945
vn -0.37658653 0.10090606 -0.92086945
vn -0.38987107 4.5437492e-17 -0.92086945
vn -0.37658653 -0.10090606 -0.92086945
vn -0.33763825 -0.19493553 -0.92086945
vn -0.27568048 -0.27568048 -0.92086945
vn -0.19493553 -0.33763825 -0.92086945
vn -0.10090606 -0.37658653 -0.92086945
vn 3.4688838e-17 -0.38987107 -0.92086945
vn 0.10090606 -0.37658653 -0.92086945
vn 0.19493553 -0.33763825 -0.92086945
vn 0.27568048 -0.27568048 -0.92086945
vn 0.33763825 -0.19493553 -0.92086945
vn 0.37658653 -0.10090606 -0.92086945
vn -0.92744295 5.2864711e-16 0.37396467
vn -0.89584110 -0.24003990 0.37396467
vn -0.80318915 -0.46372147 0.37396467
vn -0.65580120 -0.65580120 0.37396467
vn -0.46372147 -0.80318915 0.37396467
vn -0.24003990 -0.89584110 0.37396467
vn -8.0765531e-16 -0.92744295 0.37396467
vn 0.24003990 -0.89584110 0.37396467
vn 0.46372147 -0.80318915 0.37396467
vn 0.65580120 -0.65580120 0.37396467
vn 0.80318915 -0.46372147 0.37396467
vn 0.89584110 -0.24003990 0.37396467
vn 0.92744295 -2.2761195e-16 0.37396467
vn 0.89584110 0.24003990 0.37396467
vn 0.80318915 0.46372147 0.37396467
vn 0.65580120 0.65580120 0.37396467
vn 0.46372147 0.80318915 0.37396467
vn 0.24003990 0.89584110 0.37396467
vn 6.1675496e-16 0.92744295 0.37396467
vn -0.24003990 0.89584110 0.37396467
vn -0.46372147 0.80318915 0.37396467
vn -0.65580120 0.65580120 0.37396467
vn -0.80318915 0.46372147 0.37396467
vn -0.89584110 0.24003990 0.37396467
vn 0.39134744 -8.5458847e-17 0.92024300
vn 0.37801260 0.10128817 0.92024300
vn 0.33891682 0.19567372 0.92024300
vn 0.27672443 0.27672443 0.92024300
vn 0.19567372 0.33891682 0.92024300
vn 0.10128817 0.37801260 0.92024300
vn 3.0324107e-16 0.39134744 0.92024300
vn -0.10128817 0.37801260 0.92024300
vn -0.19567372 0.33891682 0.92024300
vn -0.27672443 0.27672443 0.92024300
vn -0.33891682 0.19567372 0.92024300
vn -0.37801260 0.10128817 0.92024300
vn -0.39134744 3.2070040e-16 0.92024300
vn -0.37801260 -0.10128817 0.92024300
vn -0.33891682 -0.19567372 0.92024300
vn -0.27672443 -0.27672443 0.92024300
vn -0.19567372 -0.33891682 0.92024300
vn -0.10128817 -0.37801260 0.92024300
vn -1.5116108e-16 -0.39134744 0.92024300
vn 0.10128817 -0.37801260 0.92024300
vn 0.19567372 -0.33891682 0.92024300
vn 0.27672443 -0.27672443 0.92024300
vn 0.33891682 -0.19567372 0.92024300
vn 0.37801260 -0.10128817 0.92024300
vn 0.92744295 2.7900820e-16 -0.37396467
vn 0.89584110 0.24003990 -0.37396467
vn 0.80318915 0.46372147 -0.37396467
vn 0.65580120 0.65580120 -0.37396467
vn 0.46372147 0.80318915 -0.37396467
vn 0.24003990 0.89584110 -0.37396467
vn 2.2761195e-16 0.92744295 -0.37396467
vn -0.24003990 0.89584110 -0.37396467
vn -0.46372147 0.80318915 -0.37396467
vn -0.65580120 0.65580120 -0.37396467
vn -0.80318915 0.46372147 -0.37396467
vn -0.89584110 0.24003990 -0.37396467
vn -0.92744295 5.1396247e-16 -0.37396467
vn -0.89584110 -0.24003990 -0.37396467
vn -0.80318915 -0.46372147 -0.37396467
vn -0.65580120 -0.65580120 -0.37396467
vn -0.46372147 -0.80318915 -0.37396467
vn -0.24003990 -0.89584110 -0.37396467
vn -1.5418874e-16 -0.92744295 -0.37396467
vn 0.24003990 -0.89584110 -0.37396467
vn 0.46372147 -0.80318915 -0.37396467
vn 0.65580120 -0.65580120 -0.37396467
vn 0.80318915 -0.46372147 -0.37396467
vn 0.89584110 -0.24003990 -0.37396467
vn -0.39134744 1.7321497e-16 -0.92024300
vn -0.37801260 -0.10128817 -0.92024300
vn -0.33891682 -0.19567372 -0.92024300
vn -0.27672443 -0.27672443 -0.92024300
vn -0.19567372 -0.33891682 -0.92024300
vn -0.10128817 -0.37801260 -0.92024300
vn -1.6907987e-16 -0.39134744 -0.92024300
vn 0.10128817 -0.37801260 -0.92024300
vn 0.19567372 -0.33891682 -0.92024300
vn 0.27672443 -0.27672443 -0.92024300
vn 0.33891682 -0.19567372 -0.92024300
vn 0.37801260 -0.10128817 -0.92024300
vn 0.39134744 -2.0307962e-16 -0.92024300
vn 0.37801260 0.10128817 -0.92024300
vn 0.33891682 0.19567372 -0.92024300
vn 0.27672443 0.27672443 -0.92024300
vn 0.19567372 0.33891682 -0.92024300
vn 0.10128817 0.37801260 -0.92024300
vn 3.0507889e-16 0.39134744 -0.92024300
vn -0.10128817 0.37801260 -0.92024300
vn -0.19567372 0.33891682 -0.92024300
vn -0.27672443 0.27672443 -0.92024300
vn -0.33891682 0.19567372 -0.92024300
vn -0.37801260 0.10128817 -0.92024300
vn -0.91248696 9.6350089e-17 0.40910580
vn -0.64522571 -0.64522571 0.40910580
vn -7.7080071e-16 -0.91248696 0.40910580
vn 0.64522571 -0.64522571 0.40910580
vn 0.91248696 -1.4452513e-16 0.40910580
vn 0.64522571 0.64522571 0.40910580
vn -8.0291741e-16 0.91248696 0.40910580
vn -0.64522571 0.64522571 0.40910580
vn -0.47596315 1.0110979e-16 0.87946522
vn -0.33655677 -0.33655677 0.87946522
vn -3.6399526e-16 -0.47596315 0.87946522
vn 0.33655677 -0.33655677 0.87946522
vn 0.47596315 -2.0221959e-16 0.87946522
vn 0.33655677 0.33655677 0.87946522
vn -4.0443917e-16 0.47596315 0.87946522
vn -0.33655677 0.33655677 0.87946522
vn -0.92691784 4.1168149e-16 0.37526434
vn -0.89533388 -0.23990399 0.37526434
vn -0.80273439 -0.46345892 0.37526434
vn -0.65542989 -0.65542989 0.37526434
vn -0.46345892 -0.80273439 0.37526434
vn -0.23990399 -0.89533388 0.37526434
vn -4.5440315e-16 -0.92691784 0.37526434
vn 0.23990399 -0.89533388 0.37526434
vn 0.46345892 -0.80273439 0.37526434
vn 0.65542989 -0.65542989 0.37526434
vn 0.80273439 -0.46345892 0.37526434
vn 0.89533388 -0.23990399 0.37526434
vn 0.92691784 -3.8449497e-16 0.37526434
vn 0.89533388 0.23990399 0.37526434
vn 0.80273439 0.46345892 0.37526434
vn 0.65542989 0.65542989 0.37526434
vn 0.46345892 0.80273439 0.37526434
vn 0.23990399 0.89533388 0.37526434
vn 6.5636011e-16 0.92691784 0.37526434
vn -0.23990399 0.89533388 0.37526434
vn -0.46345892 0.80273439 0.37526434
vn -0.65542989 0.65542989 0.37526434
vn -0.80273439 0.46345892 0.37526434
vn -0.89533388 0.23990399 0.37526434
vn -0.38987107 4.4606914e-16 -0.92086945
vn -0.37658653 -0.10090606 -0.92086945
vn -0.33763825 -0.19493553 -0.92086945
vn -0.27568048 -0.27568048 -0.92086945
vn -0.19493553 -0.33763825 -0.92086945
vn -0.10090606 -0.37658653 -0.92086945
vn -2.3158464e-16 -0.38987107 -0.92086945
vn 0.10090606 -0.37658653 -0.92086945
vn 0.19493553 -0.33763825 -0.92086945
vn 0.27568048 -0.27568048 -0.92086945
vn 0.33763825 -0.19493553 -0.92086945
vn 0.37658653 -0.10090606 -0.92086945
vn 0.38987107 -1.6074124e-16 -0.92086945
vn 0.37658653 0.10090606 -0.92086945
vn 0.33763825 0.19493553 -0.92086945
vn 0.27568048 0.27568048 -0.92086945
vn 0.19493553 0.33763825 -0.92086945
vn 0.10090606 0.37658653 -0.92086945
vn 2.0227013e-16 0.38987107 -0.92086945
vn -0.10090606 0.37658653 -0.92086945
vn -0.19493553 0.33763825 -0.92086945
vn -0.27568048 0.27568048 -0.92086945
vn -0.33763825 0.19493553 -0.92086945
vn -0.37658653 0.10090606 -0.92086945
vn 0.92691784 3.8061119e-16 -0.37526434
vn 0.89533388 0.23990399 -0.37526434
vn 0.80273439 0.46345892 -0.37526434
vn 0.65542989 0.65542989 -0.37526434
vn 0.46345892 0.80273439 -0.37526434
vn 0.23990399 0.89533388 -0.37526434
vn 3.4954088e-16 0.92691784 -0.37526434
vn -0.23990399 0.89533388 -0.37526434
vn -0.46345892 0.80273439 -0.37526434
vn -0.65542989 0.65542989 -0.37526434
vn -0.80273439 0.46345892 -0.37526434
vn -0.89533388 0.23990399 -0.37526434
vn -0.92691784 6.2917359e-16 -0.37526434
vn -0.89533388 -0.23990399 -0.37526434
vn -0.80273439 -0.46345892 -0.37526434
vn -0.65542989 -0.65542989 -0.37526434
vn -0.46345892 -0.80273439 -0.37526434
vn -0.23990399 -0.89533388 -0.37526434
vn 0.0000000e+0 -0.92691784 -0.37526434
vn 0.23990399 -0.89533388 -0.37526434
vn 0.46345892 -0.80273439 -0.37526434
vn 0.65542989 -0.65542989 -0.37526434
vn 0.80273439 -0.46345892 -0.37526434
vn 0.89533388 -0.23990399 -0.37526434
vn 0.38987107 -8.0614905e-17 0.92086945
vn 0.37658653 0.10090606 0.92086945
vn 0.33763825 0.19493553 0.92086945
vn 0.27568048 0.27568048 0.92086945
vn 0.19493553 0.33763825 0.92086945
vn 0.10090606 0.37658653 0.92086945
vn 1.8565857e-17 0.38987107 0.92086945
vn -0.10090606 0.37658653 0.92086945
vn -0.19493553 0.33763825 0.92086945
vn -0.27568048 0.27568048 0.92086945
vn -0.33763825 0.19493553 0.92086945
vn -0.37658653 0.10090606 0.92086945
vn -0.38987107 1.4461825e-16 0.92086945
vn -0.37658653 -0.10090606 0.92086945
vn -0.33763825 -0.19493553 0.92086945
vn -0.27568048 -0.27568048 0.92086945
vn -0.19493553 -0.33763825 0.92086945
vn -0.10090606 -0.37658653 0.92086945
vn 4.8857518e-19 -0.38987107 0.92086945
vn 0.10090606 -0.37658653 0.92086945
vn 0.19493553 -0.33763825 0.92086945
vn 0.27568048 -0.27568048 0.92086945
vn 0.33763825 -0.19493553 0.92086945
vn 0.37658653 -0.10090606 0.92086945
vn -0.92744295 7.9297067e-16 -0.37396467
vn -0.89584110 -0.24003990 -0.37396467
vn -0.80318915 -0.46372147 -0.37396467
vn -0.65580120 -0.65580120 -0.37396467
vn -0.46372147 -0.80318915 -0.37396467
vn -0.24003990 -0.89584110 -0.37396467
vn -5.6535872e-16 -0.92744295 -0.37396467
vn 0.24003990 -0.89584110 -0.37396467
vn 0.46372147 -0.80318915 -0.37396467
vn 0.65580120 -0.65580120 -0.37396467
vn 0.80318915 -0.46372147 -0.37396467
vn 0.89584110 -0.24003990 -0.37396467
vn 0.92744295 -3.8914301e-16 -0.37396467
vn 0.89584110 0.24003990 -0.37396467
vn 0.80318915 0.46372147 -0.37396467
vn 0.65580120 0.65580120 -0.37396467
vn 0.46372147 0.80318915 -0.37396467
vn 0.24003990 0.89584110 -0.37396467
vn 4.6990854e-16 0.92744295 -0.37396467
vn -0.24003990 0.89584110 -0.37396467
vn -0.46372147 0.80318915 -0.37396467
vn -0.65580120 0.65580120 -0.37396467
vn -0.80318915 0.46372147 -0.37396467
vn -0.89584110 0.24003990 -0.37396467
vn 0.39134744 4.4567248e-17 -0.92024300
vn 0.37801260 0.10128817 -0.92024300
vn 0.33891682 0.19567372 -0.92024300
vn 0.27672443 0.27672443 -0.92024300
vn 0.19567372 0.33891682 -0.92024300
vn 0.10128817 0.37801260 -0.92024300
vn 1.4702597e-16 0.39134744 -0.92024300
vn -0.10128817 0.37801260 -0.92024300
vn -0.19567372 0.33891682 -0.92024300
vn -0.27672443 0.27672443 -0.92024300
vn -0.33891682 0.19567372 -0.92024300
vn -0.37801260 0.10128817 -0.92024300
vn -0.39134744 2.4029557e-16 -0.92024300
vn -0.37801260 -0.10128817 -0.92024300
vn -0.33891682 -0.19567372 -0.92024300
vn -0.27672443 -0.27672443 -0.92024300
vn -0.19567372 -0.33891682 -0.92024300
vn -0.10128817 -0.37801260 -0.92024300
vn 7.8567004e-17 -0.39134744 -0.92024300
vn 0.10128817 -0.37801260 -0.92024300
vn 0.19567372 -0.33891682 -0.92024300
vn 0.27672443 -0.27672443 -0.92024300
vn 0.33891682 -0.19567372 -0.92024300
vn 0.37801260 -0.10128817 -0.92024300
vn 0.92744295 1.6153106e-16 0.37396467
vn 0.89584110 0.24003990 0.37396467
vn 0.80318915 0.46372147 0.37396467
vn 0.65580120 0.65580120 0.37396467
vn 0.46372147 0.80318915 0.37396467
vn 0.24003990 0.89584110 0.37396467
vn 2.4229659e-16 0.92744295 0.37396467
vn -0.24003990 0.89584110 0.37396467
vn -0.46372147 0.80318915 0.37396467
vn -0.65580120 0.65580120 0.37396467
vn -0.80318915 0.46372147 0.37396467
vn -0.89584110 0.24003990 0.37396467
vn -0.92744295 5.3598943e-16 0.37396467
vn -0.89584110 -0.24003990 0.37396467
vn -0.80318915 -0.46372147 0.37396467
vn -0.65580120 -0.65580120 0.37396467
vn -0.46372147 -0.80318915 0.37396467
vn -0.24003990 -0.89584110 0.37396467
vn -1.1013481e-16 -0.92744295 0.37396467
vn 0.24003990 -0.89584110 0.37396467
vn 0.46372147 -0.80318915 0.37396467
vn 0.65580120 -0.65580120 0.37396467
vn 0.80318915 -0.46372147 0.37396467
vn 0.89584110 -0.24003990 0.37396467
vn -0.39134744 9.3269601e-17 0.92024300
vn -0.37801260 -0.10128817 0.92024300
vn -0.33891682 -0.19567372 0.92024300
vn -0.27672443 -0.27672443 0.92024300
vn -0.19567372 -0.33891682 0.92024300
vn -0.10128817 -0.37801260 0.92024300
vn -1.2175588e-16 -0.39134744 0.92024300
vn 0.10128817 -0.37801260 0.92024300
vn 0.19567372 -0.33891682 0.92024300
vn 0.27672443 -0.27672443 0.92024300
vn 0.33891682 -0.19567372 0.92024300
vn 0.37801260 -0.10128817 0.92024300
vn 0.39134744 -1.7229606e-16 0.92024300
vn 0.37801260 0.10128817 0.92024300
vn 0.33891682 0.19567372 0.92024300
vn 0.27672443 0.27672443 0.92024300
vn 0.19567372 0.33891682 0.92024300
vn 0.10128817 0.37801260 0.92024300
vn 3.6848384e-16 0.39134744 0.92024300
vn -0.10128817 0.37801260 0.92024300
vn -0.19567372 0.33891682 0.92024300
vn -0.27672443 0.27672443 0.92024300
vn -0.33891682 0.19567372 0.92024300
vn -0.37801260 0.10128817 0.92024300
vn 1.00000000 3.0042419e-17 0.0000000e+0
vn 1.00000000 3.0042419e-17 0.0000000e+0
vn 2.2933980e-2 6.5575506e-16 0.99973698
vn 2.2933980e-2 6.5575506e-16 0.99973698
vn 0.70710678 -0.70710678 0.0000000e+0
vn 0.70710678 -0.70710678 0.0000000e+0
vn 1.6216773e-2 -1.6216773e-2 0.99973698
vn 1.6216773e-2 -1.6216773e-2 0.99973698
vn 7.5106046e-16 -1.00000000 1.0512861e-16
vn 7.5106046e-16 -1.00000000 1.0512861e-16
vn 2.0817621e-17 -2.2933980e-2 0.99973698
vn 2.0817621e-17 -2.2933980e-2 0.99973698
vn -0.70710678 -0.70710678 1.0512861e-16
vn -0.70710678 -0.70710678 1.0512861e-16
vn -1.6216773e-2 -1.6216773e-2 0.99973698
vn -1.6216773e-2 -1.6216773e-2 0.99973698
vn -1.00000000 3.0042419e-17 0.0000000e+0
vn -1.00000000 3.0042419e-17 0.0000000e+0
vn -2.2933980e-2 6.3146784e-16 0.99973698
vn -2.2933980e-2 6.3146784e-16 0.99973698
vn -0.70710678 0.70710678 0.0000000e+0
vn -0.70710678 0.70710678 0.0000000e+0
vn -1.6216773e-2 1.6216773e-2 0.99973698
vn -1.6216773e-2 1.6216773e-2 0.99973698
vn 7.2101805e-16 1.00000000 -1.0512861e-16
vn 7.2101805e-16 1.00000000 -1.0512861e-16
vn 1.5613216e-17 2.2933980e-2 0.99973698
vn 1.5613216e-17 2.2933980e-2 0.99973698
vn 0.70710678 0.70710678 -1.0512861e-16
vn 0.70710678 0.70710678 -1.0512861e-16
vn 1.6216773e-2 1.6216773e-2 0.99973698
vn 1.6216773e-2 1.6216773e-2 0.99973698
vn 1.6216773e-2 -1.6216773e-2 0.99973698
vn 1.6216773e-2 -1.6216773e-2 0.99973698
vn 0.70710678 -0.70710678 -4.1641333e-16
vn 0.70710678 -0.70710678 -4.1641333e-16
vn 2.2933980e-2 6.5575506e-16 0.99973698
vn 2.2933980e-2 6.5575506e-16 0.99973698
vn 1.00000000 -9.0127256e-17 -6.2461999e-16
vn 1.00000000 -9.0127256e-17 -6.2461999e-16
vn 1.6216773e-2 1.6216773e-2 0.99973698
vn 1.6216773e-2 1.6216773e-2 0.99973698
vn 0.70710678 0.70710678 -4.1641333e-16
vn 0.70710678 0.70710678 -4.1641333e-16
vn 1.5613216e-17 2.2933980e-2 0.99973698
vn 1.5613216e-17 2.2933980e-2 0.99973698
vn 1.0815271e-15 1.00000000 -5.2051666e-17
vn 1.0815271e-15 1.00000000 -5.2051666e-17
vn -1.6216773e-2 1.6216773e-2 0.99973698
vn -1.6216773e-2 1.6216773e-2 0.99973698
vn -0.70710678 0.70710678 3.6436166e-16
vn -0.70710678 0.70710678 3.6436166e-16
vn -2.2933980e-2 6.3146784e-16 0.99973698
vn -2.2933980e-2 6.3146784e-16 0.99973698
vn -1.00000000 -2.4033935e-16 9.3692999e-16
vn -1.00000000 -2.4033935e-16 9.3692999e-16
vn -1.6216773e-2 -1.6216773e-2 0.99973698
vn -1.6216773e-2 -1.6216773e-2 0.99973698
vn -0.70710678 -0.70710678 7.8077499e-16
vn -0.70710678 -0.70710678 7.8077499e-16
vn 2.0817621e-17 -2.2933980e-2 0.99973698
vn 2.0817621e-17 -2.2933980e-2 0.99973698
vn 1.3519088e-15 -1.00000000 5.2051666e-17
vn 1.3519088e-15 -1.00000000 5.2051666e-17
vn 0.0000000e+0 0.0000000e+0 1.00000000
vn 0.70710678 -0.70710678 -4.1641333e-16
vn 0.70710678 -0.70710678 -4.1641333e-16
vn 0.0000000e+0 0.0000000e+0 1.00000000
vn 1.00000000 -9.0127256e-17 -6.2461999e-16
vn 1.00000000 -9.0127256e-17 -6.2461999e-16
vn 0.0000000e+0 0.0000000e+0 1.00000000
vn 0.70710678 0.70710678 -4.1641333e-16
vn 0.70710678 0.70710678 -4.1641333e-16
vn 0.0000000e+0 0.0000000e+0 1.00000000
vn 1.0815271e-15 1.00000000 -5.2051666e-17
vn 1.0815271e-15 1.00000000 -5.2051666e-17
vn 0.0000000e+0 0.0000000e+0 1.00000000
vn -0.70710678 0.70710678 3.6436166e-16
vn -0.70710678 0.70710678 3.6436166e-16
vn 0.0000000e+0 0.0000000e+0 1.00000000
vn -1.00000000 -2.4033935e-16 9.3692999e-16
vn -1.00000000 -2.4033935e-16 9.3692999e-16
vn 0.0000000e+0 0.0000000e+0 1.00000000
vn -0.70710678 -0.70710678 7.8077499e-16
vn -0.70710678 -0.70710678 7.8077499e-16
vn 0.0000000e+0 0.0000000e+0 1.00000000
vn 1.3519088e-15 -1.00000000 5.2051666e-17
vn 1.3519088e-15 -1.00000000 5.2051666e-17
vn -0.80010364 -0.59986179 -2.1793577e-15
vn -0.80010364 -0.59986179 -2.1793577e-15
vn -0.28177768 -0.45768652 0.84328192
vn -0.28177768 -0.45768652 0.84328192
vn 0.51832596 0.14217528 0.84328192
vn 0.51832596 0.14217528 0.84328192
vn 0.80010364 0.59986179 3.5254316e-16
vn 0.80010364 0.59986179 3.5254316e-16
vn 0.28177768 0.45768652 -0.84328192
vn 0.28177768 0.45768652 -0.84328192
vn -0.51832596 -0.14217528 -0.84328192
vn -0.51832596 -0.14217528 -0.84328192
vn -0.80010364 -0.59986179 -2.1793577e-15
vn -0.80010364 -0.59986179 -2.1793577e-15
vn -0.28177768 -0.45768652 0.84328192
vn -0.28177768 -0.45768652 0.84328192
vn 0.51832596 0.14217528 0.84328192
vn 0.51832596 0.14217528 0.84328192
vn 0.80010364 0.59986179 3.5254316e-16
vn 0.80010364 0.59986179 3.5254316e-16
vn 0.28177768 0.45768652 -0.84328192
vn 0.28177768 0.45768652 -0.84328192
vn -0.51832596 -0.14217528 -0.84328192
vn -0.51832596 -0.14217528 -0.84328192
vn -0.78477637 0.61977903 -3.0767403e-15
vn -0.78477637 0.61977903 -3.0767403e-15
vn -0.51458939 0.15515596 0.84328192
vn -0.51458939 0.15515596 0.84328192
vn 0.27018699 -0.46462307 0.84328192
vn 0.27018699 -0.46462307 0.84328192
vn 0.78477637 -0.61977903 3.2690366e-15
vn 0.78477637 -0.61977903 3.2690366e-15
vn 0.51458939 -0.15515596 -0.84328192
vn 0.51458939 -0.15515596 -0.84328192
vn -0.27018699 0.46462307 -0.84328192
vn -0.27018699 0.46462307 -0.84328192
vn -0.78477637 0.61977903 -3.0767403e-15
vn -0.78477637 0.61977903 -3.0767403e-15
vn -0.51458939 0.15515596 0.84328192
vn -0.51458939 0.15515596 0.84328192
vn 0.27018699 -0.46462307 0.84328192
vn 0.27018699 -0.46462307 0.84328192
vn 0.78477637 -0.61977903 3.2690366e-15
vn 0.78477637 -0.61977903 3.2690366e-15
vn 0.51458939 -0.15515596 -0.84328192
vn 0.51458939 -0.15515596 -0.84328192
vn -0.27018699 0.46462307 -0.84328192
vn -0.27018699 0.46462307 -0.84328192
vn 3.4906584e-4 0.99999994 7.3713570e-16
vn 3.4906584e-4 0.99999994 7.3713570e-16
vn -0.19699444 0.50006879 0.84328192
vn -0.19699444 0.50006879 0.84328192
vn -0.19734350 -0.49993114 0.84328192
vn -0.19734350 -0.49993114 0.84328192
vn -3.4906584e-4 -0.99999994 -9.6148134e-16
vn -3.4906584e-4 -0.99999994 -9.6148134e-16
vn 0.19699444 -0.50006879 -0.84328192
vn 0.19699444 -0.50006879 -0.84328192
vn 0.19734350 0.49993114 -0.84328192
vn 0.19734350 0.49993114 -0.84328192
vn 3.4906584e-4 0.99999994 7.3713570e-16
vn 3.4906584e-4 0.99999994 7.3713570e-16
vn -0.19699444 0.50006879 0.84328192
vn -0.19699444 0.50006879 0.84328192
vn -0.19734350 -0.49993114 0.84328192
vn -0.19734350 -0.49993114 0.84328192
vn -3.4906584e-4 -0.99999994 -9.6148134e-16
vn -3.4906584e-4 -0.99999994 -9.6148134e-16
vn 0.19699444 -0.50006879 -0.84328192
vn 0.19699444 -0.50006879 -0.84328192
vn 0.19734350 0.49993114 -0.84328192
vn 0.19734350 0.49993114 -0.84328192
vn 1.00000000 9.6148134e-17 -9.6148134e-17
vn 1.00000000 9.6148134e-17 -9.6148134e-17
vn 0.50000000 0.19716898 -0.84328192
vn 0.50000000 0.19716898 -0.84328192
vn -0.50000000 0.19716898 -0.84328192
vn -0.50000000 0.19716898 -0.84328192
vn -1.00000000 4.8074067e-17 -6.4098756e-17
vn -1.00000000 4.8074067e-17 -6.4098756e-17
vn -0.50000000 -0.19716898 0.84328192
vn -0.50000000 -0.19716898 0.84328192
vn 0.50000000 -0.19716898 0.84328192
vn 0.50000000 -0.19716898 0.84328192
vn 1.00000000 9.6148134e-17 -9.6148134e-17
vn 1.00000000 9.6148134e-17 -9.6148134e-17
vn 0.50000000 0.19716898 -0.84328192
vn 0.50000000 0.19716898 -0.84328192
vn -0.50000000 0.19716898 -0.84328192
vn -0.50000000 0.19716898 -0.84328192
vn -1.00000000 4.8074067e-17 -6.4098756e-17
vn -1.00000000 4.8074067e-17 -6.4098756e-17
vn -0.50000000 -0.19716898 0.84328192
vn -0.50000000 -0.19716898 0.84328192
vn 0.50000000 -0.19716898 0.84328192
vn 0.50000000 -0.19716898 0.84328192
vn 1.00000000 8.8135790e-17 -1.3140245e-15
vn 1.00000000 8.8135790e-17 -1.3140245e-15
vn 0.50000000 0.19716898 0.84328192
vn 0.50000000 0.19716898 0.84328192
vn -0.50000000 0.19716898 0.84328192
vn -0.50000000 0.19716898 0.84328192
vn -1.00000000 -1.6825924e-16 9.9353072e-16
vn -1.00000000 -1.6825924e-16 9.9353072e-16
vn -0.50000000 -0.19716898 -0.84328192
vn -0.50000000 -0.19716898 -0.84328192
vn 0.50000000 -0.19716898 -0.84328192
vn 0.50000000 -0.19716898 -0.84328192
vn 1.00000000 8.8135790e-17 -1.3140245e-15
vn 1.00000000 8.8135790e-17 -1.3140245e-15
vn 0.50000000 0.19716898 0.84328192
vn 0.50000000 0.19716898 0.84328192
vn -0.50000000 0.19716898 0.84328192
vn -0.50000000 0.19716898 0.84328192
vn -1.00000000 -1.6825924e-16 9.9353072e-16
vn -1.00000000 -1.6825924e-16 9.9353072e-16
vn -0.50000000 -0.19716898 -0.84328192
vn -0.50000000 -0.19716898 -0.84328192
vn 0.50000000 -0.19716898 -0.84328192
vn 0.50000000 -0.19716898 -0.84328192
vn -0.78477637 0.61977903 5.4483943e-16
vn -0.78477637 0.61977903 5.4483943e-16
vn -0.51458939 0.15515596 -0.84328192
vn -0.51458939 0.15515596 -0.84328192
vn 0.27018699 -0.46462307 -0.84328192
vn 0.27018699 -0.46462307 -0.84328192
vn 0.78477637 -0.61977903 -9.6148134e-17
vn 0.78477637 -0.61977903 -9.6148134e-17
vn 0.51458939 -0.15515596 0.84328192
vn 0.51458939 -0.15515596 0.84328192
vn -0.27018699 0.46462307 0.84328192
vn -0.27018699 0.46462307 0.84328192
vn -0.78477637 0.61977903 5.4483943e-16
vn -0.78477637 0.61977903 5.4483943e-16
vn -0.51458939 0.15515596 -0.84328192
vn -0.51458939 0.15515596 -0.84328192
vn 0.27018699 -0.46462307 -0.84328192
vn 0.27018699 -0.46462307 -0.84328192
vn 0.78477637 -0.61977903 -9.6148134e-17
vn 0.78477637 -0.61977903 -9.6148134e-17
vn 0.51458939 -0.15515596 0.84328192
vn 0.51458939 -0.15515596 0.84328192
vn -0.27018699 0.46462307 0.84328192
vn -0.27018699 0.46462307 0.84328192
vn -0.80010364 -0.59986179 1.6024689e-16
vn -0.80010364 -0.59986179 1.6024689e-16
vn -0.28177768 -0.45768652 -0.84328192
vn -0.28177768 -0.45768652 -0.84328192
vn 0.51832596 0.14217528 -0.84328192
vn 0.51832596 0.14217528 -0.84328192
vn 0.80010364 0.59986179 -6.7303694e-16
vn 0.80010364 0.59986179 -6.7303694e-16
vn 0.28177768 0.45768652 0.84328192
vn 0.28177768 0.45768652 0.84328192
vn -0.51832596 -0.14217528 0.84328192
vn -0.51832596 -0.14217528 0.84328192
vn -0.80010364 -0.59986179 1.6024689e-16
vn -0.80010364 -0.59986179 1.6024689e-16
vn -0.28177768 -0.45768652 -0.84328192
vn -0.28177768 -0.45768652 -0.84328192
vn 0.51832596 0.14217528 -0.84328192
vn 0.51832596 0.14217528 -0.84328192
vn 0.80010364 0.59986179 -6.7303694e-16
vn 0.80010364 0.59986179 -6.7303694e-16
vn 0.28177768 0.45768652 0.84328192
vn 0.28177768 0.45768652 0.84328192
vn -0.51832596 -0.14217528 0.84328192
vn -0.51832596 -0.14217528 0.84328192
vn 3.4906584e-4 0.99999994 5.1279005e-16
vn 3.4906584e-4 0.99999994 5.1279005e-16
vn -0.19699444 0.50006879 -0.84328192
vn -0.19699444 0.50006879 -0.84328192
vn -0.19734350 -0.49993114 -0.84328192
vn -0.19734350 -0.49993114 -0.84328192
vn -3.4906584e-4 -0.99999994 5.1279005e-16
vn -3.4906584e-4 -0.99999994 5.1279005e-16
vn 0.19699444 -0.50006879 0.84328192
vn 0.19699444 -0.50006879 0.84328192
vn 0.19734350 0.49993114 0.84328192
vn 0.19734350 0.49993114 0.84328192
vn 3.4906584e-4 0.99999994 5.1279005e-16
vn 3.4906584e-4 0.99999994 5.1279005e-16
vn -0.19699444 0.50006879 -0.84328192
vn -0.19699444 0.50006879 -0.84328192
vn -0.19734350 -0.49993114 -0.84328192
vn -0.19734350 -0.49993114 -0.84328192
vn -3.4906584e-4 -0.99999994 5.1279005e-16
vn -3.4906584e-4 -0.99999994 5.1279005e-16
vn 0.19699444 -0.50006879 0.84328192
vn 0.19699444 -0.50006879 0.84328192
vn 0.19734350 0.49993114 0.84328192
vn 0.19734350 0.49993114 0.84328192
vn -1.00000000 3.0042419e-17 -4.2051442e-16
vn -1.00000000 3.0042419e-17 -4.2051442e-16
vn -2.2933980e-2 -1.3878414e-17 -0.99973698
vn -2.2933980e-2 -1.3878414e-17 -0.99973698
vn -0.70710678 -0.70710678 -5.2564303e-16
vn -0.70710678 -0.70710678 -5.2564303e-16
vn -1.6216773e-2 -1.6216773e-2 -0.99973698
vn -1.6216773e-2 -1.6216773e-2 -0.99973698
vn -9.0127256e-16 -1.00000000 -2.1025721e-16
vn -9.0127256e-16 -1.00000000 -2.1025721e-16
vn -2.4287224e-17 -2.2933980e-2 -0.99973698
vn -2.4287224e-17 -2.2933980e-2 -0.99973698
vn 0.70710678 -0.70710678 1.0512861e-16
vn 0.70710678 -0.70710678 1.0512861e-16
vn 1.6216773e-2 -1.6216773e-2 -0.99973698
vn 1.6216773e-2 -1.6216773e-2 -0.99973698
vn 1.00000000 3.0042419e-17 2.1025721e-16
vn 1.00000000 3.0042419e-17 2.1025721e-16
vn 2.2933980e-2 -5.8115859e-17 -0.99973698
vn 2.2933980e-2 -5.8115859e-17 -0.99973698
vn 0.70710678 0.70710678 0.0000000e+0
vn 0.70710678 0.70710678 0.0000000e+0
vn 1.6216773e-2 1.6216773e-2 -0.99973698
vn 1.6216773e-2 1.6216773e-2 -0.99973698
vn -9.0127256e-16 1.00000000 2.1025721e-16
vn -9.0127256e-16 1.00000000 2.1025721e-16
vn -1.5613216e-17 2.2933980e-2 -0.99973698
vn -1.5613216e-17 2.2933980e-2 -0.99973698
vn -0.70710678 0.70710678 2.1025721e-16
vn -0.70710678 0.70710678 2.1025721e-16
vn -1.6216773e-2 1.6216773e-2 -0.99973698
vn -1.6216773e-2 1.6216773e-2 -0.99973698
vn -1.6216773e-2 -1.6216773e-2 -0.99973698
vn -1.6216773e-2 -1.6216773e-2 -0.99973698
vn -0.70710678 -0.70710678 2.0820666e-16
vn -0.70710678 -0.70710678 2.0820666e-16
vn -2.2933980e-2 -1.3878414e-17 -0.99973698
vn -2.2933980e-2 -1.3878414e-17 -0.99973698
vn -1.00000000 -9.0127256e-17 5.2051666e-16
vn -1.00000000 -9.0127256e-17 5.2051666e-16
vn -1.6216773e-2 1.6216773e-2 -0.99973698
vn -1.6216773e-2 1.6216773e-2 -0.99973698
vn -0.70710678 0.70710678 3.1231000e-16
vn -0.70710678 0.70710678 3.1231000e-16
vn -1.5613216e-17 2.2933980e-2 -0.99973698
vn -1.5613216e-17 2.2933980e-2 -0.99973698
vn -1.0514846e-15 1.00000000 0.0000000e+0
vn -1.0514846e-15 1.00000000 0.0000000e+0
vn 1.6216773e-2 1.6216773e-2 -0.99973698
vn 1.6216773e-2 1.6216773e-2 -0.99973698
vn 0.70710678 0.70710678 -3.1231000e-16
vn 0.70710678 0.70710678 -3.1231000e-16
vn 2.2933980e-2 -5.8115859e-17 -0.99973698
vn 2.2933980e-2 -5.8115859e-17 -0.99973698
vn 1.00000000 -1.2016967e-16 -8.3282666e-16
vn 1.00000000 -1.2016967e-16 -8.3282666e-16
vn 1.6216773e-2 -1.6216773e-2 -0.99973698
vn 1.6216773e-2 -1.6216773e-2 -0.99973698
vn 0.70710678 -0.70710678 -5.7256833e-16
vn 0.70710678 -0.70710678 -5.7256833e-16
vn -2.4287224e-17 -2.2933980e-2 -0.99973698
vn -2.4287224e-17 -2.2933980e-2 -0.99973698
vn -1.2918240e-15 -1.00000000 -5.2051666e-17
vn -1.2918240e-15 -1.00000000 -5.2051666e-17
vn -3.4342823e-16 0.0000000e+0 -1.00000000
vn -0.70710678 -0.70710678 2.0820666e-16
vn -0.70710678 -0.70710678 2.0820666e-16
vn -3.4342823e-16 0.0000000e+0 -1.00000000
vn -1.00000000 -9.0127256e-17 5.2051666e-16
vn -1.00000000 -9.0127256e-17 5.2051666e-16
vn -3.4342823e-16 0.0000000e+0 -1.00000000
vn -0.70710678 0.70710678 3.1231000e-16
vn -0.70710678 0.70710678 3.1231000e-16
vn -3.4342823e-16 0.0000000e+0 -1.00000000
vn -1.0514846e-15 1.00000000 0.0000000e+0
vn -1.0514846e-15 1.00000000 0.0000000e+0
vn -3.4342823e-16 0.0000000e+0 -1.00000000
vn 0.70710678 0.70710678 -3.1231000e-16
vn 0.70710678 0.70710678 -3.1231000e-16
vn -3.4342823e-16 0.0000000e+0 -1.00000000
vn 1.00000000 -1.2016967e-16 -8.3282666e-16
vn 1.00000000 -1.2016967e-16 -8.3282666e-16
vn -3.4342823e-16 0.0000000e+0 -1.00000000
vn 0.70710678 -0.70710678 -5.7256833e-16
vn 0.70710678 -0.70710678 -5.7256833e-16
vn -3.4342823e-16 0.0000000e+0 -1.00000000
vn -1.2918240e-15 -1.00000000 -5.2051666e-17
vn -1.2918240e-15 -1.00000000 -5.2051666e-17
vn 0.0000000e+0 0.0000000e+0 1.00000000
vn 0.0000000e+0 -1.00000000 0.0000000e+0
vn -1.00000000 0.0000000e+0 0.0000000e+0
vn 0.0000000e+0 0.0000000e+0 1.00000000
vn -1.00000000 0.0000000e+0 0.0000000e+0
vn 0.0000000e+0 1.00000000 0.0000000e+0
vn 0.93344437 0.35872220 0.0000000e+0
vn 0.93344437 0.35872220 0.0000000e+0
vn 0.0000000e+0 0.0000000e+0 1.00000000
vn 0.93344437 -0.35872220 0.0000000e+0
vn 0.0000000e+0 0.0000000e+0 1.00000000
vn 0.93344437 -0.35872220 0.0000000e+0
vn 0.0000000e+0 -1.00000000 0.0000000e+0
vn 0.50922757 0.0000000e+0 -0.86063191
vn -1.00000000 0.0000000e+0 0.0000000e+0
vn 0.50922757 0.0000000e+0 -0.86063191
vn -1.00000000 0.0000000e+0 0.0000000e+0
vn 0.0000000e+0 1.00000000 0.0000000e+0
vn 0.93344437 0.35872220 0.0000000e+0
vn 0.93344437 0.35872220 0.0000000e+0
vn 0.93344437 -0.35872220 0.0000000e+0
vn 0.93344437 -0.35872220 0.0000000e+0
vn 0.0000000e+0 0.0000000e+0 1.00000000
vn -0.40638994 -0.91369974 5.6637069e-16
vn 0.0000000e+0 0.0000000e+0 1.00000000
vn -0.40638994 -0.91369974 5.6637069e-16
vn 0.0000000e+0 0.0000000e+0 1.00000000
vn -0.40638994 0.91369974 5.6637069e-16
vn -0.40638994 0.91369974 5.6637069e-16
vn 0.0000000e+0 0.0000000e+0 1.00000000
vn -0.40638994 -0.91369974 5.6637069e-16
vn 0.50922757 0.0000000e+0 -0.86063191
vn -0.40638994 -0.91369974 5.6637069e-16
vn 0.50922757 0.0000000e+0 -0.86063191
vn -0.40638994 0.91369974 5.6637069e-16
vn -0.40638994 0.91369974 5.6637069e-16
vn 0.0000000e+0 0.0000000e+0 1.00000000
vn -0.40638994 -0.91369974 5.6637069e-16
vn 0.0000000e+0 0.0000000e+0 1.00000000
vn -0.40638994 -0.91369974 5.6637069e-16
vn -0.40638994 0.91369974 5.6637069e-16
vn 0.0000000e+0 0.0000000e+0 1.00000000
vn -0.40638994 0.91369974 5.6637069e-16
vn 0.0000000e+0 0.0000000e+0 1.00000000
vn -0.40638994 -0.91369974 5.6637069e-16
vn -0.40638994 -0.91369974 5.6637069e-16
vn -0.40638994 0.91369974 5.6637069e-16
vn -0.40638994 0.91369974 5.6637069e-16
vn 0.0000000e+0 0.0000000e+0 1.00000000
vn 0.40638994 -0.91369974 0.0000000e+0
vn 0.0000000e+0 0.0000000e+0 1.00000000
vn 0.40638994 -0.91369974 0.0000000e+0
vn 0.40638994 0.91369974 0.0000000e+0
vn 0.0000000e+0 0.0000000e+0 1.00000000
vn 0.40638994 0.91369974 0.0000000e+0
vn 0.0000000e+0 0.0000000e+0 1.00000000
vn 0.40638994 -0.91369974 0.0000000e+0
vn 0.40638994 -0.91369974 0.0000000e+0
vn 0.40638994 0.91369974 0.0000000e+0
vn 0.40638994 0.91369974 0.0000000e+0
vn 0.0000000e+0 0.0000000e+0 1.00000000
vn 0.0000000e+0 -1.00000000 0.0000000e+0
vn -1.00000000 0.0000000e+0 0.0000000e+0
vn 0.0000000e+0 0.0000000e+0 1.00000000
vn -1.00000000 0.0000000e+0 0.0000000e+0
vn 0.0000000e+0 1.00000000 0.0000000e+0
vn 0.93344437 0.35872220 0.0000000e+0
vn 0.93344437 0.35872220 0.0000000e+0
vn 0.0000000e+0 0.0000000e+0 1.00000000
vn 0.93344437 -0.35872220 0.0000000e+0
vn 0.0000000e+0 0.0000000e+0 1.00000000
vn 0.93344437 -0.35872220 0.0000000e+0
vn 0.0000000e+0 -1.00000000 0.0000000e+0
vn 0.50922757 0.0000000e+0 -0.86063191
vn -1.00000000 0.0000000e+0 0.0000000e+0
vn 0.50922757 0.0000000e+0 -0.86063191
vn -1.00000000 0.0000000e+0 0.0000000e+0
vn 0.0000000e+0 1.00000000 0.0000000e+0
vn 0.93344437 0.35872220 0.0000000e+0
vn 0.93344437 0.35872220 0.0000000e+0
vn 0.93344437 -0.35872220 0.0000000e+0
vn 0.93344437 -0.35872220 0.0000000e+0
vn 0.0000000e+0 0.0000000e+0 1.00000000
vn -0.40638994 -0.91369974 5.6637069e-16
vn 0.0000000e+0 0.0000000e+0 1.00000000
vn -0.40638994 -0.91369974 5.6637069e-16
vn 0.0000000e+0 0.0000000e+0 1.00000000
vn -0.40638994 0.91369974 5.6637069e-16
vn -0.40638994 0.91369974 5.6637069e-16
vn 0.0000000e+0 0.0000000e+0 1.00000000
vn -0.40638994 -0.91369974 5.6637069e-16
vn 0.50922757 0.0000000e+0 -0.86063191
vn -0.40638994 -0.91369974 5.6637069e-16
vn 0.50922757 0.0000000e+0 -0.86063191
vn -0.40638994 0.91369974 5.6637069e-16
vn -0.40638994 0.91369974 5.6637069e-16
vn 0.0000000e+0 0.0000000e+0 1.00000000
vn -0.40638994 -0.91369974 5.6637069e-16
vn 0.0000000e+0 0.0000000e+0 1.00000000
vn -0.40638994 -0.91369974 5.6637069e-16
vn -0.40638994 0.91369974 5.6637069e-16
vn 0.0000000e+0 0.0000000e+0 1.00000000
vn -0.40638994 0.91369974 5.6637069e-16
vn 0.0000000e+0 0.0000000e+0 1.00000000
vn -0.40638994 -0.91369974 5.6637069e-16
vn -0.40638994 -0.91369974 5.6637069e-16
vn -0.40638994 0.91369974 5.6637069e-16
vn -0.40638994 0.91369974 5.6637069e-16
vn 0.0000000e+0 0.0000000e+0 1.00000000
vn 0.40638994 -0.91369974 0.0000000e+0
vn 0.0000000e+0 0.0000000e+0 1.00000000
vn 0.40638994 -0.91369974 0.0000000e+0
vn 0.40638994 0.91369974 0.0000000e+0
vn 0.0000000e+0 0.0000000e+0 1.00000000
vn 0.40638994 0.91369974 0.0000000e+0
vn 0.0000000e+0 0.0000000e+0 1.00000000
vn 0.40638994 -0.91369974 0.0000000e+0
vn 0.40638994 -0.91369974 0.0000000e+0
vn 0.40638994 0.91369974 0.0000000e+0
vn 0.40638994 0.91369974 0.0000000e+0
vn 0.0000000e+0 0.0000000e+0 1.00000000
vn -4.5848913e-16 -1.00000000 0.0000000e+0
vn -1.00000000 0.0000000e+0 0.0000000e+0
vn 0.0000000e+0 0.0000000e+0 1.00000000
vn -1.00000000 0.0000000e+0 0.0000000e+0
vn 0.0000000e+0 1.00000000 0.0000000e+0
vn 0.93344437 0.35872220 0.0000000e+0
vn 0.93344437 0.35872220 0.0000000e+0
vn 0.0000000e+0 0.0000000e+0 1.00000000
vn 0.93344437 -0.35872220 0.0000000e+0
vn 0.0000000e+0 0.0000000e+0 1.00000000
vn 0.93344437 -0.35872220 0.0000000e+0
vn -4.5848913e-16 -1.00000000 0.0000000e+0
vn 0.50922757 0.0000000e+0 -0.86063191
vn -1.00000000 0.0000000e+0 0.0000000e+0
vn 0.50922757 0.0000000e+0 -0.86063191
vn -1.00000000 0.0000000e+0 0.0000000e+0
vn 0.0000000e+0 1.00000000 0.0000000e+0
vn 0.93344437 0.35872220 0.0000000e+0
vn 0.93344437 0.35872220 0.0000000e+0
vn 0.93344437 -0.35872220 0.0000000e+0
vn 0.93344437 -0.35872220 0.0000000e+0
vn 0.0000000e+0 0.0000000e+0 1.00000000
vn -0.40638994 -0.91369974 0.0000000e+0
vn 0.0000000e+0 0.0000000e+0 1.00000000
vn -0.40638994 -0.91369974 0.0000000e+0
vn 0.0000000e+0 0.0000000e+0 1.00000000
vn -0.40638994 0.91369974 5.6637069e-16
vn -0.40638994 0.91369974 5.6637069e-16
vn 0.0000000e+0 0.0000000e+0 1.00000000
vn -0.40638994 -0.91369974 0.0000000e+0
vn 0.50922757 0.0000000e+0 -0.86063191
vn -0.40638994 -0.91369974 0.0000000e+0
vn 0.50922757 0.0000000e+0 -0.86063191
vn -0.40638994 0.91369974 5.6637069e-16
vn -0.40638994 0.91369974 5.6637069e-16
vn 0.0000000e+0 0.0000000e+0 1.00000000
vn -0.40638994 -0.91369974 0.0000000e+0
vn 0.0000000e+0 0.0000000e+0 1.00000000
vn -0.40638994 -0.91369974 0.0000000e+0
vn -0.40638994 0.91369974 5.6637069e-16
vn 0.0000000e+0 0.0000000e+0 1.00000000
vn -0.40638994 0.91369974 5.6637069e-16
vn 0.0000000e+0 0.0000000e+0 1.00000000
vn -0.40638994 -0.91369974 0.0000000e+0
vn -0.40638994 -0.91369974 0.0000000e+0
vn -0.40638994 0.91369974 5.6637069e-16
vn -0.40638994 0.91369974 5.6637069e-16
vn 0.0000000e+0 0.0000000e+0 1.00000000
vn 0.40638994 -0.91369974 0.0000000e+0
vn 0.0000000e+0 0.0000000e+0 1.00000000
vn 0.40638994 -0.91369974 0.0000000e+0
vn 0.40638994 0.91369974 0.0000000e+0
vn 0.0000000e+0 0.0000000e+0 1.00000000
vn 0.40638994 0.91369974 0.0000000e+0
vn 0.0000000e+0 0.0000000e+0 1.00000000
vn 0.40638994 -0.91369974 0.0000000e+0
vn 0.40638994 -0.91369974 0.0000000e+0
vn 0.40638994 0.91369974 0.0000000e+0
vn 0.40638994 0.91369974 0.0000000e+0
vn 0.0000000e+0 0.0000000e+0 1.00000000
vn 0.0000000e+0 -1.00000000 0.0000000e+0
vn -1.00000000 0.0000000e+0 0.0000000e+0
vn 0.0000000e+0 0.0000000e+0 1.00000000
vn -1.00000000 0.0000000e+0 0.0000000e+0
vn 0.0000000e+0 1.00000000 0.0000000e+0
vn 0.93344437 0.35872220 0.0000000e+0
vn 0.93344437 0.35872220 0.0000000e+0
vn 0.0000000e+0 0.0000000e+0 1.00000000
vn 0.93344437 -0.35872220 0.0000000e+0
vn 0.0000000e+0 0.0000000e+0 1.00000000
vn 0.93344437 -0.35872220 0.0000000e+0
vn 0.0000000e+0 -1.00000000 0.0000000e+0
vn 0.50922757 0.0000000e+0 -0.86063191
vn -1.00000000 0.0000000e+0 0.0000000e+0
vn 0.50922757 0.0000000e+0 -0.86063191
vn -1.00000000 0.0000000e+0 0.0000000e+0
vn 0.0000000e+0 1.00000000 0.0000000e+0
vn 0.93344437 0.35872220 0.0000000e+0
vn 0.93344437 0.35872220 0.0000000e+0
vn 0.93344437 -0.35872220 0.0000000e+0
vn 0.93344437 -0.35872220 0.0000000e+0
vn 0.0000000e+0 0.0000000e+0 1.00000000
vn -0.40638994 -0.91369974 0.0000000e+0
vn 0.0000000e+0 0.0000000e+0 1.00000000
vn -0.40638994 -0.91369974 0.0000000e+0
vn 0.0000000e+0 0.0000000e+0 1.00000000
vn -0.40638994 0.91369974 5.6637069e-16
vn -0.40638994 0.91369974 5.6637069e-16
vn 0.0000000e+0 0.0000000e+0 1.00000000
vn -0.40638994 -0.91369974 0.0000000e+0
vn 0.50922757 0.0000000e+0 -0.86063191
vn -0.40638994 -0.91369974 0.0000000e+0
vn 0.50922757 0.0000000e+0 -0.86063191
vn -0.40638994 0.91369974 5.6637069e-16
vn -0.40638994 0.91369974 5.6637069e-16
vn 0.0000000e+0 0.0000000e+0 1.00000000
vn -0.40638994 -0.91369974 0.0000000e+0
vn 0.0000000e+0 0.0000000e+0 1.00000000
vn -0.40638994 -0.91369974 0.0000000e+0
vn -0.40638994 0.91369974 5.6637069e-16
vn 0.0000000e+0 0.0000000e+0 1.00000000
vn -0.40638994 0.91369974 5.6637069e-16
vn 0.0000000e+0 0.0000000e+0 1.00000000
vn -0.40638994 -0.91369974 0.0000000e+0
vn -0.40638994 -0.91369974 0.0000000e+0
vn -0.40638994 0.91369974 5.6637069e-16
vn -0.40638994 0.91369974 5.6637069e-16
vn 0.0000000e+0 0.0000000e+0 1.00000000
vn 0.40638994 -0.91369974 0.0000000e+0
vn 0.0000000e+0 0.0000000e+0 1.00000000
vn 0.40638994 -0.91369974 0.0000000e+0
vn 0.40638994 0.91369974 0.0000000e+0
vn 0.0000000e+0 0.0000000e+0 1.00000000
vn 0.40638994 0.91369974 0.0000000e+0
vn 0.0000000e+0 0.0000000e+0 1.00000000
vn 0.40638994 -0.91369974 0.0000000e+0
vn 0.40638994 -0.91369974 0.0000000e+0
vn 0.40638994 0.91369974 0.0000000e+0
vn 0.40638994 0.91369974 0.0000000e+0
vn 0.0000000e+0 0.0000000e+0 -1.00000000
vn 0.0000000e+0 -1.00000000 0.0000000e+0
vn -1.00000000 0.0000000e+0 0.0000000e+0
vn 0.0000000e+0 0.0000000e+0 -1.00000000
vn -1.00000000 0.0000000e+0 0.0000000e+0
vn 0.0000000e+0 1.00000000 0.0000000e+0
vn 0.93344437 0.35872220 0.0000000e+0
vn 0.93344437 0.35872220 0.0000000e+0
vn 0.0000000e+0 0.0000000e+0 -1.00000000
vn 0.93344437 -0.35872220 0.0000000e+0
vn 0.0000000e+0 0.0000000e+0 -1.00000000
vn 0.93344437 -0.35872220 0.0000000e+0
vn 0.0000000e+0 -1.00000000 0.0000000e+0
vn 0.50922757 0.0000000e+0 0.86063191
vn -1.00000000 0.0000000e+0 0.0000000e+0
vn 0.50922757 0.0000000e+0 0.86063191
vn -1.00000000 0.0000000e+0 0.0000000e+0
vn 0.0000000e+0 1.00000000 0.0000000e+0
vn 0.93344437 0.35872220 0.0000000e+0
vn 0.93344437 0.35872220 0.0000000e+0
vn 0.93344437 -0.35872220 0.0000000e+0
vn 0.93344437 -0.35872220 0.0000000e+0
vn 0.0000000e+0 0.0000000e+0 -1.00000000
vn -0.40638994 -0.91369974 -5.6637069e-16
vn 0.0000000e+0 0.0000000e+0 -1.00000000
vn -0.40638994 -0.91369974 -5.6637069e-16
vn 0.0000000e+0 0.0000000e+0 -1.00000000
vn -0.40638994 0.91369974 -5.6637069e-16
vn -0.40638994 0.91369974 -5.6637069e-16
vn 0.0000000e+0 0.0000000e+0 -1.00000000
vn -0.40638994 -0.91369974 -5.6637069e-16
vn 0.50922757 0.0000000e+0 0.86063191
vn -0.40638994 -0.91369974 -5.6637069e-16
vn 0.50922757 0.0000000e+0 0.86063191
vn -0.40638994 0.91369974 -5.6637069e-16
vn -0.40638994 0.91369974 -5.6637069e-16
vn 0.0000000e+0 0.0000000e+0 -1.00000000
vn -0.40638994 -0.91369974 -5.6637069e-16
vn 0.0000000e+0 0.0000000e+0 -1.00000000
vn -0.40638994 -0.91369974 -5.6637069e-16
vn -0.40638994 0.91369974 -5.6637069e-16
vn 0.0000000e+0 0.0000000e+0 -1.00000000
vn -0.40638994 0.91369974 -5.6637069e-16
vn 0.0000000e+0 0.0000000e+0 -1.00000000
vn -0.40638994 -0.91369974 -5.6637069e-16
vn -0.40638994 -0.91369974 -5.6637069e-16
vn -0.40638994 0.91369974 -5.6637069e-16
vn -0.40638994 0.91369974 -5.6637069e-16
vn 0.0000000e+0 0.0000000e+0 -1.00000000
vn 0.40638994 -0.91369974 0.0000000e+0
vn 0.0000000e+0 0.0000000e+0 -1.00000000
vn 0.40638994 -0.91369974 0.0000000e+0
vn 0.40638994 0.91369974 0.0000000e+0
vn 0.0000000e+0 0.0000000e+0 -1.00000000
vn 0.40638994 0.91369974 0.0000000e+0
vn 0.0000000e+0 0.0000000e+0 -1.00000000
vn 0.40638994 -0.91369974 0.0000000e+0
vn 0.40638994 -0.91369974 0.0000000e+0
vn 0.40638994 0.91369974 0.0000000e+0
vn 0.40638994 0.91369974 0.0000000e+0
vn 0.0000000e+0 0.0000000e+0 -1.00000000
vn -2.2924456e-16 -1.00000000 0.0000000e+0
vn -1.00000000 0.0000000e+0 0.0000000e+0
vn 0.0000000e+0 0.0000000e+0 -1.00000000
vn -1.00000000 0.0000000e+0 0.0000000e+0
vn 0.0000000e+0 1.00000000 0.0000000e+0
vn 0.93344437 0.35872220 0.0000000e+0
vn 0.93344437 0.35872220 0.0000000e+0
vn 0.0000000e+0 0.0000000e+0 -1.00000000
vn 0.93344437 -0.35872220 0.0000000e+0
vn 0.0000000e+0 0.0000000e+0 -1.00000000
vn 0.93344437 -0.35872220 0.0000000e+0
vn -2.2924456e-16 -1.00000000 0.0000000e+0
vn 0.50922757 0.0000000e+0 0.86063191
vn -1.00000000 0.0000000e+0 0.0000000e+0
vn 0.50922757 0.0000000e+0 0.86063191
vn -1.00000000 0.0000000e+0 0.0000000e+0
vn 0.0000000e+0 1.00000000 0.0000000e+0
vn 0.93344437 0.35872220 0.0000000e+0
vn 0.93344437 0.35872220 0.0000000e+0
vn 0.93344437 -0.35872220 0.0000000e+0
vn 0.93344437 -0.35872220 0.0000000e+0
vn 0.0000000e+0 0.0000000e+0 -1.00000000
vn -0.40638994 -0.91369974 0.0000000e+0
vn 0.0000000e+0 0.0000000e+0 -1.00000000
vn -0.40638994 -0.91369974 0.0000000e+0
vn 0.0000000e+0 0.0000000e+0 -1.00000000
vn -0.40638994 0.91369974 -5.6637069e-16
vn -0.40638994 0.91369974 -5.6637069e-16
vn 0.0000000e+0 0.0000000e+0 -1.00000000
vn -0.40638994 -0.91369974 0.0000000e+0
vn 0.50922757 0.0000000e+0 0.86063191
vn -0.40638994 -0.91369974 0.0000000e+0
vn 0.50922757 0.0000000e+0 0.86063191
vn -0.40638994 0.91369974 -5.6637069e-16
vn -0.40638994 0.91369974 -5.6637069e-16
vn 0.0000000e+0 0.0000000e+0 -1.00000000
vn -0.40638994 -0.91369974 0.0000000e+0
vn 0.0000000e+0 0.0000000e+0 -1.00000000
vn -0.40638994 -0.91369974 0.0000000e+0
vn -0.40638994 0.91369974 -5.6637069e-16
vn 0.0000000e+0 0.0000000e+0 -1.00000000
vn -0.40638994 0.91369974 -5.6637069e-16
vn 0.0000000e+0 0.0000000e+0 -1.00000000
vn -0.40638994 -0.91369974 0.0000000e+0
vn -0.40638994 -0.91369974 0.0000000e+0
vn -0.40638994 0.91369974 -5.6637069e-16
vn -0.40638994 0.91369974 -5.6637069e-16
vn 0.0000000e+0 0.0000000e+0 -1.00000000
vn 0.40638994 -0.91369974 0.0000000e+0
vn 0.0000000e+0 0.0000000e+0 -1.00000000
vn 0.40638994 -0.91369974 0.0000000e+0
vn 0.40638994 0.91369974 0.0000000e+0
vn 0.0000000e+0 0.0000000e+0 -1.00000000
vn 0.40638994 0.91369974 0.0000000e+0
vn 0.0000000e+0 0.0000000e+0 -1.00000000
vn 0.40638994 -0.91369974 0.0000000e+0
vn 0.40638994 -0.91369974 0.0000000e+0
vn 0.40638994 0.91369974 0.0000000e+0
vn 0.40638994 0.91369974 0.0000000e+0
vn 0.0000000e+0 0.0000000e+0 -1.00000000
vn 0.93344437 0.35872220 0.0000000e+0
vn 0.93344437 0.35872220 0.0000000e+0
vn 0.0000000e+0 0.0000000e+0 -1.00000000
vn 0.93344437 -0.35872220 -6.0019257e-16
vn 0.93344437 -0.35872220 -6.0019257e-16
vn 0.0000000e+0 0.0000000e+0 -1.00000000
vn -0.93344437 -0.35872220 -6.0019257e-16
vn -0.93344437 -0.35872220 -6.0019257e-16
vn 0.0000000e+0 0.0000000e+0 -1.00000000
vn -0.93344437 0.35872220 0.0000000e+0
vn -0.93344437 0.35872220 0.0000000e+0
vn 0.0000000e+0 0.0000000e+0 -1.00000000
vn -0.40638994 -0.91369974 -6.1316245e-16
vn -0.40638994 -0.91369974 -6.1316245e-16
vn 0.0000000e+0 0.0000000e+0 -1.00000000
vn -0.40638994 0.91369974 0.0000000e+0
vn -0.40638994 0.91369974 0.0000000e+0
vn 0.0000000e+0 0.0000000e+0 -1.00000000
vn 0.40638994 -0.91369974 -6.1316245e-16
vn 0.40638994 -0.91369974 -6.1316245e-16
vn 0.0000000e+0 0.0000000e+0 -1.00000000
vn 0.40638994 0.91369974 0.0000000e+0
vn 0.40638994 0.91369974 0.0000000e+0
vn 0.40638994 0.91369974 0.0000000e+0
vn 0.40638994 0.91369974 0.0000000e+0
vn 0.93344437 0.35872220 0.0000000e+0
vn 0.93344437 0.35872220 0.0000000e+0
vn 0.93344437 -0.35872220 -6.0019257e-16
vn 0.93344437 -0.35872220 -6.0019257e-16
vn 0.40638994 -0.91369974 -6.1316245e-16
vn 0.40638994 -0.91369974 -6.1316245e-16
vn -0.40638994 -0.91369974 -6.1316245e-16
vn -0.40638994 -0.91369974 -6.1316245e-16
vn -0.93344437 -0.35872220 -6.0019257e-16
vn -0.93344437 -0.35872220 -6.0019257e-16
vn -0.93344437 0.35872220 0.0000000e+0
vn -0.93344437 0.35872220 0.0000000e+0
vn -0.40638994 0.91369974 0.0000000e+0
vn -0.40638994 0.91369974 0.0000000e+0
vn 0.0000000e+0 0.0000000e+0 -1.00000000
vn 0.93344437 0.35872220 0.0000000e+0
vn 0.93344437 0.35872220 0.0000000e+0
vn 0.0000000e+0 0.0000000e+0 -1.00000000
vn 0.93344437 -0.35872220 -6.0019257e-16
vn 0.93344437 -0.35872220 -6.0019257e-16
vn 0.0000000e+0 0.0000000e+0 -1.00000000
vn -0.93344437 -0.35872220 -6.0019257e-16
vn -0.93344437 -0.35872220 -6.0019257e-16
vn 0.0000000e+0 0.0000000e+0 -1.00000000
vn -0.93344437 0.35872220 0.0000000e+0
vn -0.93344437 0.35872220 0.0000000e+0
vn 0.0000000e+0 0.0000000e+0 -1.00000000
vn -0.40638994 -0.91369974 -6.1316245e-16
vn -0.40638994 -0.91369974 -6.1316245e-16
vn 0.0000000e+0 0.0000000e+0 -1.00000000
vn -0.40638994 0.91369974 0.0000000e+0
vn -0.40638994 0.91369974 0.0000000e+0
vn 0.0000000e+0 0.0000000e+0 -1.00000000
vn 0.40638994 -0.91369974 -6.1316245e-16
vn 0.40638994 -0.91369974 -6.1316245e-16
vn 0.0000000e+0 0.0000000e+0 -1.00000000
vn 0.40638994 0.91369974 0.0000000e+0
vn 0.40638994 0.91369974 0.0000000e+0
vn 0.40638994 0.91369974 0.0000000e+0
vn 0.40638994 0.91369974 0.0000000e+0
vn 0.93344437 0.35872220 0.0000000e+0
vn 0.93344437 0.35872220 0.0000000e+0
vn 0.93344437 -0.35872220 -6.0019257e-16
vn 0.93344437 -0.35872220 -6.0019257e-16
vn 0.40638994 -0.91369974 -6.1316245e-16
vn 0.40638994 -0.91369974 -6.1316245e-16
vn -0.40638994 -0.91369974 -6.1316245e-16
vn -0.40638994 -0.91369974 -6.1316245e-16
vn -0.93344437 -0.35872220 -6.0019257e-16
vn -0.93344437 -0.35872220 -6.0019257e-16
vn -0.93344437 0.35872220 0.0000000e+0
vn -0.93344437 0.35872220 0.0000000e+0
vn -0.40638994 0.91369974 0.0000000e+0
vn -0.40638994 0.91369974 0.0000000e+0
vn 0.0000000e+0 0.0000000e+0 -1.00000000
vn 0.93344437 0.35872220 0.0000000e+0
vn 0.93344437 0.35872220 0.0000000e+0
vn 0.0000000e+0 0.0000000e+0 -1.00000000
vn 0.93344437 -0.35872220 -6.0019257e-16
vn 0.93344437 -0.35872220 -6.0019257e-16
vn 0.0000000e+0 0.0000000e+0 -1.00000000
vn -0.93344437 -0.35872220 -6.0019257e-16
vn -0.93344437 -0.35872220 -6.0019257e-16
vn 0.0000000e+0 0.0000000e+0 -1.00000000
vn -0.93344437 0.35872220 0.0000000e+0
vn -0.93344437 0.35872220 0.0000000e+0
vn 0.0000000e+0 0.0000000e+0 -1.00000000
vn -0.40638994 -0.91369974 -6.1316245e-16
vn -0.40638994 -0.91369974 -6.1316245e-16
vn 0.0000000e+0 0.0000000e+0 -1.00000000
vn -0.40638994 0.91369974 0.0000000e+0
vn -0.40638994 0.91369974 0.0000000e+0
vn 0.0000000e+0 0.0000000e+0 -1.00000000
vn 0.40638994 -0.91369974 -6.1316245e-16
vn 0.40638994 -0.91369974 -6.1316245e-16
vn 0.0000000e+0 0.0000000e+0 -1.00000000
vn 0.40638994 0.91369974 0.0000000e+0
vn 0.40638994 0.91369974 0.0000000e+0
vn 0.40638994 0.91369974 0.0000000e+0
vn 0.40638994 0.91369974 0.0000000e+0
vn 0.93344437 0.35872220 0.0000000e+0
vn 0.93344437 0.35872220 0.0000000e+0
vn 0.93344437 -0.35872220 -6.0019257e-16
vn 0.93344437 -0.35872220 -6.0019257e-16
vn 0.40638994 -0.91369974 -6.1316245e-16
vn 0.40638994 -0.91369974 -6.1316245e-16
vn -0.40638994 -0.91369974 -6.1316245e-16
vn -0.40638994 -0.91369974 -6.1316245e-16
vn -0.93344437 -0.35872220 -6.0019257e-16
vn -0.93344437 -0.35872220 -6.0019257e-16
vn -0.93344437 0.35872220 0.0000000e+0
vn -0.93344437 0.35872220 0.0000000e+0
vn -0.40638994 0.91369974 0.0000000e+0
vn -0.40638994 0.91369974 0.0000000e+0
vn 0.0000000e+0 0.0000000e+0 -1.00000000
vn 0.93344437 0.35872220 0.0000000e+0
vn 0.93344437 0.35872220 0.0000000e+0
vn 0.0000000e+0 0.0000000e+0 -1.00000000
vn 0.93344437 -0.35872220 -6.0019257e-16
vn 0.93344437 -0.35872220 -6.0019257e-16
vn 0.0000000e+0 0.0000000e+0 -1.00000000
vn -0.93344437 -0.35872220 -6.0019257e-16
vn -0.93344437 -0.35872220 -6.0019257e-16
vn 0.0000000e+0 0.0000000e+0 -1.00000000
vn -0.93344437 0.35872220 0.0000000e+0
vn -0.93344437 0.35872220 0.0000000e+0
vn 0.0000000e+0 0.0000000e+0 -1.00000000
vn -0.40638994 -0.91369974 -6.1316245e-16
vn -0.40638994 -0.91369974 -6.1316245e-16
vn 0.0000000e+0 0.0000000e+0 -1.00000000
vn -0.40638994 0.91369974 0.0000000e+0
vn -0.40638994 0.91369974 0.0000000e+0
vn 0.0000000e+0 0.0000000e+0 -1.00000000
vn 0.40638994 -0.91369974 -6.1316245e-16
vn 0.40638994 -0.91369974 -6.1316245e-16
vn 0.0000000e+0 0.0000000e+0 -1.00000000
vn 0.40638994 0.91369974 0.0000000e+0
vn 0.40638994 0.91369974 0.0000000e+0
vn 0.40638994 0.91369974 0.0000000e+0
vn 0.40638994 0.91369974 0.0000000e+0
vn 0.93344437 0.35872220 0.0000000e+0
vn 0.93344437 0.35872220 0.0000000e+0
vn 0.93344437 -0.35872220 -6.0019257e-16
vn 0.93344437 -0.35872220 -6.0019257e-16
vn 0.40638994 -0.91369974 -6.1316245e-16
vn 0.40638994 -0.91369974 -6.1316245e-16
vn -0.40638994 -0.91369974 -6.1316245e-16
vn -0.40638994 -0.91369974 -6.1316245e-16
vn -0.93344437 -0.35872220 -6.0019257e-16
vn -0.93344437 -0.35872220 -6.0019257e-16
vn -0.93344437 0.35872220 0.0000000e+0
vn -0.93344437 0.35872220 0.0000000e+0
vn -0.40638994 0.91369974 0.0000000e+0
vn -0.40638994 0.91369974 0.0000000e+0
vn 0.0000000e+0 0.0000000e+0 -1.00000000
vn 0.0000000e+0 -1.00000000 0.0000000e+0
vn -1.00000000 0.0000000e+0 0.0000000e+0
vn 0.0000000e+0 0.0000000e+0 -1.00000000
vn -1.00000000 0.0000000e+0 0.0000000e+0
vn 0.0000000e+0 1.00000000 0.0000000e+0
vn 0.93344437 0.35872220 0.0000000e+0
vn 0.93344437 0.35872220 0.0000000e+0
vn 0.0000000e+0 0.0000000e+0 -1.00000000
vn 0.93344437 -0.35872220 0.0000000e+0
vn 0.0000000e+0 0.0000000e+0 -1.00000000
vn 0.93344437 -0.35872220 0.0000000e+0
vn 0.0000000e+0 -1.00000000 0.0000000e+0
vn 0.50922757 0.0000000e+0 0.86063191
vn -1.00000000 0.0000000e+0 0.0000000e+0
vn 0.50922757 0.0000000e+0 0.86063191
vn -1.00000000 0.0000000e+0 0.0000000e+0
vn 0.0000000e+0 1.00000000 0.0000000e+0
vn 0.93344437 0.35872220 0.0000000e+0
vn 0.93344437 0.35872220 0.0000000e+0
vn 0.93344437 -0.35872220 0.0000000e+0
vn 0.93344437 -0.35872220 0.0000000e+0
vn 0.0000000e+0 0.0000000e+0 -1.00000000
vn -0.40638994 -0.91369974 -5.6637069e-16
vn 0.0000000e+0 0.0000000e+0 -1.00000000
vn -0.40638994 -0.91369974 -5.6637069e-16
vn 0.0000000e+0 0.0000000e+0 -1.00000000
vn -0.40638994 0.91369974 -5.6637069e-16
vn -0.40638994 0.91369974 -5.6637069e-16
vn 0.0000000e+0 0.0000000e+0 -1.00000000
vn -0.40638994 -0.91369974 -5.6637069e-16
vn 0.50922757 0.0000000e+0 0.86063191
vn -0.40638994 -0.91369974 -5.6637069e-16
vn 0.50922757 0.0000000e+0 0.86063191
vn -0.40638994 0.91369974 -5.6637069e-16
vn -0.40638994 0.91369974 -5.6637069e-16
vn 0.0000000e+0 0.0000000e+0 -1.00000000
vn -0.40638994 -0.91369974 -5.6637069e-16
vn 0.0000000e+0 0.0000000e+0 -1.00000000
vn -0.40638994 -0.91369974 -5.6637069e-16
vn -0.40638994 0.91369974 -5.6637069e-16
vn 0.0000000e+0 0.0000000e+0 -1.00000000
vn -0.40638994 0.91369974 -5.6637069e-16
vn 0.0000000e+0 0.0000000e+0 -1.00000000
vn -0.40638994 -0.91369974 -5.6637069e-16
vn -0.40638994 -0.91369974 -5.6637069e-16
vn -0.40638994 0.91369974 -5.6637069e-16
vn -0.40638994 0.91369974 -5.6637069e-16
vn 0.0000000e+0 0.0000000e+0 -1.00000000
vn 0.40638994 -0.91369974 0.0000000e+0
vn 0.0000000e+0 0.0000000e+0 -1.00000000
vn 0.40638994 -0.91369974 0.0000000e+0
vn 0.40638994 0.91369974 0.0000000e+0
vn 0.0000000e+0 0.0000000e+0 -1.00000000
vn 0.40638994 0.91369974 0.0000000e+0
vn 0.0000000e+0 0.0000000e+0 -1.00000000
vn 0.40638994 -0.91369974 0.0000000e+0
vn 0.40638994 -0.91369974 0.0000000e+0
vn 0.40638994 0.91369974 0.0000000e+0
vn 0.40638994 0.91369974 0.0000000e+0
vn 0.0000000e+0 0.0000000e+0 1.00000000
vn 0.93344437 0.35872220 0.0000000e+0
vn 0.93344437 0.35872220 0.0000000e+0
vn 0.0000000e+0 0.0000000e+0 1.00000000
vn 0.93344437 -0.35872220 6.0019257e-16
vn 0.93344437 -0.35872220 6.0019257e-16
vn 0.0000000e+0 0.0000000e+0 1.00000000
vn -0.93344437 -0.35872220 6.0019257e-16
vn -0.93344437 -0.35872220 6.0019257e-16
vn 0.0000000e+0 0.0000000e+0 1.00000000
vn -0.93344437 0.35872220 0.0000000e+0
vn -0.93344437 0.35872220 0.0000000e+0
vn 0.0000000e+0 0.0000000e+0 1.00000000
vn -0.40638994 -0.91369974 6.1316245e-16
vn -0.40638994 -0.91369974 6.1316245e-16
vn 0.0000000e+0 0.0000000e+0 1.00000000
vn -0.40638994 0.91369974 0.0000000e+0
vn -0.40638994 0.91369974 0.0000000e+0
vn 0.0000000e+0 0.0000000e+0 1.00000000
vn 0.40638994 -0.91369974 6.1316245e-16
vn 0.40638994 -0.91369974 6.1316245e-16
vn 0.0000000e+0 0.0000000e+0 1.00000000
vn 0.40638994 0.91369974 0.0000000e+0
vn 0.40638994 0.91369974 0.0000000e+0
vn 0.40638994 0.91369974 0.0000000e+0
vn 0.40638994 0.91369974 0.0000000e+0
vn 0.93344437 0.35872220 0.0000000e+0
vn 0.93344437 0.35872220 0.0000000e+0
vn 0.93344437 -0.35872220 6.0019257e-16
vn 0.93344437 -0.35872220 6.0019257e-16
vn 0.40638994 -0.91369974 6.1316245e-16
vn 0.40638994 -0.91369974 6.1316245e-16
vn -0.40638994 -0.91369974 6.1316245e-16
vn -0.40638994 -0.91369974 6.1316245e-16
vn -0.93344437 -0.35872220 6.0019257e-16
vn -0.93344437 -0.35872220 6.0019257e-16
vn -0.93344437 0.35872220 0.0000000e+0
vn -0.93344437 0.35872220 0.0000000e+0
vn -0.40638994 0.91369974 0.0000000e+0
vn -0.40638994 0.91369974 0.0000000e+0
vn 0.0000000e+0 0.0000000e+0 1.00000000
vn 0.93344437 0.35872220 0.0000000e+0
vn 0.93344437 0.35872220 0.0000000e+0
vn 0.0000000e+0 0.0000000e+0 1.00000000
vn 0.93344437 -0.35872220 6.0019257e-16
vn 0.93344437 -0.35872220 6.0019257e-16
vn 0.0000000e+0 0.0000000e+0 1.00000000
vn -0.93344437 -0.35872220 6.0019257e-16
vn -0.93344437 -0.35872220 6.0019257e-16
vn 0.0000000e+0 0.0000000e+0 1.00000000
vn -0.93344437 0.35872220 0.0000000e+0
vn -0.93344437 0.35872220 0.0000000e+0
vn 0.0000000e+0 0.0000000e+0 1.00000000
vn -0.40638994 -0.91369974 6.1316245e-16
vn -0.40638994 -0.91369974 6.1316245e-16
vn 0.0000000e+0 0.0000000e+0 1.00000000
vn -0.40638994 0.91369974 0.0000000e+0
vn -0.40638994 0.91369974 0.0000000e+0
vn 0.0000000e+0 0.0000000e+0 1.00000000
vn 0.40638994 -0.91369974 6.1316245e-16
vn 0.40638994 -0.91369974 6.1316245e-16
vn 0.0000000e+0 0.0000000e+0 1.00000000
vn 0.40638994 0.91369974 0.0000000e+0
vn 0.40638994 0.91369974 0.0000000e+0
vn 0.40638994 0.91369974 0.0000000e+0
vn 0.40638994 0.91369974 0.0000000e+0
vn 0.93344437 0.35872220 0.0000000e+0
vn 0.93344437 0.35872220 0.0000000e+0
vn 0.93344437 -0.35872220 6.0019257e-16
vn 0.93344437 -0.35872220 6.0019257e-16
vn 0.40638994 -0.91369974 6.1316245e-16
vn 0.40638994 -0.91369974 6.1316245e-16
vn -0.40638994 -0.91369974 6.1316245e-16
vn -0.40638994 -0.91369974 6.1316245e-16
vn -0.93344437 -0.35872220 6.0019257e-16
vn -0.93344437 -0.35872220 6.0019257e-16
vn -0.93344437 0.35872220 0.0000000e+0
vn -0.93344437 0.35872220 0.0000000e+0
vn -0.40638994 0.91369974 0.0000000e+0
vn -0.40638994 0.91369974 0.0000000e+0
vn 0.0000000e+0 0.0000000e+0 1.00000000
vn 0.93344437 0.35872220 0.0000000e+0
vn 0.93344437 0.35872220 0.0000000e+0
vn 0.0000000e+0 0.0000000e+0 1.00000000
vn 0.93344437 -0.35872220 6.0019257e-16
vn 0.93344437 -0.35872220 6.0019257e-16
vn 0.0000000e+0 0.0000000e+0 1.00000000
vn -0.93344437 -0.35872220 6.0019257e-16
vn -0.93344437 -0.35872220 6.0019257e-16
vn 0.0000000e+0 0.0000000e+0 1.00000000
vn -0.93344437 0.35872220 0.0000000e+0
vn -0.93344437 0.35872220 0.0000000e+0
vn 0.0000000e+0 0.0000000e+0 1.00000000
vn -0.40638994 -0.91369974 6.1316245e-16
vn -0.40638994 -0.91369974 6.1316245e-16
vn 0.0000000e+0 0.0000000e+0 1.00000000
vn -0.40638994 0.91369974 0.0000000e+0
vn -0.40638994 0.91369974 0.0000000e+0
vn 0.0000000e+0 0.0000000e+0 1.00000000
vn 0.40638994 -0.91369974 6.1316245e-16
vn 0.40638994 -0.91369974 6.1316245e-16
vn 0.0000000e+0 0.0000000e+0 1.00000000
vn 0.40638994 0.91369974 0.0000000e+0
vn 0.40638994 0.91369974 0.0000000e+0
vn 0.40638994 0.91369974 0.0000000e+0
vn 0.40638994 0.91369974 0.0000000e+0
vn 0.93344437 0.35872220 0.0000000e+0
vn 0.93344437 0.35872220 0.0000000e+0
vn 0.93344437 -0.35872220 6.0019257e-16
vn 0.93344437 -0.35872220 6.0019257e-16
vn 0.40638994 -0.91369974 6.1316245e-16
vn 0.40638994 -0.91369974 6.1316245e-16
vn -0.40638994 -0.91369974 6.1316245e-16
vn -0.40638994 -0.91369974 6.1316245e-16
vn -0.93344437 -0.35872220 6.0019257e-16
vn -0.93344437 -0.35872220 6.0019257e-16
vn -0.93344437 0.35872220 0.0000000e+0
vn -0.93344437 0.35872220 0.0000000e+0
vn -0.40638994 0.91369974 0.0000000e+0
vn -0.40638994 0.91369974 0.0000000e+0
vn 0.98078528 -0.19509032 -1.3148845e-13
vn 0.0000000e+0 1.3105484e-16 -1.00000000
vn 0.0000000e+0 1.3105484e-16 -1.00000000
vn 0.98078528 -0.19509032 -1.3148845e-13
vn 0.83146961 -0.55557023 -5.9018102e-13
vn 0.0000000e+0 1.3105484e-16 -1.00000000
vn 0.0000000e+0 1.3105484e-16 -1.00000000
vn 0.83146961 -0.55557023 -5.9018102e-13
vn 0.0000000e+0 0.0000000e+0 -1.00000000
vn 0.0000000e+0 0.0000000e+0 -1.00000000
vn 0.55557023 -0.83146961 -8.4985260e-13
vn 0.55557023 -0.83146961 -8.4985260e-13
vn 0.0000000e+0 -3.1837647e-16 -1.00000000
vn 0.0000000e+0 -3.1837647e-16 -1.00000000
vn 0.19509032 -0.98078528 -3.9116004e-13
vn 0.19509032 -0.98078528 -3.9116004e-13
vn -0.19509032 -0.98078528 3.9120532e-13
vn 0.0000000e+0 -3.1837647e-16 -1.00000000
vn 0.0000000e+0 -3.1837647e-16 -1.00000000
vn -0.19509032 -0.98078528 3.9120532e-13
vn -0.55557023 -0.83146961 8.4997521e-13
vn 0.0000000e+0 -1.2130658e-16 -1.00000000
vn 0.0000000e+0 -1.2130658e-16 -1.00000000
vn -0.55557023 -0.83146961 8.4997521e-13
vn 0.0000000e+0 -5.5779157e-17 -1.00000000
vn 0.0000000e+0 -5.5779157e-17 -1.00000000
vn -0.83146961 -0.55557023 5.9025834e-13
vn -0.83146961 -0.55557023 5.9025834e-13
vn 0.0000000e+0 6.5527419e-17 -1.00000000
vn 0.0000000e+0 6.5527419e-17 -1.00000000
vn -0.98078528 -0.19509032 1.3148845e-13
vn -0.98078528 -0.19509032 1.3148845e-13
vn -0.98078528 0.19509032 1.3130734e-13
vn 0.0000000e+0 0.0000000e+0 -1.00000000
vn 0.0000000e+0 0.0000000e+0 -1.00000000
vn -0.98078528 0.19509032 1.3130734e-13
vn -0.83146961 0.55557023 5.8999990e-13
vn 0.0000000e+0 0.0000000e+0 -1.00000000
vn 0.0000000e+0 0.0000000e+0 -1.00000000
vn -0.83146961 0.55557023 5.8999990e-13
vn 0.0000000e+0 -3.1894399e-16 -1.00000000
vn 0.0000000e+0 -3.1894399e-16 -1.00000000
vn -0.55557023 0.83146961 8.4980732e-13
vn -0.55557023 0.83146961 8.4980732e-13
vn 0.0000000e+0 -3.1894399e-16 -1.00000000
vn 0.0000000e+0 -3.1894399e-16 -1.00000000
vn -0.19509032 0.98078528 3.9111476e-13
vn -0.19509032 0.98078528 3.9111476e-13
vn 0.19509032 0.98078528 -3.9106948e-13
vn 0.0000000e+0 0.0000000e+0 -1.00000000
vn 0.0000000e+0 0.0000000e+0 -1.00000000
vn 0.19509032 0.98078528 -3.9106948e-13
vn 0.55557023 0.83146961 -8.4976205e-13
vn 0.0000000e+0 3.0326644e-17 -1.00000000
vn 0.0000000e+0 3.0326644e-17 -1.00000000
vn 0.55557023 0.83146961 -8.4976205e-13
vn 0.0000000e+0 6.3090353e-17 -1.00000000
vn 0.0000000e+0 6.3090353e-17 -1.00000000
vn 0.83146961 0.55557023 -5.8999990e-13
vn 0.83146961 0.55557023 -5.8999990e-13
vn 0.0000000e+0 3.2763709e-17 -1.00000000
vn 0.0000000e+0 3.2763709e-17 -1.00000000
vn 0.98078528 0.19509032 -1.3130734e-13
vn 0.98078528 0.19509032 -1.3130734e-13
vn 0.58435462 -0.10921740 -0.80411519
vn 0.58435462 -0.10921740 -0.80411519
vn -0.98347576 0.18103984 -2.3488177e-16
vn -0.98347576 0.18103984 -2.3488177e-16
vn 0.50654812 -0.32385911 -0.79907714
vn 0.50654812 -0.32385911 -0.79907714
vn -0.85046828 0.52602634 0.0000000e+0
vn -0.85046828 0.52602634 0.0000000e+0
vn 0.36509864 -0.52877428 -0.76622500
vn 0.36509864 -0.52877428 -0.76622500
vn -0.58513283 0.81093746 0.0000000e+0
vn -0.58513283 0.81093746 0.0000000e+0
vn 0.13828383 -0.70098516 -0.69964090
vn 0.13828383 -0.70098516 -0.69964090
vn -0.20994966 0.97771220 0.0000000e+0
vn -0.20994966 0.97771220 0.0000000e+0
vn -0.13828383 -0.70098516 -0.69964090
vn -0.13828383 -0.70098516 -0.69964090
vn 0.20994966 0.97771220 0.0000000e+0
vn 0.20994966 0.97771220 0.0000000e+0
vn -0.36509864 -0.52877428 -0.76622500
vn -0.36509864 -0.52877428 -0.76622500
vn 0.58513283 0.81093746 0.0000000e+0
vn 0.58513283 0.81093746 0.0000000e+0
vn -0.50654812 -0.32385911 -0.79907714
vn -0.50654812 -0.32385911 -0.79907714
vn 0.85046828 0.52602634 0.0000000e+0
vn 0.85046828 0.52602634 0.0000000e+0
vn -0.58435462 -0.10921740 -0.80411519
vn -0.58435462 -0.10921740 -0.80411519
vn 0.98347576 0.18103984 2.3488177e-16
vn 0.98347576 0.18103984 2.3488177e-16
vn -0.58435462 0.10921740 -0.80411519
vn -0.58435462 0.10921740 -0.80411519
vn 0.98347576 -0.18103984 2.3488177e-16
vn 0.98347576 -0.18103984 2.3488177e-16
vn -0.50654812 0.32385911 -0.79907714
vn -0.50654812 0.32385911 -0.79907714
vn 0.85046828 -0.52602634 0.0000000e+0
vn 0.85046828 -0.52602634 0.0000000e+0
vn -0.36509864 0.52877428 -0.76622500
vn -0.36509864 0.52877428 -0.76622500
vn 0.58513283 -0.81093746 0.0000000e+0
vn 0.58513283 -0.81093746 0.0000000e+0
vn -0.13828383 0.70098516 -0.69964090
vn -0.13828383 0.70098516 -0.69964090
vn 0.20994966 -0.97771220 0.0000000e+0
vn 0.20994966 -0.97771220 0.0000000e+0
vn 0.13828383 0.70098516 -0.69964090
vn 0.13828383 0.70098516 -0.69964090
vn -0.20994966 -0.97771220 0.0000000e+0
vn -0.20994966 -0.97771220 0.0000000e+0
vn 0.36509864 0.52877428 -0.76622500
vn 0.36509864 0.52877428 -0.76622500
vn -0.58513283 -0.81093746 -2.3043860e-16
vn -0.58513283 -0.81093746 -2.3043860e-16
vn 0.50654812 0.32385911 -0.79907714
vn 0.50654812 0.32385911 -0.79907714
vn -0.85046828 -0.52602634 -2.2988302e-16
vn -0.85046828 -0.52602634 -2.2988302e-16
vn 0.58435462 0.10921740 -0.80411519
vn 0.58435462 0.10921740 -0.80411519
vn -0.98347576 -0.18103984 2.3488177e-16
vn -0.98347576 -0.18103984 2.3488177e-16
vn 0.0000000e+0 0.0000000e+0 -1.00000000
vn -0.60586979 0.0000000e+0 -0.79556382
vn 1.00000000 0.0000000e+0 4.6200106e-16
vn 6.4562084e-15 0.99015437 -0.13997972
vn 0.0000000e+0 0.0000000e+0 -1.00000000
vn -0.60586979 0.0000000e+0 -0.79556382
vn 1.00000000 0.0000000e+0 0.0000000e+0
vn -4.5065613e-15 -0.99015437 -0.13997972
vn 0.0000000e+0 0.0000000e+0 -1.00000000
vn -0.60586979 0.0000000e+0 -0.79556382
vn 1.00000000 0.0000000e+0 0.0000000e+0
vn 2.7646635e-15 0.99015437 -0.13997972
vn 0.0000000e+0 0.0000000e+0 -1.00000000
vn -0.60586979 0.0000000e+0 -0.79556382
vn 1.00000000 0.0000000e+0 0.0000000e+0
vn -9.4286212e-16 -0.99015437 -0.13997972
vn 0.0000000e+0 0.0000000e+0 -1.00000000
vn -0.60586979 0.0000000e+0 -0.79556382
vn 1.00000000 0.0000000e+0 0.0000000e+0
vn -8.9491998e-16 0.99015437 -0.13997972
vn 0.0000000e+0 0.0000000e+0 -1.00000000
vn -0.60586979 0.0000000e+0 -0.79556382
vn 1.00000000 0.0000000e+0 7.0818839e-16
vn 2.7167214e-15 -0.99015437 -0.13997972
vn 0.0000000e+0 0.0000000e+0 -1.00000000
vn -0.60586979 0.0000000e+0 -0.79556382
vn 1.00000000 0.0000000e+0 7.0818839e-16
vn -4.5385228e-15 0.99015437 -0.13997972
vn 0.0000000e+0 0.0000000e+0 -1.00000000
vn -0.60586979 0.0000000e+0 -0.79556382
vn 1.00000000 0.0000000e+0 4.6200106e-16
vn 6.3922856e-15 -0.99015437 -0.13997972
vn 0.0000000e+0 0.0000000e+0 -1.00000000
vn 0.60586979 0.0000000e+0 -0.79556382
vn 6.3922856e-15 -0.99015437 -0.13997972
vn -1.00000000 0.0000000e+0 -4.6200106e-16
vn 0.0000000e+0 0.0000000e+0 -1.00000000
vn 0.60586979 0.0000000e+0 -0.79556382
vn -1.00000000 0.0000000e+0 0.0000000e+0
vn -4.5385228e-15 0.99015437 -0.13997972
vn 0.0000000e+0 0.0000000e+0 -1.00000000
vn 0.60586979 0.0000000e+0 -0.79556382
vn 2.7167214e-15 -0.99015437 -0.13997972
vn -1.00000000 0.0000000e+0 0.0000000e+0
vn 0.0000000e+0 0.0000000e+0 -1.00000000
vn 0.60586979 0.0000000e+0 -0.79556382
vn -1.00000000 0.0000000e+0 0.0000000e+0
vn -8.9491998e-16 0.99015437 -0.13997972
vn 0.0000000e+0 0.0000000e+0 -1.00000000
vn 0.60586979 0.0000000e+0 -0.79556382
vn -9.4286212e-16 -0.99015437 -0.13997972
vn -1.00000000 0.0000000e+0 0.0000000e+0
vn 0.0000000e+0 0.0000000e+0 -1.00000000
vn 0.60586979 0.0000000e+0 -0.79556382
vn -1.00000000 0.0000000e+0 0.0000000e+0
vn 2.7646635e-15 0.99015437 -0.13997972
vn 0.0000000e+0 0.0000000e+0 -1.00000000
vn 0.60586979 0.0000000e+0 -0.79556382
vn -4.5065613e-15 -0.99015437 -0.13997972
vn -1.00000000 0.0000000e+0 0.0000000e+0
vn 0.0000000e+0 0.0000000e+0 -1.00000000
vn 0.60586979 0.0000000e+0 -0.79556382
vn -1.00000000 0.0000000e+0 4.6200106e-16
vn 6.4562084e-15 0.99015437 -0.13997972
vn 0.0000000e+0 1.3105484e-16 -1.00000000
vn 0.0000000e+0 1.3105484e-16 -1.00000000
vn 0.58435462 -0.10921740 -0.80411519
vn 0.58435462 -0.10921740 -0.80411519
vn 0.0000000e+0 1.3105484e-16 -1.00000000
vn 0.0000000e+0 1.3105484e-16 -1.00000000
vn 0.50654812 -0.32385911 -0.79907714
vn 0.50654812 -0.32385911 -0.79907714
vn 0.0000000e+0 0.0000000e+0 -1.00000000
vn 0.0000000e+0 0.0000000e+0 -1.00000000
vn 0.36509864 -0.52877428 -0.76622500
vn 0.36509864 -0.52877428 -0.76622500
vn 0.0000000e+0 -3.1837647e-16 -1.00000000
vn 0.0000000e+0 -3.1837647e-16 -1.00000000
vn 0.13828383 -0.70098516 -0.69964090
vn 0.13828383 -0.70098516 -0.69964090
vn 0.0000000e+0 -3.1837647e-16 -1.00000000
vn 0.0000000e+0 -3.1837647e-16 -1.00000000
vn -0.13828383 -0.70098516 -0.69964090
vn -0.13828383 -0.70098516 -0.69964090
vn 0.0000000e+0 -1.2130658e-16 -1.00000000
vn 0.0000000e+0 -1.2130658e-16 -1.00000000
vn -0.36509864 -0.52877428 -0.76622500
vn -0.36509864 -0.52877428 -0.76622500
vn 0.0000000e+0 -5.5779157e-17 -1.00000000
vn 0.0000000e+0 -5.5779157e-17 -1.00000000
vn -0.50654812 -0.32385911 -0.79907714
vn -0.50654812 -0.32385911 -0.79907714
vn 0.0000000e+0 6.5527419e-17 -1.00000000
vn 0.0000000e+0 6.5527419e-17 -1.00000000
vn -0.58435462 -0.10921740 -0.80411519
vn -0.58435462 -0.10921740 -0.80411519
vn 0.0000000e+0 0.0000000e+0 -1.00000000
vn 0.0000000e+0 0.0000000e+0 -1.00000000
vn -0.58435462 0.10921740 -0.80411519
vn -0.58435462 0.10921740 -0.80411519
vn 0.0000000e+0 0.0000000e+0 -1.00000000
vn 0.0000000e+0 0.0000000e+0 -1.00000000
vn -0.50654812 0.32385911 -0.79907714
vn -0.50654812 0.32385911 -0.79907714
vn 0.0000000e+0 -3.1894399e-16 -1.00000000
vn 0.0000000e+0 -3.1894399e-16 -1.00000000
vn -0.36509864 0.52877428 -0.76622500
vn -0.36509864 0.52877428 -0.76622500
vn 0.0000000e+0 -3.1894399e-16 -1.00000000
vn 0.0000000e+0 -3.1894399e-16 -1.00000000
vn -0.13828383 0.70098516 -0.69964090
vn -0.13828383 0.70098516 -0.69964090
vn 0.0000000e+0 0.0000000e+0 -1.00000000
vn 0.0000000e+0 0.0000000e+0 -1.00000000
vn 0.13828383 0.70098516 -0.69964090
vn 0.13828383 0.70098516 -0.69964090
vn 0.0000000e+0 3.0326644e-17 -1.00000000
vn 0.0000000e+0 3.0326644e-17 -1.00000000
vn 0.36509864 0.52877428 -0.76622500
vn 0.36509864 0.52877428 -0.76622500
vn 0.0000000e+0 6.3090353e-17 -1.00000000
vn 0.0000000e+0 6.3090353e-17 -1.00000000
vn 0.50654812 0.32385911 -0.79907714
vn 0.50654812 0.32385911 -0.79907714
vn 0.0000000e+0 3.2763709e-17 -1.00000000
vn 0.0000000e+0 3.2763709e-17 -1.00000000
vn 0.58435462 0.10921740 -0.80411519
vn 0.58435462 0.10921740 -0.80411519
vn -1.2005641e-17 0.0000000e+0 -1.00000000
vn -0.98347576 0.18103984 -2.3488177e-16
vn -0.98347576 0.18103984 -2.3488177e-16
vn -1.2005641e-17 0.0000000e+0 -1.00000000
vn -0.85046828 0.52602634 0.0000000e+0
vn -0.85046828 0.52602634 0.0000000e+0
vn -1.2005641e-17 0.0000000e+0 -1.00000000
vn -0.58513283 0.81093746 0.0000000e+0
vn -0.58513283 0.81093746 0.0000000e+0
vn -1.2005641e-17 0.0000000e+0 -1.00000000
vn -0.20994966 0.97771220 0.0000000e+0
vn -0.20994966 0.97771220 0.0000000e+0
vn -1.2005641e-17 0.0000000e+0 -1.00000000
vn 0.20994966 0.97771220 0.0000000e+0
vn 0.20994966 0.97771220 0.0000000e+0
vn -1.2005641e-17 0.0000000e+0 -1.00000000
vn 0.58513283 0.81093746 0.0000000e+0
vn 0.58513283 0.81093746 0.0000000e+0
vn -1.2005641e-17 0.0000000e+0 -1.00000000
vn 0.85046828 0.52602634 0.0000000e+0
vn 0.85046828 0.52602634 0.0000000e+0
vn -1.2005641e-17 0.0000000e+0 -1.00000000
vn 0.98347576 0.18103984 2.3488177e-16
vn 0.98347576 0.18103984 2.3488177e-16
vn -1.2005641e-17 0.0000000e+0 -1.00000000
vn 1.00000000 0.0000000e+0 4.6200106e-16
vn 6.3922856e-15 -0.99015437 -0.13997972
vn -1.2005641e-17 0.0000000e+0 -1.00000000
vn 6.3922856e-15 -0.99015437 -0.13997972
vn -1.00000000 0.0000000e+0 -4.6200106e-16
vn 0.0000000e+0 0.0000000e+0 -1.00000000
vn 1.00000000 0.0000000e+0 7.0818839e-16
vn -4.5385228e-15 0.99015437 -0.13997972
vn 0.0000000e+0 0.0000000e+0 -1.00000000
vn 1.00000000 0.0000000e+0 7.0818839e-16
vn 2.7167214e-15 -0.99015437 -0.13997972
vn 0.0000000e+0 0.0000000e+0 -1.00000000
vn 2.7167214e-15 -0.99015437 -0.13997972
vn -1.00000000 0.0000000e+0 0.0000000e+0
vn 0.0000000e+0 0.0000000e+0 -1.00000000
vn -1.00000000 0.0000000e+0 0.0000000e+0
vn -4.5385228e-15 0.99015437 -0.13997972
vn 0.0000000e+0 0.0000000e+0 -1.00000000
vn 1.00000000 0.0000000e+0 0.0000000e+0
vn -8.9491998e-16 0.99015437 -0.13997972
vn 0.0000000e+0 0.0000000e+0 -1.00000000
vn 1.00000000 0.0000000e+0 0.0000000e+0
vn -9.4286212e-16 -0.99015437 -0.13997972
vn 0.0000000e+0 0.0000000e+0 -1.00000000
vn -9.4286212e-16 -0.99015437 -0.13997972
vn -1.00000000 0.0000000e+0 0.0000000e+0
vn 0.0000000e+0 0.0000000e+0 -1.00000000
vn -1.00000000 0.0000000e+0 0.0000000e+0
vn -8.9491998e-16 0.99015437 -0.13997972
vn 0.0000000e+0 0.0000000e+0 -1.00000000
vn 1.00000000 0.0000000e+0 0.0000000e+0
vn 2.7646635e-15 0.99015437 -0.13997972
vn 0.0000000e+0 0.0000000e+0 -1.00000000
vn 1.00000000 0.0000000e+0 0.0000000e+0
vn -4.5065613e-15 -0.99015437 -0.13997972
vn 0.0000000e+0 0.0000000e+0 -1.00000000
vn -4.5065613e-15 -0.99015437 -0.13997972
vn -1.00000000 0.0000000e+0 0.0000000e+0
vn 0.0000000e+0 0.0000000e+0 -1.00000000
vn -1.00000000 0.0000000e+0 0.0000000e+0
vn 2.7646635e-15 0.99015437 -0.13997972
vn -2.4011283e-17 0.0000000e+0 -1.00000000
vn 1.00000000 0.0000000e+0 4.6200106e-16
vn 6.4562084e-15 0.99015437 -0.13997972
vn -2.4011283e-17 0.0000000e+0 -1.00000000
vn 0.98347576 -0.18103984 2.3488177e-16
vn 0.98347576 -0.18103984 2.3488177e-16
vn -2.4011283e-17 0.0000000e+0 -1.00000000
vn 0.85046828 -0.52602634 0.0000000e+0
vn 0.85046828 -0.52602634 0.0000000e+0
vn -2.4011283e-17 0.0000000e+0 -1.00000000
vn 0.58513283 -0.81093746 0.0000000e+0
vn 0.58513283 -0.81093746 0.0000000e+0
vn -2.4011283e-17 0.0000000e+0 -1.00000000
vn 0.20994966 -0.97771220 0.0000000e+0
vn 0.20994966 -0.97771220 0.0000000e+0
vn -2.4011283e-17 0.0000000e+0 -1.00000000
vn -0.20994966 -0.97771220 0.0000000e+0
vn -0.20994966 -0.97771220 0.0000000e+0
vn -2.4011283e-17 0.0000000e+0 -1.00000000
vn -0.58513283 -0.81093746 -2.3043860e-16
vn -0.58513283 -0.81093746 -2.3043860e-16
vn -2.4011283e-17 0.0000000e+0 -1.00000000
vn -0.85046828 -0.52602634 -2.2988302e-16
vn -0.85046828 -0.52602634 -2.2988302e-16
vn -2.4011283e-17 0.0000000e+0 -1.00000000
vn -0.98347576 -0.18103984 2.3488177e-16
vn -0.98347576 -0.18103984 2.3488177e-16
vn -2.4011283e-17 0.0000000e+0 -1.00000000
vn -1.00000000 0.0000000e+0 4.6200106e-16
vn 6.4562084e-15 0.99015437 -0.13997972
vn -0.98078528 -0.19509032 1.3148845e-13
vn 0.0000000e+0 0.0000000e+0 1.00000000
vn 0.0000000e+0 0.0000000e+0 1.00000000
vn -0.98078528 -0.19509032 1.3148845e-13
vn -0.83146961 -0.55557023 5.9025834e-13
vn 0.0000000e+0 0.0000000e+0 1.00000000
vn 0.0000000e+0 0.0000000e+0 1.00000000
vn -0.83146961 -0.55557023 5.9025834e-13
vn -0.55557023 -0.83146961 8.4997521e-13
vn 0.0000000e+0 0.0000000e+0 1.00000000
vn 0.0000000e+0 0.0000000e+0 1.00000000
vn -0.55557023 -0.83146961 8.4997521e-13
vn -0.19509032 -0.98078528 3.9120532e-13
vn 0.0000000e+0 0.0000000e+0 1.00000000
vn 0.0000000e+0 0.0000000e+0 1.00000000
vn -0.19509032 -0.98078528 3.9120532e-13
vn 0.19509032 -0.98078528 -3.9116004e-13
vn 0.0000000e+0 3.9867999e-17 1.00000000
vn 0.0000000e+0 3.9867999e-17 1.00000000
vn 0.19509032 -0.98078528 -3.9116004e-13
vn 0.55557023 -0.83146961 -8.4985260e-13
vn 0.0000000e+0 -2.0785288e-17 1.00000000
vn 0.0000000e+0 -2.0785288e-17 1.00000000
vn 0.55557023 -0.83146961 -8.4985260e-13
vn 0.83146961 -0.55557023 -5.9018102e-13
vn 0.0000000e+0 -9.3416997e-17 1.00000000
vn 0.0000000e+0 -9.3416997e-17 1.00000000
vn 0.83146961 -0.55557023 -5.9018102e-13
vn 0.98078528 -0.19509032 -1.3148845e-13
vn 0.0000000e+0 -3.2763709e-17 1.00000000
vn 0.0000000e+0 -3.2763709e-17 1.00000000
vn 0.98078528 -0.19509032 -1.3148845e-13
vn 0.98078528 0.19509032 -1.3130734e-13
vn 0.0000000e+0 6.5527419e-17 1.00000000
vn 0.0000000e+0 6.5527419e-17 1.00000000
vn 0.98078528 0.19509032 -1.3130734e-13
vn 0.83146961 0.55557023 -5.8999990e-13
vn 0.0000000e+0 6.5527419e-17 1.00000000
vn 0.0000000e+0 6.5527419e-17 1.00000000
vn 0.83146961 0.55557023 -5.8999990e-13
vn 0.55557023 0.83146961 -8.4976205e-13
vn 0.0000000e+0 0.0000000e+0 1.00000000
vn 0.0000000e+0 0.0000000e+0 1.00000000
vn 0.55557023 0.83146961 -8.4976205e-13
vn 0.19509032 0.98078528 -3.9106948e-13
vn 0.0000000e+0 0.0000000e+0 1.00000000
vn 0.0000000e+0 0.0000000e+0 1.00000000
vn 0.19509032 0.98078528 -3.9106948e-13
vn -0.19509032 0.98078528 3.9111476e-13
vn 0.0000000e+0 -3.9867999e-17 1.00000000
vn 0.0000000e+0 -3.9867999e-17 1.00000000
vn -0.19509032 0.98078528 3.9111476e-13
vn -0.55557023 0.83146961 8.4980732e-13
vn 0.0000000e+0 -7.0194643e-17 1.00000000
vn 0.0000000e+0 -7.0194643e-17 1.00000000
vn -0.55557023 0.83146961 8.4980732e-13
vn -0.83146961 0.55557023 5.8999990e-13
vn 0.0000000e+0 -4.6708499e-17 1.00000000
vn 0.0000000e+0 -4.6708499e-17 1.00000000
vn -0.83146961 0.55557023 5.8999990e-13
vn -0.98078528 0.19509032 1.3130734e-13
vn 0.0000000e+0 -1.6381855e-17 1.00000000
vn 0.0000000e+0 -1.6381855e-17 1.00000000
vn -0.98078528 0.19509032 1.3130734e-13
vn -0.58435462 -0.10921740 0.80411519
vn -0.58435462 -0.10921740 0.80411519
vn 0.98347576 0.18103984 0.0000000e+0
vn 0.98347576 0.18103984 0.0000000e+0
vn -0.50654812 -0.32385911 0.79907714
vn -0.50654812 -0.32385911 0.79907714
vn 0.85046828 0.52602634 0.0000000e+0
vn 0.85046828 0.52602634 0.0000000e+0
vn -0.36509864 -0.52877428 0.76622500
vn -0.36509864 -0.52877428 0.76622500
vn 0.58513283 0.81093746 1.1942103e-16
vn 0.58513283 0.81093746 1.1942103e-16
vn -0.13828383 -0.70098516 0.69964090
vn -0.13828383 -0.70098516 0.69964090
vn 0.20994966 0.97771220 1.1965991e-16
vn 0.20994966 0.97771220 1.1965991e-16
vn 0.13828383 -0.70098516 0.69964090
vn 0.13828383 -0.70098516 0.69964090
vn -0.20994966 0.97771220 1.1965991e-16
vn -0.20994966 0.97771220 1.1965991e-16
vn 0.36509864 -0.52877428 0.76622500
vn 0.36509864 -0.52877428 0.76622500
vn -0.58513283 0.81093746 1.1942103e-16
vn -0.58513283 0.81093746 1.1942103e-16
vn 0.50654812 -0.32385911 0.79907714
vn 0.50654812 -0.32385911 0.79907714
vn -0.85046828 0.52602634 0.0000000e+0
vn -0.85046828 0.52602634 0.0000000e+0
vn 0.58435462 -0.10921740 0.80411519
vn 0.58435462 -0.10921740 0.80411519
vn -0.98347576 0.18103984 2.3488177e-16
vn -0.98347576 0.18103984 2.3488177e-16
vn 0.58435462 0.10921740 0.80411519
vn 0.58435462 0.10921740 0.80411519
vn -0.98347576 -0.18103984 2.3488177e-16
vn -0.98347576 -0.18103984 2.3488177e-16
vn 0.50654812 0.32385911 0.79907714
vn 0.50654812 0.32385911 0.79907714
vn -0.85046828 -0.52602634 0.0000000e+0
vn -0.85046828 -0.52602634 0.0000000e+0
vn 0.36509864 0.52877428 0.76622500
vn 0.36509864 0.52877428 0.76622500
vn -0.58513283 -0.81093746 0.0000000e+0
vn -0.58513283 -0.81093746 0.0000000e+0
vn 0.13828383 0.70098516 0.69964090
vn 0.13828383 0.70098516 0.69964090
vn -0.20994966 -0.97771220 0.0000000e+0
vn -0.20994966 -0.97771220 0.0000000e+0
vn -0.13828383 0.70098516 0.69964090
vn -0.13828383 0.70098516 0.69964090
vn 0.20994966 -0.97771220 0.0000000e+0
vn 0.20994966 -0.97771220 0.0000000e+0
vn -0.36509864 0.52877428 0.76622500
vn -0.36509864 0.52877428 0.76622500
vn 0.58513283 -0.81093746 -2.3043860e-16
vn 0.58513283 -0.81093746 -2.3043860e-16
vn -0.50654812 0.32385911 0.79907714
vn -0.50654812 0.32385911 0.79907714
vn 0.85046828 -0.52602634 -2.2988302e-16
vn 0.85046828 -0.52602634 -2.2988302e-16
vn -0.58435462 0.10921740 0.80411519
vn -0.58435462 0.10921740 0.80411519
vn 0.98347576 -0.18103984 2.3488177e-16
vn 0.98347576 -0.18103984 2.3488177e-16
vn 0.0000000e+0 0.0000000e+0 1.00000000
vn 0.60586979 0.0000000e+0 0.79556382
vn -1.00000000 0.0000000e+0 4.6200106e-16
vn -6.4562084e-15 0.99015437 0.13997972
vn 0.0000000e+0 0.0000000e+0 1.00000000
vn 0.60586979 0.0000000e+0 0.79556382
vn -1.00000000 0.0000000e+0 -7.0818839e-16
vn 4.5385228e-15 -0.99015437 0.13997972
vn 0.0000000e+0 0.0000000e+0 1.00000000
vn 0.60586979 0.0000000e+0 0.79556382
vn -1.00000000 0.0000000e+0 -7.0818839e-16
vn -2.7806442e-15 0.99015437 0.13997972
vn 0.0000000e+0 0.0000000e+0 1.00000000
vn 0.60586979 0.0000000e+0 0.79556382
vn -1.00000000 0.0000000e+0 0.0000000e+0
vn 9.4286212e-16 -0.99015437 0.13997972
vn 0.0000000e+0 0.0000000e+0 1.00000000
vn 0.60586979 0.0000000e+0 0.79556382
vn -1.00000000 0.0000000e+0 0.0000000e+0
vn 8.9491998e-16 0.99015437 0.13997972
vn 0.0000000e+0 0.0000000e+0 1.00000000
vn 0.60586979 0.0000000e+0 0.79556382
vn -1.00000000 0.0000000e+0 7.0818839e-16
vn -2.7007407e-15 -0.99015437 0.13997972
vn 0.0000000e+0 0.0000000e+0 1.00000000
vn 0.60586979 0.0000000e+0 0.79556382
vn -1.00000000 0.0000000e+0 7.0818839e-16
vn 4.5385228e-15 0.99015437 0.13997972
vn 0.0000000e+0 0.0000000e+0 1.00000000
vn 0.60586979 0.0000000e+0 0.79556382
vn -1.00000000 0.0000000e+0 4.6200106e-16
vn -6.3922856e-15 -0.99015437 0.13997972
vn 0.0000000e+0 0.0000000e+0 1.00000000
vn -0.60586979 0.0000000e+0 0.79556382
vn -6.3922856e-15 -0.99015437 0.13997972
vn 1.00000000 0.0000000e+0 0.0000000e+0
vn 0.0000000e+0 0.0000000e+0 1.00000000
vn -0.60586979 0.0000000e+0 0.79556382
vn 1.00000000 0.0000000e+0 0.0000000e+0
vn 4.5385228e-15 0.99015437 0.13997972
vn 0.0000000e+0 0.0000000e+0 1.00000000
vn -0.60586979 0.0000000e+0 0.79556382
vn -2.7007407e-15 -0.99015437 0.13997972
vn 1.00000000 0.0000000e+0 0.0000000e+0
vn 0.0000000e+0 0.0000000e+0 1.00000000
vn -0.60586979 0.0000000e+0 0.79556382
vn 1.00000000 0.0000000e+0 0.0000000e+0
vn 8.9491998e-16 0.99015437 0.13997972
vn 0.0000000e+0 0.0000000e+0 1.00000000
vn -0.60586979 0.0000000e+0 0.79556382
vn 9.4286212e-16 -0.99015437 0.13997972
vn 1.00000000 0.0000000e+0 0.0000000e+0
vn 0.0000000e+0 0.0000000e+0 1.00000000
vn -0.60586979 0.0000000e+0 0.79556382
vn 1.00000000 0.0000000e+0 -7.0818839e-16
vn -2.7806442e-15 0.99015437 0.13997972
vn 0.0000000e+0 0.0000000e+0 1.00000000
vn -0.60586979 0.0000000e+0 0.79556382
vn 4.5385228e-15 -0.99015437 0.13997972
vn 1.00000000 0.0000000e+0 -7.0818839e-16
vn 0.0000000e+0 0.0000000e+0 1.00000000
vn -0.60586979 0.0000000e+0 0.79556382
vn 1.00000000 0.0000000e+0 4.6200106e-16
vn -6.4562084e-15 0.99015437 0.13997972
vn 0.0000000e+0 0.0000000e+0 1.00000000
vn 0.0000000e+0 0.0000000e+0 1.00000000
vn -0.58435462 -0.10921740 0.80411519
vn -0.58435462 -0.10921740 0.80411519
vn 0.0000000e+0 0.0000000e+0 1.00000000
vn 0.0000000e+0 0.0000000e+0 1.00000000
vn -0.50654812 -0.32385911 0.79907714
vn -0.50654812 -0.32385911 0.79907714
vn 0.0000000e+0 0.0000000e+0 1.00000000
vn 0.0000000e+0 0.0000000e+0 1.00000000
vn -0.36509864 -0.52877428 0.76622500
vn -0.36509864 -0.52877428 0.76622500
vn 0.0000000e+0 0.0000000e+0 1.00000000
vn 0.0000000e+0 0.0000000e+0 1.00000000
vn -0.13828383 -0.70098516 0.69964090
vn -0.13828383 -0.70098516 0.69964090
vn 0.0000000e+0 3.9867999e-17 1.00000000
vn 0.0000000e+0 3.9867999e-17 1.00000000
vn 0.13828383 -0.70098516 0.69964090
vn 0.13828383 -0.70098516 0.69964090
vn 0.0000000e+0 -2.0785288e-17 1.00000000
vn 0.0000000e+0 -2.0785288e-17 1.00000000
vn 0.36509864 -0.52877428 0.76622500
vn 0.36509864 -0.52877428 0.76622500
vn 0.0000000e+0 -9.3416997e-17 1.00000000
vn 0.0000000e+0 -9.3416997e-17 1.00000000
vn 0.50654812 -0.32385911 0.79907714
vn 0.50654812 -0.32385911 0.79907714
vn 0.0000000e+0 -3.2763709e-17 1.00000000
vn 0.0000000e+0 -3.2763709e-17 1.00000000
vn 0.58435462 -0.10921740 0.80411519
vn 0.58435462 -0.10921740 0.80411519
vn 0.0000000e+0 6.5527419e-17 1.00000000
vn 0.0000000e+0 6.5527419e-17 1.00000000
vn 0.58435462 0.10921740 0.80411519
vn 0.58435462 0.10921740 0.80411519
vn 0.0000000e+0 6.5527419e-17 1.00000000
vn 0.0000000e+0 6.5527419e-17 1.00000000
vn 0.50654812 0.32385911 0.79907714
vn 0.50654812 0.32385911 0.79907714
vn 0.0000000e+0 0.0000000e+0 1.00000000
vn 0.0000000e+0 0.0000000e+0 1.00000000
vn 0.36509864 0.52877428 0.76622500
vn 0.36509864 0.52877428 0.76622500
vn 0.0000000e+0 0.0000000e+0 1.00000000
vn 0.0000000e+0 0.0000000e+0 1.00000000
vn 0.13828383 0.70098516 0.69964090
vn 0.13828383 0.70098516 0.69964090
vn 0.0000000e+0 -3.9867999e-17 1.00000000
vn 0.0000000e+0 -3.9867999e-17 1.00000000
vn -0.13828383 0.70098516 0.69964090
vn -0.13828383 0.70098516 0.69964090
vn 0.0000000e+0 -7.0194643e-17 1.00000000
vn 0.0000000e+0 -7.0194643e-17 1.00000000
vn -0.36509864 0.52877428 0.76622500
vn -0.36509864 0.52877428 0.76622500
vn 0.0000000e+0 -4.6708499e-17 1.00000000
vn 0.0000000e+0 -4.6708499e-17 1.00000000
vn -0.50654812 0.32385911 0.79907714
vn -0.50654812 0.32385911 0.79907714
vn 0.0000000e+0 -1.6381855e-17 1.00000000
vn 0.0000000e+0 -1.6381855e-17 1.00000000
vn -0.58435462 0.10921740 0.80411519
vn -0.58435462 0.10921740 0.80411519
vn -1.5007052e-17 0.0000000e+0 1.00000000
vn 0.98347576 0.18103984 0.0000000e+0
vn 0.98347576 0.18103984 0.0000000e+0
vn -1.5007052e-17 0.0000000e+0 1.00000000
vn 0.85046828 0.52602634 0.0000000e+0
vn 0.85046828 0.52602634 0.0000000e+0
vn -1.5007052e-17 0.0000000e+0 1.00000000
vn 0.58513283 0.81093746 1.1942103e-16
vn 0.58513283 0.81093746 1.1942103e-16
vn -1.5007052e-17 0.0000000e+0 1.00000000
vn 0.20994966 0.97771220 1.1965991e-16
vn 0.20994966 0.97771220 1.1965991e-16
vn -1.5007052e-17 0.0000000e+0 1.00000000
vn -0.20994966 0.97771220 1.1965991e-16
vn -0.20994966 0.97771220 1.1965991e-16
vn -1.5007052e-17 0.0000000e+0 1.00000000
vn -0.58513283 0.81093746 1.1942103e-16
vn -0.58513283 0.81093746 1.1942103e-16
vn -1.5007052e-17 0.0000000e+0 1.00000000
vn -0.85046828 0.52602634 0.0000000e+0
vn -0.85046828 0.52602634 0.0000000e+0
vn -1.5007052e-17 0.0000000e+0 1.00000000
vn -0.98347576 0.18103984 2.3488177e-16
vn -0.98347576 0.18103984 2.3488177e-16
vn -1.5007052e-17 0.0000000e+0 1.00000000
vn -1.00000000 0.0000000e+0 4.6200106e-16
vn -6.3922856e-15 -0.99015437 0.13997972
vn -1.5007052e-17 0.0000000e+0 1.00000000
vn -6.3922856e-15 -0.99015437 0.13997972
vn 1.00000000 0.0000000e+0 0.0000000e+0
vn 0.0000000e+0 0.0000000e+0 1.00000000
vn -1.00000000 0.0000000e+0 7.0818839e-16
vn 4.5385228e-15 0.99015437 0.13997972
vn 0.0000000e+0 0.0000000e+0 1.00000000
vn -1.00000000 0.0000000e+0 7.0818839e-16
vn -2.7007407e-15 -0.99015437 0.13997972
vn 0.0000000e+0 0.0000000e+0 1.00000000
vn -2.7007407e-15 -0.99015437 0.13997972
vn 1.00000000 0.0000000e+0 0.0000000e+0
vn 0.0000000e+0 0.0000000e+0 1.00000000
vn 1.00000000 0.0000000e+0 0.0000000e+0
vn 4.5385228e-15 0.99015437 0.13997972
vn 0.0000000e+0 0.0000000e+0 1.00000000
vn -1.00000000 0.0000000e+0 0.0000000e+0
vn 8.9491998e-16 0.99015437 0.13997972
vn 0.0000000e+0 0.0000000e+0 1.00000000
vn -1.00000000 0.0000000e+0 0.0000000e+0
vn 9.4286212e-16 -0.99015437 0.13997972
vn 0.0000000e+0 0.0000000e+0 1.00000000
vn 9.4286212e-16 -0.99015437 0.13997972
vn 1.00000000 0.0000000e+0 0.0000000e+0
vn 0.0000000e+0 0.0000000e+0 1.00000000
vn 1.00000000 0.0000000e+0 0.0000000e+0
vn 8.9491998e-16 0.99015437 0.13997972
vn 0.0000000e+0 0.0000000e+0 1.00000000
vn -1.00000000 0.0000000e+0 -7.0818839e-16
vn -2.7806442e-15 0.99015437 0.13997972
vn 0.0000000e+0 0.0000000e+0 1.00000000
vn -1.00000000 0.0000000e+0 -7.0818839e-16
vn 4.5385228e-15 -0.99015437 0.13997972
vn 0.0000000e+0 0.0000000e+0 1.00000000
vn 4.5385228e-15 -0.99015437 0.13997972
vn 1.00000000 0.0000000e+0 -7.0818839e-16
vn 0.0000000e+0 0.0000000e+0 1.00000000
vn 1.00000000 0.0000000e+0 -7.0818839e-16
vn -2.7806442e-15 0.99015437 0.13997972
vn -1.2005641e-17 0.0000000e+0 1.00000000
vn -1.00000000 0.0000000e+0 4.6200106e-16
vn -6.4562084e-15 0.99015437 0.13997972
vn -1.2005641e-17 0.0000000e+0 1.00000000
vn -0.98347576 -0.18103984 2.3488177e-16
vn -0.98347576 -0.18103984 2.3488177e-16
vn -1.2005641e-17 0.0000000e+0 1.00000000
vn -0.85046828 -0.52602634 0.0000000e+0
vn -0.85046828 -0.52602634 0.0000000e+0
vn -1.2005641e-17 0.0000000e+0 1.00000000
vn -0.58513283 -0.81093746 0.0000000e+0
vn -0.58513283 -0.81093746 0.0000000e+0
vn -1.2005641e-17 0.0000000e+0 1.00000000
vn -0.20994966 -0.97771220 0.0000000e+0
vn -0.20994966 -0.97771220 0.0000000e+0
vn -1.2005641e-17 0.0000000e+0 1.00000000
vn 0.20994966 -0.97771220 0.0000000e+0
vn 0.20994966 -0.97771220 0.0000000e+0
vn -1.2005641e-17 0.0000000e+0 1.00000000
vn 0.58513283 -0.81093746 -2.3043860e-16
vn 0.58513283 -0.81093746 -2.3043860e-16
vn -1.2005641e-17 0.0000000e+0 1.00000000
vn 0.85046828 -0.52602634 -2.2988302e-16
vn 0.85046828 -0.52602634 -2.2988302e-16
vn -1.2005641e-17 0.0000000e+0 1.00000000
vn 0.98347576 -0.18103984 2.3488177e-16
vn 0.98347576 -0.18103984 2.3488177e-16
vn -1.2005641e-17 0.0000000e+0 1.00000000
vn 1.00000000 0.0000000e+0 4.6200106e-16
vn -6.4562084e-15 0.99015437 0.13997972
vn 0.78477637 0.61977903 2.9805922e-15
vn 0.78477637 0.61977903 2.9805922e-15
vn 0.51458939 0.15515596 -0.84328192
vn 0.51458939 0.15515596 -0.84328192
vn -0.27018699 -0.46462307 -0.84328192
vn -0.27018699 -0.46462307 -0.84328192
vn -0.78477637 -0.61977903 -2.5639502e-16
vn -0.78477637 -0.61977903 -2.5639502e-16
vn -0.51458939 -0.15515596 0.84328192
vn -0.51458939 -0.15515596 0.84328192
vn 0.27018699 0.46462307 0.84328192
vn 0.27018699 0.46462307 0.84328192
vn 0.78477637 0.61977903 2.9805922e-15
vn 0.78477637 0.61977903 2.9805922e-15
vn 0.51458939 0.15515596 -0.84328192
vn 0.51458939 0.15515596 -0.84328192
vn -0.27018699 -0.46462307 -0.84328192
vn -0.27018699 -0.46462307 -0.84328192
vn -0.78477637 -0.61977903 -2.5639502e-16
vn -0.78477637 -0.61977903 -2.5639502e-16
vn -0.51458939 -0.15515596 0.84328192
vn -0.51458939 -0.15515596 0.84328192
vn 0.27018699 0.46462307 0.84328192
vn 0.27018699 0.46462307 0.84328192
vn -3.4906584e-4 0.99999994 1.9229627e-16
vn -3.4906584e-4 0.99999994 1.9229627e-16
vn 0.19699444 0.50006879 -0.84328192
vn 0.19699444 0.50006879 -0.84328192
vn 0.19734350 -0.49993114 -0.84328192
vn 0.19734350 -0.49993114 -0.84328192
vn 3.4906584e-4 -0.99999994 4.4869129e-16
vn 3.4906584e-4 -0.99999994 4.4869129e-16
vn -0.19699444 -0.50006879 0.84328192
vn -0.19699444 -0.50006879 0.84328192
vn -0.19734350 0.49993114 0.84328192
vn -0.19734350 0.49993114 0.84328192
vn -3.4906584e-4 0.99999994 1.9229627e-16
vn -3.4906584e-4 0.99999994 1.9229627e-16
vn 0.19699444 0.50006879 -0.84328192
vn 0.19699444 0.50006879 -0.84328192
vn 0.19734350 -0.49993114 -0.84328192
vn 0.19734350 -0.49993114 -0.84328192
vn 3.4906584e-4 -0.99999994 4.4869129e-16
vn 3.4906584e-4 -0.99999994 4.4869129e-16
vn -0.19699444 -0.50006879 0.84328192
vn -0.19699444 -0.50006879 0.84328192
vn -0.19734350 0.49993114 0.84328192
vn -0.19734350 0.49993114 0.84328192
vn -1.00000000 8.0123445e-18 6.4098756e-17
vn -1.00000000 8.0123445e-18 6.4098756e-17
vn -0.50000000 0.19716898 0.84328192
vn -0.50000000 0.19716898 0.84328192
vn 0.50000000 0.19716898 0.84328192
vn 0.50000000 0.19716898 0.84328192
vn 1.00000000 0.0000000e+0 0.0000000e+0
vn 1.00000000 0.0000000e+0 0.0000000e+0
vn 0.50000000 -0.19716898 -0.84328192
vn 0.50000000 -0.19716898 -0.84328192
vn -0.50000000 -0.19716898 -0.84328192
vn -0.50000000 -0.19716898 -0.84328192
vn -1.00000000 8.0123445e-18 6.4098756e-17
vn -1.00000000 8.0123445e-18 6.4098756e-17
vn -0.50000000 0.19716898 0.84328192
vn -0.50000000 0.19716898 0.84328192
vn 0.50000000 0.19716898 0.84328192
vn 0.50000000 0.19716898 0.84328192
vn 1.00000000 0.0000000e+0 0.0000000e+0
vn 1.00000000 0.0000000e+0 0.0000000e+0
vn 0.50000000 -0.19716898 -0.84328192
vn 0.50000000 -0.19716898 -0.84328192
vn -0.50000000 -0.19716898 -0.84328192
vn -0.50000000 -0.19716898 -0.84328192
vn -1.00000000 -4.8074067e-17 1.6024689e-16
vn -1.00000000 -4.8074067e-17 1.6024689e-16
vn -0.50000000 0.19716898 -0.84328192
vn -0.50000000 0.19716898 -0.84328192
vn 0.50000000 0.19716898 -0.84328192
vn 0.50000000 0.19716898 -0.84328192
vn 1.00000000 4.0061723e-17 1.3460739e-15
vn 1.00000000 4.0061723e-17 1.3460739e-15
vn 0.50000000 -0.19716898 0.84328192
vn 0.50000000 -0.19716898 0.84328192
vn -0.50000000 -0.19716898 0.84328192
vn -0.50000000 -0.19716898 0.84328192
vn -1.00000000 -4.8074067e-17 1.6024689e-16
vn -1.00000000 -4.8074067e-17 1.6024689e-16
vn -0.50000000 0.19716898 -0.84328192
vn -0.50000000 0.19716898 -0.84328192
vn 0.50000000 0.19716898 -0.84328192
vn 0.50000000 0.19716898 -0.84328192
vn 1.00000000 4.0061723e-17 1.3460739e-15
vn 1.00000000 4.0061723e-17 1.3460739e-15
vn 0.50000000 -0.19716898 0.84328192
vn 0.50000000 -0.19716898 0.84328192
vn -0.50000000 -0.19716898 0.84328192
vn -0.50000000 -0.19716898 0.84328192
vn 0.78477637 0.61977903 -3.2690366e-15
vn 0.78477637 0.61977903 -3.2690366e-15
vn 0.51458939 0.15515596 0.84328192
vn 0.51458939 0.15515596 0.84328192
vn -0.27018699 -0.46462307 0.84328192
vn -0.27018699 -0.46462307 0.84328192
vn -0.78477637 -0.61977903 -7.6918507e-16
vn -0.78477637 -0.61977903 -7.6918507e-16
vn -0.51458939 -0.15515596 -0.84328192
vn -0.51458939 -0.15515596 -0.84328192
vn 0.27018699 0.46462307 -0.84328192
vn 0.27018699 0.46462307 -0.84328192
vn 0.78477637 0.61977903 -3.2690366e-15
vn 0.78477637 0.61977903 -3.2690366e-15
vn 0.51458939 0.15515596 0.84328192
vn 0.51458939 0.15515596 0.84328192
vn -0.27018699 -0.46462307 0.84328192
vn -0.27018699 -0.46462307 0.84328192
vn -0.78477637 -0.61977903 -7.6918507e-16
vn -0.78477637 -0.61977903 -7.6918507e-16
vn -0.51458939 -0.15515596 -0.84328192
vn -0.51458939 -0.15515596 -0.84328192
vn 0.27018699 0.46462307 -0.84328192
vn 0.27018699 0.46462307 -0.84328192
vn 0.80010364 -0.59986179 1.0896789e-15
vn 0.80010364 -0.59986179 1.0896789e-15
vn 0.28177768 -0.45768652 0.84328192
vn 0.28177768 -0.45768652 0.84328192
vn -0.51832596 0.14217528 0.84328192
vn -0.51832596 0.14217528 0.84328192
vn -0.80010364 0.59986179 -4.8074067e-16
vn -0.80010364 0.59986179 -4.8074067e-16
vn -0.28177768 0.45768652 -0.84328192
vn -0.28177768 0.45768652 -0.84328192
vn 0.51832596 -0.14217528 -0.84328192
vn 0.51832596 -0.14217528 -0.84328192
vn 0.80010364 -0.59986179 1.0896789e-15
vn 0.80010364 -0.59986179 1.0896789e-15
vn 0.28177768 -0.45768652 0.84328192
vn 0.28177768 -0.45768652 0.84328192
vn -0.51832596 0.14217528 0.84328192
vn -0.51832596 0.14217528 0.84328192
vn -0.80010364 0.59986179 -4.8074067e-16
vn -0.80010364 0.59986179 -4.8074067e-16
vn -0.28177768 0.45768652 -0.84328192
vn -0.28177768 0.45768652 -0.84328192
vn 0.51832596 -0.14217528 -0.84328192
vn 0.51832596 -0.14217528 -0.84328192
vn -3.4906584e-4 0.99999994 -4.8074067e-16
vn -3.4906584e-4 0.99999994 -4.8074067e-16
vn 0.19699444 0.50006879 0.84328192
vn 0.19699444 0.50006879 0.84328192
vn 0.19734350 -0.49993114 0.84328192
vn 0.19734350 -0.49993114 0.84328192
vn 3.4906584e-4 -0.99999994 9.6148134e-17
vn 3.4906584e-4 -0.99999994 9.6148134e-17
vn -0.19699444 -0.50006879 -0.84328192
vn -0.19699444 -0.50006879 -0.84328192
vn -0.19734350 0.49993114 -0.84328192
vn -0.19734350 0.49993114 -0.84328192
vn -3.4906584e-4 0.99999994 -4.8074067e-16
vn -3.4906584e-4 0.99999994 -4.8074067e-16
vn 0.19699444 0.50006879 0.84328192
vn 0.19699444 0.50006879 0.84328192
vn 0.19734350 -0.49993114 0.84328192
vn 0.19734350 -0.49993114 0.84328192
vn 3.4906584e-4 -0.99999994 9.6148134e-17
vn 3.4906584e-4 -0.99999994 9.6148134e-17
vn -0.19699444 -0.50006879 -0.84328192
vn -0.19699444 -0.50006879 -0.84328192
vn -0.19734350 0.49993114 -0.84328192
vn -0.19734350 0.49993114 -0.84328192
vn 0.80010364 -0.59986179 -6.4098756e-17
vn 0.80010364 -0.59986179 -6.4098756e-17
vn 0.28177768 -0.45768652 -0.84328192
vn 0.28177768 -0.45768652 -0.84328192
vn -0.51832596 0.14217528 -0.84328192
vn -0.51832596 0.14217528 -0.84328192
vn -0.80010364 0.59986179 -1.1217282e-15
vn -0.80010364 0.59986179 -1.1217282e-15
vn -0.28177768 0.45768652 0.84328192
vn -0.28177768 0.45768652 0.84328192
vn 0.51832596 -0.14217528 0.84328192
vn 0.51832596 -0.14217528 0.84328192
vn 0.80010364 -0.59986179 -6.4098756e-17
vn 0.80010364 -0.59986179 -6.4098756e-17
vn 0.28177768 -0.45768652 -0.84328192
vn 0.28177768 -0.45768652 -0.84328192
vn -0.51832596 0.14217528 -0.84328192
vn -0.51832596 0.14217528 -0.84328192
vn -0.80010364 0.59986179 -1.1217282e-15
vn -0.80010364 0.59986179 -1.1217282e-15
vn -0.28177768 0.45768652 0.84328192
vn -0.28177768 0.45768652 0.84328192
vn 0.51832596 -0.14217528 0.84328192
vn 0.51832596 -0.14217528 0.84328192
vn 0.0000000e+0 0.0000000e+0 -1.00000000
vn 0.0000000e+0 -1.00000000 0.0000000e+0
vn -1.00000000 0.0000000e+0 0.0000000e+0
vn 0.0000000e+0 0.0000000e+0 -1.00000000
vn -1.00000000 0.0000000e+0 0.0000000e+0
vn 0.0000000e+0 1.00000000 0.0000000e+0
vn 0.93344437 0.35872220 0.0000000e+0
vn 0.93344437 0.35872220 0.0000000e+0
vn 0.0000000e+0 0.0000000e+0 -1.00000000
vn 0.93344437 -0.35872220 0.0000000e+0
vn 0.0000000e+0 0.0000000e+0 -1.00000000
vn 0.93344437 -0.35872220 0.0000000e+0
vn 0.0000000e+0 -1.00000000 0.0000000e+0
vn 0.50922757 0.0000000e+0 0.86063191
vn -1.00000000 0.0000000e+0 0.0000000e+0
vn 0.50922757 0.0000000e+0 0.86063191
vn -1.00000000 0.0000000e+0 0.0000000e+0
vn 0.0000000e+0 1.00000000 0.0000000e+0
vn 0.93344437 0.35872220 0.0000000e+0
vn 0.93344437 0.35872220 0.0000000e+0
vn 0.93344437 -0.35872220 0.0000000e+0
vn 0.93344437 -0.35872220 0.0000000e+0
vn 0.0000000e+0 0.0000000e+0 -1.00000000
vn -0.40638994 -0.91369974 0.0000000e+0
vn 0.0000000e+0 0.0000000e+0 -1.00000000
vn -0.40638994 -0.91369974 0.0000000e+0
vn 0.0000000e+0 0.0000000e+0 -1.00000000
vn -0.40638994 0.91369974 -5.6637069e-16
vn -0.40638994 0.91369974 -5.6637069e-16
vn 0.0000000e+0 0.0000000e+0 -1.00000000
vn -0.40638994 -0.91369974 0.0000000e+0
vn 0.50922757 0.0000000e+0 0.86063191
vn -0.40638994 -0.91369974 0.0000000e+0
vn 0.50922757 0.0000000e+0 0.86063191
vn -0.40638994 0.91369974 -5.6637069e-16
vn -0.40638994 0.91369974 -5.6637069e-16
vn 0.0000000e+0 0.0000000e+0 -1.00000000
vn -0.40638994 -0.91369974 0.0000000e+0
vn 0.0000000e+0 0.0000000e+0 -1.00000000
vn -0.40638994 -0.91369974 0.0000000e+0
vn -0.40638994 0.91369974 -5.6637069e-16
vn 0.0000000e+0 0.0000000e+0 -1.00000000
vn -0.40638994 0.91369974 -5.6637069e-16
vn 0.0000000e+0 0.0000000e+0 -1.00000000
vn -0.40638994 -0.91369974 0.0000000e+0
vn -0.40638994 -0.91369974 0.0000000e+0
vn -0.40638994 0.91369974 -5.6637069e-16
vn -0.40638994 0.91369974 -5.6637069e-16
vn 0.0000000e+0 0.0000000e+0 -1.00000000
vn 0.40638994 -0.91369974 0.0000000e+0
vn 0.0000000e+0 0.0000000e+0 -1.00000000
vn 0.40638994 -0.91369974 0.0000000e+0
vn 0.40638994 0.91369974 0.0000000e+0
vn 0.0000000e+0 0.0000000e+0 -1.00000000
vn 0.40638994 0.91369974 0.0000000e+0
vn 0.0000000e+0 0.0000000e+0 -1.00000000
vn 0.40638994 -0.91369974 0.0000000e+0
vn 0.40638994 -0.91369974 0.0000000e+0
vn 0.40638994 0.91369974 0.0000000e+0
vn 0.40638994 0.91369974 0.0000000e+0
vn 0.0000000e+0 0.0000000e+0 1.00000000
vn 0.93344437 0.35872220 0.0000000e+0
vn 0.93344437 0.35872220 0.0000000e+0
vn 0.0000000e+0 0.0000000e+0 1.00000000
vn 0.93344437 -0.35872220 6.0019257e-16
vn 0.93344437 -0.35872220 6.0019257e-16
vn 0.0000000e+0 0.0000000e+0 1.00000000
vn -0.93344437 -0.35872220 6.0019257e-16
vn -0.93344437 -0.35872220 6.0019257e-16
vn 0.0000000e+0 0.0000000e+0 1.00000000
vn -0.93344437 0.35872220 0.0000000e+0
vn -0.93344437 0.35872220 0.0000000e+0
vn 0.0000000e+0 0.0000000e+0 1.00000000
vn -0.40638994 -0.91369974 6.1316245e-16
vn -0.40638994 -0.91369974 6.1316245e-16
vn 0.0000000e+0 0.0000000e+0 1.00000000
vn -0.40638994 0.91369974 0.0000000e+0
vn -0.40638994 0.91369974 0.0000000e+0
vn 0.0000000e+0 0.0000000e+0 1.00000000
vn 0.40638994 -0.91369974 6.1316245e-16
vn 0.40638994 -0.91369974 6.1316245e-16
vn 0.0000000e+0 0.0000000e+0 1.00000000
vn 0.40638994 0.91369974 0.0000000e+0
vn 0.40638994 0.91369974 0.0000000e+0
vn 0.40638994 0.91369974 0.0000000e+0
vn 0.40638994 0.91369974 0.0000000e+0
vn 0.93344437 0.35872220 0.0000000e+0
vn 0.93344437 0.35872220 0.0000000e+0
vn 0.93344437 -0.35872220 6.0019257e-16
vn 0.93344437 -0.35872220 6.0019257e-16
vn 0.40638994 -0.91369974 6.1316245e-16
vn 0.40638994 -0.91369974 6.1316245e-16
vn -0.40638994 -0.91369974 6.1316245e-16
vn -0.40638994 -0.91369974 6.1316245e-16
vn -0.93344437 -0.35872220 6.0019257e-16
vn -0.93344437 -0.35872220 6.0019257e-16
vn -0.93344437 0.35872220 0.0000000e+0
vn -0.93344437 0.35872220 0.0000000e+0
vn -0.40638994 0.91369974 0.0000000e+0
vn -0.40638994 0.91369974 0.0000000e+0
g cube45_sep3_default
usemtl default
f 1/507/417 9/506/1 16/516/8 8/517/445
f 1/480/419 26/472/453 25/458/449 2/476/423
f 2/501/422 10/500/2 9/506/1 1/507/418
f 2/476/424 25/458/450 32/453/478 3/454/428
f 3/483/426 11/482/3 10/500/2 2/501/421
f 3/454/427 32/453/477 31/446/474 4/427/432
f 4/541/430 12/540/4 11/556/3 3/557/425
f 4/427/431 31/446/473 30/430/470 5/423/436
f 5/539/434 13/538/5 12/540/4 4/541/429
f 5/423/435 30/430/469 29/445/466 6/426/440
f 6/529/438 14/528/6 13/538/5 5/539/433
f 6/426/439 29/445/465 28/450/462 7/449/444
f 7/527/442 15/526/7 14/528/6 6/529/437
f 7/449/443 28/450/461 27/457/458 8/475/448
f 8/517/446 16/516/8 15/526/7 7/527/441
f 8/475/447 27/457/457 26/472/454 1/480/420
f 9/422/1 17/428/9 24/432/16 16/425/8
f 10/424/2 18/431/10 17/428/9 9/422/1
f 11/448/3 19/447/11 18/431/10 10/424/2
f 12/478/4 20/470/12 19/447/11 11/448/3
f 13/481/5 21/474/13 20/470/12 12/478/4
f 14/479/6 22/471/14 21/474/13 13/481/5
f 15/455/7 23/456/15 22/471/14 14/479/6
f 16/425/8 24/432/16 23/456/15 15/455/7
f 18/431/10 19/447/11 20/470/12 21/474/13 22/471/14 23/456/15 24/432/16 17/428/9
f 25/305/452 33/304/483 40/307/504 32/308/480
f 26/303/455 34/302/485 33/304/482 25/305/451
f 27/260/459 35/261/488 34/302/486 26/303/456
f 28/240/463 36/239/491 35/261/489 27/260/460
f 29/213/467 37/212/494 36/239/492 28/240/464
f 30/158/471 38/157/497 37/212/495 29/213/468
f 31/156/475 39/155/500 38/157/498 30/158/472
f 32/153/479 40/154/503 39/155/501 31/156/476
f 34/473/484 35/460/487 36/452/490 37/444/493 38/429/496 39/443/499 40/451/502 33/459/481
f 41/221/505 47/218/517 52/238/527 46/243/515
f 42/206/508 48/203/520 47/218/518 41/221/506
f 43/189/510 49/188/522 48/203/519 42/206/507
f 44/286/512 50/283/524 49/296/521 43/297/509
f 45/255/514 51/252/526 50/283/523 44/286/511
f 46/243/516 52/238/528 51/252/525 45/255/513
f 53/215/529 59/225/541 64/245/551 58/233/539
f 54/199/532 60/209/544 59/225/542 53/215/530
f 55/183/534 61/193/546 60/209/543 54/199/531
f 56/278/536 62/289/548 61/301/545 55/290/533
f 57/247/538 63/257/550 62/289/547 56/278/535
f 58/233/540 64/245/552 63/257/549 57/247/537
f 65/204/553 71/203/565 76/218/575 70/221/563
f 66/189/556 72/188/568 71/203/566 65/204/554
f 67/286/558 73/283/570 72/296/567 66/297/555
f 68/255/560 74/252/572 73/283/569 67/286/557
f 69/241/562 75/238/574 74/252/571 68/255/559
f 70/221/564 76/218/576 75/238/573 69/241/561
f 77/219/578 83/220/590 84/238/592 78/237/580
f 78/237/579 84/238/591 85/254/594 79/251/582
f 79/251/581 85/254/593 86/285/596 80/284/584
f 80/284/583 86/285/595 87/298/598 81/295/586
f 81/187/585 87/190/597 88/205/600 82/204/588
f 82/204/587 88/205/599 83/220/589 77/219/577
f 89/214/601 95/225/613 100/245/623 94/232/611
f 90/199/604 96/210/616 95/225/614 89/214/602
f 91/183/606 97/193/618 96/210/615 90/199/603
f 92/278/608 98/289/620 97/301/617 91/291/605
f 93/247/610 99/257/622 98/289/619 92/278/607
f 94/232/612 100/245/624 99/257/621 93/247/609
f 101/219/626 107/220/638 108/238/640 102/241/628
f 102/241/627 108/238/639 109/254/642 103/253/630
f 103/253/629 109/254/641 110/285/644 104/284/632
f 104/284/631 110/285/643 111/296/646 105/297/634
f 105/189/633 111/188/645 112/205/648 106/204/636
f 106/204/635 112/205/647 107/220/637 101/219/625
f 113/221/650 119/218/662 120/238/664 114/241/652
f 114/241/651 120/238/663 121/252/666 115/255/654
f 115/255/653 121/252/665 122/285/668 116/286/656
f 116/286/655 122/285/667 123/296/670 117/297/658
f 117/189/657 123/188/669 124/203/672 118/206/660
f 118/206/659 124/203/671 119/218/661 113/221/649
f 125/702/17 126/683/18 222/637/114 221/651/113
f 125/722/17 148/720/40 316/773/208 293/775/185
f 126/683/18 127/689/19 223/648/115 222/637/114
f 127/689/19 128/700/20 224/656/116 223/648/115
f 128/700/20 129/696/21 225/653/117 224/656/116
f 129/696/21 130/688/22 226/644/118 225/653/117
f 130/688/22 131/684/23 227/641/119 226/644/118
f 131/684/23 132/687/24 228/645/120 227/641/119
f 132/687/24 133/697/25 229/654/121 228/645/120
f 133/697/25 134/699/26 230/655/122 229/654/121
f 134/699/26 135/690/27 231/649/123 230/655/122
f 135/690/27 136/682/28 232/638/124 231/649/123
f 136/682/28 137/701/29 233/652/125 232/638/124
f 137/710/29 138/678/30 234/634/126 233/662/125
f 138/678/30 139/680/31 235/635/127 234/634/126
f 139/680/31 140/691/32 236/650/128 235/635/127
f 140/691/32 141/707/33 237/664/129 236/650/128
f 141/707/33 142/714/34 238/667/130 237/664/129
f 142/714/34 143/715/35 239/672/131 238/667/130
f 143/715/35 144/717/36 240/673/132 239/672/131
f 144/717/36 145/719/37 241/675/133 240/673/132
f 145/719/37 146/721/38 242/679/134 241/675/133
f 146/721/38 147/725/39 243/681/135 242/679/134
f 147/725/39 148/720/40 244/676/136 243/681/135
f 149/965/41 150/987/42 246/926/138 245/912/137
f 149/1010/41 172/1021/64 244/1067/136 221/1061/113
f 150/987/42 151/993/43 247/933/139 246/926/138
f 151/993/43 152/986/44 248/929/140 247/933/139
f 152/986/44 153/974/45 249/922/141 248/929/140
f 153/974/45 154/971/46 250/919/142 249/922/141
f 154/971/46 155/967/47 251/918/143 250/919/142
f 155/967/47 156/970/48 252/920/144 251/918/143
f 156/970/48 157/975/49 253/923/145 252/920/144
f 157/975/49 158/985/50 254/930/146 253/923/145
f 158/985/50 159/994/51 255/934/147 254/930/146
f 159/994/51 160/988/52 256/927/148 255/934/147
f 160/988/52 161/964/53 257/913/149 256/927/148
f 161/978/53 162/991/54 258/928/150 257/925/149
f 162/991/54 163/976/55 259/921/151 258/928/150
f 163/976/55 164/977/56 260/924/152 259/921/151
f 164/977/56 165/992/57 261/937/153 260/924/152
f 165/992/57 166/1002/58 262/948/154 261/937/153
f 166/1002/58 167/1006/59 263/952/155 262/948/154
f 167/1006/59 168/1009/60 264/959/156 263/952/155
f 168/1009/60 169/1011/61 265/962/157 264/959/156
f 169/1011/61 170/1020/62 266/966/158 265/962/157
f 170/1020/62 171/1033/63 267/973/159 266/966/158
f 171/1033/63 172/1021/64 268/968/160 267/973/159
f 173/870/65 174/878/66 270/830/162 269/827/161
f 173/909/65 196/916/88 268/968/160 245/960/137
f 174/878/66 175/883/67 271/837/163 270/830/162
f 175/883/67 176/882/68 272/836/164 271/837/163
f 176/882/68 177/875/69 273/832/165 272/836/164
f 177/875/69 178/873/70 274/824/166 273/832/165
f 178/873/70 179/871/71 275/822/167 274/824/166
f 179/871/71 180/872/72 276/825/168 275/822/167
f 180/872/72 181/876/73 277/833/169 276/825/168
f 181/876/73 182/881/74 278/835/170 277/833/169
f 182/881/74 183/884/75 279/838/171 278/835/170
f 183/884/75 184/879/76 280/831/172 279/838/171
f 184/879/76 185/869/77 281/828/173 280/831/172
f 185/885/77 186/880/78 282/829/174 281/848/173
f 186/880/78 187/874/79 283/823/175 282/829/174
f 187/874/79 188/877/80 284/834/176 283/823/175
f 188/877/80 189/886/81 285/839/177 284/834/176
f 189/886/81 190/901/82 286/855/178 285/839/177
f 190/901/82 191/904/83 287/858/179 286/855/178
f 191/904/83 192/906/84 288/859/180 287/858/179
f 192/906/84 193/910/85 289/862/181 288/859/180
f 193/910/85 194/915/86 290/865/182 289/862/181
f 194/915/86 195/917/87 291/868/183 290/865/182
f 195/917/87 196/916/88 292/866/184 291/868/183
f 197/792/89 198/782/90 294/727/186 293/740/185
f 197/818/89 220/820/112 292/866/184 269/863/161
f 198/782/90 199/787/91 295/734/187 294/727/186
f 199/787/91 200/790/92 296/736/188 295/734/187
f 200/790/92 201/784/93 297/732/189 296/736/188
f 201/784/93 202/781/94 298/729/190 297/732/189
f 202/781/94 203/778/95 299/726/191 298/729/190
f 203/778/95 204/780/96 300/730/192 299/726/191
f 204/780/96 205/785/97 301/733/193 300/730/192
f 205/785/97 206/789/98 302/737/194 301/733/193
f 206/789/98 207/788/99 303/735/195 302/737/194
f 207/788/99 208/783/100 304/728/196 303/735/195
f 208/783/100 209/791/101 305/741/197 304/728/196
f 209/806/101 210/779/102 306/724/198 305/754/197
f 210/779/102 211/777/103 307/723/199 306/724/198
f 211/777/103 212/786/104 308/731/200 307/723/199
f 212/786/104 213/797/105 309/748/201 308/731/200
f 213/797/105 214/810/106 310/757/202 309/748/201
f 214/810/106 215/812/107 311/759/203 310/757/202
f 215/812/107 216/814/108 312/769/204 311/759/203
f 216/814/108 217/817/109 313/772/205 312/769/204
f 217/817/109 218/819/110 314/774/206 313/772/205
f 218/819/110 219/821/111 315/776/207 314/774/206
f 219/821/111 220/820/112 316/773/208 315/776/207
f 221/1012/113 222/1043/114 150/987/42 149/965/41
f 221/677/113 244/676/136 148/720/40 125/722/17
f 222/1043/114 223/1047/115 151/993/43 150/987/42
f 223/1047/115 224/1039/116 152/986/44 151/993/43
f 224/1039/116 225/1024/117 153/974/45 152/986/44
f 225/1024/117 226/1017/118 154/971/46 153/974/45
f 226/1017/118 227/1016/119 155/967/47 154/971/46
f 227/1016/119 228/1018/120 156/970/48 155/967/47
f 228/1018/120 229/1023/121 157/975/49 156/970/48
f 229/1023/121 230/1040/122 158/985/50 157/975/49
f 230/1040/122 231/1048/123 159/994/51 158/985/50
f 231/1048/123 232/1044/124 160/988/52 159/994/51
f 232/1044/124 233/1013/125 161/964/53 160/988/52
f 233/1026/125 234/1046/126 162/991/54 161/978/53
f 234/1046/126 235/1025/127 163/976/55 162/991/54
f 235/1025/127 236/1022/128 164/977/56 163/976/55
f 236/1022/128 237/1035/129 165/992/57 164/977/56
f 237/1035/129 238/1052/130 166/1002/58 165/992/57
f 238/1052/130 239/1057/131 167/1006/59 166/1002/58
f 239/1057/131 240/1060/132 168/1009/60 167/1006/59
f 240/1060/132 241/1062/133 169/1011/61 168/1009/60
f 241/1062/133 242/1065/134 170/1020/62 169/1011/61
f 242/1065/134 243/1070/135 171/1033/63 170/1020/62
f 243/1070/135 244/1067/136 172/1021/64 171/1033/63
f 245/912/137 246/926/138 174/878/66 173/870/65
f 245/960/137 268/968/160 172/1021/64 149/1010/41
f 246/926/138 247/933/139 175/883/67 174/878/66
f 247/933/139 248/929/140 176/882/68 175/883/67
f 248/929/140 249/922/141 177/875/69 176/882/68
f 249/922/141 250/919/142 178/873/70 177/875/69
f 250/919/142 251/918/143 179/871/71 178/873/70
f 251/918/143 252/920/144 180/872/72 179/871/71
f 252/920/144 253/923/145 181/876/73 180/872/72
f 253/923/145 254/930/146 182/881/74 181/876/73
f 254/930/146 255/934/147 183/884/75 182/881/74
f 255/934/147 256/927/148 184/879/76 183/884/75
f 256/927/148 257/913/149 185/869/77 184/879/76
f 257/925/149 258/928/150 186/880/78 185/885/77
f 258/928/150 259/921/151 187/874/79 186/880/78
f 259/921/151 260/924/152 188/877/80 187/874/79
f 260/924/152 261/937/153 189/886/81 188/877/80
f 261/937/153 262/948/154 190/901/82 189/886/81
f 262/948/154 263/952/155 191/904/83 190/901/82
f 263/952/155 264/959/156 192/906/84 191/904/83
f 264/959/156 265/962/157 193/910/85 192/906/84
f 265/962/157 266/966/158 194/915/86 193/910/85
f 266/966/158 267/973/159 195/917/87 194/915/86
f 267/973/159 268/968/160 196/916/88 195/917/87
f 269/827/161 270/830/162 198/782/90 197/792/89
f 269/863/161 292/866/184 196/916/88 173/909/65
f 270/830/162 271/837/163 199/787/91 198/782/90
f 271/837/163 272/836/164 200/790/92 199/787/91
f 272/836/164 273/832/165 201/784/93 200/790/92
f 273/832/165 274/824/166 202/781/94 201/784/93
f 274/824/166 275/822/167 203/778/95 202/781/94
f 275/822/167 276/825/168 204/780/96 203/778/95
f 276/825/168 277/833/169 205/785/97 204/780/96
f 277/833/169 278/835/170 206/789/98 205/785/97
f 278/835/170 279/838/171 207/788/99 206/789/98
f 279/838/171 280/831/172 208/783/100 207/788/99
f 280/831/172 281/828/173 209/791/101 208/783/100
f 281/848/173 282/829/174 210/779/102 209/806/101
f 282/829/174 283/823/175 211/777/103 210/779/102
f 283/823/175 284/834/176 212/786/104 211/777/103
f 284/834/176 285/839/177 213/797/105 212/786/104
f 285/839/177 286/855/178 214/810/106 213/797/105
f 286/855/178 287/858/179 215/812/107 214/810/106
f 287/858/179 288/859/180 216/814/108 215/812/107
f 288/859/180 289/862/181 217/817/109 216/814/108
f 289/862/181 290/865/182 218/819/110 217/817/109
f 290/865/182 291/868/183 219/821/111 218/819/110
f 291/868/183 292/866/184 220/820/112 219/821/111
f 293/740/185 294/727/186 126/683/18 125/702/17
f 293/775/185 316/773/208 220/820/112 197/818/89
f 294/727/186 295/734/187 127/689/19 126/683/18
f 295/734/187 296/736/188 128/700/20 127/689/19
f 296/736/188 297/732/189 129/696/21 128/700/20
f 297/732/189 298/729/190 130/688/22 129/696/21
f 298/729/190 299/726/191 131/684/23 130/688/22
f 299/726/191 300/730/192 132/687/24 131/684/23
f 300/730/192 301/733/193 133/697/25 132/687/24
f 301/733/193 302/737/194 134/699/26 133/697/25
f 302/737/194 303/735/195 135/690/27 134/699/26
f 303/735/195 304/728/196 136/682/28 135/690/27
f 304/728/196 305/741/197 137/701/29 136/682/28
f 305/754/197 306/724/198 138/678/30 137/710/29
f 306/724/198 307/723/199 139/680/31 138/678/30
f 307/723/199 308/731/200 140/691/32 139/680/31
f 308/731/200 309/748/201 141/707/33 140/691/32
f 309/748/201 310/757/202 142/714/34 141/707/33
f 310/757/202 311/759/203 143/715/35 142/714/34
f 311/759/203 312/769/204 144/717/36 143/715/35
f 312/769/204 313/772/205 145/719/37 144/717/36
f 313/772/205 314/774/206 146/721/38 145/719/37
f 314/774/206 315/776/207 147/725/39 146/721/38
f 315/776/207 316/773/208 148/720/40 147/725/39
f 317/221/674 323/218/686 324/238/688 318/241/676
f 318/241/675 324/238/687 325/252/690 319/253/678
f 319/253/677 325/252/689 326/285/692 320/286/680
f 320/286/679 326/285/691 327/296/694 321/297/682
f 321/189/681 327/188/693 328/203/696 322/204/684
f 322/204/683 328/203/695 323/218/685 317/221/673
f 329/507/697 337/506/209 344/516/216 336/517/725
f 329/480/699 354/472/733 353/458/729 330/476/703
f 330/501/702 338/500/210 337/506/209 329/507/698
f 330/476/704 353/458/730 360/453/758 331/454/708
f 331/483/706 339/482/211 338/500/210 330/501/701
f 331/454/707 360/453/757 359/446/754 332/427/712
f 332/541/710 340/540/212 339/556/211 331/557/705
f 332/427/711 359/446/753 358/430/750 333/423/716
f 333/539/714 341/538/213 340/540/212 332/541/709
f 333/423/715 358/430/749 357/445/746 334/426/720
f 334/529/718 342/528/214 341/538/213 333/539/713
f 334/426/719 357/445/745 356/450/742 335/449/724
f 335/527/722 343/526/215 342/528/214 334/529/717
f 335/449/723 356/450/741 355/457/738 336/475/728
f 336/517/726 344/516/216 343/526/215 335/527/721
f 336/475/727 355/457/737 354/472/734 329/480/700
f 337/422/209 345/428/217 352/432/224 344/425/216
f 338/424/210 346/431/218 345/428/217 337/422/209
f 339/448/211 347/447/219 346/431/218 338/424/210
f 340/477/212 348/470/220 347/447/219 339/448/211
f 341/481/213 349/474/221 348/470/220 340/477/212
f 342/479/214 350/471/222 349/474/221 341/481/213
f 343/455/215 351/456/223 350/471/222 342/479/214
f 344/425/216 352/432/224 351/456/223 343/455/215
f 346/431/218 347/447/219 348/470/220 349/474/221 350/471/222 351/456/223 352/432/224 345/428/217
f 353/303/732 361/302/763 368/304/784 360/305/760
f 354/262/735 362/259/765 361/302/762 353/303/731
f 355/240/739 363/239/768 362/259/766 354/262/736
f 356/213/743 364/211/771 363/239/769 355/240/740
f 357/159/747 365/157/774 364/211/772 356/213/744
f 358/156/751 366/155/777 365/157/775 357/159/748
f 359/153/755 367/152/780 366/155/778 358/156/752
f 360/305/759 368/304/783 367/306/781 359/308/756
f 362/473/764 363/460/767 364/452/770 365/444/773 366/429/776 367/443/779 368/451/782 361/459/761
f 369/1213/786 373/1206/797 379/1167/815 377/1165/808
f 369/547/785 377/520/807 378/522/811 370/549/788
f 370/405/789 374/391/801 373/390/799 369/404/787
f 371/488/793 386/497/840 385/496/835 372/486/795
f 372/1137/794 376/1135/805 375/1124/803 371/1126/791
f 372/1137/796 385/1141/836 387/1144/842 376/1135/806
f 374/403/800 380/381/818 379/378/816 373/400/798
f 375/1199/804 388/1181/844 386/1179/839 371/1198/792
f 377/1165/810 379/1167/817 383/1153/830 381/1154/824
f 378/1152/812 380/1149/819 374/1134/802 370/1132/790
f 381/512/823 382/513/828 378/522/814 377/520/809
f 381/1154/822 383/1153/829 387/1144/841 385/1141/834
f 382/1160/827 384/1163/832 380/1149/820 378/1152/813
f 385/496/833 386/497/838 382/513/826 381/512/821
f 386/1179/837 388/1181/843 384/1163/831 382/1160/825
f 389/1213/846 393/1207/857 399/1167/875 397/1165/868
f 389/548/845 397/520/867 398/522/871 390/549/848
f 390/399/849 394/383/861 393/382/859 389/398/847
f 391/488/853 406/498/900 405/494/895 392/486/855
f 392/1137/854 396/1135/865 395/1124/863 391/1126/851
f 392/1137/856 405/1141/896 407/1144/902 396/1135/866
f 394/403/860 400/381/878 399/378/876 393/400/858
f 395/1199/864 408/1181/904 406/1179/899 391/1198/852
f 397/1165/870 399/1167/877 403/1153/890 401/1154/884
f 398/1152/872 400/1149/879 394/1134/862 390/1132/850
f 401/512/883 402/514/888 398/522/874 397/520/869
f 401/1154/882 403/1153/889 407/1144/901 405/1141/894
f 402/1160/887 404/1163/892 400/1149/880 398/1152/873
f 405/494/893 406/498/898 402/514/886 401/512/881
f 406/1179/897 408/1181/903 404/1163/891 402/1160/885
f 409/1208/906 413/1214/917 419/1168/935 417/1166/928
f 409/547/905 417/520/927 418/522/931 410/549/908
f 410/399/909 414/383/921 413/382/919 409/398/907
f 411/488/913 426/497/960 425/496/955 412/486/915
f 412/1138/914 416/1140/925 415/1129/923 411/1123/911
f 412/1138/916 425/1142/956 427/1143/962 416/1140/926
f 414/403/920 420/381/938 419/378/936 413/400/918
f 415/1199/924 428/1181/964 426/1179/959 411/1198/912
f 417/1166/930 419/1168/937 423/1156/950 421/1155/944
f 418/1152/932 420/1149/939 414/1134/922 410/1132/910
f 421/512/943 422/513/948 418/522/934 417/520/929
f 421/1155/942 423/1156/949 427/1143/961 425/1142/954
f 422/1160/947 424/1163/952 420/1149/940 418/1152/933
f 425/496/953 426/497/958 422/513/946 421/512/941
f 426/1179/957 428/1181/963 424/1163/951 422/1160/945
f 429/1208/966 433/1214/977 439/1168/995 437/1166/988
f 429/548/965 437/521/987 438/523/991 430/550/968
f 430/389/969 434/334/981 433/333/979 429/388/967
f 431/485/973 446/499/1020 445/495/1015 432/487/975
f 432/1138/974 436/1140/985 435/1129/983 431/1123/971
f 432/1138/976 445/1142/1016 447/1143/1022 436/1140/986
f 434/403/980 440/381/998 439/378/996 433/400/978
f 435/1199/984 448/1181/1024 446/1179/1019 431/1198/972
f 437/1166/990 439/1168/997 443/1156/1010 441/1155/1004
f 438/1152/992 440/1149/999 434/1134/982 430/1132/970
f 441/511/1003 442/513/1008 438/523/994 437/521/989
f 441/1155/1002 443/1156/1009 447/1143/1021 445/1142/1014
f 442/1160/1007 444/1163/1012 440/1149/1000 438/1152/993
f 445/495/1013 446/499/1018 442/513/1006 441/511/1001
f 446/1179/1017 448/1181/1023 444/1163/1011 442/1160/1005
f 449/382/1027 453/398/1039 454/399/1041 450/383/1029
f 450/1133/1030 454/1130/1042 460/1150/1059 458/1151/1052
f 450/549/1028 458/522/1051 457/520/1047 449/547/1025
f 451/1127/1031 455/1125/1043 456/1136/1045 452/1139/1034
f 451/1201/1032 466/1182/1079 468/1180/1084 455/1197/1044
f 452/486/1035 465/494/1075 466/498/1080 451/488/1033
f 453/378/1038 459/400/1056 460/403/1058 454/381/1040
f 456/1136/1046 467/1145/1082 465/1146/1076 452/1139/1036
f 457/520/1049 458/522/1054 462/514/1068 461/510/1063
f 457/1170/1048 459/1169/1055 453/1211/1037 449/1209/1026
f 458/1151/1053 460/1150/1060 464/1161/1072 462/1164/1067
f 461/510/1061 462/514/1066 466/498/1078 465/494/1073
f 461/1158/1064 463/1157/1070 459/1169/1057 457/1170/1050
f 462/1164/1065 464/1161/1071 468/1180/1083 466/1182/1077
f 465/1146/1074 467/1145/1081 463/1157/1069 461/1158/1062
f 469/382/1087 473/398/1099 474/399/1101 470/383/1089
f 470/1131/1090 474/1130/1102 480/1147/1119 478/1148/1112
f 470/549/1088 478/522/1111 477/521/1107 469/548/1085
f 471/1128/1091 475/1125/1103 476/1136/1105 472/1139/1094
f 471/1200/1092 486/1184/1139 488/1183/1144 475/1197/1104
f 472/486/1095 485/494/1135 486/498/1140 471/488/1093
f 473/379/1098 479/401/1116 480/402/1118 474/380/1100
f 476/1136/1106 487/1145/1142 485/1146/1136 472/1139/1096
f 477/521/1109 478/522/1114 482/514/1128 481/510/1123
f 477/1170/1108 479/1169/1115 473/1211/1097 469/1210/1086
f 478/1148/1113 480/1147/1120 484/1159/1132 482/1162/1127
f 481/510/1121 482/514/1126 486/498/1138 485/494/1133
f 481/1158/1124 483/1157/1130 479/1169/1117 477/1170/1110
f 482/1162/1125 484/1159/1131 488/1183/1143 486/1184/1137
f 485/1146/1134 487/1145/1141 483/1157/1129 481/1158/1122
f 489/489/1147 498/491/1172 499/503/1173 490/502/1149
f 490/406/1148 495/409/1163 493/414/1157 491/419/1151 492/420/1154 494/415/1160 496/410/1166 489/407/1145
f 490/502/1150 499/503/1174 500/508/1175 495/505/1164
f 491/525/1153 502/524/1180 503/531/1181 492/533/1155
f 492/533/1156 503/531/1182 504/535/1183 494/537/1161
f 493/518/1159 501/519/1178 502/524/1179 491/525/1152
f 494/537/1162 504/535/1184 497/543/1170 496/546/1168
f 495/505/1165 500/508/1176 501/519/1177 493/518/1158
f 496/546/1167 497/543/1169 498/553/1171 489/555/1146
f 505/490/1187 514/492/1212 515/504/1213 506/502/1189
f 506/406/1188 511/409/1203 509/414/1197 507/419/1191 508/421/1194 510/415/1200 512/411/1206 505/408/1185
f 506/502/1190 515/504/1214 516/508/1215 511/505/1204
f 507/525/1193 518/524/1220 519/531/1221 508/533/1195
f 508/533/1196 519/531/1222 520/534/1223 510/537/1201
f 509/518/1199 517/519/1218 518/524/1219 507/525/1192
f 510/537/1202 520/534/1224 513/542/1210 512/545/1208
f 511/505/1205 516/508/1216 517/519/1217 509/518/1198
f 512/545/1207 513/542/1209 514/551/1211 505/554/1186
f 521/490/1227 530/492/1252 531/504/1253 522/502/1229
f 522/406/1228 527/409/1243 525/414/1237 523/419/1231 524/420/1234 526/415/1240 528/410/1246 521/408/1225
f 522/502/1230 531/504/1254 532/508/1255 527/505/1244
f 523/525/1233 534/524/1260 535/530/1261 524/533/1235
f 524/533/1236 535/530/1262 536/534/1263 526/536/1241
f 525/518/1239 533/519/1258 534/524/1259 523/525/1232
f 526/536/1242 536/534/1264 529/542/1250 528/545/1248
f 527/505/1245 532/508/1256 533/519/1257 525/518/1238
f 528/545/1247 529/542/1249 530/551/1251 521/554/1226
f 537/489/1267 546/492/1292 547/504/1293 538/502/1269
f 538/406/1268 543/409/1283 541/414/1277 539/419/1271 540/420/1274 542/415/1280 544/410/1286 537/407/1265
f 538/502/1270 547/504/1294 548/508/1295 543/505/1284
f 539/525/1273 550/524/1300 551/531/1301 540/532/1275
f 540/532/1276 551/531/1302 552/534/1303 542/536/1281
f 541/518/1279 549/519/1298 550/524/1299 539/525/1272
f 542/536/1282 552/534/1304 545/542/1290 544/544/1288
f 543/505/1285 548/508/1296 549/519/1297 541/518/1278
f 544/544/1287 545/542/1289 546/552/1291 537/555/1266
f 553/382/1307 557/398/1319 558/399/1321 554/383/1309
f 554/1133/1310 558/1130/1322 564/1150/1339 562/1151/1332
f 554/549/1308 562/522/1331 561/520/1327 553/547/1305
f 555/1127/1311 559/1122/1323 560/1136/1325 556/1139/1314
f 555/1201/1312 570/1182/1359 572/1180/1364 559/1197/1324
f 556/486/1315 569/496/1355 570/497/1360 555/488/1313
f 557/378/1318 563/400/1336 564/403/1338 558/377/1320
f 560/1136/1326 571/1145/1362 569/1146/1356 556/1139/1316
f 561/520/1329 562/522/1334 566/513/1348 565/512/1343
f 561/1170/1328 563/1169/1335 557/1212/1317 553/1209/1306
f 562/1151/1333 564/1150/1340 568/1161/1352 566/1164/1347
f 565/512/1341 566/513/1346 570/497/1358 569/496/1353
f 565/1158/1344 567/1157/1350 563/1169/1337 561/1170/1330
f 566/1164/1345 568/1161/1351 572/1180/1363 570/1182/1357
f 569/1146/1354 571/1145/1361 567/1157/1349 565/1158/1342
f 573/420/1365 580/417/1386 578/413/1380 576/407/1374 575/406/1371 577/412/1377 579/416/1383 574/419/1368
f 573/467/1366 582/440/1391 581/437/1389 580/465/1387
f 574/468/1369 583/441/1393 582/442/1392 573/469/1367
f 575/462/1372 586/434/1399 585/436/1398 577/464/1379
f 576/461/1375 587/433/1401 586/434/1400 575/462/1373
f 577/464/1378 585/436/1397 584/439/1396 579/466/1385
f 578/463/1381 588/435/1403 587/433/1402 576/461/1376
f 579/466/1384 584/439/1395 583/441/1394 574/468/1370
f 580/465/1388 581/437/1390 588/435/1404 578/463/1382
f 589/420/1405 596/417/1426 594/413/1420 592/407/1414 591/406/1411 593/412/1417 595/416/1423 590/419/1408
f 589/467/1406 598/440/1431 597/438/1429 596/465/1427
f 590/468/1409 599/441/1433 598/442/1432 589/469/1407
f 591/462/1412 602/434/1439 601/436/1438 593/464/1419
f 592/461/1415 603/433/1441 602/434/1440 591/462/1413
f 593/464/1418 601/436/1437 600/439/1436 595/466/1425
f 594/463/1421 604/435/1443 603/433/1442 592/461/1416
f 595/466/1424 600/439/1435 599/441/1434 590/468/1410
f 596/465/1428 597/438/1430 604/435/1444 594/463/1422
f 605/421/1445 612/418/1466 610/413/1460 608/408/1454 607/406/1451 609/412/1457 611/416/1463 606/419/1448
f 605/467/1446 614/440/1471 613/438/1469 612/465/1467
f 606/468/1449 615/441/1473 614/442/1472 605/469/1447
f 607/462/1452 618/434/1479 617/436/1478 609/464/1459
f 608/461/1455 619/433/1481 618/434/1480 607/462/1453
f 609/464/1458 617/436/1477 616/439/1476 611/466/1465
f 610/463/1461 620/435/1483 619/433/1482 608/461/1456
f 611/466/1464 616/439/1475 615/441/1474 606/468/1450
f 612/465/1468 613/438/1470 620/435/1484 610/463/1462
f 621/101/1487 669/89/1678 684/85/1738 636/100/1546
f 621/327/1485 724/315/1865 723/312/1861 622/321/1489
f 622/93/1490 670/74/1681 669/89/1677 621/101/1486
f 622/321/1492 723/312/1864 722/314/1860 623/322/1496
f 623/73/1493 671/22/1685 670/74/1682 622/93/1491
f 623/957/1495 722/955/1857 721/1099/1853 624/1101/1499
f 624/579/1497 672/631/1689 671/569/1686 623/561/1494
f 624/1101/1500 721/1099/1856 720/1171/1852 625/1173/1504
f 625/1202/1502 673/1193/1693 672/631/1690 624/579/1498
f 625/1173/1501 720/1171/1849 719/1215/1845 626/1217/1505
f 626/1237/1506 674/1231/1697 673/1193/1694 625/1202/1503
f 626/319/1508 719/325/1848 718/323/1844 627/317/1512
f 627/95/1509 675/78/1701 674/24/1698 626/76/1507
f 627/317/1511 718/323/1841 717/332/1837 628/320/1515
f 628/103/1513 676/91/1705 675/78/1702 627/95/1510
f 628/320/1516 717/332/1840 732/330/1900 629/316/1520
f 629/98/1518 677/82/1709 676/91/1706 628/103/1514
f 629/316/1517 732/330/1897 731/324/1893 630/309/1521
f 630/86/1522 678/67/1713 677/82/1710 629/98/1519
f 630/309/1524 731/324/1896 730/326/1892 631/310/1528
f 631/69/1525 679/17/1717 678/67/1714 630/86/1523
f 631/954/1527 730/956/1889 729/1100/1885 632/1098/1531
f 632/580/1529 680/632/1721 679/567/1718 631/558/1526
f 632/1098/1532 729/1100/1888 728/1174/1884 633/1172/1536
f 633/1205/1534 681/1195/1725 680/632/1722 632/580/1530
f 633/1172/1533 728/1174/1881 727/1218/1877 634/1216/1537
f 634/1236/1538 682/1234/1729 681/1195/1726 633/1205/1535
f 634/329/1540 727/313/1880 726/311/1876 635/328/1544
f 635/88/1541 683/71/1733 682/20/1730 634/72/1539
f 635/328/1543 726/311/1873 725/318/1869 636/331/1547
f 636/100/1545 684/85/1737 683/71/1734 635/88/1542
f 636/331/1548 725/318/1872 724/315/1868 621/327/1488
f 637/59/1549 669/89/1679 670/74/1683 638/13/1553
f 637/136/1552 685/229/1743 694/230/1770 661/138/1648
f 638/13/1554 670/74/1684 671/22/1687 639/5/1557
f 638/134/1555 686/227/1745 685/229/1742 637/136/1551
f 639/575/1558 671/569/1688 672/631/1691 640/669/1561
f 639/129/1559 687/195/1748 686/198/1746 638/132/1556
f 640/669/1562 672/631/1692 673/1193/1695 641/1175/1565
f 640/1185/1563 688/1186/1751 687/1226/1749 639/1224/1560
f 641/1175/1566 673/1193/1696 674/1231/1699 642/1219/1569
f 641/763/1567 689/762/1754 688/1186/1752 640/1185/1564
f 642/7/1570 674/24/1700 675/78/1703 643/16/1573
f 642/593/1571 690/591/1757 689/762/1755 641/763/1568
f 643/16/1574 675/78/1704 676/91/1707 644/61/1577
f 643/169/1575 691/115/1760 690/114/1758 642/168/1572
f 644/171/1579 692/117/1763 691/115/1761 643/169/1576
f 645/27/1582 677/82/1712 678/67/1715 646/10/1585
f 645/175/1583 708/121/1811 707/112/1808 653/165/1615
f 646/10/1586 678/67/1716 679/17/1719 647/2/1589
f 646/178/1587 709/124/1814 708/121/1812 645/175/1584
f 647/576/1590 679/567/1720 680/632/1723 648/670/1593
f 647/179/1591 710/125/1817 709/124/1815 646/178/1588
f 648/670/1594 680/632/1724 681/1195/1727 649/1178/1597
f 648/1191/1595 711/1192/1820 710/1229/1818 647/1227/1592
f 649/1178/1598 681/1195/1728 682/1234/1731 650/1222/1601
f 649/765/1599 712/764/1823 711/1192/1821 648/1191/1596
f 650/4/1602 682/20/1732 683/71/1735 651/12/1605
f 650/588/1603 713/586/1826 712/764/1824 649/765/1600
f 651/12/1606 683/71/1736 684/85/1739 652/33/1609
f 651/122/1607 714/176/1829 713/180/1827 650/126/1604
f 652/119/1611 715/173/1832 714/176/1830 651/122/1608
f 653/29/1614 654/31/1618 655/34/1622 656/36/1626 657/45/1630 658/47/1634 659/52/1638 660/54/1642 644/61/1578 676/91/1708 677/82/1711 645/27/1581
f 653/625/1613 668/368/1673 667/370/1669 654/623/1617
f 653/625/1616 707/627/1809 716/364/1836 668/368/1676
f 654/163/1619 704/109/1799 703/105/1796 655/160/1623
f 655/617/1621 666/360/1665 665/358/1661 656/615/1625
f 655/617/1624 703/619/1797 706/362/1806 666/360/1668
f 656/164/1627 700/108/1787 699/106/1784 657/162/1631
f 657/609/1629 664/352/1657 663/350/1653 658/607/1633
f 657/609/1632 699/611/1785 702/354/1794 664/352/1660
f 658/263/1635 696/139/1775 695/147/1772 659/277/1639
f 659/600/1637 662/343/1649 661/341/1645 660/599/1641
f 659/600/1640 695/603/1773 698/345/1782 662/343/1652
f 660/182/1643 693/127/1766 692/117/1764 644/171/1580
f 661/58/1646 662/57/1650 663/50/1654 664/49/1658 665/43/1662 666/42/1666 667/39/1670 668/38/1674 652/33/1610 684/85/1740 669/89/1680 637/59/1550
f 661/341/1647 694/339/1769 693/597/1767 660/599/1644
f 662/148/1651 698/273/1781 697/276/1779 663/144/1656
f 663/350/1655 697/348/1778 696/605/1776 658/607/1636
f 664/140/1659 702/272/1793 701/275/1791 665/145/1664
f 665/358/1663 701/356/1790 700/613/1788 656/615/1628
f 666/141/1667 706/270/1805 705/274/1803 667/146/1672
f 667/370/1671 705/366/1802 704/621/1800 654/623/1620
f 668/110/1675 716/166/1835 715/173/1833 652/119/1612
f 686/376/1744 687/384/1747 688/395/1750 689/562/1753 690/570/1756 691/583/1759 692/594/1762 693/597/1765 694/339/1768 685/335/1741
f 696/605/1774 697/348/1777 698/345/1780 695/603/1771
f 700/613/1786 701/356/1789 702/354/1792 699/611/1783
f 704/621/1798 705/366/1801 706/362/1804 703/619/1795
f 708/629/1810 709/585/1813 710/573/1816 711/565/1819 712/397/1822 713/386/1825 714/373/1828 715/336/1831 716/364/1834 707/627/1807
f 717/104/1839 765/92/2030 780/81/2090 732/97/1899
f 718/96/1842 766/79/2033 765/92/2029 717/104/1838
f 719/80/1846 767/48/2037 766/79/2034 718/96/1843
f 720/578/1850 768/630/2041 767/568/2038 719/560/1847
f 721/1203/1854 769/1194/2045 768/630/2042 720/578/1851
f 722/1238/1858 770/1232/2049 769/1194/2046 721/1203/1855
f 723/94/1862 771/77/2053 770/23/2050 722/75/1859
f 724/102/1866 772/90/2057 771/77/2054 723/94/1863
f 725/99/1870 773/83/2061 772/90/2058 724/102/1867
f 726/87/1874 774/68/2065 773/83/2062 725/99/1871
f 727/70/1878 775/18/2069 774/68/2066 726/87/1875
f 728/581/1882 776/633/2073 775/566/2070 727/559/1879
f 729/1204/1886 777/1196/2077 776/633/2074 728/581/1883
f 730/1235/1890 778/1233/2081 777/1196/2078 729/1204/1887
f 731/84/1894 779/62/2085 778/14/2082 730/65/1891
f 732/97/1898 780/81/2089 779/62/2086 731/84/1895
f 733/66/1901 765/92/2031 766/79/2035 734/19/1905
f 733/118/1904 781/172/2095 790/181/2122 757/128/2000
f 734/19/1906 766/79/2036 767/48/2039 735/8/1909
f 734/116/1907 782/170/2097 781/172/2094 733/118/1903
f 735/574/1910 767/568/2040 768/630/2043 736/668/1913
f 735/113/1911 783/167/2100 782/170/2098 734/116/1908
f 736/668/1914 768/630/2044 769/1194/2047 737/1176/1917
f 736/767/1915 784/766/2103 783/590/2101 735/592/1912
f 737/1176/1918 769/1194/2048 770/1232/2051 738/1220/1921
f 737/1189/1919 785/1190/2106 784/766/2104 736/767/1916
f 738/6/1922 770/23/2052 771/77/2055 739/15/1925
f 738/1223/1923 786/1225/2109 785/1190/2107 737/1189/1920
f 739/15/1926 771/77/2056 772/90/2059 740/60/1929
f 739/197/1927 787/131/2112 786/130/2110 738/196/1924
f 740/228/1931 788/135/2115 787/133/2113 739/226/1928
f 741/28/1934 773/83/2064 774/68/2067 742/11/1937
f 741/161/1935 804/121/2163 803/111/2160 749/165/1967
f 742/11/1938 774/68/2068 775/18/2071 743/3/1941
f 742/177/1939 805/123/2166 804/121/2164 741/161/1936
f 743/577/1942 775/566/2072 776/633/2075 744/671/1945
f 743/179/1943 806/125/2169 805/123/2167 742/177/1940
f 744/671/1946 776/633/2076 777/1196/2079 745/1177/1949
f 744/761/1947 807/760/2172 806/587/2170 743/589/1944
f 745/1177/1950 777/1196/2080 778/1233/2083 746/1221/1953
f 745/1187/1951 808/1188/2175 807/760/2173 744/761/1948
f 746/1/1954 778/14/2084 779/62/2087 747/9/1957
f 746/1228/1955 809/1230/2178 808/1188/2176 745/1187/1952
f 747/9/1958 779/62/2088 780/81/2091 748/21/1961
f 747/122/1959 810/176/2181 809/180/2179 746/126/1956
f 748/120/1963 811/174/2184 810/176/2182 747/122/1960
f 749/30/1966 750/32/1970 751/35/1974 752/37/1978 753/44/1982 754/46/1986 755/51/1990 756/53/1994 740/60/1930 772/90/2060 773/83/2063 741/28/1933
f 749/624/1965 764/367/2025 763/369/2021 750/622/1969
f 749/624/1968 803/626/2161 812/363/2188 764/367/2028
f 750/163/1971 800/109/2151 799/107/2148 751/160/1975
f 751/616/1973 762/359/2017 761/357/2013 752/614/1977
f 751/616/1976 799/618/2149 802/361/2158 762/359/2020
f 752/266/1979 796/143/2139 795/151/2136 753/268/1983
f 753/608/1981 760/351/2009 759/349/2005 754/606/1985
f 753/608/1984 795/610/2137 798/353/2146 760/351/2012
f 754/267/1987 792/142/2127 791/150/2124 755/269/1991
f 755/601/1989 758/344/2001 757/342/1997 756/598/1993
f 755/601/1992 791/602/2125 794/346/2134 758/344/2004
f 756/231/1995 789/137/2118 788/135/2116 740/228/1932
f 757/64/1998 758/63/2002 759/56/2006 760/55/2010 761/41/2014 762/40/2018 763/26/2022 764/25/2026 748/21/1962 780/81/2092 765/92/2032 733/66/1902
f 757/342/1999 790/340/2121 789/596/2119 756/598/1996
f 758/148/2003 794/273/2133 793/265/2131 759/144/2008
f 759/349/2007 793/347/2130 792/604/2128 754/606/1988
f 760/149/2011 798/271/2145 797/264/2143 761/145/2016
f 761/357/2015 797/355/2142 796/612/2140 752/614/1980
f 762/141/2019 802/270/2157 801/274/2155 763/146/2024
f 763/369/2023 801/365/2154 800/620/2152 750/622/1972
f 764/110/2027 812/166/2187 811/174/2185 748/120/1964
f 782/375/2096 783/385/2099 784/394/2102 785/563/2105 786/571/2108 787/582/2111 788/595/2114 789/596/2117 790/340/2120 781/337/2093
f 792/604/2126 793/347/2129 794/346/2132 791/602/2123
f 796/612/2138 797/355/2141 798/353/2144 795/610/2135
f 800/620/2150 801/365/2153 802/361/2156 799/618/2147
f 804/628/2162 805/584/2165 806/572/2168 807/564/2171 808/396/2174 809/387/2177 810/374/2180 811/338/2183 812/363/2186 803/626/2159
f 813/222/2189 819/218/2201 824/236/2211 818/243/2199
f 814/207/2192 820/201/2204 819/218/2202 813/222/2190
f 815/191/2194 821/185/2206 820/201/2203 814/207/2191
f 816/288/2196 822/281/2208 821/294/2205 815/299/2193
f 817/255/2198 823/249/2210 822/281/2207 816/288/2195
f 818/243/2200 824/236/2212 823/249/2209 817/255/2197
f 825/206/2213 831/203/2225 836/220/2235 830/221/2223
f 826/189/2216 832/188/2228 831/203/2226 825/206/2214
f 827/286/2218 833/283/2230 832/296/2227 826/297/2215
f 828/253/2220 834/252/2232 833/283/2229 827/286/2217
f 829/241/2222 835/238/2234 834/252/2231 828/253/2219
f 830/221/2224 836/220/2236 835/238/2233 829/241/2221
f 837/216/2238 843/224/2250 844/242/2252 838/234/2240
f 838/234/2239 844/242/2251 845/254/2254 839/248/2242
f 839/248/2241 845/254/2253 846/285/2256 840/280/2244
f 840/280/2243 846/285/2255 847/298/2258 841/292/2246
f 841/184/2245 847/190/2257 848/205/2260 842/200/2248
f 842/200/2247 848/205/2259 843/224/2249 837/216/2237
f 849/199/2261 855/210/2273 860/225/2283 854/214/2271
f 850/183/2264 856/194/2276 855/210/2274 849/199/2262
f 851/279/2266 857/289/2278 856/301/2275 850/290/2263
f 852/247/2268 858/258/2280 857/289/2277 851/279/2265
f 853/232/2270 859/246/2282 858/258/2279 852/247/2267
f 854/214/2272 860/225/2284 859/246/2281 853/232/2269
f 861/219/2286 867/220/2298 868/242/2300 862/237/2288
f 862/237/2287 868/242/2299 869/254/2302 863/253/2290
f 863/253/2289 869/254/2301 870/285/2304 864/284/2292
f 864/284/2291 870/285/2303 871/296/2306 865/295/2294
f 865/189/2293 871/190/2305 872/205/2308 866/204/2296
f 866/204/2295 872/205/2307 867/220/2297 861/219/2285
f 873/221/2310 879/220/2322 880/238/2324 874/241/2312
f 874/241/2311 880/238/2323 881/254/2326 875/253/2314
f 875/253/2313 881/254/2325 882/285/2328 876/284/2316
f 876/284/2315 882/285/2327 883/296/2330 877/295/2318
f 877/189/2317 883/190/2329 884/205/2332 878/204/2320
f 878/204/2319 884/205/2331 879/220/2321 873/221/2309
f 885/979/225 886/1000/226 1054/945/394 1053/932/393
f 885/1118/225 908/1117/248 1004/1120/344 981/1121/321
f 886/1000/226 887/989/227 1055/939/395 1054/945/394
f 887/989/227 888/981/228 1056/936/396 1055/939/395
f 888/981/228 889/984/229 1057/940/397 1056/936/396
f 889/984/229 890/996/230 1058/942/398 1057/940/397
f 890/996/230 891/997/231 1059/946/399 1058/942/398
f 891/997/231 892/995/232 1060/943/400 1059/946/399
f 892/995/232 893/983/233 1061/941/401 1060/943/400
f 893/983/233 894/982/234 1062/935/402 1061/941/401
f 894/982/234 895/990/235 1063/938/403 1062/935/402
f 895/990/235 896/999/236 1064/944/404 1063/938/403
f 896/999/236 897/980/237 1065/931/405 1064/944/404
f 897/1005/237 898/1003/238 1066/950/406 1065/951/405
f 898/1003/238 899/1007/239 1067/958/407 1066/950/406
f 899/1007/239 900/1049/240 1068/1001/408 1067/958/407
f 900/1049/240 901/1071/241 1069/1034/409 1068/1001/408
f 901/1071/241 902/1078/242 1070/1066/410 1069/1034/409
f 902/1078/242 903/1085/243 1071/1076/411 1070/1066/410
f 903/1085/243 904/1092/244 1072/1086/412 1071/1076/411
f 904/1092/244 905/1104/245 1073/1095/413 1072/1086/412
f 905/1104/245 906/1112/246 1074/1107/414 1073/1095/413
f 906/1112/246 907/1115/247 1075/1111/415 1074/1107/414
f 907/1115/247 908/1117/248 1076/1113/416 1075/1111/415
f 909/713/249 910/692/250 982/643/322 981/665/321
f 909/1083/249 932/1073/272 1028/1082/368 1005/1091/345
f 910/692/250 911/686/251 983/640/323 982/643/322
f 911/686/251 912/695/252 984/647/324 983/640/323
f 912/695/252 913/704/253 985/657/325 984/647/324
f 913/704/253 914/706/254 986/660/326 985/657/325
f 914/706/254 915/708/255 987/663/327 986/660/326
f 915/708/255 916/705/256 988/661/328 987/663/327
f 916/705/256 917/703/257 989/658/329 988/661/328
f 917/703/257 918/694/258 990/646/330 989/658/329
f 918/694/258 919/685/259 991/639/331 990/646/330
f 919/685/259 920/693/260 992/642/332 991/639/331
f 920/693/260 921/712/261 993/666/333 992/642/332
f 921/711/261 922/698/262 994/636/334 993/659/333
f 922/698/262 923/718/263 995/674/335 994/636/334
f 923/718/263 924/753/264 996/709/336 995/674/335
f 924/753/264 925/770/265 997/716/337 996/709/336
f 925/770/265 926/813/266 998/768/338 997/716/337
f 926/813/266 927/867/267 999/826/339 998/768/338
f 927/867/267 928/949/268 1000/905/340 999/826/339
f 928/949/268 929/1004/269 1001/953/341 1000/905/340
f 929/1004/269 930/1019/270 1002/969/342 1001/953/341
f 930/1019/270 931/1059/271 1003/1008/343 1002/969/342
f 931/1059/271 932/1073/272 1004/1058/344 1003/1008/343
f 933/808/273 934/798/274 1006/745/346 1005/755/345
f 933/1097/273 956/1090/296 1052/1102/392 1029/1106/369
f 934/798/274 935/793/275 1007/739/347 1006/745/346
f 935/793/275 936/796/276 1008/743/348 1007/739/347
f 936/796/276 937/801/277 1009/746/349 1008/743/348
f 937/801/277 938/803/278 1010/750/350 1009/746/349
f 938/803/278 939/805/279 1011/752/351 1010/750/350
f 939/805/279 940/802/280 1012/751/352 1011/752/351
f 940/802/280 941/800/281 1013/747/353 1012/751/352
f 941/800/281 942/795/282 1014/742/354 1013/747/353
f 942/795/282 943/794/283 1015/738/355 1014/742/354
f 943/794/283 944/799/284 1016/744/356 1015/738/355
f 944/799/284 945/807/285 1017/756/357 1016/744/356
f 945/811/285 946/809/286 1018/749/358 1017/758/357
f 946/809/286 947/815/287 1019/771/359 1018/749/358
f 947/815/287 948/849/288 1020/804/360 1019/771/359
f 948/849/288 949/864/289 1021/816/361 1020/804/360
f 949/864/289 950/908/290 1022/860/362 1021/816/361
f 950/908/290 951/963/291 1023/911/363 1022/860/362
f 951/963/291 952/1036/292 1024/998/364 1023/911/363
f 952/1036/292 953/1072/293 1025/1054/365 1024/998/364
f 953/1072/293 954/1079/294 1026/1064/366 1025/1054/365
f 954/1079/294 955/1084/295 1027/1074/367 1026/1064/366
f 955/1084/295 956/1090/296 1028/1082/368 1027/1074/367
f 957/887/297 958/895/298 1030/847/370 1029/851/369
f 957/1110/297 980/1108/320 1076/1113/416 1053/1114/393
f 958/895/298 959/891/299 1031/841/371 1030/847/370
f 959/891/299 960/890/300 1032/843/372 1031/841/371
f 960/890/300 961/894/301 1033/844/373 1032/843/372
f 961/894/301 962/899/302 1034/852/374 1033/844/373
f 962/899/302 963/900/303 1035/854/375 1034/852/374
f 963/900/303 964/898/304 1036/853/376 1035/854/375
f 964/898/304 965/893/305 1037/845/377 1036/853/376
f 965/893/305 966/889/306 1038/842/378 1037/845/377
f 966/889/306 967/892/307 1039/840/379 1038/842/378
f 967/892/307 968/896/308 1040/846/380 1039/840/379
f 968/896/308 969/888/309 1041/850/381 1040/846/380
f 969/903/309 970/902/310 1042/856/382 1041/857/381
f 970/902/310 971/907/311 1043/861/383 1042/856/382
f 971/907/311 972/947/312 1044/897/384 1043/861/383
f 972/947/312 973/972/313 1045/914/385 1044/897/384
f 973/972/313 974/1015/314 1046/961/386 1045/914/385
f 974/1015/314 975/1063/315 1047/1014/387 1046/961/386
f 975/1063/315 976/1077/316 1048/1068/388 1047/1014/387
f 976/1077/316 977/1088/317 1049/1081/389 1048/1068/388
f 977/1088/317 978/1096/318 1050/1089/390 1049/1081/389
f 978/1096/318 979/1105/319 1051/1094/391 1050/1089/390
f 979/1105/319 980/1108/320 1052/1102/392 1051/1094/391
f 981/1031/321 982/1050/322 886/1000/226 885/979/225
f 981/1075/321 1004/1058/344 932/1073/272 909/1083/249
f 982/1050/322 983/1038/323 887/989/227 886/1000/226
f 983/1038/323 984/1028/324 888/981/228 887/989/227
f 984/1028/324 985/1029/325 889/984/229 888/981/228
f 985/1029/325 986/1042/326 890/996/230 889/984/229
f 986/1042/326 987/1045/327 891/997/231 890/996/230
f 987/1045/327 988/1041/328 892/995/232 891/997/231
f 988/1041/328 989/1030/329 893/983/233 892/995/232
f 989/1030/329 990/1027/330 894/982/234 893/983/233
f 990/1027/330 991/1037/331 895/990/235 894/982/234
f 991/1037/331 992/1051/332 896/999/236 895/990/235
f 992/1051/332 993/1032/333 897/980/237 896/999/236
f 993/1056/333 994/1053/334 898/1003/238 897/1005/237
f 994/1053/334 995/1055/335 899/1007/239 898/1003/238
f 995/1055/335 996/1069/336 900/1049/240 899/1007/239
f 996/1069/336 997/1080/337 901/1071/241 900/1049/240
f 997/1080/337 998/1087/338 902/1078/242 901/1071/241
f 998/1087/338 999/1093/339 903/1085/243 902/1078/242
f 999/1093/339 1000/1103/340 904/1092/244 903/1085/243
f 1000/1103/340 1001/1109/341 905/1104/245 904/1092/244
f 1001/1109/341 1002/1116/342 906/1112/246 905/1104/245
f 1002/1116/342 1003/1119/343 907/1115/247 906/1112/246
f 1003/1119/343 1004/1120/344 908/1117/248 907/1115/247
f 1005/755/345 1006/745/346 910/692/250 909/713/249
f 1005/1091/345 1028/1082/368 956/1090/296 933/1097/273
f 1006/745/346 1007/739/347 911/686/251 910/692/250
f 1007/739/347 1008/743/348 912/695/252 911/686/251
f 1008/743/348 1009/746/349 913/704/253 912/695/252
f 1009/746/349 1010/750/350 914/706/254 913/704/253
f 1010/750/350 1011/752/351 915/708/255 914/706/254
f 1011/752/351 1012/751/352 916/705/256 915/708/255
f 1012/751/352 1013/747/353 917/703/257 916/705/256
f 1013/747/353 1014/742/354 918/694/258 917/703/257
f 1014/742/354 1015/738/355 919/685/259 918/694/258
f 1015/738/355 1016/744/356 920/693/260 919/685/259
f 1016/744/356 1017/756/357 921/712/261 920/693/260
f 1017/758/357 1018/749/358 922/698/262 921/711/261
f 1018/749/358 1019/771/359 923/718/263 922/698/262
f 1019/771/359 1020/804/360 924/753/264 923/718/263
f 1020/804/360 1021/816/361 925/770/265 924/753/264
f 1021/816/361 1022/860/362 926/813/266 925/770/265
f 1022/860/362 1023/911/363 927/867/267 926/813/266
f 1023/911/363 1024/998/364 928/949/268 927/867/267
f 1024/998/364 1025/1054/365 929/1004/269 928/949/268
f 1025/1054/365 1026/1064/366 930/1019/270 929/1004/269
f 1026/1064/366 1027/1074/367 931/1059/271 930/1019/270
f 1027/1074/367 1028/1082/368 932/1073/272 931/1059/271
f 1029/851/369 1030/847/370 934/798/274 933/808/273
f 1029/1106/369 1052/1102/392 980/1108/320 957/1110/297
f 1030/847/370 1031/841/371 935/793/275 934/798/274
f 1031/841/371 1032/843/372 936/796/276 935/793/275
f 1032/843/372 1033/844/373 937/801/277 936/796/276
f 1033/844/373 1034/852/374 938/803/278 937/801/277
f 1034/852/374 1035/854/375 939/805/279 938/803/278
f 1035/854/375 1036/853/376 940/802/280 939/805/279
f 1036/853/376 1037/845/377 941/800/281 940/802/280
f 1037/845/377 1038/842/378 942/795/282 941/800/281
f 1038/842/378 1039/840/379 943/794/283 942/795/282
f 1039/840/379 1040/846/380 944/799/284 943/794/283
f 1040/846/380 1041/850/381 945/807/285 944/799/284
f 1041/857/381 1042/856/382 946/809/286 945/811/285
f 1042/856/382 1043/861/383 947/815/287 946/809/286
f 1043/861/383 1044/897/384 948/849/288 947/815/287
f 1044/897/384 1045/914/385 949/864/289 948/849/288
f 1045/914/385 1046/961/386 950/908/290 949/864/289
f 1046/961/386 1047/1014/387 951/963/291 950/908/290
f 1047/1014/387 1048/1068/388 952/1036/292 951/963/291
f 1048/1068/388 1049/1081/389 953/1072/293 952/1036/292
f 1049/1081/389 1050/1089/390 954/1079/294 953/1072/293
f 1050/1089/390 1051/1094/391 955/1084/295 954/1079/294
f 1051/1094/391 1052/1102/392 956/1090/296 955/1084/295
f 1053/932/393 1054/945/394 958/895/298 957/887/297
f 1053/1114/393 1076/1113/416 908/1117/248 885/1118/225
f 1054/945/394 1055/939/395 959/891/299 958/895/298
f 1055/939/395 1056/936/396 960/890/300 959/891/299
f 1056/936/396 1057/940/397 961/894/301 960/890/300
f 1057/940/397 1058/942/398 962/899/302 961/894/301
f 1058/942/398 1059/946/399 963/900/303 962/899/302
f 1059/946/399 1060/943/400 964/898/304 963/900/303
f 1060/943/400 1061/941/401 965/893/305 964/898/304
f 1061/941/401 1062/935/402 966/889/306 965/893/305
f 1062/935/402 1063/938/403 967/892/307 966/889/306
f 1063/938/403 1064/944/404 968/896/308 967/892/307
f 1064/944/404 1065/931/405 969/888/309 968/896/308
f 1065/951/405 1066/950/406 970/902/310 969/903/309
f 1066/950/406 1067/958/407 971/907/311 970/902/310
f 1067/958/407 1068/1001/408 972/947/312 971/907/311
f 1068/1001/408 1069/1034/409 973/972/313 972/947/312
f 1069/1034/409 1070/1066/410 974/1015/314 973/972/313
f 1070/1066/410 1071/1076/411 975/1063/315 974/1015/314
f 1071/1076/411 1072/1086/412 976/1077/316 975/1063/315
f 1072/1086/412 1073/1095/413 977/1088/317 976/1077/316
f 1073/1095/413 1074/1107/414 978/1096/318 977/1088/317
f 1074/1107/414 1075/1111/415 979/1105/319 978/1096/318
f 1075/1111/415 1076/1113/416 980/1108/320 979/1105/319
f 1077/204/2334 1083/203/2346 1084/220/2348 1078/221/2336
f 1078/221/2335 1084/220/2347 1085/238/2350 1079/241/2338
f 1079/241/2337 1085/238/2349 1086/252/2352 1080/253/2340
f 1080/253/2339 1086/252/2351 1087/283/2354 1081/284/2342
f 1081/284/2341 1087/283/2353 1088/296/2356 1082/297/2344
f 1082/189/2343 1088/188/2355 1083/203/2345 1077/204/2333
f 1089/223/2357 1095/217/2369 1100/235/2379 1094/244/2367
f 1090/208/2360 1096/202/2372 1095/217/2370 1089/223/2358
f 1091/192/2362 1097/186/2374 1096/202/2371 1090/208/2359
f 1092/287/2364 1098/282/2376 1097/293/2373 1091/300/2361
f 1093/256/2366 1099/250/2378 1098/282/2375 1092/287/2363
f 1094/244/2368 1100/235/2380 1099/250/2377 1093/256/2365
f 1101/371/2383 1105/392/2395 1106/393/2397 1102/372/2385
f 1102/1131/2386 1106/1130/2398 1112/1147/2415 1110/1148/2408
f 1102/549/2384 1110/522/2407 1109/520/2403 1101/547/2381
f 1103/1128/2387 1107/1125/2399 1108/1136/2401 1104/1139/2390
f 1103/1200/2388 1118/1184/2435 1120/1183/2440 1107/1197/2400
f 1104/486/2391 1117/493/2431 1118/497/2436 1103/484/2389
f 1105/378/2394 1111/400/2412 1112/403/2414 1106/381/2396
f 1108/1136/2402 1119/1145/2438 1117/1146/2432 1104/1139/2392
f 1109/520/2405 1110/522/2410 1114/515/2424 1113/509/2419
f 1109/1170/2404 1111/1169/2411 1105/1211/2393 1101/1210/2382
f 1110/1148/2409 1112/1147/2416 1116/1159/2428 1114/1162/2423
f 1113/509/2417 1114/515/2422 1118/497/2434 1117/493/2429
f 1113/1158/2420 1115/1157/2426 1111/1169/2413 1109/1170/2406
f 1114/1162/2421 1116/1159/2427 1120/1183/2439 1118/1184/2433
f 1117/1146/2430 1119/1145/2437 1115/1157/2425 1113/1158/2418
f 1121/421/2441 1128/417/2462 1126/413/2456 1124/407/2450 1123/406/2447 1125/412/2453 1127/416/2459 1122/419/2444
f 1121/467/2442 1130/440/2467 1129/438/2465 1128/465/2463
f 1122/468/2445 1131/441/2469 1130/442/2468 1121/469/2443
f 1123/462/2448 1134/434/2475 1133/436/2474 1125/464/2455
f 1124/461/2451 1135/433/2477 1134/434/2476 1123/462/2449
f 1125/464/2454 1133/436/2473 1132/439/2472 1127/466/2461
f 1126/463/2457 1136/435/2479 1135/433/2478 1124/461/2452
f 1127/466/2460 1132/439/2471 1131/441/2470 1122/468/2446
f 1128/465/2464 1129/438/2466 1136/435/2480 1126/463/2458
