# Exported from Wings 3D 1.0.2
mtllib ShipWindow.mtl
o cylinder192
#436 vertices, 360 faces
v -0.18293302 -0.24598263 -0.15882164
v -0.18293302 -0.25184636 -0.14466536
v -0.18293302 -0.26600263 -0.13880164
v -0.18293302 -0.28015891 -0.14466536
v -0.18293302 -0.28602263 -0.15882164
v -0.18293302 -0.28015891 -0.17297792
v -0.18293302 -0.26600263 -0.17884164
v -0.18293302 -0.25184636 -0.17297792
v 1.4426574e-2 -0.24598263 -0.15882164
v 1.4426574e-2 -0.25184636 -0.14466536
v 1.4426574e-2 -0.26600263 -0.13880164
v 1.4426574e-2 -0.28015891 -0.14466536
v 1.4426574e-2 -0.28602263 -0.15882164
v 1.4426574e-2 -0.28015891 -0.17297792
v 1.4426574e-2 -0.26600263 -0.17884164
v 1.4426574e-2 -0.25184636 -0.17297792
v -0.22500749 -0.10761143 0.36830512
v -0.21348658 -0.10761143 0.39611906
v -0.18567265 -0.10761143 0.40763997
v -0.15785871 -0.10761143 0.39611906
v -0.14633780 -0.10761143 0.36830512
v -0.15785871 -0.10761143 0.34049119
v -0.18567265 -0.10761143 0.32897028
v -0.21348658 -0.10761143 0.34049119
v -0.22500749 0.28015626 0.36830512
v -0.21348658 0.28015626 0.39611906
v -0.18567265 0.28015626 0.40763997
v -0.15785871 0.28015626 0.39611906
v -0.14633780 0.28015626 0.36830512
v -0.15785871 0.28015626 0.34049119
v -0.18567265 0.28015626 0.32897028
v -0.21348658 0.28015626 0.34049119
v -0.22500749 -6.2371863e-2 0.36830512
v -0.22500749 0.23491670 0.36830512
v -0.21348658 -6.2371863e-2 0.39611906
v -0.21348658 0.23491670 0.39611906
v -0.18567265 -6.2371863e-2 0.40763997
v -0.18567265 0.23491670 0.40763997
v -0.15785871 -6.2371863e-2 0.39611906
v -0.15785871 0.23491670 0.39611906
v -0.14633780 -6.2371863e-2 0.36830512
v -0.14633780 0.23491670 0.36830512
v -0.15785871 -6.2371863e-2 0.34049119
v -0.15785871 0.23491670 0.34049119
v -0.18567265 -6.2371863e-2 0.32897028
v -0.18567265 0.23491670 0.32897028
v -0.21348658 -6.2371863e-2 0.34049119
v -0.21348658 0.23491670 0.34049119
v -0.21871392 -6.0314626e-2 0.36830512
v -0.21871392 0.23285946 0.36830512
v -0.20903635 -6.0314626e-2 0.39166883
v -0.20903635 0.23285946 0.39166883
v -0.18567265 -6.0314626e-2 0.40134639
v -0.18567265 0.23285946 0.40134639
v -0.16230894 -6.0314626e-2 0.39166883
v -0.16230894 0.23285946 0.39166883
v -0.15263138 -6.0314626e-2 0.36830512
v -0.15263138 0.23285946 0.36830512
v -0.16230894 -6.0314626e-2 0.34494142
v -0.16230894 0.23285946 0.34494142
v -0.18567265 -6.0314626e-2 0.33526385
v -0.18567265 0.23285946 0.33526385
v -0.20903635 -6.0314626e-2 0.34494142
v -0.20903635 0.23285946 0.34494142
v -0.24997055 0.63004496 -1.4316923e-2
v -0.24997055 0.61147527 0.12673391
v -0.24997055 0.55703168 0.25817236
v -0.24997055 0.47042444 0.37104111
v -0.24997055 0.35755568 0.45764835
v -0.24997055 0.22611723 0.51209194
v -0.24997055 8.5066403e-2 0.53066164
v -0.24997055 -5.5984427e-2 0.51209194
v -0.24997055 -0.18742288 0.45764835
v -0.24997055 -0.30029163 0.37104111
v -0.24997055 -0.38689887 0.25817236
v -0.24997055 -0.44134246 0.12673391
v -0.24997055 -0.45991216 -1.4316923e-2
v -0.24997055 -0.44134246 -0.15536775
v -0.24997055 -0.38689887 -0.28680620
v -0.24997055 -0.30029163 -0.39967496
v -0.24997055 -0.18742288 -0.48628220
v -0.24997055 -5.5984427e-2 -0.54072579
v -0.24997055 8.5066403e-2 -0.55929548
v -0.24997055 0.22611723 -0.54072579
v -0.24997055 0.35755568 -0.48628220
v -0.24997055 0.47042444 -0.39967496
v -0.24997055 0.55703168 -0.28680620
v -0.24997055 0.61147527 -0.15536775
v 8.1943191e-2 0.63004496 -1.4316923e-2
v 8.1943191e-2 0.61147527 0.12673391
v 8.1943191e-2 0.55703168 0.25817236
v 8.1943191e-2 0.47042444 0.37104111
v 8.1943191e-2 0.35755568 0.45764835
v 8.1943191e-2 0.22611723 0.51209194
v 8.1943191e-2 8.5066403e-2 0.53066164
v 8.1943191e-2 -5.5984427e-2 0.51209194
v 8.1943191e-2 -0.18742288 0.45764835
v 8.1943191e-2 -0.30029163 0.37104111
v 8.1943191e-2 -0.38689887 0.25817236
v 8.1943191e-2 -0.44134246 0.12673391
v 8.1943191e-2 -0.45991216 -1.4316923e-2
v 8.1943191e-2 -0.44134246 -0.15536775
v 8.1943191e-2 -0.38689887 -0.28680620
v 8.1943191e-2 -0.30029163 -0.39967496
v 8.1943191e-2 -0.18742288 -0.48628220
v 8.1943191e-2 -5.5984427e-2 -0.54072579
v 8.1943191e-2 8.5066403e-2 -0.55929548
v 8.1943191e-2 0.22611723 -0.54072579
v 8.1943191e-2 0.35755568 -0.48628220
v 8.1943191e-2 0.47042444 -0.39967496
v 8.1943191e-2 0.55703168 -0.28680620
v 8.1943191e-2 0.61147527 -0.15536775
v -0.24997055 0.51461604 0.10078055
v -0.24997055 0.52976891 -1.4316923e-2
v -0.24997055 0.51461604 -0.12941440
v -0.24997055 0.47019007 -0.23666818
v -0.24997055 0.39951856 -0.32876908
v -0.24997055 0.30741766 -0.39944059
v -0.24997055 0.20016388 -0.44386656
v -0.24997055 8.5066403e-2 -0.45901943
v -0.24997055 -3.0031075e-2 -0.44386656
v -0.24997055 -0.13728485 -0.39944059
v -0.24997055 -0.22938575 -0.32876908
v -0.24997055 -0.30005726 -0.23666818
v -0.24997055 -0.34448323 -0.12941440
v -0.24997055 -0.35963610 -1.4316923e-2
v -0.24997055 -0.34448323 0.10078055
v -0.24997055 -0.30005726 0.20803433
v -0.24997055 -0.22938575 0.30013523
v -0.24997055 -0.13728485 0.37080674
v -0.24997055 -3.0031075e-2 0.41523271
v -0.24997055 8.5066403e-2 0.43038558
v -0.24997055 0.20016388 0.41523271
v -0.24997055 0.30741766 0.37080674
v -0.24997055 0.39951856 0.30013523
v -0.24997055 0.47019007 0.20803433
v 8.1943191e-2 0.52976891 -1.4316923e-2
v 8.1943191e-2 0.51461604 0.10078055
v 8.1943191e-2 0.47019007 0.20803433
v 8.1943191e-2 0.39951856 0.30013523
v 8.1943191e-2 0.30741766 0.37080674
v 8.1943191e-2 0.20016388 0.41523271
v 8.1943191e-2 8.5066403e-2 0.43038558
v 8.1943191e-2 -3.0031075e-2 0.41523271
v 8.1943191e-2 -0.13728485 0.37080674
v 8.1943191e-2 -0.22938575 0.30013523
v 8.1943191e-2 -0.30005726 0.20803433
v 8.1943191e-2 -0.34448323 0.10078055
v 8.1943191e-2 -0.35963610 -1.4316923e-2
v 8.1943191e-2 -0.34448323 -0.12941440
v 8.1943191e-2 -0.30005726 -0.23666818
v 8.1943191e-2 -0.22938575 -0.32876908
v 8.1943191e-2 -0.13728485 -0.39944059
v 8.1943191e-2 -3.0031075e-2 -0.44386656
v 8.1943191e-2 8.5066403e-2 -0.45901943
v 8.1943191e-2 0.20016388 -0.44386656
v 8.1943191e-2 0.30741766 -0.39944059
v 8.1943191e-2 0.39951856 -0.32876908
v 8.1943191e-2 0.47019007 -0.23666818
v 8.1943191e-2 0.51461604 -0.12941440
v -0.16398320 0.47595657 9.0421781e-2
v -0.16398320 0.48974568 -1.4316923e-2
v -0.16398320 0.47595657 -0.11905563
v -0.16398320 0.43552894 -0.21665656
v -0.16398320 0.37121787 -0.30046839
v -0.16398320 0.28740604 -0.36477946
v -0.16398320 0.18980511 -0.40520709
v -0.16398320 8.5066403e-2 -0.41899620
v -0.16398320 -1.9672302e-2 -0.40520709
v -0.16398320 -0.11727324 -0.36477946
v -0.16398320 -0.20108506 -0.30046839
v -0.16398320 -0.26539613 -0.21665656
v -0.16398320 -0.30582376 -0.11905563
v -0.16398320 -0.31961288 -1.4316923e-2
v -0.16398320 -0.30582376 9.0421781e-2
v -0.16398320 -0.26539613 0.18802272
v -0.16398320 -0.20108506 0.27183454
v -0.16398320 -0.11727324 0.33614561
v -0.16398320 -1.9672302e-2 0.37657324
v -0.16398320 8.5066403e-2 0.39036236
v -0.16398320 0.18980511 0.37657324
v -0.16398320 0.28740604 0.33614561
v -0.16398320 0.37121787 0.27183454
v -0.16398320 0.43552894 0.18802272
v -4.0441653e-3 0.48974568 -1.4316923e-2
v -4.0441653e-3 0.47595657 9.0421781e-2
v -4.0441653e-3 0.43552894 0.18802272
v -4.0441653e-3 0.37121787 0.27183454
v -4.0441653e-3 0.28740604 0.33614561
v -4.0441653e-3 0.18980511 0.37657324
v -4.0441653e-3 8.5066403e-2 0.39036236
v -4.0441653e-3 -1.9672302e-2 0.37657324
v -4.0441653e-3 -0.11727324 0.33614561
v -4.0441653e-3 -0.20108506 0.27183454
v -4.0441653e-3 -0.26539613 0.18802272
v -4.0441653e-3 -0.30582376 9.0421781e-2
v -4.0441653e-3 -0.31961288 -1.4316923e-2
v -4.0441653e-3 -0.30582376 -0.11905563
v -4.0441653e-3 -0.26539613 -0.21665656
v -4.0441653e-3 -0.20108506 -0.30046839
v -4.0441653e-3 -0.11727324 -0.36477946
v -4.0441653e-3 -1.9672302e-2 -0.40520709
v -4.0441653e-3 8.5066403e-2 -0.41899620
v -4.0441653e-3 0.18980511 -0.40520709
v -4.0441653e-3 0.28740604 -0.36477946
v -4.0441653e-3 0.37121787 -0.30046839
v -4.0441653e-3 0.43552894 -0.21665656
v -4.0441653e-3 0.47595657 -0.11905563
v -0.16398320 0.43452221 7.9319479e-2
v -0.16398320 0.44684968 -1.4316923e-2
v -0.16398320 0.43452221 -0.10795333
v -0.16398320 0.39837991 -0.19520856
v -0.16398320 0.34088581 -0.27013633
v -0.16398320 0.26595804 -0.32763043
v -0.16398320 0.17870281 -0.36377273
v -0.16398320 8.5066403e-2 -0.37610020
v -0.16398320 -8.5699990e-3 -0.36377273
v -0.16398320 -9.5825235e-2 -0.32763043
v -0.16398320 -0.17075300 -0.27013633
v -0.16398320 -0.22824710 -0.19520856
v -0.16398320 -0.26438941 -0.10795333
v -0.16398320 -0.27671687 -1.4316923e-2
v -0.16398320 -0.26438941 7.9319479e-2
v -0.16398320 -0.22824710 0.16657471
v -0.16398320 -0.17075300 0.24150248
v -0.16398320 -9.5825235e-2 0.29899658
v -0.16398320 -8.5699990e-3 0.33513889
v -0.16398320 8.5066403e-2 0.34746635
v -0.16398320 0.17870281 0.33513889
v -0.16398320 0.26595804 0.29899658
v -0.16398320 0.34088581 0.24150248
v -0.16398320 0.39837991 0.16657471
v -4.0441653e-3 0.44684968 -1.4316923e-2
v -4.0441653e-3 0.43452221 7.9319479e-2
v -4.0441653e-3 0.39837991 0.16657471
v -4.0441653e-3 0.34088581 0.24150248
v -4.0441653e-3 0.26595804 0.29899658
v -4.0441653e-3 0.17870281 0.33513889
v -4.0441653e-3 8.5066403e-2 0.34746635
v -4.0441653e-3 -8.5699990e-3 0.33513889
v -4.0441653e-3 -9.5825235e-2 0.29899658
v -4.0441653e-3 -0.17075300 0.24150248
v -4.0441653e-3 -0.22824710 0.16657471
v -4.0441653e-3 -0.26438941 7.9319479e-2
v -4.0441653e-3 -0.27671687 -1.4316923e-2
v -4.0441653e-3 -0.26438941 -0.10795333
v -4.0441653e-3 -0.22824710 -0.19520856
v -4.0441653e-3 -0.17075300 -0.27013633
v -4.0441653e-3 -9.5825235e-2 -0.32763043
v -4.0441653e-3 -8.5699990e-3 -0.36377273
v -4.0441653e-3 8.5066403e-2 -0.37610020
v -4.0441653e-3 0.17870281 -0.36377273
v -4.0441653e-3 0.26595804 -0.32763043
v -4.0441653e-3 0.34088581 -0.27013633
v -4.0441653e-3 0.39837991 -0.19520856
v -4.0441653e-3 0.43452221 -0.10795333
v -8.4013680e-2 0.76083982 -1.4316923e-2
v -8.4013680e-2 0.73781340 0.16058611
v -8.4013680e-2 0.67030335 0.32356978
v -8.4013680e-2 0.56291037 0.46352704
v -8.4013680e-2 0.42295311 0.57092002
v -8.4013680e-2 0.25996943 0.63843007
v -8.4013680e-2 8.5066403e-2 0.66145649
v -8.4013680e-2 -8.9836627e-2 0.63843007
v -8.4013680e-2 -0.25282030 0.57092002
v -8.4013680e-2 -0.39277756 0.46352704
v -8.4013680e-2 -0.50017054 0.32356978
v -8.4013680e-2 -0.56768059 0.16058611
v -8.4013680e-2 -0.59070701 -1.4316923e-2
v -8.4013680e-2 -0.56768059 -0.18921995
v -8.4013680e-2 -0.50017054 -0.35220363
v -8.4013680e-2 -0.39277756 -0.49216089
v -8.4013680e-2 -0.25282030 -0.59955387
v -8.4013680e-2 -8.9836627e-2 -0.66706392
v -8.4013680e-2 8.5066403e-2 -0.69009034
v -8.4013680e-2 0.25996943 -0.66706392
v -8.4013680e-2 0.42295311 -0.59955387
v -8.4013680e-2 0.56291037 -0.49216089
v -8.4013680e-2 0.67030335 -0.35220363
v -8.4013680e-2 0.73781340 -0.18921995
v -0.27121760 -0.26876421 -0.31475569
v -0.27121760 -0.27778532 -0.29297680
v -0.27121760 -0.29956421 -0.28395569
v -0.27121760 -0.32134310 -0.29297680
v -0.27121760 -0.33036421 -0.31475569
v -0.27121760 -0.32134310 -0.33653457
v -0.27121760 -0.29956421 -0.34555569
v -0.27121760 -0.27778532 -0.33653457
v 0.10271115 -0.26876421 -0.31475569
v 0.10271115 -0.27778532 -0.29297680
v 0.10271115 -0.29956421 -0.28395569
v 0.10271115 -0.32134310 -0.29297680
v 0.10271115 -0.33036421 -0.31475569
v 0.10271115 -0.32134310 -0.33653457
v 0.10271115 -0.29956421 -0.34555569
v 0.10271115 -0.27778532 -0.33653457
v -0.27121760 -0.26973588 0.29108229
v -0.27121760 -0.27875700 0.31286118
v -0.27121760 -0.30053588 0.32188229
v -0.27121760 -0.32231477 0.31286118
v -0.27121760 -0.33133588 0.29108229
v -0.27121760 -0.32231477 0.26930340
v -0.27121760 -0.30053588 0.26028229
v -0.27121760 -0.27875700 0.26930340
v 0.10271115 -0.26973588 0.29108229
v 0.10271115 -0.27875700 0.31286118
v 0.10271115 -0.30053588 0.32188229
v 0.10271115 -0.32231477 0.31286118
v 0.10271115 -0.33133588 0.29108229
v 0.10271115 -0.32231477 0.26930340
v 0.10271115 -0.30053588 0.26028229
v 0.10271115 -0.27875700 0.26930340
v -0.27121760 0.50420148 -0.31475569
v -0.27121760 0.49518037 -0.29297680
v -0.27121760 0.47340148 -0.28395569
v -0.27121760 0.45162259 -0.29297680
v -0.27121760 0.44260148 -0.31475569
v -0.27121760 0.45162259 -0.33653457
v -0.27121760 0.47340148 -0.34555569
v -0.27121760 0.49518037 -0.33653457
v 0.10271115 0.50420148 -0.31475569
v 0.10271115 0.49518037 -0.29297680
v 0.10271115 0.47340148 -0.28395569
v 0.10271115 0.45162259 -0.29297680
v 0.10271115 0.44260148 -0.31475569
v 0.10271115 0.45162259 -0.33653457
v 0.10271115 0.47340148 -0.34555569
v 0.10271115 0.49518037 -0.33653457
v -0.27121760 0.50322981 0.29108229
v -0.27121760 0.49420870 0.31286118
v -0.27121760 0.47242981 0.32188229
v -0.27121760 0.45065092 0.31286118
v -0.27121760 0.44162981 0.29108229
v -0.27121760 0.45065092 0.26930340
v -0.27121760 0.47242981 0.26028229
v -0.27121760 0.49420870 0.26930340
v 0.10271115 0.50322981 0.29108229
v 0.10271115 0.49420870 0.31286118
v 0.10271115 0.47242981 0.32188229
v 0.10271115 0.45065092 0.31286118
v 0.10271115 0.44162981 0.29108229
v 0.10271115 0.45065092 0.26930340
v 0.10271115 0.47242981 0.26028229
v 0.10271115 0.49420870 0.26930340
v -0.18293302 0.24964821 -0.36777015
v -0.18293302 0.24378449 -0.35361387
v -0.18293302 0.22962821 -0.34775015
v -0.18293302 0.21547194 -0.35361387
v -0.18293302 0.20960821 -0.36777015
v -0.18293302 0.21547194 -0.38192643
v -0.18293302 0.22962821 -0.38779015
v -0.18293302 0.24378449 -0.38192643
v 1.4426574e-2 0.24964821 -0.36777015
v 1.4426574e-2 0.24378449 -0.35361387
v 1.4426574e-2 0.22962821 -0.34775015
v 1.4426574e-2 0.21547194 -0.35361387
v 1.4426574e-2 0.20960821 -0.36777015
v 1.4426574e-2 0.21547194 -0.38192643
v 1.4426574e-2 0.22962821 -0.38779015
v 1.4426574e-2 0.24378449 -0.38192643
v -0.18293302 -4.1076280e-2 -0.36714828
v -0.18293302 -4.6940002e-2 -0.35299200
v -0.18293302 -6.1096280e-2 -0.34712828
v -0.18293302 -7.5252558e-2 -0.35299200
v -0.18293302 -8.1116280e-2 -0.36714828
v -0.18293302 -7.5252558e-2 -0.38130456
v -0.18293302 -6.1096280e-2 -0.38716828
v -0.18293302 -4.6940002e-2 -0.38130456
v 1.4426574e-2 -4.1076280e-2 -0.36714828
v 1.4426574e-2 -4.6940002e-2 -0.35299200
v 1.4426574e-2 -6.1096280e-2 -0.34712828
v 1.4426574e-2 -7.5252558e-2 -0.35299200
v 1.4426574e-2 -8.1116280e-2 -0.36714828
v 1.4426574e-2 -7.5252558e-2 -0.38130456
v 1.4426574e-2 -6.1096280e-2 -0.38716828
v 1.4426574e-2 -4.6940002e-2 -0.38130456
v -0.18293302 0.45828579 0.13128098
v -0.18293302 0.45242207 0.14543726
v -0.18293302 0.43826579 0.15130098
v -0.18293302 0.42410951 0.14543726
v -0.18293302 0.41824579 0.13128098
v -0.18293302 0.42410951 0.11712471
v -0.18293302 0.43826579 0.11126098
v -0.18293302 0.45242207 0.11712471
v 1.4426574e-2 0.45828579 0.13128098
v 1.4426574e-2 0.45242207 0.14543726
v 1.4426574e-2 0.43826579 0.15130098
v 1.4426574e-2 0.42410951 0.14543726
v 1.4426574e-2 0.41824579 0.13128098
v 1.4426574e-2 0.42410951 0.11712471
v 1.4426574e-2 0.43826579 0.11126098
v 1.4426574e-2 0.45242207 0.11712471
v -0.18293302 0.45828579 -0.15882164
v -0.18293302 0.45242207 -0.14466536
v -0.18293302 0.43826579 -0.13880164
v -0.18293302 0.42410951 -0.14466536
v -0.18293302 0.41824579 -0.15882164
v -0.18293302 0.42410951 -0.17297792
v -0.18293302 0.43826579 -0.17884164
v -0.18293302 0.45242207 -0.17297792
v 1.4426574e-2 0.45828579 -0.15882164
v 1.4426574e-2 0.45242207 -0.14466536
v 1.4426574e-2 0.43826579 -0.13880164
v 1.4426574e-2 0.42410951 -0.14466536
v 1.4426574e-2 0.41824579 -0.15882164
v 1.4426574e-2 0.42410951 -0.17297792
v 1.4426574e-2 0.43826579 -0.17884164
v 1.4426574e-2 0.45242207 -0.17297792
v -0.18293302 -0.24598263 0.13128098
v -0.18293302 -0.25184636 0.14543726
v -0.18293302 -0.26600263 0.15130098
v -0.18293302 -0.28015891 0.14543726
v -0.18293302 -0.28602263 0.13128098
v -0.18293302 -0.28015891 0.11712471
v -0.18293302 -0.26600263 0.11126098
v -0.18293302 -0.25184636 0.11712471
v 1.4426574e-2 -0.24598263 0.13128098
v 1.4426574e-2 -0.25184636 0.14543726
v 1.4426574e-2 -0.26600263 0.15130098
v 1.4426574e-2 -0.28015891 0.14543726
v 1.4426574e-2 -0.28602263 0.13128098
v 1.4426574e-2 -0.28015891 0.11712471
v 1.4426574e-2 -0.26600263 0.11126098
v 1.4426574e-2 -0.25184636 0.11712471
v -8.2417915e-2 0.46982127 -1.4316923e-2
v -8.2417915e-2 0.41827389 0.17806051
v -8.2417915e-2 0.27744383 0.31889056
v -8.2417915e-2 8.5066403e-2 0.37043794
v -8.2417915e-2 -0.10731103 0.31889056
v -8.2417915e-2 -0.24814108 0.17806051
v -8.2417915e-2 -0.29968846 -1.4316923e-2
v -8.2417915e-2 -0.24814108 -0.20669435
v -8.2417915e-2 -0.10731103 -0.34752441
v -8.2417915e-2 8.5066403e-2 -0.39907179
v -8.2417915e-2 0.27744383 -0.34752441
v -8.2417915e-2 0.41827389 -0.20669435
vt 2.3711553e-2 7.6148879e-2
vt 2.3711553e-2 1.4548731e-2
vt 6.0086112e-2 7.6148064e-2
vt 6.0086112e-2 1.4549547e-2
vt 8.3065346e-2 0.43573545
vt 8.3065346e-2 0.43573545
vt 8.5376517e-2 0.50363882
vt 8.5376517e-2 0.50363882
vt 9.1720934e-2 0.36834636
vt 9.1720934e-2 0.36834636
vt 9.6458641e-2 7.6147758e-2
vt 9.6458641e-2 1.4549853e-2
vt 9.8594099e-2 0.57028343
vt 9.8594099e-2 0.57028343
vt 0.11111727 0.30323114
vt 0.11111727 0.30323114
vt 0.11656173 0.68830176
vt 0.11656173 0.68830176
vt 0.12237297 0.63392912
vt 0.12237297 0.63392912
vt 0.12991631 0.73097142
vt 0.12991631 0.73097142
vt 0.13283315 7.6148085e-2
vt 0.13283315 1.4549525e-2
vt 0.14788320 0.77191327
vt 0.14788320 0.77191327
vt 0.15197069 0.67932782
vt 0.15197069 0.67932782
vt 0.15609223 0.69291404
vt 0.15609223 0.69291404
vt 0.16412336 0.71815721
vt 0.16412336 0.71815721
vt 0.16435639 0.43954752
vt 0.16435639 0.43954752
vt 0.16622024 0.49430830
vt 0.16622024 0.49430830
vt 0.16920742 7.6147932e-2
vt 0.16920742 1.4549678e-2
vt 0.17024438 0.81063047
vt 0.17024438 0.81063047
vt 0.17133671 0.38520148
vt 0.17133671 0.38520148
vt 0.17687958 0.54805395
vt 0.17687958 0.54805395
vt 0.18047324 0.75541429
vt 0.18047324 0.75541429
vt 0.18697892 0.33268921
vt 0.18697892 0.33268921
vt 0.19605609 0.59938113
vt 0.19605609 0.59938113
vt 0.19672847 0.84665320
vt 0.19672847 0.84665320
vt 0.19887144 0.74569801
vt 0.19887144 0.74569801
vt 0.20082190 0.79064695
vt 0.20082190 0.79064695
vt 0.20558141 7.6147534e-2
vt 0.20558141 1.4550076e-2
vt 0.21735217 0.26042450
vt 0.21735217 0.14751264
vt 0.21999481 0.13196189
vt 0.21999481 0.27597526
vt 0.21999481 0.13196189
vt 0.21999481 0.27597526
vt 0.22324904 0.64694961
vt 0.22324904 0.64694961
vt 0.22492243 0.82342763
vt 0.22492243 0.82342763
vt 0.22701410 0.87954431
vt 0.22701410 0.87954431
vt 0.22709176 0.14751264
vt 0.22709176 0.26042450
vt 0.22907373 0.27597526
vt 0.22907373 0.13196189
vt 0.22907373 0.27597526
vt 0.22907373 0.13196189
vt 0.23683134 0.14751264
vt 0.23683134 0.26042450
vt 0.23815266 0.13196189
vt 0.23815266 0.27597526
vt 0.23815266 0.13196189
vt 0.23815266 0.27597526
vt 0.24195439 7.6147459e-2
vt 0.24195439 1.4550151e-2
vt 0.24657092 0.14751264
vt 0.24657092 0.26042450
vt 0.24723158 0.13196189
vt 0.24723158 0.27597526
vt 0.24723158 0.13196189
vt 0.24723158 0.27597526
vt 0.24959358 0.79090280
vt 0.24959358 0.79090280
vt 0.25208119 0.55077324
vt 0.25208119 0.55077324
vt 0.25248235 0.85335854
vt 0.25248235 0.85335854
vt 0.25631050 0.13196189
vt 0.25631050 0.27597526
vt 0.25631050 0.13196189
vt 0.25631050 0.14751264
vt 0.25631050 0.26042450
vt 0.25631050 0.27597526
vt 0.25774840 0.68951733
vt 0.25774840 0.68951733
vt 0.25923304 0.60509698
vt 0.25923304 0.49644951
vt 0.25923304 0.49644951
vt 0.25923304 0.60509698
vt 0.26073374 0.90890465
vt 0.26073374 0.90890465
vt 0.26538943 0.13196189
vt 0.26538943 0.27597526
vt 0.26538943 0.13196189
vt 0.26538943 0.27597526
vt 0.26605009 0.14751264
vt 0.26605009 0.26042450
vt 0.27446835 0.13196189
vt 0.27446835 0.27597526
vt 0.27446835 0.13196189
vt 0.27446835 0.27597526
vt 0.27446835 0.13196189
vt 0.27446835 0.27597526
vt 0.27578967 0.14751264
vt 0.27578967 0.26042450
vt 0.27832903 7.6147955e-2
vt 0.27832903 1.4549655e-2
vt 0.28020122 0.44582785
vt 0.28020122 0.65571864
vt 0.28020122 0.44582785
vt 0.28020122 0.65571864
vt 0.28316723 0.88007645
vt 0.28316723 0.88007645
vt 0.28354727 0.13196189
vt 0.28354727 0.27597526
vt 0.28354727 0.13196189
vt 0.28354727 0.27597526
vt 0.28552925 0.26042450
vt 0.28552925 0.14751264
vt 0.29070109 0.55077324
vt 0.29070109 0.55077324
vt 0.29262620 0.13196189
vt 0.29262620 0.27597526
vt 0.29262620 0.13196189
vt 0.29262620 0.27597526
vt 0.29526883 0.26042450
vt 0.29526883 0.14751264
vt 0.29653700 0.59510141
vt 0.29653700 0.50644508
vt 0.29653700 0.50644508
vt 0.29653700 0.59510141
vt 0.29747820 0.93437795
vt 0.29747820 0.93437795
vt 0.29865336 0.72597280
vt 0.29865336 0.72597280
vt 0.30693425 0.82734806
vt 0.30693425 0.82734806
vt 0.31355677 0.40235805
vt 0.31355677 0.69918844
vt 0.31355677 0.40235805
vt 0.31355677 0.69918844
vt 0.31364704 0.63640869
vt 0.31364704 0.46513780
vt 0.31364704 0.46513780
vt 0.31364704 0.63640869
vt 0.31461561 0.53851024
vt 0.31461561 0.53851024
vt 0.31470392 1.4550149e-2
vt 0.31470392 7.6147461e-2
vt 0.31660469 0.90325715
vt 0.31660469 0.90325715
vt 0.32906741 0.19071632
vt 0.32906741 0.20813970
vt 0.33446835 0.61260169
vt 0.33446835 0.61260169
vt 0.33446835 0.46441880
vt 0.33680159 0.95565507
vt 0.33680159 0.95565507
vt 0.34066215 0.19071632
vt 0.34066215 0.20813970
vt 0.34086517 0.67188005
vt 0.34086517 0.42966644
vt 0.34086517 0.42966644
vt 0.34086517 0.67188005
vt 0.34489583 0.75536414
vt 0.34489583 0.75536414
vt 0.35107623 1.4549830e-2
vt 0.35107623 7.6147780e-2
vt 0.35225690 0.19071632
vt 0.35225690 0.20813970
vt 0.35238897 0.92261933
vt 0.35238897 0.92261933
vt 0.35702658 0.36900249
vt 0.35702658 0.36900249
vt 0.35702658 0.73254400
vt 0.35702658 0.73254400
vt 0.36385164 0.19071632
vt 0.36385164 0.20813970
vt 0.36385164 0.19071632
vt 0.36385164 0.20813970
vt 0.36939622 0.85408216
vt 0.36939622 0.85408216
vt 0.37155794 0.25723861
vt 0.37155794 0.25723861
vt 0.37155794 0.33324887
vt 0.37155794 0.33324887
vt 0.37155794 0.33324887
vt 0.37155794 0.25723861
vt 0.37155794 0.33324887
vt 0.37544638 0.19071632
vt 0.37544638 0.20813970
vt 0.37544638 0.19071632
vt 0.37544638 0.20813970
vt 0.37633653 0.40244831
vt 0.37633653 0.69909818
vt 0.37633653 0.69909818
vt 0.37633653 0.40244831
vt 0.37745924 0.25723861
vt 0.37745924 0.25723861
vt 0.37745924 0.33324887
vt 0.37745924 0.33324887
vt 0.37745924 0.25723861
vt 0.37745924 0.25723861
vt 0.37745924 0.33324887
vt 0.37745924 0.33324887
vt 0.37745924 0.25723861
vt 0.37745924 0.33324887
vt 0.37822669 0.97247781
vt 0.37822669 0.97247781
vt 0.38336054 0.25723861
vt 0.38336054 0.25723861
vt 0.38336054 0.33324887
vt 0.38336054 0.33324887
vt 0.38336054 0.25723861
vt 0.38336054 0.25723861
vt 0.38336054 0.33324887
vt 0.38704112 0.19071632
vt 0.38704112 0.20813970
vt 0.38704112 0.19071632
vt 0.38704112 0.20813970
vt 0.38745083 7.6148580e-2
vt 0.38745083 1.4549030e-2
vt 0.38870706 0.66684040
vt 0.38870706 0.41018009
vt 0.38870706 0.41018009
vt 0.38926184 0.25723861
vt 0.38926184 0.25723861
vt 0.38926184 0.25723861
vt 0.38926184 0.33324887
vt 0.38926184 0.33324887
vt 0.38926184 0.33324887
vt 0.39008581 0.93792803
vt 0.39008581 0.93792803
vt 0.39516314 0.25723861
vt 0.39516314 0.25723861
vt 0.39516314 0.33324887
vt 0.39516314 0.33324887
vt 0.39516314 0.33324887
vt 0.39516314 0.25723861
vt 0.39516314 0.33324887
vt 0.39526839 0.77692390
vt 0.39526839 0.77692390
vt 0.39863586 0.19071632
vt 0.39863586 0.20813970
vt 0.39863586 0.20813970
vt 0.40106444 0.33324887
vt 0.40106444 0.33324887
vt 0.40106444 0.25723861
vt 0.40106444 0.25723861
vt 0.40106444 0.33324887
vt 0.40106444 0.33324887
vt 0.40106444 0.25723861
vt 0.40106444 0.25723861
vt 0.40106444 0.25723861
vt 0.40106444 0.33324887
vt 0.40696574 0.25723861
vt 0.40696574 0.25723861
vt 0.40696574 0.33324887
vt 0.40696574 0.33324887
vt 0.40696574 0.25723861
vt 0.40696574 0.25723861
vt 0.40696574 0.33324887
vt 0.40696574 0.33324887
vt 0.40764824 0.34803431
vt 0.40764824 0.75351218
vt 0.40764824 0.34803431
vt 0.40764824 0.75351218
vt 0.41023060 0.19071632
vt 0.41023060 0.20813970
vt 0.41023060 0.19071632
vt 0.41023060 0.20813970
vt 0.41286704 0.25723861
vt 0.41286704 0.25723861
vt 0.41286704 0.25723861
vt 0.41286704 0.25723861
vt 0.41286704 0.33324887
vt 0.41286704 0.33324887
vt 0.41286704 0.33324887
vt 0.41286704 0.25723861
vt 0.41764381 0.71620821
vt 0.41764381 0.38533828
vt 0.41764381 0.71620821
vt 0.41764381 0.38533828
vt 0.41876834 0.25723861
vt 0.41876834 0.25723861
vt 0.41876834 0.33324887
vt 0.41876834 0.33324887
vt 0.41876834 0.33324887
vt 0.41876834 0.33324887
vt 0.41876834 0.25723861
vt 0.41876834 0.25723861
vt 0.41876834 0.25723861
vt 0.41876834 0.33324887
vt 0.42125083 0.98464204
vt 0.42125083 0.98464204
vt 0.42182534 0.19071632
vt 0.42182534 0.20813970
vt 0.42182534 0.19071632
vt 0.42182534 0.20813970
vt 0.42382509 1.4549432e-2
vt 0.42382509 7.6148178e-2
vt 0.42923777 0.94899747
vt 0.42923777 0.94899747
vt 0.43534853 0.87040704
vt 0.43534853 0.87040704
vt 0.44845573 0.79008912
vt 0.44845573 0.79008912
vt 0.46019860 7.6147934e-2
vt 0.46019860 1.4549676e-2
vt 0.46197197 0.34088246
vt 0.46197197 0.34088246
vt 0.46197197 0.76066403
vt 0.46197197 0.72204413
vt 0.46197197 0.37950236
vt 0.46197197 0.37950236
vt 0.46197197 0.34088246
vt 0.46197197 0.34088246
vt 0.46197197 0.72204413
vt 0.46197197 0.37950236
vt 0.46197197 0.76066403
vt 0.46197197 0.37950236
vt 0.46279850 0.39032735
vt 0.46279850 0.68669314
vt 0.46279850 0.39032735
vt 0.46535188 0.99200012
vt 0.46535188 0.99200012
vt 0.46936973 0.95569333
vt 0.46936973 0.95569333
vt 0.49657211 1.4549432e-2
vt 0.49657211 7.6148178e-2
vt 0.50306909 0.87589644
vt 0.50306909 0.79451606
vt 0.50306909 0.79451606
vt 0.50306909 0.87589644
vt 0.50630014 0.71620821
vt 0.50630014 0.38533828
vt 0.50630014 0.38533828
vt 0.50630014 0.71620821
vt 0.50999468 0.99446278
vt 0.50999468 0.95793434
vt 0.50999468 0.95793434
vt 0.50999468 0.99446278
vt 0.51629571 0.34803431
vt 0.51629571 0.75351218
vt 0.51629571 0.34803431
vt 0.51629571 0.75351218
vt 0.52181056 0.23585194
vt 0.52181056 0.23585194
vt 0.52712124 0.27619057
vt 0.52712124 0.19551331
vt 0.52712124 0.19551331
vt 0.52712125 0.27619057
vt 0.53294638 7.6148580e-2
vt 0.53294638 1.4549030e-2
vt 0.53688995 0.41018009
vt 0.53688995 0.41018009
vt 0.53688995 0.66684040
vt 0.53833135 0.23585194
vt 0.53833135 0.23585194
vt 0.54269137 0.15792369
vt 0.54269137 0.15792368
vt 0.54269137 0.31378019
vt 0.54269138 0.31378019
vt 0.54307910 0.27191467
vt 0.54307910 0.19978920
vt 0.54307910 0.19978921
vt 0.54307910 0.27191468
vt 0.54760741 0.40244831
vt 0.54760741 0.69909818
vt 0.54760741 0.69909818
vt 0.54760741 0.40244831
vt 0.55061962 0.95569333
vt 0.55061962 0.95569333
vt 0.55463748 0.99200012
vt 0.55463748 0.99200012
vt 0.55699880 0.16618408
vt 0.55699880 0.30551979
vt 0.55699880 0.16618408
vt 0.55699880 0.30551980
vt 0.55768245 0.79008912
vt 0.55768245 0.79008912
vt 0.56691737 0.36900249
vt 0.56691737 0.73254400
vt 0.56691737 0.73254400
vt 0.56691737 0.36900249
vt 0.56745987 0.12564475
vt 0.56745988 0.34605913
vt 0.56745988 0.12564475
vt 0.56745988 0.34605913
vt 0.56932097 1.4549830e-2
vt 0.56932097 7.6147780e-2
vt 0.57078966 0.87040704
vt 0.57078966 0.87040704
vt 0.57914184 0.13732671
vt 0.57914184 0.33437717
vt 0.57914184 0.13732671
vt 0.57914184 0.33437717
vt 0.58307878 0.42966644
vt 0.58307878 0.67188005
vt 0.58307878 0.67188005
vt 0.58307878 0.42966644
vt 0.59075158 0.94899747
vt 0.59075158 0.94899747
vt 0.59112866 0.46441880
vt 0.59112866 0.61260169
vt 0.59873853 0.98464204
vt 0.59873853 0.98464204
vt 0.59973881 0.10087625
vt 0.59973881 0.37082763
vt 0.59973881 0.10087625
vt 0.59973882 0.37082763
vt 0.60569328 7.6147461e-2
vt 0.60569328 1.4550149e-2
vt 0.60799921 0.11518367
vt 0.60799921 0.35652021
vt 0.60799921 0.11518367
vt 0.60799921 0.35652021
vt 0.61029691 0.46513780
vt 0.61029691 0.63640869
vt 0.61029691 0.46513780
vt 0.61029691 0.63640869
vt 0.61038717 0.69918844
vt 0.61038717 0.40235805
vt 0.61038717 0.40235805
vt 0.61038717 0.69918844
vt 0.61086980 0.77692390
vt 0.61086980 0.77692390
vt 0.61098140 0.53851024
vt 0.62621956 0.23587620
vt 0.62621956 0.23587620
vt 0.62647081 0.22989169
vt 0.62647081 0.22989169
vt 0.62647081 0.22989169
vt 0.62647081 0.22989169
vt 0.62647081 0.22989169
vt 0.62647081 0.22989169
vt 0.62647081 0.22989169
vt 0.62647081 0.22989169
vt 0.62647081 0.22989169
vt 0.62647081 0.22989169
vt 0.62647081 0.22989169
vt 0.62647081 0.22989169
vt 0.62647081 0.22989169
vt 0.62647081 0.22989169
vt 0.62647081 0.22989169
vt 0.62740694 0.59510141
vt 0.62740694 0.50644508
vt 0.62740694 0.50644508
vt 0.62740694 0.59510141
vt 0.62990354 0.93792803
vt 0.62990354 0.93792803
vt 0.63324286 0.55077324
vt 0.63324286 0.55077324
vt 0.63467120 0.23518449
vt 0.63467120 0.23518449
vt 0.63674197 0.85408216
vt 0.63674197 0.85408216
vt 0.63726780 0.19893667
vt 0.63726780 0.19893667
vt 0.63732843 8.5306119e-2
vt 0.63732843 0.38639776
vt 0.63732843 8.5306116e-2
vt 0.63732844 0.38639776
vt 0.64160433 0.10126398
vt 0.64160433 0.37043990
vt 0.64160433 0.10126397
vt 0.64160433 0.37043990
vt 0.64176266 0.97247781
vt 0.64176266 0.97247781
vt 0.64194224 0.19254037
vt 0.64194224 0.19254037
vt 0.64194224 0.26724301
vt 0.64194224 0.26724301
vt 0.64194224 0.19254037
vt 0.64194224 0.26724301
vt 0.64194224 0.19254037
vt 0.64194224 0.26724301
vt 0.64194224 0.19254037
vt 0.64194224 0.26724301
vt 0.64194224 0.19254037
vt 0.64194224 0.19254037
vt 0.64194224 0.19254037
vt 0.64194224 0.19254037
vt 0.64194224 0.19254037
vt 0.64194224 0.19254037
vt 0.64194224 0.19254037
vt 0.64194224 0.26724301
vt 0.64194224 0.26724301
vt 0.64194224 0.26724301
vt 0.64194224 0.26724301
vt 0.64194224 0.26724301
vt 0.64194224 0.26724301
vt 0.64194224 0.26724301
vt 0.64194224 0.19254037
vt 0.64194224 0.19254037
vt 0.64194224 0.26724301
vt 0.64194224 0.26724301
vt 0.64194224 0.19254037
vt 0.64194224 0.26724301
vt 0.64206818 7.6147955e-2
vt 0.64206818 1.4549655e-2
vt 0.64312709 0.27052772
vt 0.64312709 0.27052772
vt 0.64374273 0.65571864
vt 0.64374273 0.44582785
vt 0.64374273 0.65571864
vt 0.64374273 0.44582785
vt 0.64395172 0.20415528
vt 0.64395172 0.20415528
vt 0.64887353 0.26429177
vt 0.64887353 0.26429177
vt 0.66124235 0.75536414
vt 0.66124235 0.75536414
vt 0.66471091 0.49644951
vt 0.66471091 0.60509698
vt 0.66471091 0.60509698
vt 0.66471091 0.49644951
vt 0.66760039 0.92261933
vt 0.66760039 0.92261933
vt 0.67042468 0.17925892
vt 0.67042468 0.17925892
vt 0.67180350 0.18762597
vt 0.67180350 0.18762597
vt 0.67186276 0.55077324
vt 0.67186276 0.55077324
vt 0.67766706 7.9995436e-2
vt 0.67766706 7.9995434e-2
vt 0.67766706 9.6516225e-2
vt 0.67766706 9.6516224e-2
vt 0.67766707 0.39170844
vt 0.67766707 0.37518765
vt 0.67766707 9.6516224e-2
vt 0.67766707 7.9995434e-2
vt 0.67766707 9.6516223e-2
vt 0.67766707 7.9995434e-2
vt 0.67766707 0.37518765
vt 0.67766707 0.39170844
vt 0.67844281 1.4550151e-2
vt 0.67844281 7.6147459e-2
vt 0.67904231 0.28455235
vt 0.67904231 0.27607245
vt 0.67904231 0.27607245
vt 0.67904231 0.28455235
vt 0.67929356 0.17706894
vt 0.67929356 0.17706894
vt 0.67929356 0.28271444
vt 0.67929356 0.28271444
vt 0.67929356 0.17706894
vt 0.67929356 0.28271444
vt 0.67929356 0.17706894
vt 0.67929356 0.28271444
vt 0.67929356 0.17706894
vt 0.67929356 0.28271444
vt 0.67929356 0.17706894
vt 0.67929356 0.17706894
vt 0.67929356 0.17706894
vt 0.67929356 0.17706894
vt 0.67929356 0.17706894
vt 0.67929356 0.17706894
vt 0.67929356 0.28271444
vt 0.67929356 0.28271444
vt 0.67929356 0.28271444
vt 0.67929356 0.28271444
vt 0.67929356 0.28271444
vt 0.67929356 0.17706894
vt 0.67929356 0.28271444
vt 0.67929356 0.17706894
vt 0.67929356 0.17706894
vt 0.67929356 0.28271444
vt 0.67929356 0.28271444
vt 0.67929356 0.17706894
vt 0.67929356 0.28271444
vt 0.68318777 0.95565507
vt 0.68318777 0.95565507
vt 0.68628111 0.18762597
vt 0.68628111 0.18762597
vt 0.68765993 0.17925892
vt 0.68765993 0.17925892
vt 0.69920393 0.82734806
vt 0.69920393 0.82734806
vt 0.70338467 0.90325715
vt 0.70338467 0.90325715
vt 0.70748483 0.72597280
vt 0.70748483 0.72597280
vt 0.70921109 0.26429177
vt 0.70921109 0.26429177
vt 0.71372980 0.10126397
vt 0.71372980 0.37043990
vt 0.71372980 0.10126397
vt 0.71372981 0.37043990
vt 0.71413289 0.20415528
vt 0.71413289 0.20415528
vt 0.71481579 7.6147534e-2
vt 0.71481579 1.4550076e-2
vt 0.71495752 0.27052772
vt 0.71495752 0.27052772
vt 0.71664489 0.19254037
vt 0.71664489 0.19254037
vt 0.71664489 0.26724301
vt 0.71664489 0.26724301
vt 0.71664489 0.19254037
vt 0.71664489 0.26724301
vt 0.71664489 0.19254037
vt 0.71664489 0.26724301
vt 0.71664489 0.26724301
vt 0.71664489 0.19254037
vt 0.71664489 0.19254037
vt 0.71664489 0.19254037
vt 0.71664489 0.19254037
vt 0.71664489 0.19254037
vt 0.71664489 0.19254037
vt 0.71664489 0.26724301
vt 0.71664489 0.26724301
vt 0.71664489 0.26724301
vt 0.71664489 0.26724301
vt 0.71664489 0.26724301
vt 0.71664489 0.26724301
vt 0.71664489 0.19254037
vt 0.71664489 0.19254037
vt 0.71664489 0.26724301
vt 0.71664489 0.26724301
vt 0.71664489 0.19254037
vt 0.71664489 0.19254037
vt 0.71664489 0.19254037
vt 0.71664489 0.26724301
vt 0.71664489 0.26724301
vt 0.71800569 8.5306114e-2
vt 0.71800570 0.38639776
vt 0.71800570 8.5306116e-2
vt 0.71800570 0.38639776
vt 0.72081681 0.19893667
vt 0.72081681 0.19893667
vt 0.72251115 0.93437795
vt 0.72251115 0.93437795
vt 0.72341342 0.23518449
vt 0.72341342 0.23518449
vt 0.73186506 0.23587620
vt 0.73186506 0.23587620
vt 0.73211631 0.22989169
vt 0.73211631 0.22989169
vt 0.73211631 0.22989169
vt 0.73211631 0.22989169
vt 0.73211631 0.22989169
vt 0.73211631 0.22989169
vt 0.73211631 0.22989169
vt 0.73211631 0.22989169
vt 0.73211631 0.22989169
vt 0.73211631 0.22989169
vt 0.73211631 0.22989169
vt 0.73211631 0.22989169
vt 0.73211631 0.22989169
vt 0.73211631 0.22989169
vt 0.73211631 0.22989169
vt 0.73682213 0.88007645
vt 0.73682213 0.88007645
vt 0.74733492 0.11518367
vt 0.74733492 0.35652021
vt 0.74733492 0.11518367
vt 0.74733493 0.35652020
vt 0.74838978 0.68951733
vt 0.74838978 0.68951733
vt 0.75118978 7.6147932e-2
vt 0.75118978 1.4549678e-2
vt 0.75559531 0.10087625
vt 0.75559532 0.37082763
vt 0.75559532 0.10087625
vt 0.75559532 0.37082763
vt 0.75654460 0.79090280
vt 0.75654460 0.79090280
vt 0.75925561 0.90890465
vt 0.75925561 0.90890465
vt 0.76750700 0.85335854
vt 0.76750700 0.85335854
vt 0.77619229 0.13732671
vt 0.77619229 0.33437717
vt 0.77619229 0.13732671
vt 0.77619230 0.33437716
vt 0.78288914 0.64694961
vt 0.78288914 0.64694961
vt 0.78756405 1.4549525e-2
vt 0.78756405 7.6148085e-2
vt 0.78787425 0.12564474
vt 0.78787426 0.34605913
vt 0.78787426 0.12564475
vt 0.78787426 0.34605913
vt 0.79297525 0.87954431
vt 0.79297525 0.87954431
vt 0.79506692 0.82342763
vt 0.79506692 0.82342763
vt 0.79833533 0.16618408
vt 0.79833533 0.30551980
vt 0.79833534 0.16618408
vt 0.79833534 0.30551979
vt 0.80726675 0.74569801
vt 0.80726675 0.74569801
vt 0.81008210 0.59938113
vt 0.81008210 0.59938113
vt 0.81225503 0.27191468
vt 0.81225503 0.19978920
vt 0.81225503 0.19978920
vt 0.81225503 0.27191467
vt 0.81264275 0.15792368
vt 0.81264276 0.15792369
vt 0.81264276 0.31378019
vt 0.81264276 0.31378019
vt 0.81700278 0.23585193
vt 0.81700278 0.23585194
vt 0.81915927 0.33268921
vt 0.81915927 0.33268921
vt 0.81916745 0.79064695
vt 0.81916745 0.79064695
vt 0.82326088 0.84665320
vt 0.82326088 0.84665320
vt 0.82393856 7.6147758e-2
vt 0.82393856 1.4549853e-2
vt 0.82821289 0.27619057
vt 0.82821289 0.19551330
vt 0.82821289 0.19551331
vt 0.82821289 0.27619056
vt 0.82925860 0.54805395
vt 0.82925860 0.54805395
vt 0.83352357 0.23585193
vt 0.83352357 0.23585194
vt 0.83480148 0.38520148
vt 0.83480148 0.38520148
vt 0.83951612 0.75541429
vt 0.83951612 0.75541429
vt 0.83991795 0.49430830
vt 0.83991795 0.49430830
vt 0.84178179 0.43954752
vt 0.84178179 0.43954752
vt 0.84974498 0.81063047
vt 0.84974498 0.81063047
vt 0.85004596 0.69291404
vt 0.85004596 0.69291404
vt 0.85586599 0.71815721
vt 0.85586599 0.71815721
vt 0.86031109 7.6148064e-2
vt 0.86031109 1.4549547e-2
vt 0.86801866 0.67932782
vt 0.86801866 0.67932782
vt 0.87210615 0.77191327
vt 0.87210615 0.77191327
vt 0.88376522 0.63392912
vt 0.88376522 0.63392912
vt 0.89007304 0.73097142
vt 0.89007304 0.73097142
vt 0.89502091 0.30323114
vt 0.89502091 0.30323114
vt 0.89668565 1.4548731e-2
vt 0.89668565 7.6148879e-2
vt 0.90342763 0.68830176
vt 0.90342763 0.68830176
vt 0.90754409 0.57028343
vt 0.90754409 0.57028343
vt 0.91441725 0.36834636
vt 0.91441725 0.36834636
vt 0.92076167 0.50363882
vt 0.92076167 0.50363882
vt 0.92307284 0.43573545
vt 0.92307284 0.43573545
vn -1.00000000 3.8255786e-16 0.0000000e+0
vn 7.7612727e-17 1.00000000 5.4076353e-16
vn 7.7612727e-17 1.00000000 5.4076353e-16
vn -1.00000000 3.8255786e-16 0.0000000e+0
vn 3.8806364e-17 0.70710678 0.70710678
vn 3.8806364e-17 0.70710678 0.70710678
vn -1.00000000 3.8255786e-16 0.0000000e+0
vn -1.9403182e-17 6.6093321e-16 1.00000000
vn -1.9403182e-17 6.6093321e-16 1.00000000
vn -1.00000000 3.8255786e-16 0.0000000e+0
vn 5.8209545e-17 -0.70710678 0.70710678
vn 5.8209545e-17 -0.70710678 0.70710678
vn -1.00000000 3.8255786e-16 0.0000000e+0
vn 1.5522545e-16 -1.00000000 6.6093321e-16
vn 1.5522545e-16 -1.00000000 6.6093321e-16
vn -1.00000000 3.8255786e-16 0.0000000e+0
vn 5.8209545e-17 -0.70710678 -0.70710678
vn 5.8209545e-17 -0.70710678 -0.70710678
vn -1.00000000 3.8255786e-16 0.0000000e+0
vn -1.9403182e-17 6.6093321e-16 -1.00000000
vn -1.9403182e-17 6.6093321e-16 -1.00000000
vn -1.00000000 3.8255786e-16 0.0000000e+0
vn 3.8806364e-17 0.70710678 -0.70710678
vn 3.8806364e-17 0.70710678 -0.70710678
vn 1.00000000 0.0000000e+0 0.0000000e+0
vn 7.7612727e-17 1.00000000 5.4076353e-16
vn 7.7612727e-17 1.00000000 5.4076353e-16
vn 1.00000000 0.0000000e+0 0.0000000e+0
vn 3.8806364e-17 0.70710678 0.70710678
vn 3.8806364e-17 0.70710678 0.70710678
vn 1.00000000 0.0000000e+0 0.0000000e+0
vn -1.9403182e-17 6.6093321e-16 1.00000000
vn -1.9403182e-17 6.6093321e-16 1.00000000
vn 1.00000000 0.0000000e+0 0.0000000e+0
vn 5.8209545e-17 -0.70710678 0.70710678
vn 5.8209545e-17 -0.70710678 0.70710678
vn 1.00000000 0.0000000e+0 0.0000000e+0
vn 1.5522545e-16 -1.00000000 6.6093321e-16
vn 1.5522545e-16 -1.00000000 6.6093321e-16
vn 1.00000000 0.0000000e+0 0.0000000e+0
vn 5.8209545e-17 -0.70710678 -0.70710678
vn 5.8209545e-17 -0.70710678 -0.70710678
vn 1.00000000 0.0000000e+0 0.0000000e+0
vn -1.9403182e-17 6.6093321e-16 -1.00000000
vn -1.9403182e-17 6.6093321e-16 -1.00000000
vn 1.00000000 0.0000000e+0 0.0000000e+0
vn 3.8806364e-17 0.70710678 -0.70710678
vn 3.8806364e-17 0.70710678 -0.70710678
vn 0.0000000e+0 -1.00000000 -1.9819851e-16
vn -1.00000000 0.0000000e+0 7.2101805e-16
vn -1.00000000 0.0000000e+0 7.2101805e-16
vn 0.0000000e+0 -1.00000000 -1.9819851e-16
vn -0.70710678 0.0000000e+0 0.70710678
vn -0.70710678 0.0000000e+0 0.70710678
vn 0.0000000e+0 -1.00000000 -1.9819851e-16
vn -6.0084837e-17 0.0000000e+0 1.00000000
vn -6.0084837e-17 0.0000000e+0 1.00000000
vn 0.0000000e+0 -1.00000000 -1.9819851e-16
vn 0.70710678 1.7232942e-16 0.70710678
vn 0.70710678 1.7232942e-16 0.70710678
vn 0.0000000e+0 -1.00000000 -1.9819851e-16
vn 1.00000000 1.7232942e-16 7.2101805e-16
vn 1.00000000 1.7232942e-16 7.2101805e-16
vn 0.0000000e+0 -1.00000000 -1.9819851e-16
vn 0.70710678 0.0000000e+0 -0.70710678
vn 0.70710678 0.0000000e+0 -0.70710678
vn 0.0000000e+0 -1.00000000 -1.9819851e-16
vn -1.2016967e-16 0.0000000e+0 -1.00000000
vn -1.2016967e-16 0.0000000e+0 -1.00000000
vn 0.0000000e+0 -1.00000000 -1.9819851e-16
vn -0.70710678 0.0000000e+0 -0.70710678
vn -0.70710678 0.0000000e+0 -0.70710678
vn 0.0000000e+0 1.00000000 -1.9819851e-16
vn -1.00000000 6.8931766e-16 7.2101805e-16
vn -1.00000000 6.8931766e-16 7.2101805e-16
vn 0.0000000e+0 1.00000000 -1.9819851e-16
vn -0.70710678 1.0339765e-15 0.70710678
vn -0.70710678 1.0339765e-15 0.70710678
vn 0.0000000e+0 1.00000000 -1.9819851e-16
vn -1.2016967e-16 2.1346422e-31 1.00000000
vn -1.2016967e-16 2.1346422e-31 1.00000000
vn 0.0000000e+0 1.00000000 -1.9819851e-16
vn 0.70710678 -3.4465883e-16 0.70710678
vn 0.70710678 -3.4465883e-16 0.70710678
vn 0.0000000e+0 1.00000000 -1.9819851e-16
vn 1.00000000 0.0000000e+0 7.2101805e-16
vn 1.00000000 0.0000000e+0 7.2101805e-16
vn 0.0000000e+0 1.00000000 -1.9819851e-16
vn 0.70710678 -6.8931766e-16 -0.70710678
vn 0.70710678 -6.8931766e-16 -0.70710678
vn 0.0000000e+0 1.00000000 -1.9819851e-16
vn -9.0127256e-17 -6.8931766e-16 -1.00000000
vn -9.0127256e-17 -6.8931766e-16 -1.00000000
vn 0.0000000e+0 1.00000000 -1.9819851e-16
vn -0.70710678 0.0000000e+0 -0.70710678
vn -0.70710678 0.0000000e+0 -0.70710678
vn -1.00000000 0.0000000e+0 7.2101805e-16
vn -1.00000000 0.0000000e+0 7.2101805e-16
vn -0.31070091 0.95050773 3.3581384e-16
vn -0.31070091 0.95050773 3.3581384e-16
vn -0.31070091 -0.95050773 2.6585262e-16
vn -1.00000000 6.8931766e-16 7.2101805e-16
vn -0.31070091 -0.95050773 2.6585262e-16
vn -1.00000000 6.8931766e-16 7.2101805e-16
vn -0.70710678 0.0000000e+0 0.70710678
vn -0.70710678 0.0000000e+0 0.70710678
vn -0.21969872 0.95050773 0.21969872
vn -0.21969872 0.95050773 0.21969872
vn -0.21969872 -0.95050773 0.21969872
vn -0.70710678 1.0339765e-15 0.70710678
vn -0.21969872 -0.95050773 0.21969872
vn -0.70710678 1.0339765e-15 0.70710678
vn -6.0084837e-17 0.0000000e+0 1.00000000
vn -6.0084837e-17 0.0000000e+0 1.00000000
vn 1.5391468e-16 0.95050773 0.31070091
vn 1.5391468e-16 0.95050773 0.31070091
vn 3.0782935e-16 -0.95050773 0.31070091
vn -1.2016967e-16 2.1346422e-31 1.00000000
vn 3.0782935e-16 -0.95050773 0.31070091
vn -1.2016967e-16 2.1346422e-31 1.00000000
vn 0.70710678 1.7232942e-16 0.70710678
vn 0.70710678 1.7232942e-16 0.70710678
vn 0.21969872 0.95050773 0.21969872
vn 0.21969872 0.95050773 0.21969872
vn 0.21969872 -0.95050773 0.21969872
vn 0.70710678 -3.4465883e-16 0.70710678
vn 0.21969872 -0.95050773 0.21969872
vn 0.70710678 -3.4465883e-16 0.70710678
vn 1.00000000 1.7232942e-16 7.2101805e-16
vn 1.00000000 1.7232942e-16 7.2101805e-16
vn 0.31070091 0.95050773 2.6585262e-16
vn 0.31070091 0.95050773 2.6585262e-16
vn 0.31070091 -0.95050773 2.0988365e-16
vn 1.00000000 0.0000000e+0 7.2101805e-16
vn 0.31070091 -0.95050773 2.0988365e-16
vn 1.00000000 0.0000000e+0 7.2101805e-16
vn 0.70710678 0.0000000e+0 -0.70710678
vn 0.70710678 0.0000000e+0 -0.70710678
vn 0.21969872 0.95050773 -0.21969872
vn 0.21969872 0.95050773 -0.21969872
vn 0.21969872 -0.95050773 -0.21969872
vn 0.70710678 -6.8931766e-16 -0.70710678
vn 0.21969872 -0.95050773 -0.21969872
vn 0.70710678 -6.8931766e-16 -0.70710678
vn -1.2016967e-16 0.0000000e+0 -1.00000000
vn -1.2016967e-16 0.0000000e+0 -1.00000000
vn 1.3992243e-17 0.95050773 -0.31070091
vn 1.3992243e-17 0.95050773 -0.31070091
vn -3.2182160e-16 -0.95050773 -0.31070091
vn -9.0127256e-17 -6.8931766e-16 -1.00000000
vn -3.2182160e-16 -0.95050773 -0.31070091
vn -9.0127256e-17 -6.8931766e-16 -1.00000000
vn -0.70710678 0.0000000e+0 -0.70710678
vn -0.70710678 0.0000000e+0 -0.70710678
vn -0.21969872 0.95050773 -0.21969872
vn -0.21969872 0.95050773 -0.21969872
vn -0.21969872 -0.95050773 -0.21969872
vn -0.70710678 0.0000000e+0 -0.70710678
vn -0.21969872 -0.95050773 -0.21969872
vn -0.70710678 0.0000000e+0 -0.70710678
vn -1.00000000 0.0000000e+0 1.2617816e-15
vn -0.31070091 0.95050773 3.3581384e-16
vn -1.00000000 0.0000000e+0 1.2617816e-15
vn -0.31070091 0.95050773 3.3581384e-16
vn -0.31070091 -0.95050773 2.6585262e-16
vn -0.31070091 -0.95050773 2.6585262e-16
vn -1.00000000 0.0000000e+0 1.2617816e-15
vn -1.00000000 0.0000000e+0 1.2617816e-15
vn -0.70710678 0.0000000e+0 0.70710678
vn -0.21969872 0.95050773 0.21969872
vn -0.70710678 0.0000000e+0 0.70710678
vn -0.21969872 0.95050773 0.21969872
vn -0.21969872 -0.95050773 0.21969872
vn -0.21969872 -0.95050773 0.21969872
vn -0.70710678 0.0000000e+0 0.70710678
vn -0.70710678 0.0000000e+0 0.70710678
vn 1.8025451e-16 0.0000000e+0 1.00000000
vn 1.5391468e-16 0.95050773 0.31070091
vn 1.8025451e-16 0.0000000e+0 1.00000000
vn 1.5391468e-16 0.95050773 0.31070091
vn 3.0782935e-16 -0.95050773 0.31070091
vn 3.0782935e-16 -0.95050773 0.31070091
vn 1.8025451e-16 0.0000000e+0 1.00000000
vn 1.8025451e-16 0.0000000e+0 1.00000000
vn 0.70710678 -3.1657233e-17 0.70710678
vn 0.21969872 0.95050773 0.21969872
vn 0.70710678 -3.1657233e-17 0.70710678
vn 0.21969872 0.95050773 0.21969872
vn 0.21969872 -0.95050773 0.21969872
vn 0.21969872 -0.95050773 0.21969872
vn 0.70710678 -3.1657233e-17 0.70710678
vn 0.70710678 -3.1657233e-17 0.70710678
vn 1.00000000 -4.7485850e-17 1.0514846e-15
vn 0.31070091 0.95050773 2.6585262e-16
vn 1.00000000 -4.7485850e-17 1.0514846e-15
vn 0.31070091 0.95050773 2.6585262e-16
vn 0.31070091 -0.95050773 2.0988365e-16
vn 0.31070091 -0.95050773 2.0988365e-16
vn 1.00000000 -4.7485850e-17 1.0514846e-15
vn 1.00000000 -4.7485850e-17 1.0514846e-15
vn 0.70710678 -1.5828617e-17 -0.70710678
vn 0.21969872 0.95050773 -0.21969872
vn 0.70710678 -1.5828617e-17 -0.70710678
vn 0.21969872 0.95050773 -0.21969872
vn 0.21969872 -0.95050773 -0.21969872
vn 0.21969872 -0.95050773 -0.21969872
vn 0.70710678 -1.5828617e-17 -0.70710678
vn 0.70710678 -1.5828617e-17 -0.70710678
vn 2.1029693e-16 0.0000000e+0 -1.00000000
vn 1.3992243e-17 0.95050773 -0.31070091
vn 2.1029693e-16 0.0000000e+0 -1.00000000
vn 1.3992243e-17 0.95050773 -0.31070091
vn -3.2182160e-16 -0.95050773 -0.31070091
vn -3.2182160e-16 -0.95050773 -0.31070091
vn 2.1029693e-16 0.0000000e+0 -1.00000000
vn 2.1029693e-16 0.0000000e+0 -1.00000000
vn -0.70710678 0.0000000e+0 -0.70710678
vn -0.21969872 0.95050773 -0.21969872
vn -0.70710678 0.0000000e+0 -0.70710678
vn -0.21969872 0.95050773 -0.21969872
vn -0.21969872 -0.95050773 -0.21969872
vn -0.21969872 -0.95050773 -0.21969872
vn -0.70710678 0.0000000e+0 -0.70710678
vn -0.70710678 0.0000000e+0 -0.70710678
vn -0.61899181 0.78539744 -1.1510216e-15
vn -0.61899181 0.78539744 -1.1510216e-15
vn -1.00000000 0.0000000e+0 0.0000000e+0
vn -1.00000000 0.0000000e+0 0.0000000e+0
vn -0.61899181 0.75863567 0.20327582
vn -0.61899181 0.75863567 0.20327582
vn -1.00000000 0.0000000e+0 -3.3768481e-17
vn -1.00000000 0.0000000e+0 -3.3768481e-17
vn -0.61899181 0.68017414 0.39269872
vn -0.61899181 0.68017414 0.39269872
vn -1.00000000 0.0000000e+0 -7.5187634e-18
vn -1.00000000 0.0000000e+0 -7.5187634e-18
vn -0.61899181 0.55535986 0.55535986
vn -0.61899181 0.55535986 0.55535986
vn -1.00000000 0.0000000e+0 9.3786680e-17
vn -1.00000000 0.0000000e+0 9.3786680e-17
vn -0.61899181 0.39269872 0.68017414
vn -0.61899181 0.39269872 0.68017414
vn -1.00000000 0.0000000e+0 3.6977855e-32
vn -1.00000000 0.0000000e+0 3.6977855e-32
vn -0.61899181 0.20327582 0.75863567
vn -0.61899181 0.20327582 0.75863567
vn -1.00000000 0.0000000e+0 -2.0261089e-16
vn -1.00000000 0.0000000e+0 -2.0261089e-16
vn -0.61899181 7.6734776e-17 0.78539744
vn -0.61899181 7.6734776e-17 0.78539744
vn -1.00000000 0.0000000e+0 -2.7014785e-16
vn -1.00000000 0.0000000e+0 -2.7014785e-16
vn -0.61899181 -0.20327582 0.75863567
vn -0.61899181 -0.20327582 0.75863567
vn -1.00000000 0.0000000e+0 -1.3507392e-16
vn -1.00000000 0.0000000e+0 -1.3507392e-16
vn -0.61899181 -0.39269872 0.68017414
vn -0.61899181 -0.39269872 0.68017414
vn -1.00000000 0.0000000e+0 0.0000000e+0
vn -1.00000000 0.0000000e+0 0.0000000e+0
vn -0.61899181 -0.55535986 0.55535986
vn -0.61899181 -0.55535986 0.55535986
vn -1.00000000 0.0000000e+0 0.0000000e+0
vn -1.00000000 0.0000000e+0 0.0000000e+0
vn -0.61899181 -0.68017414 0.39269872
vn -0.61899181 -0.68017414 0.39269872
vn -1.00000000 0.0000000e+0 0.0000000e+0
vn -1.00000000 0.0000000e+0 0.0000000e+0
vn -0.61899181 -0.75863567 0.20327582
vn -0.61899181 -0.75863567 0.20327582
vn -1.00000000 0.0000000e+0 0.0000000e+0
vn -1.00000000 0.0000000e+0 0.0000000e+0
vn -0.61899181 -0.78539744 1.9532489e-16
vn -0.61899181 -0.78539744 1.9532489e-16
vn -1.00000000 0.0000000e+0 0.0000000e+0
vn -1.00000000 0.0000000e+0 0.0000000e+0
vn -0.61899181 -0.75863567 -0.20327582
vn -0.61899181 -0.75863567 -0.20327582
vn -1.00000000 0.0000000e+0 3.3768481e-17
vn -1.00000000 0.0000000e+0 3.3768481e-17
vn -0.61899181 -0.68017414 -0.39269872
vn -0.61899181 -0.68017414 -0.39269872
vn -1.00000000 0.0000000e+0 7.5187634e-18
vn -1.00000000 0.0000000e+0 7.5187634e-18
vn -0.61899181 -0.55535986 -0.55535986
vn -0.61899181 -0.55535986 -0.55535986
vn -1.00000000 0.0000000e+0 -9.3786680e-17
vn -1.00000000 0.0000000e+0 -9.3786680e-17
vn -0.61899181 -0.39269872 -0.68017414
vn -0.61899181 -0.39269872 -0.68017414
vn -1.00000000 0.0000000e+0 2.2186713e-31
vn -1.00000000 0.0000000e+0 2.2186713e-31
vn -0.61899181 -0.20327582 -0.75863567
vn -0.61899181 -0.20327582 -0.75863567
vn -1.00000000 0.0000000e+0 2.0261089e-16
vn -1.00000000 0.0000000e+0 2.0261089e-16
vn -0.61899181 -3.2786677e-16 -0.78539744
vn -0.61899181 -3.2786677e-16 -0.78539744
vn -1.00000000 0.0000000e+0 2.7014785e-16
vn -1.00000000 0.0000000e+0 2.7014785e-16
vn -0.61899181 0.20327582 -0.75863567
vn -0.61899181 0.20327582 -0.75863567
vn -1.00000000 0.0000000e+0 1.3507392e-16
vn -1.00000000 0.0000000e+0 1.3507392e-16
vn -0.61899181 0.39269872 -0.68017414
vn -0.61899181 0.39269872 -0.68017414
vn -1.00000000 0.0000000e+0 0.0000000e+0
vn -1.00000000 0.0000000e+0 0.0000000e+0
vn -0.61899181 0.55535986 -0.55535986
vn -0.61899181 0.55535986 -0.55535986
vn -1.00000000 0.0000000e+0 0.0000000e+0
vn -1.00000000 0.0000000e+0 0.0000000e+0
vn -0.61899181 0.68017414 -0.39269872
vn -0.61899181 0.68017414 -0.39269872
vn -1.00000000 0.0000000e+0 0.0000000e+0
vn -1.00000000 0.0000000e+0 0.0000000e+0
vn -0.61899181 0.75863567 -0.20327582
vn -0.61899181 0.75863567 -0.20327582
vn -1.00000000 0.0000000e+0 0.0000000e+0
vn -1.00000000 0.0000000e+0 0.0000000e+0
vn 1.00000000 0.0000000e+0 0.0000000e+0
vn 1.00000000 0.0000000e+0 0.0000000e+0
vn 0.61899181 0.78539744 -1.1510216e-15
vn 0.61899181 0.78539744 -1.1510216e-15
vn 1.00000000 0.0000000e+0 0.0000000e+0
vn 1.00000000 0.0000000e+0 0.0000000e+0
vn 0.61899181 0.75863567 0.20327582
vn 0.61899181 0.75863567 0.20327582
vn 1.00000000 0.0000000e+0 0.0000000e+0
vn 1.00000000 0.0000000e+0 0.0000000e+0
vn 0.61899181 0.68017414 0.39269872
vn 0.61899181 0.68017414 0.39269872
vn 1.00000000 0.0000000e+0 0.0000000e+0
vn 1.00000000 0.0000000e+0 0.0000000e+0
vn 0.61899181 0.55535986 0.55535986
vn 0.61899181 0.55535986 0.55535986
vn 1.00000000 0.0000000e+0 -3.3768481e-17
vn 1.00000000 0.0000000e+0 -3.3768481e-17
vn 0.61899181 0.39269872 0.68017414
vn 0.61899181 0.39269872 0.68017414
vn 1.00000000 0.0000000e+0 -3.3768481e-17
vn 1.00000000 0.0000000e+0 -3.3768481e-17
vn 0.61899181 0.20327582 0.75863567
vn 0.61899181 0.20327582 0.75863567
vn 1.00000000 0.0000000e+0 0.0000000e+0
vn 1.00000000 0.0000000e+0 0.0000000e+0
vn 0.61899181 7.6734776e-17 0.78539744
vn 0.61899181 7.6734776e-17 0.78539744
vn 1.00000000 0.0000000e+0 0.0000000e+0
vn 1.00000000 0.0000000e+0 0.0000000e+0
vn 0.61899181 -0.20327582 0.75863567
vn 0.61899181 -0.20327582 0.75863567
vn 1.00000000 0.0000000e+0 8.4421203e-18
vn 1.00000000 0.0000000e+0 8.4421203e-18
vn 0.61899181 -0.39269872 0.68017414
vn 0.61899181 -0.39269872 0.68017414
vn 1.00000000 0.0000000e+0 -2.0445760e-18
vn 1.00000000 0.0000000e+0 -2.0445760e-18
vn 0.61899181 -0.55535986 0.55535986
vn 0.61899181 -0.55535986 0.55535986
vn 1.00000000 0.0000000e+0 -2.0445760e-18
vn 1.00000000 0.0000000e+0 -2.0445760e-18
vn 0.61899181 -0.68017414 0.39269872
vn 0.61899181 -0.68017414 0.39269872
vn 1.00000000 0.0000000e+0 8.4421203e-18
vn 1.00000000 0.0000000e+0 8.4421203e-18
vn 0.61899181 -0.75863567 0.20327582
vn 0.61899181 -0.75863567 0.20327582
vn 1.00000000 0.0000000e+0 0.0000000e+0
vn 1.00000000 0.0000000e+0 0.0000000e+0
vn 0.61899181 -0.78539744 2.1625255e-16
vn 0.61899181 -0.78539744 2.1625255e-16
vn 1.00000000 0.0000000e+0 0.0000000e+0
vn 1.00000000 0.0000000e+0 0.0000000e+0
vn 0.61899181 -0.75863567 -0.20327582
vn 0.61899181 -0.75863567 -0.20327582
vn 1.00000000 0.0000000e+0 0.0000000e+0
vn 1.00000000 0.0000000e+0 0.0000000e+0
vn 0.61899181 -0.68017414 -0.39269872
vn 0.61899181 -0.68017414 -0.39269872
vn 1.00000000 0.0000000e+0 -3.3768481e-17
vn 1.00000000 0.0000000e+0 -3.3768481e-17
vn 0.61899181 -0.55535986 -0.55535986
vn 0.61899181 -0.55535986 -0.55535986
vn 1.00000000 0.0000000e+0 1.0477059e-31
vn 1.00000000 0.0000000e+0 1.0477059e-31
vn 0.61899181 -0.39269872 -0.68017414
vn 0.61899181 -0.39269872 -0.68017414
vn 1.00000000 0.0000000e+0 3.3768481e-17
vn 1.00000000 0.0000000e+0 3.3768481e-17
vn 0.61899181 -0.20327582 -0.75863567
vn 0.61899181 -0.20327582 -0.75863567
vn 1.00000000 0.0000000e+0 0.0000000e+0
vn 1.00000000 0.0000000e+0 0.0000000e+0
vn 0.61899181 -3.2786677e-16 -0.78539744
vn 0.61899181 -3.2786677e-16 -0.78539744
vn 1.00000000 0.0000000e+0 1.6884241e-17
vn 1.00000000 0.0000000e+0 1.6884241e-17
vn 0.61899181 0.20327582 -0.75863567
vn 0.61899181 0.20327582 -0.75863567
vn 1.00000000 0.0000000e+0 4.2210602e-17
vn 1.00000000 0.0000000e+0 4.2210602e-17
vn 0.61899181 0.39269872 -0.68017414
vn 0.61899181 0.39269872 -0.68017414
vn 1.00000000 0.0000000e+0 2.6777350e-17
vn 1.00000000 0.0000000e+0 2.6777350e-17
vn 0.61899181 0.55535986 -0.55535986
vn 0.61899181 0.55535986 -0.55535986
vn 1.00000000 0.0000000e+0 1.4509894e-18
vn 1.00000000 0.0000000e+0 1.4509894e-18
vn 0.61899181 0.68017414 -0.39269872
vn 0.61899181 0.68017414 -0.39269872
vn 1.00000000 0.0000000e+0 0.0000000e+0
vn 1.00000000 0.0000000e+0 0.0000000e+0
vn 0.61899181 0.75863567 -0.20327582
vn 0.61899181 0.75863567 -0.20327582
vn -1.00000000 0.0000000e+0 -3.3768481e-17
vn -1.00000000 0.0000000e+0 -3.3768481e-17
vn -0.42198303 -0.87571196 -0.23464631
vn -0.42198303 -0.87571196 -0.23464631
vn -1.00000000 0.0000000e+0 0.0000000e+0
vn -1.00000000 0.0000000e+0 0.0000000e+0
vn -0.42198303 -0.90660373 1.5024512e-15
vn -0.42198303 -0.90660373 1.5024512e-15
vn -1.00000000 0.0000000e+0 0.0000000e+0
vn -1.00000000 0.0000000e+0 0.0000000e+0
vn -0.42198303 -0.87571196 0.23464631
vn -0.42198303 -0.87571196 0.23464631
vn -1.00000000 0.0000000e+0 0.0000000e+0
vn -1.00000000 0.0000000e+0 0.0000000e+0
vn -0.42198303 -0.78514186 0.45330186
vn -0.42198303 -0.78514186 0.45330186
vn -1.00000000 0.0000000e+0 0.0000000e+0
vn -1.00000000 0.0000000e+0 0.0000000e+0
vn -0.42198303 -0.64106564 0.64106564
vn -0.42198303 -0.64106564 0.64106564
vn -1.00000000 0.0000000e+0 0.0000000e+0
vn -1.00000000 0.0000000e+0 0.0000000e+0
vn -0.42198303 -0.45330186 0.78514186
vn -0.42198303 -0.45330186 0.78514186
vn -1.00000000 0.0000000e+0 1.3507392e-16
vn -1.00000000 0.0000000e+0 1.3507392e-16
vn -0.42198303 -0.23464631 0.87571196
vn -0.42198303 -0.23464631 0.87571196
vn -1.00000000 0.0000000e+0 2.7014785e-16
vn -1.00000000 0.0000000e+0 2.7014785e-16
vn -0.42198303 -5.3808716e-16 0.90660373
vn -0.42198303 -5.3808716e-16 0.90660373
vn -1.00000000 0.0000000e+0 2.0261089e-16
vn -1.00000000 0.0000000e+0 2.0261089e-16
vn -0.42198303 0.23464631 0.87571196
vn -0.42198303 0.23464631 0.87571196
vn -1.00000000 0.0000000e+0 2.2186713e-31
vn -1.00000000 0.0000000e+0 2.2186713e-31
vn -0.42198303 0.45330186 0.78514186
vn -0.42198303 0.45330186 0.78514186
vn -1.00000000 0.0000000e+0 -9.3786680e-17
vn -1.00000000 0.0000000e+0 -9.3786680e-17
vn -0.42198303 0.64106564 0.64106564
vn -0.42198303 0.64106564 0.64106564
vn -1.00000000 0.0000000e+0 7.5187634e-18
vn -1.00000000 0.0000000e+0 7.5187634e-18
vn -0.42198303 0.78514186 0.45330186
vn -0.42198303 0.78514186 0.45330186
vn -1.00000000 0.0000000e+0 3.3768481e-17
vn -1.00000000 0.0000000e+0 3.3768481e-17
vn -0.42198303 0.87571196 0.23464631
vn -0.42198303 0.87571196 0.23464631
vn -1.00000000 0.0000000e+0 0.0000000e+0
vn -1.00000000 0.0000000e+0 0.0000000e+0
vn -0.42198303 0.90660373 -9.5737585e-16
vn -0.42198303 0.90660373 -9.5737585e-16
vn -1.00000000 0.0000000e+0 0.0000000e+0
vn -1.00000000 0.0000000e+0 0.0000000e+0
vn -0.42198303 0.87571196 -0.23464631
vn -0.42198303 0.87571196 -0.23464631
vn -1.00000000 0.0000000e+0 0.0000000e+0
vn -1.00000000 0.0000000e+0 0.0000000e+0
vn -0.42198303 0.78514186 -0.45330186
vn -0.42198303 0.78514186 -0.45330186
vn -1.00000000 0.0000000e+0 0.0000000e+0
vn -1.00000000 0.0000000e+0 0.0000000e+0
vn -0.42198303 0.64106564 -0.64106564
vn -0.42198303 0.64106564 -0.64106564
vn -1.00000000 0.0000000e+0 0.0000000e+0
vn -1.00000000 0.0000000e+0 0.0000000e+0
vn -0.42198303 0.45330186 -0.78514186
vn -0.42198303 0.45330186 -0.78514186
vn -1.00000000 0.0000000e+0 -1.3507392e-16
vn -1.00000000 0.0000000e+0 -1.3507392e-16
vn -0.42198303 0.23464631 -0.87571196
vn -0.42198303 0.23464631 -0.87571196
vn -1.00000000 0.0000000e+0 -2.7014785e-16
vn -1.00000000 0.0000000e+0 -2.7014785e-16
vn -0.42198303 -4.1928869e-17 -0.90660373
vn -0.42198303 -4.1928869e-17 -0.90660373
vn -1.00000000 0.0000000e+0 -2.0261089e-16
vn -1.00000000 0.0000000e+0 -2.0261089e-16
vn -0.42198303 -0.23464631 -0.87571196
vn -0.42198303 -0.23464631 -0.87571196
vn -1.00000000 0.0000000e+0 3.6977855e-32
vn -1.00000000 0.0000000e+0 3.6977855e-32
vn -0.42198303 -0.45330186 -0.78514186
vn -0.42198303 -0.45330186 -0.78514186
vn -1.00000000 0.0000000e+0 9.3786680e-17
vn -1.00000000 0.0000000e+0 9.3786680e-17
vn -0.42198303 -0.64106564 -0.64106564
vn -0.42198303 -0.64106564 -0.64106564
vn -1.00000000 0.0000000e+0 -7.5187634e-18
vn -1.00000000 0.0000000e+0 -7.5187634e-18
vn -0.42198303 -0.78514186 -0.45330186
vn -0.42198303 -0.78514186 -0.45330186
vn 1.00000000 0.0000000e+0 0.0000000e+0
vn 1.00000000 0.0000000e+0 0.0000000e+0
vn 0.42198303 -0.90660373 1.5164274e-15
vn 0.42198303 -0.90660373 1.5164274e-15
vn 1.00000000 0.0000000e+0 0.0000000e+0
vn 1.00000000 0.0000000e+0 0.0000000e+0
vn 0.42198303 -0.87571196 -0.23464631
vn 0.42198303 -0.87571196 -0.23464631
vn 1.00000000 0.0000000e+0 0.0000000e+0
vn 1.00000000 0.0000000e+0 0.0000000e+0
vn 0.42198303 -0.78514186 -0.45330186
vn 0.42198303 -0.78514186 -0.45330186
vn 1.00000000 0.0000000e+0 0.0000000e+0
vn 1.00000000 0.0000000e+0 0.0000000e+0
vn 0.42198303 -0.64106564 -0.64106564
vn 0.42198303 -0.64106564 -0.64106564
vn 1.00000000 0.0000000e+0 -3.3768481e-17
vn 1.00000000 0.0000000e+0 -3.3768481e-17
vn 0.42198303 -0.45330186 -0.78514186
vn 0.42198303 -0.45330186 -0.78514186
vn 1.00000000 0.0000000e+0 -3.3768481e-17
vn 1.00000000 0.0000000e+0 -3.3768481e-17
vn 0.42198303 -0.23464631 -0.87571196
vn 0.42198303 -0.23464631 -0.87571196
vn 1.00000000 0.0000000e+0 0.0000000e+0
vn 1.00000000 0.0000000e+0 0.0000000e+0
vn 0.42198303 -5.5905159e-17 -0.90660373
vn 0.42198303 -5.5905159e-17 -0.90660373
vn 1.00000000 0.0000000e+0 0.0000000e+0
vn 1.00000000 0.0000000e+0 0.0000000e+0
vn 0.42198303 0.23464631 -0.87571196
vn 0.42198303 0.23464631 -0.87571196
vn 1.00000000 0.0000000e+0 8.4421203e-18
vn 1.00000000 0.0000000e+0 8.4421203e-18
vn 0.42198303 0.45330186 -0.78514186
vn 0.42198303 0.45330186 -0.78514186
vn 1.00000000 0.0000000e+0 -2.0445760e-18
vn 1.00000000 0.0000000e+0 -2.0445760e-18
vn 0.42198303 0.64106564 -0.64106564
vn 0.42198303 0.64106564 -0.64106564
vn 1.00000000 0.0000000e+0 -2.0445760e-18
vn 1.00000000 0.0000000e+0 -2.0445760e-18
vn 0.42198303 0.78514186 -0.45330186
vn 0.42198303 0.78514186 -0.45330186
vn 1.00000000 0.0000000e+0 8.4421203e-18
vn 1.00000000 0.0000000e+0 8.4421203e-18
vn 0.42198303 0.87571196 -0.23464631
vn 0.42198303 0.87571196 -0.23464631
vn 1.00000000 0.0000000e+0 0.0000000e+0
vn 1.00000000 0.0000000e+0 0.0000000e+0
vn 0.42198303 0.90660373 -9.7834028e-16
vn 0.42198303 0.90660373 -9.7834028e-16
vn 1.00000000 0.0000000e+0 0.0000000e+0
vn 1.00000000 0.0000000e+0 0.0000000e+0
vn 0.42198303 0.87571196 0.23464631
vn 0.42198303 0.87571196 0.23464631
vn 1.00000000 0.0000000e+0 0.0000000e+0
vn 1.00000000 0.0000000e+0 0.0000000e+0
vn 0.42198303 0.78514186 0.45330186
vn 0.42198303 0.78514186 0.45330186
vn 1.00000000 0.0000000e+0 -3.3768481e-17
vn 1.00000000 0.0000000e+0 -3.3768481e-17
vn 0.42198303 0.64106564 0.64106564
vn 0.42198303 0.64106564 0.64106564
vn 1.00000000 0.0000000e+0 1.0477059e-31
vn 1.00000000 0.0000000e+0 1.0477059e-31
vn 0.42198303 0.45330186 0.78514186
vn 0.42198303 0.45330186 0.78514186
vn 1.00000000 0.0000000e+0 3.3768481e-17
vn 1.00000000 0.0000000e+0 3.3768481e-17
vn 0.42198303 0.23464631 0.87571196
vn 0.42198303 0.23464631 0.87571196
vn 1.00000000 0.0000000e+0 0.0000000e+0
vn 1.00000000 0.0000000e+0 0.0000000e+0
vn 0.42198303 -5.3109901e-16 0.90660373
vn 0.42198303 -5.3109901e-16 0.90660373
vn 1.00000000 0.0000000e+0 1.6884241e-17
vn 1.00000000 0.0000000e+0 1.6884241e-17
vn 0.42198303 -0.23464631 0.87571196
vn 0.42198303 -0.23464631 0.87571196
vn 1.00000000 0.0000000e+0 4.2210602e-17
vn 1.00000000 0.0000000e+0 4.2210602e-17
vn 0.42198303 -0.45330186 0.78514186
vn 0.42198303 -0.45330186 0.78514186
vn 1.00000000 0.0000000e+0 2.6777350e-17
vn 1.00000000 0.0000000e+0 2.6777350e-17
vn 0.42198303 -0.64106564 0.64106564
vn 0.42198303 -0.64106564 0.64106564
vn 1.00000000 0.0000000e+0 1.4509894e-18
vn 1.00000000 0.0000000e+0 1.4509894e-18
vn 0.42198303 -0.78514186 0.45330186
vn 0.42198303 -0.78514186 0.45330186
vn 1.00000000 0.0000000e+0 0.0000000e+0
vn 1.00000000 0.0000000e+0 0.0000000e+0
vn 0.42198303 -0.87571196 0.23464631
vn 0.42198303 -0.87571196 0.23464631
vn -0.42198303 -0.87571196 -0.23464631
vn -0.42198303 -0.87571196 -0.23464631
vn -1.00000000 0.0000000e+0 3.0260067e-17
vn -1.00000000 0.0000000e+0 3.0260067e-17
vn -0.42198303 -0.90660373 1.5024512e-15
vn -0.42198303 -0.90660373 1.5024512e-15
vn -1.00000000 0.0000000e+0 0.0000000e+0
vn -1.00000000 0.0000000e+0 0.0000000e+0
vn -0.42198303 -0.87571196 0.23464631
vn -0.42198303 -0.87571196 0.23464631
vn -1.00000000 0.0000000e+0 0.0000000e+0
vn -1.00000000 0.0000000e+0 0.0000000e+0
vn -0.42198303 -0.78514186 0.45330186
vn -0.42198303 -0.78514186 0.45330186
vn -1.00000000 0.0000000e+0 0.0000000e+0
vn -1.00000000 0.0000000e+0 0.0000000e+0
vn -0.42198303 -0.64106564 0.64106564
vn -0.42198303 -0.64106564 0.64106564
vn -1.00000000 0.0000000e+0 0.0000000e+0
vn -1.00000000 0.0000000e+0 0.0000000e+0
vn -0.42198303 -0.45330186 0.78514186
vn -0.42198303 -0.45330186 0.78514186
vn -1.00000000 0.0000000e+0 0.0000000e+0
vn -1.00000000 0.0000000e+0 0.0000000e+0
vn -0.42198303 -0.23464631 0.87571196
vn -0.42198303 -0.23464631 0.87571196
vn -1.00000000 0.0000000e+0 -2.0385729e-16
vn -1.00000000 0.0000000e+0 -2.0385729e-16
vn -0.42198303 -5.3808716e-16 0.90660373
vn -0.42198303 -5.3808716e-16 0.90660373
vn -1.00000000 0.0000000e+0 -1.0192865e-16
vn -1.00000000 0.0000000e+0 -1.0192865e-16
vn -0.42198303 0.23464631 0.87571196
vn -0.42198303 0.23464631 0.87571196
vn -1.00000000 0.0000000e+0 1.0192865e-16
vn -1.00000000 0.0000000e+0 1.0192865e-16
vn -0.42198303 0.45330186 0.78514186
vn -0.42198303 0.45330186 0.78514186
vn -1.00000000 0.0000000e+0 0.0000000e+0
vn -1.00000000 0.0000000e+0 0.0000000e+0
vn -0.42198303 0.64106564 0.64106564
vn -0.42198303 0.64106564 0.64106564
vn -1.00000000 0.0000000e+0 -1.0192865e-16
vn -1.00000000 0.0000000e+0 -1.0192865e-16
vn -0.42198303 0.78514186 0.45330186
vn -0.42198303 0.78514186 0.45330186
vn -1.00000000 0.0000000e+0 -7.9631754e-17
vn -1.00000000 0.0000000e+0 -7.9631754e-17
vn -0.42198303 0.87571196 0.23464631
vn -0.42198303 0.87571196 0.23464631
vn -1.00000000 0.0000000e+0 2.2296891e-17
vn -1.00000000 0.0000000e+0 2.2296891e-17
vn -0.42198303 0.90660373 -9.5737585e-16
vn -0.42198303 0.90660373 -9.5737585e-16
vn -1.00000000 0.0000000e+0 0.0000000e+0
vn -1.00000000 0.0000000e+0 0.0000000e+0
vn -0.42198303 0.87571196 -0.23464631
vn -0.42198303 0.87571196 -0.23464631
vn -1.00000000 0.0000000e+0 0.0000000e+0
vn -1.00000000 0.0000000e+0 0.0000000e+0
vn -0.42198303 0.78514186 -0.45330186
vn -0.42198303 0.78514186 -0.45330186
vn -1.00000000 0.0000000e+0 -1.0192865e-16
vn -1.00000000 0.0000000e+0 -1.0192865e-16
vn -0.42198303 0.64106564 -0.64106564
vn -0.42198303 0.64106564 -0.64106564
vn -1.00000000 0.0000000e+0 -1.0192865e-16
vn -1.00000000 0.0000000e+0 -1.0192865e-16
vn -0.42198303 0.45330186 -0.78514186
vn -0.42198303 0.45330186 -0.78514186
vn -1.00000000 0.0000000e+0 0.0000000e+0
vn -1.00000000 0.0000000e+0 0.0000000e+0
vn -0.42198303 0.23464631 -0.87571196
vn -0.42198303 0.23464631 -0.87571196
vn -1.00000000 0.0000000e+0 0.0000000e+0
vn -1.00000000 0.0000000e+0 0.0000000e+0
vn -0.42198303 -4.1928869e-17 -0.90660373
vn -0.42198303 -4.1928869e-17 -0.90660373
vn -1.00000000 0.0000000e+0 2.0385729e-16
vn -1.00000000 0.0000000e+0 2.0385729e-16
vn -0.42198303 -0.23464631 -0.87571196
vn -0.42198303 -0.23464631 -0.87571196
vn -1.00000000 0.0000000e+0 2.0385729e-16
vn -1.00000000 0.0000000e+0 2.0385729e-16
vn -0.42198303 -0.45330186 -0.78514186
vn -0.42198303 -0.45330186 -0.78514186
vn -1.00000000 0.0000000e+0 0.0000000e+0
vn -1.00000000 0.0000000e+0 0.0000000e+0
vn -0.42198303 -0.64106564 -0.64106564
vn -0.42198303 -0.64106564 -0.64106564
vn -1.00000000 0.0000000e+0 0.0000000e+0
vn -1.00000000 0.0000000e+0 0.0000000e+0
vn -0.42198303 -0.78514186 -0.45330186
vn -0.42198303 -0.78514186 -0.45330186
vn -1.00000000 0.0000000e+0 3.0260067e-17
vn -1.00000000 0.0000000e+0 3.0260067e-17
vn 0.42198303 -0.90660373 1.5164274e-15
vn 0.42198303 -0.90660373 1.5164274e-15
vn 1.00000000 0.0000000e+0 0.0000000e+0
vn 1.00000000 0.0000000e+0 0.0000000e+0
vn 0.42198303 -0.87571196 -0.23464631
vn 0.42198303 -0.87571196 -0.23464631
vn 1.00000000 0.0000000e+0 0.0000000e+0
vn 1.00000000 0.0000000e+0 0.0000000e+0
vn 0.42198303 -0.78514186 -0.45330186
vn 0.42198303 -0.78514186 -0.45330186
vn 1.00000000 0.0000000e+0 0.0000000e+0
vn 1.00000000 0.0000000e+0 0.0000000e+0
vn 0.42198303 -0.64106564 -0.64106564
vn 0.42198303 -0.64106564 -0.64106564
vn 1.00000000 0.0000000e+0 0.0000000e+0
vn 1.00000000 0.0000000e+0 0.0000000e+0
vn 0.42198303 -0.45330186 -0.78514186
vn 0.42198303 -0.45330186 -0.78514186
vn 1.00000000 0.0000000e+0 0.0000000e+0
vn 1.00000000 0.0000000e+0 0.0000000e+0
vn 0.42198303 -0.23464631 -0.87571196
vn 0.42198303 -0.23464631 -0.87571196
vn 1.00000000 0.0000000e+0 0.0000000e+0
vn 1.00000000 0.0000000e+0 0.0000000e+0
vn 0.42198303 -5.5905159e-17 -0.90660373
vn 0.42198303 -5.5905159e-17 -0.90660373
vn 1.00000000 0.0000000e+0 0.0000000e+0
vn 1.00000000 0.0000000e+0 0.0000000e+0
vn 0.42198303 0.23464631 -0.87571196
vn 0.42198303 0.23464631 -0.87571196
vn 1.00000000 0.0000000e+0 0.0000000e+0
vn 1.00000000 0.0000000e+0 0.0000000e+0
vn 0.42198303 0.45330186 -0.78514186
vn 0.42198303 0.45330186 -0.78514186
vn 1.00000000 0.0000000e+0 0.0000000e+0
vn 1.00000000 0.0000000e+0 0.0000000e+0
vn 0.42198303 0.64106564 -0.64106564
vn 0.42198303 0.64106564 -0.64106564
vn 1.00000000 0.0000000e+0 3.1852702e-18
vn 1.00000000 0.0000000e+0 3.1852702e-18
vn 0.42198303 0.78514186 -0.45330186
vn 0.42198303 0.78514186 -0.45330186
vn 1.00000000 0.0000000e+0 3.5336591e-18
vn 1.00000000 0.0000000e+0 3.5336591e-18
vn 0.42198303 0.87571196 -0.23464631
vn 0.42198303 0.87571196 -0.23464631
vn 1.00000000 0.0000000e+0 3.4838893e-19
vn 1.00000000 0.0000000e+0 3.4838893e-19
vn 0.42198303 0.90660373 -9.7834028e-16
vn 0.42198303 0.90660373 -9.7834028e-16
vn 1.00000000 0.0000000e+0 0.0000000e+0
vn 1.00000000 0.0000000e+0 0.0000000e+0
vn 0.42198303 0.87571196 0.23464631
vn 0.42198303 0.87571196 0.23464631
vn 1.00000000 0.0000000e+0 0.0000000e+0
vn 1.00000000 0.0000000e+0 0.0000000e+0
vn 0.42198303 0.78514186 0.45330186
vn 0.42198303 0.78514186 0.45330186
vn 1.00000000 0.0000000e+0 0.0000000e+0
vn 1.00000000 0.0000000e+0 0.0000000e+0
vn 0.42198303 0.64106564 0.64106564
vn 0.42198303 0.64106564 0.64106564
vn 1.00000000 0.0000000e+0 0.0000000e+0
vn 1.00000000 0.0000000e+0 0.0000000e+0
vn 0.42198303 0.45330186 0.78514186
vn 0.42198303 0.45330186 0.78514186
vn 1.00000000 0.0000000e+0 0.0000000e+0
vn 1.00000000 0.0000000e+0 0.0000000e+0
vn 0.42198303 0.23464631 0.87571196
vn 0.42198303 0.23464631 0.87571196
vn 1.00000000 0.0000000e+0 0.0000000e+0
vn 1.00000000 0.0000000e+0 0.0000000e+0
vn 0.42198303 -5.3109901e-16 0.90660373
vn 0.42198303 -5.3109901e-16 0.90660373
vn 1.00000000 0.0000000e+0 -3.1852702e-18
vn 1.00000000 0.0000000e+0 -3.1852702e-18
vn 0.42198303 -0.23464631 0.87571196
vn 0.42198303 -0.23464631 0.87571196
vn 1.00000000 0.0000000e+0 -3.1852702e-18
vn 1.00000000 0.0000000e+0 -3.1852702e-18
vn 0.42198303 -0.45330186 0.78514186
vn 0.42198303 -0.45330186 0.78514186
vn 1.00000000 0.0000000e+0 1.5926351e-18
vn 1.00000000 0.0000000e+0 1.5926351e-18
vn 0.42198303 -0.64106564 0.64106564
vn 0.42198303 -0.64106564 0.64106564
vn 1.00000000 0.0000000e+0 3.9815877e-18
vn 1.00000000 0.0000000e+0 3.9815877e-18
vn 0.42198303 -0.78514186 0.45330186
vn 0.42198303 -0.78514186 0.45330186
vn 1.00000000 0.0000000e+0 2.9364209e-18
vn 1.00000000 0.0000000e+0 2.9364209e-18
vn 0.42198303 -0.87571196 0.23464631
vn 0.42198303 -0.87571196 0.23464631
vn 1.00000000 0.0000000e+0 5.4746831e-19
vn 1.00000000 0.0000000e+0 5.4746831e-19
vn -1.00000000 0.0000000e+0 3.0260067e-17
vn -1.00000000 0.0000000e+0 3.0260067e-17
vn -2.3166535e-16 -0.96592583 -0.25881905
vn -2.3166535e-16 -0.96592583 -0.25881905
vn -1.00000000 0.0000000e+0 0.0000000e+0
vn -1.00000000 0.0000000e+0 0.0000000e+0
vn -4.6333069e-16 -1.00000000 1.7636899e-15
vn -4.6333069e-16 -1.00000000 1.7636899e-15
vn -1.00000000 0.0000000e+0 0.0000000e+0
vn -1.00000000 0.0000000e+0 0.0000000e+0
vn -2.3166535e-16 -0.96592583 0.25881905
vn -2.3166535e-16 -0.96592583 0.25881905
vn -1.00000000 0.0000000e+0 0.0000000e+0
vn -1.00000000 0.0000000e+0 0.0000000e+0
vn 2.8958168e-16 -0.86602540 0.50000000
vn 2.8958168e-16 -0.86602540 0.50000000
vn -1.00000000 0.0000000e+0 0.0000000e+0
vn -1.00000000 0.0000000e+0 0.0000000e+0
vn 3.1853985e-16 -0.70710678 0.70710678
vn 3.1853985e-16 -0.70710678 0.70710678
vn -1.00000000 0.0000000e+0 0.0000000e+0
vn -1.00000000 0.0000000e+0 0.0000000e+0
vn 1.4479084e-16 -0.50000000 0.86602540
vn 1.4479084e-16 -0.50000000 0.86602540
vn -1.00000000 0.0000000e+0 -2.0385729e-16
vn -1.00000000 0.0000000e+0 -2.0385729e-16
vn 5.1762726e-16 -0.25881905 0.96592583
vn 5.1762726e-16 -0.25881905 0.96592583
vn -1.00000000 0.0000000e+0 -1.0192865e-16
vn -1.00000000 0.0000000e+0 -1.0192865e-16
vn 1.0393268e-15 -4.6191878e-16 1.00000000
vn 1.0393268e-15 -4.6191878e-16 1.00000000
vn -1.00000000 0.0000000e+0 1.0192865e-16
vn -1.00000000 0.0000000e+0 1.0192865e-16
vn 5.2169950e-16 0.25881905 0.96592583
vn 5.2169950e-16 0.25881905 0.96592583
vn -1.00000000 0.0000000e+0 0.0000000e+0
vn -1.00000000 0.0000000e+0 0.0000000e+0
vn 0.0000000e+0 0.50000000 0.86602540
vn 0.0000000e+0 0.50000000 0.86602540
vn -1.00000000 0.0000000e+0 -1.0192865e-16
vn -1.00000000 0.0000000e+0 -1.0192865e-16
vn 0.0000000e+0 0.70710678 0.70710678
vn 0.0000000e+0 0.70710678 0.70710678
vn -1.00000000 0.0000000e+0 -7.9631754e-17
vn -1.00000000 0.0000000e+0 -7.9631754e-17
vn -5.7916337e-17 0.86602540 0.50000000
vn -5.7916337e-17 0.86602540 0.50000000
vn -1.00000000 0.0000000e+0 2.2296891e-17
vn -1.00000000 0.0000000e+0 2.2296891e-17
vn -1.1583267e-16 0.96592583 0.25881905
vn -1.1583267e-16 0.96592583 0.25881905
vn -1.00000000 0.0000000e+0 0.0000000e+0
vn -1.00000000 0.0000000e+0 0.0000000e+0
vn -1.9891699e-31 1.00000000 -9.6583017e-16
vn -1.9891699e-31 1.00000000 -9.6583017e-16
vn -1.00000000 0.0000000e+0 0.0000000e+0
vn -1.00000000 0.0000000e+0 0.0000000e+0
vn 5.7916337e-17 0.96592583 -0.25881905
vn 5.7916337e-17 0.96592583 -0.25881905
vn -1.00000000 0.0000000e+0 -1.0192865e-16
vn -1.00000000 0.0000000e+0 -1.0192865e-16
vn 2.8958168e-17 0.86602540 -0.50000000
vn 2.8958168e-17 0.86602540 -0.50000000
vn -1.00000000 0.0000000e+0 -1.0192865e-16
vn -1.00000000 0.0000000e+0 -1.0192865e-16
vn 1.1583267e-16 0.70710678 -0.70710678
vn 1.1583267e-16 0.70710678 -0.70710678
vn -1.00000000 0.0000000e+0 0.0000000e+0
vn -1.00000000 0.0000000e+0 0.0000000e+0
vn 6.1536108e-17 0.50000000 -0.86602540
vn 6.1536108e-17 0.50000000 -0.86602540
vn -1.00000000 0.0000000e+0 0.0000000e+0
vn -1.00000000 0.0000000e+0 0.0000000e+0
vn -2.5338397e-17 0.25881905 -0.96592583
vn -2.5338397e-17 0.25881905 -0.96592583
vn -1.00000000 0.0000000e+0 2.0385729e-16
vn -1.00000000 0.0000000e+0 2.0385729e-16
vn 0.0000000e+0 1.5397293e-16 -1.00000000
vn 0.0000000e+0 1.5397293e-16 -1.00000000
vn -1.00000000 0.0000000e+0 2.0385729e-16
vn -1.00000000 0.0000000e+0 2.0385729e-16
vn 2.8958168e-17 -0.25881905 -0.96592583
vn 2.8958168e-17 -0.25881905 -0.96592583
vn -1.00000000 0.0000000e+0 0.0000000e+0
vn -1.00000000 0.0000000e+0 0.0000000e+0
vn 2.8958168e-17 -0.50000000 -0.86602540
vn 2.8958168e-17 -0.50000000 -0.86602540
vn -1.00000000 0.0000000e+0 0.0000000e+0
vn -1.00000000 0.0000000e+0 0.0000000e+0
vn 5.7916337e-17 -0.70710678 -0.70710678
vn 5.7916337e-17 -0.70710678 -0.70710678
vn -1.00000000 0.0000000e+0 3.0260067e-17
vn -1.00000000 0.0000000e+0 3.0260067e-17
vn -5.7916337e-17 -0.86602540 -0.50000000
vn -5.7916337e-17 -0.86602540 -0.50000000
vn 1.00000000 0.0000000e+0 0.0000000e+0
vn 1.00000000 0.0000000e+0 0.0000000e+0
vn -4.6333069e-16 -1.00000000 1.7636899e-15
vn -4.6333069e-16 -1.00000000 1.7636899e-15
vn 1.00000000 0.0000000e+0 0.0000000e+0
vn 1.00000000 0.0000000e+0 0.0000000e+0
vn -2.3166535e-16 -0.96592583 -0.25881905
vn -2.3166535e-16 -0.96592583 -0.25881905
vn 1.00000000 0.0000000e+0 0.0000000e+0
vn 1.00000000 0.0000000e+0 0.0000000e+0
vn -5.7916337e-17 -0.86602540 -0.50000000
vn -5.7916337e-17 -0.86602540 -0.50000000
vn 1.00000000 0.0000000e+0 0.0000000e+0
vn 1.00000000 0.0000000e+0 0.0000000e+0
vn 5.7916337e-17 -0.70710678 -0.70710678
vn 5.7916337e-17 -0.70710678 -0.70710678
vn 1.00000000 0.0000000e+0 0.0000000e+0
vn 1.00000000 0.0000000e+0 0.0000000e+0
vn 2.8958168e-17 -0.50000000 -0.86602540
vn 2.8958168e-17 -0.50000000 -0.86602540
vn 1.00000000 0.0000000e+0 0.0000000e+0
vn 1.00000000 0.0000000e+0 0.0000000e+0
vn 2.8958168e-17 -0.25881905 -0.96592583
vn 2.8958168e-17 -0.25881905 -0.96592583
vn 1.00000000 0.0000000e+0 0.0000000e+0
vn 1.00000000 0.0000000e+0 0.0000000e+0
vn 0.0000000e+0 1.5397293e-16 -1.00000000
vn 0.0000000e+0 1.5397293e-16 -1.00000000
vn 1.00000000 0.0000000e+0 0.0000000e+0
vn 1.00000000 0.0000000e+0 0.0000000e+0
vn -2.5338397e-17 0.25881905 -0.96592583
vn -2.5338397e-17 0.25881905 -0.96592583
vn 1.00000000 0.0000000e+0 0.0000000e+0
vn 1.00000000 0.0000000e+0 0.0000000e+0
vn 6.1536108e-17 0.50000000 -0.86602540
vn 6.1536108e-17 0.50000000 -0.86602540
vn 1.00000000 0.0000000e+0 3.1852702e-18
vn 1.00000000 0.0000000e+0 3.1852702e-18
vn 1.1583267e-16 0.70710678 -0.70710678
vn 1.1583267e-16 0.70710678 -0.70710678
vn 1.00000000 0.0000000e+0 3.5336591e-18
vn 1.00000000 0.0000000e+0 3.5336591e-18
vn 2.8958168e-17 0.86602540 -0.50000000
vn 2.8958168e-17 0.86602540 -0.50000000
vn 1.00000000 0.0000000e+0 3.4838893e-19
vn 1.00000000 0.0000000e+0 3.4838893e-19
vn 5.7916337e-17 0.96592583 -0.25881905
vn 5.7916337e-17 0.96592583 -0.25881905
vn 1.00000000 0.0000000e+0 0.0000000e+0
vn 1.00000000 0.0000000e+0 0.0000000e+0
vn -1.9891699e-31 1.00000000 -9.6583017e-16
vn -1.9891699e-31 1.00000000 -9.6583017e-16
vn 1.00000000 0.0000000e+0 0.0000000e+0
vn 1.00000000 0.0000000e+0 0.0000000e+0
vn -1.1583267e-16 0.96592583 0.25881905
vn -1.1583267e-16 0.96592583 0.25881905
vn 1.00000000 0.0000000e+0 0.0000000e+0
vn 1.00000000 0.0000000e+0 0.0000000e+0
vn -5.7916337e-17 0.86602540 0.50000000
vn -5.7916337e-17 0.86602540 0.50000000
vn 1.00000000 0.0000000e+0 0.0000000e+0
vn 1.00000000 0.0000000e+0 0.0000000e+0
vn 0.0000000e+0 0.70710678 0.70710678
vn 0.0000000e+0 0.70710678 0.70710678
vn 1.00000000 0.0000000e+0 0.0000000e+0
vn 1.00000000 0.0000000e+0 0.0000000e+0
vn 0.0000000e+0 0.50000000 0.86602540
vn 0.0000000e+0 0.50000000 0.86602540
vn 1.00000000 0.0000000e+0 0.0000000e+0
vn 1.00000000 0.0000000e+0 0.0000000e+0
vn 5.2169950e-16 0.25881905 0.96592583
vn 5.2169950e-16 0.25881905 0.96592583
vn 1.00000000 0.0000000e+0 -3.1852702e-18
vn 1.00000000 0.0000000e+0 -3.1852702e-18
vn 1.0393268e-15 -4.6191878e-16 1.00000000
vn 1.0393268e-15 -4.6191878e-16 1.00000000
vn 1.00000000 0.0000000e+0 -3.1852702e-18
vn 1.00000000 0.0000000e+0 -3.1852702e-18
vn 5.1762726e-16 -0.25881905 0.96592583
vn 5.1762726e-16 -0.25881905 0.96592583
vn 1.00000000 0.0000000e+0 1.5926351e-18
vn 1.00000000 0.0000000e+0 1.5926351e-18
vn 1.4479084e-16 -0.50000000 0.86602540
vn 1.4479084e-16 -0.50000000 0.86602540
vn 1.00000000 0.0000000e+0 3.9815877e-18
vn 1.00000000 0.0000000e+0 3.9815877e-18
vn 3.1853985e-16 -0.70710678 0.70710678
vn 3.1853985e-16 -0.70710678 0.70710678
vn 1.00000000 0.0000000e+0 2.9364209e-18
vn 1.00000000 0.0000000e+0 2.9364209e-18
vn 2.8958168e-16 -0.86602540 0.50000000
vn 2.8958168e-16 -0.86602540 0.50000000
vn 1.00000000 0.0000000e+0 5.4746831e-19
vn 1.00000000 0.0000000e+0 5.4746831e-19
vn -2.3166535e-16 -0.96592583 0.25881905
vn -2.3166535e-16 -0.96592583 0.25881905
vn -0.61899181 0.78539744 -1.1510216e-15
vn -0.61899181 0.78539744 -1.1510216e-15
vn 0.61899181 0.78539744 -1.1510216e-15
vn 0.61899181 0.78539744 -1.1510216e-15
vn -0.61899181 0.75863567 0.20327582
vn -0.61899181 0.75863567 0.20327582
vn 0.61899181 0.75863567 0.20327582
vn 0.61899181 0.75863567 0.20327582
vn -0.61899181 0.68017414 0.39269872
vn -0.61899181 0.68017414 0.39269872
vn 0.61899181 0.68017414 0.39269872
vn 0.61899181 0.68017414 0.39269872
vn -0.61899181 0.55535986 0.55535986
vn -0.61899181 0.55535986 0.55535986
vn 0.61899181 0.55535986 0.55535986
vn 0.61899181 0.55535986 0.55535986
vn -0.61899181 0.39269872 0.68017414
vn -0.61899181 0.39269872 0.68017414
vn 0.61899181 0.39269872 0.68017414
vn 0.61899181 0.39269872 0.68017414
vn -0.61899181 0.20327582 0.75863567
vn -0.61899181 0.20327582 0.75863567
vn 0.61899181 0.20327582 0.75863567
vn 0.61899181 0.20327582 0.75863567
vn -0.61899181 7.6734776e-17 0.78539744
vn -0.61899181 7.6734776e-17 0.78539744
vn 0.61899181 7.6734776e-17 0.78539744
vn 0.61899181 7.6734776e-17 0.78539744
vn -0.61899181 -0.20327582 0.75863567
vn -0.61899181 -0.20327582 0.75863567
vn 0.61899181 -0.20327582 0.75863567
vn 0.61899181 -0.20327582 0.75863567
vn -0.61899181 -0.39269872 0.68017414
vn -0.61899181 -0.39269872 0.68017414
vn 0.61899181 -0.39269872 0.68017414
vn 0.61899181 -0.39269872 0.68017414
vn -0.61899181 -0.55535986 0.55535986
vn -0.61899181 -0.55535986 0.55535986
vn 0.61899181 -0.55535986 0.55535986
vn 0.61899181 -0.55535986 0.55535986
vn -0.61899181 -0.68017414 0.39269872
vn -0.61899181 -0.68017414 0.39269872
vn 0.61899181 -0.68017414 0.39269872
vn 0.61899181 -0.68017414 0.39269872
vn -0.61899181 -0.75863567 0.20327582
vn -0.61899181 -0.75863567 0.20327582
vn 0.61899181 -0.75863567 0.20327582
vn 0.61899181 -0.75863567 0.20327582
vn -0.61899181 -0.78539744 1.9532489e-16
vn -0.61899181 -0.78539744 1.9532489e-16
vn 0.61899181 -0.78539744 2.1625255e-16
vn 0.61899181 -0.78539744 2.1625255e-16
vn -0.61899181 -0.75863567 -0.20327582
vn -0.61899181 -0.75863567 -0.20327582
vn 0.61899181 -0.75863567 -0.20327582
vn 0.61899181 -0.75863567 -0.20327582
vn -0.61899181 -0.68017414 -0.39269872
vn -0.61899181 -0.68017414 -0.39269872
vn 0.61899181 -0.68017414 -0.39269872
vn 0.61899181 -0.68017414 -0.39269872
vn -0.61899181 -0.55535986 -0.55535986
vn -0.61899181 -0.55535986 -0.55535986
vn 0.61899181 -0.55535986 -0.55535986
vn 0.61899181 -0.55535986 -0.55535986
vn -0.61899181 -0.39269872 -0.68017414
vn -0.61899181 -0.39269872 -0.68017414
vn 0.61899181 -0.39269872 -0.68017414
vn 0.61899181 -0.39269872 -0.68017414
vn -0.61899181 -0.20327582 -0.75863567
vn -0.61899181 -0.20327582 -0.75863567
vn 0.61899181 -0.20327582 -0.75863567
vn 0.61899181 -0.20327582 -0.75863567
vn -0.61899181 -3.2786677e-16 -0.78539744
vn -0.61899181 -3.2786677e-16 -0.78539744
vn 0.61899181 -3.2786677e-16 -0.78539744
vn 0.61899181 -3.2786677e-16 -0.78539744
vn -0.61899181 0.20327582 -0.75863567
vn -0.61899181 0.20327582 -0.75863567
vn 0.61899181 0.20327582 -0.75863567
vn 0.61899181 0.20327582 -0.75863567
vn -0.61899181 0.39269872 -0.68017414
vn -0.61899181 0.39269872 -0.68017414
vn 0.61899181 0.39269872 -0.68017414
vn 0.61899181 0.39269872 -0.68017414
vn -0.61899181 0.55535986 -0.55535986
vn -0.61899181 0.55535986 -0.55535986
vn 0.61899181 0.55535986 -0.55535986
vn 0.61899181 0.55535986 -0.55535986
vn -0.61899181 0.68017414 -0.39269872
vn -0.61899181 0.68017414 -0.39269872
vn 0.61899181 0.68017414 -0.39269872
vn 0.61899181 0.68017414 -0.39269872
vn -0.61899181 0.75863567 -0.20327582
vn -0.61899181 0.75863567 -0.20327582
vn 0.61899181 0.75863567 -0.20327582
vn 0.61899181 0.75863567 -0.20327582
vn -1.00000000 -3.2326139e-16 0.0000000e+0
vn -5.3253197e-17 1.00000000 1.5021209e-16
vn -5.3253197e-17 1.00000000 1.5021209e-16
vn -1.00000000 -3.2326139e-16 0.0000000e+0
vn -1.3313299e-17 0.70710678 0.70710678
vn -1.3313299e-17 0.70710678 0.70710678
vn -1.00000000 -3.2326139e-16 0.0000000e+0
vn 2.6626598e-17 0.0000000e+0 1.00000000
vn 2.6626598e-17 0.0000000e+0 1.00000000
vn -1.00000000 -3.2326139e-16 0.0000000e+0
vn -1.3313299e-17 -0.70710678 0.70710678
vn -1.3313299e-17 -0.70710678 0.70710678
vn -1.00000000 -3.2326139e-16 0.0000000e+0
vn -5.3253197e-17 -1.00000000 3.3046660e-16
vn -5.3253197e-17 -1.00000000 3.3046660e-16
vn -1.00000000 -3.2326139e-16 0.0000000e+0
vn -1.3313299e-17 -0.70710678 -0.70710678
vn -1.3313299e-17 -0.70710678 -0.70710678
vn -1.00000000 -3.2326139e-16 0.0000000e+0
vn 2.6626598e-17 0.0000000e+0 -1.00000000
vn 2.6626598e-17 0.0000000e+0 -1.00000000
vn -1.00000000 -3.2326139e-16 0.0000000e+0
vn -1.3313299e-17 0.70710678 -0.70710678
vn -1.3313299e-17 0.70710678 -0.70710678
vn 1.00000000 0.0000000e+0 0.0000000e+0
vn -5.3253197e-17 1.00000000 1.5021209e-16
vn -5.3253197e-17 1.00000000 1.5021209e-16
vn 1.00000000 0.0000000e+0 0.0000000e+0
vn -1.3313299e-17 0.70710678 0.70710678
vn -1.3313299e-17 0.70710678 0.70710678
vn 1.00000000 0.0000000e+0 0.0000000e+0
vn 2.6626598e-17 0.0000000e+0 1.00000000
vn 2.6626598e-17 0.0000000e+0 1.00000000
vn 1.00000000 0.0000000e+0 0.0000000e+0
vn -1.3313299e-17 -0.70710678 0.70710678
vn -1.3313299e-17 -0.70710678 0.70710678
vn 1.00000000 0.0000000e+0 0.0000000e+0
vn -5.3253197e-17 -1.00000000 3.3046660e-16
vn -5.3253197e-17 -1.00000000 3.3046660e-16
vn 1.00000000 0.0000000e+0 0.0000000e+0
vn -1.3313299e-17 -0.70710678 -0.70710678
vn -1.3313299e-17 -0.70710678 -0.70710678
vn 1.00000000 0.0000000e+0 0.0000000e+0
vn 2.6626598e-17 0.0000000e+0 -1.00000000
vn 2.6626598e-17 0.0000000e+0 -1.00000000
vn 1.00000000 0.0000000e+0 0.0000000e+0
vn -1.3313299e-17 0.70710678 -0.70710678
vn -1.3313299e-17 0.70710678 -0.70710678
vn -1.00000000 3.2326139e-16 0.0000000e+0
vn 5.3253197e-17 1.00000000 3.3046660e-16
vn 5.3253197e-17 1.00000000 3.3046660e-16
vn -1.00000000 3.2326139e-16 0.0000000e+0
vn 1.3313299e-17 0.70710678 0.70710678
vn 1.3313299e-17 0.70710678 0.70710678
vn -1.00000000 3.2326139e-16 0.0000000e+0
vn -2.6626598e-17 0.0000000e+0 1.00000000
vn -2.6626598e-17 0.0000000e+0 1.00000000
vn -1.00000000 3.2326139e-16 0.0000000e+0
vn 1.3313299e-17 -0.70710678 0.70710678
vn 1.3313299e-17 -0.70710678 0.70710678
vn -1.00000000 3.2326139e-16 0.0000000e+0
vn 5.3253197e-17 -1.00000000 4.5063628e-16
vn 5.3253197e-17 -1.00000000 4.5063628e-16
vn -1.00000000 3.2326139e-16 0.0000000e+0
vn 1.3313299e-17 -0.70710678 -0.70710678
vn 1.3313299e-17 -0.70710678 -0.70710678
vn -1.00000000 3.2326139e-16 0.0000000e+0
vn -2.6626598e-17 0.0000000e+0 -1.00000000
vn -2.6626598e-17 0.0000000e+0 -1.00000000
vn -1.00000000 3.2326139e-16 0.0000000e+0
vn 1.3313299e-17 0.70710678 -0.70710678
vn 1.3313299e-17 0.70710678 -0.70710678
vn 1.00000000 0.0000000e+0 0.0000000e+0
vn 5.3253197e-17 1.00000000 3.3046660e-16
vn 5.3253197e-17 1.00000000 3.3046660e-16
vn 1.00000000 0.0000000e+0 0.0000000e+0
vn 1.3313299e-17 0.70710678 0.70710678
vn 1.3313299e-17 0.70710678 0.70710678
vn 1.00000000 0.0000000e+0 0.0000000e+0
vn -2.6626598e-17 0.0000000e+0 1.00000000
vn -2.6626598e-17 0.0000000e+0 1.00000000
vn 1.00000000 0.0000000e+0 0.0000000e+0
vn 1.3313299e-17 -0.70710678 0.70710678
vn 1.3313299e-17 -0.70710678 0.70710678
vn 1.00000000 0.0000000e+0 0.0000000e+0
vn 5.3253197e-17 -1.00000000 4.5063628e-16
vn 5.3253197e-17 -1.00000000 4.5063628e-16
vn 1.00000000 0.0000000e+0 0.0000000e+0
vn 1.3313299e-17 -0.70710678 -0.70710678
vn 1.3313299e-17 -0.70710678 -0.70710678
vn 1.00000000 0.0000000e+0 0.0000000e+0
vn -2.6626598e-17 0.0000000e+0 -1.00000000
vn -2.6626598e-17 0.0000000e+0 -1.00000000
vn 1.00000000 0.0000000e+0 0.0000000e+0
vn 1.3313299e-17 0.70710678 -0.70710678
vn 1.3313299e-17 0.70710678 -0.70710678
vn -1.00000000 -3.2326139e-16 0.0000000e+0
vn 0.0000000e+0 1.00000000 1.5021209e-16
vn 0.0000000e+0 1.00000000 1.5021209e-16
vn -1.00000000 -3.2326139e-16 0.0000000e+0
vn 2.6626598e-17 0.70710678 0.70710678
vn 2.6626598e-17 0.70710678 0.70710678
vn -1.00000000 -3.2326139e-16 0.0000000e+0
vn 2.6626598e-17 0.0000000e+0 1.00000000
vn 2.6626598e-17 0.0000000e+0 1.00000000
vn -1.00000000 -3.2326139e-16 0.0000000e+0
vn 5.3253197e-17 -0.70710678 0.70710678
vn 5.3253197e-17 -0.70710678 0.70710678
vn -1.00000000 -3.2326139e-16 0.0000000e+0
vn 1.0650639e-16 -1.00000000 3.3046660e-16
vn 1.0650639e-16 -1.00000000 3.3046660e-16
vn -1.00000000 -3.2326139e-16 0.0000000e+0
vn 5.3253197e-17 -0.70710678 -0.70710678
vn 5.3253197e-17 -0.70710678 -0.70710678
vn -1.00000000 -3.2326139e-16 0.0000000e+0
vn 2.6626598e-17 0.0000000e+0 -1.00000000
vn 2.6626598e-17 0.0000000e+0 -1.00000000
vn -1.00000000 -3.2326139e-16 0.0000000e+0
vn 2.6626598e-17 0.70710678 -0.70710678
vn 2.6626598e-17 0.70710678 -0.70710678
vn 1.00000000 0.0000000e+0 0.0000000e+0
vn 0.0000000e+0 1.00000000 1.5021209e-16
vn 0.0000000e+0 1.00000000 1.5021209e-16
vn 1.00000000 0.0000000e+0 0.0000000e+0
vn 2.6626598e-17 0.70710678 0.70710678
vn 2.6626598e-17 0.70710678 0.70710678
vn 1.00000000 0.0000000e+0 0.0000000e+0
vn 2.6626598e-17 0.0000000e+0 1.00000000
vn 2.6626598e-17 0.0000000e+0 1.00000000
vn 1.00000000 0.0000000e+0 0.0000000e+0
vn 5.3253197e-17 -0.70710678 0.70710678
vn 5.3253197e-17 -0.70710678 0.70710678
vn 1.00000000 0.0000000e+0 0.0000000e+0
vn 1.0650639e-16 -1.00000000 3.3046660e-16
vn 1.0650639e-16 -1.00000000 3.3046660e-16
vn 1.00000000 0.0000000e+0 0.0000000e+0
vn 5.3253197e-17 -0.70710678 -0.70710678
vn 5.3253197e-17 -0.70710678 -0.70710678
vn 1.00000000 0.0000000e+0 0.0000000e+0
vn 2.6626598e-17 0.0000000e+0 -1.00000000
vn 2.6626598e-17 0.0000000e+0 -1.00000000
vn 1.00000000 0.0000000e+0 0.0000000e+0
vn 2.6626598e-17 0.70710678 -0.70710678
vn 2.6626598e-17 0.70710678 -0.70710678
vn -1.00000000 3.2326139e-16 0.0000000e+0
vn 0.0000000e+0 1.00000000 3.3046660e-16
vn 0.0000000e+0 1.00000000 3.3046660e-16
vn -1.00000000 3.2326139e-16 0.0000000e+0
vn -2.6626598e-17 0.70710678 0.70710678
vn -2.6626598e-17 0.70710678 0.70710678
vn -1.00000000 3.2326139e-16 0.0000000e+0
vn -5.3253197e-17 0.0000000e+0 1.00000000
vn -5.3253197e-17 0.0000000e+0 1.00000000
vn -1.00000000 3.2326139e-16 0.0000000e+0
vn -2.6626598e-17 -0.70710678 0.70710678
vn -2.6626598e-17 -0.70710678 0.70710678
vn -1.00000000 3.2326139e-16 0.0000000e+0
vn 0.0000000e+0 -1.00000000 4.5063628e-16
vn 0.0000000e+0 -1.00000000 4.5063628e-16
vn -1.00000000 3.2326139e-16 0.0000000e+0
vn -2.6626598e-17 -0.70710678 -0.70710678
vn -2.6626598e-17 -0.70710678 -0.70710678
vn -1.00000000 3.2326139e-16 0.0000000e+0
vn -5.3253197e-17 0.0000000e+0 -1.00000000
vn -5.3253197e-17 0.0000000e+0 -1.00000000
vn -1.00000000 3.2326139e-16 0.0000000e+0
vn -2.6626598e-17 0.70710678 -0.70710678
vn -2.6626598e-17 0.70710678 -0.70710678
vn 1.00000000 0.0000000e+0 0.0000000e+0
vn 0.0000000e+0 1.00000000 3.3046660e-16
vn 0.0000000e+0 1.00000000 3.3046660e-16
vn 1.00000000 0.0000000e+0 0.0000000e+0
vn -2.6626598e-17 0.70710678 0.70710678
vn -2.6626598e-17 0.70710678 0.70710678
vn 1.00000000 0.0000000e+0 0.0000000e+0
vn -5.3253197e-17 0.0000000e+0 1.00000000
vn -5.3253197e-17 0.0000000e+0 1.00000000
vn 1.00000000 0.0000000e+0 0.0000000e+0
vn -2.6626598e-17 -0.70710678 0.70710678
vn -2.6626598e-17 -0.70710678 0.70710678
vn 1.00000000 0.0000000e+0 0.0000000e+0
vn 0.0000000e+0 -1.00000000 4.5063628e-16
vn 0.0000000e+0 -1.00000000 4.5063628e-16
vn 1.00000000 0.0000000e+0 0.0000000e+0
vn -2.6626598e-17 -0.70710678 -0.70710678
vn -2.6626598e-17 -0.70710678 -0.70710678
vn 1.00000000 0.0000000e+0 0.0000000e+0
vn -5.3253197e-17 0.0000000e+0 -1.00000000
vn -5.3253197e-17 0.0000000e+0 -1.00000000
vn 1.00000000 0.0000000e+0 0.0000000e+0
vn -2.6626598e-17 0.70710678 -0.70710678
vn -2.6626598e-17 0.70710678 -0.70710678
vn -1.00000000 3.8255786e-16 0.0000000e+0
vn 3.8806364e-17 1.00000000 8.7123014e-16
vn 3.8806364e-17 1.00000000 8.7123014e-16
vn -1.00000000 3.8255786e-16 0.0000000e+0
vn 3.8806364e-17 0.70710678 0.70710678
vn 3.8806364e-17 0.70710678 0.70710678
vn -1.00000000 3.8255786e-16 0.0000000e+0
vn -1.9403182e-17 0.0000000e+0 1.00000000
vn -1.9403182e-17 0.0000000e+0 1.00000000
vn -1.00000000 3.8255786e-16 0.0000000e+0
vn -5.8209545e-17 -0.70710678 0.70710678
vn -5.8209545e-17 -0.70710678 0.70710678
vn -1.00000000 3.8255786e-16 0.0000000e+0
vn -3.8806364e-17 -1.00000000 8.7123014e-16
vn -3.8806364e-17 -1.00000000 8.7123014e-16
vn -1.00000000 3.8255786e-16 0.0000000e+0
vn 0.0000000e+0 -0.70710678 -0.70710678
vn 0.0000000e+0 -0.70710678 -0.70710678
vn -1.00000000 3.8255786e-16 0.0000000e+0
vn -1.9403182e-17 0.0000000e+0 -1.00000000
vn -1.9403182e-17 0.0000000e+0 -1.00000000
vn -1.00000000 3.8255786e-16 0.0000000e+0
vn -1.9403182e-17 0.70710678 -0.70710678
vn -1.9403182e-17 0.70710678 -0.70710678
vn 1.00000000 -4.7819732e-17 0.0000000e+0
vn 3.8806364e-17 1.00000000 8.7123014e-16
vn 3.8806364e-17 1.00000000 8.7123014e-16
vn 1.00000000 -4.7819732e-17 0.0000000e+0
vn 3.8806364e-17 0.70710678 0.70710678
vn 3.8806364e-17 0.70710678 0.70710678
vn 1.00000000 -4.7819732e-17 0.0000000e+0
vn -1.9403182e-17 0.0000000e+0 1.00000000
vn -1.9403182e-17 0.0000000e+0 1.00000000
vn 1.00000000 -4.7819732e-17 0.0000000e+0
vn -5.8209545e-17 -0.70710678 0.70710678
vn -5.8209545e-17 -0.70710678 0.70710678
vn 1.00000000 -4.7819732e-17 0.0000000e+0
vn -3.8806364e-17 -1.00000000 8.7123014e-16
vn -3.8806364e-17 -1.00000000 8.7123014e-16
vn 1.00000000 -4.7819732e-17 0.0000000e+0
vn 0.0000000e+0 -0.70710678 -0.70710678
vn 0.0000000e+0 -0.70710678 -0.70710678
vn 1.00000000 -4.7819732e-17 0.0000000e+0
vn -1.9403182e-17 0.0000000e+0 -1.00000000
vn -1.9403182e-17 0.0000000e+0 -1.00000000
vn 1.00000000 -4.7819732e-17 0.0000000e+0
vn -1.9403182e-17 0.70710678 -0.70710678
vn -1.9403182e-17 0.70710678 -0.70710678
vn -1.00000000 3.8255786e-16 0.0000000e+0
vn -9.7015909e-18 1.00000000 8.7123014e-16
vn -9.7015909e-18 1.00000000 8.7123014e-16
vn -1.00000000 3.8255786e-16 0.0000000e+0
vn -1.4552386e-17 0.70710678 0.70710678
vn -1.4552386e-17 0.70710678 0.70710678
vn -1.00000000 3.8255786e-16 0.0000000e+0
vn -9.7015909e-18 0.0000000e+0 1.00000000
vn -9.7015909e-18 0.0000000e+0 1.00000000
vn -1.00000000 3.8255786e-16 0.0000000e+0
vn -4.8507954e-18 -0.70710678 0.70710678
vn -4.8507954e-18 -0.70710678 0.70710678
vn -1.00000000 3.8255786e-16 0.0000000e+0
vn 0.0000000e+0 -1.00000000 8.7123014e-16
vn 0.0000000e+0 -1.00000000 8.7123014e-16
vn -1.00000000 3.8255786e-16 0.0000000e+0
vn -4.8507954e-18 -0.70710678 -0.70710678
vn -4.8507954e-18 -0.70710678 -0.70710678
vn -1.00000000 3.8255786e-16 0.0000000e+0
vn -4.8507954e-18 0.0000000e+0 -1.00000000
vn -4.8507954e-18 0.0000000e+0 -1.00000000
vn -1.00000000 3.8255786e-16 0.0000000e+0
vn 0.0000000e+0 0.70710678 -0.70710678
vn 0.0000000e+0 0.70710678 -0.70710678
vn 1.00000000 -4.7819732e-17 0.0000000e+0
vn -9.7015909e-18 1.00000000 8.7123014e-16
vn -9.7015909e-18 1.00000000 8.7123014e-16
vn 1.00000000 -4.7819732e-17 0.0000000e+0
vn -1.4552386e-17 0.70710678 0.70710678
vn -1.4552386e-17 0.70710678 0.70710678
vn 1.00000000 -4.7819732e-17 0.0000000e+0
vn -9.7015909e-18 0.0000000e+0 1.00000000
vn -9.7015909e-18 0.0000000e+0 1.00000000
vn 1.00000000 -4.7819732e-17 0.0000000e+0
vn -4.8507954e-18 -0.70710678 0.70710678
vn -4.8507954e-18 -0.70710678 0.70710678
vn 1.00000000 -4.7819732e-17 0.0000000e+0
vn 0.0000000e+0 -1.00000000 8.7123014e-16
vn 0.0000000e+0 -1.00000000 8.7123014e-16
vn 1.00000000 -4.7819732e-17 0.0000000e+0
vn -4.8507954e-18 -0.70710678 -0.70710678
vn -4.8507954e-18 -0.70710678 -0.70710678
vn 1.00000000 -4.7819732e-17 0.0000000e+0
vn -4.8507954e-18 0.0000000e+0 -1.00000000
vn -4.8507954e-18 0.0000000e+0 -1.00000000
vn 1.00000000 -4.7819732e-17 0.0000000e+0
vn 0.0000000e+0 0.70710678 -0.70710678
vn 0.0000000e+0 0.70710678 -0.70710678
vn -1.00000000 3.8255786e-16 0.0000000e+0
vn 7.7612727e-17 1.00000000 8.7123014e-16
vn 7.7612727e-17 1.00000000 8.7123014e-16
vn -1.00000000 3.8255786e-16 0.0000000e+0
vn 3.8806364e-17 0.70710678 0.70710678
vn 3.8806364e-17 0.70710678 0.70710678
vn -1.00000000 3.8255786e-16 0.0000000e+0
vn 3.8806364e-17 6.6093321e-16 1.00000000
vn 3.8806364e-17 6.6093321e-16 1.00000000
vn -1.00000000 3.8255786e-16 0.0000000e+0
vn 0.0000000e+0 -0.70710678 0.70710678
vn 0.0000000e+0 -0.70710678 0.70710678
vn -1.00000000 3.8255786e-16 0.0000000e+0
vn -7.7612727e-17 -1.00000000 7.8110288e-16
vn -7.7612727e-17 -1.00000000 7.8110288e-16
vn -1.00000000 3.8255786e-16 0.0000000e+0
vn -7.7612727e-17 -0.70710678 -0.70710678
vn -7.7612727e-17 -0.70710678 -0.70710678
vn -1.00000000 3.8255786e-16 0.0000000e+0
vn -3.8806364e-17 7.2101805e-16 -1.00000000
vn -3.8806364e-17 7.2101805e-16 -1.00000000
vn -1.00000000 3.8255786e-16 0.0000000e+0
vn 3.8806364e-17 0.70710678 -0.70710678
vn 3.8806364e-17 0.70710678 -0.70710678
vn 1.00000000 0.0000000e+0 0.0000000e+0
vn 7.7612727e-17 1.00000000 8.7123014e-16
vn 7.7612727e-17 1.00000000 8.7123014e-16
vn 1.00000000 0.0000000e+0 0.0000000e+0
vn 3.8806364e-17 0.70710678 0.70710678
vn 3.8806364e-17 0.70710678 0.70710678
vn 1.00000000 0.0000000e+0 0.0000000e+0
vn 3.8806364e-17 6.6093321e-16 1.00000000
vn 3.8806364e-17 6.6093321e-16 1.00000000
vn 1.00000000 0.0000000e+0 0.0000000e+0
vn 0.0000000e+0 -0.70710678 0.70710678
vn 0.0000000e+0 -0.70710678 0.70710678
vn 1.00000000 0.0000000e+0 0.0000000e+0
vn -7.7612727e-17 -1.00000000 7.8110288e-16
vn -7.7612727e-17 -1.00000000 7.8110288e-16
vn 1.00000000 0.0000000e+0 0.0000000e+0
vn -7.7612727e-17 -0.70710678 -0.70710678
vn -7.7612727e-17 -0.70710678 -0.70710678
vn 1.00000000 0.0000000e+0 0.0000000e+0
vn -3.8806364e-17 7.2101805e-16 -1.00000000
vn -3.8806364e-17 7.2101805e-16 -1.00000000
vn 1.00000000 0.0000000e+0 0.0000000e+0
vn 3.8806364e-17 0.70710678 -0.70710678
vn 3.8806364e-17 0.70710678 -0.70710678
vn -1.00000000 3.8255786e-16 0.0000000e+0
vn 7.7612727e-17 1.00000000 5.4076353e-16
vn 7.7612727e-17 1.00000000 5.4076353e-16
vn -1.00000000 3.8255786e-16 0.0000000e+0
vn 3.8806364e-17 0.70710678 0.70710678
vn 3.8806364e-17 0.70710678 0.70710678
vn -1.00000000 3.8255786e-16 0.0000000e+0
vn 3.8806364e-17 6.6093321e-16 1.00000000
vn 3.8806364e-17 6.6093321e-16 1.00000000
vn -1.00000000 3.8255786e-16 0.0000000e+0
vn 0.0000000e+0 -0.70710678 0.70710678
vn 0.0000000e+0 -0.70710678 0.70710678
vn -1.00000000 3.8255786e-16 0.0000000e+0
vn -7.7612727e-17 -1.00000000 6.6093321e-16
vn -7.7612727e-17 -1.00000000 6.6093321e-16
vn -1.00000000 3.8255786e-16 0.0000000e+0
vn -7.7612727e-17 -0.70710678 -0.70710678
vn -7.7612727e-17 -0.70710678 -0.70710678
vn -1.00000000 3.8255786e-16 0.0000000e+0
vn -3.8806364e-17 6.6093321e-16 -1.00000000
vn -3.8806364e-17 6.6093321e-16 -1.00000000
vn -1.00000000 3.8255786e-16 0.0000000e+0
vn 3.8806364e-17 0.70710678 -0.70710678
vn 3.8806364e-17 0.70710678 -0.70710678
vn 1.00000000 0.0000000e+0 0.0000000e+0
vn 7.7612727e-17 1.00000000 5.4076353e-16
vn 7.7612727e-17 1.00000000 5.4076353e-16
vn 1.00000000 0.0000000e+0 0.0000000e+0
vn 3.8806364e-17 0.70710678 0.70710678
vn 3.8806364e-17 0.70710678 0.70710678
vn 1.00000000 0.0000000e+0 0.0000000e+0
vn 3.8806364e-17 6.6093321e-16 1.00000000
vn 3.8806364e-17 6.6093321e-16 1.00000000
vn 1.00000000 0.0000000e+0 0.0000000e+0
vn 0.0000000e+0 -0.70710678 0.70710678
vn 0.0000000e+0 -0.70710678 0.70710678
vn 1.00000000 0.0000000e+0 0.0000000e+0
vn -7.7612727e-17 -1.00000000 6.6093321e-16
vn -7.7612727e-17 -1.00000000 6.6093321e-16
vn 1.00000000 0.0000000e+0 0.0000000e+0
vn -7.7612727e-17 -0.70710678 -0.70710678
vn -7.7612727e-17 -0.70710678 -0.70710678
vn 1.00000000 0.0000000e+0 0.0000000e+0
vn -3.8806364e-17 6.6093321e-16 -1.00000000
vn -3.8806364e-17 6.6093321e-16 -1.00000000
vn 1.00000000 0.0000000e+0 0.0000000e+0
vn 3.8806364e-17 0.70710678 -0.70710678
vn 3.8806364e-17 0.70710678 -0.70710678
vn -1.00000000 3.8255786e-16 0.0000000e+0
vn 7.7612727e-17 1.00000000 8.7123014e-16
vn 7.7612727e-17 1.00000000 8.7123014e-16
vn -1.00000000 3.8255786e-16 0.0000000e+0
vn 3.8806364e-17 0.70710678 0.70710678
vn 3.8806364e-17 0.70710678 0.70710678
vn -1.00000000 3.8255786e-16 0.0000000e+0
vn -1.9403182e-17 6.6093321e-16 1.00000000
vn -1.9403182e-17 6.6093321e-16 1.00000000
vn -1.00000000 3.8255786e-16 0.0000000e+0
vn 5.8209545e-17 -0.70710678 0.70710678
vn 5.8209545e-17 -0.70710678 0.70710678
vn -1.00000000 3.8255786e-16 0.0000000e+0
vn 1.5522545e-16 -1.00000000 7.8110288e-16
vn 1.5522545e-16 -1.00000000 7.8110288e-16
vn -1.00000000 3.8255786e-16 0.0000000e+0
vn 5.8209545e-17 -0.70710678 -0.70710678
vn 5.8209545e-17 -0.70710678 -0.70710678
vn -1.00000000 3.8255786e-16 0.0000000e+0
vn -1.9403182e-17 7.2101805e-16 -1.00000000
vn -1.9403182e-17 7.2101805e-16 -1.00000000
vn -1.00000000 3.8255786e-16 0.0000000e+0
vn 3.8806364e-17 0.70710678 -0.70710678
vn 3.8806364e-17 0.70710678 -0.70710678
vn 1.00000000 0.0000000e+0 0.0000000e+0
vn 7.7612727e-17 1.00000000 8.7123014e-16
vn 7.7612727e-17 1.00000000 8.7123014e-16
vn 1.00000000 0.0000000e+0 0.0000000e+0
vn 3.8806364e-17 0.70710678 0.70710678
vn 3.8806364e-17 0.70710678 0.70710678
vn 1.00000000 0.0000000e+0 0.0000000e+0
vn -1.9403182e-17 6.6093321e-16 1.00000000
vn -1.9403182e-17 6.6093321e-16 1.00000000
vn 1.00000000 0.0000000e+0 0.0000000e+0
vn 5.8209545e-17 -0.70710678 0.70710678
vn 5.8209545e-17 -0.70710678 0.70710678
vn 1.00000000 0.0000000e+0 0.0000000e+0
vn 1.5522545e-16 -1.00000000 7.8110288e-16
vn 1.5522545e-16 -1.00000000 7.8110288e-16
vn 1.00000000 0.0000000e+0 0.0000000e+0
vn 5.8209545e-17 -0.70710678 -0.70710678
vn 5.8209545e-17 -0.70710678 -0.70710678
vn 1.00000000 0.0000000e+0 0.0000000e+0
vn -1.9403182e-17 7.2101805e-16 -1.00000000
vn -1.9403182e-17 7.2101805e-16 -1.00000000
vn 1.00000000 0.0000000e+0 0.0000000e+0
vn 3.8806364e-17 0.70710678 -0.70710678
vn 3.8806364e-17 0.70710678 -0.70710678
vn -1.00000000 7.8121534e-18 0.0000000e+0
vn 1.00000000 -3.1248613e-17 0.0000000e+0
vn -1.00000000 7.8121534e-18 0.0000000e+0
vn 1.00000000 -3.1248613e-17 0.0000000e+0
vn -1.00000000 7.8121534e-18 0.0000000e+0
vn 1.00000000 -3.1248613e-17 0.0000000e+0
vn -1.00000000 7.8121534e-18 0.0000000e+0
vn 1.00000000 -3.1248613e-17 0.0000000e+0
vn -1.00000000 7.8121534e-18 0.0000000e+0
vn 1.00000000 -3.1248613e-17 0.0000000e+0
vn -1.00000000 7.8121534e-18 0.0000000e+0
vn 1.00000000 -3.1248613e-17 0.0000000e+0
vn -1.00000000 7.8121534e-18 0.0000000e+0
vn 1.00000000 -3.1248613e-17 0.0000000e+0
vn -1.00000000 7.8121534e-18 0.0000000e+0
vn 1.00000000 -3.1248613e-17 0.0000000e+0
vn -1.00000000 7.8121534e-18 0.0000000e+0
vn 1.00000000 -3.1248613e-17 0.0000000e+0
vn -1.00000000 7.8121534e-18 0.0000000e+0
vn 1.00000000 -3.1248613e-17 0.0000000e+0
vn -1.00000000 7.8121534e-18 0.0000000e+0
vn 1.00000000 -3.1248613e-17 0.0000000e+0
vn -1.00000000 7.8121534e-18 0.0000000e+0
vn 1.00000000 -3.1248613e-17 0.0000000e+0
g cylinder192_default
usemtl default
f 1/588/1 8/515/22 7/463/19 6/513/16 5/586/13 4/642/10 3/670/7 2/644/4
f 1/256/2 9/254/26 16/273/47 8/265/23
f 2/249/6 10/247/30 9/254/27 1/256/3
f 3/231/9 11/234/33 10/247/29 2/249/5
f 4/220/12 12/218/36 11/234/32 3/231/8
f 5/205/15 13/203/39 12/218/35 4/220/11
f 6/296/18 14/294/42 13/311/38 5/307/14
f 7/281/21 15/280/45 14/294/41 6/296/17
f 8/265/24 16/273/48 15/280/44 7/281/20
f 10/492/28 11/451/31 12/490/34 13/564/37 14/617/40 15/659/43 16/619/46 9/566/25
f 17/669/49 24/639/70 23/585/67 22/512/64 21/461/61 20/500/58 19/584/55 18/638/52
f 17/210/50 33/209/97 47/236/153 24/237/71
f 18/197/54 35/196/106 33/209/98 17/210/51
f 19/189/57 37/188/114 35/196/105 18/197/53
f 20/179/60 39/178/122 37/188/113 19/189/56
f 21/172/63 41/171/130 39/178/121 20/179/59
f 22/288/66 43/287/138 41/315/129 21/316/62
f 23/263/69 45/262/146 43/287/137 22/288/65
f 24/237/72 47/236/154 45/262/145 23/263/68
f 25/212/75 34/211/104 36/238/112 26/239/78
f 26/517/76 27/590/79 28/641/82 29/671/85 30/640/88 31/591/91 32/518/94 25/462/73
f 26/239/77 36/238/110 38/262/120 27/264/81
f 27/264/80 38/262/118 40/289/128 28/290/84
f 28/290/83 40/289/126 42/317/136 29/318/87
f 29/172/86 42/171/134 44/178/144 30/179/90
f 30/179/89 44/178/142 46/188/152 31/189/93
f 31/189/92 46/188/150 48/198/160 32/199/96
f 32/199/95 48/198/158 34/211/102 25/212/74
f 33/562/100 35/522/108 51/530/172 49/561/164
f 34/559/103 50/560/166 52/604/174 36/614/111
f 35/522/107 37/448/116 53/473/180 51/530/170
f 36/614/109 52/604/173 54/655/182 38/657/119
f 37/448/115 39/477/124 55/527/188 53/473/178
f 38/657/117 54/655/181 56/611/190 40/651/127
f 39/477/123 41/539/132 57/541/196 55/527/186
f 40/651/125 56/611/189 58/595/198 42/597/135
f 41/596/131 43/650/140 59/610/204 57/594/194
f 42/540/133 58/542/197 60/528/206 44/478/143
f 43/650/139 45/656/148 61/654/212 59/610/202
f 44/478/141 60/528/205 62/474/214 46/449/151
f 45/656/147 47/615/156 63/605/220 61/654/210
f 46/449/149 62/474/213 64/529/222 48/521/159
f 48/521/157 64/529/221 50/560/165 34/559/101
f 49/101/163 51/86/171 52/85/176 50/100/168
f 49/561/162 63/605/218 47/615/155 33/562/99
f 50/100/167 64/115/223 63/116/217 49/101/161
f 51/86/169 53/78/179 54/77/184 52/85/175
f 53/78/177 55/72/187 56/71/192 54/77/183
f 55/72/185 57/59/195 58/60/200 56/71/191
f 57/145/193 59/137/203 60/138/208 58/146/199
f 59/137/201 61/124/211 62/123/216 60/138/207
f 61/124/209 63/116/219 64/115/224 62/123/215
f 65/339/227 114/337/421 113/357/417 66/365/231
f 65/351/225 257/350/993 280/324/1085 88/325/317
f 66/365/232 113/357/418 136/389/510 67/403/236
f 66/399/230 258/411/998 257/350/994 65/351/226
f 67/403/235 136/389/509 135/419/506 68/444/240
f 67/445/234 259/475/1002 258/411/997 66/399/229
f 68/444/239 135/419/505 134/440/502 69/525/244
f 68/531/238 260/598/1006 259/475/1001 67/445/233
f 69/525/243 134/440/501 133/465/498 70/534/248
f 69/602/242 261/687/1010 260/598/1005 68/531/237
f 70/534/247 133/465/497 132/472/494 71/543/252
f 70/679/246 262/713/1014 261/687/1009 69/602/241
f 71/543/251 132/472/493 131/467/490 72/533/256
f 71/697/250 263/753/1018 262/713/1013 70/679/245
f 72/533/255 131/467/489 130/437/486 73/524/260
f 72/715/254 264/764/1022 263/753/1017 71/697/249
f 73/524/259 130/437/485 129/417/482 74/442/264
f 73/740/258 265/773/1026 264/764/1021 72/715/253
f 74/442/263 129/417/481 128/387/478 75/401/268
f 74/748/262 266/777/1030 265/773/1025 73/740/257
f 75/401/267 128/387/477 127/355/474 76/362/272
f 75/749/266 267/780/1034 266/777/1029 74/748/261
f 76/362/271 127/355/473 126/333/470 77/330/276
f 76/743/270 268/776/1038 267/780/1033 75/749/265
f 77/329/275 126/334/469 125/300/466 78/283/280
f 77/728/274 269/768/1042 268/776/1037 76/743/269
f 78/283/279 125/300/465 124/213/462 79/192/284
f 78/41/278 270/10/1046 269/16/1041 77/48/273
f 79/192/283 124/213/461 123/181/458 80/157/288
f 79/33/282 271/5/1050 270/10/1045 78/41/277
f 80/157/287 123/181/457 122/162/454 81/127/292
f 80/35/286 272/8/1054 271/5/1049 79/33/281
f 81/127/291 122/162/453 121/148/450 82/106/296
f 81/44/290 273/13/1058 272/8/1053 80/35/285
f 82/106/295 121/148/449 120/140/446 83/94/300
f 82/50/294 274/20/1062 273/13/1057 81/44/289
f 83/94/299 120/140/445 119/147/442 84/105/304
f 83/65/298 275/30/1066 274/20/1061 82/50/293
f 84/105/303 119/147/441 118/164/438 85/130/308
f 84/103/302 276/53/1070 275/30/1065 83/65/297
f 85/130/307 118/164/437 117/183/434 86/160/312
f 85/153/306 277/91/1074 276/53/1069 84/103/301
f 86/160/311 117/183/433 116/214/430 87/195/316
f 86/184/310 278/155/1078 277/91/1073 85/153/305
f 87/195/315 116/214/429 115/301/426 88/286/320
f 87/261/314 279/200/1082 278/155/1077 86/184/309
f 88/286/319 115/301/425 114/337/422 65/339/228
f 88/325/318 280/324/1086 279/200/1081 87/261/313
f 89/331/322 137/332/514 160/354/606 112/363/414
f 89/352/324 257/353/996 258/323/1000 90/326/328
f 90/284/325 138/299/517 137/332/513 89/331/321
f 90/326/327 258/323/999 259/201/1004 91/260/332
f 91/194/329 139/215/521 138/299/518 90/284/326
f 91/260/331 259/201/1003 260/156/1008 92/185/336
f 92/158/333 140/180/525 139/215/522 91/194/330
f 92/185/335 260/156/1007 261/92/1012 93/154/340
f 93/128/337 141/161/529 140/180/526 92/158/334
f 93/154/339 261/92/1011 262/54/1016 94/104/344
f 94/108/341 142/150/533 141/161/530 93/128/338
f 94/104/343 262/54/1015 263/29/1020 95/66/348
f 95/93/345 143/139/537 142/150/534 94/108/342
f 95/66/347 263/29/1019 264/19/1024 96/49/352
f 96/107/349 144/149/541 143/139/538 95/93/346
f 96/49/351 264/19/1023 265/14/1028 97/43/356
f 97/129/353 145/163/545 144/149/542 96/107/350
f 97/43/355 265/14/1027 266/7/1032 98/36/360
f 98/159/357 146/182/549 145/163/546 97/129/354
f 98/36/359 266/7/1031 267/6/1036 99/34/364
f 99/193/361 147/216/553 146/182/550 98/159/358
f 99/34/363 267/6/1035 268/9/1040 100/42/368
f 100/285/365 148/302/557 147/216/554 99/193/362
f 100/42/367 268/9/1039 269/15/1044 101/47/372
f 101/335/369 149/340/561 148/302/558 100/285/366
f 101/727/371 269/767/1043 270/775/1048 102/744/376
f 102/364/373 150/356/565 149/338/562 101/336/370
f 102/744/375 270/775/1047 271/779/1052 103/750/380
f 103/404/377 151/390/569 150/356/566 102/364/374
f 103/750/379 271/779/1051 272/778/1056 104/747/384
f 104/443/381 152/420/573 151/390/570 103/404/378
f 104/747/383 272/778/1055 273/774/1060 105/739/388
f 105/526/385 153/439/577 152/420/574 104/443/382
f 105/739/387 273/774/1059 274/763/1064 106/716/392
f 106/536/389 154/466/581 153/439/578 105/526/386
f 106/716/391 274/763/1063 275/754/1068 107/698/396
f 107/544/393 155/471/585 154/466/582 106/536/390
f 107/698/395 275/754/1067 276/714/1072 108/680/400
f 108/535/397 156/468/589 155/471/586 107/544/394
f 108/680/399 276/714/1071 277/688/1076 109/603/404
f 109/523/401 157/438/593 156/468/590 108/535/398
f 109/603/403 277/688/1075 278/599/1080 110/532/408
f 110/441/405 158/418/597 157/438/594 109/523/402
f 110/532/407 278/599/1079 279/476/1084 111/446/412
f 111/402/409 159/388/601 158/418/598 110/441/406
f 111/446/411 279/476/1083 280/412/1088 112/400/416
f 112/363/413 160/354/605 159/388/602 111/402/410
f 112/400/415 280/412/1087 257/353/995 89/352/323
f 113/394/420 161/391/610 184/421/702 136/425/512
f 114/358/423 162/359/613 161/391/609 113/394/419
f 115/344/427 163/346/617 162/359/614 114/358/424
f 116/313/431 164/321/621 163/346/618 115/344/428
f 117/227/435 165/251/625 164/321/622 116/313/432
f 118/176/439 166/190/629 165/251/626 117/227/436
f 119/151/443 167/169/633 166/190/630 118/176/440
f 120/110/447 168/132/637 167/169/634 119/151/444
f 121/69/451 169/95/641 168/132/638 120/110/448
f 122/51/455 170/67/645 169/95/642 121/69/452
f 123/40/459 171/56/649 170/67/646 122/51/456
f 124/25/463 172/45/653 171/56/650 123/40/460
f 125/21/467 173/31/657 172/45/654 124/25/464
f 126/18/471 174/28/661 173/31/658 125/21/468
f 127/766/475 175/756/665 174/759/662 126/771/472
f 128/761/479 176/746/669 175/756/666 127/766/476
f 129/752/483 177/729/673 176/746/670 128/761/480
f 130/732/487 178/707/677 177/729/674 129/752/484
f 131/705/491 179/691/681 178/707/678 130/732/488
f 132/689/495 180/674/685 179/691/682 131/705/492
f 133/652/499 181/601/689 180/674/686 132/689/496
f 134/592/503 182/537/693 181/601/690 133/652/500
f 135/487/507 183/469/697 182/537/694 134/592/504
f 136/425/511 184/421/701 183/469/698 135/487/508
f 137/361/516 185/360/706 208/392/798 160/393/608
f 138/345/519 186/347/709 185/360/705 137/361/515
f 139/314/523 187/322/713 186/347/710 138/345/520
f 140/228/527 188/252/717 187/322/714 139/314/524
f 141/177/531 189/191/721 188/252/718 140/228/528
f 142/152/535 190/170/725 189/191/722 141/177/532
f 143/109/539 191/131/729 190/170/726 142/152/536
f 144/70/543 192/96/733 191/131/730 143/109/540
f 145/52/547 193/68/737 192/96/734 144/70/544
f 146/39/551 194/55/741 193/68/738 145/52/548
f 147/26/555 195/46/745 194/55/742 146/39/552
f 148/22/559 196/32/749 195/46/746 147/26/556
f 149/17/563 197/27/753 196/32/750 148/22/560
f 150/765/567 198/755/757 197/760/754 149/772/564
f 151/762/571 199/745/761 198/755/758 150/765/568
f 152/751/575 200/730/765 199/745/762 151/762/572
f 153/731/579 201/708/769 200/730/766 152/751/576
f 154/706/583 202/692/773 201/708/770 153/731/580
f 155/690/587 203/673/777 202/692/774 154/706/584
f 156/653/591 204/600/781 203/673/778 155/690/588
f 157/593/595 205/538/785 204/600/782 156/653/592
f 158/488/599 206/470/789 205/538/786 157/593/596
f 159/426/603 207/422/793 206/470/790 158/488/600
f 160/393/607 208/392/797 207/422/794 159/426/604
f 161/649/612 209/609/802 232/678/894 184/686/704
f 162/556/615 210/555/805 209/609/801 161/649/611
f 163/482/619 211/486/809 210/555/806 162/556/616
f 164/430/623 212/436/813 211/486/810 163/482/620
f 165/408/627 213/416/817 212/436/814 164/430/624
f 166/382/631 214/398/821 213/416/818 165/408/628
f 167/371/635 215/386/825 214/398/822 166/382/632
f 168/367/639 216/378/829 215/386/826 167/371/636
f 169/370/643 217/385/833 216/378/830 168/367/640
f 170/379/647 218/395/837 217/385/834 169/370/644
f 171/405/651 219/413/841 218/395/838 170/379/648
f 172/427/655 220/433/845 219/413/842 171/405/652
f 173/479/659 221/483/849 220/433/846 172/427/656
f 174/546/663 222/548/853 221/483/850 173/479/660
f 175/646/667 223/606/857 222/547/854 174/545/664
f 176/683/671 224/675/861 223/606/858 175/646/668
f 177/701/675 225/693/865 224/675/862 176/683/672
f 178/721/679 226/709/869 225/693/866 177/701/676
f 179/736/683 227/718/873 226/709/870 178/721/680
f 180/741/687 228/725/877 227/718/874 179/736/684
f 181/738/691 229/720/881 228/725/878 180/741/688
f 182/724/695 230/712/885 229/720/882 181/738/692
f 183/704/699 231/696/889 230/712/886 182/724/696
f 184/686/703 232/678/893 231/696/890 183/704/700
f 185/549/708 233/550/898 256/607/990 208/647/800
f 186/480/711 234/484/901 233/550/897 185/549/707
f 187/428/715 235/434/905 234/484/902 186/480/712
f 188/406/719 236/414/909 235/434/906 187/428/716
f 189/381/723 237/396/913 236/414/910 188/406/720
f 190/368/727 238/383/917 237/396/914 189/381/724
f 191/366/731 239/377/921 238/383/918 190/368/728
f 192/369/735 240/384/925 239/377/922 191/366/732
f 193/380/739 241/397/929 240/384/926 192/369/736
f 194/407/743 242/415/933 241/397/930 193/380/740
f 195/429/747 243/435/937 242/415/934 194/407/744
f 196/481/751 244/485/941 243/435/938 195/429/748
f 197/552/755 245/551/945 244/485/942 196/481/752
f 198/648/759 246/608/949 245/553/946 197/554/756
f 199/685/763 247/677/953 246/608/950 198/648/760
f 200/703/767 248/695/957 247/677/954 199/685/764
f 201/722/771 249/711/961 248/695/958 200/703/768
f 202/737/775 250/719/965 249/711/962 201/722/772
f 203/742/779 251/726/969 250/719/966 202/737/776
f 204/735/783 252/717/973 251/726/970 203/742/780
f 205/723/787 253/710/977 252/717/974 204/735/784
f 206/702/791 254/694/981 253/710/978 205/723/788
f 207/684/795 255/676/985 254/694/982 206/702/792
f 208/647/799 256/607/989 255/676/986 207/684/796
f 209/349/804 234/348/904 235/373/907 232/372/895
f 210/327/807 233/328/899 234/348/903 209/349/803
f 211/320/812 256/319/992 233/328/900 210/327/808
f 212/240/816 255/241/988 256/319/991 211/320/811
f 213/187/820 254/186/984 255/241/987 212/240/815
f 214/168/824 253/167/980 254/186/983 213/187/819
f 215/125/828 252/126/976 253/167/979 214/168/823
f 216/83/832 251/84/972 252/126/975 215/125/827
f 217/57/836 250/58/968 251/84/971 216/83/831
f 218/37/840 249/38/964 250/58/967 217/57/835
f 219/23/844 248/24/960 249/38/963 218/37/839
f 220/11/848 247/12/956 248/24/959 219/23/843
f 221/3/852 246/4/952 247/12/955 220/11/847
f 222/1/856 245/2/948 246/4/951 221/3/851
f 223/757/860 244/758/944 245/769/947 222/770/855
f 224/733/864 243/734/940 244/758/943 223/757/859
f 225/700/868 242/699/936 243/734/939 224/733/863
f 226/681/872 241/682/932 242/699/935 225/700/867
f 227/612/876 240/613/928 241/682/931 226/681/871
f 228/558/880 239/557/924 240/613/927 227/612/875
f 229/519/884 238/520/920 239/557/923 228/558/879
f 230/431/888 237/432/916 238/520/919 229/519/883
f 231/410/892 236/409/912 237/432/915 230/431/887
f 232/372/896 235/373/908 236/409/911 231/410/891
f 281/582/1089 288/509/1110 287/459/1107 286/505/1104 285/577/1101 284/630/1098 283/667/1095 282/634/1092
f 281/98/1090 289/97/1114 296/111/1135 288/112/1111
f 282/88/1094 290/87/1118 289/97/1115 281/98/1091
f 283/80/1097 291/79/1121 290/87/1117 282/88/1093
f 284/75/1100 292/74/1124 291/79/1120 283/80/1096
f 285/64/1103 293/63/1127 292/74/1123 284/75/1099
f 286/136/1106 294/135/1130 293/141/1126 285/142/1102
f 287/122/1109 295/121/1133 294/135/1129 286/136/1105
f 288/112/1112 296/111/1136 295/121/1132 287/122/1108
f 290/506/1116 291/455/1119 292/499/1122 293/573/1125 294/625/1128 295/663/1131 296/631/1134 289/579/1113
f 297/583/1137 304/510/1158 303/460/1155 302/504/1152 301/578/1149 300/629/1146 299/668/1143 298/636/1140
f 297/98/1138 305/97/1162 312/113/1183 304/114/1159
f 298/88/1142 306/87/1166 305/97/1163 297/98/1139
f 299/80/1145 307/79/1169 306/87/1165 298/88/1141
f 300/73/1148 308/74/1172 307/79/1168 299/80/1144
f 301/62/1151 309/61/1175 308/74/1171 300/73/1147
f 302/134/1154 310/133/1178 309/141/1174 301/142/1150
f 303/120/1157 311/119/1181 310/133/1177 302/134/1153
f 304/114/1160 312/113/1184 311/119/1180 303/120/1156
f 306/508/1164 307/458/1167 308/502/1170 309/576/1173 310/627/1176 311/666/1179 312/633/1182 305/581/1161
f 313/582/1185 320/511/1206 319/457/1203 318/503/1200 317/575/1197 316/628/1194 315/665/1191 314/635/1188
f 313/64/1186 321/63/1210 328/76/1231 320/75/1207
f 314/134/1190 322/133/1214 321/143/1211 313/144/1187
f 315/120/1193 323/119/1217 322/133/1213 314/134/1189
f 316/114/1196 324/113/1220 323/119/1216 315/120/1192
f 317/102/1199 325/99/1223 324/113/1219 316/114/1195
f 318/90/1202 326/89/1226 325/99/1222 317/102/1198
f 319/82/1205 327/81/1229 326/89/1225 318/90/1201
f 320/75/1208 328/76/1232 327/81/1228 319/82/1204
f 322/507/1212 323/456/1215 324/501/1218 325/574/1221 326/626/1224 327/664/1227 328/632/1230 321/580/1209
f 329/579/1233 336/506/1254 335/455/1251 334/499/1248 333/573/1245 332/625/1242 331/663/1239 330/631/1236
f 329/64/1234 337/63/1258 344/74/1279 336/75/1255
f 330/136/1238 338/135/1262 337/141/1259 329/142/1235
f 331/118/1241 339/117/1265 338/135/1261 330/136/1237
f 332/112/1244 340/111/1268 339/117/1264 331/118/1240
f 333/98/1247 341/97/1271 340/111/1267 332/112/1243
f 334/88/1250 342/87/1274 341/97/1270 333/98/1246
f 335/80/1253 343/79/1277 342/87/1273 334/88/1249
f 336/75/1256 344/74/1280 343/79/1276 335/80/1252
f 338/506/1260 339/455/1263 340/499/1266 341/573/1269 342/625/1272 343/663/1275 344/631/1278 337/579/1257
f 345/572/1281 352/498/1302 351/454/1299 350/497/1296 349/571/1293 348/637/1290 347/662/1287 346/624/1284
f 345/205/1282 353/203/1306 360/222/1327 352/223/1303
f 346/295/1286 354/293/1310 353/304/1307 345/306/1283
f 347/277/1289 355/276/1313 354/293/1309 346/295/1285
f 348/269/1292 356/268/1316 355/276/1312 347/277/1288
f 349/255/1295 357/254/1319 356/268/1315 348/269/1291
f 350/249/1298 358/245/1322 357/254/1318 349/255/1294
f 351/231/1301 359/230/1325 358/245/1321 350/249/1297
f 352/223/1304 360/222/1328 359/230/1324 351/231/1300
f 354/494/1308 355/452/1311 356/493/1314 357/567/1317 358/620/1320 359/660/1323 360/621/1326 353/568/1305
f 361/572/1329 368/498/1350 367/454/1347 366/497/1344 365/571/1341 364/637/1338 363/662/1335 362/624/1332
f 361/282/1330 369/280/1354 376/298/1375 368/297/1351
f 362/274/1334 370/272/1358 369/280/1355 361/282/1331
f 363/259/1337 371/258/1361 370/272/1357 362/274/1333
f 364/248/1340 372/247/1364 371/258/1360 363/259/1336
f 365/235/1343 373/234/1367 372/247/1363 364/248/1339
f 366/226/1346 374/225/1370 373/234/1366 365/235/1342
f 367/208/1349 375/207/1373 374/225/1369 366/226/1345
f 368/297/1352 376/298/1376 375/310/1372 367/312/1348
f 370/494/1356 371/452/1359 372/493/1362 373/567/1365 374/620/1368 375/660/1371 376/621/1374 369/568/1353
f 377/572/1377 384/498/1398 383/454/1395 382/497/1392 381/571/1389 380/637/1386 379/662/1383 378/624/1380
f 377/206/1378 385/202/1402 392/221/1423 384/224/1399
f 378/297/1382 386/291/1406 385/303/1403 377/305/1379
f 379/278/1385 387/275/1409 386/291/1405 378/297/1381
f 380/270/1388 388/267/1412 387/275/1408 379/278/1384
f 381/257/1391 389/253/1415 388/267/1411 380/270/1387
f 382/250/1394 390/246/1418 389/253/1414 381/257/1390
f 383/232/1397 391/229/1421 390/246/1417 382/250/1393
f 384/224/1400 392/221/1424 391/229/1420 383/232/1396
f 386/496/1404 387/453/1407 388/495/1410 389/569/1413 390/622/1416 391/661/1419 392/623/1422 385/570/1401
f 393/589/1425 400/516/1446 399/464/1443 398/514/1440 397/587/1437 396/643/1434 395/672/1431 394/645/1428
f 393/206/1426 401/202/1450 408/221/1471 400/224/1447
f 394/297/1430 402/291/1454 401/303/1451 393/305/1427
f 395/278/1433 403/275/1457 402/291/1453 394/297/1429
f 396/270/1436 404/267/1460 403/275/1456 395/278/1432
f 397/257/1439 405/253/1463 404/267/1459 396/270/1435
f 398/250/1442 406/246/1466 405/253/1462 397/257/1438
f 399/232/1445 407/229/1469 406/246/1465 398/250/1441
f 400/224/1448 408/221/1472 407/229/1468 399/232/1444
f 402/491/1452 403/450/1455 404/489/1458 405/563/1461 406/616/1464 407/658/1467 408/618/1470 401/565/1449
f 409/588/1473 416/515/1494 415/463/1491 414/513/1488 413/586/1485 412/642/1482 411/670/1479 410/644/1476
f 409/257/1474 417/253/1498 424/271/1519 416/266/1495
f 410/250/1478 418/246/1502 417/253/1499 409/257/1475
f 411/232/1481 419/233/1505 418/246/1501 410/250/1477
f 412/219/1484 420/217/1508 419/233/1504 411/232/1480
f 413/204/1487 421/202/1511 420/217/1507 412/219/1483
f 414/297/1490 422/292/1514 421/309/1510 413/308/1486
f 415/282/1493 423/279/1517 422/292/1513 414/297/1489
f 416/266/1496 424/271/1520 423/279/1516 415/282/1492
f 418/494/1500 419/452/1503 420/493/1506 421/567/1509 422/620/1512 423/660/1515 424/621/1518 417/568/1497
g cylinder192_trans
usemtl trans
f 425/342/1521 436/242/1543 435/173/1541 434/166/1539 433/175/1537 432/244/1535 431/341/1533 430/375/1531 429/423/1529 428/447/1527 427/424/1525 426/376/1523
f 426/242/1524 427/174/1526 428/165/1528 429/175/1530 430/243/1532 431/343/1534 432/374/1536 433/423/1538 434/447/1540 435/424/1542 436/376/1544 425/342/1522
