# Exported from Wings 3D 1.0.2
mtllib PrisonerShip.mtl
o cube1
#2804 vertices, 2106 faces
v -0.65053197 1.46960344 5.17825412
v -0.65053197 3.33999213 4.74844475
v 0.65074858 3.33999213 4.74844475
v 0.65074858 1.46960344 5.17825412
v -0.10985304 1.46960344 3.44716420
v -0.35097296 1.46960344 3.54703934
v -0.65053197 1.46960344 3.98784313
v -0.55065683 1.46960344 3.74672321
v -0.10985304 4.03186287 3.44716420
v -0.35097296 3.98497605 3.53534962
v -0.55065683 3.89123357 3.71166184
v -0.65053197 3.77803876 3.92456028
v 0.11006965 4.03186287 3.44716420
v 0.35118957 3.98497605 3.53534962
v 0.65074858 3.77803876 3.92456028
v 0.55087344 3.89123357 3.71166184
v 0.11006965 1.46960344 3.44716420
v 0.35118957 1.46960344 3.54703934
v 0.55087344 1.46960344 3.74672321
v 0.65074858 1.46960344 3.98784313
v 9.4512713e-2 3.99514684 3.51622025
v 0.30688715 3.95384970 3.59389252
v 0.48457019 3.87043561 3.75077895
v 0.57253857 3.77073549 3.93829639
v 0.57253857 3.37670817 4.67938870
v -0.57232196 3.37670817 4.67938870
v -0.57232196 3.77073549 3.93829639
v -0.48435359 3.87043561 3.75077895
v -0.30667055 3.95384970 3.59389252
v -9.4296105e-2 3.99514684 3.51622025
v 1.0830414e-4 1.62672394 3.89571536
v 2.28210270 -0.35599510 0.80956883
v 2.34157122 -0.35599510 0.80956883
v 2.28210270 -0.35599510 1.99893926
v 2.28210270 0.83337533 1.99893926
v 2.34157122 0.83337533 1.99893926
v 2.34157122 -0.35599510 1.99893926
v 1.76507745 2.08091247 2.01701381
v 1.76124932 2.08091247 2.02879557
v 1.75122716 2.08091247 2.03607710
v 1.73883909 2.08091247 2.03607710
v 1.72881693 2.08091247 2.02879557
v 1.72498880 2.08091247 2.01701381
v 1.72881693 2.08091247 2.00523205
v 1.73883909 2.08091247 1.99795053
v 1.75122716 2.08091247 1.99795053
v 1.76124932 2.08091247 2.00523205
v 1.76507745 1.50570887 2.01701381
v 1.76124932 1.50570887 2.02879557
v 1.75122716 1.50570887 2.03607710
v 1.73883909 1.50570887 2.03607710
v 1.72881693 1.50570887 2.02879557
v 1.72498880 1.50570887 2.01701381
v 1.72881693 1.50570887 2.00523205
v 1.73883909 1.50570887 1.99795053
v 1.75122716 1.50570887 1.99795053
v 1.76124932 1.50570887 2.00523205
v 2.11091540 3.7679253e-2 3.63632607
v 2.10846453 3.1836696e-2 3.65027746
v 2.10734701 1.7689632e-2 3.65605631
v 2.10821746 3.5252187e-3 3.65027746
v 2.11056599 -2.3592222e-3 3.63632607
v 2.11301686 3.4833349e-3 3.62237468
v 2.11413439 1.7630399e-2 3.61659583
v 2.11326393 3.1794812e-2 3.62237468
v 2.30541111 3.5981915e-2 3.66978277
v 2.30296023 3.0139358e-2 3.68373415
v 2.30184271 1.5992294e-2 3.68951301
v 2.30271316 1.8278804e-3 3.68373415
v 2.30506170 -4.0565605e-3 3.66978277
v 2.30751257 1.7859966e-3 3.65583138
v 2.30863009 1.5933061e-2 3.65005253
v 2.30775964 3.0097474e-2 3.65583138
v 2.11706123 0.74192086 3.63632607
v 2.11461035 0.73607831 3.65027746
v 2.11349283 0.72193124 3.65605631
v 2.11436328 0.70776683 3.65027746
v 2.11671182 0.70188239 3.63632607
v 2.11916269 0.70772495 3.62237468
v 2.12028021 0.72187201 3.61659583
v 2.11940976 0.73603642 3.62237468
v 2.31155693 0.74022353 3.66978277
v 2.30910606 0.73438097 3.68373415
v 2.30798853 0.72023390 3.68951301
v 2.30885899 0.70606949 3.68373415
v 2.31120752 0.70018505 3.66978277
v 2.31365839 0.70602761 3.65583138
v 2.31477592 0.72017467 3.65005253
v 2.31390546 0.73433908 3.65583138
v 2.06788446 0.74235002 3.92222989
v 2.06543359 0.73650747 3.93618128
v 2.06431607 0.72236040 3.94196013
v 2.06518652 0.70819599 3.93618128
v 2.06753505 0.70231155 3.92222989
v 2.06998592 0.70815410 3.90827850
v 2.07110345 0.72230117 3.90249965
v 2.07023299 0.73646558 3.90827850
v 2.26238017 0.74065268 3.95568659
v 2.25992929 0.73481013 3.96963797
v 2.25881177 0.72066306 3.97541683
v 2.25968222 0.70649865 3.96963797
v 2.26203076 0.70061421 3.95568659
v 2.26448163 0.70645677 3.94173520
v 2.26559915 0.72060383 3.93595635
v 2.26472870 0.73476824 3.94173520
v 2.15066046 0.53298212 3.43040177
v 2.14820959 0.52713957 3.44435316
v 2.14709207 0.51299250 3.45013202
v 2.14796252 0.49882809 3.44435316
v 2.15031105 0.49294365 3.43040177
v 2.15276192 0.49878621 3.41645039
v 2.15387945 0.51293327 3.41067153
v 2.15300899 0.52709768 3.41645039
v 2.34515617 0.53128479 3.46385847
v 2.34270529 0.52544223 3.47780986
v 2.34158777 0.51129517 3.48358871
v 2.34245822 0.49713075 3.47780986
v 2.34480676 0.49124631 3.46385847
v 2.34725763 0.49708887 3.44990709
v 2.34837515 0.51123593 3.44412823
v 2.34750470 0.52540035 3.44990709
v 1.95418446 0.78828799 4.06475217
v 1.95041389 0.77929944 4.08621584
v 1.94869462 0.75753473 4.09510639
v 1.95003378 0.73574333 4.08621584
v 1.95364691 0.72669034 4.06475217
v 1.95741748 0.73567889 4.04328850
v 1.95913675 0.75744360 4.03439796
v 1.95779759 0.77923501 4.04328850
v 2.32268712 0.78507212 4.12814114
v 2.31891655 0.77608357 4.14960481
v 2.31719728 0.75431886 4.15849536
v 2.31853644 0.73252745 4.14960481
v 2.32214957 0.72347447 4.12814114
v 2.32592014 0.73246301 4.10667747
v 2.32763941 0.75422773 4.09778692
v 2.32630025 0.77601913 4.10667747
v 2.05689160 0.78836339 3.46768280
v 2.05312103 0.77937484 3.48914647
v 2.05140176 0.75761013 3.49803702
v 2.05274092 0.73581872 3.48914647
v 2.05635405 0.72676574 3.46768280
v 2.06012462 0.73575429 3.44621913
v 2.06184389 0.75751900 3.43732858
v 2.06050473 0.77931041 3.44621913
v 2.42539426 0.78514752 3.53107177
v 2.42162369 0.77615897 3.55253544
v 2.41990442 0.75439425 3.56142598
v 2.42124358 0.73260285 3.55253544
v 2.42485671 0.72354986 3.53107177
v 2.42862728 0.73253841 3.50960810
v 2.43034655 0.75430313 3.50071755
v 2.42900739 0.77609453 3.50960810
v 1.94743915 1.5351734e-2 4.06475217
v 1.94366858 6.3631846e-3 4.08621584
v 1.94194931 -1.5401530e-2 4.09510639
v 1.94328847 -3.7192935e-2 4.08621584
v 1.94690160 -4.6245920e-2 4.06475217
v 1.95067217 -3.7257371e-2 4.04328850
v 1.95239144 -1.5492657e-2 4.03439796
v 1.95105228 6.2987480e-3 4.04328850
v 2.31594181 1.2135860e-2 4.12814114
v 2.31217124 3.1473106e-3 4.14960481
v 2.31045197 -1.8617404e-2 4.15849536
v 2.31179113 -4.0408809e-2 4.14960481
v 2.31540426 -4.9461794e-2 4.12814114
v 2.31917483 -4.0473245e-2 4.10667747
v 2.32089410 -1.8708531e-2 4.09778692
v 2.31955494 3.0828740e-3 4.10667747
v 2.05014629 1.5427132e-2 3.46768280
v 2.04637572 6.4385828e-3 3.48914647
v 2.04465645 -1.5326132e-2 3.49803702
v 2.04599561 -3.7117536e-2 3.48914647
v 2.04960873 -4.6170522e-2 3.46768280
v 2.05337931 -3.7181973e-2 3.44621913
v 2.05509858 -1.5417259e-2 3.43732858
v 2.05375942 6.3741462e-3 3.44621913
v 2.41864895 1.2211258e-2 3.53107177
v 2.41487838 3.2227088e-3 3.55253544
v 2.41315911 -1.8542006e-2 3.56142598
v 2.41449827 -4.0333410e-2 3.55253544
v 2.41811139 -4.9386396e-2 3.53107177
v 2.42188197 -4.0397847e-2 3.50960810
v 2.42360124 -1.8633133e-2 3.50071755
v 2.42226208 3.1582722e-3 3.50960810
v 2.35509695 0.91160927 3.82364151
v 2.33102466 0.89324894 3.96265084
v 2.30826876 0.83900187 4.09218691
v 2.28838002 0.75256490 4.20342206
v 2.27271384 0.63982856 4.28877579
v 2.26233783 0.50847565 4.34243139
v 2.25795910 0.36745767 4.36073232
v 2.25987606 0.22638474 4.34243139
v 2.26795806 9.4870750e-2 4.28877579
v 2.28165434 -1.8121829e-2 4.20342206
v 2.30003151 -0.10489274 4.09218691
v 2.32183721 -0.15952870 3.96265084
v 2.34558540 -0.17830635 3.82364151
v 2.36965769 -0.15994602 3.68463218
v 2.39241359 -0.10569895 3.55509611
v 2.41230232 -1.9261977e-2 3.44386096
v 2.42796851 9.3474360e-2 3.35850723
v 2.43834452 0.22482726 3.30485163
v 2.44272325 0.36584525 3.28655071
v 2.44080629 0.50691818 3.30485163
v 2.43272428 0.63843217 3.35850723
v 2.41902800 0.75142475 3.44386096
v 2.40065083 0.83819566 3.55509611
v 2.37884514 0.89283162 3.68463218
v 2.35422189 0.81133703 3.82364151
v 2.33457890 0.79635501 3.93707312
v 2.31601008 0.75208939 4.04277456
v 2.29978087 0.68155682 4.13354244
v 2.28699727 0.58956397 4.20319108
v 2.27853044 0.48238000 4.24697405
v 2.27495740 0.36730932 4.26190761
v 2.27652164 0.25219381 4.24697405
v 2.28311656 0.14487840 4.20319108
v 2.29429272 5.2676456e-2 4.13354244
v 2.30928849 -1.8128611e-2 4.04277456
v 2.32708194 -6.2711551e-2 3.93707312
v 2.34646046 -7.8034113e-2 3.82364151
v 2.36610345 -6.3052087e-2 3.71020990
v 2.38467226 -1.8786475e-2 3.60450846
v 2.40090147 5.1746096e-2 3.51374058
v 2.41368508 0.14373895 3.44409194
v 2.42215190 0.25092292 3.40030897
v 2.42572494 0.36599360 3.38537541
v 2.42416071 0.48110911 3.40030897
v 2.41756579 0.58842452 3.44409194
v 2.40638963 0.68062646 3.51374058
v 2.39139385 0.75143153 3.60450846
v 2.37360041 0.79601447 3.71020990
v 2.26913303 0.77205484 3.80906480
v 2.25125791 0.75842120 3.91228757
v 2.23436029 0.71813949 4.00847588
v 2.21959171 0.65395485 4.09107465
v 2.20795863 0.57024136 4.15445492
v 2.20025382 0.47270394 4.19429742
v 2.19700235 0.36798963 4.20788695
v 2.19842581 0.26323451 4.19429742
v 2.20442718 0.16557749 4.15445492
v 2.21459749 8.1673718e-2 4.09107465
v 2.22824364 1.7241107e-2 4.00847588
v 2.24443568 -2.3329369e-2 3.91228757
v 2.26207013 -3.7272900e-2 3.80906480
v 2.27994525 -2.3639257e-2 3.70584204
v 2.29684287 1.6642451e-2 3.60965373
v 2.31161145 8.0827090e-2 3.52705496
v 2.32324454 0.16454058 3.46367469
v 2.33094935 0.26207800 3.42383219
v 2.33420081 0.36679231 3.41024266
v 2.33277736 0.47154743 3.42383219
v 2.32677598 0.56920445 3.46367469
v 2.31660568 0.65310822 3.52705496
v 2.30295952 0.71754083 3.60965373
v 2.28676749 0.75811131 3.70584204
v 2.09516019 0.71834751 3.87423285
v 2.11114055 0.73053598 3.78195170
v 2.12690575 0.71807047 3.68967054
v 2.14138143 0.68180046 3.60367820
v 2.15358109 0.62419771 3.52983490
v 2.16267335 0.54918774 3.47317294
v 2.16803858 0.46188236 3.43755374
v 2.16931115 0.36823128 3.42540470
v 2.16640433 0.27461668 3.43755374
v 2.15951623 0.18741824 3.47317294
v 2.14911626 0.11257837 3.52983490
v 2.13591315 5.5197306e-2 3.60367820
v 2.12080668 1.9185460e-2 3.68967054
v 2.10482632 6.9969831e-3 3.78195170
v 2.08906112 1.9462500e-2 3.87423285
v 2.07458544 5.5732505e-2 3.96022520
v 2.06238578 0.11333526 4.03406850
v 2.05329352 0.18834523 4.09073046
v 2.04792829 0.27565061 4.12634965
v 2.04665572 0.36930168 4.13849870
v 2.04956253 0.46291628 4.12634965
v 2.05645063 0.55011473 4.09073046
v 2.06685061 0.62495459 4.03406850
v 2.08005372 0.68233566 3.96022520
v 2.26875870 0.72916047 3.80906480
v 2.25277834 0.71697199 3.90134596
v 2.23767187 0.68096015 3.98733830
v 2.22446876 0.62357908 4.06118161
v 2.21406878 0.54873922 4.11784356
v 2.20718068 0.46154077 4.15346276
v 2.20427387 0.36792617 4.16561181
v 2.20554644 0.27427510 4.15346276
v 2.21091167 0.18696972 4.11784356
v 2.22000392 0.11195975 4.06118161
v 2.23220358 5.4356992e-2 3.98733830
v 2.24667926 1.8086987e-2 3.90134596
v 2.26244447 5.6214703e-3 3.80906480
v 2.27842482 1.7809947e-2 3.71678365
v 2.29353130 5.3821794e-2 3.63079130
v 2.30673441 0.11120286 3.55694800
v 2.31713438 0.18604272 3.50028604
v 2.32402248 0.27324117 3.46466685
v 2.32692930 0.36685577 3.45251780
v 2.32565673 0.46050684 3.46466685
v 2.32029150 0.54781222 3.50028604
v 2.31119924 0.62282219 3.55694800
v 2.29899958 0.68042495 3.63079130
v 2.28452390 0.71669495 3.71678365
v 2.15866602 0.91628211 3.78772964
v 2.13436842 0.89774993 3.92804010
v 2.11139952 0.84299511 4.05878863
v 2.09132463 0.75574908 4.17106494
v 2.07551181 0.64195754 4.25721758
v 2.06503868 0.50937517 4.31137539
v 2.06061896 0.36703725 4.32984761
v 2.06255386 0.22464388 4.31137539
v 2.07071152 9.1898921e-2 4.25721758
v 2.08453599 -2.2151268e-2 4.17106494
v 2.10308518 -0.10973436 4.05878863
v 2.12509497 -0.16488171 3.92804010
v 2.14906544 -0.18383512 3.78772964
v 2.17336305 -0.16530294 3.64741918
v 2.19633194 -0.11054811 3.51667065
v 2.21640684 -2.3302087e-2 3.40439434
v 2.23221966 9.0489461e-2 3.31824170
v 2.24269279 0.22307183 3.26408388
v 2.24711250 0.36540975 3.24561166
v 2.24517760 0.50780312 3.26408388
v 2.23701995 0.64054808 3.31824170
v 2.22319547 0.75459826 3.40439434
v 2.20464629 0.84218136 3.51667065
v 2.18263649 0.89732871 3.64741918
v 2.14801803 0.24226962 3.43101464
v 2.14556716 0.23642706 3.44496603
v 2.14444963 0.22228000 3.45074488
v 2.14532009 0.20811559 3.44496603
v 2.14766862 0.20223115 3.43101464
v 2.15011949 0.20807370 3.41706326
v 2.15123701 0.22222077 3.41128440
v 2.15036656 0.23638518 3.41706326
v 2.34251373 0.24057228 3.46447134
v 2.34006286 0.23472973 3.47842273
v 2.33894534 0.22058266 3.48420158
v 2.33981579 0.20641825 3.47842273
v 2.34216432 0.20053381 3.46447134
v 2.34461519 0.20637636 3.45051996
v 2.34573272 0.22052343 3.44474110
v 2.34486226 0.23468784 3.45051996
v 2.06173864 3.8108412e-2 3.92222989
v 2.05928777 3.2265855e-2 3.93618128
v 2.05817024 1.8118791e-2 3.94196013
v 2.05904070 3.9543778e-3 3.93618128
v 2.06138923 -1.9300631e-3 3.92222989
v 2.06384010 3.9124940e-3 3.90827850
v 2.06495763 1.8059558e-2 3.90249965
v 2.06408717 3.2223971e-2 3.90827850
v 2.25623434 3.6411074e-2 3.95568659
v 2.25378347 3.0568517e-2 3.96963797
v 2.25266595 1.6421453e-2 3.97541683
v 2.25353640 2.2570395e-3 3.96963797
v 2.25588493 -3.6274014e-3 3.95568659
v 2.25833581 2.2151557e-3 3.94173520
v 2.25945333 1.6362220e-2 3.93595635
v 2.25858288 3.0526633e-2 3.94173520
v 2.26045316 0.75220541 3.80440468
v 2.22739245 0.70094459 3.99399774
v 2.20229068 0.56032823 4.13278949
v 2.19187384 0.36803438 4.18359079
v 2.19893310 0.17558802 4.13278949
v 2.22157696 3.4554994e-2 3.99399774
v 2.25373800 -1.7275012e-2 3.80440468
v 2.28679870 3.3985812e-2 3.61481163
v 2.31190048 0.17460217 3.47601988
v 2.32231732 0.36689602 3.42521857
v 2.31525805 0.55934238 3.47601988
v 2.29261420 0.70037541 3.61481163
v -2.11541182 3.7679253e-2 3.63632607
v -2.11296095 3.1836696e-2 3.65027746
v -2.11184343 1.7689632e-2 3.65605631
v -2.11271388 3.5252187e-3 3.65027746
v -2.11506241 -2.3592222e-3 3.63632607
v -2.11751328 3.4833349e-3 3.62237468
v -2.11863081 1.7630399e-2 3.61659583
v -2.11776036 3.1794812e-2 3.62237468
v -2.30990753 3.5981915e-2 3.66978277
v -2.30745665 3.0139358e-2 3.68373415
v -2.30633913 1.5992294e-2 3.68951301
v -2.30720958 1.8278804e-3 3.68373415
v -2.30955812 -4.0565605e-3 3.66978277
v -2.31200899 1.7859966e-3 3.65583138
v -2.31312651 1.5933061e-2 3.65005253
v -2.31225606 3.0097474e-2 3.65583138
v -2.12155765 0.74192086 3.63632607
v -2.11910677 0.73607831 3.65027746
v -2.11798925 0.72193124 3.65605631
v -2.11885970 0.70776683 3.65027746
v -2.12120824 0.70188239 3.63632607
v -2.12365911 0.70772495 3.62237468
v -2.12477663 0.72187201 3.61659583
v -2.12390618 0.73603642 3.62237468
v -2.31605335 0.74022353 3.66978277
v -2.31360248 0.73438097 3.68373415
v -2.31248495 0.72023390 3.68951301
v -2.31335541 0.70606949 3.68373415
v -2.31570394 0.70018505 3.66978277
v -2.31815481 0.70602761 3.65583138
v -2.31927234 0.72017467 3.65005253
v -2.31840188 0.73433908 3.65583138
v -2.07238088 0.74235002 3.92222989
v -2.06993001 0.73650747 3.93618128
v -2.06881249 0.72236040 3.94196013
v -2.06968294 0.70819599 3.93618128
v -2.07203147 0.70231155 3.92222989
v -2.07448234 0.70815410 3.90827850
v -2.07559987 0.72230117 3.90249965
v -2.07472942 0.73646558 3.90827850
v -2.26687659 0.74065268 3.95568659
v -2.26442572 0.73481013 3.96963797
v -2.26330819 0.72066306 3.97541683
v -2.26417864 0.70649865 3.96963797
v -2.26652718 0.70061421 3.95568659
v -2.26897805 0.70645677 3.94173520
v -2.27009557 0.72060383 3.93595635
v -2.26922512 0.73476824 3.94173520
v -2.15515688 0.53298212 3.43040177
v -2.15270601 0.52713957 3.44435316
v -2.15158849 0.51299250 3.45013202
v -2.15245894 0.49882809 3.44435316
v -2.15480747 0.49294365 3.43040177
v -2.15725834 0.49878621 3.41645039
v -2.15837587 0.51293327 3.41067153
v -2.15750541 0.52709768 3.41645039
v -2.34965259 0.53128479 3.46385847
v -2.34720171 0.52544223 3.47780986
v -2.34608419 0.51129517 3.48358871
v -2.34695464 0.49713075 3.47780986
v -2.34930318 0.49124631 3.46385847
v -2.35175405 0.49708887 3.44990709
v -2.35287157 0.51123593 3.44412823
v -2.35200112 0.52540035 3.44990709
v -1.95868088 0.78828799 4.06475217
v -1.95491031 0.77929944 4.08621584
v -1.95319104 0.75753473 4.09510639
v -1.95453020 0.73574333 4.08621584
v -1.95814333 0.72669034 4.06475217
v -1.96191390 0.73567889 4.04328850
v -1.96363317 0.75744360 4.03439796
v -1.96229401 0.77923501 4.04328850
v -2.32718354 0.78507212 4.12814114
v -2.32341297 0.77608357 4.14960481
v -2.32169370 0.75431886 4.15849536
v -2.32303286 0.73252745 4.14960481
v -2.32664599 0.72347447 4.12814114
v -2.33041656 0.73246301 4.10667747
v -2.33213583 0.75422773 4.09778692
v -2.33079667 0.77601913 4.10667747
v -2.06138802 0.78836339 3.46768280
v -2.05761745 0.77937484 3.48914647
v -2.05589818 0.75761013 3.49803702
v -2.05723734 0.73581872 3.48914647
v -2.06085047 0.72676574 3.46768280
v -2.06462104 0.73575429 3.44621913
v -2.06634031 0.75751900 3.43732858
v -2.06500115 0.77931041 3.44621913
v -2.42989068 0.78514752 3.53107177
v -2.42612011 0.77615897 3.55253544
v -2.42440084 0.75439425 3.56142598
v -2.42574000 0.73260285 3.55253544
v -2.42935313 0.72354986 3.53107177
v -2.43312370 0.73253841 3.50960810
v -2.43484297 0.75430313 3.50071755
v -2.43350381 0.77609453 3.50960810
v -1.95193557 1.5351734e-2 4.06475217
v -1.94816500 6.3631846e-3 4.08621584
v -1.94644573 -1.5401530e-2 4.09510639
v -1.94778489 -3.7192935e-2 4.08621584
v -1.95139802 -4.6245920e-2 4.06475217
v -1.95516859 -3.7257371e-2 4.04328850
v -1.95688786 -1.5492657e-2 4.03439796
v -1.95554870 6.2987480e-3 4.04328850
v -2.32043823 1.2135860e-2 4.12814114
v -2.31666766 3.1473106e-3 4.14960481
v -2.31494839 -1.8617404e-2 4.15849536
v -2.31628755 -4.0408809e-2 4.14960481
v -2.31990068 -4.9461794e-2 4.12814114
v -2.32367125 -4.0473245e-2 4.10667747
v -2.32539052 -1.8708531e-2 4.09778692
v -2.32405136 3.0828740e-3 4.10667747
v -2.05464271 1.5427132e-2 3.46768280
v -2.05087214 6.4385828e-3 3.48914647
v -2.04915287 -1.5326132e-2 3.49803702
v -2.05049203 -3.7117536e-2 3.48914647
v -2.05410515 -4.6170522e-2 3.46768280
v -2.05787573 -3.7181973e-2 3.44621913
v -2.05959500 -1.5417259e-2 3.43732858
v -2.05825584 6.3741462e-3 3.44621913
v -2.42314537 1.2211258e-2 3.53107177
v -2.41937480 3.2227088e-3 3.55253544
v -2.41765553 -1.8542006e-2 3.56142598
v -2.41899469 -4.0333410e-2 3.55253544
v -2.42260782 -4.9386396e-2 3.53107177
v -2.42637839 -4.0397847e-2 3.50960810
v -2.42809766 -1.8633133e-2 3.50071755
v -2.42675850 3.1582722e-3 3.50960810
v -2.35959337 0.91160927 3.82364151
v -2.33552108 0.89324894 3.96265084
v -2.31276518 0.83900187 4.09218691
v -2.29287644 0.75256490 4.20342206
v -2.27721026 0.63982856 4.28877579
v -2.26683425 0.50847565 4.34243139
v -2.26245552 0.36745767 4.36073232
v -2.26437248 0.22638474 4.34243139
v -2.27245448 9.4870750e-2 4.28877579
v -2.28615076 -1.8121829e-2 4.20342206
v -2.30452794 -0.10489274 4.09218691
v -2.32633363 -0.15952870 3.96265084
v -2.35008182 -0.17830635 3.82364151
v -2.37415411 -0.15994602 3.68463218
v -2.39691001 -0.10569895 3.55509611
v -2.41679874 -1.9261977e-2 3.44386096
v -2.43246493 9.3474360e-2 3.35850723
v -2.44284094 0.22482726 3.30485163
v -2.44721967 0.36584525 3.28655071
v -2.44530271 0.50691818 3.30485163
v -2.43722070 0.63843217 3.35850723
v -2.42352442 0.75142475 3.44386096
v -2.40514725 0.83819566 3.55509611
v -2.38334156 0.89283162 3.68463218
v -2.35871831 0.81133703 3.82364151
v -2.33907532 0.79635501 3.93707312
v -2.32050650 0.75208939 4.04277456
v -2.30427730 0.68155682 4.13354244
v -2.29149369 0.58956397 4.20319108
v -2.28302686 0.48238000 4.24697405
v -2.27945382 0.36730932 4.26190761
v -2.28101806 0.25219381 4.24697405
v -2.28761298 0.14487840 4.20319108
v -2.29878914 5.2676456e-2 4.13354244
v -2.31378491 -1.8128611e-2 4.04277456
v -2.33157836 -6.2711551e-2 3.93707312
v -2.35095688 -7.8034113e-2 3.82364151
v -2.37059987 -6.3052087e-2 3.71020990
v -2.38916868 -1.8786475e-2 3.60450846
v -2.40539789 5.1746096e-2 3.51374058
v -2.41818150 0.14373895 3.44409194
v -2.42664832 0.25092292 3.40030897
v -2.43022136 0.36599360 3.38537541
v -2.42865713 0.48110911 3.40030897
v -2.42206221 0.58842452 3.44409194
v -2.41088605 0.68062646 3.51374058
v -2.39589027 0.75143153 3.60450846
v -2.37809683 0.79601447 3.71020990
v -2.27362945 0.77205484 3.80906480
v -2.25575433 0.75842120 3.91228757
v -2.23885671 0.71813949 4.00847588
v -2.22408813 0.65395485 4.09107465
v -2.21245505 0.57024136 4.15445492
v -2.20475024 0.47270394 4.19429742
v -2.20149877 0.36798963 4.20788695
v -2.20292223 0.26323451 4.19429742
v -2.20892360 0.16557749 4.15445492
v -2.21909391 8.1673718e-2 4.09107465
v -2.23274006 1.7241107e-2 4.00847588
v -2.24893210 -2.3329369e-2 3.91228757
v -2.26656656 -3.7272900e-2 3.80906480
v -2.28444167 -2.3639257e-2 3.70584204
v -2.30133930 1.6642451e-2 3.60965373
v -2.31610787 8.0827090e-2 3.52705496
v -2.32774096 0.16454058 3.46367469
v -2.33544577 0.26207800 3.42383219
v -2.33869723 0.36679231 3.41024266
v -2.33727378 0.47154743 3.42383219
v -2.33127240 0.56920445 3.46367469
v -2.32110210 0.65310822 3.52705496
v -2.30745594 0.71754083 3.60965373
v -2.29126391 0.75811131 3.70584204
v -2.09965661 0.71834751 3.87423285
v -2.11563697 0.73053598 3.78195170
v -2.13140217 0.71807047 3.68967054
v -2.14587785 0.68180046 3.60367820
v -2.15807751 0.62419771 3.52983490
v -2.16716977 0.54918774 3.47317294
v -2.17253500 0.46188236 3.43755374
v -2.17380757 0.36823128 3.42540470
v -2.17090076 0.27461668 3.43755374
v -2.16401266 0.18741824 3.47317294
v -2.15361268 0.11257837 3.52983490
v -2.14040957 5.5197306e-2 3.60367820
v -2.12530310 1.9185460e-2 3.68967054
v -2.10932274 6.9969831e-3 3.78195170
v -2.09355754 1.9462500e-2 3.87423285
v -2.07908186 5.5732505e-2 3.96022520
v -2.06688220 0.11333526 4.03406850
v -2.05778994 0.18834523 4.09073046
v -2.05242471 0.27565061 4.12634965
v -2.05115214 0.36930168 4.13849870
v -2.05405895 0.46291628 4.12634965
v -2.06094705 0.55011473 4.09073046
v -2.07134703 0.62495459 4.03406850
v -2.08455014 0.68233566 3.96022520
v -2.27325512 0.72916047 3.80906480
v -2.25727476 0.71697199 3.90134596
v -2.24216829 0.68096015 3.98733830
v -2.22896518 0.62357908 4.06118161
v -2.21856520 0.54873922 4.11784356
v -2.21167710 0.46154077 4.15346276
v -2.20877029 0.36792617 4.16561181
v -2.21004286 0.27427510 4.15346276
v -2.21540809 0.18696972 4.11784356
v -2.22450034 0.11195975 4.06118161
v -2.23670001 5.4356992e-2 3.98733830
v -2.25117568 1.8086987e-2 3.90134596
v -2.26694089 5.6214703e-3 3.80906480
v -2.28292124 1.7809947e-2 3.71678365
v -2.29802772 5.3821794e-2 3.63079130
v -2.31123083 0.11120286 3.55694800
v -2.32163080 0.18604272 3.50028604
v -2.32851890 0.27324117 3.46466685
v -2.33142572 0.36685577 3.45251780
v -2.33015315 0.46050684 3.46466685
v -2.32478792 0.54781222 3.50028604
v -2.31569566 0.62282219 3.55694800
v -2.30349600 0.68042495 3.63079130
v -2.28902032 0.71669495 3.71678365
v -2.17537493 0.92313297 3.79141570
v -2.15107732 0.90460079 3.93172616
v -2.12810843 0.84984597 4.06247469
v -2.10803354 0.76259994 4.17475100
v -2.09222072 0.64880840 4.26090364
v -2.08174759 0.51622603 4.31506145
v -2.07732787 0.37388811 4.33353367
v -2.07926277 0.23149474 4.31506145
v -2.08742043 9.8749781e-2 4.26090364
v -2.10124490 -1.5300408e-2 4.17475100
v -2.11979408 -0.10288350 4.06247469
v -2.14180388 -0.15803085 3.93172616
v -2.16577435 -0.17698426 3.79141570
v -2.19007196 -0.15845208 3.65110524
v -2.21304085 -0.10369725 3.52035671
v -2.23311575 -1.6451228e-2 3.40808040
v -2.24892857 9.7340321e-2 3.32192776
v -2.25940170 0.22992269 3.26776995
v -2.26382141 0.37226061 3.24929772
v -2.26188651 0.51465398 3.26776995
v -2.25372886 0.64739894 3.32192776
v -2.23990438 0.76144912 3.40808040
v -2.22135520 0.84903222 3.52035671
v -2.19934540 0.90417956 3.65110524
v -2.15251445 0.24226962 3.43101464
v -2.15006358 0.23642706 3.44496603
v -2.14894605 0.22228000 3.45074488
v -2.14981651 0.20811559 3.44496603
v -2.15216504 0.20223115 3.43101464
v -2.15461591 0.20807370 3.41706326
v -2.15573343 0.22222077 3.41128440
v -2.15486298 0.23638518 3.41706326
v -2.34701015 0.24057228 3.46447134
v -2.34455928 0.23472973 3.47842273
v -2.34344176 0.22058266 3.48420158
v -2.34431221 0.20641825 3.47842273
v -2.34666074 0.20053381 3.46447134
v -2.34911161 0.20637636 3.45051996
v -2.35022914 0.22052343 3.44474110
v -2.34935868 0.23468784 3.45051996
v -2.06623506 3.8108412e-2 3.92222989
v -2.06378419 3.2265855e-2 3.93618128
v -2.06266666 1.8118791e-2 3.94196013
v -2.06353712 3.9543778e-3 3.93618128
v -2.06588565 -1.9300631e-3 3.92222989
v -2.06833652 3.9124940e-3 3.90827850
v -2.06945405 1.8059558e-2 3.90249965
v -2.06858359 3.2223971e-2 3.90827850
v -2.26073076 3.6411074e-2 3.95568659
v -2.25827989 3.0568517e-2 3.96963797
v -2.25716237 1.6421453e-2 3.97541683
v -2.25803282 2.2570395e-3 3.96963797
v -2.26038135 -3.6274014e-3 3.95568659
v -2.26283223 2.2151557e-3 3.94173520
v -2.26394975 1.6362220e-2 3.93595635
v -2.26307930 3.0526633e-2 3.94173520
v -2.26494958 0.75220541 3.80440468
v -2.23188888 0.70094459 3.99399774
v -2.20678710 0.56032823 4.13278949
v -2.19637026 0.36803438 4.18359079
v -2.20342953 0.17558802 4.13278949
v -2.22607338 3.4554994e-2 3.99399774
v -2.25823442 -1.7275012e-2 3.80440468
v -2.29129512 3.3985812e-2 3.61481163
v -2.31639690 0.17460217 3.47601988
v -2.32681374 0.36689602 3.42521857
v -2.31975447 0.55934238 3.47601988
v -2.29711062 0.70037541 3.61481163
v 2.26687052 2.08091247 2.04404464
v 2.26304239 2.08091247 2.05582640
v 2.25302023 2.08091247 2.06310793
v 2.24063216 2.08091247 2.06310793
v 2.23061000 2.08091247 2.05582640
v 2.22678187 2.08091247 2.04404464
v 2.23061000 2.08091247 2.03226289
v 2.24063216 2.08091247 2.02498136
v 2.25302023 2.08091247 2.02498136
v 2.26304239 2.08091247 2.03226289
v 2.26687052 1.50570887 2.04404464
v 2.26304239 1.50570887 2.05582640
v 2.25302023 1.50570887 2.06310793
v 2.24063216 1.50570887 2.06310793
v 2.23061000 1.50570887 2.05582640
v 2.22678187 1.50570887 2.04404464
v 2.23061000 1.50570887 2.03226289
v 2.24063216 1.50570887 2.02498136
v 2.25302023 1.50570887 2.02498136
v 2.26304239 1.50570887 2.03226289
v -2.25431499 2.08091247 2.03989264
v -2.25048686 2.08091247 2.05167440
v -2.24046470 2.08091247 2.05895593
v -2.22807663 2.08091247 2.05895593
v -2.21805446 2.08091247 2.05167440
v -2.21422634 2.08091247 2.03989264
v -2.21805446 2.08091247 2.02811088
v -2.22807663 2.08091247 2.02082936
v -2.24046470 2.08091247 2.02082936
v -2.25048686 2.08091247 2.02811088
v -2.25431499 1.50570887 2.03989264
v -2.25048686 1.50570887 2.05167440
v -2.24046470 1.50570887 2.05895593
v -2.22807663 1.50570887 2.05895593
v -2.21805446 1.50570887 2.05167440
v -2.21422634 1.50570887 2.03989264
v -2.21805446 1.50570887 2.02811088
v -2.22807663 1.50570887 2.02082936
v -2.24046470 1.50570887 2.02082936
v -2.25048686 1.50570887 2.02811088
v -1.76055806 2.08091247 2.01701381
v -1.75672994 2.08091247 2.02879557
v -1.74670778 2.08091247 2.03607710
v -1.73431970 2.08091247 2.03607710
v -1.72429754 2.08091247 2.02879557
v -1.72046942 2.08091247 2.01701381
v -1.72429754 2.08091247 2.00523205
v -1.73431970 2.08091247 1.99795053
v -1.74670778 2.08091247 1.99795053
v -1.75672994 2.08091247 2.00523205
v -1.76055806 1.50570887 2.01701381
v -1.75672994 1.50570887 2.02879557
v -1.74670778 1.50570887 2.03607710
v -1.73431970 1.50570887 2.03607710
v -1.72429754 1.50570887 2.02879557
v -1.72046942 1.50570887 2.01701381
v -1.72429754 1.50570887 2.00523205
v -1.73431970 1.50570887 1.99795053
v -1.74670778 1.50570887 1.99795053
v -1.75672994 1.50570887 2.00523205
v -2.28337511 2.08091247 2.52512747
v -2.27954699 2.08091247 2.53690922
v -2.26952483 2.08091247 2.54419075
v -2.25713675 2.08091247 2.54419075
v -2.24711459 2.08091247 2.53690922
v -2.24328646 2.08091247 2.52512747
v -2.24711459 2.08091247 2.51334571
v -2.25713675 2.08091247 2.50606418
v -2.26952483 2.08091247 2.50606418
v -2.27954699 2.08091247 2.51334571
v -2.28337511 1.50570887 2.52512747
v -2.27954699 1.50570887 2.53690922
v -2.26952483 1.50570887 2.54419075
v -2.25713675 1.50570887 2.54419075
v -2.24711459 1.50570887 2.53690922
v -2.24328646 1.50570887 2.52512747
v -2.24711459 1.50570887 2.51334571
v -2.25713675 1.50570887 2.50606418
v -2.26952483 1.50570887 2.50606418
v -2.27954699 1.50570887 2.51334571
v 2.09704835 2.08091247 3.82061165
v 2.09322023 2.08091247 3.83239340
v 2.08319807 2.08091247 3.83967493
v 2.07080999 2.08091247 3.83967493
v 2.06078783 2.08091247 3.83239340
v 2.05695971 2.08091247 3.82061165
v 2.06078783 2.08091247 3.80882989
v 2.07080999 2.08091247 3.80154836
v 2.08319807 2.08091247 3.80154836
v 2.09322023 2.08091247 3.80882989
v 2.09704835 1.50570887 3.82061165
v 2.09322023 1.50570887 3.83239340
v 2.08319807 1.50570887 3.83967493
v 2.07080999 1.50570887 3.83967493
v 2.06078783 1.50570887 3.83239340
v 2.05695971 1.50570887 3.82061165
v 2.06078783 1.50570887 3.80882989
v 2.07080999 1.50570887 3.80154836
v 2.08319807 1.50570887 3.80154836
v 2.09322023 1.50570887 3.80882989
v 1.57250298 2.08091247 5.15004254
v 1.56867485 2.08091247 5.16182430
v 1.55865269 2.08091247 5.16910582
v 1.54626462 2.08091247 5.16910582
v 1.53624246 2.08091247 5.16182430
v 1.53241433 2.08091247 5.15004254
v 1.53624246 2.08091247 5.13826078
v 1.54626462 2.08091247 5.13097925
v 1.55865269 2.08091247 5.13097925
v 1.56867485 2.08091247 5.13826078
v 1.57250298 1.50570887 5.15004254
v 1.56867485 1.50570887 5.16182430
v 1.55865269 1.50570887 5.16910582
v 1.54626462 1.50570887 5.16910582
v 1.53624246 1.50570887 5.16182430
v 1.53241433 1.50570887 5.15004254
v 1.53624246 1.50570887 5.13826078
v 1.54626462 1.50570887 5.13097925
v 1.55865269 1.50570887 5.13097925
v 1.56867485 1.50570887 5.13826078
v 1.89895489 2.08091247 4.53432231
v 1.89512676 2.08091247 4.54610406
v 1.88510460 2.08091247 4.55338559
v 1.87271653 2.08091247 4.55338559
v 1.86269437 2.08091247 4.54610406
v 1.85886624 2.08091247 4.53432231
v 1.86269437 2.08091247 4.52254055
v 1.87271653 2.08091247 4.51525902
v 1.88510460 2.08091247 4.51525902
v 1.89512676 2.08091247 4.52254055
v 1.89895489 1.50570887 4.53432231
v 1.89512676 1.50570887 4.54610406
v 1.88510460 1.50570887 4.55338559
v 1.87271653 1.50570887 4.55338559
v 1.86269437 1.50570887 4.54610406
v 1.85886624 1.50570887 4.53432231
v 1.86269437 1.50570887 4.52254055
v 1.87271653 1.50570887 4.51525902
v 1.88510460 1.50570887 4.51525902
v 1.89512676 1.50570887 4.52254055
v -2.27797827 2.08206685 2.53087738
v -2.26629406 2.06595149 2.53094537
v -2.24741955 2.07208052 2.53094334
v -2.24742173 2.09199240 2.53087409
v -2.26630626 2.09815270 2.53083337
v -2.27444684 2.09179794 2.53084715
v -2.27444433 2.07232429 2.53091488
v -2.25597670 2.06629921 2.53095471
v -2.24456275 2.08203081 2.53091166
v -2.25598925 2.09779172 2.53084516
v -2.21009393 2.08206685 3.17455489
v -2.20662621 2.09179794 3.17388645
v -2.19862237 2.09815270 3.17240057
v -2.18847337 2.09779172 3.17054621
v -2.18004191 2.09199240 3.16902512
v -2.17722328 2.08203081 3.16854499
v -2.18002724 2.07208052 3.16909284
v -2.18844122 2.06629921 3.17065168
v -2.19859011 2.06595149 3.17250852
v -2.20661149 2.07232429 3.17395261
v -2.08183275 2.08206685 3.83233470
v -2.07836503 2.09179794 3.83166627
v -2.07036119 2.09815270 3.83018039
v -2.06021219 2.09779172 3.82832603
v -2.05178073 2.09199240 3.82680494
v -2.04896210 2.08203081 3.82632480
v -2.05176605 2.07208052 3.82687265
v -2.06018004 2.06629921 3.82843150
v -2.07032893 2.06595149 3.83028834
v -2.07835031 2.07232429 3.83173242
v -1.88767591 2.08206685 4.54306639
v -1.88420819 2.09179794 4.54239795
v -1.87620435 2.09815270 4.54091207
v -1.86605535 2.09779172 4.53905771
v -1.85762390 2.09199240 4.53753662
v -1.85480527 2.08203081 4.53705648
v -1.85760922 2.07208052 4.53760433
v -1.86602320 2.06629921 4.53916318
v -1.87617210 2.06595149 4.54102002
v -1.88419347 2.07232429 4.54246411
v 2.28250888 2.08206685 2.53087738
v 2.27082467 2.06595149 2.53094537
v 2.25195016 2.07208052 2.53094334
v 2.25195235 2.09199240 2.53087409
v 2.27083687 2.09815270 2.53083337
v 2.27897746 2.09179794 2.53084715
v 2.27897494 2.07232429 2.53091488
v 2.26050732 2.06629921 2.53095471
v 2.24909336 2.08203081 2.53091166
v 2.26051986 2.09779172 2.53084516
v 2.21462454 2.08206685 3.17455489
v 2.21115682 2.09179794 3.17388645
v 2.20315298 2.09815270 3.17240057
v 2.19300398 2.09779172 3.17054621
v 2.18457253 2.09199240 3.16902512
v 2.18175390 2.08203081 3.16854499
v 2.18455785 2.07208052 3.16909284
v 2.19297183 2.06629921 3.17065168
v 2.20312073 2.06595149 3.17250852
v 2.21114210 2.07232429 3.17395261
v 2.08636336 2.08206685 3.83233470
v 2.08289564 2.09179794 3.83166627
v 2.07489180 2.09815270 3.83018039
v 2.06474280 2.09779172 3.82832603
v 2.05631135 2.09199240 3.82680494
v 2.05349272 2.08203081 3.82632480
v 2.05629667 2.07208052 3.82687265
v 2.06471065 2.06629921 3.82843150
v 2.07485954 2.06595149 3.83028834
v 2.08288092 2.07232429 3.83173242
v 1.89220653 2.08206685 4.54306639
v 1.88873881 2.09179794 4.54239795
v 1.88073497 2.09815270 4.54091207
v 1.87058597 2.09779172 4.53905771
v 1.86215451 2.09199240 4.53753662
v 1.85933588 2.08203081 4.53705648
v 1.86213984 2.07208052 4.53760433
v 1.87055382 2.06629921 4.53916318
v 1.88070271 2.06595149 4.54102002
v 1.88872409 2.07232429 4.54246411
v -1.43422921 2.08206685 5.33393887
v -1.67342725 2.08206685 5.00214667
v -1.43162366 2.09179794 5.33157875
v -1.67079719 2.09179794 4.99976860
v -1.42557782 2.09815270 5.32617744
v -1.66470497 2.09815270 4.99433206
v -1.41789501 2.09779172 5.31935272
v -1.65696832 2.09779172 4.98746568
v -1.41150156 2.09199240 5.31369882
v -1.65053334 2.09199240 4.98177910
v -1.40934828 2.08203081 5.31183167
v -1.64837144 2.08203081 4.97990420
v -1.41145078 2.07208052 5.31374583
v -1.65049572 2.07208052 4.98183405
v -1.41780794 2.06629921 5.31942107
v -1.65690190 2.06629921 4.98754650
v -1.42548928 2.06595149 5.32624775
v -1.66463740 2.06595149 4.99441506
v -1.43157374 2.07232429 5.33162449
v -1.67075992 2.07232429 4.99982200
v -1.04790731 2.08206685 5.69978062
v -0.70368771 2.08206685 5.92081090
v -1.04607900 2.09179794 5.69674086
v -0.70183934 2.09179794 5.91770568
v -1.04181909 2.09815270 5.68976536
v -0.69752494 2.09815270 5.91056177
v -1.03639644 2.09779172 5.68094140
v -0.69202888 2.09779172 5.90151435
v -1.03187772 2.09199240 5.67362449
v -0.68744638 2.09199240 5.89400509
v -1.03034723 2.08203081 5.67119869
v -0.68589049 2.08203081 5.89150639
v -1.03182058 2.07208052 5.67366202
v -0.68737903 2.07208052 5.89402147
v -1.03630128 2.06629921 5.68099297
v -0.69191750 2.06629921 5.90153233
v -1.04172211 2.06595149 5.68981861
v -0.69741135 2.06595149 5.91058074
v -1.04602290 2.07232429 5.69677721
v -0.70177323 2.07232429 5.91772143
v -0.51556686 2.08206685 5.99670341
v -0.11432480 2.08206685 6.07458920
v -0.51423809 2.09179794 5.99330145
v -0.11296494 2.09179794 6.07111013
v -0.51105762 2.09815270 5.98548437
v -0.10970691 2.09815270 6.06310028
v -0.50696551 2.09779172 5.97559144
v -0.10551329 2.09779172 6.05295424
v -0.50352725 2.09199240 5.96738558
v -0.10198861 2.09199240 6.04453215
v -0.50232123 2.08203081 5.96465973
v -0.10075086 2.08203081 6.04172672
v -0.50338078 2.07208052 5.96741380
v -0.10183500 2.07208052 6.04454248
v -0.50673027 2.06629921 5.97562733
v -0.10526665 2.06629921 6.05296164
v -0.51081737 2.06595149 5.98552162
v -0.10945497 2.06595149 6.06310846
v -0.51409474 2.07232429 5.99332863
v -0.11281456 2.07232429 6.07111986
v 1.43875982 2.08206685 5.33393887
v 1.67795787 2.08206685 5.00214667
v 1.43615428 2.09179794 5.33157875
v 1.67532781 2.09179794 4.99976860
v 1.43010844 2.09815270 5.32617744
v 1.66923559 2.09815270 4.99433206
v 1.42242562 2.09779172 5.31935272
v 1.66149893 2.09779172 4.98746568
v 1.41603218 2.09199240 5.31369882
v 1.65506396 2.09199240 4.98177910
v 1.41387889 2.08203081 5.31183167
v 1.65290205 2.08203081 4.97990420
v 1.41598139 2.07208052 5.31374583
v 1.65502634 2.07208052 4.98183405
v 1.42233856 2.06629921 5.31942107
v 1.66143251 2.06629921 4.98754650
v 1.43001989 2.06595149 5.32624775
v 1.66916802 2.06595149 4.99441506
v 1.43610436 2.07232429 5.33162449
v 1.67529053 2.07232429 4.99982200
v 0.70821832 2.08206685 5.92081090
v 1.05243793 2.08206685 5.69978062
v 0.70636995 2.09179794 5.91770568
v 1.05060961 2.09179794 5.69674086
v 0.70205555 2.09815270 5.91056177
v 1.04634971 2.09815270 5.68976536
v 0.69655950 2.09779172 5.90151435
v 1.04092705 2.09779172 5.68094140
v 0.69197700 2.09199240 5.89400509
v 1.03640833 2.09199240 5.67362449
v 0.69042111 2.08203081 5.89150639
v 1.03487784 2.08203081 5.67119869
v 0.69190964 2.07208052 5.89402147
v 1.03635120 2.07208052 5.67366202
v 0.69644811 2.06629921 5.90153233
v 1.04083190 2.06629921 5.68099297
v 0.70194196 2.06595149 5.91058074
v 1.04625272 2.06595149 5.68981861
v 0.70630384 2.07232429 5.91772143
v 1.05055351 2.07232429 5.69677721
v 0.11885541 2.08206685 6.07458920
v 0.52009747 2.08206685 5.99670341
v 0.11749555 2.09179794 6.07111013
v 0.51876871 2.09179794 5.99330145
v 0.11423752 2.09815270 6.06310028
v 0.51558824 2.09815270 5.98548437
v 0.11004390 2.09779172 6.05295424
v 0.51149613 2.09779172 5.97559144
v 0.10651923 2.09199240 6.04453215
v 0.50805786 2.09199240 5.96738558
v 0.10528148 2.08203081 6.04172672
v 0.50685185 2.08203081 5.96465973
v 0.10636562 2.07208052 6.04454248
v 0.50791140 2.07208052 5.96741380
v 0.10979726 2.06629921 6.05296164
v 0.51126089 2.06629921 5.97562733
v 0.11398559 2.06595149 6.06310846
v 0.51534799 2.06595149 5.98552162
v 0.11734517 2.07232429 6.07111986
v 0.51862536 2.07232429 5.99332863
v 1.66826631 2.07839774 1.99957853
v 1.66823136 2.06228238 2.01126274
v 1.66823240 2.06841140 2.03013725
v 1.66826800 2.08832329 2.03013506
v 1.66828893 2.09448359 2.01125054
v 1.66828185 2.08812883 2.00310995
v 1.66824703 2.06865518 2.00311246
v 1.66822656 2.06263010 2.02158009
v 1.66824869 2.07836170 2.03299405
v 1.66828287 2.09412261 2.02156755
v 2.28297576 2.08135987 2.09110409
v 2.26270630 2.08033309 2.04681280
v 2.27127291 2.06525414 2.09132979
v 2.25077305 2.06403704 2.04732023
v 2.25236850 2.07140408 2.09169438
v 2.23124920 2.06965406 2.04849688
v 2.25237072 2.09131930 2.09169434
v 2.23125152 2.08956957 2.04849670
v 2.25078569 2.09624409 2.04731964
v 2.27128524 2.09746064 2.09132955
v 2.27943871 2.09109630 2.09117231
v 2.25910742 2.09001899 2.04695561
v 2.27943616 2.07161935 2.09117235
v 2.25910481 2.07054181 2.04695572
v 2.26093920 2.06561284 2.09152909
v 2.24015369 2.06415399 2.04788370
v 2.24950715 2.08135903 2.09174956
v 2.26095191 2.09711053 2.09152884
v 2.24016683 2.09565235 2.04788290
v 2.18048624 2.07768497 1.99910782
v 2.22759180 2.07863135 2.01656685
v 2.18037023 2.06157930 2.01081082
v 2.22770506 2.06271708 2.02798910
v 2.18018283 2.06772940 2.02971546
v 2.22813531 2.06940242 2.04608324
v 2.18018285 2.08764465 2.02971325
v 2.22813523 2.08931775 2.04608116
v 2.22770490 2.09492365 2.02797710
v 2.18037035 2.09378584 2.01079848
v 2.18045118 2.08742143 2.00264491
v 2.22761824 2.08841893 2.02002964
v 2.18045115 2.06794446 2.00264747
v 2.22761826 2.06894183 2.02003214
v 2.18026779 2.06193808 2.02114466
v 2.22788730 2.06331883 2.03795962
v 2.18015447 2.07768438 2.03257685
v 2.22824726 2.07948346 2.04874846
v 2.18026792 2.09343581 2.02113194
v 2.22788701 2.09481647 2.03794744
v -1.69339352 2.07764766 1.99908319
v -1.69350953 2.06154250 2.01078717
v -1.69369692 2.06769369 2.02969338
v -1.69369690 2.08760911 2.02969116
v -1.69350941 2.09374931 2.01077482
v -1.69342858 2.08738440 2.00262057
v -1.69342861 2.06790726 2.00262313
v -1.69361196 2.06190185 2.02112186
v -1.69372529 2.07764891 2.03255500
v -1.69361184 2.09339985 2.02110913
v -2.27845076 2.08135137 2.08581503
v -2.26357360 2.08061723 2.04878676
v -2.26674769 2.06524575 2.08604073
v -2.25198541 2.06435295 2.04890998
v -2.24784292 2.07139594 2.08640532
v -2.23343220 2.07001194 2.04898185
v -2.24784514 2.09131120 2.08640528
v -2.23342546 2.08992652 2.04899001
v -2.25198874 2.09655879 2.04891834
v -2.26676002 2.09745231 2.08604050
v -2.27491365 2.09108786 2.08588325
v -2.26006290 2.09031186 2.04883133
v -2.27491109 2.07161087 2.08588330
v -2.26006495 2.07083536 2.04882693
v -2.25641379 2.06560458 2.08624003
v -2.24180382 2.06449782 2.04897885
v -2.24498152 2.08135094 2.08646051
v -2.25642650 2.09710233 2.08623978
v -2.24180532 2.09599484 2.04898912
v -2.23119978 2.07909729 2.01508823
v -2.19478119 2.07836688 1.99955814
v -2.23111893 2.06314104 2.02687492
v -2.19481613 2.06225192 2.01124316
v -2.23076489 2.06976226 2.04604215
v -2.19481509 2.06838185 2.03011897
v -2.23073825 2.08967498 2.04603176
v -2.19477949 2.08829388 2.03011678
v -2.23107038 2.09534322 2.02685412
v -2.19475856 2.09445337 2.01123095
v -2.23115755 2.08887049 2.01864329
v -2.19476565 2.08809819 2.00308981
v -2.23118775 2.06939620 2.01865026
v -2.19480046 2.06862440 2.00309233
v -2.23097063 2.06370324 2.03732269
v -2.19482093 2.06260012 2.02156123
v -2.23065959 2.07983986 2.04896799
v -2.19479880 2.07833235 2.03297597
v -2.23092555 2.09519673 2.03729964
v -2.19476462 2.09409285 2.02154867
v 2.28250327 1.83773510 2.53087738
v 2.27081906 1.82161973 2.53094537
v 2.25194455 1.82774876 2.53094334
v 2.25194673 1.84766064 2.53087409
v 2.27083126 1.85382095 2.53083337
v 2.27897184 1.84746619 2.53084715
v 2.27896933 1.82799254 2.53091488
v 2.26050171 1.82196745 2.53095471
v 2.24908775 1.83769906 2.53091166
v 2.26051425 1.85345997 2.53084516
v 2.21461893 1.83773510 3.17455489
v 2.21115121 1.84746619 3.17388645
v 2.20314737 1.85382095 3.17240057
v 2.19299837 1.85345997 3.17054621
v 2.18456691 1.84766064 3.16902512
v 2.18174828 1.83769906 3.16854499
v 2.18455224 1.82774876 3.16909284
v 2.19296622 1.82196745 3.17065168
v 2.20311511 1.82161973 3.17250852
v 2.21113649 1.82799254 3.17395261
v 2.08635775 1.83773510 3.83233470
v 2.08289003 1.84746619 3.83166627
v 2.07488619 1.85382095 3.83018039
v 2.06473719 1.85345997 3.82832603
v 2.05630573 1.84766064 3.82680494
v 2.05348710 1.83769906 3.82632480
v 2.05629106 1.82774876 3.82687265
v 2.06470504 1.82196745 3.82843150
v 2.07485393 1.82161973 3.83028834
v 2.08287531 1.82799254 3.83173242
v 1.89220091 1.83773510 4.54306639
v 1.88873320 1.84746619 4.54239795
v 1.88072935 1.85382095 4.54091207
v 1.87058035 1.85345997 4.53905771
v 1.86214890 1.84766064 4.53753662
v 1.85933027 1.83769906 4.53705648
v 1.86213422 1.82774876 4.53760433
v 1.87054820 1.82196745 4.53916318
v 1.88069710 1.82161973 4.54102002
v 1.88871847 1.82799254 4.54246411
v -2.27798388 1.83773510 2.53087738
v -2.26629967 1.82161973 2.53094537
v -2.24742516 1.82774876 2.53094334
v -2.24742735 1.84766064 2.53087409
v -2.26631187 1.85382095 2.53083337
v -2.27445246 1.84746619 2.53084715
v -2.27444994 1.82799254 2.53091488
v -2.25598232 1.82196745 2.53095471
v -2.24456836 1.83769906 2.53091166
v -2.25599486 1.85345997 2.53084516
v -2.21009954 1.83773510 3.17455489
v -2.20663182 1.84746619 3.17388645
v -2.19862798 1.85382095 3.17240057
v -2.18847898 1.85345997 3.17054621
v -2.18004753 1.84766064 3.16902512
v -2.17722890 1.83769906 3.16854499
v -2.18003285 1.82774876 3.16909284
v -2.18844683 1.82196745 3.17065168
v -2.19859573 1.82161973 3.17250852
v -2.20661710 1.82799254 3.17395261
v -2.08183836 1.83773510 3.83233470
v -2.07837064 1.84746619 3.83166627
v -2.07036680 1.85382095 3.83018039
v -2.06021780 1.85345997 3.82832603
v -2.05178635 1.84766064 3.82680494
v -2.04896772 1.83769906 3.82632480
v -2.05177167 1.82774876 3.82687265
v -2.06018565 1.82196745 3.82843150
v -2.07033454 1.82161973 3.83028834
v -2.07835592 1.82799254 3.83173242
v -1.88768153 1.83773510 4.54306639
v -1.88421381 1.84746619 4.54239795
v -1.87620997 1.85382095 4.54091207
v -1.86606097 1.85345997 4.53905771
v -1.85762951 1.84766064 4.53753662
v -1.85481088 1.83769906 4.53705648
v -1.85761484 1.82774876 4.53760433
v -1.86602882 1.82196745 4.53916318
v -1.87617771 1.82161973 4.54102002
v -1.88419909 1.82799254 4.54246411
v 1.43875421 1.83773510 5.33393887
v 1.67795225 1.83773510 5.00214667
v 1.43614866 1.84746619 5.33157875
v 1.67532219 1.84746619 4.99976860
v 1.43010282 1.85382095 5.32617744
v 1.66922998 1.85382095 4.99433206
v 1.42242001 1.85345997 5.31935272
v 1.66149332 1.85345997 4.98746568
v 1.41602656 1.84766064 5.31369882
v 1.65505834 1.84766064 4.98177910
v 1.41387328 1.83769906 5.31183167
v 1.65289644 1.83769906 4.97990420
v 1.41597578 1.82774876 5.31374583
v 1.65502072 1.82774876 4.98183405
v 1.42233294 1.82196745 5.31942107
v 1.66142690 1.82196745 4.98754650
v 1.43001428 1.82161973 5.32624775
v 1.66916240 1.82161973 4.99441506
v 1.43609874 1.82799254 5.33162449
v 1.67528492 1.82799254 4.99982200
v 1.05243231 1.83773510 5.69978062
v 0.70821271 1.83773510 5.92081090
v 1.05060400 1.84746619 5.69674086
v 0.70636434 1.84746619 5.91770568
v 1.04634409 1.85382095 5.68976536
v 0.70204994 1.85382095 5.91056177
v 1.04092144 1.85345997 5.68094140
v 0.69655388 1.85345997 5.90151435
v 1.03640272 1.84766064 5.67362449
v 0.69197138 1.84766064 5.89400509
v 1.03487223 1.83769906 5.67119869
v 0.69041549 1.83769906 5.89150639
v 1.03634559 1.82774876 5.67366202
v 0.69190403 1.82774876 5.89402147
v 1.04082629 1.82196745 5.68099297
v 0.69644250 1.82196745 5.90153233
v 1.04624711 1.82161973 5.68981861
v 0.70193635 1.82161973 5.91058074
v 1.05054790 1.82799254 5.69677721
v 0.70629823 1.82799254 5.91772143
v 0.52009186 1.83773510 5.99670341
v 0.11884980 1.83773510 6.07458920
v 0.51876309 1.84746619 5.99330145
v 0.11748994 1.84746619 6.07111013
v 0.51558262 1.85382095 5.98548437
v 0.11423191 1.85382095 6.06310028
v 0.51149051 1.85345997 5.97559144
v 0.11003829 1.85345997 6.05295424
v 0.50805225 1.84766064 5.96738558
v 0.10651361 1.84766064 6.04453215
v 0.50684623 1.83769906 5.96465973
v 0.10527586 1.83769906 6.04172672
v 0.50790578 1.82774876 5.96741380
v 0.10636000 1.82774876 6.04454248
v 0.51125528 1.82196745 5.97562733
v 0.10979165 1.82196745 6.05296164
v 0.51534237 1.82161973 5.98552162
v 0.11397997 1.82161973 6.06310846
v 0.51861974 1.82799254 5.99332863
v 0.11733956 1.82799254 6.07111986
v -1.43423482 1.83773510 5.33393887
v -1.67343287 1.83773510 5.00214667
v -1.43162928 1.84746619 5.33157875
v -1.67080281 1.84746619 4.99976860
v -1.42558344 1.85382095 5.32617744
v -1.66471059 1.85382095 4.99433206
v -1.41790062 1.85345997 5.31935272
v -1.65697393 1.85345997 4.98746568
v -1.41150718 1.84766064 5.31369882
v -1.65053896 1.84766064 4.98177910
v -1.40935389 1.83769906 5.31183167
v -1.64837705 1.83769906 4.97990420
v -1.41145639 1.82774876 5.31374583
v -1.65050134 1.82774876 4.98183405
v -1.41781356 1.82196745 5.31942107
v -1.65690751 1.82196745 4.98754650
v -1.42549489 1.82161973 5.32624775
v -1.66464302 1.82161973 4.99441506
v -1.43157936 1.82799254 5.33162449
v -1.67076553 1.82799254 4.99982200
v -0.70369332 1.83773510 5.92081090
v -1.04791292 1.83773510 5.69978062
v -0.70184495 1.84746619 5.91770568
v -1.04608461 1.84746619 5.69674086
v -0.69753055 1.85382095 5.91056177
v -1.04182470 1.85382095 5.68976536
v -0.69203450 1.85345997 5.90151435
v -1.03640205 1.85345997 5.68094140
v -0.68745200 1.84766064 5.89400509
v -1.03188333 1.84766064 5.67362449
v -0.68589611 1.83769906 5.89150639
v -1.03035284 1.83769906 5.67119869
v -0.68738464 1.82774876 5.89402147
v -1.03182620 1.82774876 5.67366202
v -0.69192311 1.82196745 5.90153233
v -1.03630690 1.82196745 5.68099297
v -0.69741696 1.82161973 5.91058074
v -1.04172772 1.82161973 5.68981861
v -0.70177884 1.82799254 5.91772143
v -1.04602851 1.82799254 5.69677721
v -0.11433041 1.83773510 6.07458920
v -0.51557247 1.83773510 5.99670341
v -0.11297055 1.84746619 6.07111013
v -0.51424371 1.84746619 5.99330145
v -0.10971252 1.85382095 6.06310028
v -0.51106324 1.85382095 5.98548437
v -0.10551890 1.85345997 6.05295424
v -0.50697113 1.85345997 5.97559144
v -0.10199422 1.84766064 6.04453215
v -0.50353286 1.84766064 5.96738558
v -0.10075648 1.83769906 6.04172672
v -0.50232685 1.83769906 5.96465973
v -0.10184062 1.82774876 6.04454248
v -0.50338639 1.82774876 5.96741380
v -0.10527226 1.82196745 6.05296164
v -0.50673589 1.82196745 5.97562733
v -0.10946059 1.82161973 6.06310846
v -0.51082298 1.82161973 5.98552162
v -0.11282017 1.82799254 6.07111986
v -0.51410036 1.82799254 5.99332863
v -1.66374131 1.83406599 1.99957853
v -1.66370636 1.81795062 2.01126274
v -1.66370740 1.82407965 2.03013725
v -1.66374300 1.84399153 2.03013506
v -1.66376393 1.85015183 2.01125054
v -1.66375685 1.84379708 2.00310995
v -1.66372203 1.82432342 2.00311246
v -1.66370156 1.81829834 2.02158009
v -1.66372369 1.83402994 2.03299405
v -1.66375786 1.84979086 2.02156755
v -2.27845076 1.83702812 2.09110409
v -2.25818130 1.83600133 2.04681280
v -2.26674791 1.82092238 2.09132979
v -2.24624805 1.81970528 2.04732023
v -2.24784350 1.82707233 2.09169438
v -2.22672419 1.82532230 2.04849688
v -2.24784571 1.84698755 2.09169434
v -2.22672652 1.84523782 2.04849670
v -2.24626069 1.85191233 2.04731964
v -2.26676024 1.85312888 2.09132955
v -2.27491371 1.84676454 2.09117231
v -2.25458242 1.84568724 2.04695561
v -2.27491116 1.82728760 2.09117235
v -2.25457981 1.82621006 2.04695572
v -2.25641420 1.82128108 2.09152909
v -2.23562869 1.81982223 2.04788370
v -2.24498215 1.83702727 2.09174956
v -2.25642691 1.85277878 2.09152884
v -2.23564183 1.85132059 2.04788290
v -2.17596124 1.83335321 1.99910782
v -2.22306680 1.83429960 2.01656685
v -2.17584523 1.81724755 2.01081082
v -2.22318006 1.81838532 2.02798910
v -2.17565783 1.82339764 2.02971546
v -2.22361031 1.82507067 2.04608324
v -2.17565785 1.84331289 2.02971325
v -2.22361023 1.84498600 2.04608116
v -2.22317990 1.85059189 2.02797710
v -2.17584535 1.84945408 2.01079848
v -2.17592618 1.84308968 2.00264491
v -2.22309324 1.84408717 2.02002964
v -2.17592615 1.82361271 2.00264747
v -2.22309326 1.82461007 2.02003214
v -2.17574279 1.81760633 2.02114466
v -2.22336230 1.81898708 2.03795962
v -2.17562947 1.83335262 2.03257685
v -2.22372226 1.83515171 2.04874846
v -2.17574292 1.84910406 2.02113194
v -2.22336201 1.85048472 2.03794744
v 1.69791852 1.83331591 1.99908319
v 1.69803453 1.81721074 2.01078717
v 1.69822193 1.82336193 2.02969338
v 1.69822190 1.84327735 2.02969116
v 1.69803441 1.84941756 2.01077482
v 1.69795358 1.84305265 2.00262057
v 1.69795361 1.82357551 2.00262313
v 1.69813696 1.81757010 2.02112186
v 1.69825029 1.83331715 2.03255500
v 1.69813684 1.84906810 2.02110913
v 2.28297576 1.83701961 2.08581503
v 2.26809860 1.83628547 2.04878676
v 2.27127269 1.82091399 2.08604073
v 2.25651041 1.82002120 2.04890998
v 2.25236792 1.82706418 2.08640532
v 2.23795720 1.82568018 2.04898185
v 2.25237014 1.84697944 2.08640528
v 2.23795046 1.84559477 2.04899001
v 2.25651374 1.85222703 2.04891834
v 2.27128502 1.85312055 2.08604050
v 2.27943865 1.84675610 2.08588325
v 2.26458790 1.84598010 2.04883133
v 2.27943609 1.82727912 2.08588330
v 2.26458995 1.82650360 2.04882693
v 2.26093879 1.82127282 2.08624003
v 2.24632882 1.82016607 2.04897885
v 2.24950652 1.83701918 2.08646051
v 2.26095150 1.85277058 2.08623978
v 2.24633032 1.85166309 2.04898912
v 2.23572478 1.83476554 2.01508823
v 2.19930619 1.83403512 1.99955814
v 2.23564393 1.81880928 2.02687492
v 2.19934113 1.81792017 2.01124316
v 2.23528989 1.82543051 2.04604215
v 2.19934009 1.82405010 2.03011897
v 2.23526325 1.84534323 2.04603176
v 2.19930449 1.84396213 2.03011678
v 2.23559538 1.85101147 2.02685412
v 2.19928356 1.85012161 2.01123095
v 2.23568255 1.84453874 2.01864329
v 2.19929065 1.84376644 2.00308981
v 2.23571275 1.82506444 2.01865026
v 2.19932546 1.82429264 2.00309233
v 2.23549563 1.81937149 2.03732269
v 2.19934593 1.81826836 2.02156123
v 2.23518459 1.83550810 2.04896799
v 2.19932380 1.83400059 2.03297597
v 2.23545055 1.85086498 2.03729964
v 2.19928963 1.84976110 2.02154867
v 2.32904429 5.6934635e-2 -4.58134874
v 2.32521616 5.6934635e-2 -4.56956699
v 2.31519400 5.6934635e-2 -4.56228546
v 2.30280593 5.6934635e-2 -4.56228546
v 2.29278377 5.6934635e-2 -4.56956699
v 2.28895564 5.6934635e-2 -4.58134874
v 2.29278377 5.6934635e-2 -4.59313050
v 2.30280593 5.6934635e-2 -4.60041203
v 2.31519400 5.6934635e-2 -4.60041203
v 2.32521616 5.6934635e-2 -4.59313050
v 2.32904429 -0.51826897 -4.58134874
v 2.32521616 -0.51826897 -4.56956699
v 2.31519400 -0.51826897 -4.56228546
v 2.30280593 -0.51826897 -4.56228546
v 2.29278377 -0.51826897 -4.56956699
v 2.28895564 -0.51826897 -4.58134874
v 2.29278377 -0.51826897 -4.59313050
v 2.30280593 -0.51826897 -4.60041203
v 2.31519400 -0.51826897 -4.60041203
v 2.32521616 -0.51826897 -4.59313050
v -2.09252897 2.08091247 3.82061165
v -2.08870084 2.08091247 3.83239340
v -2.07867868 2.08091247 3.83967493
v -2.06629061 2.08091247 3.83967493
v -2.05626845 2.08091247 3.83239340
v -2.05244032 2.08091247 3.82061165
v -2.05626845 2.08091247 3.80882989
v -2.06629061 2.08091247 3.80154836
v -2.07867868 2.08091247 3.80154836
v -2.08870084 2.08091247 3.80882989
v -2.09252897 1.50570887 3.82061165
v -2.08870084 1.50570887 3.83239340
v -2.07867868 1.50570887 3.83967493
v -2.06629061 1.50570887 3.83967493
v -2.05626845 1.50570887 3.83239340
v -2.05244032 1.50570887 3.82061165
v -2.05626845 1.50570887 3.80882989
v -2.06629061 1.50570887 3.80154836
v -2.07867868 1.50570887 3.80154836
v -2.08870084 1.50570887 3.80882989
v -1.56455630 2.08091247 5.15209892
v -1.56072817 2.08091247 5.16388067
v -1.55070601 2.08091247 5.17116220
v -1.53831794 2.08091247 5.17116220
v -1.52829578 2.08091247 5.16388067
v -1.52446765 2.08091247 5.15209892
v -1.52829578 2.08091247 5.14031716
v -1.53831794 2.08091247 5.13303563
v -1.55070601 2.08091247 5.13303563
v -1.56072817 2.08091247 5.14031716
v -1.56455630 1.50570887 5.15209892
v -1.56072817 1.50570887 5.16388067
v -1.55070601 1.50570887 5.17116220
v -1.53831794 1.50570887 5.17116220
v -1.52829578 1.50570887 5.16388067
v -1.52446765 1.50570887 5.15209892
v -1.52829578 1.50570887 5.14031716
v -1.53831794 1.50570887 5.13303563
v -1.55070601 1.50570887 5.13303563
v -1.56072817 1.50570887 5.14031716
v -0.89819178 2.08091247 5.79279169
v -0.89436365 2.08091247 5.80457345
v -0.88434149 2.08091247 5.81185498
v -0.87195342 2.08091247 5.81185498
v -0.86193126 2.08091247 5.80457345
v -0.85810313 2.08091247 5.79279169
v -0.86193126 2.08091247 5.78100993
v -0.87195342 2.08091247 5.77372841
v -0.88434149 2.08091247 5.77372841
v -0.89436365 2.08091247 5.78100993
v -0.89819178 1.50570887 5.79279169
v -0.89436365 1.50570887 5.80457345
v -0.88434149 1.50570887 5.81185498
v -0.87195342 1.50570887 5.81185498
v -0.86193126 1.50570887 5.80457345
v -0.85810313 1.50570887 5.79279169
v -0.86193126 1.50570887 5.78100993
v -0.87195342 1.50570887 5.77372841
v -0.88434149 1.50570887 5.77372841
v -0.89436365 1.50570887 5.78100993
v -1.89443550 2.08091247 4.53432231
v -1.89060738 2.08091247 4.54610406
v -1.88058522 2.08091247 4.55338559
v -1.86819714 2.08091247 4.55338559
v -1.85817498 2.08091247 4.54610406
v -1.85434686 2.08091247 4.53432231
v -1.85817498 2.08091247 4.52254055
v -1.86819714 2.08091247 4.51525902
v -1.88058522 2.08091247 4.51525902
v -1.89060738 2.08091247 4.52254055
v -1.89443550 1.50570887 4.53432231
v -1.89060738 1.50570887 4.54610406
v -1.88058522 1.50570887 4.55338559
v -1.86819714 1.50570887 4.55338559
v -1.85817498 1.50570887 4.54610406
v -1.85434686 1.50570887 4.53432231
v -1.85817498 1.50570887 4.52254055
v -1.86819714 1.50570887 4.51525902
v -1.88058522 1.50570887 4.51525902
v -1.89060738 1.50570887 4.52254055
v 0.89037290 2.08091247 5.80101720
v 0.88654477 2.08091247 5.81279896
v 0.87652261 2.08091247 5.82008049
v 0.86413454 2.08091247 5.82008049
v 0.85411238 2.08091247 5.81279896
v 0.85028425 2.08091247 5.80101720
v 0.85411238 2.08091247 5.78923544
v 0.86413454 2.08091247 5.78195392
v 0.87652261 2.08091247 5.78195392
v 0.88654477 2.08091247 5.78923544
v 0.89037290 1.50570887 5.80101720
v 0.88654477 1.50570887 5.81279896
v 0.87652261 1.50570887 5.82008049
v 0.86413454 1.50570887 5.82008049
v 0.85411238 1.50570887 5.81279896
v 0.85028425 1.50570887 5.80101720
v 0.85411238 1.50570887 5.78923544
v 0.86413454 1.50570887 5.78195392
v 0.87652261 1.50570887 5.78195392
v 0.88654477 1.50570887 5.78923544
v 1.4651201e-2 2.08091247 6.06373869
v 1.0823076e-2 2.08091247 6.07552045
v 8.0091379e-4 2.08091247 6.08280198
v -1.1587160e-2 2.08091247 6.08280198
v -2.1609321e-2 2.08091247 6.07552045
v -2.5437447e-2 2.08091247 6.06373869
v -2.1609321e-2 2.08091247 6.05195694
v -1.1587160e-2 2.08091247 6.04467541
v 8.0091379e-4 2.08091247 6.04467541
v 1.0823076e-2 2.08091247 6.05195694
v 1.4651201e-2 1.50570887 6.06373869
v 1.0823076e-2 1.50570887 6.07552045
v 8.0091379e-4 1.50570887 6.08280198
v -1.1587160e-2 1.50570887 6.08280198
v -2.1609321e-2 1.50570887 6.07552045
v -2.5437447e-2 1.50570887 6.06373869
v -2.1609321e-2 1.50570887 6.05195694
v -1.1587160e-2 1.50570887 6.04467541
v 8.0091379e-4 1.50570887 6.04467541
v 1.0823076e-2 1.50570887 6.05195694
v 2.32315772 -0.18549266 1.24212800
v 2.31149328 -0.20161823 1.24203828
v 2.29265047 -0.19551136 1.24166964
v 2.29265262 -0.17560301 1.24153118
v 2.31150533 -0.16942261 1.24181451
v 2.31962979 -0.19523739 1.24213472
v 2.30119327 -0.20128214 1.24185765
v 2.28979849 -0.18556599 1.24155108
v 2.31963226 -0.17576722 1.24199932
v 2.30120563 -0.16979511 1.24163882
v 2.32365306 -0.18624274 -2.15083518
v 2.31196885 -0.20235811 -2.15076719
v 2.29309434 -0.19622908 -2.15076922
v 2.29309652 -0.17631719 -2.15083847
v 2.31198105 -0.17015689 -2.15087920
v 2.32012164 -0.17651165 -2.15086542
v 2.32011912 -0.19598530 -2.15079769
v 2.30165150 -0.20201038 -2.15075786
v 2.29023754 -0.18627878 -2.15080091
v 2.30166404 -0.17051787 -2.15086740
v 2.32315772 5.5938034e-2 1.24212800
v 2.31149328 3.9812466e-2 1.24203828
v 2.29265047 4.5919337e-2 1.24166964
v 2.29265262 6.5827683e-2 1.24153118
v 2.31150533 7.2008081e-2 1.24181451
v 2.31962979 4.6193307e-2 1.24213472
v 2.30119327 4.0148555e-2 1.24185765
v 2.28979849 5.5864703e-2 1.24155108
v 2.31963226 6.5663472e-2 1.24199932
v 2.30120563 7.1635582e-2 1.24163882
v 2.32365306 5.5187956e-2 -2.15083518
v 2.31196885 3.9072589e-2 -2.15076719
v 2.29309434 4.5201618e-2 -2.15076922
v 2.29309652 6.5113501e-2 -2.15083847
v 2.31198105 7.1273803e-2 -2.15087920
v 2.32012164 6.4919044e-2 -2.15086542
v 2.32011912 4.5445392e-2 -2.15079769
v 2.30165150 3.9420311e-2 -2.15075786
v 2.29023754 5.5151912e-2 -2.15080091
v 2.30166404 7.0912824e-2 -2.15086740
v 2.32414840 -0.18699282 -4.59964813
v 2.31244442 -0.20309798 -4.59942243
v 2.29353821 -0.19694680 -4.59905784
v 2.29354043 -0.17703138 -4.59905789
v 2.31245677 -0.17089117 -4.59942267
v 2.32061101 -0.17725608 -4.59957991
v 2.32060845 -0.19673322 -4.59957986
v 2.30210973 -0.20273863 -4.59922314
v 2.29067659 -0.18699157 -4.59900266
v 2.30212245 -0.17124063 -4.59922338
v 2.32365306 -0.18624274 -3.55095634
v 2.31196885 -0.20235811 -3.55088836
v 2.29309434 -0.19622908 -3.55089038
v 2.29309652 -0.17631719 -3.55095963
v 2.31198105 -0.17015689 -3.55100036
v 2.32012164 -0.17651165 -3.55098658
v 2.32011912 -0.19598530 -3.55091885
v 2.30165150 -0.20201038 -3.55087902
v 2.29023754 -0.18627878 -3.55092207
v 2.30166404 -0.17051787 -3.55098856
v 2.31270809 3.8624111e-2 -4.59964813
v 2.29350738 4.3886463e-2 -4.59942243
v 2.29258554 6.3746777e-2 -4.59905784
v 2.31121854 7.0777796e-2 -4.59905789
v 2.32364339 5.5248690e-2 -4.59942267
v 2.32056824 4.5372087e-2 -4.59957991
v 2.30234516 3.8496164e-2 -4.59957986
v 2.29019390 5.3682169e-2 -4.59922314
v 2.30088874 6.9939685e-2 -4.59900266
v 2.31966690 6.4793726e-2 -4.59922338
v 2.31323491 3.9352424e-2 -3.55095634
v 2.29403164 4.4592677e-2 -3.55088836
v 2.29310026 6.4415510e-2 -3.55089038
v 2.31172994 7.1445311e-2 -3.55095963
v 2.32416235 5.5953065e-2 -3.55100036
v 2.32109188 4.6092827e-2 -3.55098658
v 2.30287208 3.9218093e-2 -3.55091885
v 2.29071340 5.4368052e-2 -3.55087902
v 2.30140056 7.0602166e-2 -3.55092207
v 2.32018120 6.5477844e-2 -3.55098856
v -2.29657467 -0.18549266 1.24706863
v -2.30823911 -0.20161823 1.24697891
v -2.32708192 -0.19551136 1.24661027
v -2.32707976 -0.17560301 1.24647181
v -2.30822705 -0.16942261 1.24675514
v -2.29558398 -0.18699282 -4.59964813
v -2.30010260 -0.19523739 1.24707536
v -2.30728797 -0.20309798 -4.59942243
v -2.31853912 -0.20128214 1.24679829
v -2.32619418 -0.19694680 -4.59905784
v -2.32993389 -0.18556599 1.24649172
v -2.32619196 -0.17703138 -4.59905789
v -2.30010013 -0.17576722 1.24693995
v -2.31852676 -0.16979511 1.24657945
v -2.30727562 -0.17089117 -4.59942267
v -2.29912137 -0.17725608 -4.59957991
v -2.29912393 -0.19673322 -4.59957986
v -2.31762266 -0.20273863 -4.59922314
v -2.32905580 -0.18699157 -4.59900266
v -2.31760993 -0.17124063 -4.59922338
v -2.29068810 5.6934635e-2 -3.56661466
v -2.29451622 5.6934635e-2 -3.55483290
v -2.30453838 5.6934635e-2 -3.54755137
v -2.31692646 5.6934635e-2 -3.54755137
v -2.32694862 5.6934635e-2 -3.55483290
v -2.33077674 5.6934635e-2 -3.56661466
v -2.32694862 5.6934635e-2 -3.57839641
v -2.31692646 5.6934635e-2 -3.58567794
v -2.30453838 5.6934635e-2 -3.58567794
v -2.29451622 5.6934635e-2 -3.57839641
v -2.29068810 -0.51826897 -3.56661466
v -2.29451622 -0.51826897 -3.55483290
v -2.30453838 -0.51826897 -3.54755137
v -2.31692646 -0.51826897 -3.54755137
v -2.32694862 -0.51826897 -3.55483290
v -2.33077674 -0.51826897 -3.56661466
v -2.32694862 -0.51826897 -3.57839641
v -2.31692646 -0.51826897 -3.58567794
v -2.30453838 -0.51826897 -3.58567794
v -2.29451622 -0.51826897 -3.57839641
v -2.29068810 5.6934635e-2 -2.13594807
v -2.29451622 5.6934635e-2 -2.12416631
v -2.30453838 5.6934635e-2 -2.11688478
v -2.31692646 5.6934635e-2 -2.11688478
v -2.32694862 5.6934635e-2 -2.12416631
v -2.33077674 5.6934635e-2 -2.13594807
v -2.32694862 5.6934635e-2 -2.14772982
v -2.31692646 5.6934635e-2 -2.15501135
v -2.30453838 5.6934635e-2 -2.15501135
v -2.29451622 5.6934635e-2 -2.14772982
v -2.29068810 -0.51826897 -2.13594807
v -2.29451622 -0.51826897 -2.12416631
v -2.30453838 -0.51826897 -2.11688478
v -2.31692646 -0.51826897 -2.11688478
v -2.32694862 -0.51826897 -2.12416631
v -2.33077674 -0.51826897 -2.13594807
v -2.32694862 -0.51826897 -2.14772982
v -2.31692646 -0.51826897 -2.15501135
v -2.30453838 -0.51826897 -2.15501135
v -2.29451622 -0.51826897 -2.14772982
v -2.29068810 5.6934635e-2 -2.87059213
v -2.29451622 5.6934635e-2 -2.85881037
v -2.30453838 5.6934635e-2 -2.85152885
v -2.31692646 5.6934635e-2 -2.85152885
v -2.32694862 5.6934635e-2 -2.85881037
v -2.33077674 5.6934635e-2 -2.87059213
v -2.32694862 5.6934635e-2 -2.88237389
v -2.31692646 5.6934635e-2 -2.88965541
v -2.30453838 5.6934635e-2 -2.88965541
v -2.29451622 5.6934635e-2 -2.88237389
v -2.29068810 -0.51826897 -2.87059213
v -2.29451622 -0.51826897 -2.85881037
v -2.30453838 -0.51826897 -2.85152885
v -2.31692646 -0.51826897 -2.85152885
v -2.32694862 -0.51826897 -2.85881037
v -2.33077674 -0.51826897 -2.87059213
v -2.32694862 -0.51826897 -2.88237389
v -2.31692646 -0.51826897 -2.88965541
v -2.30453838 -0.51826897 -2.88965541
v -2.29451622 -0.51826897 -2.88237389
v -2.29068810 5.6934635e-2 -4.20564050
v -2.29451622 5.6934635e-2 -4.19385874
v -2.30453838 5.6934635e-2 -4.18657721
v -2.31692646 5.6934635e-2 -4.18657721
v -2.32694862 5.6934635e-2 -4.19385874
v -2.33077674 5.6934635e-2 -4.20564050
v -2.32694862 5.6934635e-2 -4.21742226
v -2.31692646 5.6934635e-2 -4.22470378
v -2.30453838 5.6934635e-2 -4.22470378
v -2.29451622 5.6934635e-2 -4.21742226
v -2.29068810 -0.51826897 -4.20564050
v -2.29451622 -0.51826897 -4.19385874
v -2.30453838 -0.51826897 -4.18657721
v -2.31692646 -0.51826897 -4.18657721
v -2.32694862 -0.51826897 -4.19385874
v -2.33077674 -0.51826897 -4.20564050
v -2.32694862 -0.51826897 -4.21742226
v -2.31692646 -0.51826897 -4.22470378
v -2.30453838 -0.51826897 -4.22470378
v -2.29451622 -0.51826897 -4.21742226
v -2.29657467 5.5938034e-2 1.24706863
v -2.30823911 3.9812466e-2 1.24697891
v -2.32708192 4.5919337e-2 1.24661027
v -2.32707976 6.5827683e-2 1.24647181
v -2.30822705 7.2008081e-2 1.24675514
v -2.29558398 5.4437878e-2 -4.59964813
v -2.30010260 4.6193307e-2 1.24707536
v -2.30728797 3.8332713e-2 -4.59942243
v -2.31853912 4.0148555e-2 1.24679829
v -2.32619418 4.4483899e-2 -4.59905784
v -2.32993389 5.5864703e-2 1.24649172
v -2.32619196 6.4399319e-2 -4.59905789
v -2.30010013 6.5663472e-2 1.24693995
v -2.31852676 7.1635582e-2 1.24657945
v -2.30727562 7.0539526e-2 -4.59942267
v -2.29912137 6.4174617e-2 -4.59957991
v -2.29912393 4.4697478e-2 -4.59957986
v -2.31762266 3.8692068e-2 -4.59922314
v -2.32905580 5.4439121e-2 -4.59900266
v -2.31760993 7.0190066e-2 -4.59922338
v -2.29068810 5.6934635e-2 -4.58134874
v -2.29451622 5.6934635e-2 -4.56956699
v -2.30453838 5.6934635e-2 -4.56228546
v -2.31692646 5.6934635e-2 -4.56228546
v -2.32694862 5.6934635e-2 -4.56956699
v -2.33077674 5.6934635e-2 -4.58134874
v -2.32694862 5.6934635e-2 -4.59313050
v -2.31692646 5.6934635e-2 -4.60041203
v -2.30453838 5.6934635e-2 -4.60041203
v -2.29451622 5.6934635e-2 -4.59313050
v -2.29068810 -0.51826897 -4.58134874
v -2.29451622 -0.51826897 -4.56956699
v -2.30453838 -0.51826897 -4.56228546
v -2.31692646 -0.51826897 -4.56228546
v -2.32694862 -0.51826897 -4.56956699
v -2.33077674 -0.51826897 -4.58134874
v -2.32694862 -0.51826897 -4.59313050
v -2.31692646 -0.51826897 -4.60041203
v -2.30453838 -0.51826897 -4.60041203
v -2.29451622 -0.51826897 -4.59313050
v -2.29068810 5.6934635e-2 -0.74538061
v -2.29451622 5.6934635e-2 -0.73359885
v -2.30453838 5.6934635e-2 -0.72631732
v -2.31692646 5.6934635e-2 -0.72631732
v -2.32694862 5.6934635e-2 -0.73359885
v -2.33077674 5.6934635e-2 -0.74538061
v -2.32694862 5.6934635e-2 -0.75716237
v -2.31692646 5.6934635e-2 -0.76444389
v -2.30453838 5.6934635e-2 -0.76444389
v -2.29451622 5.6934635e-2 -0.75716237
v -2.29068810 -0.51826897 -0.74538061
v -2.29451622 -0.51826897 -0.73359885
v -2.30453838 -0.51826897 -0.72631732
v -2.31692646 -0.51826897 -0.72631732
v -2.32694862 -0.51826897 -0.73359885
v -2.33077674 -0.51826897 -0.74538061
v -2.32694862 -0.51826897 -0.75716237
v -2.31692646 -0.51826897 -0.76444389
v -2.30453838 -0.51826897 -0.76444389
v -2.29451622 -0.51826897 -0.75716237
v -2.29068810 5.6934635e-2 0.66560653
v -2.29451622 5.6934635e-2 0.67738828
v -2.30453838 5.6934635e-2 0.68466981
v -2.31692646 5.6934635e-2 0.68466981
v -2.32694862 5.6934635e-2 0.67738828
v -2.33077674 5.6934635e-2 0.66560653
v -2.32694862 5.6934635e-2 0.65382477
v -2.31692646 5.6934635e-2 0.64654324
v -2.30453838 5.6934635e-2 0.64654324
v -2.29451622 5.6934635e-2 0.65382477
v -2.29068810 -0.51826897 0.66560653
v -2.29451622 -0.51826897 0.67738828
v -2.30453838 -0.51826897 0.68466981
v -2.31692646 -0.51826897 0.68466981
v -2.32694862 -0.51826897 0.67738828
v -2.33077674 -0.51826897 0.66560653
v -2.32694862 -0.51826897 0.65382477
v -2.31692646 -0.51826897 0.64654324
v -2.30453838 -0.51826897 0.64654324
v -2.29451622 -0.51826897 0.65382477
v -2.29068810 5.6934635e-2 -1.0736543e-2
v -2.29451622 5.6934635e-2 1.0452149e-3
v -2.30453838 5.6934635e-2 8.3267417e-3
v -2.31692646 5.6934635e-2 8.3267417e-3
v -2.32694862 5.6934635e-2 1.0452149e-3
v -2.33077674 5.6934635e-2 -1.0736543e-2
v -2.32694862 5.6934635e-2 -2.2518301e-2
v -2.31692646 5.6934635e-2 -2.9799828e-2
v -2.30453838 5.6934635e-2 -2.9799828e-2
v -2.29451622 5.6934635e-2 -2.2518301e-2
v -2.29068810 -0.51826897 -1.0736543e-2
v -2.29451622 -0.51826897 1.0452149e-3
v -2.30453838 -0.51826897 8.3267417e-3
v -2.31692646 -0.51826897 8.3267417e-3
v -2.32694862 -0.51826897 1.0452149e-3
v -2.33077674 -0.51826897 -1.0736543e-2
v -2.32694862 -0.51826897 -2.2518301e-2
v -2.31692646 -0.51826897 -2.9799828e-2
v -2.30453838 -0.51826897 -2.9799828e-2
v -2.29451622 -0.51826897 -2.2518301e-2
v 2.32904429 5.6934635e-2 -2.13594807
v 2.32521616 5.6934635e-2 -2.12416631
v 2.31519400 5.6934635e-2 -2.11688478
v 2.30280593 5.6934635e-2 -2.11688478
v 2.29278377 5.6934635e-2 -2.12416631
v 2.28895564 5.6934635e-2 -2.13594807
v 2.29278377 5.6934635e-2 -2.14772982
v 2.30280593 5.6934635e-2 -2.15501135
v 2.31519400 5.6934635e-2 -2.15501135
v 2.32521616 5.6934635e-2 -2.14772982
v 2.32904429 -0.51826897 -2.13594807
v 2.32521616 -0.51826897 -2.12416631
v 2.31519400 -0.51826897 -2.11688478
v 2.30280593 -0.51826897 -2.11688478
v 2.29278377 -0.51826897 -2.12416631
v 2.28895564 -0.51826897 -2.13594807
v 2.29278377 -0.51826897 -2.14772982
v 2.30280593 -0.51826897 -2.15501135
v 2.31519400 -0.51826897 -2.15501135
v 2.32521616 -0.51826897 -2.14772982
v 2.32904429 5.6934635e-2 -3.56661466
v 2.32521616 5.6934635e-2 -3.55483290
v 2.31519400 5.6934635e-2 -3.54755137
v 2.30280593 5.6934635e-2 -3.54755137
v 2.29278377 5.6934635e-2 -3.55483290
v 2.28895564 5.6934635e-2 -3.56661466
v 2.29278377 5.6934635e-2 -3.57839641
v 2.30280593 5.6934635e-2 -3.58567794
v 2.31519400 5.6934635e-2 -3.58567794
v 2.32521616 5.6934635e-2 -3.57839641
v 2.32904429 -0.51826897 -3.56661466
v 2.32521616 -0.51826897 -3.55483290
v 2.31519400 -0.51826897 -3.54755137
v 2.30280593 -0.51826897 -3.54755137
v 2.29278377 -0.51826897 -3.55483290
v 2.28895564 -0.51826897 -3.56661466
v 2.29278377 -0.51826897 -3.57839641
v 2.30280593 -0.51826897 -3.58567794
v 2.31519400 -0.51826897 -3.58567794
v 2.32521616 -0.51826897 -3.57839641
v 2.32904429 5.6934635e-2 -4.20564050
v 2.32521616 5.6934635e-2 -4.19385874
v 2.31519400 5.6934635e-2 -4.18657721
v 2.30280593 5.6934635e-2 -4.18657721
v 2.29278377 5.6934635e-2 -4.19385874
v 2.28895564 5.6934635e-2 -4.20564050
v 2.29278377 5.6934635e-2 -4.21742226
v 2.30280593 5.6934635e-2 -4.22470378
v 2.31519400 5.6934635e-2 -4.22470378
v 2.32521616 5.6934635e-2 -4.21742226
v 2.32904429 -0.51826897 -4.20564050
v 2.32521616 -0.51826897 -4.19385874
v 2.31519400 -0.51826897 -4.18657721
v 2.30280593 -0.51826897 -4.18657721
v 2.29278377 -0.51826897 -4.19385874
v 2.28895564 -0.51826897 -4.20564050
v 2.29278377 -0.51826897 -4.21742226
v 2.30280593 -0.51826897 -4.22470378
v 2.31519400 -0.51826897 -4.22470378
v 2.32521616 -0.51826897 -4.21742226
v 2.32904429 5.6934635e-2 -0.74538061
v 2.32521616 5.6934635e-2 -0.73359885
v 2.31519400 5.6934635e-2 -0.72631732
v 2.30280593 5.6934635e-2 -0.72631732
v 2.29278377 5.6934635e-2 -0.73359885
v 2.28895564 5.6934635e-2 -0.74538061
v 2.29278377 5.6934635e-2 -0.75716237
v 2.30280593 5.6934635e-2 -0.76444389
v 2.31519400 5.6934635e-2 -0.76444389
v 2.32521616 5.6934635e-2 -0.75716237
v 2.32904429 -0.51826897 -0.74538061
v 2.32521616 -0.51826897 -0.73359885
v 2.31519400 -0.51826897 -0.72631732
v 2.30280593 -0.51826897 -0.72631732
v 2.29278377 -0.51826897 -0.73359885
v 2.28895564 -0.51826897 -0.74538061
v 2.29278377 -0.51826897 -0.75716237
v 2.30280593 -0.51826897 -0.76444389
v 2.31519400 -0.51826897 -0.76444389
v 2.32521616 -0.51826897 -0.75716237
v 2.32904429 5.6934635e-2 -1.0736543e-2
v 2.32521616 5.6934635e-2 1.0452149e-3
v 2.31519400 5.6934635e-2 8.3267417e-3
v 2.30280593 5.6934635e-2 8.3267417e-3
v 2.29278377 5.6934635e-2 1.0452149e-3
v 2.28895564 5.6934635e-2 -1.0736543e-2
v 2.29278377 5.6934635e-2 -2.2518301e-2
v 2.30280593 5.6934635e-2 -2.9799828e-2
v 2.31519400 5.6934635e-2 -2.9799828e-2
v 2.32521616 5.6934635e-2 -2.2518301e-2
v 2.32904429 -0.51826897 -1.0736543e-2
v 2.32521616 -0.51826897 1.0452149e-3
v 2.31519400 -0.51826897 8.3267417e-3
v 2.30280593 -0.51826897 8.3267417e-3
v 2.29278377 -0.51826897 1.0452149e-3
v 2.28895564 -0.51826897 -1.0736543e-2
v 2.29278377 -0.51826897 -2.2518301e-2
v 2.30280593 -0.51826897 -2.9799828e-2
v 2.31519400 -0.51826897 -2.9799828e-2
v 2.32521616 -0.51826897 -2.2518301e-2
v 2.32904429 5.6934635e-2 -1.44140313
v 2.32521616 5.6934635e-2 -1.42962138
v 2.31519400 5.6934635e-2 -1.42233985
v 2.30280593 5.6934635e-2 -1.42233985
v 2.29278377 5.6934635e-2 -1.42962138
v 2.28895564 5.6934635e-2 -1.44140313
v 2.29278377 5.6934635e-2 -1.45318489
v 2.30280593 5.6934635e-2 -1.46046642
v 2.31519400 5.6934635e-2 -1.46046642
v 2.32521616 5.6934635e-2 -1.45318489
v 2.32904429 -0.51826897 -1.44140313
v 2.32521616 -0.51826897 -1.42962138
v 2.31519400 -0.51826897 -1.42233985
v 2.30280593 -0.51826897 -1.42233985
v 2.29278377 -0.51826897 -1.42962138
v 2.28895564 -0.51826897 -1.44140313
v 2.29278377 -0.51826897 -1.45318489
v 2.30280593 -0.51826897 -1.46046642
v 2.31519400 -0.51826897 -1.46046642
v 2.32521616 -0.51826897 -1.45318489
v -2.29068810 5.6934635e-2 -1.44140313
v -2.29451622 5.6934635e-2 -1.42962138
v -2.30453838 5.6934635e-2 -1.42233985
v -2.31692646 5.6934635e-2 -1.42233985
v -2.32694862 5.6934635e-2 -1.42962138
v -2.33077674 5.6934635e-2 -1.44140313
v -2.32694862 5.6934635e-2 -1.45318489
v -2.31692646 5.6934635e-2 -1.46046642
v -2.30453838 5.6934635e-2 -1.46046642
v -2.29451622 5.6934635e-2 -1.45318489
v -2.29068810 -0.51826897 -1.44140313
v -2.29451622 -0.51826897 -1.42962138
v -2.30453838 -0.51826897 -1.42233985
v -2.31692646 -0.51826897 -1.42233985
v -2.32694862 -0.51826897 -1.42962138
v -2.33077674 -0.51826897 -1.44140313
v -2.32694862 -0.51826897 -1.45318489
v -2.31692646 -0.51826897 -1.46046642
v -2.30453838 -0.51826897 -1.46046642
v -2.29451622 -0.51826897 -1.45318489
v 2.32904429 5.6934635e-2 0.66560653
v 2.32521616 5.6934635e-2 0.67738828
v 2.31519400 5.6934635e-2 0.68466981
v 2.30280593 5.6934635e-2 0.68466981
v 2.29278377 5.6934635e-2 0.67738828
v 2.28895564 5.6934635e-2 0.66560653
v 2.29278377 5.6934635e-2 0.65382477
v 2.30280593 5.6934635e-2 0.64654324
v 2.31519400 5.6934635e-2 0.64654324
v 2.32521616 5.6934635e-2 0.65382477
v 2.32904429 -0.51826897 0.66560653
v 2.32521616 -0.51826897 0.67738828
v 2.31519400 -0.51826897 0.68466981
v 2.30280593 -0.51826897 0.68466981
v 2.29278377 -0.51826897 0.67738828
v 2.28895564 -0.51826897 0.66560653
v 2.29278377 -0.51826897 0.65382477
v 2.30280593 -0.51826897 0.64654324
v 2.31519400 -0.51826897 0.64654324
v 2.32521616 -0.51826897 0.65382477
v 2.28789450 2.08091247 2.52512747
v 2.28406637 2.08091247 2.53690922
v 2.27404421 2.08091247 2.54419075
v 2.26165614 2.08091247 2.54419075
v 2.25163398 2.08091247 2.53690922
v 2.24780585 2.08091247 2.52512747
v 2.25163398 2.08091247 2.51334571
v 2.26165614 2.08091247 2.50606418
v 2.27404421 2.08091247 2.50606418
v 2.28406637 2.08091247 2.51334571
v 2.28789450 1.50570887 2.52512747
v 2.28406637 1.50570887 2.53690922
v 2.27404421 1.50570887 2.54419075
v 2.26165614 1.50570887 2.54419075
v 2.25163398 1.50570887 2.53690922
v 2.24780585 1.50570887 2.52512747
v 2.25163398 1.50570887 2.51334571
v 2.26165614 1.50570887 2.50606418
v 2.27404421 1.50570887 2.50606418
v 2.28406637 1.50570887 2.51334571
v -2.21388994 2.08091247 3.16415331
v -2.21006181 2.08091247 3.17593507
v -2.20003965 2.08091247 3.18321659
v -2.18765158 2.08091247 3.18321659
v -2.17762941 2.08091247 3.17593507
v -2.17380129 2.08091247 3.16415331
v -2.17762941 2.08091247 3.15237155
v -2.18765158 2.08091247 3.14509003
v -2.20003965 2.08091247 3.14509003
v -2.21006181 2.08091247 3.15237155
v -2.21388994 1.50570887 3.16415331
v -2.21006181 1.50570887 3.17593507
v -2.20003965 1.50570887 3.18321659
v -2.18765158 1.50570887 3.18321659
v -2.17762941 1.50570887 3.17593507
v -2.17380129 1.50570887 3.16415331
v -2.17762941 1.50570887 3.15237155
v -2.18765158 1.50570887 3.14509003
v -2.20003965 1.50570887 3.14509003
v -2.21006181 1.50570887 3.15237155
v 2.21840932 2.08091247 3.16415331
v 2.21458120 2.08091247 3.17593507
v 2.20455904 2.08091247 3.18321659
v 2.19217096 2.08091247 3.18321659
v 2.18214880 2.08091247 3.17593507
v 2.17832067 2.08091247 3.16415331
v 2.18214880 2.08091247 3.15237155
v 2.19217096 2.08091247 3.14509003
v 2.20455904 2.08091247 3.14509003
v 2.21458120 2.08091247 3.15237155
v 2.21840932 1.50570887 3.16415331
v 2.21458120 1.50570887 3.17593507
v 2.20455904 1.50570887 3.18321659
v 2.19217096 1.50570887 3.18321659
v 2.18214880 1.50570887 3.17593507
v 2.17832067 1.50570887 3.16415331
v 2.18214880 1.50570887 3.15237155
v 2.19217096 1.50570887 3.14509003
v 2.20455904 1.50570887 3.14509003
v 2.21458120 1.50570887 3.15237155
v -1.67232888 1.47485017 3.51939088
v -1.67232888 3.44745304 3.51939088
v 1.67254549 3.44745304 3.51939088
v 1.67254549 1.47485017 3.51939088
v -0.90300778 1.47485017 1.52503718
v 0.90322439 1.47485017 1.52503718
v -0.90300778 3.44745304 1.52503718
v 0.90322439 3.44745304 1.52503718
v -1.61217192 1.47485017 1.77286973
v -1.67232888 1.47485017 1.84833061
v -1.61217192 3.44745304 1.77286973
v -1.67232888 3.44745304 1.84833061
v 1.61238853 3.44745304 1.77286973
v 1.67254549 3.44745304 1.84833061
v 1.61238853 1.47485017 1.77286973
v 1.67254549 1.47485017 1.84833061
v 1.0830414e-4 1.47485017 1.52503718
v 1.0830414e-4 3.44745304 1.52503718
v -0.90300778 2.46115161 1.52503718
v 0.90322439 2.46115161 1.52503718
v -1.61217192 2.46115161 1.77286973
v 1.61238853 2.46115161 1.77286973
v 1.0830414e-4 2.46115161 1.52503718
v 1.05411096 2.68545048 1.56915858
v 1.46686434 2.68545048 1.71340406
v 1.46686434 3.22315416 1.71340406
v 1.05411096 3.22315416 1.56915858
v -0.76742990 2.68545048 1.51691004
v -0.13546957 2.68545048 1.51691004
v -0.13546957 3.22315416 1.51691004
v -0.76742990 3.22315416 1.51691004
v -1.46664773 2.68545048 1.71340406
v -1.05389435 2.68545048 1.56915858
v -1.05389435 3.22315416 1.56915858
v -1.46664773 3.22315416 1.71340406
v 0.13568618 2.68545048 1.51691004
v 0.76764651 2.68545048 1.51691004
v 0.76764651 3.22315416 1.51691004
v 0.13568618 3.22315416 1.51691004
v 1.02973303 2.68545048 1.63891517
v 1.44248641 2.68545048 1.78316065
v 1.44248641 3.22315416 1.78316065
v 1.02973303 3.22315416 1.63891517
v -0.76742990 2.68545048 1.59080364
v -0.13546957 2.68545048 1.59080364
v -0.13546957 3.22315416 1.59080364
v -0.76742990 3.22315416 1.59080364
v -1.44226980 2.68545048 1.78316065
v -1.02951642 2.68545048 1.63891517
v -1.02951642 3.22315416 1.63891517
v -1.44226980 3.22315416 1.78316065
v 0.13568618 2.68545048 1.59080364
v 0.76764651 2.68545048 1.59080364
v 0.76764651 3.22315416 1.59080364
v 0.13568618 3.22315416 1.59080364
v -1.91726883 3.10629128 2.10680510
v -1.67885592 3.50234562 2.11116864
v 1.67907252 3.50234562 2.11116864
v 1.91748544 3.10629128 2.10680510
v -0.99692781 3.10629128 1.08065334
v 0.99714442 3.10629128 1.08065334
v -0.87295309 3.50234562 1.40791839
v 0.87316970 3.50234562 1.40791839
v -1.82175113 3.10629128 1.29573987
v -1.91726883 3.10629128 1.40791839
v -1.59521519 3.50234562 1.62300492
v -1.67885592 3.50234562 1.73518344
v 1.59543180 3.50234562 1.62300492
v 1.67907252 3.50234562 1.73518344
v 1.82196774 3.10629128 1.29573987
v 1.91748544 3.10629128 1.40791839
v -1.86606030 3.07612375 2.04703786
v -1.64526328 3.44291435 2.05107898
v 1.64547989 3.44291435 2.05107898
v 1.86627691 3.07612375 2.04703786
v -0.99098828 3.06687260 1.12517691
v 0.99120489 3.06687260 1.12517691
v -0.87586919 3.44291435 1.43590529
v 0.87608580 3.44291435 1.43590529
v -1.79805291 3.06333753 1.33196954
v -1.87150386 3.06708085 1.42235895
v -1.58186831 3.44291435 1.64646983
v -1.64526328 3.44291435 1.73329494
v 1.58208492 3.44291435 1.64646983
v 1.64547989 3.44291435 1.73329494
v 1.79826951 3.06333753 1.33196954
v 1.87172047 3.06708085 1.42235895
v -2.33880605 -0.35599510 0.80956883
v -2.27933753 -0.35599510 0.80956883
v -2.33880605 -0.35599510 1.99893926
v -2.33880605 0.83337533 1.99893926
v -2.27933753 0.83337533 1.99893926
v -2.27933753 -0.35599510 1.99893926
v 0.58604769 0.52459348 -5.47457992
v 0.52832242 0.52459348 -5.49531679
v 0.50216766 0.52459348 -5.55079790
v 0.52290453 0.52459348 -5.60852318
v 0.57838564 0.52459348 -5.63467793
v 0.63611092 0.52459348 -5.61394107
v 0.66226567 0.52459348 -5.55845996
v 0.64152881 0.52459348 -5.50073468
v 0.58604769 0.25369287 -5.47457992
v 0.52832242 0.25369287 -5.49531679
v 0.50216766 0.25369287 -5.55079790
v 0.52290453 0.25369287 -5.60852318
v 0.57838564 0.25369287 -5.63467793
v 0.63611092 0.25369287 -5.61394107
v 0.66226567 0.25369287 -5.55845996
v 0.64152881 0.25369287 -5.50073468
v 0.49433819 0.52459348 -5.45791619
v 0.58846343 0.52459348 -5.42410322
v 0.67892941 0.52459348 -5.46675045
v 0.71274237 0.52459348 -5.56087569
v 0.67009515 0.52459348 -5.65134167
v 0.57596990 0.52459348 -5.68515463
v 0.48550393 0.52459348 -5.64250741
v 0.45169096 0.52459348 -5.54838216
v 0.49433819 0.54568983 -5.45791619
v 0.58846343 0.54568983 -5.42410322
v 0.67892941 0.54568983 -5.46675045
v 0.71274237 0.54568983 -5.56087569
v 0.67009515 0.54568983 -5.65134167
v 0.57596990 0.54568983 -5.68515463
v 0.48550393 0.54568983 -5.64250741
v 0.45169096 0.54568983 -5.54838216
v -0.68467157 0.54240955 -5.48971734
v -0.67364119 0.54240955 -5.55005435
v -0.62317682 0.54240955 -5.58491941
v -0.56283980 0.54240955 -5.57388903
v -0.52797474 0.54240955 -5.52342466
v -0.53900512 0.54240955 -5.46308765
v -0.58946949 0.54240955 -5.42822259
v -0.64980651 0.54240955 -5.43925296
v -0.68467157 0.27150894 -5.48971734
v -0.67364119 0.27150894 -5.55005435
v -0.62317682 0.27150894 -5.58491941
v -0.56283980 0.27150894 -5.57388903
v -0.52797474 0.27150894 -5.52342466
v -0.53900512 0.27150894 -5.46308765
v -0.58946949 0.27150894 -5.42822259
v -0.64980651 0.27150894 -5.43925296
v -0.71609009 0.54240955 -5.57747376
v -0.73407592 0.54240955 -5.47908988
v -0.67722591 0.54240955 -5.39680406
v -0.57884203 0.54240955 -5.37881823
v -0.49655622 0.54240955 -5.43566824
v -0.47857039 0.54240955 -5.53405212
v -0.53542039 0.54240955 -5.61633794
v -0.63380427 0.54240955 -5.63432377
v -0.71609009 0.56350590 -5.57747376
v -0.73407592 0.56350590 -5.47908988
v -0.67722591 0.56350590 -5.39680406
v -0.57884203 0.56350590 -5.37881823
v -0.49655622 0.56350590 -5.43566824
v -0.47857039 0.56350590 -5.53405212
v -0.53542039 0.56350590 -5.61633794
v -0.63380427 0.56350590 -5.63432377
v -1.26732648 0.53190486 -4.90197933
v -1.28436523 0.52580173 -4.96058528
v -1.25555908 0.52872933 -5.01465800
v -1.19778226 0.53897272 -5.03252243
v -1.14487967 0.55053146 -5.00371382
v -1.12784091 0.55663460 -4.94510787
v -1.15664707 0.55370699 -4.89103515
v -1.21442388 0.54346360 -4.87317072
v -1.21624924 0.26617225 -4.88915624
v -1.23328799 0.26006911 -4.94776219
v -1.20448183 0.26299672 -5.00183491
v -1.14670502 0.27324011 -5.01969934
v -1.09380242 0.28479885 -4.99089073
v -1.07676367 0.29090198 -4.93228478
v -1.10556983 0.28797438 -4.87821206
v -1.16334664 0.27773099 -4.86034763
v -1.33371520 0.51608055 -4.96546509
v -1.30593227 0.52603215 -4.86990384
v -1.21967076 0.54487952 -4.82292932
v -1.12546147 0.56158211 -4.85205856
v -1.07849094 0.56635578 -4.94022806
v -1.10627387 0.55640417 -5.03578931
v -1.19253539 0.53755681 -5.08276383
v -1.28674467 0.52085422 -5.05363459
v -1.33769283 0.53677444 -4.96646369
v -1.30990991 0.54672604 -4.87090244
v -1.22364839 0.56557341 -4.82392791
v -1.12943911 0.58227600 -4.85305716
v -1.08246858 0.58704967 -4.94122665
v -1.11025150 0.57709806 -5.03678791
v -1.19651302 0.55825070 -5.08376243
v -1.29072230 0.54154811 -5.05463318
v 1.06439150 0.54240955 -5.01754864
v 1.06939602 0.54240955 -5.07868112
v 1.11616194 0.54240955 -5.11836957
v 1.17729442 0.54240955 -5.11336505
v 1.21698288 0.54240955 -5.06659913
v 1.21197835 0.54240955 -5.00546665
v 1.16521243 0.54240955 -4.96577820
v 1.10407996 0.54240955 -4.97078272
v 1.06439150 0.27150894 -5.01754864
v 1.06939602 0.27150894 -5.07868112
v 1.11616194 0.27150894 -5.11836957
v 1.17729442 0.27150894 -5.11336505
v 1.21698288 0.27150894 -5.06659913
v 1.21197835 0.27150894 -5.00546665
v 1.16521243 0.27150894 -4.96577820
v 1.10407996 0.27150894 -4.97078272
v 1.02444177 0.54240955 -5.10176463
v 1.01628154 0.54240955 -5.00208369
v 1.08099644 0.54240955 -4.92582847
v 1.18067738 0.54240955 -4.91766823
v 1.25693260 0.54240955 -4.98238314
v 1.26509284 0.54240955 -5.08206408
v 1.20037793 0.54240955 -5.15831930
v 1.10069699 0.54240955 -5.16647954
v 1.02444177 0.56350590 -5.10176463
v 1.01628154 0.56350590 -5.00208369
v 1.08099644 0.56350590 -4.92582847
v 1.18067738 0.56350590 -4.91766823
v 1.25693260 0.56350590 -4.98238314
v 1.26509284 0.56350590 -5.08206408
v 1.20037793 0.56350590 -5.15831930
v 1.10069699 0.56350590 -5.16647954
v 0.91272403 4.01337898 2.41329081
v 0.89382890 4.01337898 2.45890768
v 0.84821203 4.01337898 2.47780281
v 0.80259516 4.01337898 2.45890768
v 0.78370003 4.01337898 2.41329081
v 0.80259516 4.01337898 2.36767394
v 0.84821203 4.01337898 2.34877881
v 0.89382890 4.01337898 2.36767394
v 0.91272403 3.35423033 2.41329081
v 0.89382890 3.35423033 2.45890768
v 0.84821203 3.35423033 2.47780281
v 0.80259516 3.35423033 2.45890768
v 0.78370003 3.35423033 2.41329081
v 0.80259516 3.35423033 2.36767394
v 0.84821203 3.35423033 2.34877881
v 0.89382890 3.35423033 2.36767394
v -5.3617754e-5 -2.53015675 -5.22517421
v -4.5546935e-3 -0.46126904 -9.22720470
v -0.75517718 -2.56203969 2.65170463
v 0.75557439 -2.56203969 2.65170463
v -2.36575647 -0.46126904 -4.65933241
v 2.36611082 -0.46126904 -4.65933241
v -2.36575647 0.13012152 -4.65933241
v 2.36611082 0.13012152 -4.65933241
v -2.36575647 -0.46126904 -1.01284743
v 2.36611082 -0.46126904 -1.01284743
v -2.36575647 -0.34492991 -1.01284743
v 2.36611082 -0.34492991 -1.01284743
v 1.56493950 -0.22419386 5.56709918
v -1.56455862 -0.22419386 5.56709918
v 2.36611082 -0.34492991 1.97819264
v -2.36575647 -0.34492991 1.97819264
v -2.36575647 1.61667700 1.97819264
v 2.36611082 1.61667700 1.97819264
v 1.32353140 1.61667700 5.60910525
v -1.32317705 1.61667700 5.60910525
v -2.4464100e-3 -1.65854202 -8.28134908
v -1.42904936 -1.62087717 4.61921866
v 1.42953088 -1.62087717 4.61921866
v 1.24659188 -1.63905516 -5.56398469
v -1.24699024 -1.63905516 -5.56398469
v -0.72422944 -2.66874110 -1.14828902
v 0.72460390 -2.66874110 -1.14828902
v 1.91056743 -1.63337453 -0.72180940
v -1.91008061 -1.63337453 -0.72180940
v -0.46526528 -2.65570829 -3.27691747
v -1.18515558 -0.46126904 -7.19100060
v -3.5473973e-3 -1.05990553 -8.89642952
v 1.18077806 -0.46126904 -7.19100060
v 0.46560102 -2.65570829 -3.27691747
v -1.15162857 -2.22379199 3.69544057
v 1.9238636e-4 -2.64223896 2.82209266
v -2.36575647 -0.46126904 -2.94581387
v 2.36611082 -0.46126904 -2.94581387
v 0.73230759 -2.17282377 -5.48882813
v -0.73248564 -2.17282377 -5.48882813
v -2.36575647 -0.40309947 -1.01284743
v 2.23646388 -0.19229466 3.72033645
v 2.36611082 -0.40309947 -1.01284743
v 1.9153850e-4 -0.23978335 6.26090051
v 1.56344863 -0.93912740 5.05285673
v -2.36575647 -0.34492991 0.48267261
v 2.36611082 -0.34492991 0.48267261
v -2.23609077 -0.19229466 3.72033645
v -2.36575647 0.63587354 1.97819264
v 2.03354217 1.61667700 4.18016788
v 2.36611082 0.63587354 1.97819264
v 1.7717377e-4 1.61667700 6.10612694
v 1.46896227 0.64794715 5.71305653
v -2.03318783 1.61667700 4.18016788
v -1.46860527 0.64794715 5.71305653
v -1.2027100e-3 -2.22525123 -7.11680333
v -1.56301048 -0.93912740 5.05285673
v 1.15207485 -2.22379199 3.69544057
v 1.67610473 -1.05795684 -5.40705508
v -1.67673228 -1.05795684 -5.40705508
v 1.65033390 -1.65407658 -3.37485464
v 2.4142163e-4 -1.63646666 5.49881830
v -0.69115614 -1.60982486 -7.14852648
v 0.68875977 -1.60982486 -7.14852648
v -1.97690982 -1.59140237 2.16050558
v -0.86879502 -2.65549003 1.08067159
v 0.86917432 -2.65549003 1.08067159
v 1.97738949 -1.59140237 2.16050558
v -1.64993453 -1.65407658 -3.37485464
v 1.39221155 -2.23595437 -0.95615663
v 1.7366646e-4 -2.81840022 -1.12701812
v -1.39176699 -2.23595437 -0.95615663
v -2.20643272 -0.99607791 -0.69847193
v 2.20687273 -0.99607791 -0.69847193
v 1.53486349 -2.22993838 1.67102622
v 1.7716869e-4 -2.80073213 0.91317441
v 2.2185998e-4 -0.97966008 6.03933938
v -0.92767404 -1.05503381 -7.25687218
v 0.47426830 -2.03356284 -6.74211255
v -1.08678022 -2.23169524 -3.44712236
v 2.26706548 -0.78834068 2.01182242
v 2.15728763 0.64960456 4.19860868
v 1.7861025e-4 0.64638820 6.24577869
v -2.15693141 0.64960456 4.19860868
v 2.2267225e-4 -2.23262604 4.38058426
v -0.47578786 -2.03356284 -6.74211255
v 0.92423782 -1.05503381 -7.25687218
v -2.26664863 -0.78834068 2.01182242
v 1.08716483 -2.23169524 -3.44712236
v 1.7156858e-4 -2.79051928 -2.70306828
v -1.53441909 -2.22993838 1.67102622
v -2.04511119 -1.05341879 -3.18537058
v 2.04545697 -1.05341879 -3.18537058
v -0.26336567 -2.61660984 -4.22752958
v -0.59485514 -0.46126904 -8.20910265
v -4.0569011e-3 -0.76058728 -9.07958619
v 0.58811168 -0.46126904 -8.20910265
v 0.26358126 -2.61660984 -4.22752958
v -0.94955196 -2.43801662 3.12900569
v -0.44354002 -2.61573683 2.76800403
v -2.36575647 -0.46126904 -4.05030518
v 2.36611082 -0.46126904 -4.05030518
v 0.40782931 -2.38276746 -5.41697726
v -0.40801628 -2.38276746 -5.41697726
v -2.36575647 -0.43218425 -1.01284743
v 2.00320889 -0.20470699 4.69984753
v 2.36611082 -0.43218425 -1.01284743
v -0.85100402 -0.23588598 6.08745017
v 1.51375666 -1.28389407 4.85903795
v -2.36575647 -0.34492991 -0.26508741
v 2.36611082 -0.34492991 1.23043262
v -2.33460906 -0.20182612 2.86320718
v -2.36575647 0.14547182 1.97819264
v 1.74930719 1.61667700 4.98782813
v 2.36611082 0.14547182 1.97819264
v -0.70868021 1.61667700 5.98187152
v 1.52622345 0.19376624 5.68693572
v -2.22306228 1.61667700 3.24825221
v -1.52585849 0.19376624 5.68693572
v -1.8315039e-3 -1.95786027 -7.77834900
v -1.51328995 -1.28389407 4.85903795
v 1.31044939 -1.94279433 4.21176555
v 1.45765033 -1.35142903 -5.50997450
v -1.45821015 -1.35142903 -5.50997450
v 1.46719696 -1.65074727 -4.53881257
v -0.78140731 -1.63256929 5.27891839
v -0.35626147 -1.62736304 -7.74584801
v 0.35264372 -1.62736304 -7.74584801
v -1.80867772 -1.60139030 3.51971911
v -0.82012162 -2.66874110 -7.8840858e-3
v 0.82049708 -2.66874110 -7.8840858e-3
v 1.99084606 -1.60820705 0.72166392
v -1.79710560 -1.64847503 -2.09491792
v 1.07091676 -2.48166720 -1.07385097
v -0.36521369 -2.78098544 -1.14676823
v -1.07050881 -2.48166720 -1.07385097
v -2.29493547 -0.71668371 -0.82984685
v 2.08303875 -1.30888880 -0.67056165
v -0.61241526 -2.66874110 -2.24423539
v -1.77545603 -0.46126904 -6.17289855
v -3.0144707e-3 -1.35922377 -8.64219654
v 1.77344444 -0.46126904 -6.17289855
v 0.61279022 -2.66874110 -2.24423539
v -1.30997830 -1.94279433 4.21176555
v 0.44392886 -2.61573683 2.76800403
v -2.36575647 -0.46126904 -1.84132256
v 2.36611082 -0.46126904 -1.84132256
v 1.00835304 -1.91888654 -5.54738326
v -1.00861284 -1.91888654 -5.54738326
v -2.36575647 -0.37401469 -1.01284743
v 2.33497365 -0.20182612 2.86320718
v 2.36611082 -0.37401469 -1.01284743
v 0.85138655 -0.23588598 6.08745017
v 1.57892874 -0.59385953 5.32230833
v -2.36575647 -0.34492991 1.23043262
v 2.36611082 -0.34492991 -0.26508741
v -2.00283075 -0.20470699 4.69984753
v -2.36575647 1.12627527 1.97819264
v 2.22341663 1.61667700 3.24825221
v 2.36611082 1.12627527 1.97819264
v 0.70903455 1.61667700 5.98187152
v 1.39933769 1.12627527 5.67670018
v -1.74895284 1.61667700 4.98782813
v -1.39898334 1.12627527 5.67670018
v -5.9298621e-4 -2.42878764 -6.28031909
v -1.57852133 -0.59385953 5.32230833
v 0.94996994 -2.43801662 3.12900569
v 1.93653141 -0.76058728 -5.27692883
v -1.93701634 -0.76058728 -5.27692883
v 1.79759371 -1.64847503 -2.09491792
v 0.78188982 -1.63256929 5.27891839
v -0.98821002 -1.61956829 -6.42756402
v 0.98692765 -1.61956829 -6.42756402
v -1.99036307 -1.60820705 0.72166392
v -0.83895283 -2.61573683 2.02107018
v 0.83934022 -2.61573683 2.02107018
v 1.80915760 -1.60139030 3.51971911
v -1.46706391 -1.65074727 -4.53881257
v 1.67619340 -1.94779327 -0.82790858
v 0.36556787 -2.78098544 -1.14676823
v -1.67571920 -1.94779327 -0.82790858
v -2.08256644 -1.30888880 -0.67056165
v 2.29533476 -0.71668371 -0.82984685
v 1.78377613 -1.93100441 1.96324379
v 1.43487434 -2.22548085 2.81182894
v 1.23051139 -2.47439210 1.34949874
v 1.50373336 -2.23343762 0.38171204
v 0.44930680 -2.76435665 0.94655504
v 1.8280174e-4 -2.74772786 1.90111729
v -0.44894623 -2.76435665 0.94655504
v 1.7445332e-4 -2.81840022 -0.11612461
v 0.85221945 -0.96952691 5.79271871
v 2.0590323e-4 -0.62503852 6.18284709
v -0.85177712 -0.96952691 5.79271871
v 2.3525486e-4 -1.31507305 5.82718802
v -1.34021541 -1.05600815 -6.37089209
v -1.05452812 -0.76058728 -7.23474060
v -0.47551511 -1.05678763 -8.08989113
v -0.80836674 -1.33973691 -7.23578689
v 0.56871650 -1.86042594 -6.97213267
v 0.58115450 -2.10636577 -6.26663257
v 0.26719978 -2.12273473 -6.93695112
v -0.90741429 -2.21237431 -4.53909110
v -0.77147419 -2.47193935 -3.40903639
v -1.25058091 -2.23746442 -2.24262282
v -1.38519055 -1.95295619 -3.43145493
v 2.34177822 -0.51185786 1.36021856
v 2.24541066 -0.49941102 3.09735653
v 1.99314241 -0.88846155 3.81975342
v 2.11584374 -1.22494447 2.19716570
v 2.25227729 -0.93043250 0.54120531
v 2.33664358 -0.58614658 0.42578395
v 1.90312213 0.64989584 5.04715383
v 2.20523248 0.20039590 4.05990860
v 2.29165001 0.64405390 3.25113971
v 2.09820048 1.12627527 4.21897238
v -0.79425968 0.64677794 6.11259815
v 1.8291967e-4 0.18753044 6.27668896
v 0.79461685 0.64677794 6.11259815
v 1.7717377e-4 1.12627527 6.18373594
v -2.29129464 0.64405390 3.25113971
v -2.20487063 0.20039590 4.05990860
v -1.90276540 0.64989584 5.04715383
v -2.09784613 1.12627527 4.21897238
v 2.3569403e-4 -1.94903012 5.00665551
v -0.63432811 -2.22859875 4.21318148
v 2.0695644e-4 -2.46711700 3.65048915
v 0.63477398 -2.22859875 4.21318148
v -0.26907819 -2.12273473 -6.93695112
v -0.58199678 -2.10636577 -6.26663257
v -0.57059220 -1.86042594 -6.97213267
v 0.80544351 -1.33973691 -7.23578689
v 0.47029767 -1.05678763 -8.08989113
v 1.05061278 -0.76058728 -7.23474060
v 1.33836813 -1.05600815 -6.37089209
v -2.34139825 -0.51185786 1.36021856
v -2.33625886 -0.58614658 0.42578395
v -2.25184581 -0.93043250 0.54120531
v -2.11538383 -1.22494447 2.19716570
v -1.99271121 -0.88846155 3.81975342
v -2.24501880 -0.49941102 3.09735653
v 1.25102565 -2.23746442 -2.24262282
v 0.77183175 -2.47193935 -3.40903639
v 0.90761826 -2.21237431 -4.53909110
v 1.38559150 -1.95295619 -3.43145493
v 1.7381895e-4 -2.81840022 -2.05974446
v -0.19414627 -2.76502180 -3.01048607
v 0.19448139 -2.76502180 -3.01048607
v -1.23010084 -2.47439210 1.34949874
v -1.43442890 -2.22548085 2.81182894
v -1.78330516 -1.93100441 1.96324379
v -1.50328909 -2.23343762 0.38171204
v -2.14225201 -1.03473804 -1.95601833
v -2.20954324 -0.75656048 -3.06859360
v -1.90081774 -1.05912605 -4.34046537
v -1.86424151 -1.35341080 -3.29014206
v 1.90086373 -1.05912605 -4.34046537
v 2.20988707 -0.75656048 -3.06859360
v 2.14269630 -1.03473804 -1.95601833
v 1.86461415 -1.35341080 -3.29014206
v 1.64720113 -1.93499958 3.21815309
v 1.16864015 -2.45256681 2.36842327
v 1.18375413 -2.48166720 0.16782725
v 1.77468170 -1.93772628 0.58318577
v 0.43781618 -2.71447028 1.90290380
v -0.43744518 -2.71447028 1.90290380
v -0.41935972 -2.78098544 -9.4837433e-2
v 0.41971529 -2.78098544 -9.4837433e-2
v 0.85996275 -0.61724377 5.96771240
v -0.85955204 -0.61724377 5.96771240
v -0.82577390 -1.30727831 5.58515050
v 0.82624346 -1.30727831 5.58515050
v -1.55032765 -0.76058728 -6.28039046
v -0.53517973 -0.76058728 -8.16354887
v -0.41587210 -1.34675218 -7.96002550
v -1.16013541 -1.34363428 -6.42741314
v 0.80156906 -1.87991281 -6.34895509
v 0.30437260 -2.28062511 -6.25564268
v 0.29392679 -1.89550230 -7.41925472
v -0.57975004 -2.44275583 -4.46260271
v -0.93413938 -2.48166720 -2.27279566
v -1.54411220 -1.95383347 -2.17592689
v -1.20475663 -1.94227077 -4.56507846
v 2.33951003 -0.42652362 2.23113777
v 2.01631414 -0.55488580 4.24663488
v 1.92428079 -1.24492034 3.64885035
v 2.14647337 -1.25855383 0.74656197
v 2.31897149 -0.66550893 -1.1080646e-2
v 2.35196490 -0.47378744 0.34721480
v 1.96323954 0.20156098 4.94974418
v 2.31798240 0.17819325 3.15966157
v 2.25909018 1.12627527 3.26828033
v 1.82957267 1.12627527 5.04290548
v -0.82803844 0.18908939 6.12925065
v 0.82840406 0.18908939 6.12925065
v 0.75362649 1.12627527 6.05697700
v -0.75327214 1.12627527 6.05697700
v -2.31762396 0.17819325 3.15966157
v -1.96287568 0.20156098 4.94974418
v -1.82921832 1.12627527 5.04290548
v -2.25873583 1.12627527 3.26828033
v -0.71854226 -1.94747117 4.80793302
v -0.52591417 -2.45256681 3.53565087
v 0.52633027 -2.45256681 3.53565087
v 0.71901358 -1.94747117 4.80793302
v -0.30532230 -2.28062511 -6.25564268
v -0.80256158 -1.87991281 -6.34895509
v -0.29669404 -1.89550230 -7.41925472
v 0.41144068 -1.34675218 -7.96002550
v 0.52919467 -0.76058728 -8.16354887
v 1.54836394 -0.76058728 -6.28039046
v 1.15854169 -1.34363428 -6.42741314
v -2.35159415 -0.47378744 0.34721480
v -2.31857761 -0.66550893 -1.1080646e-2
v -2.14600813 -1.25855383 0.74656197
v -1.92381885 -1.24492034 3.64885035
v -2.01591222 -0.55488580 4.24663488
v -2.33913519 -0.42652362 2.23113777
v 0.93454765 -2.48166720 -2.27279566
v 0.57995400 -2.44275583 -4.46260271
v 1.20493705 -1.94227077 -4.56507846
v 1.54458681 -1.95383347 -2.17592689
v -0.30303619 -2.78098544 -2.13473196
v 1.3702325e-4 -2.71713088 -3.72578799
v 0.30339079 -2.78098544 -2.13473196
v -1.16822523 -2.45256681 2.36842327
v -1.64673040 -1.93499958 3.21815309
v -1.77420914 -1.93772628 0.58318577
v -1.18334566 -2.48166720 0.16782725
v -2.26171751 -0.74448009 -1.89698250
v -2.12903219 -0.76058728 -4.20078613
v -1.68962296 -1.35610588 -4.45854119
v -1.99193346 -1.33908978 -2.02180594
v 2.12919840 -0.76058728 -4.20078613
v 2.26211958 -0.74448009 -1.89698250
v 1.99240894 -1.33908978 -2.02180594
v 1.68968455 -1.35610588 -4.45854119
v -2.13617889 0.30415559 -5.83353119
v 2.13511999 0.30415559 -5.83353119
v 2.36611082 0.30415559 -4.65933241
v -2.36575647 0.30415559 -4.65933241
v -4.5546935e-3 -4.9199001e-2 -9.22720470
v -0.95361482 -5.7441653e-3 -7.94770134
v -1.08526950 1.3063531e-2 -7.73538869
v -1.87252779 -2.3530668e-2 -6.42409314
v 1.87017243 -2.3543609e-2 -6.42408571
v 1.07935890 1.3086213e-2 -7.73541472
v 0.94725122 -5.7123335e-3 -7.94768307
v 1.91527303 0.13012152 -6.07293709
v 2.19392380 0.13012152 -5.90015021
v -1.91633194 0.13012152 -6.07293709
v -2.19464844 0.13012152 -5.90007476
v -1.70057078 0.13012152 -6.44713538
v -0.86938234 0.13012152 -7.78086668
v -4.3067085e-3 0.13012152 -8.89283829
v 0.86326737 0.13012152 -7.78063192
v 1.69823199 0.13012152 -6.44684937
v 1.68252361 1.61667700 4.95393814
v 1.27133643 1.61667700 5.55392807
v 0.68246337 1.61667700 5.91115043
v 1.7717377e-4 1.61667700 6.03074820
v -0.68210902 1.61667700 5.91115043
v -1.27098208 1.61667700 5.55392807
v -1.68216926 1.61667700 4.95393814
v -1.96145572 1.61667700 4.16033926
v -2.14964940 1.61667700 3.23667294
v -2.28270084 1.61667700 2.05243934
v 2.28305518 1.61667700 2.05243934
v 2.15000375 1.61667700 3.23667294
v 1.96181007 1.61667700 4.16033926
v 1.68252361 1.52060732 4.95393814
v 1.27133643 1.52060732 5.55392807
v 0.68246337 1.52060732 5.91115043
v 1.7717377e-4 1.52060732 6.03074820
v -0.68210902 1.52060732 5.91115043
v -1.27098208 1.52060732 5.55392807
v -1.68216926 1.52060732 4.95393814
v -1.96145572 1.52060732 4.16033926
v -2.14964940 1.52060732 3.23667294
v -2.28270084 1.52060732 2.05243934
v 2.28305518 1.52060732 2.05243934
v 2.15000375 1.52060732 3.23667294
v 1.96181007 1.52060732 4.16033926
v 1.71774999 0.13012152 -6.18667059
v -1.71946843 0.13012152 -6.18667059
v -1.60301620 0.13012152 -6.38863569
v -0.77598512 0.13012152 -7.71569604
v -4.1868003e-3 0.13012152 -8.70776865
v 0.76998006 0.13012152 -7.71530779
v 1.60082217 0.13012152 -6.38811059
v 1.71774999 -3.6655723e-3 -6.18667059
v -1.71946843 -3.6655723e-3 -6.18667059
v -1.60301620 -3.6655723e-3 -6.38863569
v -0.77598512 -3.6655723e-3 -7.71569604
v -4.1868003e-3 -3.6655723e-3 -8.70776865
v 0.76998006 -3.6655723e-3 -7.71530779
v 1.60082217 -3.6655723e-3 -6.38811059
v -2.26796455 -0.46126904 -4.65933241
v 2.26831890 -0.46126904 -4.65933241
v 2.26831890 -0.46126904 -1.01284743
v -2.26796455 -0.46126904 -1.01284743
v 2.26831890 -0.34492991 -1.01284743
v -2.26796455 -0.34492991 -1.01284743
v -2.26796455 -0.34492991 1.97819264
v 2.26831890 -0.34492991 1.97819264
v -2.26796455 -0.35742854 -4.52363985
v -2.26796455 -0.35742854 -1.15115226
v -2.36575647 -0.35742854 -1.15115226
v -2.36575647 -0.35742854 -1.91832024
v -2.36575647 -0.35742854 -2.94107919
v -2.36575647 -0.35742854 -3.96383814
v -2.36575647 -0.35742854 -4.52363985
v -2.26796455 -0.24108942 -0.90217895
v -2.26796455 -0.24108942 1.86752416
v -2.36575647 -0.24108942 1.86752416
v -2.36575647 -0.24108942 1.17509838
v -2.36575647 -0.24108942 0.48267261
v -2.36575647 -0.24108942 -0.20975317
v -2.36575647 -0.24108942 -0.90217895
v 2.26831890 -0.35742854 -1.15115226
v 2.26831890 -0.35742854 -4.52363985
v 2.36611082 -0.35742854 -4.52363985
v 2.36611082 -0.35742854 -3.96383814
v 2.36611082 -0.35742854 -2.94107919
v 2.36611082 -0.35742854 -1.91832024
v 2.36611082 -0.35742854 -1.15115226
v 2.26831890 -0.24108942 1.86752416
v 2.26831890 -0.24108942 -0.90217895
v 2.36611082 -0.24108942 -0.90217895
v 2.36611082 -0.24108942 -0.20975317
v 2.36611082 -0.24108942 0.48267261
v 2.36611082 -0.24108942 1.17509838
v 2.36611082 -0.24108942 1.86752416
v 1.63219109 0.30415559 -4.65933241
v 0.84543298 0.30415559 -4.65933241
v 0.99766008 0.30415559 -4.84028569
v 1.47967426 0.30415559 -4.86284095
v 0.99068017 -2.5881834e-2 -4.65933241
v 1.48688117 9.0995423e-2 -4.65933241
v 1.31900287 0.30944203 -4.85915009
v 1.15833148 0.30944203 -4.78902373
v 1.32148083 0.18039627 -4.65484266
v 1.15608050 0.11478097 -4.65484266
v 0.91465900 9.8305807e-2 -4.65933241
v 1.54047532 0.20446383 -4.65933241
v 0.88614720 0.30415559 -4.78443712
v 1.60229111 0.30415559 -4.76184909
v 1.39946885 0.30415559 -4.90107438
v 1.40430040 0.10993350 -4.65933241
v 1.21787457 0.32743291 -4.84244629
v 1.08485346 0.30415559 -4.85539855
v 1.23672302 0.10843237 -4.66669636
v 1.08534006 2.8315665e-2 -4.65933241
v 0.98729658 3.2959378e-2 -4.70148752
v 0.98967750 0.24424029 -4.82486380
v 1.48777535 0.25862497 -4.84188550
v 1.49023370 0.12116275 -4.70090847
v 1.32258799 0.19062534 -4.70521742
v 1.32174274 0.27746936 -4.83740600
v 1.15494229 0.14110766 -4.69903389
v 1.15571012 0.27158955 -4.78448398
v 1.40488866 0.26577094 -4.87073900
v 1.40653674 0.13545469 -4.70484686
v 0.89514002 0.26097364 -4.73871134
v 1.60213142 0.28165356 -4.71150039
v 1.22383944 0.28277113 -4.82927300
v 1.23026882 0.14310514 -4.70786011
v 1.08161780 7.3860425e-2 -4.70719011
v 1.08145181 0.25909702 -4.83626897
v 1.27889410 -6.3493836e-2 -4.99526283
v 0.85066586 4.39912302 2.98084514
v 0.83926553 4.39912302 3.00836799
v 0.81174268 4.39912302 3.01976833
v 0.78421983 4.39912302 3.00836799
v 0.77281949 4.39912302 2.98084514
v 0.78421983 4.39912302 2.95332229
v 0.81174268 4.39912302 2.94192196
v 0.83926553 4.39912302 2.95332229
v 0.85066586 3.38977264 2.98084514
v 0.83926553 3.38977264 3.00836799
v 0.81174268 3.38977264 3.01976833
v 0.78421983 3.38977264 3.00836799
v 0.77281949 3.38977264 2.98084514
v 0.78421983 3.38977264 2.95332229
v 0.81174268 3.38977264 2.94192196
v 0.83926553 3.38977264 2.95332229
v -0.80361498 4.67182392 2.42012881
v -0.82251011 4.67182392 2.46574569
v -0.86812698 4.67182392 2.48464081
v -0.91374385 4.67182392 2.46574569
v -0.93263898 4.67182392 2.42012881
v -0.91374385 4.67182392 2.37451194
v -0.86812698 4.67182392 2.35561681
v -0.82251011 4.67182392 2.37451194
v -0.80361498 3.35423033 2.42012881
v -0.82251011 3.35423033 2.46574569
v -0.86812698 3.35423033 2.48464081
v -0.91374385 3.35423033 2.46574569
v -0.93263898 3.35423033 2.42012881
v -0.91374385 3.35423033 2.37451194
v -0.86812698 3.35423033 2.35561681
v -0.82251011 3.35423033 2.37451194
vt -3.48297849 0.53371564
vt -3.48264797 0.54545249
vt -3.48239246 0.55720463
vt -3.48236131 0.59249449
vt -3.48228277 0.58075030
vt -3.48228146 0.56898153
vt -3.18462977 0.28146419
vt -3.18427439 0.26954125
vt -3.18387519 0.25761498
vt -3.18358616 0.24564415
vt -3.18341018 0.23365093
vt -3.18338631 0.22168434
vt -3.18336584 0.20975529
vt -3.12102909 -0.17609741
vt -3.11981115 -0.18849588
vt -3.11863485 -0.20090926
vt -3.11759216 -0.21334619
vt -3.11668351 -0.22578854
vt -3.11590803 -0.23822505
vt -3.11517208 -0.25066467
vt -3.11438250 -0.26311337
vt -3.11348264 -0.27556911
vt -3.11241791 -0.28800661
vt -3.11124808 -0.30041373
vt -3.09346906 -0.36431575
vt -3.09124590 -0.37658876
vt -3.08915041 -0.38891814
vt -3.08718517 -0.40126242
vt -3.08535461 -0.41360414
vt -3.08355846 -0.42594681
vt -3.08172419 -0.43826886
vt -3.07977464 -0.45058627
vt -3.07766367 -0.46286316
vt -3.07544711 -0.47510412
vt -3.07317932 -0.48735417
vt -1.11815723 0.49184417
vt -1.09604247 0.42041152
vt -1.05744447 0.37379228
vt -1.01329585 0.32791256
vt -0.95773218 0.28313495
vt -0.92925902 0.80964498
vt -0.90800762 0.72688990
vt -0.89172312 0.48361531
vt -0.88499430 0.23922885
vt -0.88492818 0.64715318
vt -0.87384185 0.43047595
vt -0.85883635 0.57274484
vt -0.85166126 0.37864947
vt -0.84592223 0.58963147
vt -0.82966207 0.50579445
vt -0.82085497 0.32904311
vt -0.81019632 0.84362657
vt -0.80356002 0.60594691
vt -0.79717825 0.44673101
vt -0.78833318 0.19441344
vt -0.78491745 0.76365097
vt -0.77676491 0.28177830
vt -0.76037879 0.39295029
vt -0.75917125 0.68964899
vt -0.73251893 0.62333675
vt -0.71603734 0.34063295
vt -0.71473758 0.23679842
vt -0.70393733 0.56495303
vt -0.69105658 0.87780234
vt -0.68911591 0.48464513
vt -0.68764616 0.42679866
vt -0.68715885 0.54412258
vt -0.68356528 0.25467509
vt -0.68356528 0.74532491
vt -0.68356528 9.3501826e-3
vt -0.68356528 0.50000000
vt -0.68356528 0.99064982
vt -0.67908939 0.37192017
vt -0.67323154 0.51412538
vt -0.66745927 0.79786457
vt -0.66532173 0.15277748
vt -0.66014801 0.32039540
vt -0.65820911 0.28743361
vt -0.64330542 0.72614227
vt -0.63931427 0.46611770
vt -0.63464458 9.3501826e-3
vt -0.62717942 0.27163843
vt -0.62572613 0.19964562
vt -0.61596878 0.66391366
vt -0.60342837 0.41934355
vt -0.58640667 0.23601440
vt -0.58374968 0.61035645
vt -0.57570579 0.22820900
vt -0.56553261 0.91152970
vt -0.55714163 0.36991950
vt -0.54801494 0.83019682
vt -0.54124231 0.56344442
vt -0.53691252 0.67961828
vt -0.52595668 0.75783028
vt -0.52541258 0.40910978
vt -0.52412770 0.35092306
vt -0.51722244 0.47035095
vt -0.51233177 0.11743298
vt -0.51038089 0.29375346
vt -0.50183563 0.53601465
vt -0.50134585 0.17799209
vt -0.49812131 0.23667758
vt -0.49724208 0.51733319
vt -0.49476437 0.69542411
vt -0.48984619 0.31562858
vt -0.48301988 0.60381843
vt -0.47170912 0.17114503
vt -0.46521976 0.46916260
vt -0.44733690 0.64390238
vt -0.43692013 0.73638736
vt -0.43235140 0.77146789
vt -0.42934575 0.41939634
vt -0.42187267 0.94227531
vt -0.41012511 0.86026761
vt -0.40279414 0.25585174
vt -0.39092572 0.78542116
vt -0.37602045 0.99345666
vt -0.37598830 6.5436061e-3
vt -0.37395612 0.59905551
vt -0.37274778 0.36487845
vt -0.37180418 0.57134715
vt -0.37014842 0.57859058
vt -0.36870084 0.58591867
vt -0.36857665 0.57898673
vt -0.36450377 0.37547575
vt -0.36295176 0.30952446
vt -0.35654563 0.72052522
vt -0.35562825 0.24187376
vt -0.35475396 0.43959956
vt -0.34794453 0.17155436
vt -0.34689913 0.11936826
vt -0.33605844 0.50568947
vt -0.32773830 0.99345650
vt -0.32772190 0.50000347
vt -0.32770579 6.5434458e-3
vt -0.32181456 8.9783789e-2
vt -0.31129935 0.57701614
vt -0.30749662 0.55395056
vt -0.30058735 0.19927572
vt -0.29928462 0.30852460
vt -0.29592108 0.66651717
vt -0.27884722 0.49967786
vt -0.27862572 0.68927782
vt -0.26810124 0.70055168
vt -0.26226860 0.96723785
vt -0.26145734 0.77954603
vt -0.26044944 3.5057649e-2
vt -0.25879623 0.44323957
vt -0.25853962 0.56670070
vt -0.25717124 0.58723445
vt -0.25455339 0.77494351
vt -0.25327687 0.88553313
vt -0.24913263 0.88122000
vt -0.24912385 0.61224130
vt -0.24739084 0.58464380
vt -0.24737023 0.40901931
vt -0.24717037 0.63637485
vt -0.23905411 0.80757396
vt -0.23612064 0.44204393
vt -0.23599840 0.79000462
vt -0.23488042 0.54574630
vt -0.23412694 6.2282882e-2
vt -0.23412694 0.79580541
vt -0.23401203 0.80861436
vt -0.23380370 0.77578324
vt -0.23254707 0.56244925
vt -0.21885242 0.24803557
vt -0.21831088 0.40900153
vt -0.21792789 0.80424031
vt -0.21495860 0.73439598
vt -0.21438309 0.38453244
vt -0.21283514 0.77309916
vt -0.20772065 0.82892944
vt -0.20591061 0.82971315
vt -0.20397412 -3.1685502e-2
vt -0.20321172 -2.2149976e-2
vt -0.20295668 7.7216630e-2
vt -0.20293479 -4.1180838e-2
vt -0.20124447 -1.2841641e-2
vt -0.20067516 -5.0472498e-2
vt -0.19986840 4.3343191e-2
vt -0.19878724 -3.6494193e-3
vt -0.19740979 3.4142805e-2
vt -0.19642967 0.62824475
vt -0.19609018 5.6832087e-3
vt -0.19558996 0.66727730
vt -0.19540239 2.4820863e-2
vt -0.19498778 1.5267888e-2
vt -0.19296314 0.42842626
vt -0.19028052 0.41104163
vt -0.18397900 0.32508684
vt -0.18244811 0.81340736
vt -0.18244811 0.81820036
vt -0.18242008 0.25279842
vt -0.18236433 0.58084958
vt -0.18229413 0.57517008
vt -0.18213336 0.58652826
vt -0.18188888 0.56950536
vt -0.18159388 0.59218612
vt -0.18131319 0.56382478
vt -0.18129342 0.54106485
vt -0.18098255 0.59783666
vt -0.18083568 0.55813791
vt -0.18082164 0.54674351
vt -0.18063135 0.55244034
vt -0.17734033 0.39535111
vt -0.17651067 0.15020388
vt -0.17300260 0.18000635
vt -0.17032707 0.68506655
vt -0.16200647 0.46156494
vt -0.16154006 0.67922756
vt -0.15996197 0.83450615
vt -0.15996197 0.83929916
vt -0.15654784 0.32378381
vt -0.14863720 1.7150504e-2
vt -0.14810237 0.63572077
vt -0.14712638 0.19922469
vt -0.14481628 0.29435140
vt -0.14480838 0.30849731
vt -0.14478686 0.31559404
vt -0.14477362 0.30142087
vt -0.14466893 0.32269771
vt -0.14451516 0.32978649
vt -0.14436146 0.33686336
vt -0.14424092 0.34394530
vt -0.14411311 0.35103402
vt -0.14404311 0.35812724
vt -0.14389056 0.36519785
vt -0.14018394 0.52715452
vt -0.13572154 0.11169629
vt -0.11387171 0.59464536
vt -0.11030199 0.71181521
vt -0.10679785 0.57157374
vt -0.10593948 0.60434312
vt -0.10443890 0.14353881
vt -0.10443890 0.85646119
vt -9.0293309e-2 0.26105861
vt -8.6773125e-2 0.76146541
vt -8.5401233e-2 0.66320672
vt -7.4526492e-2 0.76837333
vt -6.9378984e-2 0.68165107
vt -6.6956178e-2 0.54715721
vt -6.4534604e-2 0.57737458
vt -6.3328821e-2 0.68874161
vt -6.1867606e-2 0.93427015
vt -6.1415748e-2 0.92468135
vt -6.1241083e-2 0.94383039
vt -6.0102687e-2 0.91506349
vt -5.9942578e-2 0.85740800
vt -5.9935107e-2 0.95338439
vt -5.8420354e-2 0.90534138
vt -5.8273643e-2 0.86697948
vt -5.6995314e-2 0.89567889
vt -5.6907727e-2 0.87655332
vt -5.6457196e-2 0.88610678
vt -5.6294671e-2 0.78689717
vt -5.5549461e-2 0.64844376
vt -5.5534006e-2 0.69422771
vt -5.3638943e-2 0.78116412
vt -4.9964448e-2 0.51423292
vt -4.9905961e-2 5.2377229e-2
vt -4.9256405e-2 0.99319627
vt -4.4985933e-2 0.45099162
vt -4.1401415e-2 0.19397635
vt -4.1212321e-2 4.5870000e-2
vt -3.9318150e-2 0.91145889
vt -3.8096912e-2 1.38384056
vt -3.1794781e-2 1.37052464
vt -3.0458592e-2 0.61224890
vt -3.0457256e-2 0.88121415
vt -3.0304183e-2 0.12174647
vt -2.9722121e-2 0.82973441
vt -2.7464764e-2 0.77699512
vt -2.5743421e-2 0.76277013
vt -2.1106065e-2 0.74798583
vt -2.0329611e-2 0.58921983
vt -1.5916246e-2 0.38712995
vt -1.4453630e-2 0.66419147
vt -1.2848062e-2 0.21286177
vt -7.1035889e-3 0.22867062
vt -7.0994315e-3 0.19704697
vt -7.9280244e-4 0.51360775
vt -6.1550596e-4 4.8029988e-3
vt 1.7116990e-3 0.53248049
vt 3.3317666e-3 0.68173027
vt 6.1383447e-3 0.23900488
vt 6.1584001e-3 0.18671295
vt 8.7288690e-3 0.78269163
vt 1.4579563e-2 0.72355820
vt 1.5949503e-2 0.26619124
vt 1.6106620e-2 0.21402179
vt 1.7566019e-2 0.81094173
vt 1.7588402e-2 0.81665955
vt 1.7637097e-2 0.80516108
vt 1.7686367e-2 0.82237677
vt 1.7854820e-2 0.82814446
vt 1.7959378e-2 0.86269179
vt 1.8068767e-2 0.85688201
vt 1.8073183e-2 0.83397205
vt 1.8166533e-2 0.83974004
vt 1.8178887e-2 0.85111456
vt 1.8202489e-2 0.84543489
vt 1.9325433e-2 0.19465796
vt 2.1099628e-2 0.19798385
vt 2.1550189e-2 0.33932588
vt 2.2563112e-2 0.22952271
vt 2.2724333e-2 0.57415000
vt 2.2920561e-2 0.23843748
vt 2.2941229e-2 0.18729641
vt 2.3711553e-2 7.6148879e-2
vt 2.3711553e-2 1.4548731e-2
vt 2.4526188e-2 0.27509499
vt 2.8650202e-2 0.32065395
vt 2.9394636e-2 0.73357203
vt 2.9410481e-2 0.91004172
vt 3.0302960e-2 0.27053318
vt 3.2448200e-2 0.19171544
vt 3.2448200e-2 0.80828456
vt 3.2448200e-2 0.87584085
vt 3.2448200e-2 0.12415915
vt 3.3683014e-2 0.41062543
vt 3.3861899e-2 0.18702742
vt 3.6163597e-2 0.65741709
vt 3.6280439e-2 0.23924189
vt 3.6857180e-2 0.22903546
vt 3.6860785e-2 0.19670019
vt 3.9269508e-2 0.12899752
vt 3.9390950e-2 0.57764342
vt 4.1507860e-2 0.21286379
vt 4.3496002e-2 0.53997077
vt 4.3499012e-2 0.54560935
vt 4.3510185e-2 0.55127841
vt 4.3531065e-2 0.55693355
vt 4.3564151e-2 0.56257172
vt 4.3613472e-2 0.56820048
vt 4.3678545e-2 0.57388486
vt 4.3740832e-2 0.57961451
vt 4.3788060e-2 0.58534708
vt 4.3806382e-2 0.59101389
vt 4.3815129e-2 0.59665368
vt 4.4732048e-2 0.25016705
vt 4.5113859e-2 0.65022428
vt 4.5308999e-2 0.21144160
vt 4.5530157e-2 0.27646274
vt 4.8141986e-2 0.50001918
vt 4.8145889e-2 0.99344521
vt 4.8147193e-2 6.5468378e-3
vt 4.8506634e-2 0.87439812
vt 4.9184394e-2 0.22775495
vt 5.0008796e-2 0.47665218
vt 5.0687842e-2 0.18682172
vt 5.0696624e-2 0.19557002
vt 5.3052588e-2 0.23788294
vt 5.3591431e-2 0.85722236
vt 5.6126737e-2 6.4198929e-2
vt 5.6837532e-2 0.66592534
vt 5.9515018e-2 7.1410111e-2
vt 6.0086112e-2 7.6148064e-2
vt 6.0086112e-2 1.4549547e-2
vt 6.2661089e-2 0.23779980
vt 6.3437753e-2 0.49083988
vt 6.3510774e-2 0.41221267
vt 6.5037456e-2 0.19557675
vt 6.5050318e-2 0.18684370
vt 6.6534229e-2 0.22782797
vt 6.8191844e-2 0.62169366
vt 6.8519551e-2 0.61208292
vt 6.9070230e-2 0.63130439
vt 6.9227819e-2 1.19335136
vt 6.9475458e-2 0.56459316
vt 6.9575167e-2 0.53935511
vt 7.0000858e-2 0.60222480
vt 7.0417441e-2 0.21148460
vt 7.0877030e-2 0.87259069
vt 7.1045300e-2 0.64112860
vt 7.1984167e-2 0.59223927
vt 7.3348269e-2 0.65104420
vt 7.3793714e-2 0.68982886
vt 7.4240687e-2 0.21282635
vt 7.5155730e-2 0.66080456
vt 7.5377493e-2 0.68000490
vt 7.5842631e-2 2.2501851e-3
vt 7.5955782e-2 0.67039043
vt 7.6681367e-2 0.25264125
vt 7.8879070e-2 0.19667068
vt 7.8882621e-2 0.22900039
vt 7.9432288e-2 0.23916877
vt 8.1875821e-2 0.18706182
vt 8.3042124e-2 0.72300000
vt 8.3042124e-2 0.27700000
vt 8.3065346e-2 0.43573545
vt 8.3226591e-2 7.2510558e-2
vt 8.5376517e-2 0.50363882
vt 8.6270428e-2 1.19672200
vt 8.6946622e-2 0.63824932
vt 8.7975046e-2 0.31451500
vt 9.1224679e-2 0.60030668
vt 9.1618485e-2 0.49755778
vt 9.1720934e-2 0.36834636
vt 9.2772733e-2 0.18728397
vt 9.2793099e-2 0.23841645
vt 9.3154093e-2 0.22947983
vt 9.4430609e-2 0.31532890
vt 9.4481290e-2 0.31042488
vt 9.4632716e-2 0.19800575
vt 9.4699208e-2 0.32021194
vt 9.4716231e-2 0.30553550
vt 9.5010861e-2 0.35435938
vt 9.5162332e-2 0.32508740
vt 9.5472489e-2 0.34949082
vt 9.5631534e-2 0.47552196
vt 9.5759309e-2 0.32994231
vt 9.5855016e-2 0.34461756
vt 9.5989834e-2 0.33481809
vt 9.6038885e-2 0.33971213
vt 9.6458641e-2 7.6147758e-2
vt 9.6458641e-2 1.4549853e-2
vt 9.8594099e-2 0.57028343
vt 9.9618056e-2 0.21401512
vt 9.9755475e-2 0.72300000
vt 9.9755475e-2 0.27700000
vt 0.10357145 0.93771712
vt 0.10855985 0.66683836
vt 0.10952430 0.18671945
vt 0.10954411 0.23900261
vt 0.11111727 0.30323114
vt 0.11131989 0.43441913
vt 0.11426131 0.66021059
vt 0.11426559 0.41390197
vt 0.11540602 0.67893262
vt 0.11603780 0.61225109
vt 0.11604003 0.88121290
vt 0.11646883 0.72300000
vt 0.11646883 0.27700000
vt 0.11656173 0.68830176
vt 0.11775792 0.68443314
vt 0.11776011 0.18099637
vt 0.11928942 0.50394968
vt 0.12045719 0.21525626
vt 0.12237297 0.63392912
vt 0.12275733 0.19706663
vt 0.12276141 0.22868482
vt 0.12337253 0.93358032
vt 0.12373116 0.92406091
vt 0.12394056 0.94309224
vt 0.12454447 0.85580434
vt 0.12468975 0.91440219
vt 0.12510205 0.95274033
vt 0.12510943 0.29587396
vt 0.12510943 9.5436357e-2
vt 0.12550412 0.35825634
vt 0.12589620 0.61247530
vt 0.12599536 0.86557427
vt 0.12600867 0.90457700
vt 0.12713349 0.89474153
vt 0.12715360 0.87533195
vt 0.12751678 0.88502424
vt 0.12849514 0.21288506
vt 0.12962794 0.33938319
vt 0.12991631 0.73097142
vt 0.13271634 0.36203467
vt 0.13283315 7.6148085e-2
vt 0.13283315 1.4549525e-2
vt 0.13315518 2.5016844e-2
vt 0.13318218 0.72300000
vt 0.13318218 0.27700000
vt 0.13440457 0.10460093
vt 0.13452745 0.40627320
vt 0.13626296 3.2211044e-2
vt 0.14384480 0.21123266
vt 0.14788320 0.77191327
vt 0.14989553 0.72300000
vt 0.14989553 0.27700000
vt 0.15197069 0.67932782
vt 0.15320328 0.31193051
vt 0.15334677 0.42529411
vt 0.15390049 0.42751645
vt 0.15390049 0.50502155
vt 0.15406430 9.1640245e-2
vt 0.15406430 0.90835976
vt 0.15444178 0.56407306
vt 0.15444178 0.55816347
vt 0.15444178 0.58180180
vt 0.15444178 0.56998264
vt 0.15444178 0.57589222
vt 0.15524596 0.29444325
vt 0.15524596 0.63891346
vt 0.15609223 0.69291404
vt 0.15669245 0.39889673
vt 0.16412336 0.71815721
vt 0.16435639 0.43954752
vt 0.16622024 0.49430830
vt 0.16660888 0.72300000
vt 0.16660888 0.27700000
vt 0.16748378 0.65566738
vt 0.16748378 0.67518726
vt 0.16764664 0.65446886
vt 0.16920742 7.6147932e-2
vt 0.16920742 1.4549678e-2
vt 0.16955802 3.8416865e-2
vt 0.17024438 0.81063047
vt 0.17049227 0.29587396
vt 0.17049227 9.5436357e-2
vt 0.17114208 0.52814589
vt 0.17133671 0.38520148
vt 0.17208907 0.55122566
vt 0.17431159 0.55816347
vt 0.17431159 0.58180180
vt 0.17568799 0.52532492
vt 0.17687958 0.54805395
vt 0.17846963 0.55897094
vt 0.17924107 0.53327870
vt 0.18047324 0.75541429
vt 0.18332223 0.72300000
vt 0.18332223 0.27700000
vt 0.18507317 0.42838143
vt 0.18625419 0.87240560
vt 0.18679368 0.19505083
vt 0.18694129 0.18457656
vt 0.18697892 0.33268921
vt 0.18704865 0.17411258
vt 0.18724556 0.16364587
vt 0.18744314 0.20553458
vt 0.18751305 0.15318213
vt 0.18788047 0.14273753
vt 0.18789497 0.21601303
vt 0.18822953 0.22647734
vt 0.18837577 0.23692076
vt 0.18849443 0.24735640
vt 0.18962736 0.50701805
vt 0.19180565 0.44241532
vt 0.19351974 3.8714893e-2
vt 0.19386834 0.54893885
vt 0.19450209 3.1641328e-2
vt 0.19554697 2.4581358e-2
vt 0.19605609 0.59938113
vt 0.19650987 0.21393747
vt 0.19665023 1.7515554e-2
vt 0.19672847 0.84665320
vt 0.19768937 1.0437154e-2
vt 0.19802937 0.14353881
vt 0.19802937 0.85646119
vt 0.19876270 3.3787143e-3
vt 0.19887144 0.74569801
vt 0.19964948 0.60643759
vt 0.19983616 -3.6639774e-3
vt 0.20003558 0.72300000
vt 0.20003558 0.27700000
vt 0.20082190 0.79064695
vt 0.20087722 -1.0716486e-2
vt 0.20182262 -1.7799764e-2
vt 0.20271310 -2.4903440e-2
vt 0.20368350 -3.1986573e-2
vt 0.20400000 5.3787949e-3
vt 0.20400000 2.0987847e-2
vt 0.20558141 7.6147534e-2
vt 0.20558141 1.4550076e-2
vt 0.21262826 0.37465273
vt 0.21587510 0.29587396
vt 0.21587510 9.5436357e-2
vt 0.21674894 0.72300000
vt 0.21674894 0.27700000
vt 0.21999481 0.13196189
vt 0.21999481 0.27597526
vt 0.21999481 0.13196189
vt 0.21999481 0.27597526
vt 0.22198783 0.70344319
vt 0.22324904 0.64694961
vt 0.22492243 0.82342763
vt 0.22530480 0.20781485
vt 0.22534655 0.56458723
vt 0.22701410 0.87954431
vt 0.22721730 0.14042509
vt 0.22907373 0.27597526
vt 0.22907373 0.13196189
vt 0.22907373 0.27597526
vt 0.22907373 0.13196189
vt 0.23003129 0.40883894
vt 0.23347521 0.46139062
vt 0.23354283 0.27940497
vt 0.23705992 0.68448875
vt 0.23715233 0.66643631
vt 0.23796488 0.18824936
vt 0.23815266 0.13196189
vt 0.23815266 0.27597526
vt 0.23815266 0.13196189
vt 0.23815266 0.27597526
vt 0.23976165 0.81583198
vt 0.24149392 0.47626357
vt 0.24155606 0.81575498
vt 0.24173442 0.81008903
vt 0.24181424 0.82141206
vt 0.24195439 7.6147459e-2
vt 0.24195439 1.4550151e-2
vt 0.24222944 0.80443961
vt 0.24242108 0.82703864
vt 0.24254818 0.86110044
vt 0.24318964 0.83268052
vt 0.24322216 0.47472279
vt 0.24325694 0.85546653
vt 0.24350911 0.30523250
vt 0.24370667 7.9531729e-2
vt 0.24378499 0.83834573
vt 0.24384276 0.84979983
vt 0.24399166 0.84408299
vt 0.24579022 0.62480200
vt 0.24723158 0.13196189
vt 0.24723158 0.27597526
vt 0.24723158 0.13196189
vt 0.24723158 0.27597526
vt 0.24753162 0.55001685
vt 0.24766273 0.35196932
vt 0.24959358 0.79090280
vt 0.25208119 0.55077324
vt 0.25248235 0.85335854
vt 0.25380690 2.2523670e-2
vt 0.25474429 0.75110017
vt 0.25631050 0.13196189
vt 0.25631050 0.27597526
vt 0.25631050 0.13196189
vt 0.25631050 0.27597526
vt 0.25725945 9.1957227e-3
vt 0.25759202 1.5778604e-3
vt 0.25761115 1.6796887e-2
vt 0.25774840 0.68951733
vt 0.25866103 -5.9847716e-3
vt 0.25883564 2.4290824e-2
vt 0.25923304 0.49644951
vt 0.25923304 0.60509698
vt 0.25985082 0.64407058
vt 0.25992727 -1.3673372e-2
vt 0.25993188 -4.4699215e-2
vt 0.26034099 3.1833713e-2
vt 0.26073374 0.90890465
vt 0.26087173 -3.7067530e-2
vt 0.26091690 -2.1427155e-2
vt 0.26125793 9.5436357e-2
vt 0.26125793 0.29587396
vt 0.26127225 -2.9245992e-2
vt 0.26386243 3.8846727e-2
vt 0.26387382 0.42237836
vt 0.26485079 0.84679973
vt 0.26485079 0.15320027
vt 0.26538943 0.13196189
vt 0.26538943 0.27597526
vt 0.26538943 0.13196189
vt 0.26538943 0.27597526
vt 0.26733229 0.83693077
vt 0.27109422 0.91380778
vt 0.27446835 0.13196189
vt 0.27446835 0.27597526
vt 0.27446835 0.13196189
vt 0.27446835 0.27597526
vt 0.27446835 0.13196189
vt 0.27446835 0.27597526
vt 0.27693656 0.70817464
vt 0.27748491 0.23364758
vt 0.27800000 2.0987847e-2
vt 0.27800000 5.3787949e-3
vt 0.27808264 0.48717288
vt 0.27832903 7.6147955e-2
vt 0.27832903 1.4549655e-2
vt 0.28020122 0.65571864
vt 0.28020122 0.44582785
vt 0.28316723 0.88007645
vt 0.28354727 0.13196189
vt 0.28354727 0.27597526
vt 0.28354727 0.13196189
vt 0.28354727 0.27597526
vt 0.29070109 0.55077324
vt 0.29071771 0.54751622
vt 0.29262620 0.13196189
vt 0.29262620 0.27597526
vt 0.29262620 0.13196189
vt 0.29262620 0.27597526
vt 0.29653700 0.50644508
vt 0.29653700 0.59510141
vt 0.29678436 0.69343809
vt 0.29747820 0.93437795
vt 0.29865336 0.72597280
vt 0.29962980 0.67603438
vt 0.30221150 0.60335068
vt 0.30452083 0.16134428
vt 0.30664077 9.5436357e-2
vt 0.30664077 0.29587396
vt 0.30693425 0.82734806
vt 0.31314274 0.65714540
vt 0.31355677 0.69918844
vt 0.31355677 0.40235805
vt 0.31364704 0.63640869
vt 0.31364704 0.46513780
vt 0.31383282 0.70555675
vt 0.31390360 0.29336715
vt 0.31397019 0.28627615
vt 0.31397591 0.30044986
vt 0.31410310 0.30754482
vt 0.31432828 0.31463548
vt 0.31458933 0.32171434
vt 0.31461561 0.53851024
vt 0.31470392 1.4550149e-2
vt 0.31470392 7.6147461e-2
vt 0.31485013 0.32878127
vt 0.31507740 0.33585023
vt 0.31531096 0.34293713
vt 0.31548844 0.35003662
vt 0.31553191 0.35712871
vt 0.31646798 1.1882794e-2
vt 0.31660469 0.90325715
vt 0.31665316 8.7179638e-2
vt 0.31962669 0.67673274
vt 0.32002825 0.57248355
vt 0.32119194 0.60969869
vt 0.33131995 0.59075003
vt 0.33237172 0.57798973
vt 0.33249643 0.57226878
vt 0.33261732 0.58371051
vt 0.33303789 0.56657879
vt 0.33322908 0.58937002
vt 0.33363993 0.53834336
vt 0.33373171 0.56094706
vt 0.33395561 0.59500007
vt 0.33413429 0.40334260
vt 0.33424246 0.54397876
vt 0.33429591 0.55530216
vt 0.33446835 0.61260169
vt 0.33446835 0.46441880
vt 0.33452328 0.54964579
vt 0.33680159 0.95565507
vt 0.34086517 0.67188005
vt 0.34086517 0.42966644
vt 0.34489583 0.75536414
vt 0.34985986 -0.74932674
vt 0.34987458 0.47844563
vt 0.34989436 0.68399391
vt 0.34989436 0.26205576
vt 0.35107623 1.4549830e-2
vt 0.35107623 7.6147780e-2
vt 0.35200000 5.3787949e-3
vt 0.35200000 2.0987847e-2
vt 0.35202360 9.5436357e-2
vt 0.35202360 0.29587396
vt 0.35238897 0.92261933
vt 0.35244592 0.55181537
vt 0.35357739 0.43321411
vt 0.35495042 0.57068810
vt 0.35537763 0.51136784
vt 0.35597685 0.68352548
vt 0.35661173 0.43474788
vt 0.35702153 0.42157047
vt 0.35702658 0.36900249
vt 0.35702658 0.73254400
vt 0.35935441 0.11461201
vt 0.35997833 0.68399391
vt 0.35997833 0.26205576
vt 0.36532925 0.66549409
vt 0.36598432 3.8867227e-2
vt 0.36662207 -0.74974165
vt 0.36732812 0.94790872
vt 0.36939622 0.85408216
vt 0.37006229 0.68399391
vt 0.37006229 0.26205576
vt 0.37155794 0.25723861
vt 0.37155794 0.25723861
vt 0.37155794 0.33324887
vt 0.37155794 0.33324887
vt 0.37155794 0.33324887
vt 0.37155794 0.25723861
vt 0.37155794 0.33324887
vt 0.37633653 0.69909818
vt 0.37633653 0.40244831
vt 0.37745924 0.25723861
vt 0.37745924 0.25723861
vt 0.37745924 0.33324887
vt 0.37745924 0.33324887
vt 0.37745924 0.25723861
vt 0.37745924 0.25723861
vt 0.37745924 0.33324887
vt 0.37745924 0.33324887
vt 0.37745924 0.25723861
vt 0.37745924 0.33324887
vt 0.37822669 0.97247781
vt 0.37923981 0.51304744
vt 0.38014626 0.68399391
vt 0.38014626 0.26205576
vt 0.38336054 0.25723861
vt 0.38336054 0.25723861
vt 0.38336054 0.33324887
vt 0.38336054 0.33324887
vt 0.38336054 0.25723861
vt 0.38336054 0.25723861
vt 0.38336054 0.33324887
vt 0.38343210 -0.75012517
vt 0.38489940 0.50161255
vt 0.38492337 0.48984165
vt 0.38492874 0.51340701
vt 0.38502174 0.52522117
vt 0.38515898 0.50161380
vt 0.38519332 0.53701772
vt 0.38534233 0.51340511
vt 0.38545836 0.54878802
vt 0.38546378 0.52521801
vt 0.38550764 0.53702306
vt 0.38745083 7.6148580e-2
vt 0.38745083 1.4549030e-2
vt 0.38817919 0.40384888
vt 0.38870706 0.66684040
vt 0.38870706 0.41018009
vt 0.38926184 0.25723861
vt 0.38926184 0.25723861
vt 0.38926184 0.25723861
vt 0.38926184 0.33324887
vt 0.38926184 0.33324887
vt 0.38926184 0.33324887
vt 0.39008581 0.93792803
vt 0.39023023 0.68399391
vt 0.39023023 0.26205576
vt 0.39256133 0.95226055
vt 0.39516314 0.25723861
vt 0.39516314 0.25723861
vt 0.39516314 0.33324887
vt 0.39516314 0.33324887
vt 0.39516314 0.33324887
vt 0.39516314 0.25723861
vt 0.39516314 0.33324887
vt 0.39526839 0.77692390
vt 0.39740643 9.5436357e-2
vt 0.39740643 0.29587396
vt 0.40026105 -0.75049596
vt 0.40031420 0.68399391
vt 0.40031420 0.26205576
vt 0.40106444 0.33324887
vt 0.40106444 0.33324887
vt 0.40106444 0.25723861
vt 0.40106444 0.25723861
vt 0.40106444 0.33324887
vt 0.40106444 0.33324887
vt 0.40106444 0.25723861
vt 0.40106444 0.25723861
vt 0.40106444 0.25723861
vt 0.40106444 0.33324887
vt 0.40279915 0.83929916
vt 0.40279915 0.83450615
vt 0.40334260 0.40334260
vt 0.40334260 0.66586571
vt 0.40435263 0.57842953
vt 0.40583326 0.42157047
vt 0.40696574 0.25723861
vt 0.40696574 0.25723861
vt 0.40696574 0.33324887
vt 0.40696574 0.33324887
vt 0.40696574 0.25723861
vt 0.40696574 0.25723861
vt 0.40696574 0.33324887
vt 0.40696574 0.33324887
vt 0.40764824 0.75351218
vt 0.40764824 0.34803431
vt 0.40934501 0.95155844
vt 0.41039816 0.68399391
vt 0.41039816 0.26205576
vt 0.41286704 0.25723861
vt 0.41286704 0.25723861
vt 0.41286704 0.25723861
vt 0.41286704 0.25723861
vt 0.41286704 0.33324887
vt 0.41286704 0.33324887
vt 0.41286704 0.33324887
vt 0.41286704 0.25723861
vt 0.41705626 -0.75087128
vt 0.41764381 0.71620821
vt 0.41764381 0.38533828
vt 0.41869222 0.50692127
vt 0.41876834 0.25723861
vt 0.41876834 0.25723861
vt 0.41876834 0.33324887
vt 0.41876834 0.33324887
vt 0.41876834 0.33324887
vt 0.41876834 0.33324887
vt 0.41876834 0.25723861
vt 0.41876834 0.25723861
vt 0.41876834 0.25723861
vt 0.41876834 0.33324887
vt 0.42048213 0.68399391
vt 0.42048213 0.26205576
vt 0.42111380 0.53713865
vt 0.42117368 0.53463156
vt 0.42122458 0.54186891
vt 0.42125083 0.98464204
vt 0.42127233 0.54912858
vt 0.42131255 0.55638032
vt 0.42134727 0.56361009
vt 0.42137764 0.57083714
vt 0.42140845 0.57806928
vt 0.42144372 0.58531370
vt 0.42148418 0.59254531
vt 0.42153132 0.59975954
vt 0.42158114 0.60698117
vt 0.42370708 8.3190851e-2
vt 0.42382509 1.4549432e-2
vt 0.42382509 7.6148178e-2
vt 0.42447134 0.51675025
vt 0.42528528 0.81820036
vt 0.42528528 0.81340736
vt 0.42549431 0.15091742
vt 0.42550632 1.6401096e-2
vt 0.42600000 5.3787949e-3
vt 0.42600000 2.0987847e-2
vt 0.42616124 0.95103334
vt 0.42923777 0.94899747
vt 0.43056610 0.68399391
vt 0.43056610 0.26205576
vt 0.43195156 0.48768176
vt 0.43210476 0.61225260
vt 0.43210484 0.88121024
vt 0.43341072 0.40755169
vt 0.43381455 -0.75126626
vt 0.43534853 0.87040704
vt 0.43719546 1.9299658e-2
vt 0.43720302 2.4889535e-2
vt 0.43725543 0.67301632
vt 0.43738282 1.3723508e-2
vt 0.43753886 3.0470253e-2
vt 0.43772423 6.9385737e-2
vt 0.43805575 3.6022093e-2
vt 0.43821200 6.3838913e-2
vt 0.43842822 0.54645725
vt 0.43863804 5.8286348e-2
vt 0.43868686 4.1563392e-2
vt 0.43887695 5.2707493e-2
vt 0.43888292 4.7124020e-2
vt 0.43889460 0.42306774
vt 0.44089881 0.22091999
vt 0.44245409 0.31059012
vt 0.44275775 0.30465004
vt 0.44278927 9.5436357e-2
vt 0.44278927 0.29587396
vt 0.44285532 0.31651062
vt 0.44299094 0.95069134
vt 0.44349262 0.29886296
vt 0.44369331 0.32234450
vt 0.44382640 0.35682267
vt 0.44469591 0.32817935
vt 0.44481821 0.35109618
vt 0.44559107 0.33387198
vt 0.44561450 0.34542620
vt 0.44588372 0.33966849
vt 0.44845573 0.79008912
vt 0.44846628 0.61977412
vt 0.44872830 0.61005044
vt 0.44896604 0.62950452
vt 0.44978939 0.60024635
vt 0.44993540 0.84216966
vt 0.45018970 0.83008568
vt 0.45021013 0.63930409
vt 0.45057499 -0.75169681
vt 0.45111941 0.59043279
vt 0.45163035 0.64909332
vt 0.45164116 0.68749089
vt 0.45269766 0.67781161
vt 0.45271040 0.65874141
vt 0.45316295 0.66826977
vt 0.45518259 0.35393010
vt 0.45677058 0.65168426
vt 0.45907314 0.48738502
vt 0.45980344 0.95053728
vt 0.46008508 0.96494235
vt 0.46019860 7.6147934e-2
vt 0.46019860 1.4549676e-2
vt 0.46034497 3.8846825e-2
vt 0.46162645 0.65384064
vt 0.46197197 0.76066403
vt 0.46197197 0.72204413
vt 0.46197197 0.34088246
vt 0.46197197 0.34088246
vt 0.46197197 0.37950236
vt 0.46197197 0.37950236
vt 0.46227014 0.65885746
vt 0.46244581 0.59729646
vt 0.46254149 0.66391923
vt 0.46277595 0.44215349
vt 0.46279850 0.68669314
vt 0.46279850 0.39032735
vt 0.46281547 0.66898609
vt 0.46300166 0.67402545
vt 0.46320262 0.29197876
vt 0.46535188 0.99200012
vt 0.46538300 0.63684032
vt 0.46737504 -0.75215457
vt 0.46806863 0.57842953
vt 0.46936973 0.95569333
vt 0.47529604 0.99519700
vt 0.47538422 0.91751131
vt 0.47548384 0.87975835
vt 0.47554198 0.86235663
vt 0.47568738 0.28184595
vt 0.47613508 0.68196757
vt 0.47659668 0.95044599
vt 0.47932705 0.82971315
vt 0.48285356 0.69132739
vt 0.48418917 -0.75263001
vt 0.48729413 0.36291323
vt 0.48817210 9.5436357e-2
vt 0.48817210 0.29587396
vt 0.49229836 0.60614907
vt 0.49339149 0.95029241
vt 0.49437268 0.20973157
vt 0.49502616 0.65863818
vt 0.49504273 0.65356139
vt 0.49506632 0.64849081
vt 0.49508861 0.66368757
vt 0.49546831 0.64343317
vt 0.49657211 1.4549432e-2
vt 0.49657211 7.6148178e-2
vt 0.49927894 4.5913710e-3
vt 0.49999975 6.5481279e-3
vt 0.49999977 0.99344045
vt 0.49999978 0.50002200
vt 0.50000000 0.70555675
vt 0.50000000 0.93771712
vt 0.50000000 8.9958280e-2
vt 0.50000000 2.0987847e-2
vt 0.50000000 5.3787949e-3
vt 0.50085764 0.93152720
vt 0.50097464 -0.75310054
vt 0.50150535 0.94113523
vt 0.50158876 0.92192856
vt 0.50306909 0.79451606
vt 0.50306909 0.87589644
vt 0.50316236 0.91212239
vt 0.50319146 0.95098364
vt 0.50355119 0.85327390
vt 0.50452788 7.1236887e-2
vt 0.50521002 0.90219344
vt 0.50564690 0.86328406
vt 0.50619875 0.13900406
vt 0.50630014 0.71620821
vt 0.50630014 0.38533828
vt 0.50689770 0.80861436
vt 0.50693326 0.89238269
vt 0.50704462 0.43109419
vt 0.50718128 0.87313719
vt 0.50718632 0.56631608
vt 0.50756478 0.88274595
vt 0.50779434 0.54922903
vt 0.50999468 0.95793434
vt 0.50999468 0.99446278
vt 0.51020735 0.94999403
vt 0.51373279 0.55420576
vt 0.51419026 0.53378791
vt 0.51419026 0.56467015
vt 0.51629571 0.75351218
vt 0.51629571 0.34803431
vt 0.51724124 0.49523350
vt 0.51772980 -0.75354553
vt 0.52076490 0.66138830
vt 0.52181056 0.23585194
vt 0.52702028 0.94946875
vt 0.52712124 0.27619057
vt 0.52712124 0.19551331
vt 0.52849918 0.60258911
vt 0.52849918 1.29548002
vt 0.52963138 0.57106608
vt 0.52963138 0.52739198
vt 0.53113164 0.79646142
vt 0.53193137 0.57842953
vt 0.53242329 0.80282135
vt 0.53249472 0.80847320
vt 0.53255815 0.81413618
vt 0.53259074 0.81979751
vt 0.53261807 0.82542794
vt 0.53262604 0.83674169
vt 0.53262967 0.83106646
vt 0.53263421 0.84247758
vt 0.53266031 0.84820556
vt 0.53269197 0.85388173
vt 0.53273717 0.85950820
vt 0.53294638 7.6148580e-2
vt 0.53294638 1.4549030e-2
vt 0.53688995 0.41018009
vt 0.53688995 0.66684040
vt 0.53833135 0.23585194
vt 0.53874965 0.81859495
vt 0.53960459 0.96487082
vt 0.53981488 3.8947307e-2
vt 0.54269137 0.15792368
vt 0.54269137 0.31378019
vt 0.54279776 0.82429449
vt 0.54307910 0.27191467
vt 0.54307910 0.19978920
vt 0.54342187 0.60258911
vt 0.54342187 1.29548002
vt 0.54381015 0.94879161
vt 0.54507251 0.53378791
vt 0.54507251 0.56467015
vt 0.54523476 1.29548002
vt 0.54523476 0.60258911
vt 0.54582211 0.79273713
vt 0.54760741 0.69909818
vt 0.54760741 0.40244831
vt 0.55061962 0.95569333
vt 0.55146843 0.54922903
vt 0.55311606 0.59614056
vt 0.55463748 0.99200012
vt 0.55699880 0.30551979
vt 0.55699880 0.16618408
vt 0.55768245 0.79008912
vt 0.55809200 0.57114049
vt 0.55813655 0.57682790
vt 0.55814316 0.56537220
vt 0.55818754 0.84707551
vt 0.55823795 0.58251284
vt 0.55824498 0.53656167
vt 0.55827989 0.55954147
vt 0.55834456 0.60258911
vt 0.55834456 1.29548002
vt 0.55838754 0.54234108
vt 0.55840363 0.55376517
vt 0.55840848 0.58827780
vt 0.55844842 0.54805657
vt 0.55857628 0.59408710
vt 0.55888999 0.67900792
vt 0.55964422 0.67172029
vt 0.55986789 0.68628726
vt 0.56015745 0.60258911
vt 0.56015745 1.29548002
vt 0.56058619 0.94803782
vt 0.56162881 0.66474986
vt 0.56197034 0.60258911
vt 0.56197034 1.29548002
vt 0.56204734 0.69324761
vt 0.56371152 0.13857397
vt 0.56371152 0.36169307
vt 0.56395048 0.73566038
vt 0.56461111 0.70012786
vt 0.56595763 0.72870534
vt 0.56691737 0.73254400
vt 0.56691737 0.36900249
vt 0.56724477 0.70720598
vt 0.56745988 0.34605913
vt 0.56745988 0.12564475
vt 0.56782200 0.72173308
vt 0.56789472 0.88121025
vt 0.56789480 0.61225261
vt 0.56829110 0.71450763
vt 0.56932097 1.4549830e-2
vt 0.56932097 7.6147780e-2
vt 0.57078966 0.87040704
vt 0.57326725 0.60258911
vt 0.57326725 1.29548002
vt 0.57400000 5.3787949e-3
vt 0.57400000 2.0987847e-2
vt 0.57508014 0.60258911
vt 0.57508014 1.29548002
vt 0.57689303 0.60258911
vt 0.57689303 1.29548002
vt 0.57914184 0.33437717
vt 0.57914184 0.13732671
vt 0.58042487 0.36169307
vt 0.58042487 0.13857397
vt 0.58307878 0.67188005
vt 0.58307878 0.42966644
vt 0.58462199 0.53430003
vt 0.58610475 0.47686192
vt 0.58643787 0.48414575
vt 0.58670469 0.52184660
vt 0.58777252 0.46974355
vt 0.58810054 0.49146596
vt 0.58814512 0.52747274
vt 0.58818993 0.60258911
vt 0.58818993 1.29548002
vt 0.58903804 0.53854955
vt 0.59000282 0.60258911
vt 0.59000282 1.29548002
vt 0.59041958 0.49879159
vt 0.59072303 0.46280830
vt 0.59075158 0.94899747
vt 0.59112866 0.46441880
vt 0.59112866 0.61260169
vt 0.59114443 0.52055845
vt 0.59181572 0.60258911
vt 0.59181572 1.29548002
vt 0.59226803 0.50612844
vt 0.59251516 0.51341531
vt 0.59262293 0.66930029
vt 0.59338514 0.67859611
vt 0.59416674 0.42157047
vt 0.59428911 0.67196740
vt 0.59487879 0.68520942
vt 0.59564737 0.57842953
vt 0.59665740 0.40334260
vt 0.59665740 0.66586571
vt 0.59686756 0.66569351
vt 0.59713822 0.36169307
vt 0.59713822 0.13857397
vt 0.59795119 0.69147409
vt 0.59873853 0.98464204
vt 0.59915136 0.73360103
vt 0.59973881 0.37082763
vt 0.59973881 0.10087625
vt 0.60189189 0.69758028
vt 0.60214519 0.72780572
vt 0.60286114 0.68681698
vt 0.60311262 0.60258911
vt 0.60311262 1.29548002
vt 0.60325384 0.75636339
vt 0.60410747 1.11908983
vt 0.60410747 0.42619892
vt 0.60492551 0.60258911
vt 0.60492551 1.29548002
vt 0.60514300 0.72088176
vt 0.60533783 0.70457174
vt 0.60569328 7.6147461e-2
vt 0.60569328 1.4550149e-2
vt 0.60571831 0.54922903
vt 0.60588768 0.84158587
vt 0.60673840 0.60258911
vt 0.60673840 1.29548002
vt 0.60677598 0.71271174
vt 0.60799921 0.35652021
vt 0.60799921 0.11518367
vt 0.60817116 0.72089037
vt 0.60846781 1.4424009e-2
vt 0.60855393 0.61873109
vt 0.60874690 0.70441422
vt 0.61029691 0.63640869
vt 0.61029691 0.46513780
vt 0.61038717 0.69918844
vt 0.61038717 0.40235805
vt 0.61086980 0.77692390
vt 0.61098140 0.53851024
vt 0.61132885 0.49706140
vt 0.61163379 0.72805731
vt 0.61206160 8.9605218e-2
vt 0.61211423 0.53378791
vt 0.61211423 0.56467015
vt 0.61269724 0.51759515
vt 0.61302258 0.69707461
vt 0.61385157 0.36169307
vt 0.61385157 0.13857397
vt 0.61441003 0.86936620
vt 0.61523751 0.73396766
vt 0.61733531 0.66606341
vt 0.61739835 0.69102001
vt 0.61803531 0.60258911
vt 0.61803531 1.29548002
vt 0.61903016 1.11908983
vt 0.61903016 0.42619892
vt 0.61984820 0.60258911
vt 0.61984820 1.29548002
vt 0.62056327 0.67220886
vt 0.62063785 0.68504918
vt 0.62084305 0.42619892
vt 0.62084305 1.11908983
vt 0.62166109 0.60258911
vt 0.62166109 1.29548002
vt 0.62192692 0.67865526
vt 0.62225506 0.58816862
vt 0.62225506 0.66587534
vt 0.62225506 0.74358206
vt 0.62225506 1.11253356
vt 0.62225506 1.03482684
vt 0.62225506 0.95712012
vt 0.62647081 0.22989169
vt 0.62647081 0.22989169
vt 0.62647081 0.22989169
vt 0.62647081 0.22989169
vt 0.62647081 0.22989169
vt 0.62647081 0.22989169
vt 0.62647081 0.22989169
vt 0.62740694 0.50644508
vt 0.62740694 0.59510141
vt 0.62755536 0.52739198
vt 0.62755536 0.57106608
vt 0.62792366 0.16301774
vt 0.62990354 0.93792803
vt 0.63020112 0.58816862
vt 0.63020112 0.66587534
vt 0.63020112 0.74358206
vt 0.63020112 1.11253356
vt 0.63020112 1.03482684
vt 0.63020112 0.95712012
vt 0.63056493 0.13857397
vt 0.63056493 0.36169307
vt 0.63079120 0.16709531
vt 0.63089073 0.17563015
vt 0.63103689 0.15855432
vt 0.63121826 0.18413134
vt 0.63147272 0.15008389
vt 0.63173221 0.19263224
vt 0.63194763 0.23500948
vt 0.63216807 0.20109610
vt 0.63225422 0.22654127
vt 0.63233961 0.94801139
vt 0.63243404 0.20960333
vt 0.63246094 0.21809460
vt 0.63277966 0.61873149
vt 0.63295799 0.60258911
vt 0.63295799 1.29548002
vt 0.63304748 0.60917320
vt 0.63324286 0.55077324
vt 0.63328519 0.62830500
vt 0.63335608 0.67853364
vt 0.63388844 0.61141349
vt 0.63395284 1.11908983
vt 0.63395284 0.42619892
vt 0.63419581 3.8901252e-2
vt 0.63423605 0.59959915
vt 0.63466640 0.63798071
vt 0.63473090 1.04041082
vt 0.63473090 0.34751991
vt 0.63477089 0.60258911
vt 0.63477089 1.29548002
vt 0.63576574 1.11908983
vt 0.63576574 0.42619892
vt 0.63580543 0.59002970
vt 0.63629603 0.64767001
vt 0.63658378 0.60258911
vt 0.63658378 1.29548002
vt 0.63661457 0.68599892
vt 0.63674197 0.85408216
vt 0.63732843 0.38639776
vt 0.63732843 8.5306116e-2
vt 0.63755116 0.65725496
vt 0.63757863 1.11908983
vt 0.63757863 0.42619892
vt 0.63779978 0.67643236
vt 0.63814717 0.58816862
vt 0.63814717 0.66587534
vt 0.63814717 1.11253356
vt 0.63814717 0.74358206
vt 0.63814717 1.03482684
vt 0.63814717 0.95712012
vt 0.63821402 0.66683944
vt 0.63899064 0.74358206
vt 0.63899064 0.66587534
vt 0.63899064 1.03482684
vt 0.63899064 1.11253356
vt 0.64013302 0.69938618
vt 0.64064559 0.11461201
vt 0.64160433 0.37043990
vt 0.64160433 0.10126397
vt 0.64176266 0.97247781
vt 0.64194224 0.19254037
vt 0.64194224 0.19254037
vt 0.64194224 0.26724301
vt 0.64194224 0.26724301
vt 0.64194224 0.19254037
vt 0.64194224 0.26724301
vt 0.64194224 0.19254037
vt 0.64194224 0.26724301
vt 0.64194224 0.19254037
vt 0.64194224 0.19254037
vt 0.64194224 0.19254037
vt 0.64194224 0.26724301
vt 0.64194224 0.26724301
vt 0.64194224 0.26724301
vt 0.64206818 7.6147955e-2
vt 0.64206818 1.4549655e-2
vt 0.64297847 0.42157047
vt 0.64299648 0.53378791
vt 0.64299648 0.56467015
vt 0.64301285 0.71343626
vt 0.64323448 0.51741713
vt 0.64344951 0.72062298
vt 0.64374273 0.65571864
vt 0.64374273 0.44582785
vt 0.64400511 0.63934345
vt 0.64465150 0.70627154
vt 0.64576281 0.72727431
vt 0.64609322 0.58816862
vt 0.64609322 0.66587534
vt 0.64609322 0.74358206
vt 0.64609322 1.11253356
vt 0.64609322 1.03482684
vt 0.64609322 0.95712012
vt 0.64638003 5.6199769e-2
vt 0.64692360 0.73241431
vt 0.64693669 0.74358206
vt 0.64693669 0.66587534
vt 0.64693669 1.03482684
vt 0.64693669 1.11253356
vt 0.64727828 0.36169307
vt 0.64727828 0.13857397
vt 0.64788068 0.60258911
vt 0.64788068 1.29548002
vt 0.64791096 0.69966262
vt 0.64800000 2.0987847e-2
vt 0.64800000 5.3787949e-3
vt 0.64880952 0.73363570
vt 0.64887553 1.11908983
vt 0.64887553 0.42619892
vt 0.64939240 0.54922903
vt 0.64965359 1.04041082
vt 0.64965359 0.34751991
vt 0.64969357 0.60258911
vt 0.64969357 1.29548002
vt 0.65053979 0.78560159
vt 0.65068842 0.42619892
vt 0.65068842 1.11908983
vt 0.65094430 0.66532381
vt 0.65095052 0.10668367
vt 0.65127618 0.69327052
vt 0.65146648 0.34751991
vt 0.65146648 1.04041082
vt 0.65150647 0.60258911
vt 0.65150647 1.29548002
vt 0.65191573 9.9625197e-2
vt 0.65214901 0.95318151
vt 0.65225148 0.58496321
vt 0.65250131 1.11908983
vt 0.65250131 0.42619892
vt 0.65301916 9.2580329e-2
vt 0.65336611 0.67210385
vt 0.65358835 0.68638237
vt 0.65403927 0.58816862
vt 0.65403927 0.66587534
vt 0.65403927 1.11253356
vt 0.65403927 0.74358206
vt 0.65403927 1.03482684
vt 0.65403927 0.95712012
vt 0.65418171 8.5522118e-2
vt 0.65431421 1.11908983
vt 0.65431421 0.42619892
vt 0.65450215 0.67921557
vt 0.65488275 0.74358206
vt 0.65488275 0.66587534
vt 0.65488275 1.03482684
vt 0.65488275 1.11253356
vt 0.65511783 0.69492740
vt 0.65533843 7.8456113e-2
vt 0.65572622 0.74358206
vt 0.65572622 1.03482684
vt 0.65572622 0.66587534
vt 0.65572622 1.11253356
vt 0.65652969 7.1406213e-2
vt 0.65772076 6.4372014e-2
vt 0.65843183 0.65755828
vt 0.65853436 0.23386169
vt 0.65887912 5.7331861e-2
vt 0.65988380 5.0256132e-2
vt 0.66083307 4.3167562e-2
vt 0.66093422 0.52856126
vt 0.66124235 0.75536414
vt 0.66178670 3.6099570e-2
vt 0.66198533 0.58816862
vt 0.66198533 0.66587534
vt 0.66198533 0.74358206
vt 0.66198533 1.11253356
vt 0.66198533 1.03482684
vt 0.66198533 0.95712012
vt 0.66255284 0.62785020
vt 0.66280337 0.60258911
vt 0.66280337 1.29548002
vt 0.66282880 0.74358206
vt 0.66282880 0.66587534
vt 0.66282880 1.03482684
vt 0.66282880 1.11253356
vt 0.66367227 0.74358206
vt 0.66367227 1.03482684
vt 0.66367227 0.66587534
vt 0.66367227 1.11253356
vt 0.66376610 0.59796215
vt 0.66379822 0.42619892
vt 0.66379822 1.11908983
vt 0.66395225 0.99032844
vt 0.66399163 0.36169307
vt 0.66399163 0.13857397
vt 0.66435625 0.84273001
vt 0.66457627 1.04041082
vt 0.66457627 0.34751991
vt 0.66461626 0.60258911
vt 0.66461626 1.29548002
vt 0.66471091 0.60509698
vt 0.66471091 0.49644951
vt 0.66561111 0.42619892
vt 0.66561111 1.11908983
vt 0.66575647 0.80058723
vt 0.66578996 0.95075639
vt 0.66586571 0.40334260
vt 0.66638917 0.34751991
vt 0.66638917 1.04041082
vt 0.66642915 0.60258911
vt 0.66642915 1.29548002
vt 0.66742400 1.11908983
vt 0.66742400 0.42619892
vt 0.66760039 0.92261933
vt 0.66820206 1.04041082
vt 0.66820206 0.34751991
vt 0.66902496 1.1751717e-2
vt 0.66923689 1.11908983
vt 0.66923689 0.42619892
vt 0.66993138 0.58816862
vt 0.66993138 0.66587534
vt 0.66993138 1.11253356
vt 0.66993138 0.74358206
vt 0.66993138 1.03482684
vt 0.66993138 0.95712012
vt 0.67001377 0.86952425
vt 0.67056363 0.46761281
vt 0.67077485 0.74358206
vt 0.67077485 0.66587534
vt 0.67077485 1.03482684
vt 0.67077485 1.11253356
vt 0.67119004 1.8306528e-3
vt 0.67161833 0.74358206
vt 0.67161833 1.03482684
vt 0.67161833 0.66587534
vt 0.67161833 1.11253356
vt 0.67186276 0.55077324
vt 0.67246180 0.74358206
vt 0.67246180 0.66587534
vt 0.67246180 1.03482684
vt 0.67246180 1.11253356
vt 0.67398553 0.70935399
vt 0.67502514 0.98578409
vt 0.67724437 3.7934245e-2
vt 0.67766707 0.39170844
vt 0.67766707 0.37518765
vt 0.67766707 9.6516224e-2
vt 0.67766707 7.9995434e-2
vt 0.67766707 9.6516223e-2
vt 0.67766707 7.9995434e-2
vt 0.67772606 0.60258911
vt 0.67772606 1.29548002
vt 0.67787743 0.58816862
vt 0.67787743 0.66587534
vt 0.67787743 0.74358206
vt 0.67787743 1.11253356
vt 0.67787743 1.03482684
vt 0.67787743 0.95712012
vt 0.67844281 1.4550151e-2
vt 0.67844281 7.6147459e-2
vt 0.67854696 0.21712553
vt 0.67872091 0.74358206
vt 0.67872091 0.66587534
vt 0.67872091 1.03482684
vt 0.67872091 0.42619892
vt 0.67872091 1.11908983
vt 0.67872091 1.11253356
vt 0.67929356 0.17706894
vt 0.67929356 0.17706894
vt 0.67929356 0.28271444
vt 0.67929356 0.28271444
vt 0.67929356 0.17706894
vt 0.67929356 0.28271444
vt 0.67929356 0.17706894
vt 0.67929356 0.28271444
vt 0.67929356 0.17706894
vt 0.67929356 0.17706894
vt 0.67929356 0.17706894
vt 0.67929356 0.28271444
vt 0.67929356 0.28271444
vt 0.67929356 0.28271444
vt 0.67949896 1.04041082
vt 0.67949896 0.34751991
vt 0.67953895 0.60258911
vt 0.67953895 1.29548002
vt 0.67956438 0.74358206
vt 0.67956438 1.03482684
vt 0.67956438 0.66587534
vt 0.67956438 1.11253356
vt 0.67997175 0.57248355
vt 0.68040785 0.74358206
vt 0.68040785 0.66587534
vt 0.68040785 1.03482684
vt 0.68040785 1.11253356
vt 0.68053380 1.11908983
vt 0.68053380 0.42619892
vt 0.68070498 0.36169307
vt 0.68070498 0.13857397
vt 0.68131185 0.34751991
vt 0.68131185 1.04041082
vt 0.68135184 0.60258911
vt 0.68135184 1.29548002
vt 0.68151212 0.40211792
vt 0.68234669 1.11908983
vt 0.68234669 0.42619892
vt 0.68312474 1.04041082
vt 0.68312474 0.34751991
vt 0.68315133 1.02620186
vt 0.68318777 0.95565507
vt 0.68353073 0.81092022
vt 0.68415958 1.11908983
vt 0.68415958 0.42619892
vt 0.68431164 5.8318887e-2
vt 0.68458467 0.14337226
vt 0.68493764 1.04041082
vt 0.68493764 0.34751991
vt 0.68582349 0.58816862
vt 0.68582349 0.66587534
vt 0.68582349 1.11253356
vt 0.68582349 0.74358206
vt 0.68582349 1.03482684
vt 0.68582349 0.95712012
vt 0.68616718 0.70555675
vt 0.68666696 0.74358206
vt 0.68666696 0.66587534
vt 0.68666696 1.03482684
vt 0.68666696 1.11253356
vt 0.68751043 0.74358206
vt 0.68751043 1.03482684
vt 0.68751043 0.66587534
vt 0.68751043 1.11253356
vt 0.68778536 1.11908983
vt 0.68778536 0.42619892
vt 0.68835390 0.74358206
vt 0.68835390 0.66587534
vt 0.68835390 1.03482684
vt 0.68835390 1.11253356
vt 0.68919738 0.74358206
vt 0.68919738 0.66587534
vt 0.68919738 1.03482684
vt 0.68919738 1.11253356
vt 0.68975181 0.70783590
vt 0.69288312 0.52980816
vt 0.69321026 1.01879227
vt 0.69364359 1.11908983
vt 0.69364359 0.42619892
vt 0.69376954 0.58816862
vt 0.69376954 0.66587534
vt 0.69376954 0.74358206
vt 0.69376954 1.11253356
vt 0.69376954 1.03482684
vt 0.69376954 0.95712012
vt 0.69419002 0.33090564
vt 0.69419569 0.73769800
vt 0.69442165 1.04041082
vt 0.69442165 0.34751991
vt 0.69446164 1.29548002
vt 0.69446164 0.60258911
vt 0.69461301 0.74358206
vt 0.69461301 0.66587534
vt 0.69461301 1.03482684
vt 0.69461301 1.11253356
vt 0.69487728 0.81453173
vt 0.69487728 0.81794247
vt 0.69487728 0.82135320
vt 0.69487728 0.82954578
vt 0.69487728 0.83295651
vt 0.69487728 0.83636724
vt 0.69545648 0.74358206
vt 0.69545648 1.03482684
vt 0.69545648 0.66587534
vt 0.69545648 0.42619892
vt 0.69545648 1.11908983
vt 0.69545648 1.11253356
vt 0.69585985 0.75192125
vt 0.69604038 0.30361533
vt 0.69623454 0.34751991
vt 0.69623454 1.04041082
vt 0.69627453 0.60258911
vt 0.69627453 1.29548002
vt 0.69629996 0.74358206
vt 0.69629996 0.66587534
vt 0.69629996 1.03482684
vt 0.69629996 1.11253356
vt 0.69674209 0.52049179
vt 0.69674209 0.53912453
vt 0.69682468 0.64261269
vt 0.69714343 0.74358206
vt 0.69714343 0.66587534
vt 0.69714343 1.03482684
vt 0.69714343 1.11253356
vt 0.69726938 1.11908983
vt 0.69726938 0.42619892
vt 0.69741833 0.36169307
vt 0.69741833 0.13857397
vt 0.69804743 0.34751991
vt 0.69804743 1.04041082
vt 0.69908227 1.11908983
vt 0.69908227 0.42619892
vt 0.69920393 0.82734806
vt 0.69986032 1.04041082
vt 0.69986032 0.34751991
vt 0.70037912 4.9825762e-2
vt 0.70167322 1.04041082
vt 0.70167322 0.34751991
vt 0.70171559 0.58816862
vt 0.70171559 0.66587534
vt 0.70171559 1.11253356
vt 0.70171559 0.74358206
vt 0.70171559 1.03482684
vt 0.70171559 0.95712012
vt 0.70255906 0.74358206
vt 0.70255906 0.66587534
vt 0.70255906 1.03482684
vt 0.70255906 1.11253356
vt 0.70270805 1.11908983
vt 0.70270805 0.42619892
vt 0.70336601 0.79306585
vt 0.70338467 0.90325715
vt 0.70340254 0.74358206
vt 0.70340254 1.03482684
vt 0.70340254 0.66587534
vt 0.70340254 1.11253356
vt 0.70394535 0.11835492
vt 0.70424601 0.74358206
vt 0.70424601 0.66587534
vt 0.70424601 1.03482684
vt 0.70424601 1.11253356
vt 0.70452094 0.50390564
vt 0.70452094 1.19679655
vt 0.70452094 0.42619892
vt 0.70452094 1.11908983
vt 0.70463550 0.84750445
vt 0.70464027 0.25763603
vt 0.70508948 0.74358206
vt 0.70508948 0.66587534
vt 0.70508948 1.03482684
vt 0.70508948 1.11253356
vt 0.70564513 0.80719069
vt 0.70593296 0.66587534
vt 0.70593296 1.03482684
vt 0.70593296 0.95712012
vt 0.70593296 0.58816862
vt 0.70593296 0.74358206
vt 0.70593296 1.11253356
vt 0.70605846 0.51663282
vt 0.70605846 0.54298350
vt 0.70643114 0.68228832
vt 0.70643114 0.69730237
vt 0.70650905 0.63634989
vt 0.70743077 0.62481087
vt 0.70746973 0.86765324
vt 0.70748483 0.72597280
vt 0.70792425 0.82131552
vt 0.70856628 0.42619892
vt 0.70856628 1.11908983
vt 0.70928251 0.18564996
vt 0.70934434 1.04041082
vt 0.70934434 0.34751991
vt 0.70989616 0.62267543
vt 0.71037917 0.42619892
vt 0.71037917 1.11908983
vt 0.71050512 0.74358206
vt 0.71050512 0.66587534
vt 0.71050512 1.03482684
vt 0.71050512 1.11253356
vt 0.71115723 0.34751991
vt 0.71115723 1.04041082
vt 0.71119721 0.60258911
vt 0.71119721 1.29548002
vt 0.71134859 0.74358206
vt 0.71134859 1.03482684
vt 0.71134859 0.66587534
vt 0.71134859 1.11253356
vt 0.71219206 0.74358206
vt 0.71219206 1.11908983
vt 0.71219206 0.42619892
vt 0.71219206 0.66587534
vt 0.71219206 1.03482684
vt 0.71219206 1.11253356
vt 0.71246898 1.05771990
vt 0.71297012 1.04041082
vt 0.71297012 0.34751991
vt 0.71303554 0.74358206
vt 0.71303554 0.66587534
vt 0.71303554 1.03482684
vt 0.71303554 1.11253356
vt 0.71372980 0.37043990
vt 0.71372980 0.10126397
vt 0.71387901 0.66587534
vt 0.71387901 1.03482684
vt 0.71387901 0.95712012
vt 0.71387901 0.58816862
vt 0.71387901 0.74358206
vt 0.71387901 1.11253356
vt 0.71400495 1.11908983
vt 0.71400495 0.42619892
vt 0.71414321 0.20568312
vt 0.71478301 0.34751991
vt 0.71478301 1.04041082
vt 0.71481579 7.6147534e-2
vt 0.71481579 1.4550076e-2
vt 0.71537483 0.52049179
vt 0.71537483 0.53912453
vt 0.71545877 0.51102603
vt 0.71545877 0.53584501
vt 0.71545877 0.62027916
vt 0.71545877 0.64509814
vt 0.71659590 0.34751991
vt 0.71659590 1.04041082
vt 0.71664489 0.19254037
vt 0.71664489 0.19254037
vt 0.71664489 0.26724301
vt 0.71664489 0.26724301
vt 0.71664489 0.19254037
vt 0.71664489 0.26724301
vt 0.71664489 0.19254037
vt 0.71664489 0.26724301
vt 0.71664489 0.19254037
vt 0.71664489 0.19254037
vt 0.71664489 0.19254037
vt 0.71664489 0.26724301
vt 0.71664489 0.26724301
vt 0.71664489 0.26724301
vt 0.71763074 1.11908983
vt 0.71763074 0.42619892
vt 0.71784602 0.16045160
vt 0.71800570 0.38639776
vt 0.71800570 8.5306116e-2
vt 0.71845117 0.74358206
vt 0.71845117 0.66587534
vt 0.71845117 1.03482684
vt 0.71845117 1.11253356
vt 0.71874753 5.2860646e-2
vt 0.71917069 -2.3376371e-3
vt 0.71918072 4.1436024e-3
vt 0.71923380 0.52980816
vt 0.71929464 0.74358206
vt 0.71929464 1.03482684
vt 0.71929464 0.66587534
vt 0.71929464 1.11253356
vt 0.71940467 -8.7776237e-3
vt 0.71944363 0.50390564
vt 0.71944363 1.19679655
vt 0.71944363 0.42619892
vt 0.71944363 1.11908983
vt 0.71949458 1.0600520e-2
vt 0.72007406 1.7036113e-2
vt 0.72012478 -1.5198536e-2
vt 0.72013812 0.74358206
vt 0.72013812 0.66587534
vt 0.72013812 1.03482684
vt 0.72013812 1.11253356
vt 0.72042218 -4.1017683e-2
vt 0.72061718 0.66378769
vt 0.72066153 -2.1620511e-2
vt 0.72075816 2.3451365e-2
vt 0.72080349 -3.4563383e-2
vt 0.72094582 -2.8092619e-2
vt 0.72098159 0.74358206
vt 0.72098159 0.66587534
vt 0.72098159 1.03482684
vt 0.72098159 1.11253356
vt 0.72098568 1.04592968
vt 0.72162060 0.68181480
vt 0.72172788 0.70400710
vt 0.72182506 0.66587534
vt 0.72182506 0.95712012
vt 0.72182506 1.03482684
vt 0.72182506 0.58816862
vt 0.72182506 0.74358206
vt 0.72182506 1.11253356
vt 0.72200000 2.0987847e-2
vt 0.72200000 5.3787949e-3
vt 0.72220214 -0.22988538
vt 0.72220214 0.46300553
vt 0.72221988 0.85722236
vt 0.72251115 0.93437795
vt 0.72266854 1.03482684
vt 0.72266854 0.66587534
vt 0.72266854 0.74358206
vt 0.72266854 1.11253356
vt 0.72273427 0.50530912
vt 0.72285846 0.49837718
vt 0.72348897 1.11908983
vt 0.72348897 0.42619892
vt 0.72372740 0.79807204
vt 0.72426702 1.04041082
vt 0.72426702 0.34751991
vt 0.72430604 0.50570527
vt 0.72515923 0.81083782
vt 0.72530186 0.42619892
vt 0.72530186 1.11908983
vt 0.72596180 0.51294870
vt 0.72607991 0.34751991
vt 0.72607991 1.04041082
vt 0.72642910 0.27354628
vt 0.72659106 0.82360359
vt 0.72668110 0.71818056
vt 0.72685284 0.70474459
vt 0.72698207 0.57520534
vt 0.72711475 1.11908983
vt 0.72711475 0.42619892
vt 0.72724070 0.74358206
vt 0.72724070 1.03482684
vt 0.72724070 0.66587534
vt 0.72724070 1.11253356
vt 0.72728864 0.56154279
vt 0.72789281 0.34751991
vt 0.72789281 1.04041082
vt 0.72808417 0.74358206
vt 0.72808417 0.66587534
vt 0.72808417 1.03482684
vt 0.72808417 1.11253356
vt 0.72849630 0.91420873
vt 0.72892764 0.74358206
vt 0.72892764 1.11908983
vt 0.72892764 0.66587534
vt 0.72892764 0.42619892
vt 0.72892764 1.03482684
vt 0.72892764 1.11253356
vt 0.72970570 1.04041082
vt 0.72970570 0.34751991
vt 0.72977112 0.66587534
vt 0.72977112 0.95712012
vt 0.72977112 1.03482684
vt 0.72977112 0.58816862
vt 0.72977112 0.74358206
vt 0.72977112 1.11253356
vt 0.73037816 0.37136712
vt 0.73061459 0.66587534
vt 0.73061459 1.03482684
vt 0.73061459 0.74358206
vt 0.73061459 1.11253356
vt 0.73074758 0.56066398
vt 0.73074758 0.66991711
vt 0.73075551 0.62507142
vt 0.73151859 1.04041082
vt 0.73151859 0.34751991
vt 0.73201096 0.95028957
vt 0.73211631 0.22989169
vt 0.73211631 0.22989169
vt 0.73211631 0.22989169
vt 0.73211631 0.22989169
vt 0.73211631 0.22989169
vt 0.73211631 0.22989169
vt 0.73211631 0.22989169
vt 0.73218375 0.99434262
vt 0.73238966 0.13710334
vt 0.73244058 0.14434052
vt 0.73248854 0.15160045
vt 0.73252911 0.15885223
vt 0.73255343 1.11908983
vt 0.73255343 0.42619892
vt 0.73256416 0.16608171
vt 0.73259471 0.17330846
vt 0.73262552 0.18054020
vt 0.73266056 0.18778444
vt 0.73270069 0.19501561
vt 0.73274751 0.20222907
vt 0.73279713 0.20945020
vt 0.73324105 3.7474574e-2
vt 0.73436632 0.42619892
vt 0.73436632 0.50390564
vt 0.73436632 1.19679655
vt 0.73436632 1.11908983
vt 0.73514921 0.84679973
vt 0.73514921 0.15320027
vt 0.73518675 0.74358206
vt 0.73518675 1.03482684
vt 0.73518675 0.66587534
vt 0.73518675 1.11253356
vt 0.73570873 0.61089795
vt 0.73603022 0.74358206
vt 0.73603022 0.66587534
vt 0.73603022 1.03482684
vt 0.73603022 1.11253356
vt 0.73611830 0.52567028
vt 0.73623640 3.8630588e-2
vt 0.73625884 0.53294239
vt 0.73682213 0.88007645
vt 0.73687369 0.74358206
vt 0.73687369 0.66587534
vt 0.73687369 1.03482684
vt 0.73687369 1.11253356
vt 0.73696656 0.26724888
vt 0.73712483 -0.22988538
vt 0.73712483 0.46300553
vt 0.73759657 0.51853066
vt 0.73771717 0.66587534
vt 0.73771717 0.95712012
vt 0.73771717 1.03482684
vt 0.73771717 0.58816862
vt 0.73771717 0.74358206
vt 0.73771717 1.11253356
vt 0.73780658 0.72444503
vt 0.73804320 0.54026492
vt 0.73833997 0.74746453
vt 0.73841165 1.11908983
vt 0.73841165 0.42619892
vt 0.73856064 1.03482684
vt 0.73856064 0.66587534
vt 0.73856064 0.74358206
vt 0.73856064 1.11253356
vt 0.73918971 1.04041082
vt 0.73918971 0.34751991
vt 0.73940411 1.11253356
vt 0.73940411 0.74358206
vt 0.74022455 0.42619892
vt 0.74022455 1.11908983
vt 0.74035854 0.54759046
vt 0.74066148 0.51161310
vt 0.74100260 0.34751991
vt 0.74100260 1.04041082
vt 0.74100541 9.5490114e-2
vt 0.74125699 0.84260166
vt 0.74140595 0.33718713
vt 0.74140924 0.31943631
vt 0.74144132 0.32832203
vt 0.74163053 0.30756683
vt 0.74181765 0.29864989
vt 0.74183057 0.32236025
vt 0.74199399 0.28977239
vt 0.74203139 0.30752889
vt 0.74203744 1.11908983
vt 0.74203744 0.42619892
vt 0.74215540 0.29568785
vt 0.74225589 0.24005190
vt 0.74232815 0.28090114
vt 0.74281549 0.34751991
vt 0.74281549 1.04041082
vt 0.74310243 0.24088422
vt 0.74310243 0.99425231
vt 0.74350844 0.24028492
vt 0.74385033 1.11908983
vt 0.74385033 0.42619892
vt 0.74397627 0.74358206
vt 0.74397627 0.66587534
vt 0.74397627 1.03482684
vt 0.74397627 1.11253356
vt 0.74405687 0.80367651
vt 0.74418828 0.50478635
vt 0.74461734 0.26786575
vt 0.74462839 0.34751991
vt 0.74462839 1.04041082
vt 0.74465131 0.85654389
vt 0.74481975 0.74358206
vt 0.74481975 0.66587534
vt 0.74481975 1.03482684
vt 0.74481975 1.11253356
vt 0.74494779 0.81261030
vt 0.74497071 0.42266015
vt 0.74566322 0.95712012
vt 0.74566322 0.66587534
vt 0.74566322 1.03482684
vt 0.74566322 0.58816862
vt 0.74566322 0.74358206
vt 0.74566322 1.11253356
vt 0.74581132 0.82358737
vt 0.74581132 0.26082625
vt 0.74581132 0.85442218
vt 0.74583871 0.82154409
vt 0.74644128 1.04041082
vt 0.74644128 0.34751991
vt 0.74644752 0.62979849
vt 0.74645958 0.47609872
vt 0.74650669 0.66587534
vt 0.74650669 1.03482684
vt 0.74650669 0.74358206
vt 0.74650669 1.11253356
vt 0.74706726 0.49785373
vt 0.74724890 0.95034373
vt 0.74725059 4.7951950e-2
vt 0.74733492 0.35652021
vt 0.74733492 0.11518367
vt 0.74735017 1.11253356
vt 0.74735017 0.74358206
vt 0.74747611 1.11908983
vt 0.74747611 0.42619892
vt 0.74792414 0.83690208
vt 0.74819228 0.48343363
vt 0.74838978 0.68951733
vt 0.74862977 0.49073167
vt 0.74928900 0.42619892
vt 0.74928900 1.11908983
vt 0.74928900 0.50390564
vt 0.74928900 1.19679655
vt 0.74952247 0.53831428
vt 0.75118978 7.6147932e-2
vt 0.75118978 1.4549678e-2
vt 0.75127566 1.07826698
vt 0.75192233 0.74358206
vt 0.75192233 0.66587534
vt 0.75192233 1.03482684
vt 0.75192233 1.11253356
vt 0.75204752 -0.22988538
vt 0.75204752 0.46300553
vt 0.75244782 0.13108636
vt 0.75261930 0.83690208
vt 0.75276580 0.74358206
vt 0.75276580 0.66587534
vt 0.75276580 1.03482684
vt 0.75276580 1.11253356
vt 0.75329454 0.95034373
vt 0.75333434 1.11908983
vt 0.75333434 0.42619892
vt 0.75360927 0.95712012
vt 0.75360927 0.66587534
vt 0.75360927 1.03482684
vt 0.75360927 0.58816862
vt 0.75360927 0.74358206
vt 0.75360927 1.11253356
vt 0.75409592 0.62979849
vt 0.75411240 1.04041082
vt 0.75411240 0.34751991
vt 0.75418011 0.73378857
vt 0.75418011 0.62453544
vt 0.75418804 0.70407787
vt 0.75445275 0.66587534
vt 0.75445275 1.03482684
vt 0.75445275 0.74358206
vt 0.75445275 1.11253356
vt 0.75459721 0.43793762
vt 0.75514723 0.42619892
vt 0.75514723 1.11908983
vt 0.75529622 1.11253356
vt 0.75529622 0.74358206
vt 0.75540342 0.81403013
vt 0.75544380 0.26082625
vt 0.75544380 0.40151653
vt 0.75544380 0.54220681
vt 0.75544380 0.68289709
vt 0.75544380 0.82358737
vt 0.75544380 0.85442218
vt 0.75557273 0.42266015
vt 0.75559532 0.37082763
vt 0.75559532 0.10087625
vt 0.75559576 1.06158349
vt 0.75573906 0.48525506
vt 0.75592529 0.34751991
vt 0.75592529 1.04041082
vt 0.75592610 0.26786575
vt 0.75654460 0.79090280
vt 0.75670795 0.81278812
vt 0.75683147 0.80708935
vt 0.75696012 1.11908983
vt 0.75696012 0.42619892
vt 0.75697129 0.81849117
vt 0.75708531 0.22332911
vt 0.75708531 -0.14562239
vt 0.75723675 0.80140371
vt 0.75744101 0.24088422
vt 0.75744101 0.99425231
vt 0.75749141 0.82416484
vt 0.75754332 0.85817905
vt 0.75773818 1.04041082
vt 0.75773818 0.34751991
vt 0.75810777 0.85252263
vt 0.75815221 0.82983863
vt 0.75828755 0.24005190
vt 0.75859832 0.83550038
vt 0.75860098 0.84685952
vt 0.75874972 0.84118475
vt 0.75877302 1.11908983
vt 0.75877302 0.42619892
vt 0.75914126 0.71825134
vt 0.75925561 0.90890465
vt 0.75955107 0.34751991
vt 0.75955107 1.04041082
vt 0.75970706 0.60849433
vt 0.76004267 0.50228818
vt 0.76035664 0.79985666
vt 0.76059138 0.82782386
vt 0.76068338 0.81708718
vt 0.76071185 0.74358206
vt 0.76071185 0.66587534
vt 0.76071185 1.03482684
vt 0.76071185 1.11253356
vt 0.76077539 0.80635050
vt 0.76136396 0.34751991
vt 0.76136396 1.04041082
vt 0.76155533 0.66587534
vt 0.76155533 1.03482684
vt 0.76155533 0.95712012
vt 0.76155533 0.58816862
vt 0.76155533 0.74358206
vt 0.76155533 1.11253356
vt 0.76203512 0.18824936
vt 0.76239880 1.03482684
vt 0.76239880 1.11908983
vt 0.76239880 0.66587534
vt 0.76239880 0.42619892
vt 0.76239880 0.74358206
vt 0.76239880 1.11253356
vt 0.76324227 1.11253356
vt 0.76324227 0.74358206
vt 0.76338394 8.2403261e-2
vt 0.76338394 7.8052305e-2
vt 0.76357688 0.26724888
vt 0.76421169 0.50390564
vt 0.76421169 0.42619892
vt 0.76421169 1.11908983
vt 0.76421169 1.19679655
vt 0.76503137 0.22332911
vt 0.76503137 -0.14562239
vt 0.76550629 0.47244788
vt 0.76568113 0.40151653
vt 0.76568113 0.54220681
vt 0.76568113 0.68289709
vt 0.76568113 0.82358737
vt 0.76568113 0.85442218
vt 0.76568113 0.26082625
vt 0.76697020 -0.22988538
vt 0.76697020 0.46300553
vt 0.76708244 0.78269163
vt 0.76750700 0.85335854
vt 0.76764587 9.4132148e-2
vt 0.76764587 8.9781192e-2
vt 0.76764895 6.6319008e-2
vt 0.76764895 7.0669964e-2
vt 0.76835968 0.99434262
vt 0.76853247 0.95028957
vt 0.76865791 0.74358206
vt 0.76865791 0.66587534
vt 0.76865791 1.03482684
vt 0.76865791 1.11253356
vt 0.76903508 1.04041082
vt 0.76903508 0.34751991
vt 0.76909461 5.1845933e-2
vt 0.76950138 0.66587534
vt 0.76950138 0.95712012
vt 0.76950138 1.03482684
vt 0.76950138 0.58816862
vt 0.76950138 0.74358206
vt 0.76950138 1.11253356
vt 0.77006992 0.42619892
vt 0.77006992 1.11908983
vt 0.77034485 0.66587534
vt 0.77034485 1.03482684
vt 0.77034485 0.74358206
vt 0.77034485 1.11253356
vt 0.77084798 0.34751991
vt 0.77084798 1.04041082
vt 0.77118833 1.11253356
vt 0.77118833 0.74358206
vt 0.77143453 0.74959234
vt 0.77148672 0.84460696
vt 0.77185001 0.53264151
vt 0.77188281 1.11908983
vt 0.77188281 0.42619892
vt 0.77192383 0.57611646
vt 0.77194283 0.56887920
vt 0.77194670 0.53988257
vt 0.77195154 0.58336093
vt 0.77198054 0.56164047
vt 0.77200443 0.54714220
vt 0.77200846 0.55439902
vt 0.77202246 0.59059639
vt 0.77213213 0.59782208
vt 0.77225044 0.60505516
vt 0.77266087 0.34751991
vt 0.77266087 1.04041082
vt 0.77271465 0.86074052
vt 0.77276475 0.42037393
vt 0.77297742 0.22332911
vt 0.77297742 -0.14562239
vt 0.77368757 0.72661869
vt 0.77369570 1.11908983
vt 0.77369570 0.42619892
vt 0.77447376 1.04041082
vt 0.77447376 0.34751991
vt 0.77531361 0.26082625
vt 0.77531361 0.82358737
vt 0.77531361 0.85442218
vt 0.77619229 0.33437717
vt 0.77619229 0.13732671
vt 0.77628665 1.04041082
vt 0.77628665 0.34751991
vt 0.77732149 1.11908983
vt 0.77732149 0.42619892
vt 0.77744743 0.95712012
vt 0.77744743 0.66587534
vt 0.77744743 1.03482684
vt 0.77744743 0.58816862
vt 0.77744743 0.74358206
vt 0.77744743 1.11253356
vt 0.77747031 0.10179932
vt 0.77747031 9.7448368e-2
vt 0.77748519 6.3002961e-2
vt 0.77748519 5.8652004e-2
vt 0.77768431 0.55441372
vt 0.77829091 0.66587534
vt 0.77829091 1.03482684
vt 0.77829091 0.74358206
vt 0.77829091 1.11253356
vt 0.77913438 0.50390564
vt 0.77913438 1.19679655
vt 0.77913438 0.42619892
vt 0.77913438 1.11908983
vt 0.77913438 1.11253356
vt 0.77913438 0.74358206
vt 0.78014113 0.83039462
vt 0.78081730 0.82115939
vt 0.78092347 0.22332911
vt 0.78092347 -0.14562239
vt 0.78149346 0.81192417
vt 0.78189289 -0.22988538
vt 0.78189289 0.46300553
vt 0.78288914 0.64694961
vt 0.78392253 0.74962270
vt 0.78392253 0.85887582
vt 0.78395777 1.04041082
vt 0.78395777 0.34751991
vt 0.78488413 5.2812300e-2
vt 0.78496342 5.9381189e-2
vt 0.78500556 4.6230110e-2
vt 0.78509194 6.7615980e-3
vt 0.78517525 6.5914577e-2
vt 0.78527879 3.9678898e-2
vt 0.78539348 0.66587534
vt 0.78539348 1.03482684
vt 0.78539348 0.95712012
vt 0.78539348 0.58816862
vt 0.78539348 0.74358206
vt 0.78539348 1.11253356
vt 0.78545821 7.2462431e-2
vt 0.78552960 1.3311138e-2
vt 0.78559377 3.3098588e-2
vt 0.78577066 0.34751991
vt 0.78577066 1.04041082
vt 0.78578439 2.6518430e-2
vt 0.78581439 1.9915569e-2
vt 0.78599615 6.1324306e-2
vt 0.78623696 0.66587534
vt 0.78623696 1.03482684
vt 0.78623696 0.74358206
vt 0.78623696 1.11253356
vt 0.78680550 1.11908983
vt 0.78680550 0.42619892
vt 0.78708043 1.11253356
vt 0.78708043 0.74358206
vt 0.78733326 0.74962270
vt 0.78733326 0.85887582
vt 0.78756405 1.4549525e-2
vt 0.78756405 7.6148085e-2
vt 0.78758355 0.34751991
vt 0.78758355 1.04041082
vt 0.78787426 0.34605913
vt 0.78787426 0.12564475
vt 0.78841474 0.34039281
vt 0.78861839 1.11908983
vt 0.78861839 0.42619892
vt 0.78873997 0.24398774
vt 0.78873997 0.24398774
vt 0.78881133 0.34764587
vt 0.78886952 0.22332911
vt 0.78886952 -0.14562239
vt 0.78916799 0.33314679
vt 0.78936337 5.4235136e-3
vt 0.78939645 0.34751991
vt 0.78939645 1.04041082
vt 0.78992135 0.10137836
vt 0.78992135 9.7027409e-2
vt 0.78993668 6.3435840e-2
vt 0.78993668 5.9084884e-2
vt 0.79041127 0.35468079
vt 0.79074400 0.74962270
vt 0.79074400 0.85887582
vt 0.79113207 0.32605858
vt 0.79120934 1.04041082
vt 0.79120934 0.34751991
vt 0.79211765 1.8299843e-2
vt 0.79216217 0.29058333
vt 0.79224417 1.11908983
vt 0.79224417 0.42619892
vt 0.79235265 0.36163492
vt 0.79291353 0.31907455
vt 0.79297525 0.87954431
vt 0.79395365 0.29759104
vt 0.79405707 0.50390564
vt 0.79405707 1.19679655
vt 0.79405707 0.42619892
vt 0.79405707 1.11908983
vt 0.79415473 0.74962270
vt 0.79415473 0.85887582
vt 0.79418301 0.66587534
vt 0.79418301 1.03482684
vt 0.79418301 0.74358206
vt 0.79418301 1.11253356
vt 0.79432495 0.31199012
vt 0.79482030 0.30478181
vt 0.79485535 9.7827266e-2
vt 0.79502648 1.11253356
vt 0.79502648 0.74358206
vt 0.79506692 0.82342763
vt 0.79600000 2.0987847e-2
vt 0.79600000 5.3787949e-3
vt 0.79681558 0.22332911
vt 0.79681558 -0.14562239
vt 0.79681558 -0.22988538
vt 0.79681558 0.46300553
vt 0.79767935 0.13478918
vt 0.79833533 0.30551980
vt 0.79833534 0.16618408
vt 0.79845249 0.58036178
vt 0.79859806 0.83460610
vt 0.79893658 0.74962270
vt 0.79893658 0.85887582
vt 0.80018238 0.27958399
vt 0.80018238 0.27958399
vt 0.80026119 9.4402824e-2
vt 0.80026119 9.0051868e-2
vt 0.80026386 7.0412686e-2
vt 0.80026386 6.6061730e-2
vt 0.80063862 0.82286083
vt 0.80069335 0.34751991
vt 0.80069335 1.04041082
vt 0.80197063 0.14353881
vt 0.80197063 0.85646119
vt 0.80212906 1.03482684
vt 0.80212906 0.66587534
vt 0.80212906 0.74358206
vt 0.80212906 1.11253356
vt 0.80222301 0.81174843
vt 0.80222301 0.84258324
vt 0.80222301 0.80474371
vt 0.80222301 0.83557851
vt 0.80234731 0.74962270
vt 0.80234731 0.85887582
vt 0.80250624 0.34751991
vt 0.80250624 1.04041082
vt 0.80267919 0.81111556
vt 0.80297254 0.74358206
vt 0.80297254 1.11253356
vt 0.80354108 1.11908983
vt 0.80354108 0.42619892
vt 0.80371162 8.2404759e-2
vt 0.80371162 7.8053802e-2
vt 0.80399531 0.56006729
vt 0.80431913 0.34751991
vt 0.80431913 1.04041082
vt 0.80444017 5.2167933e-2
vt 0.80458923 0.83916982
vt 0.80476163 0.22332911
vt 0.80476163 -0.14562239
vt 0.80528999 0.37656578
vt 0.80528999 0.40138475
vt 0.80528999 0.42620373
vt 0.80528999 0.45102270
vt 0.80528999 0.48581890
vt 0.80528999 0.51063788
vt 0.80528999 0.53545685
vt 0.80528999 0.56027583
vt 0.80529870 0.85164747
vt 0.80559302 0.67469863
vt 0.80575804 0.74962270
vt 0.80575804 0.85887582
vt 0.80613203 0.34751991
vt 0.80613203 1.04041082
vt 0.80642256 0.47320692
vt 0.80642256 0.13144553
vt 0.80642256 0.20908328
vt 0.80642256 0.55084467
vt 0.80716686 1.11908983
vt 0.80716686 0.42619892
vt 0.80726675 0.74569801
vt 0.80811230 1.06382507
vt 0.80897975 0.50390564
vt 0.80897975 1.19679655
vt 0.80897975 0.42619892
vt 0.80897975 1.11908983
vt 0.80916878 0.74962270
vt 0.80916878 0.85887582
vt 0.80960319 0.40963227
vt 0.81008210 0.59938113
vt 0.81054624 0.68887210
vt 0.81091859 1.11253356
vt 0.81091859 0.74358206
vt 0.81159282 0.57863537
vt 0.81162637 1.08245228
vt 0.81173826 -0.22988538
vt 0.81173826 0.46300553
vt 0.81225503 0.27191468
vt 0.81225503 0.19978920
vt 0.81264276 0.15792369
vt 0.81264276 0.31378019
vt 0.81270768 0.22332911
vt 0.81270768 -0.14562239
vt 0.81326293 0.76056743
vt 0.81334561 0.87300836
vt 0.81462065 0.65437988
vt 0.81475869 0.10152782
vt 0.81533293 0.17324813
vt 0.81608591 0.83217814
vt 0.81700278 0.23585194
vt 0.81742893 1.04041082
vt 0.81742893 0.34751991
vt 0.81830139 0.82103792
vt 0.81838237 0.74047426
vt 0.81850565 0.20908328
vt 0.81850565 0.47320692
vt 0.81850565 0.55084467
vt 0.81850565 0.13144553
vt 0.81886464 0.74358206
vt 0.81886464 1.11253356
vt 0.81915927 0.33268921
vt 0.81916745 0.79064695
vt 0.81919831 0.54430431
vt 0.81924182 0.34751991
vt 0.81924182 1.04041082
vt 0.81957388 0.64020642
vt 0.81958647 0.56066398
vt 0.81958647 0.66991711
vt 0.82030404 0.37656578
vt 0.82030404 0.40138475
vt 0.82030404 0.42620373
vt 0.82030404 0.45102270
vt 0.82030404 0.48581890
vt 0.82030404 0.51063788
vt 0.82030404 0.53545685
vt 0.82030404 0.56027583
vt 0.82051688 0.80989769
vt 0.82065374 0.22332911
vt 0.82065374 -0.14562239
vt 0.82105471 0.34751991
vt 0.82105471 1.04041082
vt 0.82208955 1.11908983
vt 0.82208955 0.42619892
vt 0.82209283 0.80474371
vt 0.82209283 0.83557851
vt 0.82209283 0.81174843
vt 0.82209283 0.84258324
vt 0.82258871 0.57835841
vt 0.82326088 0.84665320
vt 0.82328191 0.81453173
vt 0.82328191 0.81794247
vt 0.82328191 0.82135320
vt 0.82328191 0.82954578
vt 0.82328191 0.83295651
vt 0.82328191 0.83636724
vt 0.82334177 0.21462250
vt 0.82390244 0.50390564
vt 0.82390244 1.19679655
vt 0.82390244 0.42619892
vt 0.82390244 1.11908983
vt 0.82393856 7.6147758e-2
vt 0.82393856 1.4549853e-2
vt 0.82666095 -0.22988538
vt 0.82666095 0.46300553
vt 0.82704458 0.16939098
vt 0.82793752 0.55115867
vt 0.82821289 0.27619057
vt 0.82821289 0.19551331
vt 0.82859979 0.22332911
vt 0.82859979 -0.14562239
vt 0.82885792 0.52814589
vt 0.82925860 0.54805395
vt 0.83006220 0.41726511
vt 0.83048790 3.8119651e-2
vt 0.83222640 0.85638736
vt 0.83235336 0.65446886
vt 0.83352357 0.23585194
vt 0.83381168 0.84127330
vt 0.83411627 2.9099482e-2
vt 0.83416451 1.04041082
vt 0.83416451 0.34751991
vt 0.83480148 0.38520148
vt 0.83483577 0.68228832
vt 0.83483577 0.69730237
vt 0.83597740 1.04041082
vt 0.83597740 0.34751991
vt 0.83637379 0.37447370
vt 0.83654584 0.22332911
vt 0.83654584 -0.14562239
vt 0.83701224 1.11908983
vt 0.83701224 0.42619892
vt 0.83805319 0.67476941
vt 0.83882513 0.50390564
vt 0.83882513 1.19679655
vt 0.83882513 0.42619892
vt 0.83882513 1.11908983
vt 0.83926856 0.84333860
vt 0.83951612 0.75541429
vt 0.83991795 0.49430830
vt 0.84073171 0.67575296
vt 0.84113839 0.35240290
vt 0.84158364 -0.22988538
vt 0.84158364 0.46300553
vt 0.84178179 0.43954752
vt 0.84268310 0.65125013
vt 0.84272123 0.82171959
vt 0.84290136 0.63249348
vt 0.84300641 0.68894287
vt 0.84301900 0.62453544
vt 0.84301900 0.73378857
vt 0.84386340 0.51102603
vt 0.84386340 0.53584501
vt 0.84386340 0.62027916
vt 0.84386340 0.64509814
vt 0.84422178 0.82916513
vt 0.84462949 4.8029988e-3
vt 0.84475404 0.29444325
vt 0.84475404 0.63891346
vt 0.84485495 4.2880919e-2
vt 0.84488748 0.43928666
vt 0.84593570 9.1640245e-2
vt 0.84593570 0.90835976
vt 0.84609951 0.42751645
vt 0.84609951 0.50502155
vt 0.84679672 0.31193051
vt 0.84792877 0.59951508
vt 0.84900686 0.65771407
vt 0.84974498 0.81063047
vt 0.85004596 0.69291404
vt 0.85005770 0.42741661
vt 0.85090009 1.04041082
vt 0.85090009 0.34751991
vt 0.85213121 0.76677047
vt 0.85308191 0.54289050
vt 0.85374781 0.50390564
vt 0.85374781 1.19679655
vt 0.85374781 0.42619892
vt 0.85374781 1.11908983
vt 0.85586599 0.71815721
vt 0.85650633 -0.22988538
vt 0.85650633 0.46300553
vt 0.85660313 0.23170184
vt 0.85816109 0.85084762
vt 0.85991945 0.24270559
vt 0.85995936 0.74888809
vt 0.86031109 7.6148064e-2
vt 0.86031109 1.4549547e-2
vt 0.86081660 0.83552279
vt 0.86264083 0.15794857
vt 0.86292873 0.57145354
vt 0.86326961 1.03897124
vt 0.86801866 0.67932782
vt 0.86913756 0.62808579
vt 0.87122398 1.30475397
vt 0.87133116 -0.39788027
vt 0.87142901 -0.22988538
vt 0.87142901 0.46300553
vt 0.87210615 0.77191327
vt 0.87242634 0.57863829
vt 0.87371058 0.27304965
vt 0.87437681 0.28023597
vt 0.87448305 0.35817984
vt 0.87487559 0.26594378
vt 0.87633548 1.05400405
vt 0.87643374 0.28708433
vt 0.87728454 0.25928753
vt 0.87898554 0.32863775
vt 0.87910934 0.29379079
vt 0.88098745 0.77533604
vt 0.88139877 0.32191742
vt 0.88155077 0.50944233
vt 0.88219051 0.30069672
vt 0.88346673 0.31505839
vt 0.88372278 0.30786595
vt 0.88376522 0.63392912
vt 0.88395963 0.88121301
vt 0.88396179 0.61225112
vt 0.88411238 0.32840707
vt 0.88750415 0.75936638
vt 0.88803160 1.30450081
vt 0.88812918 -0.39792741
vt 0.89007304 0.73097142
vt 0.89165708 9.7330927e-2
vt 0.89284488 0.99072628
vt 0.89502091 0.30323114
vt 0.89642855 0.93771712
vt 0.89668565 1.4548731e-2
vt 0.89668565 7.6148879e-2
vt 0.89702401 0.57307045
vt 0.89802923 0.44578926
vt 0.89815977 0.42628448
vt 0.89905980 0.79954828
vt 0.90022127 0.27318388
vt 0.90138893 0.27960174
vt 0.90157504 0.26677066
vt 0.90342763 0.68830176
vt 0.90433153 0.28566314
vt 0.90436847 0.47552196
vt 0.90456546 0.26068429
vt 0.90480274 1.30417072
vt 0.90487170 -0.39794984
vt 0.90551907 0.84219922
vt 0.90655580 0.32826935
vt 0.90754409 0.57028343
vt 0.90852846 0.29158657
vt 0.90979005 0.79283692
vt 0.91010127 0.32251092
vt 0.91087987 0.99541019
vt 0.91111651 0.37895276
vt 0.91129915 0.30812226
vt 0.91246768 0.29873922
vt 0.91293051 0.60670062
vt 0.91324357 0.31552905
vt 0.91441725 0.36834636
vt 0.91446160 0.82774082
vt 0.91449255 0.30720275
vt 0.91484089 0.16212998
vt 0.91590475 0.78296642
vt 0.91593634 0.29874387
vt 0.91641617 0.31564632
vt 0.91972549 0.30703657
vt 0.91988945 0.29139764
vt 0.92034473 0.32286533
vt 0.92076167 0.50363882
vt 0.92158023 1.30389097
vt 0.92162054 -0.39794374
vt 0.92172664 0.23356889
vt 0.92307284 0.43573545
vt 0.92417170 0.32872073
vt 0.92421372 0.28530693
vt 0.92489269 0.26040699
vt 0.92764382 0.27930590
vt 0.92798425 0.26642388
vt 0.92915335 0.27286512
vt 0.93143958 0.26540170
vt 0.93450904 0.82695561
vt 0.93838531 1.30378939
vt 0.93841587 -0.39790546
vt 0.94007987 0.63636429
vt 0.94316247 0.66592534
vt 0.94485862 0.30764993
vt 0.94588237 0.31487960
vt 0.94596539 0.30028236
vt 0.94765785 0.28993715
vt 0.94851871 0.32142951
vt 0.94896577 0.29340064
vt 0.95171067 0.32776037
vt 0.95185227 6.5468468e-3
vt 0.95185379 0.99344535
vt 0.95185760 0.50001919
vt 0.95220726 0.28690909
vt 0.95221910 0.25896462
vt 0.95256995 0.83693077
vt 0.95455588 0.28002631
vt 0.95459700 0.26576157
vt 0.95476822 0.66730403
vt 0.95519931 1.30387078
vt 0.95522986 -0.39785409
vt 0.95559959 0.27289354
vt 0.95914359 0.37223241
vt 0.96014825 0.10665894
vt 0.96724948 3.0317410e-2
vt 0.96755180 0.12415915
vt 0.96755180 0.19171544
vt 0.96755180 0.80828456
vt 0.96755180 0.87584085
vt 0.97058952 0.91004172
vt 0.97166417 0.64891460
vt 0.97202167 1.30414029
vt 0.97204048 -0.39780767
vt 0.97375275 0.57373480
vt 0.97485250 0.17819441
vt 0.97720288 1.6457521e-2
vt 0.98067137 0.81583198
vt 0.98253019 0.73219891
vt 0.98454216 0.39222166
vt 0.98881461 -0.39778186
vt 0.98882314 1.30447172
vt 0.99137890 0.43450571
vt 0.99522880 0.81342307
vt 0.99955078 0.49737972
vt 1.00061551 1.9522185e-2
vt 1.00560071 -0.39779146
vt 1.00563667 1.30474082
vt 1.00898215 0.89450737
vt 1.01189854 0.63110042
vt 1.02242714 -0.39782744
vt 1.02247490 1.30486549
vt 1.02304083 0.97555040
vt 1.02704579 0.24265562
vt 1.02739156 0.64481421
vt 1.03045695 0.88121423
vt 1.03045822 0.61224892
vt 1.03925400 -0.39788027
vt 1.03930181 1.30476280
vt 1.04249914 0.62559783
vt 1.06613265 7.1476579e-2
vt 1.06761139 0.55566615
vt 1.07744509 0.19723155
vt 1.07753896 0.20441252
vt 1.07760973 0.19007552
vt 1.07793312 0.21158637
vt 1.07834887 0.18293916
vt 1.07856532 0.21872222
vt 1.07891553 0.15424358
vt 1.07894046 0.17578803
vt 1.07923231 0.16141523
vt 1.07927694 0.22585101
vt 1.07929810 0.16860581
vt 1.08065896 0.17810883
vt 1.09061414 0.48689838
vt 1.09064337 0.13507125
vt 1.09071823 0.17854502
vt 1.09073725 0.17130819
vt 1.09074008 0.14231210
vt 1.09074572 0.18578931
vt 1.09077480 0.16406987
vt 1.09079802 0.14957198
vt 1.09080239 0.15682881
vt 1.09081630 0.19302429
vt 1.09092565 0.20024912
vt 1.09104377 0.20748158
vt 1.09517525 0.65566738
vt 1.09517525 0.67518726
vt 1.09601469 0.55816347
vt 1.09601469 0.58180180
vt 1.09635283 0.30188284
vt 1.10443890 0.14353881
vt 1.10443890 0.85646119
vt 1.10594943 0.60436322
vt 1.10665094 0.13814031
vt 1.10679785 0.57157374
vt 1.10753100 0.12772441
vt 1.10926723 0.42025879
vt 1.11013739 0.71231550
vt 1.11588451 0.57589222
vt 1.11588451 0.55816347
vt 1.11588451 0.58180180
vt 1.11588451 0.56998264
vt 1.11588451 0.56407306
vt 1.11923809 0.65645706
vt 1.11955893 0.21053404
vt 1.12142691 0.35332575
vt 1.12465110 0.28275747
vt 1.12846116 0.64335851
vt 1.12907418 0.40902216
vt 1.12995581 -2.4831338e-3
vt 1.13021125 5.3506015e-2
vt 1.13031927 5.5388194e-3
vt 1.13037518 6.9872279e-2
vt 1.13038262 7.7891767e-2
vt 1.13038923 6.1848821e-2
vt 1.13054507 5.3808589e-2
vt 1.13060525 1.3574353e-2
vt 1.13079208 4.5753468e-2
vt 1.13083620 2.1614717e-2
vt 1.13099690 2.9650598e-2
vt 1.13118861 3.7695692e-2
vt 1.14812726 0.63572077
vt 1.15149125 0.60382267
vt 1.15284041 0.62433402
vt 1.15470337 0.22315918
vt 1.15713645 0.35961439
vt 1.15813257 0.58465758
vt 1.15821453 0.40901931
vt 1.15905209 0.63677493
vt 1.17531765 0.70888141
vt 1.17532236 0.72919289
vt 1.18161415 0.76012030
vt 1.19025419 0.41104590
vt 1.19296314 0.42842626
vt 1.20305535 0.78069893
vt 1.20442425 0.41599535
vt 1.20772065 0.82892944
vt 1.22121329 0.85777646
vt 1.22727605 0.47133351
vt 1.23386314 0.17036205
vt 1.23412694 6.2282882e-2
vt 1.23412694 0.79580541
vt 1.23429762 0.93891141
vt 1.23610855 0.44202713
vt 1.23804737 0.27951331
vt 1.24912354 0.61224130
vt 1.24913250 0.88122003
vt 1.25141305 4.1010342e-2
vt 1.25274728 0.63705411
vt 1.25862620 0.52406263
vt 1.26044944 3.5057649e-2
vt 1.26409041 0.52844363
vt 1.27605766 8.8271667e-2
vt 1.28132559 0.12145735
vt 1.28539398 0.45595176
vt 1.29231390 0.19138785
vt 1.30090566 0.38900820
vt 1.30286257 0.25865986
vt 1.30755976 0.32448314
vt 1.31425267 0.33207209
vt 1.31598776 0.68792696
vt 1.32723513 0.56576059
vt 1.32770513 6.5433375e-3
vt 1.32772154 0.50000341
vt 1.32773827 0.99345654
vt 1.33873393 0.22171995
vt 1.35354908 0.75099445
vt 1.37350969 0.38365371
vt 1.37598762 6.5434642e-3
vt 1.37602045 0.99345666
vt 1.37646857 0.82472068
vt 1.39231719 0.90598567
vt 1.39423636 0.71677559
vt 1.39739042 0.68148910
vt 1.40274868 0.60684961
vt 1.40328844 0.13368141
vt 1.41181902 0.43152787
vt 1.42866621 0.27701205
vt 1.43440901 0.17932502
vt 1.43481748 0.12051311
vt 1.43704381 0.54676228
vt 1.44297929 5.9436763e-2
vt 1.44620989 0.47799488
vt 1.44938832 0.23575717
vt 1.45255896 0.47810473
vt 1.45268055 0.65588809
vt 1.46477516 0.41175715
vt 1.46586128 0.29216572
vt 1.46997313 0.35018550
vt 1.48695545 0.71661621
vt 1.49245214 0.52184058
vt 1.49459353 0.61981501
vt 1.49858923 0.32781391
vt 1.50994165 0.18542752
vt 1.51260784 0.78773140
vt 1.52256916 0.17432971
vt 1.53416347 0.86801884
vt 1.53724484 0.56650598
vt 1.54726974 0.37481172
vt 1.56011949 0.13609490
vt 1.56499714 0.20793168
vt 1.57209079 0.61835068
vt 1.58543654 0.41966529
vt 1.59530450 0.24034913
vt 1.59745565 8.7300458e-2
vt 1.60030016 0.25497562
vt 1.60250298 0.67905950
vt 1.62171697 0.46587835
vt 1.62173335 0.30549248
vt 1.63021442 0.74938822
vt 1.63297431 0.35984704
vt 1.63464458 9.3501826e-3
vt 1.63731144 0.41756026
vt 1.63826101 0.47701340
vt 1.65085142 0.16876953
vt 1.65491848 0.51506047
vt 1.65568292 0.29053236
vt 1.65781370 0.82800592
vt 1.68356528 9.3501826e-3
vt 1.68356528 0.25467509
vt 1.68356528 0.50000000
vt 1.68356528 0.74532491
vt 1.68356528 0.99064982
vt 1.68639570 0.57191073
vt 1.70252958 0.34050538
vt 1.71503058 0.21059980
vt 1.71633380 0.63674981
vt 1.72236979 0.12278333
vt 1.74199417 0.39232869
vt 1.74572690 0.70932560
vt 1.75765586 0.53302785
vt 1.76138440 0.25563451
vt 1.77496849 0.78787982
vt 1.77743727 0.44959397
vt 1.79458945 0.30366362
vt 1.79916384 0.51463836
vt 1.80995925 0.51506117
vt 1.81929297 0.35429943
vt 1.82122548 0.16279167
vt 1.83973060 0.58805424
vt 1.83980207 0.40644635
vt 1.86675858 0.66647141
vt 1.89202276 0.74801876
vt 1.89601719 0.20310155
vt 1.95369596 0.24499578
vt 2.00007981 0.28859185
vt 2.04100310 0.33319640
vt 2.06661830 0.40343282
vt 3.85459153 0.78136114
vt 3.85648726 0.76905171
vt 3.85854088 0.75671544
vt 3.86071032 0.74441966
vt 3.86295391 0.73218944
vt 3.86519465 0.71996335
vt 3.86732836 0.70770508
vt 3.86935110 0.69539981
vt 3.87122526 0.68310173
vt 3.87302873 0.67083399
vt 3.87484425 0.65855050
vt 3.89959470 0.37616592
vt 3.90035914 0.36377253
vt 3.90120611 0.35135065
vt 3.90220642 0.33891040
vt 3.90332263 0.32649899
vt 3.90451909 0.31413847
vt 3.90570800 0.30177724
vt 3.90680141 0.28936670
vt 3.90777521 0.27691683
vt 3.90860214 0.26447830
vt 3.90935800 0.25207960
vt 4.25212894 0.46337761
vt 4.25241773 0.47513905
vt 4.25257160 0.52238168
vt 4.25264086 0.48695729
vt 4.25269669 0.51062271
vt 4.25272658 0.49880625
vt 4.66706804 0.40531963
vt 4.66744065 0.39335894
vt 4.66767783 0.38136878
vt 4.66776899 0.35746367
vt 4.66777450 0.36939687
vn -3.3778517e-16 0.41547011 0.90960683
vn -0.99859137 6.7206088e-5 5.3059215e-2
vn -0.30914487 -0.95085919 1.7211795e-2
vn 0.80806482 -0.58755802 -4.2506735e-2
vn 0.80822354 0.58727245 -4.3425574e-2
vn -0.30855457 0.95107783 1.5653567e-2
vn -0.80813790 0.58745899 4.2486057e-2
vn -0.80828942 -0.58718026 4.3446092e-2
vn 0.30861009 -0.95105954 -1.5670799e-2
vn 0.99859109 -5.2822413e-5 -5.3064427e-2
vn 0.30922337 0.95083380 -1.7204427e-2
vn -0.98894703 1.1293494e-4 0.14826921
vn -0.80045813 0.58725448 0.11999567
vn -0.30556414 0.95106936 4.5799940e-2
vn 0.30665402 0.95071017 -4.5972715e-2
vn 0.80068794 0.58692456 -0.12007657
vn 0.98893686 -8.9010165e-5 -0.14833705
vn 0.80037104 -0.58736503 -0.12003553
vn 0.30562095 -0.95105004 -4.5821931e-2
vn -0.30655953 -0.95074159 4.5952977e-2
vn -0.80076439 -0.58682611 0.12004790
vn -0.97375037 2.2160683e-4 0.22761846
vn -0.78811759 0.58730565 0.18423558
vn -0.30085768 0.95107174 7.0336285e-2
vn 0.30196410 0.95070159 -7.0598661e-2
vn 0.78844331 0.58684376 -0.18431374
vn 0.97375099 -2.0240119e-4 -0.22761584
vn 0.78804584 -0.58740738 -0.18421815
vn 0.30091169 -0.95105355 -7.0351280e-2
vn -0.30188117 -0.95072952 7.0577131e-2
vn -0.78850802 -0.58675172 0.18432990
vn -0.93875219 2.9969973e-4 0.34459286
vn -0.76294683 0.58254301 0.28027804
vn -0.29284873 0.95007364 0.10770187
vn 0.29435454 0.94954445 -0.10826233
vn 0.76300215 0.58254157 -0.28013038
vn 0.93884018 -2.8615063e-4 -0.34435305
vn 0.76255060 -0.58320224 -0.27998523
vn 0.29329933 -0.94991363 -0.10788697
vn -0.29387204 -0.94971371 0.10808838
vn -0.76337826 -0.58189353 0.28045242
vn 0.99859137 6.7575987e-5 5.3059189e-2
vn 0.30914817 -0.95085812 1.7211800e-2
vn -0.80806504 -0.58755772 -4.2506743e-2
vn -0.80822515 0.58727023 -4.3425552e-2
vn 0.30855310 0.95107831 1.5653575e-2
vn 0.80813823 0.58745854 4.2486063e-2
vn 0.80829110 -0.58717794 4.3446077e-2
vn -0.30860861 -0.95106001 -1.5670804e-2
vn -0.99859109 -5.3068108e-5 -5.3064410e-2
vn -0.30922687 0.95083266 -1.7204430e-2
vn 0.98894703 1.1293494e-4 0.14826921
vn 0.80045813 0.58725448 0.11999567
vn 0.30556414 0.95106936 4.5799940e-2
vn -0.30665402 0.95071017 -4.5972715e-2
vn -0.80068794 0.58692456 -0.12007657
vn -0.98893686 -8.9010165e-5 -0.14833705
vn -0.80037104 -0.58736503 -0.12003553
vn -0.30562095 -0.95105004 -4.5821931e-2
vn 0.30655953 -0.95074159 4.5952977e-2
vn 0.80076439 -0.58682611 0.12004790
vn 0.97375037 2.2160683e-4 0.22761846
vn 0.78811759 0.58730565 0.18423558
vn 0.30085768 0.95107174 7.0336285e-2
vn -0.30196410 0.95070159 -7.0598661e-2
vn -0.78844331 0.58684376 -0.18431374
vn -0.97375099 -2.0240119e-4 -0.22761584
vn -0.78804584 -0.58740738 -0.18421815
vn -0.30091169 -0.95105355 -7.0351280e-2
vn 0.30188117 -0.95072952 7.0577131e-2
vn 0.78850802 -0.58675172 0.18432990
vn 0.93875219 2.9969973e-4 0.34459286
vn 0.76294683 0.58254301 0.28027804
vn 0.29284873 0.95007364 0.10770187
vn -0.29435454 0.94954445 -0.10826233
vn -0.76300215 0.58254157 -0.28013038
vn -0.93884018 -2.8615063e-4 -0.34435305
vn -0.76255060 -0.58320224 -0.27998523
vn -0.29329933 -0.94991363 -0.10788697
vn 0.29387204 -0.94971371 0.10808838
vn 0.76337826 -0.58189353 0.28045242
vn -0.75270643 -1.0920170e-4 0.65835630
vn -0.86257797 8.0801567e-5 0.50592414
vn -0.60984364 0.58613947 0.53341472
vn -0.70134277 0.58237590 0.41104335
vn -0.23300950 0.95087520 0.20382080
vn -0.26930954 0.95005853 0.15767421
vn 0.23396527 0.95048712 -0.20453482
vn 0.27071689 0.94954848 -0.15833528
vn 0.61001480 0.58627501 -0.53306994
vn 0.70132000 0.58266048 -0.41067874
vn 0.75306517 1.4237978e-4 -0.65794592
vn 0.86277450 -5.8917207e-5 -0.50558893
vn 0.60989792 -0.58646606 -0.53299352
vn 0.70104467 -0.58307289 -0.41056349
vn 0.23322611 -0.95080412 -0.20390463
vn 0.26980275 -0.94989303 -0.15782810
vn -0.23369316 -0.95057581 0.20443368
vn -0.27017139 -0.94972770 0.15819204
vn -0.60992523 -0.58596717 0.53351073
vn -0.70157855 -0.58197984 0.41120190
vn -0.61675571 -2.1373656e-4 0.78715459
vn -0.45914727 -4.9496124e-4 0.88836003
vn -0.49838825 0.58939508 0.63578502
vn -0.36885591 0.59532348 0.71381740
vn -0.18973743 0.95157293 0.24188564
vn -0.13929272 0.95283406 0.26963825
vn 0.19024034 0.95128808 -0.24260998
vn 0.13902494 0.95271476 -0.27019743
vn 0.49809610 0.58940001 -0.63600936
vn 0.36728860 0.59502887 -0.71487043
vn 0.61630265 2.5116652e-4 -0.78750936
vn 0.45670047 5.3671906e-4 -0.88962036
vn 0.49803897 -0.58947347 -0.63598602
vn 0.36731603 -0.59479475 -0.71505115
vn 0.18965110 -0.95158940 -0.24188855
vn 0.13861443 -0.95297858 -0.26947703
vn -0.19026434 -0.95129167 0.24257708
vn -0.13961529 -0.95259524 0.27031442
vn -0.49839596 -0.58934446 0.63582590
vn -0.36873228 -0.59559146 0.71365770
vn -0.28351012 -4.6494271e-4 0.95896913
vn -9.5401585e-2 1.9186097e-4 0.99543885
vn -0.22716357 0.59783732 0.76875695
vn -7.6532727e-2 0.59149038 0.80267171
vn -8.5482999e-2 0.95335361 0.28949879
vn -2.8840444e-2 0.95198973 0.30476842
vn 8.5057201e-2 0.95325283 -0.28995571
vn 2.8677057e-2 0.95166328 -0.30580162
vn 0.22540554 0.59711317 -0.76983648
vn 7.5939593e-2 0.59069847 -0.80331096
vn 0.28074202 5.0165645e-4 -0.95978314
vn 9.4541506e-2 -1.7636954e-4 -0.99552091
vn 0.22541673 -0.59691408 -0.76998758
vn 7.5913679e-2 -0.59123038 -0.80292201
vn 8.4801845e-2 -0.95351616 -0.28916360
vn 2.8581039e-2 -0.95200606 -0.30474183
vn -8.5664923e-2 -0.95311258 0.29023773
vn -2.8913885e-2 -0.95165596 0.30580209
vn -0.22705791 -0.59806736 0.76860922
vn -7.6524898e-2 -0.59097012 0.80305557
vn 0.75270643 -1.0920170e-4 0.65835630
vn 0.86257797 8.0801567e-5 0.50592414
vn 0.60984364 0.58613947 0.53341472
vn 0.70134277 0.58237590 0.41104335
vn 0.23300950 0.95087520 0.20382080
vn 0.26930954 0.95005853 0.15767421
vn -0.23396527 0.95048712 -0.20453482
vn -0.27071689 0.94954848 -0.15833528
vn -0.61001480 0.58627501 -0.53306994
vn -0.70132000 0.58266048 -0.41067874
vn -0.75306517 1.4237978e-4 -0.65794592
vn -0.86277450 -5.8917207e-5 -0.50558893
vn -0.60989792 -0.58646606 -0.53299352
vn -0.70104467 -0.58307289 -0.41056349
vn -0.23322611 -0.95080412 -0.20390463
vn -0.26980275 -0.94989303 -0.15782810
vn 0.23369316 -0.95057581 0.20443368
vn 0.27017139 -0.94972770 0.15819204
vn 0.60992523 -0.58596717 0.53351073
vn 0.70157855 -0.58197984 0.41120190
vn 0.45914727 -4.9496124e-4 0.88836003
vn 0.61675571 -2.1373656e-4 0.78715459
vn 0.36885591 0.59532348 0.71381740
vn 0.49838825 0.58939508 0.63578502
vn 0.13929272 0.95283406 0.26963825
vn 0.18973743 0.95157293 0.24188564
vn -0.13902494 0.95271476 -0.27019743
vn -0.19024034 0.95128808 -0.24260998
vn -0.36728860 0.59502887 -0.71487043
vn -0.49809610 0.58940001 -0.63600936
vn -0.45670047 5.3671906e-4 -0.88962036
vn -0.61630265 2.5116652e-4 -0.78750936
vn -0.36731603 -0.59479475 -0.71505115
vn -0.49803897 -0.58947347 -0.63598602
vn -0.13861443 -0.95297858 -0.26947703
vn -0.18965110 -0.95158940 -0.24188855
vn 0.13961529 -0.95259524 0.27031442
vn 0.19026434 -0.95129167 0.24257708
vn 0.36873228 -0.59559146 0.71365770
vn 0.49839596 -0.58934446 0.63582590
vn 9.5401585e-2 1.9186097e-4 0.99543885
vn 0.28351012 -4.6494271e-4 0.95896913
vn 7.6532727e-2 0.59149038 0.80267171
vn 0.22716357 0.59783732 0.76875695
vn 2.8840444e-2 0.95198973 0.30476842
vn 8.5482999e-2 0.95335361 0.28949879
vn -2.8677057e-2 0.95166328 -0.30580162
vn -8.5057201e-2 0.95325283 -0.28995571
vn -7.5939593e-2 0.59069847 -0.80331096
vn -0.22540554 0.59711317 -0.76983648
vn -9.4541506e-2 -1.7636954e-4 -0.99552091
vn -0.28074202 5.0165645e-4 -0.95978314
vn -7.5913679e-2 -0.59123038 -0.80292201
vn -0.22541673 -0.59691408 -0.76998758
vn -2.8581039e-2 -0.95200606 -0.30474183
vn -8.4801845e-2 -0.95351616 -0.28916360
vn 2.8913885e-2 -0.95165596 0.30580209
vn 8.5664923e-2 -0.95311258 0.29023773
vn 7.6524898e-2 -0.59097012 0.80305557
vn 0.22705791 -0.59806736 0.76860922
vn 0.97689561 -9.1069402e-5 -0.21371703
vn 0.79723819 -2.0835711e-4 -0.60366482
vn 0.30749366 -0.94990428 -5.5941952e-2
vn 0.29132406 -0.93818386 -0.18692600
vn -0.78395182 -0.59010262 0.19286899
vn -0.63618026 -0.53763404 0.55337538
vn -0.79074127 0.58696074 0.17379680
vn -0.66642952 0.53753882 0.51664660
vn 0.25201535 0.93793274 -0.23826549
vn 0.29770537 0.95131944 -7.9767327e-2
vn 0.79011270 0.58537387 -0.18182229
vn 0.66244559 0.52997138 -0.52943005
vn 0.79373890 -0.58448628 -0.16838746
vn 0.68157877 -0.53070150 -0.50379192
vn -0.29496922 -0.95183096 8.3731642e-2
vn -0.24678187 -0.93575308 0.25192238
vn -0.97401003 -2.4093495e-4 0.22650474
vn -0.30790250 0.94971685 5.6867910e-2
vn -0.29333130 0.93609164 0.19413706
vn 0.17635062 -5.0134804e-5 -0.98432741
vn 0.50863041 -1.6586748e-4 -0.86098495
vn 6.4958280e-2 -0.95076179 -0.30303866
vn 0.20327205 -0.93843141 -0.27933306
vn -0.12726817 -0.57778898 0.80620265
vn -0.39026671 -0.52665334 0.75520073
vn -0.14282418 0.58171803 0.80075301
vn -0.42841550 0.53162881 0.73063737
vn 0.15368427 0.93572272 -0.31749667
vn 4.6356407e-2 0.94881671 -0.31240669
vn 0.13880953 0.58076828 -0.80214719
vn 0.42099192 0.52602449 -0.73896146
vn 0.14915179 -0.58228159 -0.79918827
vn 0.44674997 -0.52790577 -0.72230878
vn -4.3181083e-2 -0.94750752 0.31680419
vn -0.14846529 -0.93175321 0.33135179
vn -0.16274334 4.0148094e-4 0.98666836
vn -0.64297895 2.4096704e-4 0.76588381
vn -6.4758678e-2 0.95029474 0.30454265
vn -0.20493204 0.93584059 0.28671457
vn -0.98181073 3.1641046e-6 -0.18986227
vn -0.83911272 3.4246224e-4 -0.54395747
vn -0.30997707 -0.94947821 -4.9044391e-2
vn -0.30705494 -0.93679518 -0.16772613
vn 0.79590492 -0.58416543 0.15901605
vn 0.70403668 -0.53345719 0.46878116
vn 0.80172374 0.58079562 0.14112225
vn 0.72961639 0.52989467 0.43228642
vn -0.27209232 0.93801532 -0.21469286
vn -0.30176649 0.95074408 -7.0870918e-2
vn -0.79609347 0.58332843 -0.16113076
vn -0.70284796 0.52827086 -0.47637657
vn -0.79905676 -0.58248684 -0.14905497
vn -0.71896187 -0.52730950 -0.45281180
vn 0.30213123 -0.95056030 7.1776297e-2
vn 0.27638483 -0.93560741 0.21965929
vn 0.98326098 -4.7732832e-4 0.18220212
vn 0.31341153 0.94846979 4.6671902e-2
vn 0.31840794 0.93341534 0.16538495
vn -0.57041862 7.1770960e-4 -0.82135381
vn -0.20171032 3.7955240e-4 -0.97944515
vn -0.22546755 -0.93741196 -0.26537371
vn -7.5263951e-2 -0.95058033 -0.30121815
vn 0.48012654 -0.53385345 0.69604526
vn 0.16075400 -0.58381280 0.79581453
vn 0.51631641 0.53423224 0.66933794
vn 0.17894207 0.58637848 0.79002533
vn -0.17776894 0.93734671 -0.29963202
vn -5.3277293e-2 0.94959652 -0.30891419
vn -0.47676098 0.52796192 -0.70281945
vn -0.15941239 0.58251242 -0.79703636
vn -0.50053843 -0.52686457 -0.68693158
vn -0.17153211 -0.58269613 -0.79438149
vn 0.18203197 -0.93482996 0.30488900
vn 5.3173445e-2 -0.94912533 0.31037671
vn 0.73067024 -5.6863768e-4 0.68273031
vn 0.20849085 4.3458640e-5 0.97802432
vn 0.23689887 0.93518595 0.26326065
vn 7.8516790e-2 0.95085262 0.29952363
vn 0.99859137 6.7206088e-5 5.3059215e-2
vn 0.30914487 -0.95085919 1.7211795e-2
vn -0.80806482 -0.58755802 -4.2506735e-2
vn -0.80822354 0.58727245 -4.3425574e-2
vn 0.30855457 0.95107783 1.5653567e-2
vn 0.80813790 0.58745899 4.2486057e-2
vn 0.80828942 -0.58718026 4.3446092e-2
vn -0.30861009 -0.95105954 -1.5670799e-2
vn -0.99859109 -5.2822413e-5 -5.3064427e-2
vn -0.30922337 0.95083380 -1.7204427e-2
vn 0.98894703 1.1293494e-4 0.14826921
vn 0.80045813 0.58725448 0.11999567
vn 0.30556414 0.95106936 4.5799940e-2
vn -0.30665402 0.95071017 -4.5972715e-2
vn -0.80068794 0.58692456 -0.12007657
vn -0.98893686 -8.9010165e-5 -0.14833705
vn -0.80037104 -0.58736503 -0.12003553
vn -0.30562095 -0.95105004 -4.5821931e-2
vn 0.30655953 -0.95074159 4.5952977e-2
vn 0.80076439 -0.58682611 0.12004790
vn 0.97375037 2.2160683e-4 0.22761846
vn 0.78811759 0.58730565 0.18423558
vn 0.30085768 0.95107174 7.0336285e-2
vn -0.30196410 0.95070159 -7.0598661e-2
vn -0.78844331 0.58684376 -0.18431374
vn -0.97375099 -2.0240119e-4 -0.22761584
vn -0.78804584 -0.58740738 -0.18421815
vn -0.30091169 -0.95105355 -7.0351280e-2
vn 0.30188117 -0.95072952 7.0577131e-2
vn 0.78850802 -0.58675172 0.18432990
vn 0.93875219 2.9969973e-4 0.34459286
vn 0.76294683 0.58254301 0.28027804
vn 0.29284873 0.95007364 0.10770187
vn -0.29435454 0.94954445 -0.10826233
vn -0.76300215 0.58254157 -0.28013038
vn -0.93884018 -2.8615063e-4 -0.34435305
vn -0.76255060 -0.58320224 -0.27998523
vn -0.29329933 -0.94991363 -0.10788697
vn 0.29387204 -0.94971371 0.10808838
vn 0.76337826 -0.58189353 0.28045242
vn -0.99859137 6.7575987e-5 5.3059189e-2
vn -0.30914817 -0.95085812 1.7211800e-2
vn 0.80806504 -0.58755772 -4.2506743e-2
vn 0.80822515 0.58727023 -4.3425552e-2
vn -0.30855310 0.95107831 1.5653575e-2
vn -0.80813823 0.58745854 4.2486063e-2
vn -0.80829110 -0.58717794 4.3446077e-2
vn 0.30860861 -0.95106001 -1.5670804e-2
vn 0.99859109 -5.3068108e-5 -5.3064410e-2
vn 0.30922687 0.95083266 -1.7204430e-2
vn -0.98894703 1.1293494e-4 0.14826921
vn -0.80045813 0.58725448 0.11999567
vn -0.30556414 0.95106936 4.5799940e-2
vn 0.30665402 0.95071017 -4.5972715e-2
vn 0.80068794 0.58692456 -0.12007657
vn 0.98893686 -8.9010165e-5 -0.14833705
vn 0.80037104 -0.58736503 -0.12003553
vn 0.30562095 -0.95105004 -4.5821931e-2
vn -0.30655953 -0.95074159 4.5952977e-2
vn -0.80076439 -0.58682611 0.12004790
vn -0.97375037 2.2160683e-4 0.22761846
vn -0.78811759 0.58730565 0.18423558
vn -0.30085768 0.95107174 7.0336285e-2
vn 0.30196410 0.95070159 -7.0598661e-2
vn 0.78844331 0.58684376 -0.18431374
vn 0.97375099 -2.0240119e-4 -0.22761584
vn 0.78804584 -0.58740738 -0.18421815
vn 0.30091169 -0.95105355 -7.0351280e-2
vn -0.30188117 -0.95072952 7.0577131e-2
vn -0.78850802 -0.58675172 0.18432990
vn -0.93875219 2.9969973e-4 0.34459286
vn -0.76294683 0.58254301 0.28027804
vn -0.29284873 0.95007364 0.10770187
vn 0.29435454 0.94954445 -0.10826233
vn 0.76300215 0.58254157 -0.28013038
vn 0.93884018 -2.8615063e-4 -0.34435305
vn 0.76255060 -0.58320224 -0.27998523
vn 0.29329933 -0.94991363 -0.10788697
vn -0.29387204 -0.94971371 0.10808838
vn -0.76337826 -0.58189353 0.28045242
vn 0.75270643 -1.0920170e-4 0.65835630
vn 0.86257797 8.0801567e-5 0.50592414
vn 0.60984364 0.58613947 0.53341472
vn 0.70134277 0.58237590 0.41104335
vn 0.23300950 0.95087520 0.20382080
vn 0.26930954 0.95005853 0.15767421
vn -0.23396527 0.95048712 -0.20453482
vn -0.27071689 0.94954848 -0.15833528
vn -0.61001480 0.58627501 -0.53306994
vn -0.70132000 0.58266048 -0.41067874
vn -0.75306517 1.4237978e-4 -0.65794592
vn -0.86277450 -5.8917207e-5 -0.50558893
vn -0.60989792 -0.58646606 -0.53299352
vn -0.70104467 -0.58307289 -0.41056349
vn -0.23322611 -0.95080412 -0.20390463
vn -0.26980275 -0.94989303 -0.15782810
vn 0.23369316 -0.95057581 0.20443368
vn 0.27017139 -0.94972770 0.15819204
vn 0.60992523 -0.58596717 0.53351073
vn 0.70157855 -0.58197984 0.41120190
vn 0.61675571 -2.1373656e-4 0.78715459
vn 0.45914727 -4.9496124e-4 0.88836003
vn 0.49838825 0.58939508 0.63578502
vn 0.36885591 0.59532348 0.71381740
vn 0.18973743 0.95157293 0.24188564
vn 0.13929272 0.95283406 0.26963825
vn -0.19024034 0.95128808 -0.24260998
vn -0.13902494 0.95271476 -0.27019743
vn -0.49809610 0.58940001 -0.63600936
vn -0.36728860 0.59502887 -0.71487043
vn -0.61630265 2.5116652e-4 -0.78750936
vn -0.45670047 5.3671906e-4 -0.88962036
vn -0.49803897 -0.58947347 -0.63598602
vn -0.36731603 -0.59479475 -0.71505115
vn -0.18965110 -0.95158940 -0.24188855
vn -0.13861443 -0.95297858 -0.26947703
vn 0.19026434 -0.95129167 0.24257708
vn 0.13961529 -0.95259524 0.27031442
vn 0.49839596 -0.58934446 0.63582590
vn 0.36873228 -0.59559146 0.71365770
vn 0.28351012 -4.6494271e-4 0.95896913
vn 9.5401585e-2 1.9186097e-4 0.99543885
vn 0.22716357 0.59783732 0.76875695
vn 7.6532727e-2 0.59149038 0.80267171
vn 8.5482999e-2 0.95335361 0.28949879
vn 2.8840444e-2 0.95198973 0.30476842
vn -8.5057201e-2 0.95325283 -0.28995571
vn -2.8677057e-2 0.95166328 -0.30580162
vn -0.22540554 0.59711317 -0.76983648
vn -7.5939593e-2 0.59069847 -0.80331096
vn -0.28074202 5.0165645e-4 -0.95978314
vn -9.4541506e-2 -1.7636954e-4 -0.99552091
vn -0.22541673 -0.59691408 -0.76998758
vn -7.5913679e-2 -0.59123038 -0.80292201
vn -8.4801845e-2 -0.95351616 -0.28916360
vn -2.8581039e-2 -0.95200606 -0.30474183
vn 8.5664923e-2 -0.95311258 0.29023773
vn 2.8913885e-2 -0.95165596 0.30580209
vn 0.22705791 -0.59806736 0.76860922
vn 7.6524898e-2 -0.59097012 0.80305557
vn -0.75270643 -1.0920170e-4 0.65835630
vn -0.86257797 8.0801567e-5 0.50592414
vn -0.60984364 0.58613947 0.53341472
vn -0.70134277 0.58237590 0.41104335
vn -0.23300950 0.95087520 0.20382080
vn -0.26930954 0.95005853 0.15767421
vn 0.23396527 0.95048712 -0.20453482
vn 0.27071689 0.94954848 -0.15833528
vn 0.61001480 0.58627501 -0.53306994
vn 0.70132000 0.58266048 -0.41067874
vn 0.75306517 1.4237978e-4 -0.65794592
vn 0.86277450 -5.8917207e-5 -0.50558893
vn 0.60989792 -0.58646606 -0.53299352
vn 0.70104467 -0.58307289 -0.41056349
vn 0.23322611 -0.95080412 -0.20390463
vn 0.26980275 -0.94989303 -0.15782810
vn -0.23369316 -0.95057581 0.20443368
vn -0.27017139 -0.94972770 0.15819204
vn -0.60992523 -0.58596717 0.53351073
vn -0.70157855 -0.58197984 0.41120190
vn -0.45914727 -4.9496124e-4 0.88836003
vn -0.61675571 -2.1373656e-4 0.78715459
vn -0.36885591 0.59532348 0.71381740
vn -0.49838825 0.58939508 0.63578502
vn -0.13929272 0.95283406 0.26963825
vn -0.18973743 0.95157293 0.24188564
vn 0.13902494 0.95271476 -0.27019743
vn 0.19024034 0.95128808 -0.24260998
vn 0.36728860 0.59502887 -0.71487043
vn 0.49809610 0.58940001 -0.63600936
vn 0.45670047 5.3671906e-4 -0.88962036
vn 0.61630265 2.5116652e-4 -0.78750936
vn 0.36731603 -0.59479475 -0.71505115
vn 0.49803897 -0.58947347 -0.63598602
vn 0.13861443 -0.95297858 -0.26947703
vn 0.18965110 -0.95158940 -0.24188855
vn -0.13961529 -0.95259524 0.27031442
vn -0.19026434 -0.95129167 0.24257708
vn -0.36873228 -0.59559146 0.71365770
vn -0.49839596 -0.58934446 0.63582590
vn -9.5401585e-2 1.9186097e-4 0.99543885
vn -0.28351012 -4.6494271e-4 0.95896913
vn -7.6532727e-2 0.59149038 0.80267171
vn -0.22716357 0.59783732 0.76875695
vn -2.8840444e-2 0.95198973 0.30476842
vn -8.5482999e-2 0.95335361 0.28949879
vn 2.8677057e-2 0.95166328 -0.30580162
vn 8.5057201e-2 0.95325283 -0.28995571
vn 7.5939593e-2 0.59069847 -0.80331096
vn 0.22540554 0.59711317 -0.76983648
vn 9.4541506e-2 -1.7636954e-4 -0.99552091
vn 0.28074202 5.0165645e-4 -0.95978314
vn 7.5913679e-2 -0.59123038 -0.80292201
vn 0.22541673 -0.59691408 -0.76998758
vn 2.8581039e-2 -0.95200606 -0.30474183
vn 8.4801845e-2 -0.95351616 -0.28916360
vn -2.8913885e-2 -0.95165596 0.30580209
vn -8.5664923e-2 -0.95311258 0.29023773
vn -7.6524898e-2 -0.59097012 0.80305557
vn -0.22705791 -0.59806736 0.76860922
vn -0.97689561 -9.1069402e-5 -0.21371703
vn -0.79723819 -2.0835711e-4 -0.60366482
vn -0.30749366 -0.94990428 -5.5941952e-2
vn -0.29132406 -0.93818386 -0.18692600
vn 0.78395182 -0.59010262 0.19286899
vn 0.63618026 -0.53763404 0.55337538
vn 0.79074127 0.58696074 0.17379680
vn 0.66642952 0.53753882 0.51664660
vn -0.25201535 0.93793274 -0.23826549
vn -0.29770537 0.95131944 -7.9767327e-2
vn -0.79011270 0.58537387 -0.18182229
vn -0.66244559 0.52997138 -0.52943005
vn -0.79373890 -0.58448628 -0.16838746
vn -0.68157877 -0.53070150 -0.50379192
vn 0.29496922 -0.95183096 8.3731642e-2
vn 0.24678187 -0.93575308 0.25192238
vn 0.97401003 -2.4093495e-4 0.22650474
vn 0.30790250 0.94971685 5.6867910e-2
vn 0.29333130 0.93609164 0.19413706
vn -0.17635062 -5.0134804e-5 -0.98432741
vn -0.50863041 -1.6586748e-4 -0.86098495
vn -6.4958280e-2 -0.95076179 -0.30303866
vn -0.20327205 -0.93843141 -0.27933306
vn 0.12726817 -0.57778898 0.80620265
vn 0.39026671 -0.52665334 0.75520073
vn 0.14282418 0.58171803 0.80075301
vn 0.42841550 0.53162881 0.73063737
vn -0.15368427 0.93572272 -0.31749667
vn -4.6356407e-2 0.94881671 -0.31240669
vn -0.13880953 0.58076828 -0.80214719
vn -0.42099192 0.52602449 -0.73896146
vn -0.14915179 -0.58228159 -0.79918827
vn -0.44674997 -0.52790577 -0.72230878
vn 4.3181083e-2 -0.94750752 0.31680419
vn 0.14846529 -0.93175321 0.33135179
vn 0.16274334 4.0148094e-4 0.98666836
vn 0.64297895 2.4096704e-4 0.76588381
vn 6.4758678e-2 0.95029474 0.30454265
vn 0.20493204 0.93584059 0.28671457
vn 0.98181073 3.1641046e-6 -0.18986227
vn 0.83911272 3.4246224e-4 -0.54395747
vn 0.30997707 -0.94947821 -4.9044391e-2
vn 0.30705494 -0.93679518 -0.16772613
vn -0.79590492 -0.58416543 0.15901605
vn -0.70403668 -0.53345719 0.46878116
vn -0.80172374 0.58079562 0.14112225
vn -0.72961639 0.52989467 0.43228642
vn 0.27209232 0.93801532 -0.21469286
vn 0.30176649 0.95074408 -7.0870918e-2
vn 0.79609347 0.58332843 -0.16113076
vn 0.70284796 0.52827086 -0.47637657
vn 0.79905676 -0.58248684 -0.14905497
vn 0.71896187 -0.52730950 -0.45281180
vn -0.30213123 -0.95056030 7.1776297e-2
vn -0.27638483 -0.93560741 0.21965929
vn -0.98326098 -4.7732832e-4 0.18220212
vn -0.31341153 0.94846979 4.6671902e-2
vn -0.31840794 0.93341534 0.16538495
vn 0.57041862 7.1770960e-4 -0.82135381
vn 0.20171032 3.7955240e-4 -0.97944515
vn 0.22546755 -0.93741196 -0.26537371
vn 7.5263951e-2 -0.95058033 -0.30121815
vn -0.48012654 -0.53385345 0.69604526
vn -0.16075400 -0.58381280 0.79581453
vn -0.51631641 0.53423224 0.66933794
vn -0.17894207 0.58637848 0.79002533
vn 0.17776894 0.93734671 -0.29963202
vn 5.3277293e-2 0.94959652 -0.30891419
vn 0.47676098 0.52796192 -0.70281945
vn 0.15941239 0.58251242 -0.79703636
vn 0.50053843 -0.52686457 -0.68693158
vn 0.17153211 -0.58269613 -0.79438149
vn -0.18203197 -0.93482996 0.30488900
vn -5.3173445e-2 -0.94912533 0.31037671
vn -0.73067024 -5.6863768e-4 0.68273031
vn -0.20849085 4.3458640e-5 0.97802432
vn -0.23689887 0.93518595 0.26326065
vn -7.8516790e-2 0.95085262 0.29952363
vn -0.16864543 -1.2212086e-2 -0.98560113
vn 0.16864543 -1.2212086e-2 -0.98560113
vn -0.46796751 -9.3114585e-3 -0.88369661
vn 0.46796751 -9.3114585e-3 -0.88369661
vn 1.2846498e-16 -1.2078903e-2 -0.99992705
vn 7.1800190e-2 -0.83973758 0.53822443
vn -7.1800190e-2 -0.83973758 0.53822443
vn 0.27574080 -0.86386466 0.42155054
vn 0.53135752 -0.83039042 0.16766316
vn -0.27574080 -0.86386466 0.42155054
vn -0.53135752 -0.83039042 0.16766316
vn -0.25040043 -0.95880028 0.13417020
vn 0.25039016 -0.95880374 0.13416468
vn 0.74813110 -0.23645813 0.61998984
vn -0.74812277 -0.23649640 0.61998530
vn -0.69268214 -0.60086153 0.39894470
vn 0.69268662 -0.60085534 0.39894625
vn 0.77868498 -0.59110185 -0.21035278
vn -0.77856169 -0.59148705 -0.20972546
vn -0.39405038 -0.91840849 -3.5357258e-2
vn 0.39402378 -0.91842000 -3.5354892e-2
vn 0.84986445 -0.52456164 -5.0650807e-2
vn -0.84986191 -0.52456562 -5.0652267e-2
vn -0.37381771 -0.92309054 -9.0355837e-2
vn -0.81107208 -0.35339380 -0.46612756
vn 0.81058665 -0.35238210 -0.46773511
vn 0.37379390 -0.92309772 -9.0380998e-2
vn -0.44412734 -0.86112128 0.24742889
vn -4.4623014e-7 -0.98734109 0.15861136
vn 0.59047757 -0.79007451 -0.16467698
vn -0.59052058 -0.79012015 -0.16430336
vn 0.97320747 -0.15897566 0.16611428
vn 2.7695979e-7 -0.15529903 0.98786751
vn 0.78536415 -0.39437258 0.47715137
vn -0.97319834 -0.15902614 0.16611948
vn 0.69341584 9.4664989e-2 0.71429197
vn -0.69341619 9.4657102e-2 0.71429267
vn -0.78534228 -0.39443023 0.47713971
vn 0.44410870 -0.86113366 0.24741924
vn 0.81406158 -0.53383869 -0.22873564
vn -0.81406450 -0.53416393 -0.22796465
vn 0.79378062 -0.59878965 -0.10659874
vn 1.5125655e-7 -0.77988783 0.62591930
vn -0.75766895 -0.54273053 -0.36246563
vn 0.75761969 -0.54190897 -0.36379539
vn -0.89274517 -0.44658401 5.9739287e-2
vn -0.34163944 -0.93954891 2.3029011e-2
vn 0.34161938 -0.93955624 2.3027450e-2
vn 0.89275062 -0.44657294 5.9740570e-2
vn -0.79374946 -0.59885281 -0.10647582
vn 0.67600511 -0.73428021 -6.2045671e-2
vn -9.6985980e-7 -0.99999534 -3.0540562e-3
vn -0.67604588 -0.73424232 -6.2049824e-2
vn -0.93746896 -0.34694115 -2.7996169e-2
vn 0.93750669 -0.34683907 -2.7997522e-2
vn 0.68319463 -0.72978439 2.5687233e-2
vn -5.4263659e-7 -0.99941020 3.4340198e-2
vn 1.2508518e-6 -0.47571648 0.87959867
vn -0.82781773 -0.37011643 -0.42158231
vn 0.59591169 -0.75723493 -0.26736587
vn -0.63692174 -0.76377263 -0.10479536
vn 0.96245926 -0.26437485 6.1466329e-2
vn 0.97373735 7.6666653e-2 0.21437771
vn -5.4664231e-9 9.3528840e-2 0.99561657
vn -0.97373769 7.6658837e-2 0.21437894
vn -5.2768408e-7 -0.93337059 0.35891412
vn -0.59612218 -0.75737288 -0.26650455
vn 0.82765048 -0.36871181 -0.42313862
vn -0.96243182 -0.26447438 6.1467756e-2
vn 0.63689589 -0.76378519 -0.10486090
vn -3.0974025e-7 -0.99885442 -4.7852399e-2
vn -0.68323198 -0.72974938 2.5688580e-2
vn -0.87256267 -0.48188561 -8.0128977e-2
vn 0.87257942 -0.48183279 -8.0264038e-2
vn -0.25364928 -0.95930643 -0.12406943
vn -0.82773875 -0.26318339 -0.49556339
vn 0.82719099 -0.26196449 -0.49712139
vn 0.25363091 -0.95930506 -0.12411750
vn -0.32596353 -0.92857190 0.17748803
vn -0.14327046 -0.97817024 0.15052097
vn 0.43523102 -0.88876243 -0.14378907
vn -0.43532877 -0.88875883 -0.14351515
vn 0.92053798 -0.21400545 0.32682028
vn -0.40285880 -0.19414741 0.89443366
vn 0.77591618 -0.44123418 0.45085085
vn -0.99083683 -0.11285430 7.4204283e-2
vn 0.72318607 -4.2242201e-2 0.68936021
vn -0.72318489 -4.2262165e-2 0.68936023
vn -0.77589808 -0.44127534 0.45084170
vn 0.56862574 -0.75629219 0.32355354
vn 0.81873389 -0.52763472 -0.22644296
vn -0.81862358 -0.52811863 -0.22571252
vn 0.78058785 -0.60705830 -0.14887189
vn -0.36418450 -0.73373939 0.57358186
vn -0.71542463 -0.56527058 -0.41065408
vn 0.71518664 -0.56450823 -0.41211470
vn -0.86037342 -0.47308141 0.18960898
vn -0.37228053 -0.92796002 -1.7245364e-2
vn 0.37225663 -0.92796963 -1.7244550e-2
vn 0.87878991 -0.47702948 -1.3083161e-2
vn -0.81864473 -0.56932899 -7.5400992e-2
vn 0.55510274 -0.82999555 -5.4482438e-2
vn -0.20237972 -0.97922044 -1.3029947e-2
vn -0.55514382 -0.82996781 -5.4486496e-2
vn -0.95424289 -0.29864211 -1.5277170e-2
vn 0.90695020 -0.41938729 -3.9441582e-2
vn -0.40691542 -0.91184767 -5.4347673e-2
vn -0.83598193 -0.39582368 -0.38007609
vn 0.83553076 -0.39544645 -0.38145832
vn 0.40688852 -0.91185941 -5.4352053e-2
vn -0.56863899 -0.75627899 0.32356111
vn 0.14326652 -0.97817136 0.15051740
vn 0.70093211 -0.68844493 -0.18638067
vn -0.70087706 -0.68863409 -0.18588821
vn 0.99084592 -0.11278217 7.4192647e-2
vn 0.40286166 -0.19412581 0.89443706
vn 0.76143293 -0.37663303 0.52760540
vn -0.92052745 -0.21405176 0.32681960
vn 0.67644002 0.17145355 0.71626293
vn -0.67644021 0.17145175 0.71626318
vn -0.76141411 -0.37668601 0.52759473
vn 0.32594842 -0.92857868 0.17748031
vn 0.78611412 -0.58003969 -0.21349135
vn -0.78626181 -0.58011655 -0.21273731
vn 0.81865179 -0.56931507 -7.5429433e-2
vn 0.36418621 -0.73373721 0.57358357
vn -0.77801994 -0.55913755 -0.28644401
vn 0.77811583 -0.55848031 -0.28746391
vn -0.87878552 -0.47703751 -1.3085211e-2
vn -0.29561175 -0.95179366 8.1868944e-2
vn 0.29559696 -0.95179861 8.1864832e-2
vn 0.86037899 -0.47307105 0.18960955
vn -0.78050824 -0.60723578 -0.14856512
vn 0.77017295 -0.63506850 -5.9343296e-2
vn 0.20237084 -0.97922228 -1.3029380e-2
vn -0.77019822 -0.63503756 -5.9346355e-2
vn -0.90692417 -0.41944357 -3.9441627e-2
vn 0.95428441 -0.29850925 -1.5280711e-2
vn 0.80334610 -0.59404492 4.1781356e-2
vn 0.61732957 -0.77696605 0.12340160
vn 0.52560982 -0.85052009 1.8705530e-2
vn 0.69001871 -0.72302863 -3.3223137e-2
vn 0.16283595 -0.98616696 3.0970706e-2
vn -4.5719822e-7 -0.99651920 8.3363589e-2
vn -0.16284152 -0.98616600 3.0971773e-2
vn -7.0932961e-7 -0.99997930 6.4341064e-3
vn 0.45878897 -0.45906214 0.76077239
vn 8.1747196e-7 -0.33130156 0.94352492
vn -0.45877877 -0.45909325 0.76075977
vn 9.8871812e-7 -0.62605661 0.77977761
vn -0.82231212 -0.45587647 -0.34055751
vn -0.82878672 -0.33424315 -0.44876953
vn -0.81923984 -0.33821850 -0.46309214
vn -0.80832577 -0.43584315 -0.39579061
vn 0.67596404 -0.66615103 -0.31514350
vn 0.58901566 -0.77910427 -0.21460916
vn 0.53357838 -0.80110929 -0.27114206
vn -0.60948633 -0.78174290 -0.13192591
vn -0.52956565 -0.84221241 -0.10118536
vn -0.65870861 -0.74803793 -8.0884068e-2
vn -0.72108354 -0.68462667 -0.10641827
vn 0.98501472 -0.17134668 1.9655107e-2
vn 0.95538428 -0.26850376 0.12307157
vn 0.92021901 -0.32298552 0.22108216
vn 0.94235632 -0.32682237 7.1775370e-2
vn 0.95547808 -0.29505992 -1.1354773e-3
vn 0.98384744 -0.17886505 7.1766961e-3
vn 0.90495270 8.9825436e-2 0.41592307
vn 0.98105849 -1.0192172e-2 0.19344345
vn 0.99371963 4.7617172e-2 0.10126158
vn 0.96344789 0.12387635 0.23753487
vn -0.34630461 9.3599995e-2 0.93344103
vn 3.5336310e-8 -1.9694868e-3 0.99999806
vn 0.34630453 9.3604147e-2 0.93344065
vn -3.7767021e-9 0.14506747 0.98942177
vn -0.99371970 4.7612799e-2 0.10126295
vn -0.98105758 -1.0213580e-2 0.19344690
vn -0.90495321 8.9816168e-2 0.41592397
vn -0.96344806 0.12387456 0.23753510
vn -4.3376537e-7 -0.87885242 0.47709372
vn -0.21210898 -0.91817383 0.33461410
vn -4.8337995e-7 -0.96724954 0.25382735
vn 0.21210351 -0.91817754 0.33460738
vn -0.53391257 -0.80116917 -0.27030600
vn -0.58913698 -0.77919075 -0.21396120
vn -0.67608303 -0.66654450 -0.31405440
vn 0.80824772 -0.43464548 -0.39726430
vn 0.81895016 -0.33661847 -0.46476730
vn 0.82851043 -0.33273845 -0.45039492
vn 0.82227676 -0.45499736 -0.34181623
vn -0.98499293 -0.17147140 1.9659381e-2
vn -0.98382713 -0.17897649 7.1822890e-3
vn -0.95544562 -0.29516502 -1.1347987e-3
vn -0.94233455 -0.32688555 7.1773565e-2
vn -0.92019376 -0.32306030 0.22107800
vn -0.95536078 -0.26858570 0.12307523
vn 0.65867144 -0.74806935 -8.0896154e-2
vn 0.52953040 -0.84222925 -0.10122972
vn 0.60946905 -0.78172712 -0.13209912
vn 0.72108146 -0.68461462 -0.10650982
vn -7.9618753e-7 -0.99980439 -1.9778305e-2
vn -0.16394257 -0.98411916 -6.8061021e-2
vn 0.16393634 -0.98411964 -6.8069140e-2
vn -0.52564557 -0.85049796 1.8707105e-2
vn -0.61736079 -0.77694022 0.12340807
vn -0.80336723 -0.59401631 4.1781788e-2
vn -0.69005866 -0.72299040 -3.3225500e-2
vn -0.91107515 -0.40927354 -4.9368476e-2
vn -0.87901779 -0.47464876 -4.5125033e-2
vn -0.83122189 -0.53987197 -0.13269671
vn -0.84760367 -0.52112388 -9.9989650e-2
vn 0.83121003 -0.53980451 -0.13304506
vn 0.87899683 -0.47467993 -4.5205592e-2
vn 0.91111305 -0.40918488 -4.9403979e-2
vn 0.84764790 -0.52102385 -0.10013586
vn 0.75304269 -0.63856142 0.15863803
vn 0.45610800 -0.88492064 9.4238829e-2
vn 0.55026953 -0.83441315 -3.0953709e-2
vn 0.79592153 -0.60486541 -2.5431390e-2
vn 0.14731688 -0.98568485 8.1994596e-2
vn -0.14732122 -0.98568402 8.1996795e-2
vn -0.18157680 -0.98337654 -6.7384113e-4
vn 0.18156968 -0.98337785 -6.7396028e-4
vn 0.43667955 -0.36227942 0.82344677
vn -0.43667208 -0.36231009 0.82343724
vn -0.43909196 -0.57325630 0.69179149
vn 0.43910054 -0.57323724 0.69180184
vn -0.81438868 -0.44938261 -0.36718708
vn -0.83480925 -0.27600899 -0.47635340
vn -0.78172768 -0.43836703 -0.44354952
vn -0.81941837 -0.47780543 -0.31663149
vn 0.69966850 -0.66950145 -0.24946302
vn 0.46606147 -0.86536980 -0.18417875
vn 0.62376443 -0.69632879 -0.35502697
vn -0.47162390 -0.87211512 -0.13033078
vn -0.55292309 -0.83004166 -7.2848488e-2
vn -0.74312336 -0.66425411 -8.0834046e-2
vn -0.70603155 -0.69434265 -0.13931165
vn 0.97923773 -0.19633327 5.0464987e-2
vn 0.90585396 -0.33581195 0.25818394
vn 0.91948647 -0.33342387 0.20826224
vn 0.92998685 -0.36757894 -3.1898685e-3
vn 0.97195761 -0.23514997 -1.7010778e-3
vn 0.99208783 -0.12542259 5.5598605e-3
vn 0.92245607 -3.5901714e-2 0.38442927
vn 0.99634479 9.9750347e-3 8.4838389e-2
vn 0.98976316 6.7417757e-2 0.12579245
vn 0.88711489 0.16151588 0.43236534
vn -0.36827918 -1.9630735e-2 0.92950798
vn 0.36827956 -1.9620072e-2 0.92950805
vn 0.34041973 0.15527968 0.92736327
vn -0.34041978 0.15527872 0.92736341
vn -0.99634451 9.9621776e-3 8.4843252e-2
vn -0.92245464 -3.5925335e-2 0.38443049
vn -0.88711516 0.16151376 0.43236559
vn -0.98976320 6.7416746e-2 0.12579267
vn -0.27902697 -0.85132329 0.44428888
vn -0.16365809 -0.95796513 0.23562437
vn 0.16365350 -0.95796721 0.23561910
vn 0.27902256 -0.85132773 0.44428314
vn -0.46629233 -0.86535839 -0.18364727
vn -0.69964801 -0.66983054 -0.24863570
vn -0.62407473 -0.69664953 -0.35385048
vn 0.78149859 -0.43713594 -0.44516528
vn 0.83444079 -0.27419263 -0.47804495
vn 0.81424241 -0.44853496 -0.36854536
vn 0.81948627 -0.47691608 -0.31779444
vn -0.99207436 -0.12552889 5.5641503e-3
vn -0.97192728 -0.23527535 -1.6957885e-3
vn -0.92996243 -0.36764072 -3.1913367e-3
vn -0.91946644 -0.33348122 0.20825884
vn -0.90583057 -0.33587792 0.25818015
vn -0.97921196 -0.19645917 5.0475098e-2
vn 0.55288340 -0.83006745 -7.2855840e-2
vn 0.47158661 -0.87211809 -0.13044580
vn 0.70606255 -0.69426401 -0.13954623
vn 0.74310241 -0.66427522 -8.0853230e-2
vn -0.21295584 -0.97656944 -3.1015115e-2
vn -2.1128148e-6 -0.99471107 -0.10271263
vn 0.21294681 -0.97657135 -3.1017054e-2
vn -0.45613542 -0.88490589 9.4244659e-2
vn -0.75306162 -0.63853800 0.15864241
vn -0.79594484 -0.60483465 -2.5433600e-2
vn -0.55030920 -0.83438692 -3.0955736e-2
vn -0.92791048 -0.37176340 -2.7822980e-2
vn -0.80414951 -0.58799756 -8.7191949e-2
vn -0.82562816 -0.54392900 -0.14993130
vn -0.87735823 -0.47540347 -6.5069847e-2
vn 0.80398256 -0.58819090 -8.7427207e-2
vn 0.92794910 -0.37166529 -2.7845606e-2
vn 0.87738844 -0.47534276 -6.5105958e-2
vn 0.82570472 -0.54371366 -0.15029026
vn -0.10571101 0.68416771 0.72162298
vn 0.0000000e+0 0.22395962 0.97459842
vn -1.00000000 0.0000000e+0 0.0000000e+0
vn 0.0000000e+0 0.22395962 0.97459842
vn -1.00000000 0.0000000e+0 0.0000000e+0
vn 1.9381829e-13 0.88295670 0.46945443
vn 1.9381829e-13 0.88295670 0.46945443
vn 1.00000000 0.0000000e+0 0.0000000e+0
vn 0.0000000e+0 0.22395962 0.97459842
vn -1.9381829e-13 0.88295670 0.46945443
vn -1.9381829e-13 0.88295670 0.46945443
vn 1.00000000 0.0000000e+0 0.0000000e+0
vn 0.0000000e+0 0.22395962 0.97459842
vn -0.18475138 -1.0913024e-3 -0.98278468
vn -0.18475138 -1.0913024e-3 -0.98278468
vn -0.53360112 -4.6075912e-3 -0.84572372
vn -0.53360112 -4.6075912e-3 -0.84572372
vn -0.97839701 -4.2973577e-3 -0.20669017
vn -0.97839701 -4.2973577e-3 -0.20669017
vn -0.81585128 -7.8115529e-3 -0.57820901
vn -0.81585128 -7.8115529e-3 -0.57820901
vn -0.18475138 -1.0913024e-3 -0.98278468
vn -0.18475138 -1.0913024e-3 -0.98278468
vn -6.5068959e-14 0.88295670 0.46945443
vn -6.5068959e-14 0.88295670 0.46945443
vn -0.53360112 -4.6075912e-3 -0.84572372
vn -0.53360112 -4.6075912e-3 -0.84572372
vn 1.2489330e-12 0.88295670 0.46945443
vn 1.2489330e-12 0.88295670 0.46945443
vn -0.81585128 -7.8115529e-3 -0.57820901
vn -0.81585128 -7.8115529e-3 -0.57820901
vn 1.5092088e-12 0.88295670 0.46945443
vn 1.5092088e-12 0.88295670 0.46945443
vn -0.97839701 -4.2973577e-3 -0.20669017
vn -0.97839701 -4.2973577e-3 -0.20669017
vn 3.8902517e-13 0.88295670 0.46945443
vn 3.8902517e-13 0.88295670 0.46945443
vn 0.18475138 -1.0913024e-3 -0.98278468
vn 0.18475138 -1.0913024e-3 -0.98278468
vn 6.5611200e-14 0.88295670 0.46945443
vn 6.5611200e-14 0.88295670 0.46945443
vn 0.53360112 -4.6075912e-3 -0.84572372
vn 0.53360112 -4.6075912e-3 -0.84572372
vn -1.2477258e-12 0.88295670 0.46945443
vn -1.2477258e-12 0.88295670 0.46945443
vn 0.97839701 -4.2973577e-3 -0.20669017
vn 0.97839701 -4.2973577e-3 -0.20669017
vn -3.8902517e-13 0.88295670 0.46945443
vn -3.8902517e-13 0.88295670 0.46945443
vn 0.81585128 -7.8115529e-3 -0.57820901
vn 0.81585128 -7.8115529e-3 -0.57820901
vn -1.5085438e-12 0.88295670 0.46945443
vn -1.5085438e-12 0.88295670 0.46945443
vn 0.18475138 -1.0913024e-3 -0.98278468
vn 0.18475138 -1.0913024e-3 -0.98278468
vn 0.53360112 -4.6075912e-3 -0.84572372
vn 0.53360112 -4.6075912e-3 -0.84572372
vn 0.81585128 -7.8115529e-3 -0.57820901
vn 0.81585128 -7.8115529e-3 -0.57820901
vn 0.97839701 -4.2973577e-3 -0.20669017
vn 0.97839701 -4.2973577e-3 -0.20669017
vn 6.5611200e-14 0.88295670 0.46945443
vn 6.5611200e-14 0.88295670 0.46945443
vn -0.15741830 0.16235493 0.97409463
vn -0.15741830 0.16235493 0.97409463
vn -1.2477258e-12 0.88295670 0.46945443
vn -1.2477258e-12 0.88295670 0.46945443
vn -0.46294492 0.17376060 0.86918885
vn -0.46294492 0.17376060 0.86918885
vn -1.5085438e-12 0.88295670 0.46945443
vn -1.5085438e-12 0.88295670 0.46945443
vn -0.73105806 0.19998951 0.65234830
vn -0.73105806 0.19998951 0.65234830
vn -3.8902517e-13 0.88295670 0.46945443
vn -3.8902517e-13 0.88295670 0.46945443
vn -0.91483391 0.23776908 0.32641199
vn -0.91483391 0.23776908 0.32641199
vn -1.9381829e-13 0.88295670 0.46945443
vn -1.9381829e-13 0.88295670 0.46945443
vn -0.68408941 0.47257742 -0.55560082
vn -0.68408941 0.47257742 -0.55560082
vn 1.9381829e-13 0.88295670 0.46945443
vn 1.9381829e-13 0.88295670 0.46945443
vn 0.68408941 0.47257742 -0.55560082
vn 0.68408941 0.47257742 -0.55560082
vn 3.8902517e-13 0.88295670 0.46945443
vn 3.8902517e-13 0.88295670 0.46945443
vn 0.91483391 0.23776908 0.32641199
vn 0.91483391 0.23776908 0.32641199
vn 1.5092088e-12 0.88295670 0.46945443
vn 1.5092088e-12 0.88295670 0.46945443
vn 0.73105806 0.19998951 0.65234830
vn 0.73105806 0.19998951 0.65234830
vn 1.2489330e-12 0.88295670 0.46945443
vn 1.2489330e-12 0.88295670 0.46945443
vn 0.46294492 0.17376060 0.86918885
vn 0.46294492 0.17376060 0.86918885
vn -6.5068959e-14 0.88295670 0.46945443
vn -6.5068959e-14 0.88295670 0.46945443
vn 0.15741830 0.16235493 0.97409463
vn 0.15741830 0.16235493 0.97409463
vn 0.0000000e+0 0.70710678 -0.70710678
vn -1.00000000 0.0000000e+0 0.0000000e+0
vn 1.00000000 0.0000000e+0 0.0000000e+0
vn 0.0000000e+0 0.70710678 -0.70710678
vn -1.00000000 0.0000000e+0 0.0000000e+0
vn 0.0000000e+0 0.70710678 -0.70710678
vn -1.00000000 0.0000000e+0 0.0000000e+0
vn 1.00000000 0.0000000e+0 0.0000000e+0
vn 0.0000000e+0 0.70710678 -0.70710678
vn 1.00000000 0.0000000e+0 0.0000000e+0
vn 1.00000000 3.1996950e-17 2.2179794e-14
vn 1.00000000 3.1996950e-17 2.2179794e-14
vn 0.80901699 3.1996950e-17 0.58778525
vn 0.80901699 3.1996950e-17 0.58778525
vn 0.30901699 0.0000000e+0 0.95105652
vn 0.30901699 0.0000000e+0 0.95105652
vn -0.30901699 0.0000000e+0 0.95105652
vn -0.30901699 0.0000000e+0 0.95105652
vn -0.80901699 3.1996950e-17 0.58778525
vn -0.80901699 3.1996950e-17 0.58778525
vn -1.00000000 3.1996950e-17 2.2179794e-14
vn -1.00000000 3.1996950e-17 2.2179794e-14
vn -0.80901699 1.2798780e-16 -0.58778525
vn -0.80901699 1.2798780e-16 -0.58778525
vn -0.30901699 1.2798780e-16 -0.95105652
vn -0.30901699 1.2798780e-16 -0.95105652
vn 0.30901699 1.2798780e-16 -0.95105652
vn 0.30901699 1.2798780e-16 -0.95105652
vn 0.80901699 1.2798780e-16 -0.58778525
vn 0.80901699 1.2798780e-16 -0.58778525
vn 1.00000000 3.1996950e-17 2.2179794e-14
vn 1.00000000 3.1996950e-17 2.2179794e-14
vn 0.80901699 3.1996950e-17 0.58778525
vn 0.80901699 3.1996950e-17 0.58778525
vn 0.30901699 0.0000000e+0 0.95105652
vn 0.30901699 0.0000000e+0 0.95105652
vn -0.30901699 0.0000000e+0 0.95105652
vn -0.30901699 0.0000000e+0 0.95105652
vn -0.80901699 3.1996950e-17 0.58778525
vn -0.80901699 3.1996950e-17 0.58778525
vn -1.00000000 3.1996950e-17 2.2179794e-14
vn -1.00000000 3.1996950e-17 2.2179794e-14
vn -0.80901699 1.2798780e-16 -0.58778525
vn -0.80901699 1.2798780e-16 -0.58778525
vn -0.30901699 1.2798780e-16 -0.95105652
vn -0.30901699 1.2798780e-16 -0.95105652
vn 0.30901699 1.2798780e-16 -0.95105652
vn 0.30901699 1.2798780e-16 -0.95105652
vn 0.80901699 1.2798780e-16 -0.58778525
vn 0.80901699 1.2798780e-16 -0.58778525
vn 8.7265355e-3 0.99996192 6.7595442e-15
vn 8.7265355e-3 0.99996192 6.7595442e-15
vn -0.11369465 0.70812590 0.69687246
vn -0.11369465 0.70812590 0.69687246
vn -0.16951506 1.4793355e-3 0.98552649
vn -0.16951506 1.4793355e-3 0.98552649
vn -0.12603584 -0.70603381 0.69687246
vn -0.12603584 -0.70603381 0.69687246
vn -8.7265355e-3 -0.99996192 6.9998835e-15
vn -8.7265355e-3 -0.99996192 6.9998835e-15
vn 0.11369465 -0.70812590 -0.69687246
vn 0.11369465 -0.70812590 -0.69687246
vn 0.16951506 -1.4793355e-3 -0.98552649
vn 0.16951506 -1.4793355e-3 -0.98552649
vn 0.12603584 0.70603381 -0.69687246
vn 0.12603584 0.70603381 -0.69687246
vn 0.98548896 -8.6002319e-3 0.16952151
vn 8.7265355e-3 0.99996192 6.7595442e-15
vn 8.7265355e-3 0.99996192 6.7595442e-15
vn 0.98548896 -8.6002319e-3 0.16952151
vn -0.11369465 0.70812590 0.69687246
vn -0.11369465 0.70812590 0.69687246
vn 0.98548896 -8.6002319e-3 0.16952151
vn -0.16951506 1.4793355e-3 0.98552649
vn -0.16951506 1.4793355e-3 0.98552649
vn 0.98548896 -8.6002319e-3 0.16952151
vn -0.12603584 -0.70603381 0.69687246
vn -0.12603584 -0.70603381 0.69687246
vn 0.98548896 -8.6002319e-3 0.16952151
vn -8.7265355e-3 -0.99996192 6.9998835e-15
vn -8.7265355e-3 -0.99996192 6.9998835e-15
vn 0.98548896 -8.6002319e-3 0.16952151
vn 0.11369465 -0.70812590 -0.69687246
vn 0.11369465 -0.70812590 -0.69687246
vn 0.98548896 -8.6002319e-3 0.16952151
vn 0.16951506 -1.4793355e-3 -0.98552649
vn 0.16951506 -1.4793355e-3 -0.98552649
vn 0.98548896 -8.6002319e-3 0.16952151
vn 0.12603584 0.70603381 -0.69687246
vn 0.12603584 0.70603381 -0.69687246
vn 8.7265355e-3 0.99996192 1.2858155e-14
vn 8.7265355e-3 0.99996192 1.2858155e-14
vn -0.11369465 0.70812590 0.69687246
vn -0.11369465 0.70812590 0.69687246
vn -0.16951506 1.4793355e-3 0.98552649
vn -0.16951506 1.4793355e-3 0.98552649
vn -0.12603584 -0.70603381 0.69687246
vn -0.12603584 -0.70603381 0.69687246
vn -8.7265355e-3 -0.99996192 8.5921317e-15
vn -8.7265355e-3 -0.99996192 8.5921317e-15
vn 0.11369465 -0.70812590 -0.69687246
vn 0.11369465 -0.70812590 -0.69687246
vn 0.16951506 -1.4793355e-3 -0.98552649
vn 0.16951506 -1.4793355e-3 -0.98552649
vn 0.12603584 0.70603381 -0.69687246
vn 0.12603584 0.70603381 -0.69687246
vn 0.98548896 -8.6002319e-3 0.16952151
vn 8.7265355e-3 0.99996192 1.2858155e-14
vn 8.7265355e-3 0.99996192 1.2858155e-14
vn 0.98548896 -8.6002319e-3 0.16952151
vn -0.11369465 0.70812590 0.69687246
vn -0.11369465 0.70812590 0.69687246
vn 0.98548896 -8.6002319e-3 0.16952151
vn -0.16951506 1.4793355e-3 0.98552649
vn -0.16951506 1.4793355e-3 0.98552649
vn 0.98548896 -8.6002319e-3 0.16952151
vn -0.12603584 -0.70603381 0.69687246
vn -0.12603584 -0.70603381 0.69687246
vn 0.98548896 -8.6002319e-3 0.16952151
vn -8.7265355e-3 -0.99996192 8.5921317e-15
vn -8.7265355e-3 -0.99996192 8.5921317e-15
vn 0.98548896 -8.6002319e-3 0.16952151
vn 0.11369465 -0.70812590 -0.69687246
vn 0.11369465 -0.70812590 -0.69687246
vn 0.98548896 -8.6002319e-3 0.16952151
vn 0.16951506 -1.4793355e-3 -0.98552649
vn 0.16951506 -1.4793355e-3 -0.98552649
vn 0.98548896 -8.6002319e-3 0.16952151
vn 0.12603584 0.70603381 -0.69687246
vn 0.12603584 0.70603381 -0.69687246
vn 8.7265355e-3 0.99996192 1.6222906e-14
vn 8.7265355e-3 0.99996192 1.6222906e-14
vn -0.11369465 0.70812590 0.69687246
vn -0.11369465 0.70812590 0.69687246
vn -0.16951506 1.4793355e-3 0.98552649
vn -0.16951506 1.4793355e-3 0.98552649
vn -0.12603584 -0.70603381 0.69687246
vn -0.12603584 -0.70603381 0.69687246
vn -8.7265355e-3 -0.99996192 1.8566215e-14
vn -8.7265355e-3 -0.99996192 1.8566215e-14
vn 0.11369465 -0.70812590 -0.69687246
vn 0.11369465 -0.70812590 -0.69687246
vn 0.16951506 -1.4793355e-3 -0.98552649
vn 0.16951506 -1.4793355e-3 -0.98552649
vn 0.12603584 0.70603381 -0.69687246
vn 0.12603584 0.70603381 -0.69687246
vn 0.98548896 -8.6002319e-3 0.16952151
vn 8.7265355e-3 0.99996192 1.6222906e-14
vn 8.7265355e-3 0.99996192 1.6222906e-14
vn 0.98548896 -8.6002319e-3 0.16952151
vn -0.11369465 0.70812590 0.69687246
vn -0.11369465 0.70812590 0.69687246
vn 0.98548896 -8.6002319e-3 0.16952151
vn -0.16951506 1.4793355e-3 0.98552649
vn -0.16951506 1.4793355e-3 0.98552649
vn 0.98548896 -8.6002319e-3 0.16952151
vn -0.12603584 -0.70603381 0.69687246
vn -0.12603584 -0.70603381 0.69687246
vn 0.98548896 -8.6002319e-3 0.16952151
vn -8.7265355e-3 -0.99996192 1.8566215e-14
vn -8.7265355e-3 -0.99996192 1.8566215e-14
vn 0.98548896 -8.6002319e-3 0.16952151
vn 0.11369465 -0.70812590 -0.69687246
vn 0.11369465 -0.70812590 -0.69687246
vn 0.98548896 -8.6002319e-3 0.16952151
vn 0.16951506 -1.4793355e-3 -0.98552649
vn 0.16951506 -1.4793355e-3 -0.98552649
vn 0.98548896 -8.6002319e-3 0.16952151
vn 0.12603584 0.70603381 -0.69687246
vn 0.12603584 0.70603381 -0.69687246
vn 8.7265355e-3 0.99996192 -1.8325875e-15
vn 8.7265355e-3 0.99996192 -1.8325875e-15
vn -0.11369465 0.70812590 0.69687246
vn -0.11369465 0.70812590 0.69687246
vn -0.16951506 1.4793355e-3 0.98552649
vn -0.16951506 1.4793355e-3 0.98552649
vn -0.12603584 -0.70603381 0.69687246
vn -0.12603584 -0.70603381 0.69687246
vn -8.7265355e-3 -0.99996192 -2.4033935e-16
vn -8.7265355e-3 -0.99996192 -2.4033935e-16
vn 0.11369465 -0.70812590 -0.69687246
vn 0.11369465 -0.70812590 -0.69687246
vn 0.16951506 -1.4793355e-3 -0.98552649
vn 0.16951506 -1.4793355e-3 -0.98552649
vn 0.12603584 0.70603381 -0.69687246
vn 0.12603584 0.70603381 -0.69687246
vn 0.98548896 -8.6002319e-3 0.16952151
vn 8.7265355e-3 0.99996192 -1.8325875e-15
vn 8.7265355e-3 0.99996192 -1.8325875e-15
vn 0.98548896 -8.6002319e-3 0.16952151
vn -0.11369465 0.70812590 0.69687246
vn -0.11369465 0.70812590 0.69687246
vn 0.98548896 -8.6002319e-3 0.16952151
vn -0.16951506 1.4793355e-3 0.98552649
vn -0.16951506 1.4793355e-3 0.98552649
vn 0.98548896 -8.6002319e-3 0.16952151
vn -0.12603584 -0.70603381 0.69687246
vn -0.12603584 -0.70603381 0.69687246
vn 0.98548896 -8.6002319e-3 0.16952151
vn -8.7265355e-3 -0.99996192 -2.4033935e-16
vn -8.7265355e-3 -0.99996192 -2.4033935e-16
vn 0.98548896 -8.6002319e-3 0.16952151
vn 0.11369465 -0.70812590 -0.69687246
vn 0.11369465 -0.70812590 -0.69687246
vn 0.98548896 -8.6002319e-3 0.16952151
vn 0.16951506 -1.4793355e-3 -0.98552649
vn 0.16951506 -1.4793355e-3 -0.98552649
vn 0.98548896 -8.6002319e-3 0.16952151
vn 0.12603584 0.70603381 -0.69687246
vn 0.12603584 0.70603381 -0.69687246
vn 8.7265355e-3 0.99996192 1.4360276e-14
vn 8.7265355e-3 0.99996192 1.4360276e-14
vn -0.11369465 0.70812590 0.69687246
vn -0.11369465 0.70812590 0.69687246
vn -0.16951506 1.4793355e-3 0.98552649
vn -0.16951506 1.4793355e-3 0.98552649
vn -0.12603584 -0.70603381 0.69687246
vn -0.12603584 -0.70603381 0.69687246
vn -8.7265355e-3 -0.99996192 1.4360276e-14
vn -8.7265355e-3 -0.99996192 1.4360276e-14
vn 0.11369465 -0.70812590 -0.69687246
vn 0.11369465 -0.70812590 -0.69687246
vn 0.16951506 -1.4793355e-3 -0.98552649
vn 0.16951506 -1.4793355e-3 -0.98552649
vn 0.12603584 0.70603381 -0.69687246
vn 0.12603584 0.70603381 -0.69687246
vn 0.98548896 -8.6002319e-3 0.16952151
vn 8.7265355e-3 0.99996192 1.4360276e-14
vn 8.7265355e-3 0.99996192 1.4360276e-14
vn 0.98548896 -8.6002319e-3 0.16952151
vn -0.11369465 0.70812590 0.69687246
vn -0.11369465 0.70812590 0.69687246
vn 0.98548896 -8.6002319e-3 0.16952151
vn -0.16951506 1.4793355e-3 0.98552649
vn -0.16951506 1.4793355e-3 0.98552649
vn 0.98548896 -8.6002319e-3 0.16952151
vn -0.12603584 -0.70603381 0.69687246
vn -0.12603584 -0.70603381 0.69687246
vn 0.98548896 -8.6002319e-3 0.16952151
vn -8.7265355e-3 -0.99996192 1.4360276e-14
vn -8.7265355e-3 -0.99996192 1.4360276e-14
vn 0.98548896 -8.6002319e-3 0.16952151
vn 0.11369465 -0.70812590 -0.69687246
vn 0.11369465 -0.70812590 -0.69687246
vn 0.98548896 -8.6002319e-3 0.16952151
vn 0.16951506 -1.4793355e-3 -0.98552649
vn 0.16951506 -1.4793355e-3 -0.98552649
vn 0.98548896 -8.6002319e-3 0.16952151
vn 0.12603584 0.70603381 -0.69687246
vn 0.12603584 0.70603381 -0.69687246
vn 8.7265355e-3 0.99996192 -1.4119937e-15
vn 8.7265355e-3 0.99996192 -1.4119937e-15
vn -0.11369465 0.70812590 0.69687246
vn -0.11369465 0.70812590 0.69687246
vn -0.16951506 1.4793355e-3 0.98552649
vn -0.16951506 1.4793355e-3 0.98552649
vn -0.12603584 -0.70603381 0.69687246
vn -0.12603584 -0.70603381 0.69687246
vn -8.7265355e-3 -0.99996192 -2.3132662e-15
vn -8.7265355e-3 -0.99996192 -2.3132662e-15
vn 0.11369465 -0.70812590 -0.69687246
vn 0.11369465 -0.70812590 -0.69687246
vn 0.16951506 -1.4793355e-3 -0.98552649
vn 0.16951506 -1.4793355e-3 -0.98552649
vn 0.12603584 0.70603381 -0.69687246
vn 0.12603584 0.70603381 -0.69687246
vn 0.98548896 -8.6002319e-3 0.16952151
vn 8.7265355e-3 0.99996192 -1.4119937e-15
vn 8.7265355e-3 0.99996192 -1.4119937e-15
vn 0.98548896 -8.6002319e-3 0.16952151
vn -0.11369465 0.70812590 0.69687246
vn -0.11369465 0.70812590 0.69687246
vn 0.98548896 -8.6002319e-3 0.16952151
vn -0.16951506 1.4793355e-3 0.98552649
vn -0.16951506 1.4793355e-3 0.98552649
vn 0.98548896 -8.6002319e-3 0.16952151
vn -0.12603584 -0.70603381 0.69687246
vn -0.12603584 -0.70603381 0.69687246
vn 0.98548896 -8.6002319e-3 0.16952151
vn -8.7265355e-3 -0.99996192 -2.3132662e-15
vn -8.7265355e-3 -0.99996192 -2.3132662e-15
vn 0.98548896 -8.6002319e-3 0.16952151
vn 0.11369465 -0.70812590 -0.69687246
vn 0.11369465 -0.70812590 -0.69687246
vn 0.98548896 -8.6002319e-3 0.16952151
vn 0.16951506 -1.4793355e-3 -0.98552649
vn 0.16951506 -1.4793355e-3 -0.98552649
vn 0.98548896 -8.6002319e-3 0.16952151
vn 0.12603584 0.70603381 -0.69687246
vn 0.12603584 0.70603381 -0.69687246
vn 8.7265355e-3 0.99996192 1.4750828e-14
vn 8.7265355e-3 0.99996192 1.4750828e-14
vn -0.11369465 0.70812590 0.69687246
vn -0.11369465 0.70812590 0.69687246
vn -0.16951506 1.4793355e-3 0.98552649
vn -0.16951506 1.4793355e-3 0.98552649
vn -0.12603584 -0.70603381 0.69687246
vn -0.12603584 -0.70603381 0.69687246
vn -8.7265355e-3 -0.99996192 1.3729385e-14
vn -8.7265355e-3 -0.99996192 1.3729385e-14
vn 0.11369465 -0.70812590 -0.69687246
vn 0.11369465 -0.70812590 -0.69687246
vn 0.16951506 -1.4793355e-3 -0.98552649
vn 0.16951506 -1.4793355e-3 -0.98552649
vn 0.12603584 0.70603381 -0.69687246
vn 0.12603584 0.70603381 -0.69687246
vn 0.98548896 -8.6002319e-3 0.16952151
vn 8.7265355e-3 0.99996192 1.4750828e-14
vn 8.7265355e-3 0.99996192 1.4750828e-14
vn 0.98548896 -8.6002319e-3 0.16952151
vn -0.11369465 0.70812590 0.69687246
vn -0.11369465 0.70812590 0.69687246
vn 0.98548896 -8.6002319e-3 0.16952151
vn -0.16951506 1.4793355e-3 0.98552649
vn -0.16951506 1.4793355e-3 0.98552649
vn 0.98548896 -8.6002319e-3 0.16952151
vn -0.12603584 -0.70603381 0.69687246
vn -0.12603584 -0.70603381 0.69687246
vn 0.98548896 -8.6002319e-3 0.16952151
vn -8.7265355e-3 -0.99996192 1.3729385e-14
vn -8.7265355e-3 -0.99996192 1.3729385e-14
vn 0.98548896 -8.6002319e-3 0.16952151
vn 0.11369465 -0.70812590 -0.69687246
vn 0.11369465 -0.70812590 -0.69687246
vn 0.98548896 -8.6002319e-3 0.16952151
vn 0.16951506 -1.4793355e-3 -0.98552649
vn 0.16951506 -1.4793355e-3 -0.98552649
vn 0.98548896 -8.6002319e-3 0.16952151
vn 0.12603584 0.70603381 -0.69687246
vn 0.12603584 0.70603381 -0.69687246
vn 8.7265355e-3 0.99996192 -1.8626300e-15
vn 8.7265355e-3 0.99996192 -1.8626300e-15
vn -0.11369465 0.70812590 0.69687246
vn -0.11369465 0.70812590 0.69687246
vn -0.16951506 1.4793355e-3 0.98552649
vn -0.16951506 1.4793355e-3 0.98552649
vn -0.12603584 -0.70603381 0.69687246
vn -0.12603584 -0.70603381 0.69687246
vn -8.7265355e-3 -0.99996192 -3.1244115e-15
vn -8.7265355e-3 -0.99996192 -3.1244115e-15
vn 0.11369465 -0.70812590 -0.69687246
vn 0.11369465 -0.70812590 -0.69687246
vn 0.16951506 -1.4793355e-3 -0.98552649
vn 0.16951506 -1.4793355e-3 -0.98552649
vn 0.12603584 0.70603381 -0.69687246
vn 0.12603584 0.70603381 -0.69687246
vn 0.98548896 -8.6002319e-3 0.16952151
vn 8.7265355e-3 0.99996192 -1.8626300e-15
vn 8.7265355e-3 0.99996192 -1.8626300e-15
vn 0.98548896 -8.6002319e-3 0.16952151
vn -0.11369465 0.70812590 0.69687246
vn -0.11369465 0.70812590 0.69687246
vn 0.98548896 -8.6002319e-3 0.16952151
vn -0.16951506 1.4793355e-3 0.98552649
vn -0.16951506 1.4793355e-3 0.98552649
vn 0.98548896 -8.6002319e-3 0.16952151
vn -0.12603584 -0.70603381 0.69687246
vn -0.12603584 -0.70603381 0.69687246
vn 0.98548896 -8.6002319e-3 0.16952151
vn -8.7265355e-3 -0.99996192 -3.1244115e-15
vn -8.7265355e-3 -0.99996192 -3.1244115e-15
vn 0.98548896 -8.6002319e-3 0.16952151
vn 0.11369465 -0.70812590 -0.69687246
vn 0.11369465 -0.70812590 -0.69687246
vn 0.98548896 -8.6002319e-3 0.16952151
vn 0.16951506 -1.4793355e-3 -0.98552649
vn 0.16951506 -1.4793355e-3 -0.98552649
vn 0.98548896 -8.6002319e-3 0.16952151
vn 0.12603584 0.70603381 -0.69687246
vn 0.12603584 0.70603381 -0.69687246
vn 0.98548896 -8.6002319e-3 0.16952151
vn 0.98548896 -8.6002319e-3 0.16952151
vn 2.3322647e-2 0.99972483 2.5136293e-3
vn 2.3322647e-2 0.99972483 2.5136293e-3
vn 0.98548896 -8.6002319e-3 0.16952151
vn 0.98548896 -8.6002319e-3 0.16952151
vn -2.3149328e-2 0.96608907 0.25716922
vn -2.3149328e-2 0.96608907 0.25716922
vn 0.98548896 -8.6002319e-3 0.16952151
vn 0.98548896 -8.6002319e-3 0.16952151
vn -6.6330380e-2 0.86658425 0.49460288
vn -6.6330380e-2 0.86658425 0.49460288
vn 0.98548896 -8.6002319e-3 0.16952151
vn 0.98548896 -8.6002319e-3 0.16952151
vn -0.10327601 0.70799554 0.69862464
vn -0.10327601 0.70799554 0.69862464
vn 0.98548896 -8.6002319e-3 0.16952151
vn 0.98548896 -8.6002319e-3 0.16952151
vn -0.13146716 0.50113605 0.85532394
vn -0.13146716 0.50113605 0.85532394
vn 0.98548896 -8.6002319e-3 0.16952151
vn 0.98548896 -8.6002319e-3 0.16952151
vn -0.14898169 0.26010987 0.95401641
vn -0.14898169 0.26010987 0.95401641
vn 0.98548896 -8.6002319e-3 0.16952151
vn 0.98548896 -8.6002319e-3 0.16952151
vn -0.15462540 1.3521529e-3 0.98797225
vn -0.15462540 1.3521529e-3 0.98797225
vn 0.98548896 -8.6002319e-3 0.16952151
vn 0.98548896 -8.6002319e-3 0.16952151
vn -0.14801383 -0.25749032 0.95487729
vn -0.14801383 -0.25749032 0.95487729
vn 0.98548896 -8.6002319e-3 0.16952151
vn 0.98548896 -8.6002319e-3 0.16952151
vn -0.12959901 -0.49876399 0.85699392
vn -0.12959901 -0.49876399 0.85699392
vn 0.98548896 -8.6002319e-3 0.16952151
vn 0.98548896 -8.6002319e-3 0.16952151
vn -0.10063880 -0.70601670 0.70100802
vn -0.10063880 -0.70601670 0.70100802
vn 0.98548896 -8.6002319e-3 0.16952151
vn 0.98548896 -8.6002319e-3 0.16952151
vn -6.3110602e-2 -0.86512465 0.49757049
vn -6.3110602e-2 -0.86512465 0.49757049
vn 0.98548896 -8.6002319e-3 0.16952151
vn 0.98548896 -8.6002319e-3 0.16952151
vn -1.9575343e-2 -0.96525798 0.26056445
vn -1.9575343e-2 -0.96525798 0.26056445
vn 0.98548896 -8.6002319e-3 0.16952151
vn 0.98548896 -8.6002319e-3 0.16952151
vn 2.6998560e-2 -0.99961655 6.1509014e-3
vn 2.6998560e-2 -0.99961655 6.1509014e-3
vn 0.98548896 -8.6002319e-3 0.16952151
vn 0.98548896 -8.6002319e-3 0.16952151
vn 7.3438462e-2 -0.96588556 -0.24833824
vn 7.3438462e-2 -0.96588556 -0.24833824
vn 0.98548896 -8.6002319e-3 0.16952151
vn 0.98548896 -8.6002319e-3 0.16952151
vn 0.11658357 -0.86638300 -0.48558085
vn 0.11658357 -0.86638300 -0.48558085
vn 0.98548896 -8.6002319e-3 0.16952151
vn 0.98548896 -8.6002319e-3 0.16952151
vn 0.15349899 -0.70789343 -0.68943814
vn 0.15349899 -0.70789343 -0.68943814
vn 0.98548896 -8.6002319e-3 0.16952151
vn 0.98548896 -8.6002319e-3 0.16952151
vn 0.18167379 -0.50120341 -0.84604360
vn 0.18167379 -0.50120341 -0.84604360
vn 0.98548896 -8.6002319e-3 0.16952151
vn 0.98548896 -8.6002319e-3 0.16952151
vn 0.19919019 -0.26037162 -0.94473800
vn 0.19919019 -0.26037162 -0.94473800
vn 0.98548896 -8.6002319e-3 0.16952151
vn 0.98548896 -8.6002319e-3 0.16952151
vn 0.20485349 -1.7811630e-3 -0.97879103
vn 0.20485349 -1.7811630e-3 -0.97879103
vn 0.98548896 -8.6002319e-3 0.16952151
vn 0.98548896 -8.6002319e-3 0.16952151
vn 0.19827399 0.25696601 -0.94586251
vn 0.19827399 0.25696601 -0.94586251
vn 0.98548896 -8.6002319e-3 0.16952151
vn 0.98548896 -8.6002319e-3 0.16952151
vn 0.17989513 0.49824192 -0.84817023
vn 0.17989513 0.49824192 -0.84817023
vn 0.98548896 -8.6002319e-3 0.16952151
vn 0.98548896 -8.6002319e-3 0.16952151
vn 0.15096512 0.70559379 -0.69234886
vn 0.15096512 0.70559379 -0.69234886
vn 0.98548896 -8.6002319e-3 0.16952151
vn 0.98548896 -8.6002319e-3 0.16952151
vn 0.11345328 0.86487126 -0.48900518
vn 0.11345328 0.86487126 -0.48900518
vn 0.98548896 -8.6002319e-3 0.16952151
vn 0.98548896 -8.6002319e-3 0.16952151
vn 6.9916150e-2 0.96519902 -0.25199717
vn 6.9916150e-2 0.96519902 -0.25199717
vn 0.98548896 -8.6002319e-3 0.16952151
vn 0.98548896 -8.6002319e-3 0.16952151
vn 0.40794811 -0.91019836 7.1535202e-2
vn 0.40794811 -0.91019836 7.1535202e-2
vn 0.98548896 -8.6002319e-3 0.16952151
vn 0.98548896 -8.6002319e-3 0.16952151
vn 0.44799377 -0.87965488 -0.15971495
vn 0.44799377 -0.87965488 -0.15971495
vn 0.98548896 -8.6002319e-3 0.16952151
vn 0.98548896 -8.6002319e-3 0.16952151
vn 0.48584954 -0.78941170 -0.37520579
vn 0.48584954 -0.78941170 -0.37520579
vn 0.98548896 -8.6002319e-3 0.16952151
vn 0.98548896 -8.6002319e-3 0.16952151
vn 0.51893562 -0.64561874 -0.56025197
vn 0.51893562 -0.64561874 -0.56025197
vn 0.98548896 -8.6002319e-3 0.16952151
vn 0.98548896 -8.6002319e-3 0.16952151
vn 0.54499723 -0.45807524 -0.70224290
vn 0.54499723 -0.45807524 -0.70224290
vn 0.98548896 -8.6002319e-3 0.16952151
vn 0.98548896 -8.6002319e-3 0.16952151
vn 0.56225833 -0.23956200 -0.79150212
vn 0.56225833 -0.23956200 -0.79150212
vn 0.98548896 -8.6002319e-3 0.16952151
vn 0.98548896 -8.6002319e-3 0.16952151
vn 0.56954261 -4.9703230e-3 -0.82194678
vn 0.56954261 -4.9703230e-3 -0.82194678
vn 0.98548896 -8.6002319e-3 0.16952151
vn 0.98548896 -8.6002319e-3 0.16952151
vn 0.56635363 0.22971275 -0.79150212
vn 0.56635363 0.22971275 -0.79150212
vn 0.98548896 -8.6002319e-3 0.16952151
vn 0.98548896 -8.6002319e-3 0.16952151
vn 0.55290874 0.44849396 -0.70224290
vn 0.55290874 0.44849396 -0.70224290
vn 0.98548896 -8.6002319e-3 0.16952151
vn 0.98548896 -8.6002319e-3 0.16952151
vn 0.53012418 0.63646373 -0.56025197
vn 0.53012418 0.63646373 -0.56025197
vn 0.98548896 -8.6002319e-3 0.16952151
vn 0.98548896 -8.6002319e-3 0.16952151
vn 0.49955268 0.78081223 -0.37520579
vn 0.49955268 0.78081223 -0.37520579
vn 0.98548896 -8.6002319e-3 0.16952151
vn 0.98548896 -8.6002319e-3 0.16952151
vn 0.46327764 0.87170234 -0.15971495
vn 0.46327764 0.87170234 -0.15971495
vn 0.98548896 -8.6002319e-3 0.16952151
vn 0.98548896 -8.6002319e-3 0.16952151
vn 0.42377113 0.90294006 7.1535202e-2
vn 0.42377113 0.90294006 7.1535202e-2
vn 0.98548896 -8.6002319e-3 0.16952151
vn 0.98548896 -8.6002319e-3 0.16952151
vn 0.38372547 0.87239658 0.30278536
vn 0.38372547 0.87239658 0.30278536
vn 0.98548896 -8.6002319e-3 0.16952151
vn 0.98548896 -8.6002319e-3 0.16952151
vn 0.34586970 0.78215340 0.51827620
vn 0.34586970 0.78215340 0.51827620
vn 0.98548896 -8.6002319e-3 0.16952151
vn 0.98548896 -8.6002319e-3 0.16952151
vn 0.31278362 0.63836043 0.70332237
vn 0.31278362 0.63836043 0.70332237
vn 0.98548896 -8.6002319e-3 0.16952151
vn 0.98548896 -8.6002319e-3 0.16952151
vn 0.28672201 0.45081694 0.84531330
vn 0.28672201 0.45081694 0.84531330
vn 0.98548896 -8.6002319e-3 0.16952151
vn 0.98548896 -8.6002319e-3 0.16952151
vn 0.26946091 0.23230370 0.93457253
vn 0.26946091 0.23230370 0.93457253
vn 0.98548896 -8.6002319e-3 0.16952151
vn 0.98548896 -8.6002319e-3 0.16952151
vn 0.26217664 -2.2879809e-3 0.96501719
vn 0.26217664 -2.2879809e-3 0.96501719
vn 0.98548896 -8.6002319e-3 0.16952151
vn 0.98548896 -8.6002319e-3 0.16952151
vn 0.26536561 -0.23697106 0.93457253
vn 0.26536561 -0.23697106 0.93457253
vn 0.98548896 -8.6002319e-3 0.16952151
vn 0.98548896 -8.6002319e-3 0.16952151
vn 0.27881050 -0.45575227 0.84531330
vn 0.27881050 -0.45575227 0.84531330
vn 0.98548896 -8.6002319e-3 0.16952151
vn 0.98548896 -8.6002319e-3 0.16952151
vn 0.30159506 -0.64372203 0.70332237
vn 0.30159506 -0.64372203 0.70332237
vn 0.98548896 -8.6002319e-3 0.16952151
vn 0.98548896 -8.6002319e-3 0.16952151
vn 0.33216656 -0.78807053 0.51827620
vn 0.33216656 -0.78807053 0.51827620
vn 0.98548896 -8.6002319e-3 0.16952151
vn 0.98548896 -8.6002319e-3 0.16952151
vn 0.36844161 -0.87896064 0.30278536
vn 0.36844161 -0.87896064 0.30278536
vn 0.40794811 -0.91019836 7.1535202e-2
vn 0.40794811 -0.91019836 7.1535202e-2
vn 0.98548896 -8.6002319e-3 0.16952151
vn 0.98548896 -8.6002319e-3 0.16952151
vn 0.44799377 -0.87965488 -0.15971495
vn 0.44799377 -0.87965488 -0.15971495
vn 0.98548896 -8.6002319e-3 0.16952151
vn 0.98548896 -8.6002319e-3 0.16952151
vn 0.48584954 -0.78941170 -0.37520579
vn 0.48584954 -0.78941170 -0.37520579
vn 0.98548896 -8.6002319e-3 0.16952151
vn 0.98548896 -8.6002319e-3 0.16952151
vn 0.51893562 -0.64561874 -0.56025197
vn 0.51893562 -0.64561874 -0.56025197
vn 0.98548896 -8.6002319e-3 0.16952151
vn 0.98548896 -8.6002319e-3 0.16952151
vn 0.54499723 -0.45807524 -0.70224290
vn 0.54499723 -0.45807524 -0.70224290
vn 0.98548896 -8.6002319e-3 0.16952151
vn 0.98548896 -8.6002319e-3 0.16952151
vn 0.56225833 -0.23956200 -0.79150212
vn 0.56225833 -0.23956200 -0.79150212
vn 0.98548896 -8.6002319e-3 0.16952151
vn 0.98548896 -8.6002319e-3 0.16952151
vn 0.56954261 -4.9703230e-3 -0.82194678
vn 0.56954261 -4.9703230e-3 -0.82194678
vn 0.98548896 -8.6002319e-3 0.16952151
vn 0.98548896 -8.6002319e-3 0.16952151
vn 0.56635363 0.22971275 -0.79150212
vn 0.56635363 0.22971275 -0.79150212
vn 0.98548896 -8.6002319e-3 0.16952151
vn 0.98548896 -8.6002319e-3 0.16952151
vn 0.55290874 0.44849396 -0.70224290
vn 0.55290874 0.44849396 -0.70224290
vn 0.98548896 -8.6002319e-3 0.16952151
vn 0.98548896 -8.6002319e-3 0.16952151
vn 0.53012418 0.63646373 -0.56025197
vn 0.53012418 0.63646373 -0.56025197
vn 0.98548896 -8.6002319e-3 0.16952151
vn 0.98548896 -8.6002319e-3 0.16952151
vn 0.49955268 0.78081223 -0.37520579
vn 0.49955268 0.78081223 -0.37520579
vn 0.98548896 -8.6002319e-3 0.16952151
vn 0.98548896 -8.6002319e-3 0.16952151
vn 0.46327764 0.87170234 -0.15971495
vn 0.46327764 0.87170234 -0.15971495
vn 0.98548896 -8.6002319e-3 0.16952151
vn 0.98548896 -8.6002319e-3 0.16952151
vn 0.42377113 0.90294006 7.1535202e-2
vn 0.42377113 0.90294006 7.1535202e-2
vn 0.98548896 -8.6002319e-3 0.16952151
vn 0.98548896 -8.6002319e-3 0.16952151
vn 0.38372547 0.87239658 0.30278536
vn 0.38372547 0.87239658 0.30278536
vn 0.98548896 -8.6002319e-3 0.16952151
vn 0.98548896 -8.6002319e-3 0.16952151
vn 0.34586970 0.78215340 0.51827620
vn 0.34586970 0.78215340 0.51827620
vn 0.98548896 -8.6002319e-3 0.16952151
vn 0.98548896 -8.6002319e-3 0.16952151
vn 0.31278362 0.63836043 0.70332237
vn 0.31278362 0.63836043 0.70332237
vn 0.98548896 -8.6002319e-3 0.16952151
vn 0.98548896 -8.6002319e-3 0.16952151
vn 0.28672201 0.45081694 0.84531330
vn 0.28672201 0.45081694 0.84531330
vn 0.98548896 -8.6002319e-3 0.16952151
vn 0.98548896 -8.6002319e-3 0.16952151
vn 0.26946091 0.23230370 0.93457253
vn 0.26946091 0.23230370 0.93457253
vn 0.98548896 -8.6002319e-3 0.16952151
vn 0.98548896 -8.6002319e-3 0.16952151
vn 0.26217664 -2.2879809e-3 0.96501719
vn 0.26217664 -2.2879809e-3 0.96501719
vn 0.98548896 -8.6002319e-3 0.16952151
vn 0.98548896 -8.6002319e-3 0.16952151
vn 0.26536561 -0.23697106 0.93457253
vn 0.26536561 -0.23697106 0.93457253
vn 0.98548896 -8.6002319e-3 0.16952151
vn 0.98548896 -8.6002319e-3 0.16952151
vn 0.27881050 -0.45575227 0.84531330
vn 0.27881050 -0.45575227 0.84531330
vn 0.98548896 -8.6002319e-3 0.16952151
vn 0.98548896 -8.6002319e-3 0.16952151
vn 0.30159506 -0.64372203 0.70332237
vn 0.30159506 -0.64372203 0.70332237
vn 0.98548896 -8.6002319e-3 0.16952151
vn 0.98548896 -8.6002319e-3 0.16952151
vn 0.33216656 -0.78807053 0.51827620
vn 0.33216656 -0.78807053 0.51827620
vn 0.98548896 -8.6002319e-3 0.16952151
vn 0.98548896 -8.6002319e-3 0.16952151
vn 0.36844161 -0.87896064 0.30278536
vn 0.36844161 -0.87896064 0.30278536
vn 0.98548896 -8.6002319e-3 0.16952151
vn 0.98548896 -8.6002319e-3 0.16952151
vn 3.5444540e-2 -0.96627193 -0.25507302
vn 3.5444540e-2 -0.96627193 -0.25507302
vn -8.7265355e-3 -0.99996192 1.5397293e-15
vn -8.7265355e-3 -0.99996192 1.5397293e-15
vn -5.2302912e-2 -0.96550617 0.25507302
vn -5.2302912e-2 -0.96550617 0.25507302
vn -9.2314931e-2 -0.86525276 0.49276324
vn -9.2314931e-2 -0.86525276 0.49276324
vn -0.12603584 -0.70603381 0.69687246
vn -0.12603584 -0.70603381 0.69687246
vn -0.15116761 -0.49869982 0.85349097
vn -0.15116761 -0.49869982 0.85349097
vn -0.16599757 -0.25738026 0.95194549
vn -0.16599757 -0.25738026 0.95194549
vn -0.16951506 1.4793355e-3 0.98552649
vn -0.16951506 1.4793355e-3 0.98552649
vn -0.16148038 0.26023812 0.95194549
vn -0.16148038 0.26023812 0.95194549
vn -0.14244108 0.50126210 0.85349097
vn -0.14244108 0.50126210 0.85349097
vn -0.11369465 0.70812590 0.69687246
vn -0.11369465 0.70812590 0.69687246
vn -7.7200128e-2 0.86673210 0.49276324
vn -7.7200128e-2 0.86673210 0.49276324
vn -3.5444540e-2 0.96627193 0.25507302
vn -3.5444540e-2 0.96627193 0.25507302
vn 8.7265355e-3 0.99996192 -1.5257317e-15
vn 8.7265355e-3 0.99996192 -1.5257317e-15
vn 5.2302912e-2 0.96550617 -0.25507302
vn 5.2302912e-2 0.96550617 -0.25507302
vn 9.2314931e-2 0.86525276 -0.49276324
vn 9.2314931e-2 0.86525276 -0.49276324
vn 0.12603584 0.70603381 -0.69687246
vn 0.12603584 0.70603381 -0.69687246
vn 0.15116761 0.49869982 -0.85349097
vn 0.15116761 0.49869982 -0.85349097
vn 0.16599757 0.25738026 -0.95194549
vn 0.16599757 0.25738026 -0.95194549
vn 0.16951506 -1.4793355e-3 -0.98552649
vn 0.16951506 -1.4793355e-3 -0.98552649
vn 0.16148038 -0.26023812 -0.95194549
vn 0.16148038 -0.26023812 -0.95194549
vn 0.14244108 -0.50126210 -0.85349097
vn 0.14244108 -0.50126210 -0.85349097
vn 0.11369465 -0.70812590 -0.69687246
vn 0.11369465 -0.70812590 -0.69687246
vn 7.7200128e-2 -0.86673210 -0.49276324
vn 7.7200128e-2 -0.86673210 -0.49276324
vn 0.98548896 -8.6002319e-3 0.16952151
vn 0.98548896 -8.6002319e-3 0.16952151
vn -8.7265355e-3 -0.99996192 1.5397293e-15
vn -8.7265355e-3 -0.99996192 1.5397293e-15
vn 0.98548896 -8.6002319e-3 0.16952151
vn 0.98548896 -8.6002319e-3 0.16952151
vn 3.5444540e-2 -0.96627193 -0.25507302
vn 3.5444540e-2 -0.96627193 -0.25507302
vn 0.98548896 -8.6002319e-3 0.16952151
vn 0.98548896 -8.6002319e-3 0.16952151
vn 7.7200128e-2 -0.86673210 -0.49276324
vn 7.7200128e-2 -0.86673210 -0.49276324
vn 0.98548896 -8.6002319e-3 0.16952151
vn 0.98548896 -8.6002319e-3 0.16952151
vn 0.11369465 -0.70812590 -0.69687246
vn 0.11369465 -0.70812590 -0.69687246
vn 0.98548896 -8.6002319e-3 0.16952151
vn 0.98548896 -8.6002319e-3 0.16952151
vn 0.14244108 -0.50126210 -0.85349097
vn 0.14244108 -0.50126210 -0.85349097
vn 0.98548896 -8.6002319e-3 0.16952151
vn 0.98548896 -8.6002319e-3 0.16952151
vn 0.16148038 -0.26023812 -0.95194549
vn 0.16148038 -0.26023812 -0.95194549
vn 0.98548896 -8.6002319e-3 0.16952151
vn 0.98548896 -8.6002319e-3 0.16952151
vn 0.16951506 -1.4793355e-3 -0.98552649
vn 0.16951506 -1.4793355e-3 -0.98552649
vn 0.98548896 -8.6002319e-3 0.16952151
vn 0.98548896 -8.6002319e-3 0.16952151
vn 0.16599757 0.25738026 -0.95194549
vn 0.16599757 0.25738026 -0.95194549
vn 0.98548896 -8.6002319e-3 0.16952151
vn 0.98548896 -8.6002319e-3 0.16952151
vn 0.15116761 0.49869982 -0.85349097
vn 0.15116761 0.49869982 -0.85349097
vn 0.98548896 -8.6002319e-3 0.16952151
vn 0.98548896 -8.6002319e-3 0.16952151
vn 0.12603584 0.70603381 -0.69687246
vn 0.12603584 0.70603381 -0.69687246
vn 0.98548896 -8.6002319e-3 0.16952151
vn 0.98548896 -8.6002319e-3 0.16952151
vn 9.2314931e-2 0.86525276 -0.49276324
vn 9.2314931e-2 0.86525276 -0.49276324
vn 0.98548896 -8.6002319e-3 0.16952151
vn 0.98548896 -8.6002319e-3 0.16952151
vn 5.2302912e-2 0.96550617 -0.25507302
vn 5.2302912e-2 0.96550617 -0.25507302
vn 0.98548896 -8.6002319e-3 0.16952151
vn 0.98548896 -8.6002319e-3 0.16952151
vn 8.7265355e-3 0.99996192 -1.5257317e-15
vn 8.7265355e-3 0.99996192 -1.5257317e-15
vn 0.98548896 -8.6002319e-3 0.16952151
vn 0.98548896 -8.6002319e-3 0.16952151
vn -3.5444540e-2 0.96627193 0.25507302
vn -3.5444540e-2 0.96627193 0.25507302
vn 0.98548896 -8.6002319e-3 0.16952151
vn 0.98548896 -8.6002319e-3 0.16952151
vn -7.7200128e-2 0.86673210 0.49276324
vn -7.7200128e-2 0.86673210 0.49276324
vn 0.98548896 -8.6002319e-3 0.16952151
vn 0.98548896 -8.6002319e-3 0.16952151
vn -0.11369465 0.70812590 0.69687246
vn -0.11369465 0.70812590 0.69687246
vn 0.98548896 -8.6002319e-3 0.16952151
vn 0.98548896 -8.6002319e-3 0.16952151
vn -0.14244108 0.50126210 0.85349097
vn -0.14244108 0.50126210 0.85349097
vn 0.98548896 -8.6002319e-3 0.16952151
vn 0.98548896 -8.6002319e-3 0.16952151
vn -0.16148038 0.26023812 0.95194549
vn -0.16148038 0.26023812 0.95194549
vn 0.98548896 -8.6002319e-3 0.16952151
vn 0.98548896 -8.6002319e-3 0.16952151
vn -0.16951506 1.4793355e-3 0.98552649
vn -0.16951506 1.4793355e-3 0.98552649
vn 0.98548896 -8.6002319e-3 0.16952151
vn 0.98548896 -8.6002319e-3 0.16952151
vn -0.16599757 -0.25738026 0.95194549
vn -0.16599757 -0.25738026 0.95194549
vn 0.98548896 -8.6002319e-3 0.16952151
vn 0.98548896 -8.6002319e-3 0.16952151
vn -0.15116761 -0.49869982 0.85349097
vn -0.15116761 -0.49869982 0.85349097
vn 0.98548896 -8.6002319e-3 0.16952151
vn 0.98548896 -8.6002319e-3 0.16952151
vn -0.12603584 -0.70603381 0.69687246
vn -0.12603584 -0.70603381 0.69687246
vn 0.98548896 -8.6002319e-3 0.16952151
vn 0.98548896 -8.6002319e-3 0.16952151
vn -9.2314931e-2 -0.86525276 0.49276324
vn -9.2314931e-2 -0.86525276 0.49276324
vn 0.98548896 -8.6002319e-3 0.16952151
vn 0.98548896 -8.6002319e-3 0.16952151
vn -5.2302912e-2 -0.96550617 0.25507302
vn -5.2302912e-2 -0.96550617 0.25507302
vn 2.3322647e-2 0.99972483 2.5136293e-3
vn 2.3322647e-2 0.99972483 2.5136293e-3
vn -2.3149328e-2 0.96608907 0.25716922
vn -2.3149328e-2 0.96608907 0.25716922
vn -6.6330380e-2 0.86658425 0.49460288
vn -6.6330380e-2 0.86658425 0.49460288
vn -0.10327601 0.70799554 0.69862464
vn -0.10327601 0.70799554 0.69862464
vn -0.13146716 0.50113605 0.85532394
vn -0.13146716 0.50113605 0.85532394
vn -0.14898169 0.26010987 0.95401641
vn -0.14898169 0.26010987 0.95401641
vn -0.15462540 1.3521529e-3 0.98797225
vn -0.15462540 1.3521529e-3 0.98797225
vn -0.14801383 -0.25749032 0.95487729
vn -0.14801383 -0.25749032 0.95487729
vn -0.12959901 -0.49876399 0.85699392
vn -0.12959901 -0.49876399 0.85699392
vn -0.10063880 -0.70601670 0.70100802
vn -0.10063880 -0.70601670 0.70100802
vn -6.3110602e-2 -0.86512465 0.49757049
vn -6.3110602e-2 -0.86512465 0.49757049
vn -1.9575343e-2 -0.96525798 0.26056445
vn -1.9575343e-2 -0.96525798 0.26056445
vn 2.6998560e-2 -0.99961655 6.1509014e-3
vn 2.6998560e-2 -0.99961655 6.1509014e-3
vn 7.3438462e-2 -0.96588556 -0.24833824
vn 7.3438462e-2 -0.96588556 -0.24833824
vn 0.11658357 -0.86638300 -0.48558085
vn 0.11658357 -0.86638300 -0.48558085
vn 0.15349899 -0.70789343 -0.68943814
vn 0.15349899 -0.70789343 -0.68943814
vn 0.18167379 -0.50120341 -0.84604360
vn 0.18167379 -0.50120341 -0.84604360
vn 0.19919019 -0.26037162 -0.94473800
vn 0.19919019 -0.26037162 -0.94473800
vn 0.20485349 -1.7811630e-3 -0.97879103
vn 0.20485349 -1.7811630e-3 -0.97879103
vn 0.19827399 0.25696601 -0.94586251
vn 0.19827399 0.25696601 -0.94586251
vn 0.17989513 0.49824192 -0.84817023
vn 0.17989513 0.49824192 -0.84817023
vn 0.15096512 0.70559379 -0.69234886
vn 0.15096512 0.70559379 -0.69234886
vn 0.11345328 0.86487126 -0.48900518
vn 0.11345328 0.86487126 -0.48900518
vn 6.9916150e-2 0.96519902 -0.25199717
vn 6.9916150e-2 0.96519902 -0.25199717
vn 8.7265355e-3 0.99996192 -3.3947933e-15
vn 8.7265355e-3 0.99996192 -3.3947933e-15
vn -0.11369465 0.70812590 0.69687246
vn -0.11369465 0.70812590 0.69687246
vn -0.16951506 1.4793355e-3 0.98552649
vn -0.16951506 1.4793355e-3 0.98552649
vn -0.12603584 -0.70603381 0.69687246
vn -0.12603584 -0.70603381 0.69687246
vn -8.7265355e-3 -0.99996192 1.8025451e-16
vn -8.7265355e-3 -0.99996192 1.8025451e-16
vn 0.11369465 -0.70812590 -0.69687246
vn 0.11369465 -0.70812590 -0.69687246
vn 0.16951506 -1.4793355e-3 -0.98552649
vn 0.16951506 -1.4793355e-3 -0.98552649
vn 0.12603584 0.70603381 -0.69687246
vn 0.12603584 0.70603381 -0.69687246
vn 0.98548896 -8.6002319e-3 0.16952151
vn 8.7265355e-3 0.99996192 -3.3947933e-15
vn 8.7265355e-3 0.99996192 -3.3947933e-15
vn 0.98548896 -8.6002319e-3 0.16952151
vn -0.11369465 0.70812590 0.69687246
vn -0.11369465 0.70812590 0.69687246
vn 0.98548896 -8.6002319e-3 0.16952151
vn -0.16951506 1.4793355e-3 0.98552649
vn -0.16951506 1.4793355e-3 0.98552649
vn 0.98548896 -8.6002319e-3 0.16952151
vn -0.12603584 -0.70603381 0.69687246
vn -0.12603584 -0.70603381 0.69687246
vn 0.98548896 -8.6002319e-3 0.16952151
vn -8.7265355e-3 -0.99996192 1.8025451e-16
vn -8.7265355e-3 -0.99996192 1.8025451e-16
vn 0.98548896 -8.6002319e-3 0.16952151
vn 0.11369465 -0.70812590 -0.69687246
vn 0.11369465 -0.70812590 -0.69687246
vn 0.98548896 -8.6002319e-3 0.16952151
vn 0.16951506 -1.4793355e-3 -0.98552649
vn 0.16951506 -1.4793355e-3 -0.98552649
vn 0.98548896 -8.6002319e-3 0.16952151
vn 0.12603584 0.70603381 -0.69687246
vn 0.12603584 0.70603381 -0.69687246
vn 8.7265355e-3 0.99996192 1.7544772e-14
vn 8.7265355e-3 0.99996192 1.7544772e-14
vn -0.11369465 0.70812590 0.69687246
vn -0.11369465 0.70812590 0.69687246
vn -0.16951506 1.4793355e-3 0.98552649
vn -0.16951506 1.4793355e-3 0.98552649
vn -0.12603584 -0.70603381 0.69687246
vn -0.12603584 -0.70603381 0.69687246
vn -8.7265355e-3 -0.99996192 1.7244348e-14
vn -8.7265355e-3 -0.99996192 1.7244348e-14
vn 0.11369465 -0.70812590 -0.69687246
vn 0.11369465 -0.70812590 -0.69687246
vn 0.16951506 -1.4793355e-3 -0.98552649
vn 0.16951506 -1.4793355e-3 -0.98552649
vn 0.12603584 0.70603381 -0.69687246
vn 0.12603584 0.70603381 -0.69687246
vn 0.98548896 -8.6002319e-3 0.16952151
vn 8.7265355e-3 0.99996192 1.7544772e-14
vn 8.7265355e-3 0.99996192 1.7544772e-14
vn 0.98548896 -8.6002319e-3 0.16952151
vn -0.11369465 0.70812590 0.69687246
vn -0.11369465 0.70812590 0.69687246
vn 0.98548896 -8.6002319e-3 0.16952151
vn -0.16951506 1.4793355e-3 0.98552649
vn -0.16951506 1.4793355e-3 0.98552649
vn 0.98548896 -8.6002319e-3 0.16952151
vn -0.12603584 -0.70603381 0.69687246
vn -0.12603584 -0.70603381 0.69687246
vn 0.98548896 -8.6002319e-3 0.16952151
vn -8.7265355e-3 -0.99996192 1.7244348e-14
vn -8.7265355e-3 -0.99996192 1.7244348e-14
vn 0.98548896 -8.6002319e-3 0.16952151
vn 0.11369465 -0.70812590 -0.69687246
vn 0.11369465 -0.70812590 -0.69687246
vn 0.98548896 -8.6002319e-3 0.16952151
vn 0.16951506 -1.4793355e-3 -0.98552649
vn 0.16951506 -1.4793355e-3 -0.98552649
vn 0.98548896 -8.6002319e-3 0.16952151
vn 0.12603584 0.70603381 -0.69687246
vn 0.12603584 0.70603381 -0.69687246
vn 0.98548896 -8.6002319e-3 0.16952151
vn 0.98548896 -8.6002319e-3 0.16952151
vn 0.98548896 -8.6002319e-3 0.16952151
vn 0.98548896 -8.6002319e-3 0.16952151
vn 0.98548896 -8.6002319e-3 0.16952151
vn 0.98548896 -8.6002319e-3 0.16952151
vn 0.98548896 -8.6002319e-3 0.16952151
vn 0.98548896 -8.6002319e-3 0.16952151
vn 0.98548896 -8.6002319e-3 0.16952151
vn 0.98548896 -8.6002319e-3 0.16952151
vn 0.98548896 -8.6002319e-3 0.16952151
vn 0.98548896 -8.6002319e-3 0.16952151
vn -8.7265355e-3 0.99996192 6.9998835e-15
vn -8.7265355e-3 0.99996192 6.9998835e-15
vn 0.11369465 0.70812590 0.69687246
vn 0.11369465 0.70812590 0.69687246
vn 0.16951506 1.4793355e-3 0.98552649
vn 0.16951506 1.4793355e-3 0.98552649
vn 0.12603584 -0.70603381 0.69687246
vn 0.12603584 -0.70603381 0.69687246
vn 8.7265355e-3 -0.99996192 6.8797139e-15
vn 8.7265355e-3 -0.99996192 6.8797139e-15
vn -0.11369465 -0.70812590 -0.69687246
vn -0.11369465 -0.70812590 -0.69687246
vn -0.16951506 -1.4793355e-3 -0.98552649
vn -0.16951506 -1.4793355e-3 -0.98552649
vn -0.12603584 0.70603381 -0.69687246
vn -0.12603584 0.70603381 -0.69687246
vn -0.98548896 -8.6002319e-3 0.16952151
vn -8.7265355e-3 0.99996192 6.9998835e-15
vn -8.7265355e-3 0.99996192 6.9998835e-15
vn -0.98548896 -8.6002319e-3 0.16952151
vn 0.11369465 0.70812590 0.69687246
vn 0.11369465 0.70812590 0.69687246
vn -0.98548896 -8.6002319e-3 0.16952151
vn 0.16951506 1.4793355e-3 0.98552649
vn 0.16951506 1.4793355e-3 0.98552649
vn -0.98548896 -8.6002319e-3 0.16952151
vn 0.12603584 -0.70603381 0.69687246
vn 0.12603584 -0.70603381 0.69687246
vn -0.98548896 -8.6002319e-3 0.16952151
vn 8.7265355e-3 -0.99996192 6.8797139e-15
vn 8.7265355e-3 -0.99996192 6.8797139e-15
vn -0.98548896 -8.6002319e-3 0.16952151
vn -0.11369465 -0.70812590 -0.69687246
vn -0.11369465 -0.70812590 -0.69687246
vn -0.98548896 -8.6002319e-3 0.16952151
vn -0.16951506 -1.4793355e-3 -0.98552649
vn -0.16951506 -1.4793355e-3 -0.98552649
vn -0.98548896 -8.6002319e-3 0.16952151
vn -0.12603584 0.70603381 -0.69687246
vn -0.12603584 0.70603381 -0.69687246
vn -8.7265355e-3 0.99996192 1.2497646e-14
vn -8.7265355e-3 0.99996192 1.2497646e-14
vn 0.11369465 0.70812590 0.69687246
vn 0.11369465 0.70812590 0.69687246
vn 0.16951506 1.4793355e-3 0.98552649
vn 0.16951506 1.4793355e-3 0.98552649
vn 0.12603584 -0.70603381 0.69687246
vn 0.12603584 -0.70603381 0.69687246
vn 8.7265355e-3 -0.99996192 8.5921317e-15
vn 8.7265355e-3 -0.99996192 8.5921317e-15
vn -0.11369465 -0.70812590 -0.69687246
vn -0.11369465 -0.70812590 -0.69687246
vn -0.16951506 -1.4793355e-3 -0.98552649
vn -0.16951506 -1.4793355e-3 -0.98552649
vn -0.12603584 0.70603381 -0.69687246
vn -0.12603584 0.70603381 -0.69687246
vn -0.98548896 -8.6002319e-3 0.16952151
vn -8.7265355e-3 0.99996192 1.2497646e-14
vn -8.7265355e-3 0.99996192 1.2497646e-14
vn -0.98548896 -8.6002319e-3 0.16952151
vn 0.11369465 0.70812590 0.69687246
vn 0.11369465 0.70812590 0.69687246
vn -0.98548896 -8.6002319e-3 0.16952151
vn 0.16951506 1.4793355e-3 0.98552649
vn 0.16951506 1.4793355e-3 0.98552649
vn -0.98548896 -8.6002319e-3 0.16952151
vn 0.12603584 -0.70603381 0.69687246
vn 0.12603584 -0.70603381 0.69687246
vn -0.98548896 -8.6002319e-3 0.16952151
vn 8.7265355e-3 -0.99996192 8.5921317e-15
vn 8.7265355e-3 -0.99996192 8.5921317e-15
vn -0.98548896 -8.6002319e-3 0.16952151
vn -0.11369465 -0.70812590 -0.69687246
vn -0.11369465 -0.70812590 -0.69687246
vn -0.98548896 -8.6002319e-3 0.16952151
vn -0.16951506 -1.4793355e-3 -0.98552649
vn -0.16951506 -1.4793355e-3 -0.98552649
vn -0.98548896 -8.6002319e-3 0.16952151
vn -0.12603584 0.70603381 -0.69687246
vn -0.12603584 0.70603381 -0.69687246
vn -8.7265355e-3 0.99996192 1.6222906e-14
vn -8.7265355e-3 0.99996192 1.6222906e-14
vn 0.11369465 0.70812590 0.69687246
vn 0.11369465 0.70812590 0.69687246
vn 0.16951506 1.4793355e-3 0.98552649
vn 0.16951506 1.4793355e-3 0.98552649
vn 0.12603584 -0.70603381 0.69687246
vn 0.12603584 -0.70603381 0.69687246
vn 8.7265355e-3 -0.99996192 1.9257190e-14
vn 8.7265355e-3 -0.99996192 1.9257190e-14
vn -0.11369465 -0.70812590 -0.69687246
vn -0.11369465 -0.70812590 -0.69687246
vn -0.16951506 -1.4793355e-3 -0.98552649
vn -0.16951506 -1.4793355e-3 -0.98552649
vn -0.12603584 0.70603381 -0.69687246
vn -0.12603584 0.70603381 -0.69687246
vn -0.98548896 -8.6002319e-3 0.16952151
vn -8.7265355e-3 0.99996192 1.6222906e-14
vn -8.7265355e-3 0.99996192 1.6222906e-14
vn -0.98548896 -8.6002319e-3 0.16952151
vn 0.11369465 0.70812590 0.69687246
vn 0.11369465 0.70812590 0.69687246
vn -0.98548896 -8.6002319e-3 0.16952151
vn 0.16951506 1.4793355e-3 0.98552649
vn 0.16951506 1.4793355e-3 0.98552649
vn -0.98548896 -8.6002319e-3 0.16952151
vn 0.12603584 -0.70603381 0.69687246
vn 0.12603584 -0.70603381 0.69687246
vn -0.98548896 -8.6002319e-3 0.16952151
vn 8.7265355e-3 -0.99996192 1.9257190e-14
vn 8.7265355e-3 -0.99996192 1.9257190e-14
vn -0.98548896 -8.6002319e-3 0.16952151
vn -0.11369465 -0.70812590 -0.69687246
vn -0.11369465 -0.70812590 -0.69687246
vn -0.98548896 -8.6002319e-3 0.16952151
vn -0.16951506 -1.4793355e-3 -0.98552649
vn -0.16951506 -1.4793355e-3 -0.98552649
vn -0.98548896 -8.6002319e-3 0.16952151
vn -0.12603584 0.70603381 -0.69687246
vn -0.12603584 0.70603381 -0.69687246
vn -8.7265355e-3 0.99996192 -1.5622058e-15
vn -8.7265355e-3 0.99996192 -1.5622058e-15
vn 0.11369465 0.70812590 0.69687246
vn 0.11369465 0.70812590 0.69687246
vn 0.16951506 1.4793355e-3 0.98552649
vn 0.16951506 1.4793355e-3 0.98552649
vn 0.12603584 -0.70603381 0.69687246
vn 0.12603584 -0.70603381 0.69687246
vn 8.7265355e-3 -0.99996192 -6.3089079e-16
vn 8.7265355e-3 -0.99996192 -6.3089079e-16
vn -0.11369465 -0.70812590 -0.69687246
vn -0.11369465 -0.70812590 -0.69687246
vn -0.16951506 -1.4793355e-3 -0.98552649
vn -0.16951506 -1.4793355e-3 -0.98552649
vn -0.12603584 0.70603381 -0.69687246
vn -0.12603584 0.70603381 -0.69687246
vn -0.98548896 -8.6002319e-3 0.16952151
vn -8.7265355e-3 0.99996192 -1.5622058e-15
vn -8.7265355e-3 0.99996192 -1.5622058e-15
vn -0.98548896 -8.6002319e-3 0.16952151
vn 0.11369465 0.70812590 0.69687246
vn 0.11369465 0.70812590 0.69687246
vn -0.98548896 -8.6002319e-3 0.16952151
vn 0.16951506 1.4793355e-3 0.98552649
vn 0.16951506 1.4793355e-3 0.98552649
vn -0.98548896 -8.6002319e-3 0.16952151
vn 0.12603584 -0.70603381 0.69687246
vn 0.12603584 -0.70603381 0.69687246
vn -0.98548896 -8.6002319e-3 0.16952151
vn 8.7265355e-3 -0.99996192 -6.3089079e-16
vn 8.7265355e-3 -0.99996192 -6.3089079e-16
vn -0.98548896 -8.6002319e-3 0.16952151
vn -0.11369465 -0.70812590 -0.69687246
vn -0.11369465 -0.70812590 -0.69687246
vn -0.98548896 -8.6002319e-3 0.16952151
vn -0.16951506 -1.4793355e-3 -0.98552649
vn -0.16951506 -1.4793355e-3 -0.98552649
vn -0.98548896 -8.6002319e-3 0.16952151
vn -0.12603584 0.70603381 -0.69687246
vn -0.12603584 0.70603381 -0.69687246
vn -8.7265355e-3 0.99996192 1.6643500e-14
vn -8.7265355e-3 0.99996192 1.6643500e-14
vn 0.11369465 0.70812590 0.69687246
vn 0.11369465 0.70812590 0.69687246
vn 0.16951506 1.4793355e-3 0.98552649
vn 0.16951506 1.4793355e-3 0.98552649
vn 0.12603584 -0.70603381 0.69687246
vn 0.12603584 -0.70603381 0.69687246
vn 8.7265355e-3 -0.99996192 1.4119937e-14
vn 8.7265355e-3 -0.99996192 1.4119937e-14
vn -0.11369465 -0.70812590 -0.69687246
vn -0.11369465 -0.70812590 -0.69687246
vn -0.16951506 -1.4793355e-3 -0.98552649
vn -0.16951506 -1.4793355e-3 -0.98552649
vn -0.12603584 0.70603381 -0.69687246
vn -0.12603584 0.70603381 -0.69687246
vn -0.98548896 -8.6002319e-3 0.16952151
vn -8.7265355e-3 0.99996192 1.6643500e-14
vn -8.7265355e-3 0.99996192 1.6643500e-14
vn -0.98548896 -8.6002319e-3 0.16952151
vn 0.11369465 0.70812590 0.69687246
vn 0.11369465 0.70812590 0.69687246
vn -0.98548896 -8.6002319e-3 0.16952151
vn 0.16951506 1.4793355e-3 0.98552649
vn 0.16951506 1.4793355e-3 0.98552649
vn -0.98548896 -8.6002319e-3 0.16952151
vn 0.12603584 -0.70603381 0.69687246
vn 0.12603584 -0.70603381 0.69687246
vn -0.98548896 -8.6002319e-3 0.16952151
vn 8.7265355e-3 -0.99996192 1.4119937e-14
vn 8.7265355e-3 -0.99996192 1.4119937e-14
vn -0.98548896 -8.6002319e-3 0.16952151
vn -0.11369465 -0.70812590 -0.69687246
vn -0.11369465 -0.70812590 -0.69687246
vn -0.98548896 -8.6002319e-3 0.16952151
vn -0.16951506 -1.4793355e-3 -0.98552649
vn -0.16951506 -1.4793355e-3 -0.98552649
vn -0.98548896 -8.6002319e-3 0.16952151
vn -0.12603584 0.70603381 -0.69687246
vn -0.12603584 0.70603381 -0.69687246
vn -8.7265355e-3 0.99996192 -1.2317392e-15
vn -8.7265355e-3 0.99996192 -1.2317392e-15
vn 0.11369465 0.70812590 0.69687246
vn 0.11369465 0.70812590 0.69687246
vn 0.16951506 1.4793355e-3 0.98552649
vn 0.16951506 1.4793355e-3 0.98552649
vn 0.12603584 -0.70603381 0.69687246
vn 0.12603584 -0.70603381 0.69687246
vn 8.7265355e-3 -0.99996192 -2.4935207e-15
vn 8.7265355e-3 -0.99996192 -2.4935207e-15
vn -0.11369465 -0.70812590 -0.69687246
vn -0.11369465 -0.70812590 -0.69687246
vn -0.16951506 -1.4793355e-3 -0.98552649
vn -0.16951506 -1.4793355e-3 -0.98552649
vn -0.12603584 0.70603381 -0.69687246
vn -0.12603584 0.70603381 -0.69687246
vn -0.98548896 -8.6002319e-3 0.16952151
vn -8.7265355e-3 0.99996192 -1.2317392e-15
vn -8.7265355e-3 0.99996192 -1.2317392e-15
vn -0.98548896 -8.6002319e-3 0.16952151
vn 0.11369465 0.70812590 0.69687246
vn 0.11369465 0.70812590 0.69687246
vn -0.98548896 -8.6002319e-3 0.16952151
vn 0.16951506 1.4793355e-3 0.98552649
vn 0.16951506 1.4793355e-3 0.98552649
vn -0.98548896 -8.6002319e-3 0.16952151
vn 0.12603584 -0.70603381 0.69687246
vn 0.12603584 -0.70603381 0.69687246
vn -0.98548896 -8.6002319e-3 0.16952151
vn 8.7265355e-3 -0.99996192 -2.4935207e-15
vn 8.7265355e-3 -0.99996192 -2.4935207e-15
vn -0.98548896 -8.6002319e-3 0.16952151
vn -0.11369465 -0.70812590 -0.69687246
vn -0.11369465 -0.70812590 -0.69687246
vn -0.98548896 -8.6002319e-3 0.16952151
vn -0.16951506 -1.4793355e-3 -0.98552649
vn -0.16951506 -1.4793355e-3 -0.98552649
vn -0.98548896 -8.6002319e-3 0.16952151
vn -0.12603584 0.70603381 -0.69687246
vn -0.12603584 0.70603381 -0.69687246
vn -8.7265355e-3 0.99996192 1.7184263e-14
vn -8.7265355e-3 0.99996192 1.7184263e-14
vn 0.11369465 0.70812590 0.69687246
vn 0.11369465 0.70812590 0.69687246
vn 0.16951506 1.4793355e-3 0.98552649
vn 0.16951506 1.4793355e-3 0.98552649
vn 0.12603584 -0.70603381 0.69687246
vn 0.12603584 -0.70603381 0.69687246
vn 8.7265355e-3 -0.99996192 1.3489046e-14
vn 8.7265355e-3 -0.99996192 1.3489046e-14
vn -0.11369465 -0.70812590 -0.69687246
vn -0.11369465 -0.70812590 -0.69687246
vn -0.16951506 -1.4793355e-3 -0.98552649
vn -0.16951506 -1.4793355e-3 -0.98552649
vn -0.12603584 0.70603381 -0.69687246
vn -0.12603584 0.70603381 -0.69687246
vn -0.98548896 -8.6002319e-3 0.16952151
vn -8.7265355e-3 0.99996192 1.7184263e-14
vn -8.7265355e-3 0.99996192 1.7184263e-14
vn -0.98548896 -8.6002319e-3 0.16952151
vn 0.11369465 0.70812590 0.69687246
vn 0.11369465 0.70812590 0.69687246
vn -0.98548896 -8.6002319e-3 0.16952151
vn 0.16951506 1.4793355e-3 0.98552649
vn 0.16951506 1.4793355e-3 0.98552649
vn -0.98548896 -8.6002319e-3 0.16952151
vn 0.12603584 -0.70603381 0.69687246
vn 0.12603584 -0.70603381 0.69687246
vn -0.98548896 -8.6002319e-3 0.16952151
vn 8.7265355e-3 -0.99996192 1.3489046e-14
vn 8.7265355e-3 -0.99996192 1.3489046e-14
vn -0.98548896 -8.6002319e-3 0.16952151
vn -0.11369465 -0.70812590 -0.69687246
vn -0.11369465 -0.70812590 -0.69687246
vn -0.98548896 -8.6002319e-3 0.16952151
vn -0.16951506 -1.4793355e-3 -0.98552649
vn -0.16951506 -1.4793355e-3 -0.98552649
vn -0.98548896 -8.6002319e-3 0.16952151
vn -0.12603584 0.70603381 -0.69687246
vn -0.12603584 0.70603381 -0.69687246
vn -8.7265355e-3 0.99996192 -2.1330117e-15
vn -8.7265355e-3 0.99996192 -2.1330117e-15
vn 0.11369465 0.70812590 0.69687246
vn 0.11369465 0.70812590 0.69687246
vn 0.16951506 1.4793355e-3 0.98552649
vn 0.16951506 1.4793355e-3 0.98552649
vn 0.12603584 -0.70603381 0.69687246
vn 0.12603584 -0.70603381 0.69687246
vn 8.7265355e-3 -0.99996192 -3.0042419e-15
vn 8.7265355e-3 -0.99996192 -3.0042419e-15
vn -0.11369465 -0.70812590 -0.69687246
vn -0.11369465 -0.70812590 -0.69687246
vn -0.16951506 -1.4793355e-3 -0.98552649
vn -0.16951506 -1.4793355e-3 -0.98552649
vn -0.12603584 0.70603381 -0.69687246
vn -0.12603584 0.70603381 -0.69687246
vn -0.98548896 -8.6002319e-3 0.16952151
vn -8.7265355e-3 0.99996192 -2.1330117e-15
vn -8.7265355e-3 0.99996192 -2.1330117e-15
vn -0.98548896 -8.6002319e-3 0.16952151
vn 0.11369465 0.70812590 0.69687246
vn 0.11369465 0.70812590 0.69687246
vn -0.98548896 -8.6002319e-3 0.16952151
vn 0.16951506 1.4793355e-3 0.98552649
vn 0.16951506 1.4793355e-3 0.98552649
vn -0.98548896 -8.6002319e-3 0.16952151
vn 0.12603584 -0.70603381 0.69687246
vn 0.12603584 -0.70603381 0.69687246
vn -0.98548896 -8.6002319e-3 0.16952151
vn 8.7265355e-3 -0.99996192 -3.0042419e-15
vn 8.7265355e-3 -0.99996192 -3.0042419e-15
vn -0.98548896 -8.6002319e-3 0.16952151
vn -0.11369465 -0.70812590 -0.69687246
vn -0.11369465 -0.70812590 -0.69687246
vn -0.98548896 -8.6002319e-3 0.16952151
vn -0.16951506 -1.4793355e-3 -0.98552649
vn -0.16951506 -1.4793355e-3 -0.98552649
vn -0.98548896 -8.6002319e-3 0.16952151
vn -0.12603584 0.70603381 -0.69687246
vn -0.12603584 0.70603381 -0.69687246
vn -0.98548896 -8.6002319e-3 0.16952151
vn -0.98548896 -8.6002319e-3 0.16952151
vn -6.0866288e-2 0.99810559 8.9735711e-3
vn -6.0866288e-2 0.99810559 8.9735711e-3
vn -0.98548896 -8.6002319e-3 0.16952151
vn -0.98548896 -8.6002319e-3 0.16952151
vn -1.5194058e-2 0.96455412 0.26344733
vn -1.5194058e-2 0.96455412 0.26344733
vn -0.98548896 -8.6002319e-3 0.16952151
vn -0.98548896 -8.6002319e-3 0.16952151
vn 2.9694657e-2 0.86530817 0.50035987
vn 2.9694657e-2 0.86530817 0.50035987
vn -0.98548896 -8.6002319e-3 0.16952151
vn -0.98548896 -8.6002319e-3 0.16952151
vn 7.0748032e-2 0.70707210 0.70359346
vn 7.0748032e-2 0.70707210 0.70359346
vn -0.98548896 -8.6002319e-3 0.16952151
vn -0.98548896 -8.6002319e-3 0.16952151
vn 0.10516874 0.50056785 0.85928538
vn 0.10516874 0.50056785 0.85928538
vn -0.98548896 -8.6002319e-3 0.16952151
vn -0.98548896 -8.6002319e-3 0.16952151
vn 0.13060521 0.25982912 0.95678164
vn 0.13060521 0.25982912 0.95678164
vn -0.98548896 -8.6002319e-3 0.16952151
vn -0.98548896 -8.6002319e-3 0.16952151
vn 0.14531505 1.2574082e-3 0.98938464
vn 0.14531505 1.2574082e-3 0.98938464
vn -0.98548896 -8.6002319e-3 0.16952151
vn -0.98548896 -8.6002319e-3 0.16952151
vn 0.14828786 -0.25750027 0.95483209
vn 0.14828786 -0.25750027 0.95483209
vn -0.98548896 -8.6002319e-3 0.16952151
vn -0.98548896 -8.6002319e-3 0.16952151
vn 0.13931689 -0.49877086 0.85546387
vn 0.13931689 -0.49877086 0.85546387
vn -0.98548896 -8.6002319e-3 0.16952151
vn -0.98548896 -8.6002319e-3 0.16952151
vn 0.11901349 -0.70607855 0.69806079
vn 0.11901349 -0.70607855 0.69806079
vn -0.98548896 -8.6002319e-3 0.16952151
vn -0.98548896 -8.6002319e-3 0.16952151
vn 8.8763833e-2 -0.86527845 0.49337023
vn 8.8763833e-2 -0.86527845 0.49337023
vn -0.98548896 -8.6002319e-3 0.16952151
vn -0.98548896 -8.6002319e-3 0.16952151
vn 5.0632113e-2 -0.96551939 0.25535994
vn 5.0632113e-2 -0.96551939 0.25535994
vn -0.98548896 -8.6002319e-3 0.16952151
vn -0.98548896 -8.6002319e-3 0.16952151
vn 7.2184874e-3 -0.99997391 2.5948190e-4
vn 7.2184874e-3 -0.99997391 2.5948190e-4
vn -0.98548896 -8.6002319e-3 0.16952151
vn -0.98548896 -8.6002319e-3 0.16952151
vn -3.8517820e-2 -0.96629418 -0.25454261
vn -3.8517820e-2 -0.96629418 -0.25454261
vn -0.98548896 -8.6002319e-3 0.16952151
vn -0.98548896 -8.6002319e-3 0.16952151
vn -8.3458698e-2 -0.86677006 -0.49167500
vn -8.3458698e-2 -0.86677006 -0.49167500
vn -0.98548896 -8.6002319e-3 0.16952151
vn -0.98548896 -8.6002319e-3 0.16952151
vn -0.12453834 -0.70818034 -0.69496101
vn -0.12453834 -0.70818034 -0.69496101
vn -0.98548896 -8.6002319e-3 0.16952151
vn -0.98548896 -8.6002319e-3 0.16952151
vn -0.15895237 -0.50134169 -0.85052375
vn -0.15895237 -0.50134169 -0.85052375
vn -0.98548896 -8.6002319e-3 0.16952151
vn -0.98548896 -8.6002319e-3 0.16952151
vn -0.18435097 -0.26037751 -0.94774378
vn -0.18435097 -0.26037751 -0.94774378
vn -0.98548896 -8.6002319e-3 0.16952151
vn -0.98548896 -8.6002319e-3 0.16952151
vn -0.19900192 -1.7498037e-3 -0.97999754
vn -0.19900192 -1.7498037e-3 -0.97999754
vn -0.98548896 -8.6002319e-3 0.16952151
vn -0.98548896 -8.6002319e-3 0.16952151
vn -0.20191061 0.25687937 -0.94511645
vn -0.20191061 0.25687937 -0.94511645
vn -0.98548896 -8.6002319e-3 0.16952151
vn -0.98548896 -8.6002319e-3 0.16952151
vn -0.19288748 0.49787148 -0.84552848
vn -0.19288748 0.49787148 -0.84552848
vn -0.98548896 -8.6002319e-3 0.16952151
vn -0.98548896 -8.6002319e-3 0.16952151
vn -0.17255786 0.70482545 -0.68807330
vn -0.17255786 0.70482545 -0.68807330
vn -0.98548896 -8.6002319e-3 0.16952151
vn -0.98548896 -8.6002319e-3 0.16952151
vn -0.14231494 0.86369120 -0.48351212
vn -0.14231494 0.86369120 -0.48351212
vn -0.98548896 -8.6002319e-3 0.16952151
vn -0.98548896 -8.6002319e-3 0.16952151
vn -0.10422107 0.96370699 -0.24577796
vn -0.10422107 0.96370699 -0.24577796
vn -0.98548896 -8.6002319e-3 0.16952151
vn -0.98548896 -8.6002319e-3 0.16952151
vn -0.40794811 -0.91019836 7.1535202e-2
vn -0.40794811 -0.91019836 7.1535202e-2
vn -0.98548896 -8.6002319e-3 0.16952151
vn -0.98548896 -8.6002319e-3 0.16952151
vn -0.44799377 -0.87965488 -0.15971495
vn -0.44799377 -0.87965488 -0.15971495
vn -0.98548896 -8.6002319e-3 0.16952151
vn -0.98548896 -8.6002319e-3 0.16952151
vn -0.48584954 -0.78941170 -0.37520579
vn -0.48584954 -0.78941170 -0.37520579
vn -0.98548896 -8.6002319e-3 0.16952151
vn -0.98548896 -8.6002319e-3 0.16952151
vn -0.51893562 -0.64561874 -0.56025197
vn -0.51893562 -0.64561874 -0.56025197
vn -0.98548896 -8.6002319e-3 0.16952151
vn -0.98548896 -8.6002319e-3 0.16952151
vn -0.54499723 -0.45807524 -0.70224290
vn -0.54499723 -0.45807524 -0.70224290
vn -0.98548896 -8.6002319e-3 0.16952151
vn -0.98548896 -8.6002319e-3 0.16952151
vn -0.56225833 -0.23956200 -0.79150212
vn -0.56225833 -0.23956200 -0.79150212
vn -0.98548896 -8.6002319e-3 0.16952151
vn -0.98548896 -8.6002319e-3 0.16952151
vn -0.56954261 -4.9703230e-3 -0.82194678
vn -0.56954261 -4.9703230e-3 -0.82194678
vn -0.98548896 -8.6002319e-3 0.16952151
vn -0.98548896 -8.6002319e-3 0.16952151
vn -0.56635363 0.22971275 -0.79150212
vn -0.56635363 0.22971275 -0.79150212
vn -0.98548896 -8.6002319e-3 0.16952151
vn -0.98548896 -8.6002319e-3 0.16952151
vn -0.55290874 0.44849396 -0.70224290
vn -0.55290874 0.44849396 -0.70224290
vn -0.98548896 -8.6002319e-3 0.16952151
vn -0.98548896 -8.6002319e-3 0.16952151
vn -0.53012418 0.63646373 -0.56025197
vn -0.53012418 0.63646373 -0.56025197
vn -0.98548896 -8.6002319e-3 0.16952151
vn -0.98548896 -8.6002319e-3 0.16952151
vn -0.49955268 0.78081223 -0.37520579
vn -0.49955268 0.78081223 -0.37520579
vn -0.98548896 -8.6002319e-3 0.16952151
vn -0.98548896 -8.6002319e-3 0.16952151
vn -0.46327764 0.87170234 -0.15971495
vn -0.46327764 0.87170234 -0.15971495
vn -0.98548896 -8.6002319e-3 0.16952151
vn -0.98548896 -8.6002319e-3 0.16952151
vn -0.42377113 0.90294006 7.1535202e-2
vn -0.42377113 0.90294006 7.1535202e-2
vn -0.98548896 -8.6002319e-3 0.16952151
vn -0.98548896 -8.6002319e-3 0.16952151
vn -0.38372547 0.87239658 0.30278536
vn -0.38372547 0.87239658 0.30278536
vn -0.98548896 -8.6002319e-3 0.16952151
vn -0.98548896 -8.6002319e-3 0.16952151
vn -0.34586970 0.78215340 0.51827620
vn -0.34586970 0.78215340 0.51827620
vn -0.98548896 -8.6002319e-3 0.16952151
vn -0.98548896 -8.6002319e-3 0.16952151
vn -0.31278362 0.63836043 0.70332237
vn -0.31278362 0.63836043 0.70332237
vn -0.98548896 -8.6002319e-3 0.16952151
vn -0.98548896 -8.6002319e-3 0.16952151
vn -0.28672201 0.45081694 0.84531330
vn -0.28672201 0.45081694 0.84531330
vn -0.98548896 -8.6002319e-3 0.16952151
vn -0.98548896 -8.6002319e-3 0.16952151
vn -0.26946091 0.23230370 0.93457253
vn -0.26946091 0.23230370 0.93457253
vn -0.98548896 -8.6002319e-3 0.16952151
vn -0.98548896 -8.6002319e-3 0.16952151
vn -0.26217664 -2.2879809e-3 0.96501719
vn -0.26217664 -2.2879809e-3 0.96501719
vn -0.98548896 -8.6002319e-3 0.16952151
vn -0.98548896 -8.6002319e-3 0.16952151
vn -0.26536561 -0.23697106 0.93457253
vn -0.26536561 -0.23697106 0.93457253
vn -0.98548896 -8.6002319e-3 0.16952151
vn -0.98548896 -8.6002319e-3 0.16952151
vn -0.27881050 -0.45575227 0.84531330
vn -0.27881050 -0.45575227 0.84531330
vn -0.98548896 -8.6002319e-3 0.16952151
vn -0.98548896 -8.6002319e-3 0.16952151
vn -0.30159506 -0.64372203 0.70332237
vn -0.30159506 -0.64372203 0.70332237
vn -0.98548896 -8.6002319e-3 0.16952151
vn -0.98548896 -8.6002319e-3 0.16952151
vn -0.33216656 -0.78807053 0.51827620
vn -0.33216656 -0.78807053 0.51827620
vn -0.98548896 -8.6002319e-3 0.16952151
vn -0.98548896 -8.6002319e-3 0.16952151
vn -0.36844161 -0.87896064 0.30278536
vn -0.36844161 -0.87896064 0.30278536
vn -0.40794811 -0.91019836 7.1535202e-2
vn -0.40794811 -0.91019836 7.1535202e-2
vn -0.98548896 -8.6002319e-3 0.16952151
vn -0.98548896 -8.6002319e-3 0.16952151
vn -0.44799377 -0.87965488 -0.15971495
vn -0.44799377 -0.87965488 -0.15971495
vn -0.98548896 -8.6002319e-3 0.16952151
vn -0.98548896 -8.6002319e-3 0.16952151
vn -0.48584954 -0.78941170 -0.37520579
vn -0.48584954 -0.78941170 -0.37520579
vn -0.98548896 -8.6002319e-3 0.16952151
vn -0.98548896 -8.6002319e-3 0.16952151
vn -0.51893562 -0.64561874 -0.56025197
vn -0.51893562 -0.64561874 -0.56025197
vn -0.98548896 -8.6002319e-3 0.16952151
vn -0.98548896 -8.6002319e-3 0.16952151
vn -0.54499723 -0.45807524 -0.70224290
vn -0.54499723 -0.45807524 -0.70224290
vn -0.98548896 -8.6002319e-3 0.16952151
vn -0.98548896 -8.6002319e-3 0.16952151
vn -0.56225833 -0.23956200 -0.79150212
vn -0.56225833 -0.23956200 -0.79150212
vn -0.98548896 -8.6002319e-3 0.16952151
vn -0.98548896 -8.6002319e-3 0.16952151
vn -0.56954261 -4.9703230e-3 -0.82194678
vn -0.56954261 -4.9703230e-3 -0.82194678
vn -0.98548896 -8.6002319e-3 0.16952151
vn -0.98548896 -8.6002319e-3 0.16952151
vn -0.56635363 0.22971275 -0.79150212
vn -0.56635363 0.22971275 -0.79150212
vn -0.98548896 -8.6002319e-3 0.16952151
vn -0.98548896 -8.6002319e-3 0.16952151
vn -0.55290874 0.44849396 -0.70224290
vn -0.55290874 0.44849396 -0.70224290
vn -0.98548896 -8.6002319e-3 0.16952151
vn -0.98548896 -8.6002319e-3 0.16952151
vn -0.53012418 0.63646373 -0.56025197
vn -0.53012418 0.63646373 -0.56025197
vn -0.98548896 -8.6002319e-3 0.16952151
vn -0.98548896 -8.6002319e-3 0.16952151
vn -0.49955268 0.78081223 -0.37520579
vn -0.49955268 0.78081223 -0.37520579
vn -0.98548896 -8.6002319e-3 0.16952151
vn -0.98548896 -8.6002319e-3 0.16952151
vn -0.46327764 0.87170234 -0.15971495
vn -0.46327764 0.87170234 -0.15971495
vn -0.98548896 -8.6002319e-3 0.16952151
vn -0.98548896 -8.6002319e-3 0.16952151
vn -0.42377113 0.90294006 7.1535202e-2
vn -0.42377113 0.90294006 7.1535202e-2
vn -0.98548896 -8.6002319e-3 0.16952151
vn -0.98548896 -8.6002319e-3 0.16952151
vn -0.38372547 0.87239658 0.30278536
vn -0.38372547 0.87239658 0.30278536
vn -0.98548896 -8.6002319e-3 0.16952151
vn -0.98548896 -8.6002319e-3 0.16952151
vn -0.34586970 0.78215340 0.51827620
vn -0.34586970 0.78215340 0.51827620
vn -0.98548896 -8.6002319e-3 0.16952151
vn -0.98548896 -8.6002319e-3 0.16952151
vn -0.31278362 0.63836043 0.70332237
vn -0.31278362 0.63836043 0.70332237
vn -0.98548896 -8.6002319e-3 0.16952151
vn -0.98548896 -8.6002319e-3 0.16952151
vn -0.28672201 0.45081694 0.84531330
vn -0.28672201 0.45081694 0.84531330
vn -0.98548896 -8.6002319e-3 0.16952151
vn -0.98548896 -8.6002319e-3 0.16952151
vn -0.26946091 0.23230370 0.93457253
vn -0.26946091 0.23230370 0.93457253
vn -0.98548896 -8.6002319e-3 0.16952151
vn -0.98548896 -8.6002319e-3 0.16952151
vn -0.26217664 -2.2879809e-3 0.96501719
vn -0.26217664 -2.2879809e-3 0.96501719
vn -0.98548896 -8.6002319e-3 0.16952151
vn -0.98548896 -8.6002319e-3 0.16952151
vn -0.26536561 -0.23697106 0.93457253
vn -0.26536561 -0.23697106 0.93457253
vn -0.98548896 -8.6002319e-3 0.16952151
vn -0.98548896 -8.6002319e-3 0.16952151
vn -0.27881050 -0.45575227 0.84531330
vn -0.27881050 -0.45575227 0.84531330
vn -0.98548896 -8.6002319e-3 0.16952151
vn -0.98548896 -8.6002319e-3 0.16952151
vn -0.30159506 -0.64372203 0.70332237
vn -0.30159506 -0.64372203 0.70332237
vn -0.98548896 -8.6002319e-3 0.16952151
vn -0.98548896 -8.6002319e-3 0.16952151
vn -0.33216656 -0.78807053 0.51827620
vn -0.33216656 -0.78807053 0.51827620
vn -0.98548896 -8.6002319e-3 0.16952151
vn -0.98548896 -8.6002319e-3 0.16952151
vn -0.36844161 -0.87896064 0.30278536
vn -0.36844161 -0.87896064 0.30278536
vn -0.98548896 -8.6002319e-3 0.16952151
vn -0.98548896 -8.6002319e-3 0.16952151
vn -3.5444540e-2 -0.96627193 -0.25507302
vn -3.5444540e-2 -0.96627193 -0.25507302
vn 8.7265355e-3 -0.99996192 1.5397293e-15
vn 8.7265355e-3 -0.99996192 1.5397293e-15
vn 5.2302912e-2 -0.96550617 0.25507302
vn 5.2302912e-2 -0.96550617 0.25507302
vn 9.2314931e-2 -0.86525276 0.49276324
vn 9.2314931e-2 -0.86525276 0.49276324
vn 0.12603584 -0.70603381 0.69687246
vn 0.12603584 -0.70603381 0.69687246
vn 0.15116761 -0.49869982 0.85349097
vn 0.15116761 -0.49869982 0.85349097
vn 0.16599757 -0.25738026 0.95194549
vn 0.16599757 -0.25738026 0.95194549
vn 0.16951506 1.4793355e-3 0.98552649
vn 0.16951506 1.4793355e-3 0.98552649
vn 0.16148038 0.26023812 0.95194549
vn 0.16148038 0.26023812 0.95194549
vn 0.14244108 0.50126210 0.85349097
vn 0.14244108 0.50126210 0.85349097
vn 0.11369465 0.70812590 0.69687246
vn 0.11369465 0.70812590 0.69687246
vn 7.7200128e-2 0.86673210 0.49276324
vn 7.7200128e-2 0.86673210 0.49276324
vn 3.5444540e-2 0.96627193 0.25507302
vn 3.5444540e-2 0.96627193 0.25507302
vn -8.7265355e-3 0.99996192 -1.5957194e-15
vn -8.7265355e-3 0.99996192 -1.5957194e-15
vn -5.2302912e-2 0.96550617 -0.25507302
vn -5.2302912e-2 0.96550617 -0.25507302
vn -9.2314931e-2 0.86525276 -0.49276324
vn -9.2314931e-2 0.86525276 -0.49276324
vn -0.12603584 0.70603381 -0.69687246
vn -0.12603584 0.70603381 -0.69687246
vn -0.15116761 0.49869982 -0.85349097
vn -0.15116761 0.49869982 -0.85349097
vn -0.16599757 0.25738026 -0.95194549
vn -0.16599757 0.25738026 -0.95194549
vn -0.16951506 -1.4793355e-3 -0.98552649
vn -0.16951506 -1.4793355e-3 -0.98552649
vn -0.16148038 -0.26023812 -0.95194549
vn -0.16148038 -0.26023812 -0.95194549
vn -0.14244108 -0.50126210 -0.85349097
vn -0.14244108 -0.50126210 -0.85349097
vn -0.11369465 -0.70812590 -0.69687246
vn -0.11369465 -0.70812590 -0.69687246
vn -7.7200128e-2 -0.86673210 -0.49276324
vn -7.7200128e-2 -0.86673210 -0.49276324
vn -0.98548896 -8.6002319e-3 0.16952151
vn -0.98548896 -8.6002319e-3 0.16952151
vn 8.7265355e-3 -0.99996192 1.5397293e-15
vn 8.7265355e-3 -0.99996192 1.5397293e-15
vn -0.98548896 -8.6002319e-3 0.16952151
vn -0.98548896 -8.6002319e-3 0.16952151
vn -3.5444540e-2 -0.96627193 -0.25507302
vn -3.5444540e-2 -0.96627193 -0.25507302
vn -0.98548896 -8.6002319e-3 0.16952151
vn -0.98548896 -8.6002319e-3 0.16952151
vn -7.7200128e-2 -0.86673210 -0.49276324
vn -7.7200128e-2 -0.86673210 -0.49276324
vn -0.98548896 -8.6002319e-3 0.16952151
vn -0.98548896 -8.6002319e-3 0.16952151
vn -0.11369465 -0.70812590 -0.69687246
vn -0.11369465 -0.70812590 -0.69687246
vn -0.98548896 -8.6002319e-3 0.16952151
vn -0.98548896 -8.6002319e-3 0.16952151
vn -0.14244108 -0.50126210 -0.85349097
vn -0.14244108 -0.50126210 -0.85349097
vn -0.98548896 -8.6002319e-3 0.16952151
vn -0.98548896 -8.6002319e-3 0.16952151
vn -0.16148038 -0.26023812 -0.95194549
vn -0.16148038 -0.26023812 -0.95194549
vn -0.98548896 -8.6002319e-3 0.16952151
vn -0.98548896 -8.6002319e-3 0.16952151
vn -0.16951506 -1.4793355e-3 -0.98552649
vn -0.16951506 -1.4793355e-3 -0.98552649
vn -0.98548896 -8.6002319e-3 0.16952151
vn -0.98548896 -8.6002319e-3 0.16952151
vn -0.16599757 0.25738026 -0.95194549
vn -0.16599757 0.25738026 -0.95194549
vn -0.98548896 -8.6002319e-3 0.16952151
vn -0.98548896 -8.6002319e-3 0.16952151
vn -0.15116761 0.49869982 -0.85349097
vn -0.15116761 0.49869982 -0.85349097
vn -0.98548896 -8.6002319e-3 0.16952151
vn -0.98548896 -8.6002319e-3 0.16952151
vn -0.12603584 0.70603381 -0.69687246
vn -0.12603584 0.70603381 -0.69687246
vn -0.98548896 -8.6002319e-3 0.16952151
vn -0.98548896 -8.6002319e-3 0.16952151
vn -9.2314931e-2 0.86525276 -0.49276324
vn -9.2314931e-2 0.86525276 -0.49276324
vn -0.98548896 -8.6002319e-3 0.16952151
vn -0.98548896 -8.6002319e-3 0.16952151
vn -5.2302912e-2 0.96550617 -0.25507302
vn -5.2302912e-2 0.96550617 -0.25507302
vn -0.98548896 -8.6002319e-3 0.16952151
vn -0.98548896 -8.6002319e-3 0.16952151
vn -8.7265355e-3 0.99996192 -1.5957194e-15
vn -8.7265355e-3 0.99996192 -1.5957194e-15
vn -0.98548896 -8.6002319e-3 0.16952151
vn -0.98548896 -8.6002319e-3 0.16952151
vn 3.5444540e-2 0.96627193 0.25507302
vn 3.5444540e-2 0.96627193 0.25507302
vn -0.98548896 -8.6002319e-3 0.16952151
vn -0.98548896 -8.6002319e-3 0.16952151
vn 7.7200128e-2 0.86673210 0.49276324
vn 7.7200128e-2 0.86673210 0.49276324
vn -0.98548896 -8.6002319e-3 0.16952151
vn -0.98548896 -8.6002319e-3 0.16952151
vn 0.11369465 0.70812590 0.69687246
vn 0.11369465 0.70812590 0.69687246
vn -0.98548896 -8.6002319e-3 0.16952151
vn -0.98548896 -8.6002319e-3 0.16952151
vn 0.14244108 0.50126210 0.85349097
vn 0.14244108 0.50126210 0.85349097
vn -0.98548896 -8.6002319e-3 0.16952151
vn -0.98548896 -8.6002319e-3 0.16952151
vn 0.16148038 0.26023812 0.95194549
vn 0.16148038 0.26023812 0.95194549
vn -0.98548896 -8.6002319e-3 0.16952151
vn -0.98548896 -8.6002319e-3 0.16952151
vn 0.16951506 1.4793355e-3 0.98552649
vn 0.16951506 1.4793355e-3 0.98552649
vn -0.98548896 -8.6002319e-3 0.16952151
vn -0.98548896 -8.6002319e-3 0.16952151
vn 0.16599757 -0.25738026 0.95194549
vn 0.16599757 -0.25738026 0.95194549
vn -0.98548896 -8.6002319e-3 0.16952151
vn -0.98548896 -8.6002319e-3 0.16952151
vn 0.15116761 -0.49869982 0.85349097
vn 0.15116761 -0.49869982 0.85349097
vn -0.98548896 -8.6002319e-3 0.16952151
vn -0.98548896 -8.6002319e-3 0.16952151
vn 0.12603584 -0.70603381 0.69687246
vn 0.12603584 -0.70603381 0.69687246
vn -0.98548896 -8.6002319e-3 0.16952151
vn -0.98548896 -8.6002319e-3 0.16952151
vn 9.2314931e-2 -0.86525276 0.49276324
vn 9.2314931e-2 -0.86525276 0.49276324
vn -0.98548896 -8.6002319e-3 0.16952151
vn -0.98548896 -8.6002319e-3 0.16952151
vn 5.2302912e-2 -0.96550617 0.25507302
vn 5.2302912e-2 -0.96550617 0.25507302
vn -6.0866288e-2 0.99810559 8.9735711e-3
vn -6.0866288e-2 0.99810559 8.9735711e-3
vn -1.5194058e-2 0.96455412 0.26344733
vn -1.5194058e-2 0.96455412 0.26344733
vn 2.9694657e-2 0.86530817 0.50035987
vn 2.9694657e-2 0.86530817 0.50035987
vn 7.0748032e-2 0.70707210 0.70359346
vn 7.0748032e-2 0.70707210 0.70359346
vn 0.10516874 0.50056785 0.85928538
vn 0.10516874 0.50056785 0.85928538
vn 0.13060521 0.25982912 0.95678164
vn 0.13060521 0.25982912 0.95678164
vn 0.14531505 1.2574082e-3 0.98938464
vn 0.14531505 1.2574082e-3 0.98938464
vn 0.14828786 -0.25750027 0.95483209
vn 0.14828786 -0.25750027 0.95483209
vn 0.13931689 -0.49877086 0.85546387
vn 0.13931689 -0.49877086 0.85546387
vn 0.11901349 -0.70607855 0.69806079
vn 0.11901349 -0.70607855 0.69806079
vn 8.8763833e-2 -0.86527845 0.49337023
vn 8.8763833e-2 -0.86527845 0.49337023
vn 5.0632113e-2 -0.96551939 0.25535994
vn 5.0632113e-2 -0.96551939 0.25535994
vn 7.2184874e-3 -0.99997391 2.5948190e-4
vn 7.2184874e-3 -0.99997391 2.5948190e-4
vn -3.8517820e-2 -0.96629418 -0.25454261
vn -3.8517820e-2 -0.96629418 -0.25454261
vn -8.3458698e-2 -0.86677006 -0.49167500
vn -8.3458698e-2 -0.86677006 -0.49167500
vn -0.12453834 -0.70818034 -0.69496101
vn -0.12453834 -0.70818034 -0.69496101
vn -0.15895237 -0.50134169 -0.85052375
vn -0.15895237 -0.50134169 -0.85052375
vn -0.18435097 -0.26037751 -0.94774378
vn -0.18435097 -0.26037751 -0.94774378
vn -0.19900192 -1.7498037e-3 -0.97999754
vn -0.19900192 -1.7498037e-3 -0.97999754
vn -0.20191061 0.25687937 -0.94511645
vn -0.20191061 0.25687937 -0.94511645
vn -0.19288748 0.49787148 -0.84552848
vn -0.19288748 0.49787148 -0.84552848
vn -0.17255786 0.70482545 -0.68807330
vn -0.17255786 0.70482545 -0.68807330
vn -0.14231494 0.86369120 -0.48351212
vn -0.14231494 0.86369120 -0.48351212
vn -0.10422107 0.96370699 -0.24577796
vn -0.10422107 0.96370699 -0.24577796
vn -8.7265355e-3 0.99996192 -2.7338601e-15
vn -8.7265355e-3 0.99996192 -2.7338601e-15
vn 0.11369465 0.70812590 0.69687246
vn 0.11369465 0.70812590 0.69687246
vn 0.16951506 1.4793355e-3 0.98552649
vn 0.16951506 1.4793355e-3 0.98552649
vn 0.12603584 -0.70603381 0.69687246
vn 0.12603584 -0.70603381 0.69687246
vn 8.7265355e-3 -0.99996192 1.8025451e-16
vn 8.7265355e-3 -0.99996192 1.8025451e-16
vn -0.11369465 -0.70812590 -0.69687246
vn -0.11369465 -0.70812590 -0.69687246
vn -0.16951506 -1.4793355e-3 -0.98552649
vn -0.16951506 -1.4793355e-3 -0.98552649
vn -0.12603584 0.70603381 -0.69687246
vn -0.12603584 0.70603381 -0.69687246
vn -0.98548896 -8.6002319e-3 0.16952151
vn -8.7265355e-3 0.99996192 -2.7338601e-15
vn -8.7265355e-3 0.99996192 -2.7338601e-15
vn -0.98548896 -8.6002319e-3 0.16952151
vn 0.11369465 0.70812590 0.69687246
vn 0.11369465 0.70812590 0.69687246
vn -0.98548896 -8.6002319e-3 0.16952151
vn 0.16951506 1.4793355e-3 0.98552649
vn 0.16951506 1.4793355e-3 0.98552649
vn -0.98548896 -8.6002319e-3 0.16952151
vn 0.12603584 -0.70603381 0.69687246
vn 0.12603584 -0.70603381 0.69687246
vn -0.98548896 -8.6002319e-3 0.16952151
vn 8.7265355e-3 -0.99996192 1.8025451e-16
vn 8.7265355e-3 -0.99996192 1.8025451e-16
vn -0.98548896 -8.6002319e-3 0.16952151
vn -0.11369465 -0.70812590 -0.69687246
vn -0.11369465 -0.70812590 -0.69687246
vn -0.98548896 -8.6002319e-3 0.16952151
vn -0.16951506 -1.4793355e-3 -0.98552649
vn -0.16951506 -1.4793355e-3 -0.98552649
vn -0.98548896 -8.6002319e-3 0.16952151
vn -0.12603584 0.70603381 -0.69687246
vn -0.12603584 0.70603381 -0.69687246
vn -8.7265355e-3 0.99996192 1.7394560e-14
vn -8.7265355e-3 0.99996192 1.7394560e-14
vn 0.11369465 0.70812590 0.69687246
vn 0.11369465 0.70812590 0.69687246
vn 0.16951506 1.4793355e-3 0.98552649
vn 0.16951506 1.4793355e-3 0.98552649
vn 0.12603584 -0.70603381 0.69687246
vn 0.12603584 -0.70603381 0.69687246
vn 8.7265355e-3 -0.99996192 1.7604857e-14
vn 8.7265355e-3 -0.99996192 1.7604857e-14
vn -0.11369465 -0.70812590 -0.69687246
vn -0.11369465 -0.70812590 -0.69687246
vn -0.16951506 -1.4793355e-3 -0.98552649
vn -0.16951506 -1.4793355e-3 -0.98552649
vn -0.12603584 0.70603381 -0.69687246
vn -0.12603584 0.70603381 -0.69687246
vn -0.98548896 -8.6002319e-3 0.16952151
vn -8.7265355e-3 0.99996192 1.7394560e-14
vn -8.7265355e-3 0.99996192 1.7394560e-14
vn -0.98548896 -8.6002319e-3 0.16952151
vn 0.11369465 0.70812590 0.69687246
vn 0.11369465 0.70812590 0.69687246
vn -0.98548896 -8.6002319e-3 0.16952151
vn 0.16951506 1.4793355e-3 0.98552649
vn 0.16951506 1.4793355e-3 0.98552649
vn -0.98548896 -8.6002319e-3 0.16952151
vn 0.12603584 -0.70603381 0.69687246
vn 0.12603584 -0.70603381 0.69687246
vn -0.98548896 -8.6002319e-3 0.16952151
vn 8.7265355e-3 -0.99996192 1.7604857e-14
vn 8.7265355e-3 -0.99996192 1.7604857e-14
vn -0.98548896 -8.6002319e-3 0.16952151
vn -0.11369465 -0.70812590 -0.69687246
vn -0.11369465 -0.70812590 -0.69687246
vn -0.98548896 -8.6002319e-3 0.16952151
vn -0.16951506 -1.4793355e-3 -0.98552649
vn -0.16951506 -1.4793355e-3 -0.98552649
vn -0.98548896 -8.6002319e-3 0.16952151
vn -0.12603584 0.70603381 -0.69687246
vn -0.12603584 0.70603381 -0.69687246
vn -0.98548896 -8.6002319e-3 0.16952151
vn -0.98548896 -8.6002319e-3 0.16952151
vn -0.98548896 -8.6002319e-3 0.16952151
vn -0.98548896 -8.6002319e-3 0.16952151
vn -0.98548896 -8.6002319e-3 0.16952151
vn -0.98548896 -8.6002319e-3 0.16952151
vn -0.98548896 -8.6002319e-3 0.16952151
vn -0.98548896 -8.6002319e-3 0.16952151
vn -0.98548896 -8.6002319e-3 0.16952151
vn -0.98548896 -8.6002319e-3 0.16952151
vn -0.98548896 -8.6002319e-3 0.16952151
vn -0.98548896 -8.6002319e-3 0.16952151
vn 1.00000000 0.0000000e+0 2.2179794e-14
vn 1.00000000 0.0000000e+0 2.2179794e-14
vn 0.80901699 0.0000000e+0 0.58778525
vn 0.80901699 0.0000000e+0 0.58778525
vn 0.30901699 0.0000000e+0 0.95105652
vn 0.30901699 0.0000000e+0 0.95105652
vn -0.30901699 0.0000000e+0 0.95105652
vn -0.30901699 0.0000000e+0 0.95105652
vn -0.80901699 0.0000000e+0 0.58778525
vn -0.80901699 0.0000000e+0 0.58778525
vn -1.00000000 0.0000000e+0 2.2179794e-14
vn -1.00000000 0.0000000e+0 2.2179794e-14
vn -0.80901699 0.0000000e+0 -0.58778525
vn -0.80901699 0.0000000e+0 -0.58778525
vn -0.30901699 0.0000000e+0 -0.95105652
vn -0.30901699 0.0000000e+0 -0.95105652
vn 0.30901699 0.0000000e+0 -0.95105652
vn 0.30901699 0.0000000e+0 -0.95105652
vn 0.80901699 0.0000000e+0 -0.58778525
vn 0.80901699 0.0000000e+0 -0.58778525
vn 1.00000000 0.0000000e+0 2.2179794e-14
vn 1.00000000 0.0000000e+0 2.2179794e-14
vn 0.80901699 0.0000000e+0 0.58778525
vn 0.80901699 0.0000000e+0 0.58778525
vn 0.30901699 0.0000000e+0 0.95105652
vn 0.30901699 0.0000000e+0 0.95105652
vn -0.30901699 0.0000000e+0 0.95105652
vn -0.30901699 0.0000000e+0 0.95105652
vn -0.80901699 0.0000000e+0 0.58778525
vn -0.80901699 0.0000000e+0 0.58778525
vn -1.00000000 0.0000000e+0 2.2179794e-14
vn -1.00000000 0.0000000e+0 2.2179794e-14
vn -0.80901699 0.0000000e+0 -0.58778525
vn -0.80901699 0.0000000e+0 -0.58778525
vn -0.30901699 0.0000000e+0 -0.95105652
vn -0.30901699 0.0000000e+0 -0.95105652
vn 0.30901699 0.0000000e+0 -0.95105652
vn 0.30901699 0.0000000e+0 -0.95105652
vn 0.80901699 0.0000000e+0 -0.58778525
vn 0.80901699 0.0000000e+0 -0.58778525
vn -1.00000000 -3.1996950e-17 2.2179794e-14
vn -1.00000000 -3.1996950e-17 2.2179794e-14
vn -0.80901699 9.5990849e-17 0.58778525
vn -0.80901699 9.5990849e-17 0.58778525
vn -0.30901699 1.2798780e-16 0.95105652
vn -0.30901699 1.2798780e-16 0.95105652
vn 0.30901699 1.2798780e-16 0.95105652
vn 0.30901699 1.2798780e-16 0.95105652
vn 0.80901699 1.2798780e-16 0.58778525
vn 0.80901699 1.2798780e-16 0.58778525
vn 1.00000000 0.0000000e+0 2.2179794e-14
vn 1.00000000 0.0000000e+0 2.2179794e-14
vn 0.80901699 0.0000000e+0 -0.58778525
vn 0.80901699 0.0000000e+0 -0.58778525
vn 0.30901699 0.0000000e+0 -0.95105652
vn 0.30901699 0.0000000e+0 -0.95105652
vn -0.30901699 0.0000000e+0 -0.95105652
vn -0.30901699 0.0000000e+0 -0.95105652
vn -0.80901699 0.0000000e+0 -0.58778525
vn -0.80901699 0.0000000e+0 -0.58778525
vn -1.00000000 -3.1996950e-17 2.2179794e-14
vn -1.00000000 -3.1996950e-17 2.2179794e-14
vn -0.80901699 9.5990849e-17 0.58778525
vn -0.80901699 9.5990849e-17 0.58778525
vn -0.30901699 1.2798780e-16 0.95105652
vn -0.30901699 1.2798780e-16 0.95105652
vn 0.30901699 1.2798780e-16 0.95105652
vn 0.30901699 1.2798780e-16 0.95105652
vn 0.80901699 1.2798780e-16 0.58778525
vn 0.80901699 1.2798780e-16 0.58778525
vn 1.00000000 0.0000000e+0 2.2179794e-14
vn 1.00000000 0.0000000e+0 2.2179794e-14
vn 0.80901699 0.0000000e+0 -0.58778525
vn 0.80901699 0.0000000e+0 -0.58778525
vn 0.30901699 0.0000000e+0 -0.95105652
vn 0.30901699 0.0000000e+0 -0.95105652
vn -0.30901699 0.0000000e+0 -0.95105652
vn -0.30901699 0.0000000e+0 -0.95105652
vn -0.80901699 0.0000000e+0 -0.58778525
vn -0.80901699 0.0000000e+0 -0.58778525
vn -1.00000000 3.1996950e-17 2.2179794e-14
vn -1.00000000 3.1996950e-17 2.2179794e-14
vn -0.80901699 3.1996950e-17 0.58778525
vn -0.80901699 3.1996950e-17 0.58778525
vn -0.30901699 0.0000000e+0 0.95105652
vn -0.30901699 0.0000000e+0 0.95105652
vn 0.30901699 0.0000000e+0 0.95105652
vn 0.30901699 0.0000000e+0 0.95105652
vn 0.80901699 3.1996950e-17 0.58778525
vn 0.80901699 3.1996950e-17 0.58778525
vn 1.00000000 3.1996950e-17 2.2208978e-14
vn 1.00000000 3.1996950e-17 2.2208978e-14
vn 0.80901699 1.2798780e-16 -0.58778525
vn 0.80901699 1.2798780e-16 -0.58778525
vn 0.30901699 1.2798780e-16 -0.95105652
vn 0.30901699 1.2798780e-16 -0.95105652
vn -0.30901699 1.2798780e-16 -0.95105652
vn -0.30901699 1.2798780e-16 -0.95105652
vn -0.80901699 1.2798780e-16 -0.58778525
vn -0.80901699 1.2798780e-16 -0.58778525
vn -1.00000000 3.1996950e-17 2.2179794e-14
vn -1.00000000 3.1996950e-17 2.2179794e-14
vn -0.80901699 3.1996950e-17 0.58778525
vn -0.80901699 3.1996950e-17 0.58778525
vn -0.30901699 0.0000000e+0 0.95105652
vn -0.30901699 0.0000000e+0 0.95105652
vn 0.30901699 0.0000000e+0 0.95105652
vn 0.30901699 0.0000000e+0 0.95105652
vn 0.80901699 3.1996950e-17 0.58778525
vn 0.80901699 3.1996950e-17 0.58778525
vn 1.00000000 3.1996950e-17 2.2208978e-14
vn 1.00000000 3.1996950e-17 2.2208978e-14
vn 0.80901699 1.2798780e-16 -0.58778525
vn 0.80901699 1.2798780e-16 -0.58778525
vn 0.30901699 1.2798780e-16 -0.95105652
vn 0.30901699 1.2798780e-16 -0.95105652
vn -0.30901699 1.2798780e-16 -0.95105652
vn -0.30901699 1.2798780e-16 -0.95105652
vn -0.80901699 1.2798780e-16 -0.58778525
vn -0.80901699 1.2798780e-16 -0.58778525
vn -1.00000000 -1.2798780e-16 2.2179794e-14
vn -1.00000000 -1.2798780e-16 2.2179794e-14
vn -0.80901699 -6.3993899e-17 0.58778525
vn -0.80901699 -6.3993899e-17 0.58778525
vn -0.30901699 0.0000000e+0 0.95105652
vn -0.30901699 0.0000000e+0 0.95105652
vn 0.30901699 0.0000000e+0 0.95105652
vn 0.30901699 0.0000000e+0 0.95105652
vn 0.80901699 -6.3993899e-17 0.58778525
vn 0.80901699 -6.3993899e-17 0.58778525
vn 1.00000000 -1.2798780e-16 2.2179794e-14
vn 1.00000000 -1.2798780e-16 2.2179794e-14
vn 0.80901699 -6.3993899e-17 -0.58778525
vn 0.80901699 -6.3993899e-17 -0.58778525
vn 0.30901699 0.0000000e+0 -0.95105652
vn 0.30901699 0.0000000e+0 -0.95105652
vn -0.30901699 0.0000000e+0 -0.95105652
vn -0.30901699 0.0000000e+0 -0.95105652
vn -0.80901699 -6.3993899e-17 -0.58778525
vn -0.80901699 -6.3993899e-17 -0.58778525
vn -1.00000000 -1.2798780e-16 2.2179794e-14
vn -1.00000000 -1.2798780e-16 2.2179794e-14
vn -0.80901699 -6.3993899e-17 0.58778525
vn -0.80901699 -6.3993899e-17 0.58778525
vn -0.30901699 0.0000000e+0 0.95105652
vn -0.30901699 0.0000000e+0 0.95105652
vn 0.30901699 0.0000000e+0 0.95105652
vn 0.30901699 0.0000000e+0 0.95105652
vn 0.80901699 -6.3993899e-17 0.58778525
vn 0.80901699 -6.3993899e-17 0.58778525
vn 1.00000000 -1.2798780e-16 2.2179794e-14
vn 1.00000000 -1.2798780e-16 2.2179794e-14
vn 0.80901699 -6.3993899e-17 -0.58778525
vn 0.80901699 -6.3993899e-17 -0.58778525
vn 0.30901699 0.0000000e+0 -0.95105652
vn 0.30901699 0.0000000e+0 -0.95105652
vn -0.30901699 0.0000000e+0 -0.95105652
vn -0.30901699 0.0000000e+0 -0.95105652
vn -0.80901699 -6.3993899e-17 -0.58778525
vn -0.80901699 -6.3993899e-17 -0.58778525
vn 1.00000000 6.3993899e-17 1.1148265e-14
vn 1.00000000 6.3993899e-17 1.1148265e-14
vn 0.80901699 2.5597560e-16 0.58778525
vn 0.80901699 2.5597560e-16 0.58778525
vn 0.30901699 2.5597560e-16 0.95105652
vn 0.30901699 2.5597560e-16 0.95105652
vn -0.30901699 2.5597560e-16 0.95105652
vn -0.30901699 2.5597560e-16 0.95105652
vn -0.80901699 2.5597560e-16 0.58778525
vn -0.80901699 2.5597560e-16 0.58778525
vn -1.00000000 6.3993899e-17 1.1148265e-14
vn -1.00000000 6.3993899e-17 1.1148265e-14
vn -0.80901699 6.3993899e-17 -0.58778525
vn -0.80901699 6.3993899e-17 -0.58778525
vn -0.30901699 0.0000000e+0 -0.95105652
vn -0.30901699 0.0000000e+0 -0.95105652
vn 0.30901699 0.0000000e+0 -0.95105652
vn 0.30901699 0.0000000e+0 -0.95105652
vn 0.80901699 6.3993899e-17 -0.58778525
vn 0.80901699 6.3993899e-17 -0.58778525
vn 1.00000000 6.3993899e-17 1.1148265e-14
vn 1.00000000 6.3993899e-17 1.1148265e-14
vn 0.80901699 2.5597560e-16 0.58778525
vn 0.80901699 2.5597560e-16 0.58778525
vn 0.30901699 2.5597560e-16 0.95105652
vn 0.30901699 2.5597560e-16 0.95105652
vn -0.30901699 2.5597560e-16 0.95105652
vn -0.30901699 2.5597560e-16 0.95105652
vn -0.80901699 2.5597560e-16 0.58778525
vn -0.80901699 2.5597560e-16 0.58778525
vn -1.00000000 6.3993899e-17 1.1148265e-14
vn -1.00000000 6.3993899e-17 1.1148265e-14
vn -0.80901699 6.3993899e-17 -0.58778525
vn -0.80901699 6.3993899e-17 -0.58778525
vn -0.30901699 0.0000000e+0 -0.95105652
vn -0.30901699 0.0000000e+0 -0.95105652
vn 0.30901699 0.0000000e+0 -0.95105652
vn 0.30901699 0.0000000e+0 -0.95105652
vn 0.80901699 6.3993899e-17 -0.58778525
vn 0.80901699 6.3993899e-17 -0.58778525
vn 1.00000000 0.0000000e+0 1.1148265e-14
vn 1.00000000 0.0000000e+0 1.1148265e-14
vn 0.80901699 2.5597560e-16 0.58778525
vn 0.80901699 2.5597560e-16 0.58778525
vn 0.30901699 2.5597560e-16 0.95105652
vn 0.30901699 2.5597560e-16 0.95105652
vn -0.30901699 2.5597560e-16 0.95105652
vn -0.30901699 2.5597560e-16 0.95105652
vn -0.80901699 2.5597560e-16 0.58778525
vn -0.80901699 2.5597560e-16 0.58778525
vn -1.00000000 0.0000000e+0 1.1148265e-14
vn -1.00000000 0.0000000e+0 1.1148265e-14
vn -0.80901699 0.0000000e+0 -0.58778525
vn -0.80901699 0.0000000e+0 -0.58778525
vn -0.30901699 0.0000000e+0 -0.95105652
vn -0.30901699 0.0000000e+0 -0.95105652
vn 0.30901699 0.0000000e+0 -0.95105652
vn 0.30901699 0.0000000e+0 -0.95105652
vn 0.80901699 0.0000000e+0 -0.58778525
vn 0.80901699 0.0000000e+0 -0.58778525
vn 1.00000000 0.0000000e+0 1.1148265e-14
vn 1.00000000 0.0000000e+0 1.1148265e-14
vn 0.80901699 2.5597560e-16 0.58778525
vn 0.80901699 2.5597560e-16 0.58778525
vn 0.30901699 2.5597560e-16 0.95105652
vn 0.30901699 2.5597560e-16 0.95105652
vn -0.30901699 2.5597560e-16 0.95105652
vn -0.30901699 2.5597560e-16 0.95105652
vn -0.80901699 2.5597560e-16 0.58778525
vn -0.80901699 2.5597560e-16 0.58778525
vn -1.00000000 0.0000000e+0 1.1148265e-14
vn -1.00000000 0.0000000e+0 1.1148265e-14
vn -0.80901699 0.0000000e+0 -0.58778525
vn -0.80901699 0.0000000e+0 -0.58778525
vn -0.30901699 0.0000000e+0 -0.95105652
vn -0.30901699 0.0000000e+0 -0.95105652
vn 0.30901699 0.0000000e+0 -0.95105652
vn 0.30901699 0.0000000e+0 -0.95105652
vn 0.80901699 0.0000000e+0 -0.58778525
vn 0.80901699 0.0000000e+0 -0.58778525
vn 1.00000000 -1.2798780e-16 2.2179794e-14
vn 1.00000000 -1.2798780e-16 2.2179794e-14
vn 0.80901699 1.2798780e-16 0.58778525
vn 0.80901699 1.2798780e-16 0.58778525
vn 0.30901699 2.5597560e-16 0.95105652
vn 0.30901699 2.5597560e-16 0.95105652
vn -0.30901699 2.5597560e-16 0.95105652
vn -0.30901699 2.5597560e-16 0.95105652
vn -0.80901699 1.2798780e-16 0.58778525
vn -0.80901699 1.2798780e-16 0.58778525
vn -1.00000000 -1.2798780e-16 2.2179794e-14
vn -1.00000000 -1.2798780e-16 2.2179794e-14
vn -0.80901699 -2.5597560e-16 -0.58778525
vn -0.80901699 -2.5597560e-16 -0.58778525
vn -0.30901699 -2.5597560e-16 -0.95105652
vn -0.30901699 -2.5597560e-16 -0.95105652
vn 0.30901699 -2.5597560e-16 -0.95105652
vn 0.30901699 -2.5597560e-16 -0.95105652
vn 0.80901699 -2.5597560e-16 -0.58778525
vn 0.80901699 -2.5597560e-16 -0.58778525
vn 1.00000000 -1.2798780e-16 2.2179794e-14
vn 1.00000000 -1.2798780e-16 2.2179794e-14
vn 0.80901699 1.2798780e-16 0.58778525
vn 0.80901699 1.2798780e-16 0.58778525
vn 0.30901699 2.5597560e-16 0.95105652
vn 0.30901699 2.5597560e-16 0.95105652
vn -0.30901699 2.5597560e-16 0.95105652
vn -0.30901699 2.5597560e-16 0.95105652
vn -0.80901699 1.2798780e-16 0.58778525
vn -0.80901699 1.2798780e-16 0.58778525
vn -1.00000000 -1.2798780e-16 2.2179794e-14
vn -1.00000000 -1.2798780e-16 2.2179794e-14
vn -0.80901699 -2.5597560e-16 -0.58778525
vn -0.80901699 -2.5597560e-16 -0.58778525
vn -0.30901699 -2.5597560e-16 -0.95105652
vn -0.30901699 -2.5597560e-16 -0.95105652
vn 0.30901699 -2.5597560e-16 -0.95105652
vn 0.30901699 -2.5597560e-16 -0.95105652
vn 0.80901699 -2.5597560e-16 -0.58778525
vn 0.80901699 -2.5597560e-16 -0.58778525
vn -9.1398750e-4 1.4502902e-5 -0.99999958
vn -9.1398750e-4 1.4502902e-5 -0.99999958
vn -1.5802689e-3 -0.95098853 -0.30922213
vn -1.5802689e-3 -0.95098853 -0.30922213
vn -1.1817863e-4 -0.58766306 0.80910575
vn -1.1817863e-4 -0.58766306 0.80910575
vn 1.4506829e-3 0.58758937 0.80915797
vn 1.4506829e-3 0.58758937 0.80915797
vn 1.0169267e-3 0.95104782 -0.30904209
vn 1.0169267e-3 0.95104782 -0.30904209
vn 7.5439713e-5 0.58764518 -0.80911874
vn 7.5439713e-5 0.58764518 -0.80911874
vn -1.5458662e-3 -0.58757355 -0.80916928
vn -1.5458662e-3 -0.58757355 -0.80916928
vn -1.0274686e-3 -0.95104508 0.30905047
vn -1.0274686e-3 -0.95104508 0.30905047
vn 8.1898824e-4 -9.6146264e-6 0.99999966
vn 8.1898824e-4 -9.6146264e-6 0.99999966
vn 1.5372736e-3 0.95098354 0.30923769
vn 1.5372736e-3 0.95098354 0.30923769
vn -9.4217502e-4 8.6302221e-6 -0.99999956
vn -9.4217502e-4 8.6302221e-6 -0.99999956
vn -1.6289730e-3 -0.95100578 -0.30916882
vn -1.6289730e-3 -0.95100578 -0.30916882
vn -1.2183205e-4 -0.58766776 0.80910234
vn -1.2183205e-4 -0.58766776 0.80910234
vn 1.4954588e-3 0.58762501 0.80913201
vn 1.4954588e-3 0.58762501 0.80913201
vn 1.0482562e-3 0.95103999 -0.30906606
vn 1.0482562e-3 0.95103999 -0.30906606
vn 7.7782208e-5 0.58765250 -0.80911343
vn 7.7782208e-5 0.58765250 -0.80911343
vn -1.5935564e-3 -0.58761077 -0.80914217
vn -1.5935564e-3 -0.58761077 -0.80914217
vn -1.0591231e-3 -0.95103726 0.30907444
vn -1.0591231e-3 -0.95103726 0.30907444
vn 8.4425782e-4 -5.7470387e-6 0.99999964
vn 8.4425782e-4 -5.7470387e-6 0.99999964
vn 1.5846647e-3 0.95100181 0.30918126
vn 1.5846647e-3 0.95100181 0.30918126
vn 9.1398750e-4 1.4502902e-5 -0.99999958
vn 9.1398750e-4 1.4502902e-5 -0.99999958
vn 1.5802689e-3 -0.95098853 -0.30922213
vn 1.5802689e-3 -0.95098853 -0.30922213
vn 1.1817863e-4 -0.58766306 0.80910575
vn 1.1817863e-4 -0.58766306 0.80910575
vn -1.4506829e-3 0.58758937 0.80915797
vn -1.4506829e-3 0.58758937 0.80915797
vn -1.0169267e-3 0.95104782 -0.30904209
vn -1.0169267e-3 0.95104782 -0.30904209
vn -7.5439713e-5 0.58764518 -0.80911874
vn -7.5439713e-5 0.58764518 -0.80911874
vn 1.5458662e-3 -0.58757355 -0.80916928
vn 1.5458662e-3 -0.58757355 -0.80916928
vn 1.0274686e-3 -0.95104508 0.30905047
vn 1.0274686e-3 -0.95104508 0.30905047
vn -8.1898824e-4 -9.6146264e-6 0.99999966
vn -8.1898824e-4 -9.6146264e-6 0.99999966
vn -1.5372736e-3 0.95098354 0.30923769
vn -1.5372736e-3 0.95098354 0.30923769
vn 9.4217502e-4 8.6302221e-6 -0.99999956
vn 9.4217502e-4 8.6302221e-6 -0.99999956
vn 1.6289730e-3 -0.95100578 -0.30916882
vn 1.6289730e-3 -0.95100578 -0.30916882
vn 1.2183205e-4 -0.58766776 0.80910234
vn 1.2183205e-4 -0.58766776 0.80910234
vn -1.4954588e-3 0.58762501 0.80913201
vn -1.4954588e-3 0.58762501 0.80913201
vn -1.0482562e-3 0.95103999 -0.30906606
vn -1.0482562e-3 0.95103999 -0.30906606
vn -7.7782208e-5 0.58765250 -0.80911343
vn -7.7782208e-5 0.58765250 -0.80911343
vn 1.5935564e-3 -0.58761077 -0.80914217
vn 1.5935564e-3 -0.58761077 -0.80914217
vn 1.0591231e-3 -0.95103726 0.30907444
vn 1.0591231e-3 -0.95103726 0.30907444
vn -8.4425782e-4 -5.7470387e-6 0.99999964
vn -8.4425782e-4 -5.7470387e-6 0.99999964
vn -1.5846647e-3 0.95100181 0.30918126
vn -1.5846647e-3 0.95100181 0.30918126
vn 1.00000000 -1.2798780e-16 2.2150610e-14
vn 1.00000000 -1.2798780e-16 2.2150610e-14
vn 0.80901699 -2.5597560e-16 0.58778525
vn 0.80901699 -2.5597560e-16 0.58778525
vn 0.30901699 -2.5597560e-16 0.95105652
vn 0.30901699 -2.5597560e-16 0.95105652
vn -0.30901699 -2.5597560e-16 0.95105652
vn -0.30901699 -2.5597560e-16 0.95105652
vn -0.80901699 -2.5597560e-16 0.58778525
vn -0.80901699 -2.5597560e-16 0.58778525
vn -1.00000000 -1.2798780e-16 2.2150610e-14
vn -1.00000000 -1.2798780e-16 2.2150610e-14
vn -0.80901699 1.2798780e-16 -0.58778525
vn -0.80901699 1.2798780e-16 -0.58778525
vn -0.30901699 2.5597560e-16 -0.95105652
vn -0.30901699 2.5597560e-16 -0.95105652
vn 0.30901699 2.5597560e-16 -0.95105652
vn 0.30901699 2.5597560e-16 -0.95105652
vn 0.80901699 1.2798780e-16 -0.58778525
vn 0.80901699 1.2798780e-16 -0.58778525
vn 1.00000000 -1.2798780e-16 2.2150610e-14
vn 1.00000000 -1.2798780e-16 2.2150610e-14
vn 0.80901699 -2.5597560e-16 0.58778525
vn 0.80901699 -2.5597560e-16 0.58778525
vn 0.30901699 -2.5597560e-16 0.95105652
vn 0.30901699 -2.5597560e-16 0.95105652
vn -0.30901699 -2.5597560e-16 0.95105652
vn -0.30901699 -2.5597560e-16 0.95105652
vn -0.80901699 -2.5597560e-16 0.58778525
vn -0.80901699 -2.5597560e-16 0.58778525
vn -1.00000000 -1.2798780e-16 2.2150610e-14
vn -1.00000000 -1.2798780e-16 2.2150610e-14
vn -0.80901699 1.2798780e-16 -0.58778525
vn -0.80901699 1.2798780e-16 -0.58778525
vn -0.30901699 2.5597560e-16 -0.95105652
vn -0.30901699 2.5597560e-16 -0.95105652
vn 0.30901699 2.5597560e-16 -0.95105652
vn 0.30901699 2.5597560e-16 -0.95105652
vn 0.80901699 1.2798780e-16 -0.58778525
vn 0.80901699 1.2798780e-16 -0.58778525
vn -1.00000000 6.3993899e-17 1.1148265e-14
vn -1.00000000 6.3993899e-17 1.1148265e-14
vn -0.80901699 2.5597560e-16 0.58778525
vn -0.80901699 2.5597560e-16 0.58778525
vn -0.30901699 2.5597560e-16 0.95105652
vn -0.30901699 2.5597560e-16 0.95105652
vn 0.30901699 2.5597560e-16 0.95105652
vn 0.30901699 2.5597560e-16 0.95105652
vn 0.80901699 2.5597560e-16 0.58778525
vn 0.80901699 2.5597560e-16 0.58778525
vn 1.00000000 6.3993899e-17 1.1119081e-14
vn 1.00000000 6.3993899e-17 1.1119081e-14
vn 0.80901699 6.3993899e-17 -0.58778525
vn 0.80901699 6.3993899e-17 -0.58778525
vn 0.30901699 0.0000000e+0 -0.95105652
vn 0.30901699 0.0000000e+0 -0.95105652
vn -0.30901699 0.0000000e+0 -0.95105652
vn -0.30901699 0.0000000e+0 -0.95105652
vn -0.80901699 6.3993899e-17 -0.58778525
vn -0.80901699 6.3993899e-17 -0.58778525
vn -1.00000000 6.3993899e-17 1.1148265e-14
vn -1.00000000 6.3993899e-17 1.1148265e-14
vn -0.80901699 2.5597560e-16 0.58778525
vn -0.80901699 2.5597560e-16 0.58778525
vn -0.30901699 2.5597560e-16 0.95105652
vn -0.30901699 2.5597560e-16 0.95105652
vn 0.30901699 2.5597560e-16 0.95105652
vn 0.30901699 2.5597560e-16 0.95105652
vn 0.80901699 2.5597560e-16 0.58778525
vn 0.80901699 2.5597560e-16 0.58778525
vn 1.00000000 6.3993899e-17 1.1119081e-14
vn 1.00000000 6.3993899e-17 1.1119081e-14
vn 0.80901699 6.3993899e-17 -0.58778525
vn 0.80901699 6.3993899e-17 -0.58778525
vn 0.30901699 0.0000000e+0 -0.95105652
vn 0.30901699 0.0000000e+0 -0.95105652
vn -0.30901699 0.0000000e+0 -0.95105652
vn -0.30901699 0.0000000e+0 -0.95105652
vn -0.80901699 6.3993899e-17 -0.58778525
vn -0.80901699 6.3993899e-17 -0.58778525
vn -1.00000000 -2.5597560e-16 1.1119081e-14
vn -1.00000000 -2.5597560e-16 1.1119081e-14
vn -0.80901699 -1.2798780e-16 0.58778525
vn -0.80901699 -1.2798780e-16 0.58778525
vn -0.30901699 0.0000000e+0 0.95105652
vn -0.30901699 0.0000000e+0 0.95105652
vn 0.30901699 0.0000000e+0 0.95105652
vn 0.30901699 0.0000000e+0 0.95105652
vn 0.80901699 -1.2798780e-16 0.58778525
vn 0.80901699 -1.2798780e-16 0.58778525
vn 1.00000000 -2.5597560e-16 1.1119081e-14
vn 1.00000000 -2.5597560e-16 1.1119081e-14
vn 0.80901699 -1.2798780e-16 -0.58778525
vn 0.80901699 -1.2798780e-16 -0.58778525
vn 0.30901699 0.0000000e+0 -0.95105652
vn 0.30901699 0.0000000e+0 -0.95105652
vn -0.30901699 0.0000000e+0 -0.95105652
vn -0.30901699 0.0000000e+0 -0.95105652
vn -0.80901699 -1.2798780e-16 -0.58778525
vn -0.80901699 -1.2798780e-16 -0.58778525
vn -1.00000000 -2.5597560e-16 1.1119081e-14
vn -1.00000000 -2.5597560e-16 1.1119081e-14
vn -0.80901699 -1.2798780e-16 0.58778525
vn -0.80901699 -1.2798780e-16 0.58778525
vn -0.30901699 0.0000000e+0 0.95105652
vn -0.30901699 0.0000000e+0 0.95105652
vn 0.30901699 0.0000000e+0 0.95105652
vn 0.30901699 0.0000000e+0 0.95105652
vn 0.80901699 -1.2798780e-16 0.58778525
vn 0.80901699 -1.2798780e-16 0.58778525
vn 1.00000000 -2.5597560e-16 1.1119081e-14
vn 1.00000000 -2.5597560e-16 1.1119081e-14
vn 0.80901699 -1.2798780e-16 -0.58778525
vn 0.80901699 -1.2798780e-16 -0.58778525
vn 0.30901699 0.0000000e+0 -0.95105652
vn 0.30901699 0.0000000e+0 -0.95105652
vn -0.30901699 0.0000000e+0 -0.95105652
vn -0.30901699 0.0000000e+0 -0.95105652
vn -0.80901699 -1.2798780e-16 -0.58778525
vn -0.80901699 -1.2798780e-16 -0.58778525
vn -1.00000000 -1.2798780e-16 0.0000000e+0
vn -1.00000000 -1.2798780e-16 0.0000000e+0
vn -0.80901699 -3.8396340e-16 0.58778525
vn -0.80901699 -3.8396340e-16 0.58778525
vn -0.30901699 -2.5597560e-16 0.95105652
vn -0.30901699 -2.5597560e-16 0.95105652
vn 0.30901699 -2.5597560e-16 0.95105652
vn 0.30901699 -2.5597560e-16 0.95105652
vn 0.80901699 -3.8396340e-16 0.58778525
vn 0.80901699 -3.8396340e-16 0.58778525
vn 1.00000000 -1.2798780e-16 0.0000000e+0
vn 1.00000000 -1.2798780e-16 0.0000000e+0
vn 0.80901699 0.0000000e+0 -0.58778525
vn 0.80901699 0.0000000e+0 -0.58778525
vn 0.30901699 0.0000000e+0 -0.95105652
vn 0.30901699 0.0000000e+0 -0.95105652
vn -0.30901699 0.0000000e+0 -0.95105652
vn -0.30901699 0.0000000e+0 -0.95105652
vn -0.80901699 0.0000000e+0 -0.58778525
vn -0.80901699 0.0000000e+0 -0.58778525
vn -1.00000000 -1.2798780e-16 0.0000000e+0
vn -1.00000000 -1.2798780e-16 0.0000000e+0
vn -0.80901699 -3.8396340e-16 0.58778525
vn -0.80901699 -3.8396340e-16 0.58778525
vn -0.30901699 -2.5597560e-16 0.95105652
vn -0.30901699 -2.5597560e-16 0.95105652
vn 0.30901699 -2.5597560e-16 0.95105652
vn 0.30901699 -2.5597560e-16 0.95105652
vn 0.80901699 -3.8396340e-16 0.58778525
vn 0.80901699 -3.8396340e-16 0.58778525
vn 1.00000000 -1.2798780e-16 0.0000000e+0
vn 1.00000000 -1.2798780e-16 0.0000000e+0
vn 0.80901699 0.0000000e+0 -0.58778525
vn 0.80901699 0.0000000e+0 -0.58778525
vn 0.30901699 0.0000000e+0 -0.95105652
vn 0.30901699 0.0000000e+0 -0.95105652
vn -0.30901699 0.0000000e+0 -0.95105652
vn -0.30901699 0.0000000e+0 -0.95105652
vn -0.80901699 0.0000000e+0 -0.58778525
vn -0.80901699 0.0000000e+0 -0.58778525
vn -1.00000000 -1.2798780e-16 2.2179794e-14
vn -1.00000000 -1.2798780e-16 2.2179794e-14
vn -0.80901699 1.2798780e-16 0.58778525
vn -0.80901699 1.2798780e-16 0.58778525
vn -0.30901699 2.5597560e-16 0.95105652
vn -0.30901699 2.5597560e-16 0.95105652
vn 0.30901699 2.5597560e-16 0.95105652
vn 0.30901699 2.5597560e-16 0.95105652
vn 0.80901699 1.2798780e-16 0.58778525
vn 0.80901699 1.2798780e-16 0.58778525
vn 1.00000000 -1.2798780e-16 2.2179794e-14
vn 1.00000000 -1.2798780e-16 2.2179794e-14
vn 0.80901699 -2.5597560e-16 -0.58778525
vn 0.80901699 -2.5597560e-16 -0.58778525
vn 0.30901699 -2.5597560e-16 -0.95105652
vn 0.30901699 -2.5597560e-16 -0.95105652
vn -0.30901699 -2.5597560e-16 -0.95105652
vn -0.30901699 -2.5597560e-16 -0.95105652
vn -0.80901699 -2.5597560e-16 -0.58778525
vn -0.80901699 -2.5597560e-16 -0.58778525
vn -1.00000000 -1.2798780e-16 2.2179794e-14
vn -1.00000000 -1.2798780e-16 2.2179794e-14
vn -0.80901699 1.2798780e-16 0.58778525
vn -0.80901699 1.2798780e-16 0.58778525
vn -0.30901699 2.5597560e-16 0.95105652
vn -0.30901699 2.5597560e-16 0.95105652
vn 0.30901699 2.5597560e-16 0.95105652
vn 0.30901699 2.5597560e-16 0.95105652
vn 0.80901699 1.2798780e-16 0.58778525
vn 0.80901699 1.2798780e-16 0.58778525
vn 1.00000000 -1.2798780e-16 2.2179794e-14
vn 1.00000000 -1.2798780e-16 2.2179794e-14
vn 0.80901699 -2.5597560e-16 -0.58778525
vn 0.80901699 -2.5597560e-16 -0.58778525
vn 0.30901699 -2.5597560e-16 -0.95105652
vn 0.30901699 -2.5597560e-16 -0.95105652
vn -0.30901699 -2.5597560e-16 -0.95105652
vn -0.30901699 -2.5597560e-16 -0.95105652
vn -0.80901699 -2.5597560e-16 -0.58778525
vn -0.80901699 -2.5597560e-16 -0.58778525
vn 1.00000000 -1.2798780e-16 0.0000000e+0
vn 1.00000000 -1.2798780e-16 0.0000000e+0
vn 0.80901699 -2.5597560e-16 0.58778525
vn 0.80901699 -2.5597560e-16 0.58778525
vn 0.30901699 -2.5597560e-16 0.95105652
vn 0.30901699 -2.5597560e-16 0.95105652
vn -0.30901699 -2.5597560e-16 0.95105652
vn -0.30901699 -2.5597560e-16 0.95105652
vn -0.80901699 -2.5597560e-16 0.58778525
vn -0.80901699 -2.5597560e-16 0.58778525
vn -1.00000000 -1.2798780e-16 0.0000000e+0
vn -1.00000000 -1.2798780e-16 0.0000000e+0
vn -0.80901699 -1.2798780e-16 -0.58778525
vn -0.80901699 -1.2798780e-16 -0.58778525
vn -0.30901699 0.0000000e+0 -0.95105652
vn -0.30901699 0.0000000e+0 -0.95105652
vn 0.30901699 0.0000000e+0 -0.95105652
vn 0.30901699 0.0000000e+0 -0.95105652
vn 0.80901699 -1.2798780e-16 -0.58778525
vn 0.80901699 -1.2798780e-16 -0.58778525
vn 1.00000000 -1.2798780e-16 0.0000000e+0
vn 1.00000000 -1.2798780e-16 0.0000000e+0
vn 0.80901699 -2.5597560e-16 0.58778525
vn 0.80901699 -2.5597560e-16 0.58778525
vn 0.30901699 -2.5597560e-16 0.95105652
vn 0.30901699 -2.5597560e-16 0.95105652
vn -0.30901699 -2.5597560e-16 0.95105652
vn -0.30901699 -2.5597560e-16 0.95105652
vn -0.80901699 -2.5597560e-16 0.58778525
vn -0.80901699 -2.5597560e-16 0.58778525
vn -1.00000000 -1.2798780e-16 0.0000000e+0
vn -1.00000000 -1.2798780e-16 0.0000000e+0
vn -0.80901699 -1.2798780e-16 -0.58778525
vn -0.80901699 -1.2798780e-16 -0.58778525
vn -0.30901699 0.0000000e+0 -0.95105652
vn -0.30901699 0.0000000e+0 -0.95105652
vn 0.30901699 0.0000000e+0 -0.95105652
vn 0.30901699 0.0000000e+0 -0.95105652
vn 0.80901699 -1.2798780e-16 -0.58778525
vn 0.80901699 -1.2798780e-16 -0.58778525
vn 1.00000000 -1.2798780e-16 0.0000000e+0
vn 1.00000000 -1.2798780e-16 0.0000000e+0
vn 0.80901699 0.0000000e+0 0.58778525
vn 0.80901699 0.0000000e+0 0.58778525
vn 0.30901699 0.0000000e+0 0.95105652
vn 0.30901699 0.0000000e+0 0.95105652
vn -0.30901699 0.0000000e+0 0.95105652
vn -0.30901699 0.0000000e+0 0.95105652
vn -0.80901699 0.0000000e+0 0.58778525
vn -0.80901699 0.0000000e+0 0.58778525
vn -1.00000000 -1.2798780e-16 0.0000000e+0
vn -1.00000000 -1.2798780e-16 0.0000000e+0
vn -0.80901699 -1.2798780e-16 -0.58778525
vn -0.80901699 -1.2798780e-16 -0.58778525
vn -0.30901699 0.0000000e+0 -0.95105652
vn -0.30901699 0.0000000e+0 -0.95105652
vn 0.30901699 0.0000000e+0 -0.95105652
vn 0.30901699 0.0000000e+0 -0.95105652
vn 0.80901699 -1.2798780e-16 -0.58778525
vn 0.80901699 -1.2798780e-16 -0.58778525
vn 1.00000000 -1.2798780e-16 0.0000000e+0
vn 1.00000000 -1.2798780e-16 0.0000000e+0
vn 0.80901699 0.0000000e+0 0.58778525
vn 0.80901699 0.0000000e+0 0.58778525
vn 0.30901699 0.0000000e+0 0.95105652
vn 0.30901699 0.0000000e+0 0.95105652
vn -0.30901699 0.0000000e+0 0.95105652
vn -0.30901699 0.0000000e+0 0.95105652
vn -0.80901699 0.0000000e+0 0.58778525
vn -0.80901699 0.0000000e+0 0.58778525
vn -1.00000000 -1.2798780e-16 0.0000000e+0
vn -1.00000000 -1.2798780e-16 0.0000000e+0
vn -0.80901699 -1.2798780e-16 -0.58778525
vn -0.80901699 -1.2798780e-16 -0.58778525
vn -0.30901699 0.0000000e+0 -0.95105652
vn -0.30901699 0.0000000e+0 -0.95105652
vn 0.30901699 0.0000000e+0 -0.95105652
vn 0.30901699 0.0000000e+0 -0.95105652
vn 0.80901699 -1.2798780e-16 -0.58778525
vn 0.80901699 -1.2798780e-16 -0.58778525
vn 0.99999998 1.4046473e-4 1.4517178e-4
vn 0.99999998 1.4046473e-4 1.4517178e-4
vn 0.31037418 -0.95061444 2.5110328e-4
vn 0.31037418 -0.95061444 2.5110328e-4
vn -0.80917823 -0.58756326 1.8741955e-5
vn -0.80917823 -0.58756326 1.8741955e-5
vn -0.80971683 0.58682076 -2.3029192e-4
vn -0.80971683 0.58682076 -2.3029192e-4
vn 0.30852129 0.95121743 -1.6163001e-4
vn 0.30852129 0.95121743 -1.6163001e-4
vn 0.80975310 -0.58677071 2.4548321e-4
vn 0.80975310 -0.58677071 2.4548321e-4
vn -0.30852939 -0.95121480 1.6330480e-4
vn -0.30852939 -0.95121480 1.6330480e-4
vn -0.99999999 -9.2173203e-5 -1.3004156e-4
vn -0.99999999 -9.2173203e-5 -1.3004156e-4
vn 0.80923227 0.58748883 -1.1929717e-5
vn 0.80923227 0.58748883 -1.1929717e-5
vn -0.31045686 0.95058744 -2.4422968e-4
vn -0.31045686 0.95058744 -2.4422968e-4
vn 0.99999998 1.4046473e-4 1.4517178e-4
vn 0.99999998 1.4046473e-4 1.4517178e-4
vn -1.0220238e-3 -3.4778506e-3 -0.99999343
vn 0.31037418 -0.95061444 2.5110328e-4
vn 0.31037418 -0.95061444 2.5110328e-4
vn -1.0220238e-3 -3.4778506e-3 -0.99999343
vn -0.80917823 -0.58756326 1.8741955e-5
vn -0.80917823 -0.58756326 1.8741955e-5
vn -1.0220238e-3 -3.4778506e-3 -0.99999343
vn -0.80971683 0.58682076 -2.3029192e-4
vn -0.80971683 0.58682076 -2.3029192e-4
vn -1.0220238e-3 -3.4778506e-3 -0.99999343
vn 0.30852129 0.95121743 -1.6163001e-4
vn 0.30852129 0.95121743 -1.6163001e-4
vn -1.0220238e-3 -3.4778506e-3 -0.99999343
vn 0.80923227 0.58748883 -1.1929717e-5
vn 0.80923227 0.58748883 -1.1929717e-5
vn -1.0220238e-3 -3.4778506e-3 -0.99999343
vn 0.80975310 -0.58677071 2.4548321e-4
vn 0.80975310 -0.58677071 2.4548321e-4
vn -1.0220238e-3 -3.4778506e-3 -0.99999343
vn -0.30852939 -0.95121480 1.6330480e-4
vn -0.30852939 -0.95121480 1.6330480e-4
vn -1.0220238e-3 -3.4778506e-3 -0.99999343
vn -0.99999999 -9.2173203e-5 -1.3004156e-4
vn -0.99999999 -9.2173203e-5 -1.3004156e-4
vn -1.0220238e-3 -3.4778506e-3 -0.99999343
vn -0.31045686 0.95058744 -2.4422968e-4
vn -0.31045686 0.95058744 -2.4422968e-4
vn -1.0220238e-3 -3.4778506e-3 -0.99999343
vn 0.99999998 1.4046473e-4 1.4517178e-4
vn 0.99999998 1.4046473e-4 1.4517178e-4
vn 0.31037418 -0.95061444 2.5110328e-4
vn 0.31037418 -0.95061444 2.5110328e-4
vn -0.80917823 -0.58756326 1.8741955e-5
vn -0.80917823 -0.58756326 1.8741955e-5
vn -0.80971683 0.58682076 -2.3029192e-4
vn -0.80971683 0.58682076 -2.3029192e-4
vn 0.30852129 0.95121743 -1.6163001e-4
vn 0.30852129 0.95121743 -1.6163001e-4
vn 0.80975310 -0.58677071 2.4548321e-4
vn 0.80975310 -0.58677071 2.4548321e-4
vn -0.30852939 -0.95121480 1.6330480e-4
vn -0.30852939 -0.95121480 1.6330480e-4
vn -0.99999999 -9.2173203e-5 -1.3004156e-4
vn -0.99999999 -9.2173203e-5 -1.3004156e-4
vn 0.80923227 0.58748883 -1.1929717e-5
vn 0.80923227 0.58748883 -1.1929717e-5
vn -0.31045686 0.95058744 -2.4422968e-4
vn -0.31045686 0.95058744 -2.4422968e-4
vn 0.99999998 1.4046473e-4 1.4517178e-4
vn 0.99999998 1.4046473e-4 1.4517178e-4
vn -1.0220238e-3 -3.4778506e-3 -0.99999343
vn 0.31037418 -0.95061444 2.5110328e-4
vn 0.31037418 -0.95061444 2.5110328e-4
vn -1.0220238e-3 -3.4778506e-3 -0.99999343
vn -0.80917823 -0.58756326 1.8741955e-5
vn -0.80917823 -0.58756326 1.8741955e-5
vn -1.0220238e-3 -3.4778506e-3 -0.99999343
vn -0.80971683 0.58682076 -2.3029192e-4
vn -0.80971683 0.58682076 -2.3029192e-4
vn -1.0220238e-3 -3.4778506e-3 -0.99999343
vn 0.30852129 0.95121743 -1.6163001e-4
vn 0.30852129 0.95121743 -1.6163001e-4
vn -1.0220238e-3 -3.4778506e-3 -0.99999343
vn 0.80923227 0.58748883 -1.1929717e-5
vn 0.80923227 0.58748883 -1.1929717e-5
vn -1.0220238e-3 -3.4778506e-3 -0.99999343
vn 0.80975310 -0.58677071 2.4548321e-4
vn 0.80975310 -0.58677071 2.4548321e-4
vn -1.0220238e-3 -3.4778506e-3 -0.99999343
vn -0.30852939 -0.95121480 1.6330480e-4
vn -0.30852939 -0.95121480 1.6330480e-4
vn -1.0220238e-3 -3.4778506e-3 -0.99999343
vn -0.99999999 -9.2173203e-5 -1.3004156e-4
vn -0.99999999 -9.2173203e-5 -1.3004156e-4
vn -1.0220238e-3 -3.4778506e-3 -0.99999343
vn -0.31045686 0.95058744 -2.4422968e-4
vn -0.31045686 0.95058744 -2.4422968e-4
vn -1.0220238e-3 -3.4778506e-3 -0.99999343
vn -1.9280366e-2 2.7972918e-15 -0.99981412
vn 0.99999989 1.1149150e-5 4.6979212e-4
vn 0.99999989 1.1149150e-5 4.6979212e-4
vn -1.9280366e-2 2.7972918e-15 -0.99981412
vn 0.30919319 -0.95099890 8.1225243e-4
vn 0.30919319 -0.95099890 8.1225243e-4
vn -1.9280366e-2 2.7972918e-15 -0.99981412
vn -0.80910389 -0.58766563 6.0746345e-5
vn -0.80910389 -0.58766563 6.0746345e-5
vn -1.9280366e-2 2.7972918e-15 -0.99981412
vn -0.80914432 0.58760949 -7.4565888e-4
vn -0.80914432 0.58760949 -7.4565888e-4
vn -1.9280366e-2 2.7972918e-15 -0.99981412
vn 0.30905530 0.95104392 -5.2269176e-4
vn 0.30905530 0.95104392 -5.2269176e-4
vn -1.9280366e-2 2.7972918e-15 -0.99981412
vn 0.80911584 0.58764918 -3.8780220e-5
vn 0.80911584 0.58764918 -3.8780220e-5
vn -1.9280366e-2 2.7972918e-15 -0.99981412
vn 0.80915510 -0.58759458 7.9458362e-4
vn 0.80915510 -0.58759458 7.9458362e-4
vn -1.9280366e-2 2.7972918e-15 -0.99981412
vn -0.30906372 -0.95104119 5.2811025e-4
vn -0.30906372 -0.95104119 5.2811025e-4
vn -1.9280366e-2 2.7972918e-15 -0.99981412
vn -0.99999991 -7.4143607e-6 -4.2096155e-4
vn -0.99999991 -7.4143607e-6 -4.2096155e-4
vn -1.9280366e-2 2.7972918e-15 -0.99981412
vn -0.30920700 0.95099443 -7.9015265e-4
vn -0.30920700 0.95099443 -7.9015265e-4
vn 0.99999989 1.1149150e-5 4.6979212e-4
vn 0.99999989 1.1149150e-5 4.6979212e-4
vn 1.0220238e-3 3.4778506e-3 0.99999343
vn 0.30919319 -0.95099890 8.1225243e-4
vn 0.30919319 -0.95099890 8.1225243e-4
vn 1.0220238e-3 3.4778506e-3 0.99999343
vn -0.80910389 -0.58766563 6.0746345e-5
vn -0.80910389 -0.58766563 6.0746345e-5
vn 1.0220238e-3 3.4778506e-3 0.99999343
vn -0.80914432 0.58760949 -7.4565888e-4
vn -0.80914432 0.58760949 -7.4565888e-4
vn 1.0220238e-3 3.4778506e-3 0.99999343
vn 0.30905530 0.95104392 -5.2269176e-4
vn 0.30905530 0.95104392 -5.2269176e-4
vn 1.0220238e-3 3.4778506e-3 0.99999343
vn 0.80911584 0.58764918 -3.8780220e-5
vn 0.80911584 0.58764918 -3.8780220e-5
vn 1.0220238e-3 3.4778506e-3 0.99999343
vn 0.80915510 -0.58759458 7.9458362e-4
vn 0.80915510 -0.58759458 7.9458362e-4
vn 1.0220238e-3 3.4778506e-3 0.99999343
vn -0.30906372 -0.95104119 5.2811025e-4
vn -0.30906372 -0.95104119 5.2811025e-4
vn 1.0220238e-3 3.4778506e-3 0.99999343
vn -0.99999991 -7.4143607e-6 -4.2096155e-4
vn -0.99999991 -7.4143607e-6 -4.2096155e-4
vn 1.0220238e-3 3.4778506e-3 0.99999343
vn -0.30920700 0.95099443 -7.9015265e-4
vn -0.30920700 0.95099443 -7.9015265e-4
vn 1.0220238e-3 3.4778506e-3 0.99999343
vn -6.8088284e-3 1.8038081e-2 -0.99981412
vn 0.35315868 -0.93556332 4.6979212e-4
vn 0.35315868 -0.93556332 4.6979212e-4
vn -6.8088284e-3 1.8038081e-2 -0.99981412
vn -0.78053248 -0.62511469 8.1225243e-4
vn -0.78053248 -0.62511469 8.1225243e-4
vn -6.8088284e-3 1.8038081e-2 -0.99981412
vn -0.83553444 0.54943807 6.0746345e-5
vn -0.83553444 0.54943807 6.0746345e-5
vn -6.8088284e-3 1.8038081e-2 -0.99981412
vn 0.26400032 0.96452230 -7.4565888e-4
vn 0.26400032 0.96452230 -7.4565888e-4
vn -6.8088284e-3 1.8038081e-2 -0.99981412
vn 0.99890801 4.6717483e-2 -5.2269176e-4
vn 0.99890801 4.6717483e-2 -5.2269176e-4
vn -6.8088284e-3 1.8038081e-2 -0.99981412
vn 0.83552327 -0.54945506 -3.8780220e-5
vn 0.83552327 -0.54945506 -3.8780220e-5
vn -6.8088284e-3 1.8038081e-2 -0.99981412
vn -0.26398256 -0.96452712 7.9458362e-4
vn -0.26398256 -0.96452712 7.9458362e-4
vn -6.8088284e-3 1.8038081e-2 -0.99981412
vn -0.99890842 -4.6708643e-2 5.2811025e-4
vn -0.99890842 -4.6708643e-2 5.2811025e-4
vn -6.8088284e-3 1.8038081e-2 -0.99981412
vn -0.35315520 0.93556466 -4.2096155e-4
vn -0.35315520 0.93556466 -4.2096155e-4
vn -6.8088284e-3 1.8038081e-2 -0.99981412
vn 0.78052343 0.62512603 -7.9015265e-4
vn 0.78052343 0.62512603 -7.9015265e-4
vn 0.35315868 -0.93556332 4.6979212e-4
vn 0.35315868 -0.93556332 4.6979212e-4
vn 3.6146895e-3 2.7202484e-4 0.99999343
vn -0.78053248 -0.62511469 8.1225243e-4
vn -0.78053248 -0.62511469 8.1225243e-4
vn 3.6146895e-3 2.7202484e-4 0.99999343
vn -0.83553444 0.54943807 6.0746345e-5
vn -0.83553444 0.54943807 6.0746345e-5
vn 3.6146895e-3 2.7202484e-4 0.99999343
vn 0.26400032 0.96452230 -7.4565888e-4
vn 0.26400032 0.96452230 -7.4565888e-4
vn 3.6146895e-3 2.7202484e-4 0.99999343
vn 0.99890801 4.6717483e-2 -5.2269176e-4
vn 0.99890801 4.6717483e-2 -5.2269176e-4
vn 3.6146895e-3 2.7202484e-4 0.99999343
vn 0.83552327 -0.54945506 -3.8780220e-5
vn 0.83552327 -0.54945506 -3.8780220e-5
vn 3.6146895e-3 2.7202484e-4 0.99999343
vn -0.26398256 -0.96452712 7.9458362e-4
vn -0.26398256 -0.96452712 7.9458362e-4
vn 3.6146895e-3 2.7202484e-4 0.99999343
vn -0.99890842 -4.6708643e-2 5.2811025e-4
vn -0.99890842 -4.6708643e-2 5.2811025e-4
vn 3.6146895e-3 2.7202484e-4 0.99999343
vn -0.35315520 0.93556466 -4.2096155e-4
vn -0.35315520 0.93556466 -4.2096155e-4
vn 3.6146895e-3 2.7202484e-4 0.99999343
vn 0.78052343 0.62512603 -7.9015265e-4
vn 0.78052343 0.62512603 -7.9015265e-4
vn 3.6146895e-3 2.7202484e-4 0.99999343
vn 0.99999998 7.5356664e-5 1.6850893e-4
vn 0.99999998 7.5356664e-5 1.6850893e-4
vn 0.30978117 -0.95080784 2.9139544e-4
vn 0.30978117 -0.95080784 2.9139544e-4
vn -0.80914128 -0.58761416 2.1770789e-5
vn -0.80914128 -0.58761416 2.1770789e-5
vn -0.80942971 0.58721672 -2.6734555e-4
vn -0.80942971 0.58721672 -2.6734555e-4
vn 0.30879002 0.95113022 -1.8753225e-4
vn 0.30879002 0.95113022 -1.8753225e-4
vn 0.99999998 7.5356664e-5 1.6850893e-4
vn 0.99999998 7.5356664e-5 1.6850893e-4
vn -1.9280366e-2 2.6327452e-15 -0.99981412
vn 0.80945319 -0.58718434 2.8497409e-4
vn 0.80945319 -0.58718434 2.8497409e-4
vn 0.30978117 -0.95080784 2.9139544e-4
vn 0.30978117 -0.95080784 2.9139544e-4
vn -1.9280366e-2 2.6327452e-15 -0.99981412
vn -0.30879834 -0.95112752 1.8947593e-4
vn -0.30879834 -0.95112752 1.8947593e-4
vn -0.80914128 -0.58761416 2.1770789e-5
vn -0.80914128 -0.58761416 2.1770789e-5
vn -1.9280366e-2 2.6327452e-15 -0.99981412
vn -0.99999999 -4.9461347e-5 -1.5094590e-4
vn -0.99999999 -4.9461347e-5 -1.5094590e-4
vn -0.80942971 0.58721672 -2.6734555e-4
vn -0.80942971 0.58721672 -2.6734555e-4
vn -1.9280366e-2 2.6327452e-15 -0.99981412
vn 0.80917419 0.58756883 -1.3876637e-5
vn 0.80917419 0.58756883 -1.3876637e-5
vn -0.30982932 0.95079215 -2.8342028e-4
vn -0.30982932 0.95079215 -2.8342028e-4
vn 0.30879002 0.95113022 -1.8753225e-4
vn 0.30879002 0.95113022 -1.8753225e-4
vn -1.9280366e-2 2.6327452e-15 -0.99981412
vn 0.80917419 0.58756883 -1.3876637e-5
vn 0.80917419 0.58756883 -1.3876637e-5
vn -1.9280366e-2 2.6327452e-15 -0.99981412
vn 0.80945319 -0.58718434 2.8497409e-4
vn 0.80945319 -0.58718434 2.8497409e-4
vn -1.9280366e-2 2.6327452e-15 -0.99981412
vn -0.30879834 -0.95112752 1.8947593e-4
vn -0.30879834 -0.95112752 1.8947593e-4
vn -1.9280366e-2 2.6327452e-15 -0.99981412
vn -0.99999999 -4.9461347e-5 -1.5094590e-4
vn -0.99999999 -4.9461347e-5 -1.5094590e-4
vn -1.9280366e-2 2.6327452e-15 -0.99981412
vn -0.30982932 0.95079215 -2.8342028e-4
vn -0.30982932 0.95079215 -2.8342028e-4
vn -1.9280366e-2 2.6327452e-15 -0.99981412
vn 1.00000000 -4.3546516e-30 1.1060713e-14
vn 1.00000000 -4.3546516e-30 1.1060713e-14
vn 0.80901699 -6.3993899e-17 0.58778525
vn 0.80901699 -6.3993899e-17 0.58778525
vn 0.30901699 0.0000000e+0 0.95105652
vn 0.30901699 0.0000000e+0 0.95105652
vn -0.30901699 0.0000000e+0 0.95105652
vn -0.30901699 0.0000000e+0 0.95105652
vn -0.80901699 -6.3993899e-17 0.58778525
vn -0.80901699 -6.3993899e-17 0.58778525
vn -1.00000000 -4.3546516e-30 1.1060713e-14
vn -1.00000000 -4.3546516e-30 1.1060713e-14
vn -0.80901699 -1.9198170e-16 -0.58778525
vn -0.80901699 -1.9198170e-16 -0.58778525
vn -0.30901699 -2.5597560e-16 -0.95105652
vn -0.30901699 -2.5597560e-16 -0.95105652
vn 0.30901699 -2.5597560e-16 -0.95105652
vn 0.30901699 -2.5597560e-16 -0.95105652
vn 0.80901699 -1.9198170e-16 -0.58778525
vn 0.80901699 -1.9198170e-16 -0.58778525
vn 1.00000000 -4.3546516e-30 1.1060713e-14
vn 1.00000000 -4.3546516e-30 1.1060713e-14
vn 0.80901699 -6.3993899e-17 0.58778525
vn 0.80901699 -6.3993899e-17 0.58778525
vn 0.30901699 0.0000000e+0 0.95105652
vn 0.30901699 0.0000000e+0 0.95105652
vn -0.30901699 0.0000000e+0 0.95105652
vn -0.30901699 0.0000000e+0 0.95105652
vn -0.80901699 -6.3993899e-17 0.58778525
vn -0.80901699 -6.3993899e-17 0.58778525
vn -1.00000000 -4.3546516e-30 1.1060713e-14
vn -1.00000000 -4.3546516e-30 1.1060713e-14
vn -0.80901699 -1.9198170e-16 -0.58778525
vn -0.80901699 -1.9198170e-16 -0.58778525
vn -0.30901699 -2.5597560e-16 -0.95105652
vn -0.30901699 -2.5597560e-16 -0.95105652
vn 0.30901699 -2.5597560e-16 -0.95105652
vn 0.30901699 -2.5597560e-16 -0.95105652
vn 0.80901699 -1.9198170e-16 -0.58778525
vn 0.80901699 -1.9198170e-16 -0.58778525
vn 1.00000000 -1.2798780e-16 0.0000000e+0
vn 1.00000000 -1.2798780e-16 0.0000000e+0
vn 0.80901699 6.3993899e-17 0.58778525
vn 0.80901699 6.3993899e-17 0.58778525
vn 0.30901699 1.2798780e-16 0.95105652
vn 0.30901699 1.2798780e-16 0.95105652
vn -0.30901699 1.2798780e-16 0.95105652
vn -0.30901699 1.2798780e-16 0.95105652
vn -0.80901699 6.3993899e-17 0.58778525
vn -0.80901699 6.3993899e-17 0.58778525
vn -1.00000000 -1.2798780e-16 0.0000000e+0
vn -1.00000000 -1.2798780e-16 0.0000000e+0
vn -0.80901699 -1.9198170e-16 -0.58778525
vn -0.80901699 -1.9198170e-16 -0.58778525
vn -0.30901699 -1.2798780e-16 -0.95105652
vn -0.30901699 -1.2798780e-16 -0.95105652
vn 0.30901699 -1.2798780e-16 -0.95105652
vn 0.30901699 -1.2798780e-16 -0.95105652
vn 0.80901699 -1.9198170e-16 -0.58778525
vn 0.80901699 -1.9198170e-16 -0.58778525
vn 1.00000000 -1.2798780e-16 0.0000000e+0
vn 1.00000000 -1.2798780e-16 0.0000000e+0
vn 0.80901699 6.3993899e-17 0.58778525
vn 0.80901699 6.3993899e-17 0.58778525
vn 0.30901699 1.2798780e-16 0.95105652
vn 0.30901699 1.2798780e-16 0.95105652
vn -0.30901699 1.2798780e-16 0.95105652
vn -0.30901699 1.2798780e-16 0.95105652
vn -0.80901699 6.3993899e-17 0.58778525
vn -0.80901699 6.3993899e-17 0.58778525
vn -1.00000000 -1.2798780e-16 0.0000000e+0
vn -1.00000000 -1.2798780e-16 0.0000000e+0
vn -0.80901699 -1.9198170e-16 -0.58778525
vn -0.80901699 -1.9198170e-16 -0.58778525
vn -0.30901699 -1.2798780e-16 -0.95105652
vn -0.30901699 -1.2798780e-16 -0.95105652
vn 0.30901699 -1.2798780e-16 -0.95105652
vn 0.30901699 -1.2798780e-16 -0.95105652
vn 0.80901699 -1.9198170e-16 -0.58778525
vn 0.80901699 -1.9198170e-16 -0.58778525
vn 1.00000000 -4.3546516e-30 1.1060713e-14
vn 1.00000000 -4.3546516e-30 1.1060713e-14
vn 0.80901699 -6.3993899e-17 0.58778525
vn 0.80901699 -6.3993899e-17 0.58778525
vn 0.30901699 0.0000000e+0 0.95105652
vn 0.30901699 0.0000000e+0 0.95105652
vn -0.30901699 0.0000000e+0 0.95105652
vn -0.30901699 0.0000000e+0 0.95105652
vn -0.80901699 -6.3993899e-17 0.58778525
vn -0.80901699 -6.3993899e-17 0.58778525
vn -1.00000000 -4.3546516e-30 1.1060713e-14
vn -1.00000000 -4.3546516e-30 1.1060713e-14
vn -0.80901699 6.3993899e-17 -0.58778525
vn -0.80901699 6.3993899e-17 -0.58778525
vn -0.30901699 0.0000000e+0 -0.95105652
vn -0.30901699 0.0000000e+0 -0.95105652
vn 0.30901699 0.0000000e+0 -0.95105652
vn 0.30901699 0.0000000e+0 -0.95105652
vn 0.80901699 6.3993899e-17 -0.58778525
vn 0.80901699 6.3993899e-17 -0.58778525
vn 1.00000000 -4.3546516e-30 1.1060713e-14
vn 1.00000000 -4.3546516e-30 1.1060713e-14
vn 0.80901699 -6.3993899e-17 0.58778525
vn 0.80901699 -6.3993899e-17 0.58778525
vn 0.30901699 0.0000000e+0 0.95105652
vn 0.30901699 0.0000000e+0 0.95105652
vn -0.30901699 0.0000000e+0 0.95105652
vn -0.30901699 0.0000000e+0 0.95105652
vn -0.80901699 -6.3993899e-17 0.58778525
vn -0.80901699 -6.3993899e-17 0.58778525
vn -1.00000000 -4.3546516e-30 1.1060713e-14
vn -1.00000000 -4.3546516e-30 1.1060713e-14
vn -0.80901699 6.3993899e-17 -0.58778525
vn -0.80901699 6.3993899e-17 -0.58778525
vn -0.30901699 0.0000000e+0 -0.95105652
vn -0.30901699 0.0000000e+0 -0.95105652
vn 0.30901699 0.0000000e+0 -0.95105652
vn 0.30901699 0.0000000e+0 -0.95105652
vn 0.80901699 6.3993899e-17 -0.58778525
vn 0.80901699 6.3993899e-17 -0.58778525
vn 1.00000000 -1.2798780e-16 2.2150610e-14
vn 1.00000000 -1.2798780e-16 2.2150610e-14
vn 0.80901699 1.2798780e-16 0.58778525
vn 0.80901699 1.2798780e-16 0.58778525
vn 0.30901699 2.5597560e-16 0.95105652
vn 0.30901699 2.5597560e-16 0.95105652
vn -0.30901699 2.5597560e-16 0.95105652
vn -0.30901699 2.5597560e-16 0.95105652
vn -0.80901699 1.2798780e-16 0.58778525
vn -0.80901699 1.2798780e-16 0.58778525
vn -1.00000000 -1.2798780e-16 2.2150610e-14
vn -1.00000000 -1.2798780e-16 2.2150610e-14
vn -0.80901699 -2.5597560e-16 -0.58778525
vn -0.80901699 -2.5597560e-16 -0.58778525
vn -0.30901699 -2.5597560e-16 -0.95105652
vn -0.30901699 -2.5597560e-16 -0.95105652
vn 0.30901699 -2.5597560e-16 -0.95105652
vn 0.30901699 -2.5597560e-16 -0.95105652
vn 0.80901699 -2.5597560e-16 -0.58778525
vn 0.80901699 -2.5597560e-16 -0.58778525
vn 1.00000000 -1.2798780e-16 2.2150610e-14
vn 1.00000000 -1.2798780e-16 2.2150610e-14
vn 0.80901699 1.2798780e-16 0.58778525
vn 0.80901699 1.2798780e-16 0.58778525
vn 0.30901699 2.5597560e-16 0.95105652
vn 0.30901699 2.5597560e-16 0.95105652
vn -0.30901699 2.5597560e-16 0.95105652
vn -0.30901699 2.5597560e-16 0.95105652
vn -0.80901699 1.2798780e-16 0.58778525
vn -0.80901699 1.2798780e-16 0.58778525
vn -1.00000000 -1.2798780e-16 2.2150610e-14
vn -1.00000000 -1.2798780e-16 2.2150610e-14
vn -0.80901699 -2.5597560e-16 -0.58778525
vn -0.80901699 -2.5597560e-16 -0.58778525
vn -0.30901699 -2.5597560e-16 -0.95105652
vn -0.30901699 -2.5597560e-16 -0.95105652
vn 0.30901699 -2.5597560e-16 -0.95105652
vn 0.30901699 -2.5597560e-16 -0.95105652
vn 0.80901699 -2.5597560e-16 -0.58778525
vn 0.80901699 -2.5597560e-16 -0.58778525
vn 0.99999998 7.5356664e-5 1.6850893e-4
vn 0.99999998 7.5356664e-5 1.6850893e-4
vn 0.30978117 -0.95080784 2.9139544e-4
vn 0.30978117 -0.95080784 2.9139544e-4
vn -0.80914128 -0.58761416 2.1770789e-5
vn -0.80914128 -0.58761416 2.1770789e-5
vn -0.80942971 0.58721672 -2.6734555e-4
vn -0.80942971 0.58721672 -2.6734555e-4
vn 0.30879002 0.95113022 -1.8753225e-4
vn 0.30879002 0.95113022 -1.8753225e-4
vn 0.99999998 7.5356664e-5 1.6850893e-4
vn 0.99999998 7.5356664e-5 1.6850893e-4
vn -1.9280366e-2 2.5669266e-15 -0.99981412
vn 0.80945319 -0.58718434 2.8497409e-4
vn 0.80945319 -0.58718434 2.8497409e-4
vn 0.30978117 -0.95080784 2.9139544e-4
vn 0.30978117 -0.95080784 2.9139544e-4
vn -1.9280366e-2 2.5669266e-15 -0.99981412
vn -0.30879834 -0.95112752 1.8947593e-4
vn -0.30879834 -0.95112752 1.8947593e-4
vn -0.80914128 -0.58761416 2.1770789e-5
vn -0.80914128 -0.58761416 2.1770789e-5
vn -1.9280366e-2 2.5669266e-15 -0.99981412
vn -0.99999999 -4.9461347e-5 -1.5094590e-4
vn -0.99999999 -4.9461347e-5 -1.5094590e-4
vn -0.80942971 0.58721672 -2.6734555e-4
vn -0.80942971 0.58721672 -2.6734555e-4
vn -1.9280366e-2 2.5669266e-15 -0.99981412
vn 0.80917419 0.58756883 -1.3876637e-5
vn 0.80917419 0.58756883 -1.3876637e-5
vn -0.30982932 0.95079215 -2.8342028e-4
vn -0.30982932 0.95079215 -2.8342028e-4
vn 0.30879002 0.95113022 -1.8753225e-4
vn 0.30879002 0.95113022 -1.8753225e-4
vn -1.9280366e-2 2.5669266e-15 -0.99981412
vn 0.80917419 0.58756883 -1.3876637e-5
vn 0.80917419 0.58756883 -1.3876637e-5
vn -1.9280366e-2 2.5669266e-15 -0.99981412
vn 0.80945319 -0.58718434 2.8497409e-4
vn 0.80945319 -0.58718434 2.8497409e-4
vn -1.9280366e-2 2.5669266e-15 -0.99981412
vn -0.30879834 -0.95112752 1.8947593e-4
vn -0.30879834 -0.95112752 1.8947593e-4
vn -1.9280366e-2 2.5669266e-15 -0.99981412
vn -0.99999999 -4.9461347e-5 -1.5094590e-4
vn -0.99999999 -4.9461347e-5 -1.5094590e-4
vn -1.9280366e-2 2.5669266e-15 -0.99981412
vn -0.30982932 0.95079215 -2.8342028e-4
vn -0.30982932 0.95079215 -2.8342028e-4
vn -1.9280366e-2 2.5669266e-15 -0.99981412
vn 1.00000000 -1.2798780e-16 2.2150610e-14
vn 1.00000000 -1.2798780e-16 2.2150610e-14
vn 0.80901699 -2.5597560e-16 0.58778525
vn 0.80901699 -2.5597560e-16 0.58778525
vn 0.30901699 -2.5597560e-16 0.95105652
vn 0.30901699 -2.5597560e-16 0.95105652
vn -0.30901699 -2.5597560e-16 0.95105652
vn -0.30901699 -2.5597560e-16 0.95105652
vn -0.80901699 -2.5597560e-16 0.58778525
vn -0.80901699 -2.5597560e-16 0.58778525
vn -1.00000000 -1.2798780e-16 2.2150610e-14
vn -1.00000000 -1.2798780e-16 2.2150610e-14
vn -0.80901699 1.2798780e-16 -0.58778525
vn -0.80901699 1.2798780e-16 -0.58778525
vn -0.30901699 2.5597560e-16 -0.95105652
vn -0.30901699 2.5597560e-16 -0.95105652
vn 0.30901699 2.5597560e-16 -0.95105652
vn 0.30901699 2.5597560e-16 -0.95105652
vn 0.80901699 1.2798780e-16 -0.58778525
vn 0.80901699 1.2798780e-16 -0.58778525
vn 1.00000000 -1.2798780e-16 2.2150610e-14
vn 1.00000000 -1.2798780e-16 2.2150610e-14
vn 0.80901699 -2.5597560e-16 0.58778525
vn 0.80901699 -2.5597560e-16 0.58778525
vn 0.30901699 -2.5597560e-16 0.95105652
vn 0.30901699 -2.5597560e-16 0.95105652
vn -0.30901699 -2.5597560e-16 0.95105652
vn -0.30901699 -2.5597560e-16 0.95105652
vn -0.80901699 -2.5597560e-16 0.58778525
vn -0.80901699 -2.5597560e-16 0.58778525
vn -1.00000000 -1.2798780e-16 2.2150610e-14
vn -1.00000000 -1.2798780e-16 2.2150610e-14
vn -0.80901699 1.2798780e-16 -0.58778525
vn -0.80901699 1.2798780e-16 -0.58778525
vn -0.30901699 2.5597560e-16 -0.95105652
vn -0.30901699 2.5597560e-16 -0.95105652
vn 0.30901699 2.5597560e-16 -0.95105652
vn 0.30901699 2.5597560e-16 -0.95105652
vn 0.80901699 1.2798780e-16 -0.58778525
vn 0.80901699 1.2798780e-16 -0.58778525
vn 1.00000000 1.5998475e-17 1.1060713e-14
vn 1.00000000 1.5998475e-17 1.1060713e-14
vn 0.80901699 -1.5998475e-17 0.58778525
vn 0.80901699 -1.5998475e-17 0.58778525
vn 0.30901699 -3.1996950e-17 0.95105652
vn 0.30901699 -3.1996950e-17 0.95105652
vn -0.30901699 -3.1996950e-17 0.95105652
vn -0.30901699 -3.1996950e-17 0.95105652
vn -0.80901699 -1.5998475e-17 0.58778525
vn -0.80901699 -1.5998475e-17 0.58778525
vn -1.00000000 1.5998475e-17 1.1060713e-14
vn -1.00000000 1.5998475e-17 1.1060713e-14
vn -0.80901699 0.0000000e+0 -0.58778525
vn -0.80901699 0.0000000e+0 -0.58778525
vn -0.30901699 0.0000000e+0 -0.95105652
vn -0.30901699 0.0000000e+0 -0.95105652
vn 0.30901699 0.0000000e+0 -0.95105652
vn 0.30901699 0.0000000e+0 -0.95105652
vn 0.80901699 0.0000000e+0 -0.58778525
vn 0.80901699 0.0000000e+0 -0.58778525
vn 1.00000000 1.5998475e-17 1.1060713e-14
vn 1.00000000 1.5998475e-17 1.1060713e-14
vn 0.80901699 -1.5998475e-17 0.58778525
vn 0.80901699 -1.5998475e-17 0.58778525
vn 0.30901699 -3.1996950e-17 0.95105652
vn 0.30901699 -3.1996950e-17 0.95105652
vn -0.30901699 -3.1996950e-17 0.95105652
vn -0.30901699 -3.1996950e-17 0.95105652
vn -0.80901699 -1.5998475e-17 0.58778525
vn -0.80901699 -1.5998475e-17 0.58778525
vn -1.00000000 1.5998475e-17 1.1060713e-14
vn -1.00000000 1.5998475e-17 1.1060713e-14
vn -0.80901699 0.0000000e+0 -0.58778525
vn -0.80901699 0.0000000e+0 -0.58778525
vn -0.30901699 0.0000000e+0 -0.95105652
vn -0.30901699 0.0000000e+0 -0.95105652
vn 0.30901699 0.0000000e+0 -0.95105652
vn 0.30901699 0.0000000e+0 -0.95105652
vn 0.80901699 0.0000000e+0 -0.58778525
vn 0.80901699 0.0000000e+0 -0.58778525
vn 1.00000000 -1.5998475e-17 0.0000000e+0
vn 1.00000000 -1.5998475e-17 0.0000000e+0
vn 0.80901699 -1.5998475e-17 0.58778525
vn 0.80901699 -1.5998475e-17 0.58778525
vn 0.30901699 0.0000000e+0 0.95105652
vn 0.30901699 0.0000000e+0 0.95105652
vn -0.30901699 0.0000000e+0 0.95105652
vn -0.30901699 0.0000000e+0 0.95105652
vn -0.80901699 -1.5998475e-17 0.58778525
vn -0.80901699 -1.5998475e-17 0.58778525
vn -1.00000000 -1.5998475e-17 0.0000000e+0
vn -1.00000000 -1.5998475e-17 0.0000000e+0
vn -0.80901699 0.0000000e+0 -0.58778525
vn -0.80901699 0.0000000e+0 -0.58778525
vn -0.30901699 0.0000000e+0 -0.95105652
vn -0.30901699 0.0000000e+0 -0.95105652
vn 0.30901699 0.0000000e+0 -0.95105652
vn 0.30901699 0.0000000e+0 -0.95105652
vn 0.80901699 0.0000000e+0 -0.58778525
vn 0.80901699 0.0000000e+0 -0.58778525
vn 1.00000000 -1.5998475e-17 0.0000000e+0
vn 1.00000000 -1.5998475e-17 0.0000000e+0
vn 0.80901699 -1.5998475e-17 0.58778525
vn 0.80901699 -1.5998475e-17 0.58778525
vn 0.30901699 0.0000000e+0 0.95105652
vn 0.30901699 0.0000000e+0 0.95105652
vn -0.30901699 0.0000000e+0 0.95105652
vn -0.30901699 0.0000000e+0 0.95105652
vn -0.80901699 -1.5998475e-17 0.58778525
vn -0.80901699 -1.5998475e-17 0.58778525
vn -1.00000000 -1.5998475e-17 0.0000000e+0
vn -1.00000000 -1.5998475e-17 0.0000000e+0
vn -0.80901699 0.0000000e+0 -0.58778525
vn -0.80901699 0.0000000e+0 -0.58778525
vn -0.30901699 0.0000000e+0 -0.95105652
vn -0.30901699 0.0000000e+0 -0.95105652
vn 0.30901699 0.0000000e+0 -0.95105652
vn 0.30901699 0.0000000e+0 -0.95105652
vn 0.80901699 0.0000000e+0 -0.58778525
vn 0.80901699 0.0000000e+0 -0.58778525
vn 1.00000000 3.1247021e-20 0.0000000e+0
vn 1.00000000 3.1247021e-20 0.0000000e+0
vn 0.80901699 3.1247021e-20 0.58778525
vn 0.80901699 3.1247021e-20 0.58778525
vn 0.30901699 0.0000000e+0 0.95105652
vn 0.30901699 0.0000000e+0 0.95105652
vn -0.30901699 1.8748213e-19 0.95105652
vn -0.30901699 1.8748213e-19 0.95105652
vn -0.80901699 1.8748213e-19 0.58778525
vn -0.80901699 1.8748213e-19 0.58778525
vn -1.00000000 0.0000000e+0 0.0000000e+0
vn -1.00000000 0.0000000e+0 0.0000000e+0
vn -0.80901699 0.0000000e+0 -0.58778525
vn -0.80901699 0.0000000e+0 -0.58778525
vn -0.30901699 0.0000000e+0 -0.95105652
vn -0.30901699 0.0000000e+0 -0.95105652
vn 0.30901699 0.0000000e+0 -0.95105652
vn 0.30901699 0.0000000e+0 -0.95105652
vn 0.80901699 0.0000000e+0 -0.58778525
vn 0.80901699 0.0000000e+0 -0.58778525
vn 1.00000000 3.1247021e-20 0.0000000e+0
vn 1.00000000 3.1247021e-20 0.0000000e+0
vn 0.80901699 3.1247021e-20 0.58778525
vn 0.80901699 3.1247021e-20 0.58778525
vn 0.30901699 0.0000000e+0 0.95105652
vn 0.30901699 0.0000000e+0 0.95105652
vn -0.30901699 1.8748213e-19 0.95105652
vn -0.30901699 1.8748213e-19 0.95105652
vn -0.80901699 1.8748213e-19 0.58778525
vn -0.80901699 1.8748213e-19 0.58778525
vn -1.00000000 0.0000000e+0 0.0000000e+0
vn -1.00000000 0.0000000e+0 0.0000000e+0
vn -0.80901699 0.0000000e+0 -0.58778525
vn -0.80901699 0.0000000e+0 -0.58778525
vn -0.30901699 0.0000000e+0 -0.95105652
vn -0.30901699 0.0000000e+0 -0.95105652
vn 0.30901699 0.0000000e+0 -0.95105652
vn 0.30901699 0.0000000e+0 -0.95105652
vn 0.80901699 0.0000000e+0 -0.58778525
vn 0.80901699 0.0000000e+0 -0.58778525
vn 1.00000000 -1.2798780e-16 0.0000000e+0
vn 1.00000000 -1.2798780e-16 0.0000000e+0
vn 0.80901699 6.3993899e-17 0.58778525
vn 0.80901699 6.3993899e-17 0.58778525
vn 0.30901699 1.2798780e-16 0.95105652
vn 0.30901699 1.2798780e-16 0.95105652
vn -0.30901699 1.2798780e-16 0.95105652
vn -0.30901699 1.2798780e-16 0.95105652
vn -0.80901699 6.3993899e-17 0.58778525
vn -0.80901699 6.3993899e-17 0.58778525
vn -1.00000000 -1.2798780e-16 0.0000000e+0
vn -1.00000000 -1.2798780e-16 0.0000000e+0
vn -0.80901699 -1.9198170e-16 -0.58778525
vn -0.80901699 -1.9198170e-16 -0.58778525
vn -0.30901699 -1.2798780e-16 -0.95105652
vn -0.30901699 -1.2798780e-16 -0.95105652
vn 0.30901699 -1.2798780e-16 -0.95105652
vn 0.30901699 -1.2798780e-16 -0.95105652
vn 0.80901699 -1.9198170e-16 -0.58778525
vn 0.80901699 -1.9198170e-16 -0.58778525
vn 1.00000000 -1.2798780e-16 0.0000000e+0
vn 1.00000000 -1.2798780e-16 0.0000000e+0
vn 0.80901699 6.3993899e-17 0.58778525
vn 0.80901699 6.3993899e-17 0.58778525
vn 0.30901699 1.2798780e-16 0.95105652
vn 0.30901699 1.2798780e-16 0.95105652
vn -0.30901699 1.2798780e-16 0.95105652
vn -0.30901699 1.2798780e-16 0.95105652
vn -0.80901699 6.3993899e-17 0.58778525
vn -0.80901699 6.3993899e-17 0.58778525
vn -1.00000000 -1.2798780e-16 0.0000000e+0
vn -1.00000000 -1.2798780e-16 0.0000000e+0
vn -0.80901699 -1.9198170e-16 -0.58778525
vn -0.80901699 -1.9198170e-16 -0.58778525
vn -0.30901699 -1.2798780e-16 -0.95105652
vn -0.30901699 -1.2798780e-16 -0.95105652
vn 0.30901699 -1.2798780e-16 -0.95105652
vn 0.30901699 -1.2798780e-16 -0.95105652
vn 0.80901699 -1.9198170e-16 -0.58778525
vn 0.80901699 -1.9198170e-16 -0.58778525
vn 1.00000000 -4.3546516e-30 1.1060713e-14
vn 1.00000000 -4.3546516e-30 1.1060713e-14
vn 0.80901699 -6.3993899e-17 0.58778525
vn 0.80901699 -6.3993899e-17 0.58778525
vn 0.30901699 0.0000000e+0 0.95105652
vn 0.30901699 0.0000000e+0 0.95105652
vn -0.30901699 0.0000000e+0 0.95105652
vn -0.30901699 0.0000000e+0 0.95105652
vn -0.80901699 -6.3993899e-17 0.58778525
vn -0.80901699 -6.3993899e-17 0.58778525
vn -1.00000000 -4.3546516e-30 1.1060713e-14
vn -1.00000000 -4.3546516e-30 1.1060713e-14
vn -0.80901699 -1.9198170e-16 -0.58778525
vn -0.80901699 -1.9198170e-16 -0.58778525
vn -0.30901699 -2.5597560e-16 -0.95105652
vn -0.30901699 -2.5597560e-16 -0.95105652
vn 0.30901699 -2.5597560e-16 -0.95105652
vn 0.30901699 -2.5597560e-16 -0.95105652
vn 0.80901699 -1.9198170e-16 -0.58778525
vn 0.80901699 -1.9198170e-16 -0.58778525
vn 1.00000000 -4.3546516e-30 1.1060713e-14
vn 1.00000000 -4.3546516e-30 1.1060713e-14
vn 0.80901699 -6.3993899e-17 0.58778525
vn 0.80901699 -6.3993899e-17 0.58778525
vn 0.30901699 0.0000000e+0 0.95105652
vn 0.30901699 0.0000000e+0 0.95105652
vn -0.30901699 0.0000000e+0 0.95105652
vn -0.30901699 0.0000000e+0 0.95105652
vn -0.80901699 -6.3993899e-17 0.58778525
vn -0.80901699 -6.3993899e-17 0.58778525
vn -1.00000000 -4.3546516e-30 1.1060713e-14
vn -1.00000000 -4.3546516e-30 1.1060713e-14
vn -0.80901699 -1.9198170e-16 -0.58778525
vn -0.80901699 -1.9198170e-16 -0.58778525
vn -0.30901699 -2.5597560e-16 -0.95105652
vn -0.30901699 -2.5597560e-16 -0.95105652
vn 0.30901699 -2.5597560e-16 -0.95105652
vn 0.30901699 -2.5597560e-16 -0.95105652
vn 0.80901699 -1.9198170e-16 -0.58778525
vn 0.80901699 -1.9198170e-16 -0.58778525
vn 1.00000000 -1.2798780e-16 2.2150610e-14
vn 1.00000000 -1.2798780e-16 2.2150610e-14
vn 0.80901699 1.2798780e-16 0.58778525
vn 0.80901699 1.2798780e-16 0.58778525
vn 0.30901699 2.5597560e-16 0.95105652
vn 0.30901699 2.5597560e-16 0.95105652
vn -0.30901699 2.5597560e-16 0.95105652
vn -0.30901699 2.5597560e-16 0.95105652
vn -0.80901699 1.2798780e-16 0.58778525
vn -0.80901699 1.2798780e-16 0.58778525
vn -1.00000000 -1.2798780e-16 2.2150610e-14
vn -1.00000000 -1.2798780e-16 2.2150610e-14
vn -0.80901699 -2.5597560e-16 -0.58778525
vn -0.80901699 -2.5597560e-16 -0.58778525
vn -0.30901699 -2.5597560e-16 -0.95105652
vn -0.30901699 -2.5597560e-16 -0.95105652
vn 0.30901699 -2.5597560e-16 -0.95105652
vn 0.30901699 -2.5597560e-16 -0.95105652
vn 0.80901699 -2.5597560e-16 -0.58778525
vn 0.80901699 -2.5597560e-16 -0.58778525
vn 1.00000000 -1.2798780e-16 2.2150610e-14
vn 1.00000000 -1.2798780e-16 2.2150610e-14
vn 0.80901699 1.2798780e-16 0.58778525
vn 0.80901699 1.2798780e-16 0.58778525
vn 0.30901699 2.5597560e-16 0.95105652
vn 0.30901699 2.5597560e-16 0.95105652
vn -0.30901699 2.5597560e-16 0.95105652
vn -0.30901699 2.5597560e-16 0.95105652
vn -0.80901699 1.2798780e-16 0.58778525
vn -0.80901699 1.2798780e-16 0.58778525
vn -1.00000000 -1.2798780e-16 2.2150610e-14
vn -1.00000000 -1.2798780e-16 2.2150610e-14
vn -0.80901699 -2.5597560e-16 -0.58778525
vn -0.80901699 -2.5597560e-16 -0.58778525
vn -0.30901699 -2.5597560e-16 -0.95105652
vn -0.30901699 -2.5597560e-16 -0.95105652
vn 0.30901699 -2.5597560e-16 -0.95105652
vn 0.30901699 -2.5597560e-16 -0.95105652
vn 0.80901699 -2.5597560e-16 -0.58778525
vn 0.80901699 -2.5597560e-16 -0.58778525
vn 1.00000000 1.5998475e-17 1.1060713e-14
vn 1.00000000 1.5998475e-17 1.1060713e-14
vn 0.80901699 -1.5998475e-17 0.58778525
vn 0.80901699 -1.5998475e-17 0.58778525
vn 0.30901699 -3.1996950e-17 0.95105652
vn 0.30901699 -3.1996950e-17 0.95105652
vn -0.30901699 -3.1996950e-17 0.95105652
vn -0.30901699 -3.1996950e-17 0.95105652
vn -0.80901699 -1.5998475e-17 0.58778525
vn -0.80901699 -1.5998475e-17 0.58778525
vn -1.00000000 1.5998475e-17 1.1060713e-14
vn -1.00000000 1.5998475e-17 1.1060713e-14
vn -0.80901699 0.0000000e+0 -0.58778525
vn -0.80901699 0.0000000e+0 -0.58778525
vn -0.30901699 0.0000000e+0 -0.95105652
vn -0.30901699 0.0000000e+0 -0.95105652
vn 0.30901699 0.0000000e+0 -0.95105652
vn 0.30901699 0.0000000e+0 -0.95105652
vn 0.80901699 0.0000000e+0 -0.58778525
vn 0.80901699 0.0000000e+0 -0.58778525
vn 1.00000000 1.5998475e-17 1.1060713e-14
vn 1.00000000 1.5998475e-17 1.1060713e-14
vn 0.80901699 -1.5998475e-17 0.58778525
vn 0.80901699 -1.5998475e-17 0.58778525
vn 0.30901699 -3.1996950e-17 0.95105652
vn 0.30901699 -3.1996950e-17 0.95105652
vn -0.30901699 -3.1996950e-17 0.95105652
vn -0.30901699 -3.1996950e-17 0.95105652
vn -0.80901699 -1.5998475e-17 0.58778525
vn -0.80901699 -1.5998475e-17 0.58778525
vn -1.00000000 1.5998475e-17 1.1060713e-14
vn -1.00000000 1.5998475e-17 1.1060713e-14
vn -0.80901699 0.0000000e+0 -0.58778525
vn -0.80901699 0.0000000e+0 -0.58778525
vn -0.30901699 0.0000000e+0 -0.95105652
vn -0.30901699 0.0000000e+0 -0.95105652
vn 0.30901699 0.0000000e+0 -0.95105652
vn 0.30901699 0.0000000e+0 -0.95105652
vn 0.80901699 0.0000000e+0 -0.58778525
vn 0.80901699 0.0000000e+0 -0.58778525
vn 1.00000000 3.1247021e-20 0.0000000e+0
vn 1.00000000 3.1247021e-20 0.0000000e+0
vn 0.80901699 3.1247021e-20 0.58778525
vn 0.80901699 3.1247021e-20 0.58778525
vn 0.30901699 0.0000000e+0 0.95105652
vn 0.30901699 0.0000000e+0 0.95105652
vn -0.30901699 1.8748213e-19 0.95105652
vn -0.30901699 1.8748213e-19 0.95105652
vn -0.80901699 1.8748213e-19 0.58778525
vn -0.80901699 1.8748213e-19 0.58778525
vn -1.00000000 0.0000000e+0 0.0000000e+0
vn -1.00000000 0.0000000e+0 0.0000000e+0
vn -0.80901699 0.0000000e+0 -0.58778525
vn -0.80901699 0.0000000e+0 -0.58778525
vn -0.30901699 0.0000000e+0 -0.95105652
vn -0.30901699 0.0000000e+0 -0.95105652
vn 0.30901699 0.0000000e+0 -0.95105652
vn 0.30901699 0.0000000e+0 -0.95105652
vn 0.80901699 0.0000000e+0 -0.58778525
vn 0.80901699 0.0000000e+0 -0.58778525
vn 1.00000000 3.1247021e-20 0.0000000e+0
vn 1.00000000 3.1247021e-20 0.0000000e+0
vn 0.80901699 3.1247021e-20 0.58778525
vn 0.80901699 3.1247021e-20 0.58778525
vn 0.30901699 0.0000000e+0 0.95105652
vn 0.30901699 0.0000000e+0 0.95105652
vn -0.30901699 1.8748213e-19 0.95105652
vn -0.30901699 1.8748213e-19 0.95105652
vn -0.80901699 1.8748213e-19 0.58778525
vn -0.80901699 1.8748213e-19 0.58778525
vn -1.00000000 0.0000000e+0 0.0000000e+0
vn -1.00000000 0.0000000e+0 0.0000000e+0
vn -0.80901699 0.0000000e+0 -0.58778525
vn -0.80901699 0.0000000e+0 -0.58778525
vn -0.30901699 0.0000000e+0 -0.95105652
vn -0.30901699 0.0000000e+0 -0.95105652
vn 0.30901699 0.0000000e+0 -0.95105652
vn 0.30901699 0.0000000e+0 -0.95105652
vn 0.80901699 0.0000000e+0 -0.58778525
vn 0.80901699 0.0000000e+0 -0.58778525
vn 1.00000000 -3.1996950e-17 1.1060713e-14
vn 1.00000000 -3.1996950e-17 1.1060713e-14
vn 0.80901699 6.3993899e-17 0.58778525
vn 0.80901699 6.3993899e-17 0.58778525
vn 0.30901699 6.3993899e-17 0.95105652
vn 0.30901699 6.3993899e-17 0.95105652
vn -0.30901699 6.3993899e-17 0.95105652
vn -0.30901699 6.3993899e-17 0.95105652
vn -0.80901699 6.3993899e-17 0.58778525
vn -0.80901699 6.3993899e-17 0.58778525
vn -1.00000000 -3.1996950e-17 1.1060713e-14
vn -1.00000000 -3.1996950e-17 1.1060713e-14
vn -0.80901699 -3.1996950e-17 -0.58778525
vn -0.80901699 -3.1996950e-17 -0.58778525
vn -0.30901699 0.0000000e+0 -0.95105652
vn -0.30901699 0.0000000e+0 -0.95105652
vn 0.30901699 0.0000000e+0 -0.95105652
vn 0.30901699 0.0000000e+0 -0.95105652
vn 0.80901699 -3.1996950e-17 -0.58778525
vn 0.80901699 -3.1996950e-17 -0.58778525
vn 1.00000000 -3.1996950e-17 1.1060713e-14
vn 1.00000000 -3.1996950e-17 1.1060713e-14
vn 0.80901699 6.3993899e-17 0.58778525
vn 0.80901699 6.3993899e-17 0.58778525
vn 0.30901699 6.3993899e-17 0.95105652
vn 0.30901699 6.3993899e-17 0.95105652
vn -0.30901699 6.3993899e-17 0.95105652
vn -0.30901699 6.3993899e-17 0.95105652
vn -0.80901699 6.3993899e-17 0.58778525
vn -0.80901699 6.3993899e-17 0.58778525
vn -1.00000000 -3.1996950e-17 1.1060713e-14
vn -1.00000000 -3.1996950e-17 1.1060713e-14
vn -0.80901699 -3.1996950e-17 -0.58778525
vn -0.80901699 -3.1996950e-17 -0.58778525
vn -0.30901699 0.0000000e+0 -0.95105652
vn -0.30901699 0.0000000e+0 -0.95105652
vn 0.30901699 0.0000000e+0 -0.95105652
vn 0.30901699 0.0000000e+0 -0.95105652
vn 0.80901699 -3.1996950e-17 -0.58778525
vn 0.80901699 -3.1996950e-17 -0.58778525
vn 1.00000000 -3.1996950e-17 1.1060713e-14
vn 1.00000000 -3.1996950e-17 1.1060713e-14
vn 0.80901699 6.3993899e-17 0.58778525
vn 0.80901699 6.3993899e-17 0.58778525
vn 0.30901699 6.3993899e-17 0.95105652
vn 0.30901699 6.3993899e-17 0.95105652
vn -0.30901699 6.3993899e-17 0.95105652
vn -0.30901699 6.3993899e-17 0.95105652
vn -0.80901699 6.3993899e-17 0.58778525
vn -0.80901699 6.3993899e-17 0.58778525
vn -1.00000000 -3.1996950e-17 1.1060713e-14
vn -1.00000000 -3.1996950e-17 1.1060713e-14
vn -0.80901699 -3.1996950e-17 -0.58778525
vn -0.80901699 -3.1996950e-17 -0.58778525
vn -0.30901699 0.0000000e+0 -0.95105652
vn -0.30901699 0.0000000e+0 -0.95105652
vn 0.30901699 0.0000000e+0 -0.95105652
vn 0.30901699 0.0000000e+0 -0.95105652
vn 0.80901699 -3.1996950e-17 -0.58778525
vn 0.80901699 -3.1996950e-17 -0.58778525
vn 1.00000000 -3.1996950e-17 1.1060713e-14
vn 1.00000000 -3.1996950e-17 1.1060713e-14
vn 0.80901699 6.3993899e-17 0.58778525
vn 0.80901699 6.3993899e-17 0.58778525
vn 0.30901699 6.3993899e-17 0.95105652
vn 0.30901699 6.3993899e-17 0.95105652
vn -0.30901699 6.3993899e-17 0.95105652
vn -0.30901699 6.3993899e-17 0.95105652
vn -0.80901699 6.3993899e-17 0.58778525
vn -0.80901699 6.3993899e-17 0.58778525
vn -1.00000000 -3.1996950e-17 1.1060713e-14
vn -1.00000000 -3.1996950e-17 1.1060713e-14
vn -0.80901699 -3.1996950e-17 -0.58778525
vn -0.80901699 -3.1996950e-17 -0.58778525
vn -0.30901699 0.0000000e+0 -0.95105652
vn -0.30901699 0.0000000e+0 -0.95105652
vn 0.30901699 0.0000000e+0 -0.95105652
vn 0.30901699 0.0000000e+0 -0.95105652
vn 0.80901699 -3.1996950e-17 -0.58778525
vn 0.80901699 -3.1996950e-17 -0.58778525
vn 1.00000000 -1.5998475e-17 0.0000000e+0
vn 1.00000000 -1.5998475e-17 0.0000000e+0
vn 0.80901699 -1.5998475e-17 0.58778525
vn 0.80901699 -1.5998475e-17 0.58778525
vn 0.30901699 0.0000000e+0 0.95105652
vn 0.30901699 0.0000000e+0 0.95105652
vn -0.30901699 0.0000000e+0 0.95105652
vn -0.30901699 0.0000000e+0 0.95105652
vn -0.80901699 -1.5998475e-17 0.58778525
vn -0.80901699 -1.5998475e-17 0.58778525
vn -1.00000000 -1.5998475e-17 0.0000000e+0
vn -1.00000000 -1.5998475e-17 0.0000000e+0
vn -0.80901699 0.0000000e+0 -0.58778525
vn -0.80901699 0.0000000e+0 -0.58778525
vn -0.30901699 0.0000000e+0 -0.95105652
vn -0.30901699 0.0000000e+0 -0.95105652
vn 0.30901699 0.0000000e+0 -0.95105652
vn 0.30901699 0.0000000e+0 -0.95105652
vn 0.80901699 0.0000000e+0 -0.58778525
vn 0.80901699 0.0000000e+0 -0.58778525
vn 1.00000000 -1.5998475e-17 0.0000000e+0
vn 1.00000000 -1.5998475e-17 0.0000000e+0
vn 0.80901699 -1.5998475e-17 0.58778525
vn 0.80901699 -1.5998475e-17 0.58778525
vn 0.30901699 0.0000000e+0 0.95105652
vn 0.30901699 0.0000000e+0 0.95105652
vn -0.30901699 0.0000000e+0 0.95105652
vn -0.30901699 0.0000000e+0 0.95105652
vn -0.80901699 -1.5998475e-17 0.58778525
vn -0.80901699 -1.5998475e-17 0.58778525
vn -1.00000000 -1.5998475e-17 0.0000000e+0
vn -1.00000000 -1.5998475e-17 0.0000000e+0
vn -0.80901699 0.0000000e+0 -0.58778525
vn -0.80901699 0.0000000e+0 -0.58778525
vn -0.30901699 0.0000000e+0 -0.95105652
vn -0.30901699 0.0000000e+0 -0.95105652
vn 0.30901699 0.0000000e+0 -0.95105652
vn 0.30901699 0.0000000e+0 -0.95105652
vn 0.80901699 0.0000000e+0 -0.58778525
vn 0.80901699 0.0000000e+0 -0.58778525
vn 1.00000000 -1.2798780e-16 2.2179794e-14
vn 1.00000000 -1.2798780e-16 2.2179794e-14
vn 0.80901699 -6.3993899e-17 0.58778525
vn 0.80901699 -6.3993899e-17 0.58778525
vn 0.30901699 0.0000000e+0 0.95105652
vn 0.30901699 0.0000000e+0 0.95105652
vn -0.30901699 0.0000000e+0 0.95105652
vn -0.30901699 0.0000000e+0 0.95105652
vn -0.80901699 -6.3993899e-17 0.58778525
vn -0.80901699 -6.3993899e-17 0.58778525
vn -1.00000000 -1.2798780e-16 2.2179794e-14
vn -1.00000000 -1.2798780e-16 2.2179794e-14
vn -0.80901699 -6.3993899e-17 -0.58778525
vn -0.80901699 -6.3993899e-17 -0.58778525
vn -0.30901699 0.0000000e+0 -0.95105652
vn -0.30901699 0.0000000e+0 -0.95105652
vn 0.30901699 0.0000000e+0 -0.95105652
vn 0.30901699 0.0000000e+0 -0.95105652
vn 0.80901699 -6.3993899e-17 -0.58778525
vn 0.80901699 -6.3993899e-17 -0.58778525
vn 1.00000000 -1.2798780e-16 2.2179794e-14
vn 1.00000000 -1.2798780e-16 2.2179794e-14
vn 0.80901699 -6.3993899e-17 0.58778525
vn 0.80901699 -6.3993899e-17 0.58778525
vn 0.30901699 0.0000000e+0 0.95105652
vn 0.30901699 0.0000000e+0 0.95105652
vn -0.30901699 0.0000000e+0 0.95105652
vn -0.30901699 0.0000000e+0 0.95105652
vn -0.80901699 -6.3993899e-17 0.58778525
vn -0.80901699 -6.3993899e-17 0.58778525
vn -1.00000000 -1.2798780e-16 2.2179794e-14
vn -1.00000000 -1.2798780e-16 2.2179794e-14
vn -0.80901699 -6.3993899e-17 -0.58778525
vn -0.80901699 -6.3993899e-17 -0.58778525
vn -0.30901699 0.0000000e+0 -0.95105652
vn -0.30901699 0.0000000e+0 -0.95105652
vn 0.30901699 0.0000000e+0 -0.95105652
vn 0.30901699 0.0000000e+0 -0.95105652
vn 0.80901699 -6.3993899e-17 -0.58778525
vn 0.80901699 -6.3993899e-17 -0.58778525
vn -1.00000000 -6.3993899e-17 1.1148265e-14
vn -1.00000000 -6.3993899e-17 1.1148265e-14
vn -0.80901699 0.0000000e+0 0.58778525
vn -0.80901699 0.0000000e+0 0.58778525
vn -0.30901699 0.0000000e+0 0.95105652
vn -0.30901699 0.0000000e+0 0.95105652
vn 0.30901699 0.0000000e+0 0.95105652
vn 0.30901699 0.0000000e+0 0.95105652
vn 0.80901699 0.0000000e+0 0.58778525
vn 0.80901699 0.0000000e+0 0.58778525
vn 1.00000000 -6.3993899e-17 1.1148265e-14
vn 1.00000000 -6.3993899e-17 1.1148265e-14
vn 0.80901699 -6.3993899e-17 -0.58778525
vn 0.80901699 -6.3993899e-17 -0.58778525
vn 0.30901699 0.0000000e+0 -0.95105652
vn 0.30901699 0.0000000e+0 -0.95105652
vn -0.30901699 0.0000000e+0 -0.95105652
vn -0.30901699 0.0000000e+0 -0.95105652
vn -0.80901699 -6.3993899e-17 -0.58778525
vn -0.80901699 -6.3993899e-17 -0.58778525
vn -1.00000000 -6.3993899e-17 1.1148265e-14
vn -1.00000000 -6.3993899e-17 1.1148265e-14
vn -0.80901699 0.0000000e+0 0.58778525
vn -0.80901699 0.0000000e+0 0.58778525
vn -0.30901699 0.0000000e+0 0.95105652
vn -0.30901699 0.0000000e+0 0.95105652
vn 0.30901699 0.0000000e+0 0.95105652
vn 0.30901699 0.0000000e+0 0.95105652
vn 0.80901699 0.0000000e+0 0.58778525
vn 0.80901699 0.0000000e+0 0.58778525
vn 1.00000000 -6.3993899e-17 1.1148265e-14
vn 1.00000000 -6.3993899e-17 1.1148265e-14
vn 0.80901699 -6.3993899e-17 -0.58778525
vn 0.80901699 -6.3993899e-17 -0.58778525
vn 0.30901699 0.0000000e+0 -0.95105652
vn 0.30901699 0.0000000e+0 -0.95105652
vn -0.30901699 0.0000000e+0 -0.95105652
vn -0.30901699 0.0000000e+0 -0.95105652
vn -0.80901699 -6.3993899e-17 -0.58778525
vn -0.80901699 -6.3993899e-17 -0.58778525
vn 1.00000000 -6.3993899e-17 1.1119081e-14
vn 1.00000000 -6.3993899e-17 1.1119081e-14
vn 0.80901699 0.0000000e+0 0.58778525
vn 0.80901699 0.0000000e+0 0.58778525
vn 0.30901699 0.0000000e+0 0.95105652
vn 0.30901699 0.0000000e+0 0.95105652
vn -0.30901699 0.0000000e+0 0.95105652
vn -0.30901699 0.0000000e+0 0.95105652
vn -0.80901699 0.0000000e+0 0.58778525
vn -0.80901699 0.0000000e+0 0.58778525
vn -1.00000000 -6.3993899e-17 1.1148265e-14
vn -1.00000000 -6.3993899e-17 1.1148265e-14
vn -0.80901699 -6.3993899e-17 -0.58778525
vn -0.80901699 -6.3993899e-17 -0.58778525
vn -0.30901699 0.0000000e+0 -0.95105652
vn -0.30901699 0.0000000e+0 -0.95105652
vn 0.30901699 0.0000000e+0 -0.95105652
vn 0.30901699 0.0000000e+0 -0.95105652
vn 0.80901699 -6.3993899e-17 -0.58778525
vn 0.80901699 -6.3993899e-17 -0.58778525
vn 1.00000000 -6.3993899e-17 1.1119081e-14
vn 1.00000000 -6.3993899e-17 1.1119081e-14
vn 0.80901699 0.0000000e+0 0.58778525
vn 0.80901699 0.0000000e+0 0.58778525
vn 0.30901699 0.0000000e+0 0.95105652
vn 0.30901699 0.0000000e+0 0.95105652
vn -0.30901699 0.0000000e+0 0.95105652
vn -0.30901699 0.0000000e+0 0.95105652
vn -0.80901699 0.0000000e+0 0.58778525
vn -0.80901699 0.0000000e+0 0.58778525
vn -1.00000000 -6.3993899e-17 1.1148265e-14
vn -1.00000000 -6.3993899e-17 1.1148265e-14
vn -0.80901699 -6.3993899e-17 -0.58778525
vn -0.80901699 -6.3993899e-17 -0.58778525
vn -0.30901699 0.0000000e+0 -0.95105652
vn -0.30901699 0.0000000e+0 -0.95105652
vn 0.30901699 0.0000000e+0 -0.95105652
vn 0.30901699 0.0000000e+0 -0.95105652
vn 0.80901699 -6.3993899e-17 -0.58778525
vn 0.80901699 -6.3993899e-17 -0.58778525
vn 0.0000000e+0 -1.00000000 0.0000000e+0
vn 0.0000000e+0 0.0000000e+0 1.00000000
vn -1.00000000 0.0000000e+0 0.0000000e+0
vn 0.0000000e+0 1.00000000 2.7494586e-16
vn 0.0000000e+0 0.0000000e+0 1.00000000
vn -1.00000000 0.0000000e+0 0.0000000e+0
vn 1.00000000 0.0000000e+0 0.0000000e+0
vn 0.0000000e+0 1.00000000 2.7494586e-16
vn 0.0000000e+0 0.0000000e+0 1.00000000
vn 1.00000000 0.0000000e+0 0.0000000e+0
vn 0.0000000e+0 -1.00000000 0.0000000e+0
vn 0.0000000e+0 0.0000000e+0 1.00000000
vn 0.0000000e+0 -1.00000000 0.0000000e+0
vn -0.16731130 7.5991933e-17 -0.98590412
vn -0.16731130 7.5991933e-17 -0.98590412
vn 0.0000000e+0 -1.00000000 0.0000000e+0
vn 0.16731130 7.5991933e-17 -0.98590412
vn 0.16731130 7.5991933e-17 -0.98590412
vn 0.0000000e+0 1.00000000 2.7494586e-16
vn -0.16930047 1.8294375e-2 -0.98539468
vn -0.16930047 1.8294375e-2 -0.98539468
vn -0.16930047 1.8294375e-2 -0.98539468
vn -0.16930047 1.8294375e-2 -0.98539468
vn 0.0000000e+0 1.00000000 2.7494586e-16
vn 0.16930047 1.8294375e-2 -0.98539468
vn 0.16930047 1.8294375e-2 -0.98539468
vn 0.16930047 1.8294375e-2 -0.98539468
vn 0.16930047 1.8294375e-2 -0.98539468
vn 0.0000000e+0 -1.00000000 0.0000000e+0
vn -0.57857968 7.7974318e-17 -0.81562587
vn -0.57857968 7.7974318e-17 -0.81562587
vn 0.0000000e+0 -1.00000000 0.0000000e+0
vn -0.94391153 0.0000000e+0 -0.33019847
vn -0.94391153 0.0000000e+0 -0.33019847
vn 0.0000000e+0 1.00000000 2.7494586e-16
vn -0.51304400 1.2468804e-2 -0.85827174
vn -0.51304400 1.2468804e-2 -0.85827174
vn -0.51304400 1.2468804e-2 -0.85827174
vn 0.0000000e+0 1.00000000 2.7494586e-16
vn -0.94391153 0.0000000e+0 -0.33019847
vn -0.94391153 0.0000000e+0 -0.33019847
vn 0.0000000e+0 1.00000000 2.7494586e-16
vn 0.51304400 1.2468804e-2 -0.85827174
vn 0.51304400 1.2468804e-2 -0.85827174
vn 0.51304400 1.2468804e-2 -0.85827174
vn 0.94391153 0.0000000e+0 -0.33019847
vn 0.0000000e+0 1.00000000 2.7494586e-16
vn 0.94391153 0.0000000e+0 -0.33019847
vn 0.0000000e+0 -1.00000000 0.0000000e+0
vn 0.57857968 7.7974318e-17 -0.81562587
vn 0.57857968 7.7974318e-17 -0.81562587
vn 0.94391153 0.0000000e+0 -0.33019847
vn 0.0000000e+0 -1.00000000 0.0000000e+0
vn 0.94391153 0.0000000e+0 -0.33019847
vn 0.0000000e+0 -1.00000000 0.0000000e+0
vn 0.0000000e+0 0.0000000e+0 -1.00000000
vn 0.0000000e+0 0.0000000e+0 -1.00000000
vn 0.0000000e+0 1.00000000 2.7494586e-16
vn 1.9275858e-16 1.8124099e-2 -0.99983575
vn 1.9275858e-16 1.8124099e-2 -0.99983575
vn 1.9275858e-16 1.8124099e-2 -0.99983575
vn 1.9275858e-16 1.8124099e-2 -0.99983575
vn 0.30532748 -1.8113916e-2 -0.95207511
vn -4.2953752e-16 1.00000000 0.0000000e+0
vn 0.94401386 0.0000000e+0 0.32990580
vn 0.30532748 -1.8113916e-2 -0.95207511
vn 0.35415514 -1.8113916e-2 -0.93501124
vn -4.2953752e-16 1.00000000 0.0000000e+0
vn -0.94401386 1.5717479e-15 -0.32990580
vn 0.35415514 -1.8113916e-2 -0.93501124
vn 0.35415514 1.8113916e-2 -0.93501124
vn 0.35415514 1.8113916e-2 -0.93501124
vn -0.94401386 1.5717479e-15 -0.32990580
vn 0.0000000e+0 -1.00000000 0.0000000e+0
vn 0.30532748 1.8113916e-2 -0.95207511
vn 0.30532748 1.8113916e-2 -0.95207511
vn 0.0000000e+0 -1.00000000 0.0000000e+0
vn 0.94401386 0.0000000e+0 0.32990580
vn -2.9936845e-2 -1.8115976e-2 -0.99938761
vn 0.0000000e+0 1.00000000 0.0000000e+0
vn 1.00000000 0.0000000e+0 0.0000000e+0
vn -2.9936845e-2 -1.8115976e-2 -0.99938761
vn 2.9936845e-2 -1.8115976e-2 -0.99938761
vn 0.0000000e+0 1.00000000 0.0000000e+0
vn -1.00000000 0.0000000e+0 0.0000000e+0
vn 2.9936845e-2 -1.8115976e-2 -0.99938761
vn 2.9936845e-2 1.8115976e-2 -0.99938761
vn 2.9936845e-2 1.8115976e-2 -0.99938761
vn -1.00000000 0.0000000e+0 0.0000000e+0
vn 0.0000000e+0 -1.00000000 0.0000000e+0
vn -2.9936845e-2 1.8115976e-2 -0.99938761
vn -2.9936845e-2 1.8115976e-2 -0.99938761
vn 0.0000000e+0 -1.00000000 0.0000000e+0
vn 1.00000000 0.0000000e+0 0.0000000e+0
vn -0.35415514 -1.8113916e-2 -0.93501124
vn 0.0000000e+0 1.00000000 0.0000000e+0
vn 0.94401386 0.0000000e+0 -0.32990580
vn -0.35415514 -1.8113916e-2 -0.93501124
vn -0.30532748 -1.8113916e-2 -0.95207511
vn 0.0000000e+0 1.00000000 0.0000000e+0
vn -0.94401386 0.0000000e+0 0.32990580
vn -0.30532748 -1.8113916e-2 -0.95207511
vn -0.30532748 1.8113916e-2 -0.95207511
vn -0.30532748 1.8113916e-2 -0.95207511
vn -0.94401386 0.0000000e+0 0.32990580
vn 0.0000000e+0 -1.00000000 0.0000000e+0
vn -0.35415514 1.8113916e-2 -0.93501124
vn -0.35415514 1.8113916e-2 -0.93501124
vn 0.0000000e+0 -1.00000000 0.0000000e+0
vn 0.94401386 0.0000000e+0 -0.32990580
vn -2.9936845e-2 -1.8115976e-2 -0.99938761
vn 0.0000000e+0 1.00000000 0.0000000e+0
vn 1.00000000 0.0000000e+0 0.0000000e+0
vn -2.9936845e-2 -1.8115976e-2 -0.99938761
vn 2.9936845e-2 -1.8115976e-2 -0.99938761
vn 0.0000000e+0 1.00000000 0.0000000e+0
vn -1.00000000 0.0000000e+0 0.0000000e+0
vn 2.9936845e-2 -1.8115976e-2 -0.99938761
vn 2.9936845e-2 1.8115976e-2 -0.99938761
vn 2.9936845e-2 1.8115976e-2 -0.99938761
vn -1.00000000 0.0000000e+0 0.0000000e+0
vn 0.0000000e+0 -1.00000000 0.0000000e+0
vn -2.9936845e-2 1.8115976e-2 -0.99938761
vn -2.9936845e-2 1.8115976e-2 -0.99938761
vn 0.0000000e+0 -1.00000000 0.0000000e+0
vn 1.00000000 0.0000000e+0 0.0000000e+0
vn 0.32990580 -7.0834724e-16 -0.94401386
vn -4.2953752e-16 1.00000000 0.0000000e+0
vn 0.94401386 0.0000000e+0 0.32990580
vn 0.32990580 -7.0834724e-16 -0.94401386
vn -4.2953752e-16 1.00000000 0.0000000e+0
vn -0.94401386 1.5717479e-15 -0.32990580
vn 0.32990580 -7.0834724e-16 -0.94401386
vn -0.94401386 1.5717479e-15 -0.32990580
vn 0.0000000e+0 -1.00000000 0.0000000e+0
vn 0.32990580 -7.0834724e-16 -0.94401386
vn 0.0000000e+0 -1.00000000 0.0000000e+0
vn 0.94401386 0.0000000e+0 0.32990580
vn 0.0000000e+0 0.0000000e+0 -1.00000000
vn 0.0000000e+0 1.00000000 0.0000000e+0
vn 1.00000000 0.0000000e+0 0.0000000e+0
vn 0.0000000e+0 0.0000000e+0 -1.00000000
vn 0.0000000e+0 1.00000000 0.0000000e+0
vn -1.00000000 0.0000000e+0 0.0000000e+0
vn 0.0000000e+0 0.0000000e+0 -1.00000000
vn -1.00000000 0.0000000e+0 0.0000000e+0
vn 0.0000000e+0 -1.00000000 0.0000000e+0
vn 0.0000000e+0 0.0000000e+0 -1.00000000
vn 0.0000000e+0 -1.00000000 0.0000000e+0
vn 1.00000000 0.0000000e+0 0.0000000e+0
vn -0.32990580 2.3611575e-16 -0.94401386
vn 0.0000000e+0 1.00000000 0.0000000e+0
vn 0.94401386 0.0000000e+0 -0.32990580
vn -0.32990580 2.3611575e-16 -0.94401386
vn 0.0000000e+0 1.00000000 0.0000000e+0
vn -0.94401386 0.0000000e+0 0.32990580
vn -0.32990580 2.3611575e-16 -0.94401386
vn -0.94401386 0.0000000e+0 0.32990580
vn 0.0000000e+0 -1.00000000 0.0000000e+0
vn -0.32990580 2.3611575e-16 -0.94401386
vn 0.0000000e+0 -1.00000000 0.0000000e+0
vn 0.94401386 0.0000000e+0 -0.32990580
vn 0.0000000e+0 0.0000000e+0 -1.00000000
vn 0.0000000e+0 1.00000000 0.0000000e+0
vn 1.00000000 0.0000000e+0 0.0000000e+0
vn 0.0000000e+0 0.0000000e+0 -1.00000000
vn 0.0000000e+0 1.00000000 0.0000000e+0
vn -1.00000000 0.0000000e+0 0.0000000e+0
vn 0.0000000e+0 0.0000000e+0 -1.00000000
vn -1.00000000 0.0000000e+0 0.0000000e+0
vn 0.0000000e+0 -1.00000000 0.0000000e+0
vn 0.0000000e+0 0.0000000e+0 -1.00000000
vn 0.0000000e+0 -1.00000000 0.0000000e+0
vn 1.00000000 0.0000000e+0 0.0000000e+0
vn 6.0891718e-19 -1.1016845e-2 0.99993931
vn -0.85674733 0.51573639 -2.2343515e-16
vn -0.31136899 -0.91777900 0.24643672
vn -0.31136899 -0.91777900 0.24643672
vn 0.0000000e+0 1.00000000 0.0000000e+0
vn 6.0891718e-19 -1.1016845e-2 0.99993931
vn -0.85674733 0.51573639 -2.2343515e-16
vn 0.85674733 0.51573639 2.2343515e-16
vn 0.0000000e+0 1.00000000 0.0000000e+0
vn 6.0891718e-19 -1.1016845e-2 0.99993931
vn 0.85674733 0.51573639 2.2343515e-16
vn 6.0891718e-19 -1.1016845e-2 0.99993931
vn 0.31136899 -0.91777900 0.24643672
vn 0.31136899 -0.91777900 0.24643672
vn -9.9386937e-2 0.65959799 -0.74501861
vn -9.9386937e-2 0.65959799 -0.74501861
vn -8.6383247e-2 -0.73742391 -0.66988350
vn -8.6383247e-2 -0.73742391 -0.66988350
vn 9.9386937e-2 0.65959799 -0.74501861
vn 9.9386937e-2 0.65959799 -0.74501861
vn 8.6383247e-2 -0.73742391 -0.66988350
vn 8.6383247e-2 -0.73742391 -0.66988350
vn -9.9386937e-2 0.65959799 -0.74501861
vn 0.0000000e+0 1.00000000 0.0000000e+0
vn -9.9386937e-2 0.65959799 -0.74501861
vn 0.0000000e+0 1.00000000 0.0000000e+0
vn 9.9386937e-2 0.65959799 -0.74501861
vn 9.9386937e-2 0.65959799 -0.74501861
vn -0.38858842 0.70432841 -0.59407115
vn -0.38858842 0.70432841 -0.59407115
vn -0.36346891 -0.73923910 -0.56693554
vn -0.36346891 -0.73923910 -0.56693554
vn -0.73848864 0.63272099 -0.23302078
vn -0.73848864 0.63272099 -0.23302078
vn -0.57337963 -0.78941893 -0.21921122
vn -0.57337963 -0.78941893 -0.21921122
vn -0.38858842 0.70432841 -0.59407115
vn 0.0000000e+0 1.00000000 0.0000000e+0
vn -0.38858842 0.70432841 -0.59407115
vn 0.0000000e+0 1.00000000 0.0000000e+0
vn -0.73848864 0.63272099 -0.23302078
vn -0.73848864 0.63272099 -0.23302078
vn 0.0000000e+0 1.00000000 0.0000000e+0
vn 0.38858842 0.70432841 -0.59407115
vn 0.38858842 0.70432841 -0.59407115
vn 0.73848864 0.63272099 -0.23302078
vn 0.0000000e+0 1.00000000 0.0000000e+0
vn 0.73848864 0.63272099 -0.23302078
vn 0.38858842 0.70432841 -0.59407115
vn 0.38858842 0.70432841 -0.59407115
vn 0.36346891 -0.73923910 -0.56693554
vn 0.36346891 -0.73923910 -0.56693554
vn 0.73848864 0.63272099 -0.23302078
vn 0.73848864 0.63272099 -0.23302078
vn 0.57337963 -0.78941893 -0.21921122
vn 0.57337963 -0.78941893 -0.21921122
vn 0.0000000e+0 1.1016845e-2 -0.99993931
vn 0.85674733 -0.51573639 8.1875118e-16
vn -0.31136899 -0.91777900 0.24643672
vn -0.31136899 -0.91777900 0.24643672
vn 0.49206890 -0.87055626 1.0236673e-15
vn 0.0000000e+0 1.1016845e-2 -0.99993931
vn 0.49206890 -0.87055626 1.0236673e-15
vn -0.49206890 -0.87055626 2.3992398e-16
vn -0.49206890 -0.87055626 2.3992398e-16
vn 0.0000000e+0 1.1016845e-2 -0.99993931
vn -0.85674733 -0.51573639 -5.4583412e-16
vn 0.0000000e+0 1.1016845e-2 -0.99993931
vn 0.31136899 -0.91777900 0.24643672
vn 0.31136899 -0.91777900 0.24643672
vn 9.9386937e-2 -0.65959799 0.74501861
vn 9.9386937e-2 -0.65959799 0.74501861
vn -8.6383247e-2 -0.73742391 -0.66988350
vn -8.6383247e-2 -0.73742391 -0.66988350
vn -9.9386937e-2 -0.65959799 0.74501861
vn -9.9386937e-2 -0.65959799 0.74501861
vn 8.6383247e-2 -0.73742391 -0.66988350
vn 8.6383247e-2 -0.73742391 -0.66988350
vn 0.38858842 -0.70432841 0.59407115
vn 0.38858842 -0.70432841 0.59407115
vn -0.36346891 -0.73923910 -0.56693554
vn -0.36346891 -0.73923910 -0.56693554
vn 0.73848864 -0.63272099 0.23302078
vn 0.73848864 -0.63272099 0.23302078
vn -0.57337963 -0.78941893 -0.21921122
vn -0.57337963 -0.78941893 -0.21921122
vn -0.38858842 -0.70432841 0.59407115
vn -0.38858842 -0.70432841 0.59407115
vn 0.36346891 -0.73923910 -0.56693554
vn 0.36346891 -0.73923910 -0.56693554
vn -0.73848864 -0.63272099 0.23302078
vn -0.73848864 -0.63272099 0.23302078
vn 0.57337963 -0.78941893 -0.21921122
vn 0.57337963 -0.78941893 -0.21921122
vn 0.0000000e+0 0.70710678 -0.70710678
vn -1.00000000 0.0000000e+0 0.0000000e+0
vn 1.00000000 0.0000000e+0 0.0000000e+0
vn 0.0000000e+0 0.70710678 -0.70710678
vn -1.00000000 0.0000000e+0 0.0000000e+0
vn 0.0000000e+0 0.70710678 -0.70710678
vn -1.00000000 0.0000000e+0 0.0000000e+0
vn 1.00000000 0.0000000e+0 0.0000000e+0
vn 0.0000000e+0 0.70710678 -0.70710678
vn 1.00000000 0.0000000e+0 0.0000000e+0
vn 4.7803796e-2 -9.0400854e-16 0.99885675
vn 4.7803796e-2 -9.0400854e-16 0.99885675
vn 5.7569772e-16 -1.00000000 -2.9340387e-16
vn 5.7569772e-16 -1.00000000 -2.9340387e-16
vn -0.67249599 0.0000000e+0 0.74010077
vn -0.67249599 0.0000000e+0 0.74010077
vn 0.0000000e+0 -1.00000000 0.0000000e+0
vn 0.0000000e+0 -1.00000000 0.0000000e+0
vn -0.99885675 0.0000000e+0 4.7803796e-2
vn -0.99885675 0.0000000e+0 4.7803796e-2
vn 0.0000000e+0 -1.00000000 0.0000000e+0
vn 0.0000000e+0 -1.00000000 0.0000000e+0
vn -0.74010077 -9.0400854e-16 -0.67249599
vn -0.74010077 -9.0400854e-16 -0.67249599
vn -5.7569772e-17 -1.00000000 0.0000000e+0
vn -5.7569772e-17 -1.00000000 0.0000000e+0
vn -4.7803796e-2 -9.0400854e-16 -0.99885675
vn -4.7803796e-2 -9.0400854e-16 -0.99885675
vn 8.6354658e-16 -1.00000000 -4.4317498e-16
vn 8.6354658e-16 -1.00000000 -4.4317498e-16
vn 0.67249599 0.0000000e+0 -0.74010077
vn 0.67249599 0.0000000e+0 -0.74010077
vn 1.3816745e-15 -1.00000000 -3.8548011e-16
vn 1.3816745e-15 -1.00000000 -3.8548011e-16
vn 0.99885675 2.2600214e-16 -4.7803796e-2
vn 0.99885675 2.2600214e-16 -4.7803796e-2
vn 1.2818990e-30 -1.00000000 5.7694868e-17
vn 1.2818990e-30 -1.00000000 5.7694868e-17
vn 0.74010077 -6.7800641e-16 0.67249599
vn 0.74010077 -6.7800641e-16 0.67249599
vn 1.1513954e-16 -1.00000000 -2.9340387e-16
vn 1.1513954e-16 -1.00000000 -2.9340387e-16
vn 0.0000000e+0 -1.00000000 -1.9098964e-16
vn 4.7803796e-2 -9.0400854e-16 0.99885675
vn 4.7803796e-2 -9.0400854e-16 0.99885675
vn 0.0000000e+0 -1.00000000 -1.9098964e-16
vn -0.67249599 0.0000000e+0 0.74010077
vn -0.67249599 0.0000000e+0 0.74010077
vn 0.0000000e+0 -1.00000000 -1.9098964e-16
vn -0.99885675 0.0000000e+0 4.7803796e-2
vn -0.99885675 0.0000000e+0 4.7803796e-2
vn 0.0000000e+0 -1.00000000 -1.9098964e-16
vn -0.74010077 -9.0400854e-16 -0.67249599
vn -0.74010077 -9.0400854e-16 -0.67249599
vn 0.0000000e+0 -1.00000000 -1.9098964e-16
vn -4.7803796e-2 -9.0400854e-16 -0.99885675
vn -4.7803796e-2 -9.0400854e-16 -0.99885675
vn 0.0000000e+0 -1.00000000 -1.9098964e-16
vn 0.67249599 0.0000000e+0 -0.74010077
vn 0.67249599 0.0000000e+0 -0.74010077
vn 0.0000000e+0 -1.00000000 -1.9098964e-16
vn 0.99885675 2.2600214e-16 -4.7803796e-2
vn 0.99885675 2.2600214e-16 -4.7803796e-2
vn 0.0000000e+0 -1.00000000 -1.9098964e-16
vn 0.74010077 -6.7800641e-16 0.67249599
vn 0.74010077 -6.7800641e-16 0.67249599
vn 0.0000000e+0 -1.00000000 0.0000000e+0
vn 0.0000000e+0 -1.00000000 0.0000000e+0
vn -0.67249599 0.0000000e+0 0.74010077
vn -0.67249599 0.0000000e+0 0.74010077
vn 5.7569772e-16 -1.00000000 -2.9340387e-16
vn 5.7569772e-16 -1.00000000 -2.9340387e-16
vn 4.7803796e-2 0.0000000e+0 0.99885675
vn 4.7803796e-2 0.0000000e+0 0.99885675
vn 1.1513954e-16 -1.00000000 -2.9340387e-16
vn 1.1513954e-16 -1.00000000 -2.9340387e-16
vn 0.74010077 0.0000000e+0 0.67249599
vn 0.74010077 0.0000000e+0 0.67249599
vn 1.2818990e-30 -1.00000000 5.7694868e-17
vn 1.2818990e-30 -1.00000000 5.7694868e-17
vn 0.99885675 -3.5596320e-15 -4.7803796e-2
vn 0.99885675 -3.5596320e-15 -4.7803796e-2
vn 1.3816745e-15 -1.00000000 -3.8548011e-16
vn 1.3816745e-15 -1.00000000 -3.8548011e-16
vn 0.67249599 1.0678896e-14 -0.74010077
vn 0.67249599 1.0678896e-14 -0.74010077
vn 8.6354658e-16 -1.00000000 -4.4317498e-16
vn 8.6354658e-16 -1.00000000 -4.4317498e-16
vn -4.7803796e-2 0.0000000e+0 -0.99885675
vn -4.7803796e-2 0.0000000e+0 -0.99885675
vn -5.7569772e-17 -1.00000000 0.0000000e+0
vn -5.7569772e-17 -1.00000000 0.0000000e+0
vn -0.74010077 -1.0678896e-14 -0.67249599
vn -0.74010077 -1.0678896e-14 -0.67249599
vn 0.0000000e+0 -1.00000000 0.0000000e+0
vn 0.0000000e+0 -1.00000000 0.0000000e+0
vn -0.99885675 3.5596320e-15 4.7803796e-2
vn -0.99885675 3.5596320e-15 4.7803796e-2
vn -1.0243923e-15 1.00000000 1.4366784e-16
vn -0.67249599 0.0000000e+0 0.74010077
vn -0.67249599 0.0000000e+0 0.74010077
vn -1.0243923e-15 1.00000000 1.4366784e-16
vn 4.7803796e-2 0.0000000e+0 0.99885675
vn 4.7803796e-2 0.0000000e+0 0.99885675
vn -1.0243923e-15 1.00000000 1.4366784e-16
vn 0.74010077 0.0000000e+0 0.67249599
vn 0.74010077 0.0000000e+0 0.67249599
vn -1.0243923e-15 1.00000000 1.4366784e-16
vn 0.99885675 -3.5596320e-15 -4.7803796e-2
vn 0.99885675 -3.5596320e-15 -4.7803796e-2
vn -1.0243923e-15 1.00000000 1.4366784e-16
vn 0.67249599 1.0678896e-14 -0.74010077
vn 0.67249599 1.0678896e-14 -0.74010077
vn -1.0243923e-15 1.00000000 1.4366784e-16
vn -4.7803796e-2 0.0000000e+0 -0.99885675
vn -4.7803796e-2 0.0000000e+0 -0.99885675
vn -1.0243923e-15 1.00000000 1.4366784e-16
vn -0.74010077 -1.0678896e-14 -0.67249599
vn -0.74010077 -1.0678896e-14 -0.67249599
vn -1.0243923e-15 1.00000000 1.4366784e-16
vn -0.99885675 3.5596320e-15 4.7803796e-2
vn -0.99885675 3.5596320e-15 4.7803796e-2
vn -0.97763666 -1.1300107e-16 0.21030113
vn -0.97763666 -1.1300107e-16 0.21030113
vn 0.0000000e+0 -1.00000000 0.0000000e+0
vn 0.0000000e+0 -1.00000000 0.0000000e+0
vn -0.83999887 -1.0170096e-15 -0.54258815
vn -0.83999887 -1.0170096e-15 -0.54258815
vn -5.7569772e-17 -1.00000000 0.0000000e+0
vn -5.7569772e-17 -1.00000000 0.0000000e+0
vn -0.21030113 1.2594389e-29 -0.97763666
vn -0.21030113 1.2594389e-29 -0.97763666
vn -5.7569772e-17 -1.00000000 0.0000000e+0
vn -5.7569772e-17 -1.00000000 0.0000000e+0
vn 0.54258815 9.0400854e-16 -0.83999887
vn 0.54258815 9.0400854e-16 -0.83999887
vn 0.0000000e+0 -1.00000000 0.0000000e+0
vn 0.0000000e+0 -1.00000000 0.0000000e+0
vn 0.97763666 1.1300107e-16 -0.21030113
vn 0.97763666 1.1300107e-16 -0.21030113
vn -4.6055817e-16 -1.00000000 0.0000000e+0
vn -4.6055817e-16 -1.00000000 0.0000000e+0
vn 0.83999887 1.1300107e-16 0.54258815
vn 0.83999887 1.1300107e-16 0.54258815
vn -2.3027909e-16 -1.00000000 0.0000000e+0
vn -2.3027909e-16 -1.00000000 0.0000000e+0
vn 0.21030113 -9.0400854e-16 0.97763666
vn 0.21030113 -9.0400854e-16 0.97763666
vn 2.3027909e-16 -1.00000000 0.0000000e+0
vn 2.3027909e-16 -1.00000000 0.0000000e+0
vn -0.54258815 -9.0400854e-16 0.83999887
vn -0.54258815 -9.0400854e-16 0.83999887
vn 0.0000000e+0 -1.00000000 0.0000000e+0
vn 0.0000000e+0 -1.00000000 0.0000000e+0
vn 0.0000000e+0 -1.00000000 -1.9098964e-16
vn -0.97763666 -1.1300107e-16 0.21030113
vn -0.97763666 -1.1300107e-16 0.21030113
vn 0.0000000e+0 -1.00000000 -1.9098964e-16
vn -0.83999887 -1.0170096e-15 -0.54258815
vn -0.83999887 -1.0170096e-15 -0.54258815
vn 0.0000000e+0 -1.00000000 -1.9098964e-16
vn -0.21030113 1.2594389e-29 -0.97763666
vn -0.21030113 1.2594389e-29 -0.97763666
vn 0.0000000e+0 -1.00000000 -1.9098964e-16
vn 0.54258815 9.0400854e-16 -0.83999887
vn 0.54258815 9.0400854e-16 -0.83999887
vn 0.0000000e+0 -1.00000000 -1.9098964e-16
vn 0.97763666 1.1300107e-16 -0.21030113
vn 0.97763666 1.1300107e-16 -0.21030113
vn 0.0000000e+0 -1.00000000 -1.9098964e-16
vn 0.83999887 1.1300107e-16 0.54258815
vn 0.83999887 1.1300107e-16 0.54258815
vn 0.0000000e+0 -1.00000000 -1.9098964e-16
vn 0.21030113 -9.0400854e-16 0.97763666
vn 0.21030113 -9.0400854e-16 0.97763666
vn 0.0000000e+0 -1.00000000 -1.9098964e-16
vn -0.54258815 -9.0400854e-16 0.83999887
vn -0.54258815 -9.0400854e-16 0.83999887
vn -5.7569772e-17 -1.00000000 0.0000000e+0
vn -5.7569772e-17 -1.00000000 0.0000000e+0
vn -0.83999887 0.0000000e+0 -0.54258815
vn -0.83999887 0.0000000e+0 -0.54258815
vn 0.0000000e+0 -1.00000000 0.0000000e+0
vn 0.0000000e+0 -1.00000000 0.0000000e+0
vn -0.97763666 -7.1192640e-15 0.21030113
vn -0.97763666 -7.1192640e-15 0.21030113
vn 0.0000000e+0 -1.00000000 0.0000000e+0
vn 0.0000000e+0 -1.00000000 0.0000000e+0
vn -0.54258815 -7.1192640e-15 0.83999887
vn -0.54258815 -7.1192640e-15 0.83999887
vn 2.3027909e-16 -1.00000000 0.0000000e+0
vn 2.3027909e-16 -1.00000000 0.0000000e+0
vn 0.21030113 -7.1192640e-15 0.97763666
vn 0.21030113 -7.1192640e-15 0.97763666
vn -2.3027909e-16 -1.00000000 0.0000000e+0
vn -2.3027909e-16 -1.00000000 0.0000000e+0
vn 0.83999887 -7.1192640e-15 0.54258815
vn 0.83999887 -7.1192640e-15 0.54258815
vn -4.6055817e-16 -1.00000000 0.0000000e+0
vn -4.6055817e-16 -1.00000000 0.0000000e+0
vn 0.97763666 -7.1192640e-15 -0.21030113
vn 0.97763666 -7.1192640e-15 -0.21030113
vn 0.0000000e+0 -1.00000000 0.0000000e+0
vn 0.0000000e+0 -1.00000000 0.0000000e+0
vn 0.54258815 7.1192640e-15 -0.83999887
vn 0.54258815 7.1192640e-15 -0.83999887
vn -5.7569772e-17 -1.00000000 0.0000000e+0
vn -5.7569772e-17 -1.00000000 0.0000000e+0
vn -0.21030113 1.4238528e-14 -0.97763666
vn -0.21030113 1.4238528e-14 -0.97763666
vn 0.0000000e+0 1.00000000 3.5916961e-17
vn -0.83999887 0.0000000e+0 -0.54258815
vn -0.83999887 0.0000000e+0 -0.54258815
vn 0.0000000e+0 1.00000000 3.5916961e-17
vn -0.97763666 -7.1192640e-15 0.21030113
vn -0.97763666 -7.1192640e-15 0.21030113
vn 0.0000000e+0 1.00000000 3.5916961e-17
vn -0.54258815 -7.1192640e-15 0.83999887
vn -0.54258815 -7.1192640e-15 0.83999887
vn 0.0000000e+0 1.00000000 3.5916961e-17
vn 0.21030113 -7.1192640e-15 0.97763666
vn 0.21030113 -7.1192640e-15 0.97763666
vn 0.0000000e+0 1.00000000 3.5916961e-17
vn 0.83999887 -7.1192640e-15 0.54258815
vn 0.83999887 -7.1192640e-15 0.54258815
vn 0.0000000e+0 1.00000000 3.5916961e-17
vn 0.97763666 -7.1192640e-15 -0.21030113
vn 0.97763666 -7.1192640e-15 -0.21030113
vn 0.0000000e+0 1.00000000 3.5916961e-17
vn 0.54258815 7.1192640e-15 -0.83999887
vn 0.54258815 7.1192640e-15 -0.83999887
vn 0.0000000e+0 1.00000000 3.5916961e-17
vn -0.21030113 1.4238528e-14 -0.97763666
vn -0.21030113 1.4238528e-14 -0.97763666
vn -0.76394969 -0.11621196 0.63472486
vn -0.76394969 -0.11621196 0.63472486
vn 0.18854606 -0.98092292 4.7335036e-2
vn 0.18854606 -0.98092292 4.7335036e-2
vn -0.97656040 -0.19236728 -9.6564060e-2
vn -0.97656040 -0.19236728 -9.6564060e-2
vn 0.18854606 -0.98092292 4.7335036e-2
vn 0.18854606 -0.98092292 4.7335036e-2
vn -0.61711527 -0.15583646 -0.77128707
vn -0.61711527 -0.15583646 -0.77128707
vn 0.18854606 -0.98092292 4.7335036e-2
vn 0.18854606 -0.98092292 4.7335036e-2
vn 0.10382761 -2.8018749e-2 -0.99420057
vn 0.10382761 -2.8018749e-2 -0.99420057
vn 0.18854606 -0.98092292 4.7335036e-2
vn 0.18854606 -0.98092292 4.7335036e-2
vn 0.76394969 0.11621196 -0.63472486
vn 0.76394969 0.11621196 -0.63472486
vn 0.18854606 -0.98092292 4.7335036e-2
vn 0.18854606 -0.98092292 4.7335036e-2
vn 0.97656040 0.19236728 9.6564060e-2
vn 0.97656040 0.19236728 9.6564060e-2
vn 0.18854606 -0.98092292 4.7335036e-2
vn 0.18854606 -0.98092292 4.7335036e-2
vn 0.61711527 0.15583646 0.77128707
vn 0.61711527 0.15583646 0.77128707
vn 0.18854606 -0.98092292 4.7335036e-2
vn 0.18854606 -0.98092292 4.7335036e-2
vn -0.10382761 2.8018749e-2 0.99420057
vn -0.10382761 2.8018749e-2 0.99420057
vn 0.18854606 -0.98092292 4.7335036e-2
vn 0.18854606 -0.98092292 4.7335036e-2
vn 0.18854606 -0.98092292 4.7335036e-2
vn -0.76394969 -0.11621196 0.63472486
vn -0.76394969 -0.11621196 0.63472486
vn 0.18854606 -0.98092292 4.7335036e-2
vn -0.97656040 -0.19236728 -9.6564060e-2
vn -0.97656040 -0.19236728 -9.6564060e-2
vn 0.18854606 -0.98092292 4.7335036e-2
vn -0.61711527 -0.15583646 -0.77128707
vn -0.61711527 -0.15583646 -0.77128707
vn 0.18854606 -0.98092292 4.7335036e-2
vn 0.10382761 -2.8018749e-2 -0.99420057
vn 0.10382761 -2.8018749e-2 -0.99420057
vn 0.18854606 -0.98092292 4.7335036e-2
vn 0.76394969 0.11621196 -0.63472486
vn 0.76394969 0.11621196 -0.63472486
vn 0.18854606 -0.98092292 4.7335036e-2
vn 0.97656040 0.19236728 9.6564060e-2
vn 0.97656040 0.19236728 9.6564060e-2
vn 0.18854606 -0.98092292 4.7335036e-2
vn 0.61711527 0.15583646 0.77128707
vn 0.61711527 0.15583646 0.77128707
vn 0.18854606 -0.98092292 4.7335036e-2
vn -0.10382761 2.8018749e-2 0.99420057
vn -0.10382761 2.8018749e-2 0.99420057
vn 0.18854606 -0.98092292 4.7335036e-2
vn 0.18854606 -0.98092292 4.7335036e-2
vn -0.97656040 -0.19236728 -9.6564060e-2
vn -0.97656040 -0.19236728 -9.6564060e-2
vn 0.18854606 -0.98092292 4.7335036e-2
vn 0.18854606 -0.98092292 4.7335036e-2
vn -0.76394969 -0.11621196 0.63472486
vn -0.76394969 -0.11621196 0.63472486
vn 0.18854606 -0.98092292 4.7335036e-2
vn 0.18854606 -0.98092292 4.7335036e-2
vn -0.10382761 2.8018749e-2 0.99420057
vn -0.10382761 2.8018749e-2 0.99420057
vn 0.18854606 -0.98092292 4.7335036e-2
vn 0.18854606 -0.98092292 4.7335036e-2
vn 0.61711527 0.15583646 0.77128707
vn 0.61711527 0.15583646 0.77128707
vn 0.18854606 -0.98092292 4.7335036e-2
vn 0.18854606 -0.98092292 4.7335036e-2
vn 0.97656040 0.19236728 9.6564060e-2
vn 0.97656040 0.19236728 9.6564060e-2
vn 0.18854606 -0.98092292 4.7335036e-2
vn 0.18854606 -0.98092292 4.7335036e-2
vn 0.76394969 0.11621196 -0.63472486
vn 0.76394969 0.11621196 -0.63472486
vn 0.18854606 -0.98092292 4.7335036e-2
vn 0.18854606 -0.98092292 4.7335036e-2
vn 0.10382761 -2.8018749e-2 -0.99420057
vn 0.10382761 -2.8018749e-2 -0.99420057
vn 0.18854606 -0.98092292 4.7335036e-2
vn 0.18854606 -0.98092292 4.7335036e-2
vn -0.61711527 -0.15583646 -0.77128707
vn -0.61711527 -0.15583646 -0.77128707
vn -0.18854606 0.98092292 -4.7335036e-2
vn -0.97656040 -0.19236728 -9.6564060e-2
vn -0.97656040 -0.19236728 -9.6564060e-2
vn -0.18854606 0.98092292 -4.7335036e-2
vn -0.76394969 -0.11621196 0.63472486
vn -0.76394969 -0.11621196 0.63472486
vn -0.18854606 0.98092292 -4.7335036e-2
vn -0.10382761 2.8018749e-2 0.99420057
vn -0.10382761 2.8018749e-2 0.99420057
vn -0.18854606 0.98092292 -4.7335036e-2
vn 0.61711527 0.15583646 0.77128707
vn 0.61711527 0.15583646 0.77128707
vn -0.18854606 0.98092292 -4.7335036e-2
vn 0.97656040 0.19236728 9.6564060e-2
vn 0.97656040 0.19236728 9.6564060e-2
vn -0.18854606 0.98092292 -4.7335036e-2
vn 0.76394969 0.11621196 -0.63472486
vn 0.76394969 0.11621196 -0.63472486
vn -0.18854606 0.98092292 -4.7335036e-2
vn 0.10382761 -2.8018749e-2 -0.99420057
vn 0.10382761 -2.8018749e-2 -0.99420057
vn -0.18854606 0.98092292 -4.7335036e-2
vn -0.61711527 -0.15583646 -0.77128707
vn -0.61711527 -0.15583646 -0.77128707
vn -0.95202263 -4.5200427e-16 0.30602764
vn -0.95202263 -4.5200427e-16 0.30602764
vn 0.0000000e+0 -1.00000000 0.0000000e+0
vn 0.0000000e+0 -1.00000000 0.0000000e+0
vn -0.88957588 0.0000000e+0 -0.45678743
vn -0.88957588 0.0000000e+0 -0.45678743
vn 1.1513954e-16 -1.00000000 0.0000000e+0
vn 1.1513954e-16 -1.00000000 0.0000000e+0
vn -0.30602764 9.0400854e-16 -0.95202263
vn -0.30602764 9.0400854e-16 -0.95202263
vn 1.1513954e-16 -1.00000000 0.0000000e+0
vn 1.1513954e-16 -1.00000000 0.0000000e+0
vn 0.45678743 9.0400854e-16 -0.88957588
vn 0.45678743 9.0400854e-16 -0.88957588
vn 0.0000000e+0 -1.00000000 0.0000000e+0
vn 0.0000000e+0 -1.00000000 0.0000000e+0
vn 0.95202263 -5.6500534e-17 -0.30602764
vn 0.95202263 -5.6500534e-17 -0.30602764
vn 0.0000000e+0 -1.00000000 0.0000000e+0
vn 0.0000000e+0 -1.00000000 0.0000000e+0
vn 0.88957588 -5.6500534e-17 0.45678743
vn 0.88957588 -5.6500534e-17 0.45678743
vn 0.0000000e+0 -1.00000000 0.0000000e+0
vn 0.0000000e+0 -1.00000000 0.0000000e+0
vn 0.30602764 0.0000000e+0 0.95202263
vn 0.30602764 0.0000000e+0 0.95202263
vn 0.0000000e+0 -1.00000000 0.0000000e+0
vn 0.0000000e+0 -1.00000000 0.0000000e+0
vn -0.45678743 -4.5200427e-16 0.88957588
vn -0.45678743 -4.5200427e-16 0.88957588
vn 0.0000000e+0 -1.00000000 0.0000000e+0
vn 0.0000000e+0 -1.00000000 0.0000000e+0
vn 0.0000000e+0 -1.00000000 -4.0585298e-16
vn -0.95202263 -4.5200427e-16 0.30602764
vn -0.95202263 -4.5200427e-16 0.30602764
vn 0.0000000e+0 -1.00000000 -4.0585298e-16
vn -0.88957588 0.0000000e+0 -0.45678743
vn -0.88957588 0.0000000e+0 -0.45678743
vn 0.0000000e+0 -1.00000000 -4.0585298e-16
vn -0.30602764 9.0400854e-16 -0.95202263
vn -0.30602764 9.0400854e-16 -0.95202263
vn 0.0000000e+0 -1.00000000 -4.0585298e-16
vn 0.45678743 9.0400854e-16 -0.88957588
vn 0.45678743 9.0400854e-16 -0.88957588
vn 0.0000000e+0 -1.00000000 -4.0585298e-16
vn 0.95202263 -5.6500534e-17 -0.30602764
vn 0.95202263 -5.6500534e-17 -0.30602764
vn 0.0000000e+0 -1.00000000 -4.0585298e-16
vn 0.88957588 -5.6500534e-17 0.45678743
vn 0.88957588 -5.6500534e-17 0.45678743
vn 0.0000000e+0 -1.00000000 -4.0585298e-16
vn 0.30602764 0.0000000e+0 0.95202263
vn 0.30602764 0.0000000e+0 0.95202263
vn 0.0000000e+0 -1.00000000 -4.0585298e-16
vn -0.45678743 -4.5200427e-16 0.88957588
vn -0.45678743 -4.5200427e-16 0.88957588
vn 1.1513954e-16 -1.00000000 0.0000000e+0
vn 1.1513954e-16 -1.00000000 0.0000000e+0
vn -0.88957588 -8.8990800e-16 -0.45678743
vn -0.88957588 -8.8990800e-16 -0.45678743
vn 0.0000000e+0 -1.00000000 0.0000000e+0
vn 0.0000000e+0 -1.00000000 0.0000000e+0
vn -0.95202263 -8.8990800e-16 0.30602764
vn -0.95202263 -8.8990800e-16 0.30602764
vn 0.0000000e+0 -1.00000000 0.0000000e+0
vn 0.0000000e+0 -1.00000000 0.0000000e+0
vn -0.45678743 -7.1192640e-15 0.88957588
vn -0.45678743 -7.1192640e-15 0.88957588
vn 0.0000000e+0 -1.00000000 0.0000000e+0
vn 0.0000000e+0 -1.00000000 0.0000000e+0
vn 0.30602764 -1.4238528e-14 0.95202263
vn 0.30602764 -1.4238528e-14 0.95202263
vn 0.0000000e+0 -1.00000000 0.0000000e+0
vn 0.0000000e+0 -1.00000000 0.0000000e+0
vn 0.88957588 -6.2293560e-15 0.45678743
vn 0.88957588 -6.2293560e-15 0.45678743
vn 0.0000000e+0 -1.00000000 0.0000000e+0
vn 0.0000000e+0 -1.00000000 0.0000000e+0
vn 0.95202263 -6.2293560e-15 -0.30602764
vn 0.95202263 -6.2293560e-15 -0.30602764
vn 0.0000000e+0 -1.00000000 0.0000000e+0
vn 0.0000000e+0 -1.00000000 0.0000000e+0
vn 0.45678743 -7.1192640e-15 -0.88957588
vn 0.45678743 -7.1192640e-15 -0.88957588
vn 1.1513954e-16 -1.00000000 0.0000000e+0
vn 1.1513954e-16 -1.00000000 0.0000000e+0
vn -0.30602764 0.0000000e+0 -0.95202263
vn -0.30602764 0.0000000e+0 -0.95202263
vn 0.0000000e+0 1.00000000 -1.2570936e-16
vn -0.88957588 -8.8990800e-16 -0.45678743
vn -0.88957588 -8.8990800e-16 -0.45678743
vn 0.0000000e+0 1.00000000 -1.2570936e-16
vn -0.95202263 -8.8990800e-16 0.30602764
vn -0.95202263 -8.8990800e-16 0.30602764
vn 0.0000000e+0 1.00000000 -1.2570936e-16
vn -0.45678743 -7.1192640e-15 0.88957588
vn -0.45678743 -7.1192640e-15 0.88957588
vn 0.0000000e+0 1.00000000 -1.2570936e-16
vn 0.30602764 -1.4238528e-14 0.95202263
vn 0.30602764 -1.4238528e-14 0.95202263
vn 0.0000000e+0 1.00000000 -1.2570936e-16
vn 0.88957588 -6.2293560e-15 0.45678743
vn 0.88957588 -6.2293560e-15 0.45678743
vn 0.0000000e+0 1.00000000 -1.2570936e-16
vn 0.95202263 -6.2293560e-15 -0.30602764
vn 0.95202263 -6.2293560e-15 -0.30602764
vn 0.0000000e+0 1.00000000 -1.2570936e-16
vn 0.45678743 -7.1192640e-15 -0.88957588
vn 0.45678743 -7.1192640e-15 -0.88957588
vn 0.0000000e+0 1.00000000 -1.2570936e-16
vn -0.30602764 0.0000000e+0 -0.95202263
vn -0.30602764 0.0000000e+0 -0.95202263
vn 0.0000000e+0 1.00000000 -2.3578938e-15
vn 1.00000000 5.0030677e-31 -1.8325875e-15
vn 1.00000000 5.0030677e-31 -1.8325875e-15
vn 0.0000000e+0 1.00000000 -2.3578938e-15
vn 0.70710678 5.7692769e-17 0.70710678
vn 0.70710678 5.7692769e-17 0.70710678
vn 0.0000000e+0 1.00000000 -2.3578938e-15
vn 0.0000000e+0 1.1538554e-16 1.00000000
vn 0.0000000e+0 1.1538554e-16 1.00000000
vn 0.0000000e+0 1.00000000 -2.3578938e-15
vn -0.70710678 0.0000000e+0 0.70710678
vn -0.70710678 0.0000000e+0 0.70710678
vn 0.0000000e+0 1.00000000 -2.3578938e-15
vn -1.00000000 5.7692769e-17 -1.8325875e-15
vn -1.00000000 5.7692769e-17 -1.8325875e-15
vn 0.0000000e+0 1.00000000 -2.3578938e-15
vn -0.70710678 5.7692769e-17 -0.70710678
vn -0.70710678 5.7692769e-17 -0.70710678
vn 0.0000000e+0 1.00000000 -2.3578938e-15
vn 0.0000000e+0 0.0000000e+0 -1.00000000
vn 0.0000000e+0 0.0000000e+0 -1.00000000
vn 0.0000000e+0 1.00000000 -2.3578938e-15
vn 0.70710678 5.7692769e-17 -0.70710678
vn 0.70710678 5.7692769e-17 -0.70710678
vn 0.0000000e+0 -1.00000000 -2.3578938e-15
vn 1.00000000 5.0030677e-31 -1.8325875e-15
vn 1.00000000 5.0030677e-31 -1.8325875e-15
vn 0.0000000e+0 -1.00000000 -2.3578938e-15
vn 0.70710678 5.7692769e-17 0.70710678
vn 0.70710678 5.7692769e-17 0.70710678
vn 0.0000000e+0 -1.00000000 -2.3578938e-15
vn 0.0000000e+0 1.1538554e-16 1.00000000
vn 0.0000000e+0 1.1538554e-16 1.00000000
vn 0.0000000e+0 -1.00000000 -2.3578938e-15
vn -0.70710678 0.0000000e+0 0.70710678
vn -0.70710678 0.0000000e+0 0.70710678
vn 0.0000000e+0 -1.00000000 -2.3578938e-15
vn -1.00000000 5.7692769e-17 -1.8325875e-15
vn -1.00000000 5.7692769e-17 -1.8325875e-15
vn 0.0000000e+0 -1.00000000 -2.3578938e-15
vn -0.70710678 5.7692769e-17 -0.70710678
vn -0.70710678 5.7692769e-17 -0.70710678
vn 0.0000000e+0 -1.00000000 -2.3578938e-15
vn 0.0000000e+0 0.0000000e+0 -1.00000000
vn 0.0000000e+0 0.0000000e+0 -1.00000000
vn 0.0000000e+0 -1.00000000 -2.3578938e-15
vn 0.70710678 5.7692769e-17 -0.70710678
vn 0.70710678 5.7692769e-17 -0.70710678
vn -3.7933225e-5 -0.99065824 -0.13636803
vn -3.7933225e-5 -0.99065824 -0.13636803
vn -3.7933225e-5 -0.99065824 -0.13636803
vn -3.7933225e-5 -0.99065824 -0.13636803
vn -3.7933225e-5 -0.99065824 -0.13636803
vn -0.83040315 -0.20817067 -0.51681291
vn 0.82977043 -0.20699961 -0.51829740
vn 0.82977043 -0.20699961 -0.51829740
vn -0.83040315 -0.20817067 -0.51681291
vn -0.83119690 -0.50648121 -0.22932182
vn -0.83119690 -0.50648121 -0.22932182
vn -0.83119690 -0.50648121 -0.22932182
vn -1.00000000 0.0000000e+0 0.0000000e+0
vn 0.0000000e+0 0.79414432 -0.60772922
vn 0.0000000e+0 0.0000000e+0 1.00000000
vn 0.83083600 -0.50667018 -0.23021051
vn 0.83083600 -0.50667018 -0.23021051
vn 0.83083600 -0.50667018 -0.23021051
vn 0.0000000e+0 0.79414432 -0.60772922
vn 1.00000000 0.0000000e+0 0.0000000e+0
vn 0.0000000e+0 0.0000000e+0 1.00000000
vn -0.91511156 -0.29197566 -0.27806664
vn -0.96790831 0.19329467 -0.16059478
vn 0.0000000e+0 0.0000000e+0 1.00000000
vn 0.91456581 -0.29255609 -0.27924956
vn 0.96753691 0.19437458 -0.16152662
vn 0.0000000e+0 0.0000000e+0 1.00000000
vn -0.96058848 -0.27785669 -8.0886140e-3
vn -0.96058848 -0.27785669 -8.0886140e-3
vn 6.0990398e-16 0.0000000e+0 -1.00000000
vn 0.0000000e+0 0.79968942 0.60041388
vn -1.00000000 0.0000000e+0 0.0000000e+0
vn 0.96062993 -0.27771323 -8.0935414e-3
vn 0.96062993 -0.27771323 -8.0935414e-3
vn 0.0000000e+0 0.0000000e+0 -1.00000000
vn 1.00000000 0.0000000e+0 0.0000000e+0
vn 0.0000000e+0 0.79968942 0.60041388
vn -0.99697356 -7.7682574e-2 3.0215318e-3
vn 6.0990398e-16 0.0000000e+0 -1.00000000
vn -1.00000000 0.0000000e+0 0.0000000e+0
vn 0.0000000e+0 0.72924521 -0.68425245
vn 0.99698054 -7.7593182e-2 3.0180548e-3
vn 0.0000000e+0 0.0000000e+0 -1.00000000
vn 0.0000000e+0 0.72924521 -0.68425245
vn 1.00000000 0.0000000e+0 0.0000000e+0
vn 0.99429617 -9.9876062e-2 3.7415292e-2
vn 0.99429617 -9.9876062e-2 3.7415292e-2
vn 1.1960950e-17 0.0000000e+0 -1.00000000
vn 1.00000000 0.0000000e+0 0.0000000e+0
vn 0.0000000e+0 0.72924521 0.68425245
vn -0.99428643 -9.9967576e-2 3.7429773e-2
vn -0.99428643 -9.9967576e-2 3.7429773e-2
vn 1.1960950e-17 0.0000000e+0 -1.00000000
vn 0.0000000e+0 0.72924521 0.68425245
vn -1.00000000 0.0000000e+0 0.0000000e+0
vn -0.99455201 3.8154519e-2 9.7007853e-2
vn 1.1960950e-17 0.0000000e+0 -1.00000000
vn 0.0000000e+0 1.00000000 0.0000000e+0
vn 0.0000000e+0 1.00000000 0.0000000e+0
vn 0.99455201 3.8154519e-2 9.7007853e-2
vn 1.1960950e-17 0.0000000e+0 -1.00000000
vn 0.0000000e+0 1.00000000 0.0000000e+0
vn 0.0000000e+0 1.00000000 0.0000000e+0
vn 0.67213132 0.19570174 0.71410106
vn 0.67213132 0.19570174 0.71410106
vn -1.5411857e-15 1.00000000 0.0000000e+0
vn -1.5411857e-15 1.00000000 0.0000000e+0
vn -0.67213132 0.19570174 0.71410106
vn -0.67213132 0.19570174 0.71410106
vn -2.6560286e-16 1.00000000 0.0000000e+0
vn -2.6560286e-16 1.00000000 0.0000000e+0
vn -0.69141086 -0.58587595 -0.42272968
vn 0.69108682 -0.58519532 -0.42419976
vn -0.69141086 -0.58587595 -0.42272968
vn 0.69108682 -0.58519532 -0.42419976
vn -0.81186241 -0.33912262 -0.47526338
vn -0.81186241 -0.33912262 -0.47526338
vn 0.81153059 -0.33751960 -0.47696816
vn 0.81153059 -0.33751960 -0.47696816
vn -0.87967340 -0.47496705 -2.4104115e-2
vn -0.87967340 -0.47496705 -2.4104115e-2
vn -1.00000000 0.0000000e+0 0.0000000e+0
vn -1.00000000 0.0000000e+0 0.0000000e+0
vn 0.87963691 -0.47503241 -2.4147733e-2
vn 0.87963691 -0.47503241 -2.4147733e-2
vn 1.00000000 0.0000000e+0 0.0000000e+0
vn 1.00000000 0.0000000e+0 0.0000000e+0
vn -0.99053647 -0.13720515 3.5002862e-3
vn -0.99053647 -0.13720515 3.5002862e-3
vn 6.0990398e-16 0.0000000e+0 -1.00000000
vn 0.99055082 -0.13710172 3.4926223e-3
vn 0.99055082 -0.13710172 3.4926223e-3
vn 0.0000000e+0 0.0000000e+0 -1.00000000
vn -0.99210639 -0.12525613 5.9836549e-3
vn -0.99210639 -0.12525613 5.9836549e-3
vn -1.00000000 0.0000000e+0 0.0000000e+0
vn -1.00000000 0.0000000e+0 0.0000000e+0
vn 0.99212363 -0.12511967 5.9802154e-3
vn 0.99212363 -0.12511967 5.9802154e-3
vn 1.00000000 0.0000000e+0 0.0000000e+0
vn 1.00000000 0.0000000e+0 0.0000000e+0
vn -0.99782110 2.7446944e-2 5.9997662e-2
vn -0.99782110 2.7446944e-2 5.9997662e-2
vn 1.1960950e-17 0.0000000e+0 -1.00000000
vn 0.95809845 0.13995431 0.24992030
vn 0.95809845 0.13995431 0.24992030
vn -9.1256305e-17 1.00000000 0.0000000e+0
vn -9.1256305e-17 1.00000000 0.0000000e+0
vn 0.99782111 2.7449180e-2 5.9996390e-2
vn 0.99782111 2.7449180e-2 5.9996390e-2
vn 1.1960950e-17 0.0000000e+0 -1.00000000
vn -1.4075516e-17 0.16136494 0.98689480
vn -1.4075516e-17 0.16136494 0.98689480
vn -6.6171260e-17 1.00000000 0.0000000e+0
vn -6.6171260e-17 1.00000000 0.0000000e+0
vn -0.95809845 0.13995431 0.24992030
vn -0.95809845 0.13995431 0.24992030
vn -7.8962456e-16 1.00000000 0.0000000e+0
vn -7.8962456e-16 1.00000000 0.0000000e+0
vn 0.49777826 -0.82369916 -0.27154465
vn 0.49777826 -0.82369916 -0.27154465
vn -0.49818149 -0.82372386 -0.27072903
vn -0.49818149 -0.82372386 -0.27072903
vn -0.83352354 -0.26632018 -0.48405792
vn -0.83352354 -0.26632018 -0.48405792
vn 0.83312482 -0.26445359 -0.48576469
vn 0.83312482 -0.26445359 -0.48576469
vn -0.78252226 -0.62012023 -5.5765702e-2
vn -0.78252226 -0.62012023 -5.5765702e-2
vn -1.00000000 0.0000000e+0 0.0000000e+0
vn -1.00000000 0.0000000e+0 0.0000000e+0
vn 0.78225554 -0.62044352 -5.5911594e-2
vn 0.78225554 -0.62044352 -5.5911594e-2
vn 1.00000000 0.0000000e+0 0.0000000e+0
vn 1.00000000 0.0000000e+0 0.0000000e+0
vn -0.97839326 -0.20675020 -9.8921287e-4
vn -0.97839326 -0.20675020 -9.8921287e-4
vn 6.0990398e-16 0.0000000e+0 -1.00000000
vn 0.97841997 -0.20662372 -9.9747866e-4
vn 0.97841997 -0.20662372 -9.9747866e-4
vn 0.0000000e+0 0.0000000e+0 -1.00000000
vn -0.99545288 -9.5202538e-2 3.1698040e-3
vn -0.99545288 -9.5202538e-2 3.1698040e-3
vn -1.00000000 0.0000000e+0 0.0000000e+0
vn -1.00000000 0.0000000e+0 0.0000000e+0
vn 0.98491047 -0.17157493 2.2658433e-2
vn 0.98491047 -0.17157493 2.2658433e-2
vn 1.00000000 0.0000000e+0 0.0000000e+0
vn 1.00000000 0.0000000e+0 0.0000000e+0
vn -0.99893940 1.4697004e-2 4.3635665e-2
vn -0.99893940 1.4697004e-2 4.3635665e-2
vn 1.1960950e-17 0.0000000e+0 -1.00000000
vn 0.87964147 0.18475299 0.43828896
vn 0.87964147 0.18475299 0.43828896
vn -1.8908608e-15 1.00000000 0.0000000e+0
vn -1.8908608e-15 1.00000000 0.0000000e+0
vn 0.99893952 1.4703564e-2 4.3630717e-2
vn 0.99893952 1.4703564e-2 4.3630717e-2
vn 1.1960950e-17 0.0000000e+0 -1.00000000
vn -0.34121503 0.17475084 0.92359864
vn -0.34121503 0.17475084 0.92359864
vn -3.3177412e-16 1.00000000 0.0000000e+0
vn -3.3177412e-16 1.00000000 0.0000000e+0
vn -0.98737094 7.4629153e-2 0.13974661
vn -0.98737094 7.4629153e-2 0.13974661
vn -7.8962456e-16 1.00000000 0.0000000e+0
vn -7.8962456e-16 1.00000000 0.0000000e+0
vn 0.59327178 -0.71801429 -0.36398363
vn 0.59327178 -0.71801429 -0.36398363
vn -0.59367513 -0.71827275 -0.36281414
vn -0.59367513 -0.71827275 -0.36281414
vn -0.76599762 -0.45215869 -0.45694656
vn -0.76599762 -0.45215869 -0.45694656
vn 0.76570851 -0.45098281 -0.45859020
vn 0.76570851 -0.45098281 -0.45859020
vn -0.93328234 -0.35881053 -1.5462189e-2
vn -0.93328234 -0.35881053 -1.5462189e-2
vn -1.00000000 0.0000000e+0 0.0000000e+0
vn -1.00000000 0.0000000e+0 0.0000000e+0
vn 0.93332083 -0.35870984 -1.5475165e-2
vn 0.93332083 -0.35870984 -1.5475165e-2
vn 1.00000000 0.0000000e+0 0.0000000e+0
vn 1.00000000 0.0000000e+0 0.0000000e+0
vn -0.99580640 -9.1400004e-2 3.9575025e-3
vn -0.99580640 -9.1400004e-2 3.9575025e-3
vn 6.0990398e-16 0.0000000e+0 -1.00000000
vn 0.99581480 -9.1308640e-2 3.9522456e-3
vn 0.99581480 -9.1308640e-2 3.9522456e-3
vn 0.0000000e+0 0.0000000e+0 -1.00000000
vn -0.98488261 -0.17173318 2.2670903e-2
vn -0.98488261 -0.17173318 2.2670903e-2
vn -1.00000000 0.0000000e+0 0.0000000e+0
vn -1.00000000 0.0000000e+0 0.0000000e+0
vn 0.99546325 -9.5094127e-2 3.1668801e-3
vn 0.99546325 -9.5094127e-2 3.1668801e-3
vn 1.00000000 0.0000000e+0 0.0000000e+0
vn 1.00000000 0.0000000e+0 0.0000000e+0
vn -0.99586612 3.5146713e-2 8.3757879e-2
vn -0.99586612 3.5146713e-2 8.3757879e-2
vn 1.1960950e-17 0.0000000e+0 -1.00000000
vn 0.98737094 7.4629153e-2 0.13974661
vn 0.98737094 7.4629153e-2 0.13974661
vn 7.8962456e-16 1.00000000 0.0000000e+0
vn 7.8962456e-16 1.00000000 0.0000000e+0
vn 0.99586612 3.5147242e-2 8.3757678e-2
vn 0.99586612 3.5147242e-2 8.3757678e-2
vn 1.1960950e-17 0.0000000e+0 -1.00000000
vn 0.34121503 0.17475084 0.92359864
vn 0.34121503 0.17475084 0.92359864
vn -5.3120572e-16 1.00000000 0.0000000e+0
vn -5.3120572e-16 1.00000000 0.0000000e+0
vn -0.87964147 0.18475299 0.43828896
vn -0.87964147 0.18475299 0.43828896
vn 0.0000000e+0 1.00000000 0.0000000e+0
vn 0.0000000e+0 1.00000000 0.0000000e+0
vn 0.40683281 -0.89781630 -0.16856141
vn 0.40683281 -0.89781630 -0.16856141
vn -0.40709052 -0.89779192 -0.16806840
vn -0.40709052 -0.89779192 -0.16806840
vn 0.0000000e+0 0.80886352 -0.58799643
vn -0.96790831 0.19329467 -0.16059478
vn -0.47152180 0.44869204 -0.75917234
vn 0.0000000e+0 1.00000000 0.0000000e+0
vn 0.0000000e+0 0.80886352 -0.58799643
vn 0.96753691 0.19437458 -0.16152662
vn 0.47071568 0.44963283 -0.75911598
vn 0.0000000e+0 1.00000000 0.0000000e+0
vn 0.96753691 0.19437458 -0.16152662
vn 0.0000000e+0 1.00000000 0.0000000e+0
vn 0.0000000e+0 0.0000000e+0 1.00000000
vn -0.96790831 0.19329467 -0.16059478
vn 0.0000000e+0 1.00000000 0.0000000e+0
vn 0.0000000e+0 0.0000000e+0 1.00000000
vn 0.81877407 -0.17407769 -0.54708864
vn -0.81955897 -0.17445218 -0.54579257
vn -0.50488678 0.76651031 -0.39692731
vn 0.50432258 0.76654656 -0.39757404
vn -0.81671395 -0.27178240 -0.50903110
vn -0.81671395 -0.27178240 -0.50903110
vn -0.50321641 0.77195715 -0.38840109
vn -0.50321641 0.77195715 -0.38840109
vn -0.79438737 -0.38680916 -0.46832401
vn -0.79438737 -0.38680916 -0.46832401
vn -0.54012383 0.75980304 -0.36189169
vn -0.54012383 0.75980304 -0.36189169
vn -0.85645854 -0.35258914 -0.37704067
vn -0.85645854 -0.35258914 -0.37704067
vn -0.51437977 0.77119948 -0.37505309
vn -0.51437977 0.77119948 -0.37505309
vn 0.85579192 -0.35274464 -0.37840640
vn 0.85579192 -0.35274464 -0.37840640
vn 0.51395766 0.77084757 -0.37635296
vn 0.51395766 0.77084757 -0.37635296
vn 0.79371783 -0.38632206 -0.46985879
vn 0.79371783 -0.38632206 -0.46985879
vn 0.53942517 0.75985789 -0.36281742
vn 0.53942517 0.75985789 -0.36281742
vn 0.81601403 -0.27123307 -0.51044463
vn 0.81601403 -0.27123307 -0.51044463
vn 0.50254531 0.77206823 -0.38904865
vn 0.50254531 0.77206823 -0.38904865
vn 0.0000000e+0 0.80886352 -0.58799643
vn 0.47407913 0.64313607 -0.60135262
vn 0.47407913 0.64313607 -0.60135262
vn 4.5854618e-17 1.00000000 0.0000000e+0
vn 4.5854618e-17 1.00000000 0.0000000e+0
vn 0.91456581 -0.29255609 -0.27924956
vn 0.96753691 0.19437458 -0.16152662
vn 0.47407913 0.64313607 -0.60135262
vn 0.47407913 0.64313607 -0.60135262
vn 0.0000000e+0 0.80886352 -0.58799643
vn -0.47473616 0.64314201 -0.60082771
vn -0.47473616 0.64314201 -0.60082771
vn 0.0000000e+0 1.00000000 0.0000000e+0
vn 0.0000000e+0 1.00000000 0.0000000e+0
vn -0.91511156 -0.29197566 -0.27806664
vn -0.96790831 0.19329467 -0.16059478
vn -0.47473616 0.64314201 -0.60082771
vn -0.47473616 0.64314201 -0.60082771
vn -0.51437977 0.77119948 -0.37505309
vn -0.51437977 0.77119948 -0.37505309
vn 0.0000000e+0 1.00000000 0.0000000e+0
vn 0.0000000e+0 1.00000000 0.0000000e+0
vn -0.52851755 0.76225341 -0.37368293
vn -0.52851755 0.76225341 -0.37368293
vn -0.52851755 0.76225341 -0.37368293
vn 0.0000000e+0 1.00000000 0.0000000e+0
vn 0.0000000e+0 1.00000000 0.0000000e+0
vn -0.50488678 0.76651031 -0.39692731
vn 0.50432258 0.76654656 -0.39757404
vn -4.5713165e-17 1.00000000 0.0000000e+0
vn -4.5713165e-17 1.00000000 0.0000000e+0
vn 0.52786184 0.76229960 -0.37451462
vn 0.52786184 0.76229960 -0.37451462
vn 0.52786184 0.76229960 -0.37451462
vn -6.8455828e-18 1.00000000 0.0000000e+0
vn -6.8455828e-18 1.00000000 0.0000000e+0
vn 0.51395766 0.77084757 -0.37635296
vn 0.51395766 0.77084757 -0.37635296
vn 8.4722201e-17 1.00000000 0.0000000e+0
vn 8.4722201e-17 1.00000000 0.0000000e+0
vn -1.8908608e-15 1.00000000 0.0000000e+0
vn -1.8908608e-15 1.00000000 0.0000000e+0
vn -0.89175035 0.0000000e+0 -0.45252768
vn -0.89175035 0.0000000e+0 -0.45252768
vn -1.5411857e-15 1.00000000 0.0000000e+0
vn -1.5411857e-15 1.00000000 0.0000000e+0
vn -0.68720224 1.7164374e-15 -0.72646616
vn -0.68720224 1.7164374e-15 -0.72646616
vn -5.3120572e-16 1.00000000 0.0000000e+0
vn -5.3120572e-16 1.00000000 0.0000000e+0
vn -0.35171261 5.1024571e-15 -0.93610803
vn -0.35171261 5.1024571e-15 -0.93610803
vn -6.6171260e-17 1.00000000 0.0000000e+0
vn -6.6171260e-17 1.00000000 0.0000000e+0
vn 1.1975975e-15 3.3875625e-15 -1.00000000
vn 1.1975975e-15 3.3875625e-15 -1.00000000
vn -3.3177412e-16 1.00000000 0.0000000e+0
vn -3.3177412e-16 1.00000000 0.0000000e+0
vn 0.35171261 0.0000000e+0 -0.93610803
vn 0.35171261 0.0000000e+0 -0.93610803
vn -2.6560286e-16 1.00000000 0.0000000e+0
vn -2.6560286e-16 1.00000000 0.0000000e+0
vn 0.68720224 -1.6253137e-15 -0.72646616
vn 0.68720224 -1.6253137e-15 -0.72646616
vn 0.0000000e+0 1.00000000 0.0000000e+0
vn 0.0000000e+0 1.00000000 0.0000000e+0
vn 0.89175035 -1.6025792e-15 -0.45252768
vn 0.89175035 -1.6025792e-15 -0.45252768
vn -7.8962456e-16 1.00000000 0.0000000e+0
vn -7.8962456e-16 1.00000000 0.0000000e+0
vn 0.96385313 3.0721478e-16 -0.26643411
vn 0.96385313 3.0721478e-16 -0.26643411
vn -7.8962456e-16 1.00000000 0.0000000e+0
vn -7.8962456e-16 1.00000000 0.0000000e+0
vn 0.98778832 3.0679465e-16 -0.15580189
vn 0.98778832 3.0679465e-16 -0.15580189
vn 0.0000000e+0 1.00000000 0.0000000e+0
vn 0.0000000e+0 1.00000000 0.0000000e+0
vn 0.99374760 0.0000000e+0 -0.11164989
vn 0.0000000e+0 0.0000000e+0 1.00000000
vn 0.0000000e+0 1.00000000 0.0000000e+0
vn 0.0000000e+0 1.00000000 0.0000000e+0
vn 0.0000000e+0 0.0000000e+0 1.00000000
vn -0.99374760 0.0000000e+0 -0.11164989
vn 7.8962456e-16 1.00000000 0.0000000e+0
vn 7.8962456e-16 1.00000000 0.0000000e+0
vn -0.98778832 -3.0679465e-16 -0.15580189
vn -0.98778832 -3.0679465e-16 -0.15580189
vn -9.1256305e-17 1.00000000 0.0000000e+0
vn -9.1256305e-17 1.00000000 0.0000000e+0
vn -0.96385313 -3.0721478e-16 -0.26643411
vn -0.96385313 -3.0721478e-16 -0.26643411
vn 0.0000000e+0 1.00000000 2.2985476e-17
vn -0.89175035 0.0000000e+0 -0.45252768
vn -0.89175035 0.0000000e+0 -0.45252768
vn 0.0000000e+0 1.00000000 2.2985476e-17
vn -0.68720224 1.7164374e-15 -0.72646616
vn -0.68720224 1.7164374e-15 -0.72646616
vn 0.0000000e+0 1.00000000 2.2985476e-17
vn -0.35171261 5.1024571e-15 -0.93610803
vn -0.35171261 5.1024571e-15 -0.93610803
vn 0.0000000e+0 1.00000000 2.2985476e-17
vn 1.1975975e-15 3.3875625e-15 -1.00000000
vn 1.1975975e-15 3.3875625e-15 -1.00000000
vn 0.0000000e+0 1.00000000 2.2985476e-17
vn 0.35171261 0.0000000e+0 -0.93610803
vn 0.35171261 0.0000000e+0 -0.93610803
vn 0.0000000e+0 1.00000000 2.2985476e-17
vn 0.68720224 -1.6253137e-15 -0.72646616
vn 0.68720224 -1.6253137e-15 -0.72646616
vn 0.0000000e+0 1.00000000 2.2985476e-17
vn 0.89175035 -1.6025792e-15 -0.45252768
vn 0.89175035 -1.6025792e-15 -0.45252768
vn 0.0000000e+0 1.00000000 2.2985476e-17
vn 0.96385313 3.0721478e-16 -0.26643411
vn 0.96385313 3.0721478e-16 -0.26643411
vn 0.0000000e+0 1.00000000 2.2985476e-17
vn 0.98778832 3.0679465e-16 -0.15580189
vn 0.98778832 3.0679465e-16 -0.15580189
vn 0.0000000e+0 1.00000000 2.2985476e-17
vn 0.99374760 0.0000000e+0 -0.11164989
vn 0.0000000e+0 0.0000000e+0 1.00000000
vn 0.0000000e+0 1.00000000 2.2985476e-17
vn 0.0000000e+0 0.0000000e+0 1.00000000
vn -0.99374760 0.0000000e+0 -0.11164989
vn 0.0000000e+0 1.00000000 2.2985476e-17
vn -0.98778832 -3.0679465e-16 -0.15580189
vn -0.98778832 -3.0679465e-16 -0.15580189
vn 0.0000000e+0 1.00000000 2.2985476e-17
vn -0.96385313 -3.0721478e-16 -0.26643411
vn -0.96385313 -3.0721478e-16 -0.26643411
vn 4.5854618e-17 1.00000000 0.0000000e+0
vn 4.5854618e-17 1.00000000 0.0000000e+0
vn 0.0000000e+0 0.0000000e+0 -1.00000000
vn -0.86485856 0.0000000e+0 0.50201561
vn 0.0000000e+0 1.00000000 0.0000000e+0
vn 0.0000000e+0 1.00000000 0.0000000e+0
vn 0.0000000e+0 0.0000000e+0 -1.00000000
vn 0.86630829 -1.7797630e-15 0.49950970
vn 0.0000000e+0 1.00000000 0.0000000e+0
vn 0.0000000e+0 1.00000000 0.0000000e+0
vn 0.85762115 1.7154695e-16 0.51428199
vn 0.85762115 1.7154695e-16 0.51428199
vn 0.0000000e+0 1.00000000 0.0000000e+0
vn 0.0000000e+0 1.00000000 0.0000000e+0
vn 0.82008663 -2.5937177e-16 0.57223939
vn 0.82008663 -2.5937177e-16 0.57223939
vn -4.5713165e-17 1.00000000 0.0000000e+0
vn -4.5713165e-17 1.00000000 0.0000000e+0
vn 0.78928038 -2.6408508e-15 0.61403296
vn -0.78848405 0.0000000e+0 0.61505521
vn -6.8455828e-18 1.00000000 0.0000000e+0
vn -6.8455828e-18 1.00000000 0.0000000e+0
vn -0.81913695 -1.0613667e-15 0.57359799
vn -0.81913695 -1.0613667e-15 0.57359799
vn 8.4722201e-17 1.00000000 0.0000000e+0
vn 8.4722201e-17 1.00000000 0.0000000e+0
vn -0.85635486 -1.0601038e-15 0.51638779
vn -0.85635486 -1.0601038e-15 0.51638779
vn 0.0000000e+0 1.00000000 0.0000000e+0
vn 0.0000000e+0 0.0000000e+0 -1.00000000
vn -0.86485856 0.0000000e+0 0.50201561
vn 0.0000000e+0 1.00000000 0.0000000e+0
vn 0.0000000e+0 0.0000000e+0 -1.00000000
vn 0.86630829 -1.7797630e-15 0.49950970
vn 0.0000000e+0 1.00000000 0.0000000e+0
vn 0.85762115 1.7154695e-16 0.51428199
vn 0.85762115 1.7154695e-16 0.51428199
vn 0.0000000e+0 1.00000000 0.0000000e+0
vn 0.82008663 -2.5937177e-16 0.57223939
vn 0.82008663 -2.5937177e-16 0.57223939
vn 0.0000000e+0 1.00000000 0.0000000e+0
vn 0.78928038 -2.6408508e-15 0.61403296
vn -0.78848405 0.0000000e+0 0.61505521
vn 0.0000000e+0 1.00000000 0.0000000e+0
vn -0.81913695 -1.0613667e-15 0.57359799
vn -0.81913695 -1.0613667e-15 0.57359799
vn 0.0000000e+0 1.00000000 0.0000000e+0
vn -0.85635486 -1.0601038e-15 0.51638779
vn -0.85635486 -1.0601038e-15 0.51638779
vn 0.0000000e+0 1.00000000 0.0000000e+0
vn 1.00000000 0.0000000e+0 0.0000000e+0
vn 0.0000000e+0 0.79414432 -0.60772922
vn 0.0000000e+0 0.0000000e+0 1.00000000
vn 0.0000000e+0 1.00000000 0.0000000e+0
vn -1.00000000 0.0000000e+0 0.0000000e+0
vn 0.0000000e+0 0.79414432 -0.60772922
vn 0.0000000e+0 0.0000000e+0 1.00000000
vn 0.0000000e+0 1.00000000 0.0000000e+0
vn 0.0000000e+0 0.0000000e+0 -1.00000000
vn 0.0000000e+0 0.0000000e+0 -1.00000000
vn -1.00000000 0.0000000e+0 0.0000000e+0
vn 0.0000000e+0 0.79968942 0.60041388
vn 3.0495199e-16 0.0000000e+0 -1.00000000
vn 0.0000000e+0 1.00000000 0.0000000e+0
vn 3.0495199e-16 0.0000000e+0 -1.00000000
vn 1.00000000 0.0000000e+0 0.0000000e+0
vn 0.0000000e+0 0.79968942 0.60041388
vn 0.0000000e+0 0.0000000e+0 -1.00000000
vn 0.0000000e+0 0.0000000e+0 -1.00000000
vn 0.0000000e+0 1.00000000 0.0000000e+0
vn -1.00000000 0.0000000e+0 0.0000000e+0
vn 0.0000000e+0 0.72924521 -0.68425245
vn 3.0495199e-16 0.0000000e+0 -1.00000000
vn 3.0495199e-16 0.0000000e+0 -1.00000000
vn 0.0000000e+0 1.00000000 0.0000000e+0
vn 1.00000000 0.0000000e+0 0.0000000e+0
vn 0.0000000e+0 0.72924521 -0.68425245
vn 1.1960950e-17 0.0000000e+0 -1.00000000
vn 0.0000000e+0 1.00000000 0.0000000e+0
vn 1.00000000 0.0000000e+0 0.0000000e+0
vn 0.0000000e+0 0.72924521 0.68425245
vn 1.1960950e-17 0.0000000e+0 -1.00000000
vn 0.0000000e+0 1.00000000 0.0000000e+0
vn -1.00000000 0.0000000e+0 0.0000000e+0
vn 0.0000000e+0 0.72924521 0.68425245
vn 0.0000000e+0 1.00000000 0.0000000e+0
vn 1.00000000 0.0000000e+0 0.0000000e+0
vn 0.0000000e+0 0.79414432 -0.60772922
vn 0.0000000e+0 1.00000000 0.0000000e+0
vn 1.00000000 0.0000000e+0 0.0000000e+0
vn 0.0000000e+0 0.79968942 0.60041388
vn 0.0000000e+0 1.00000000 0.0000000e+0
vn 0.0000000e+0 0.79968942 0.60041388
vn -1.00000000 0.0000000e+0 0.0000000e+0
vn 0.0000000e+0 1.00000000 0.0000000e+0
vn -1.00000000 0.0000000e+0 0.0000000e+0
vn -1.00000000 0.0000000e+0 0.0000000e+0
vn 0.0000000e+0 1.00000000 0.0000000e+0
vn -1.00000000 0.0000000e+0 0.0000000e+0
vn -1.00000000 0.0000000e+0 0.0000000e+0
vn 0.0000000e+0 1.00000000 0.0000000e+0
vn -1.00000000 0.0000000e+0 0.0000000e+0
vn -1.00000000 0.0000000e+0 0.0000000e+0
vn 0.0000000e+0 1.00000000 0.0000000e+0
vn -1.00000000 0.0000000e+0 0.0000000e+0
vn 0.0000000e+0 0.79414432 -0.60772922
vn 0.0000000e+0 1.00000000 0.0000000e+0
vn 1.00000000 0.0000000e+0 0.0000000e+0
vn 0.0000000e+0 0.72924521 -0.68425245
vn 0.0000000e+0 1.00000000 0.0000000e+0
vn 1.00000000 0.0000000e+0 0.0000000e+0
vn 0.0000000e+0 0.72924521 0.68425245
vn 0.0000000e+0 1.00000000 0.0000000e+0
vn 0.0000000e+0 0.72924521 0.68425245
vn -1.00000000 0.0000000e+0 0.0000000e+0
vn 0.0000000e+0 1.00000000 0.0000000e+0
vn -1.00000000 0.0000000e+0 0.0000000e+0
vn -1.00000000 0.0000000e+0 0.0000000e+0
vn 0.0000000e+0 1.00000000 0.0000000e+0
vn -1.00000000 0.0000000e+0 0.0000000e+0
vn -1.00000000 0.0000000e+0 0.0000000e+0
vn 0.0000000e+0 1.00000000 0.0000000e+0
vn -1.00000000 0.0000000e+0 0.0000000e+0
vn -1.00000000 0.0000000e+0 0.0000000e+0
vn 0.0000000e+0 1.00000000 0.0000000e+0
vn -1.00000000 0.0000000e+0 0.0000000e+0
vn 0.0000000e+0 0.72924521 -0.68425245
vn 0.0000000e+0 1.00000000 0.0000000e+0
vn -1.00000000 0.0000000e+0 0.0000000e+0
vn 0.0000000e+0 0.79968942 0.60041388
vn 0.0000000e+0 1.00000000 0.0000000e+0
vn -1.00000000 0.0000000e+0 0.0000000e+0
vn 0.0000000e+0 0.79414432 -0.60772922
vn 0.0000000e+0 1.00000000 0.0000000e+0
vn 0.0000000e+0 0.79414432 -0.60772922
vn 1.00000000 0.0000000e+0 0.0000000e+0
vn 0.0000000e+0 1.00000000 0.0000000e+0
vn 1.00000000 0.0000000e+0 0.0000000e+0
vn 1.00000000 0.0000000e+0 0.0000000e+0
vn 0.0000000e+0 1.00000000 0.0000000e+0
vn 1.00000000 0.0000000e+0 0.0000000e+0
vn 1.00000000 0.0000000e+0 0.0000000e+0
vn 0.0000000e+0 1.00000000 0.0000000e+0
vn 1.00000000 0.0000000e+0 0.0000000e+0
vn 1.00000000 0.0000000e+0 0.0000000e+0
vn 0.0000000e+0 1.00000000 0.0000000e+0
vn 1.00000000 0.0000000e+0 0.0000000e+0
vn 0.0000000e+0 0.79968942 0.60041388
vn 0.0000000e+0 1.00000000 0.0000000e+0
vn -1.00000000 0.0000000e+0 0.0000000e+0
vn 0.0000000e+0 0.72924521 0.68425245
vn 0.0000000e+0 1.00000000 0.0000000e+0
vn -1.00000000 0.0000000e+0 0.0000000e+0
vn 0.0000000e+0 0.72924521 -0.68425245
vn 0.0000000e+0 1.00000000 0.0000000e+0
vn 0.0000000e+0 0.72924521 -0.68425245
vn 1.00000000 0.0000000e+0 0.0000000e+0
vn 0.0000000e+0 1.00000000 0.0000000e+0
vn 1.00000000 0.0000000e+0 0.0000000e+0
vn 1.00000000 0.0000000e+0 0.0000000e+0
vn 0.0000000e+0 1.00000000 0.0000000e+0
vn 1.00000000 0.0000000e+0 0.0000000e+0
vn 1.00000000 0.0000000e+0 0.0000000e+0
vn 0.0000000e+0 1.00000000 0.0000000e+0
vn 1.00000000 0.0000000e+0 0.0000000e+0
vn 1.00000000 0.0000000e+0 0.0000000e+0
vn 0.0000000e+0 1.00000000 0.0000000e+0
vn 1.00000000 0.0000000e+0 0.0000000e+0
vn 0.0000000e+0 0.72924521 0.68425245
vn 0.0000000e+0 1.00000000 0.0000000e+0
vn 0.0000000e+0 0.0000000e+0 1.00000000
vn -0.77384480 0.60589155 0.18455258
vn -0.77384480 0.60589155 0.18455258
vn 0.0000000e+0 1.00000000 0.0000000e+0
vn 0.0000000e+0 0.0000000e+0 1.00000000
vn 0.86244565 0.38167545 0.33243247
vn 0.86244565 0.38167545 0.33243247
vn 0.0000000e+0 1.00000000 0.0000000e+0
vn 0.33545228 0.37881707 0.86253661
vn 0.33545228 0.37881707 0.86253661
vn 0.0000000e+0 1.00000000 0.0000000e+0
vn -0.47850817 0.50486134 0.71843229
vn -0.47850817 0.50486134 0.71843229
vn 0.0000000e+0 0.0000000e+0 1.00000000
vn 0.24086775 0.58838244 0.77187358
vn 0.24086775 0.58838244 0.77187358
vn 0.0000000e+0 0.0000000e+0 1.00000000
vn -0.43670620 0.83530940 0.33398488
vn -0.43670620 0.83530940 0.33398488
vn 0.21424517 0.93156684 0.29373837
vn 0.27917724 0.50721037 0.81535128
vn 0.27917724 0.50721037 0.81535128
vn -3.2792298e-2 0.28113661 0.95910733
vn -0.18279266 0.97521326 0.12468332
vn -3.2792298e-2 0.28113661 0.95910733
vn -4.2605126e-2 -0.11332599 0.99264396
vn 2.5780652e-2 0.90631360 0.42181869
vn 2.5780652e-2 0.90631360 0.42181869
vn 0.13138394 -0.15830482 0.97861016
vn -0.30479789 0.75800433 0.57665214
vn -0.30479789 0.75800433 0.57665214
vn 0.0000000e+0 0.0000000e+0 1.00000000
vn 0.79571605 0.34923018 0.49484770
vn 0.79571605 0.34923018 0.49484770
vn 0.0000000e+0 0.0000000e+0 1.00000000
vn -0.79852681 0.59842249 6.5157122e-2
vn -0.79852681 0.59842249 6.5157122e-2
vn 0.0000000e+0 1.00000000 0.0000000e+0
vn 0.71534976 0.46793667 0.51895086
vn 0.71534976 0.46793667 0.51895086
vn 0.0000000e+0 1.00000000 0.0000000e+0
vn -0.72802511 0.54524723 0.41555372
vn -0.72802511 0.54524723 0.41555372
vn 4.6994970e-2 0.99337400 -0.10487883
vn 4.6994970e-2 0.99337400 -0.10487883
vn 4.6994970e-2 0.99337400 -0.10487883
vn 3.6827982e-2 0.55440153 0.83143409
vn 3.6827982e-2 0.55440153 0.83143409
vn -2.9345264e-2 2.0719675e-2 0.99935457
vn -2.9345264e-2 2.0719675e-2 0.99935457
vn -2.9345264e-2 2.0719675e-2 0.99935457
vn 0.37707306 0.81802897 0.43433226
vn 0.37707306 0.81802897 0.43433226
vn -1.9550841e-2 0.99797712 -6.0493191e-2
vn -1.9550841e-2 0.99797712 -6.0493191e-2
vn -1.9550841e-2 0.99797712 -6.0493191e-2
vn 0.37622319 0.31863291 0.87001677
vn 0.37622319 0.31863291 0.87001677
vn -9.4384738e-2 0.98230787 -0.16174911
vn -9.4384738e-2 0.98230787 -0.16174911
vn -0.27445121 0.30082967 0.91333348
vn -9.4384738e-2 0.98230787 -0.16174911
vn -0.27445121 0.30082967 0.91333348
vn 1.4878232e-2 -3.2671303e-2 0.99935540
vn 1.4878232e-2 -3.2671303e-2 0.99935540
vn 1.4878232e-2 -3.2671303e-2 0.99935540
vn -0.23145290 0.82610849 0.51378431
vn -0.23145290 0.82610849 0.51378431
vn 2.9221066e-2 5.6442781e-3 0.99955704
vn 2.9221066e-2 5.6442781e-3 0.99955704
vn 2.9221066e-2 5.6442781e-3 0.99955704
vn -0.48467631 0.61099182 0.62592161
vn -0.48467631 0.61099182 0.62592161
vn 0.31069513 0.95050250 -3.6799961e-3
vn 0.24086775 0.58838244 0.77187358
vn 0.24086775 0.58838244 0.77187358
vn 0.31069513 0.95050250 -3.6799961e-3
vn 0.33545228 0.37881707 0.86253661
vn 0.33545228 0.37881707 0.86253661
vn 0.46396906 -5.3567142e-2 0.88423033
vn 0.46396906 -5.3567142e-2 0.88423033
vn -0.47850817 0.50486134 0.71843229
vn -0.47850817 0.50486134 0.71843229
vn -0.57737674 -1.4301573e-2 0.81635260
vn -0.57737674 -1.4301573e-2 0.81635260
vn -0.41118364 0.87545616 -0.25397741
vn -0.43670620 0.83530940 0.33398488
vn -0.43670620 0.83530940 0.33398488
vn -0.41118364 0.87545616 -0.25397741
vn 3.7968768e-2 0.74876876 -0.66174294
vn 2.5780652e-2 0.90631360 0.42181869
vn 2.5780652e-2 0.90631360 0.42181869
vn 3.7968768e-2 0.74876876 -0.66174294
vn 0.27917724 0.50721037 0.81535128
vn 0.27917724 0.50721037 0.81535128
vn 0.16848470 -0.43148253 0.88624812
vn 0.16848470 -0.43148253 0.88624812
vn -0.29704827 0.72303458 -0.62368528
vn -0.30479789 0.75800433 0.57665214
vn -0.30479789 0.75800433 0.57665214
vn -0.29704827 0.72303458 -0.62368528
vn -3.2792298e-2 0.28113661 0.95910733
vn -3.2792298e-2 0.28113661 0.95910733
vn 9.5581979e-2 -0.50460154 0.85804509
vn 9.5581979e-2 -0.50460154 0.85804509
vn 3.6827982e-2 0.55440153 0.83143409
vn 3.6827982e-2 0.55440153 0.83143409
vn -2.9122853e-2 -0.34381714 0.93858491
vn -2.9122853e-2 -0.34381714 0.93858491
vn 0.29809668 0.72132667 -0.62516094
vn 0.37707306 0.81802897 0.43433226
vn 0.37707306 0.81802897 0.43433226
vn 0.29809668 0.72132667 -0.62516094
vn 0.75810669 0.40882389 0.50807211
vn 0.75810669 0.40882389 0.50807211
vn 0.75810669 0.40882389 0.50807211
vn 0.69825271 0.31921601 0.64073730
vn 0.69825271 0.31921601 0.64073730
vn 0.75810669 0.40882389 0.50807211
vn -0.77627121 0.58157184 0.24326367
vn -0.77627121 0.58157184 0.24326367
vn -0.80707178 0.39507369 0.43880740
vn -0.77627121 0.58157184 0.24326367
vn -0.80707178 0.39507369 0.43880740
vn -0.77627121 0.58157184 0.24326367
vn 0.37622319 0.31863291 0.87001677
vn 0.37622319 0.31863291 0.87001677
vn 0.31722997 -0.36845844 0.87384411
vn 0.31722997 -0.36845844 0.87384411
vn -0.22654974 0.77229589 -0.59349328
vn -0.23145290 0.82610849 0.51378431
vn -0.23145290 0.82610849 0.51378431
vn -0.22654974 0.77229589 -0.59349328
vn -0.42193244 0.67151790 -0.60912784
vn -0.48467631 0.61099182 0.62592161
vn -0.48467631 0.61099182 0.62592161
vn -0.42193244 0.67151790 -0.60912784
vn -0.27445121 0.30082967 0.91333348
vn -0.11753782 -0.49597384 0.86034575
vn -0.27445121 0.30082967 0.91333348
vn -0.11753782 -0.49597384 0.86034575
vn 0.0000000e+0 1.00000000 1.6193044e-15
vn 1.00000000 -1.2488921e-16 0.0000000e+0
vn 1.00000000 -1.2488921e-16 0.0000000e+0
vn 0.0000000e+0 1.00000000 1.6193044e-15
vn 0.70710678 -1.8733381e-16 0.70710678
vn 0.70710678 -1.8733381e-16 0.70710678
vn 0.0000000e+0 1.00000000 1.6193044e-15
vn 6.9097563e-16 -2.4977842e-16 1.00000000
vn 6.9097563e-16 -2.4977842e-16 1.00000000
vn 0.0000000e+0 1.00000000 1.6193044e-15
vn -0.70710678 -1.8733381e-16 0.70710678
vn -0.70710678 -1.8733381e-16 0.70710678
vn 0.0000000e+0 1.00000000 1.6193044e-15
vn -1.00000000 -1.2488921e-16 0.0000000e+0
vn -1.00000000 -1.2488921e-16 0.0000000e+0
vn 0.0000000e+0 1.00000000 1.6193044e-15
vn -0.70710678 -6.2444604e-17 -0.70710678
vn -0.70710678 -6.2444604e-17 -0.70710678
vn 0.0000000e+0 1.00000000 1.6193044e-15
vn 7.2101805e-16 0.0000000e+0 -1.00000000
vn 7.2101805e-16 0.0000000e+0 -1.00000000
vn 0.0000000e+0 1.00000000 1.6193044e-15
vn 0.70710678 -6.2444604e-17 -0.70710678
vn 0.70710678 -6.2444604e-17 -0.70710678
vn 0.0000000e+0 -1.00000000 0.0000000e+0
vn 1.00000000 -1.2488921e-16 0.0000000e+0
vn 1.00000000 -1.2488921e-16 0.0000000e+0
vn 0.0000000e+0 -1.00000000 0.0000000e+0
vn 0.70710678 -1.8733381e-16 0.70710678
vn 0.70710678 -1.8733381e-16 0.70710678
vn 0.0000000e+0 -1.00000000 0.0000000e+0
vn 6.9097563e-16 -2.4977842e-16 1.00000000
vn 6.9097563e-16 -2.4977842e-16 1.00000000
vn 0.0000000e+0 -1.00000000 0.0000000e+0
vn -0.70710678 -1.8733381e-16 0.70710678
vn -0.70710678 -1.8733381e-16 0.70710678
vn 0.0000000e+0 -1.00000000 0.0000000e+0
vn -1.00000000 -1.2488921e-16 0.0000000e+0
vn -1.00000000 -1.2488921e-16 0.0000000e+0
vn 0.0000000e+0 -1.00000000 0.0000000e+0
vn -0.70710678 -6.2444604e-17 -0.70710678
vn -0.70710678 -6.2444604e-17 -0.70710678
vn 0.0000000e+0 -1.00000000 0.0000000e+0
vn 7.2101805e-16 0.0000000e+0 -1.00000000
vn 7.2101805e-16 0.0000000e+0 -1.00000000
vn 0.0000000e+0 -1.00000000 0.0000000e+0
vn 0.70710678 -6.2444604e-17 -0.70710678
vn 0.70710678 -6.2444604e-17 -0.70710678
vn 0.0000000e+0 1.00000000 0.0000000e+0
vn 1.00000000 -2.3347649e-31 -1.6823754e-15
vn 1.00000000 -2.3347649e-31 -1.6823754e-15
vn 0.0000000e+0 1.00000000 0.0000000e+0
vn 0.70710678 8.6585373e-17 0.70710678
vn 0.70710678 8.6585373e-17 0.70710678
vn 0.0000000e+0 1.00000000 0.0000000e+0
vn 0.0000000e+0 5.7723582e-17 1.00000000
vn 0.0000000e+0 5.7723582e-17 1.00000000
vn 0.0000000e+0 1.00000000 0.0000000e+0
vn -0.70710678 0.0000000e+0 0.70710678
vn -0.70710678 0.0000000e+0 0.70710678
vn 0.0000000e+0 1.00000000 0.0000000e+0
vn -1.00000000 -2.8861791e-17 -1.6823754e-15
vn -1.00000000 -2.8861791e-17 -1.6823754e-15
vn 0.0000000e+0 1.00000000 0.0000000e+0
vn -0.70710678 -2.8861791e-17 -0.70710678
vn -0.70710678 -2.8861791e-17 -0.70710678
vn 0.0000000e+0 1.00000000 0.0000000e+0
vn 0.0000000e+0 0.0000000e+0 -1.00000000
vn 0.0000000e+0 0.0000000e+0 -1.00000000
vn 0.0000000e+0 1.00000000 0.0000000e+0
vn 0.70710678 -2.8861791e-17 -0.70710678
vn 0.70710678 -2.8861791e-17 -0.70710678
vn 0.0000000e+0 -1.00000000 -2.3578938e-15
vn 1.00000000 -2.3347649e-31 -1.6823754e-15
vn 1.00000000 -2.3347649e-31 -1.6823754e-15
vn 0.0000000e+0 -1.00000000 -2.3578938e-15
vn 0.70710678 8.6585373e-17 0.70710678
vn 0.70710678 8.6585373e-17 0.70710678
vn 0.0000000e+0 -1.00000000 -2.3578938e-15
vn 0.0000000e+0 5.7723582e-17 1.00000000
vn 0.0000000e+0 5.7723582e-17 1.00000000
vn 0.0000000e+0 -1.00000000 -2.3578938e-15
vn -0.70710678 0.0000000e+0 0.70710678
vn -0.70710678 0.0000000e+0 0.70710678
vn 0.0000000e+0 -1.00000000 -2.3578938e-15
vn -1.00000000 -2.8861791e-17 -1.6823754e-15
vn -1.00000000 -2.8861791e-17 -1.6823754e-15
vn 0.0000000e+0 -1.00000000 -2.3578938e-15
vn -0.70710678 -2.8861791e-17 -0.70710678
vn -0.70710678 -2.8861791e-17 -0.70710678
vn 0.0000000e+0 -1.00000000 -2.3578938e-15
vn 0.0000000e+0 0.0000000e+0 -1.00000000
vn 0.0000000e+0 0.0000000e+0 -1.00000000
vn 0.0000000e+0 -1.00000000 -2.3578938e-15
vn 0.70710678 -2.8861791e-17 -0.70710678
vn 0.70710678 -2.8861791e-17 -0.70710678
g cube1_Wires
usemtl Wires
f 38/1261/961 48/1256/981 57/1275/999 47/1280/979
f 39/1623/964 49/1618/984 48/1677/982 38/1682/962
f 40/1593/966 50/1588/986 49/1618/983 39/1623/963
f 41/1529/968 51/1524/988 50/1588/985 40/1593/965
f 42/1496/970 52/1491/990 51/1524/987 41/1529/967
f 43/1449/972 53/1444/992 52/1491/989 42/1496/969
f 44/1419/974 54/1414/994 53/1444/991 43/1449/971
f 45/1374/976 55/1369/996 54/1414/993 44/1419/973
f 46/1331/978 56/1326/998 55/1369/995 45/1374/975
f 47/1280/980 57/1275/1000 56/1326/997 46/1331/977
f 58/821/1001 66/819/1018 73/839/1039 65/831/1015
f 59/812/1004 67/810/1022 66/819/1019 58/821/1002
f 60/787/1006 68/790/1025 67/810/1021 59/812/1003
f 61/774/1008 69/772/1028 68/790/1024 60/787/1005
f 62/765/1010 70/763/1031 69/772/1027 61/774/1007
f 63/865/1012 71/863/1034 70/880/1030 62/876/1009
f 64/853/1014 72/852/1037 71/863/1033 63/865/1011
f 65/831/1016 73/839/1040 72/852/1036 64/853/1013
f 67/1345/1020 68/1263/1023 69/1343/1026 70/1540/1029 71/1783/1032 72/1913/1035 73/1785/1038 66/1542/1017
f 74/766/1041 82/762/1058 89/775/1079 81/778/1055
f 75/866/1044 83/860/1062 82/872/1059 74/874/1042
f 76/850/1046 84/847/1065 83/860/1061 75/866/1043
f 77/836/1048 85/833/1068 84/847/1064 76/850/1045
f 78/822/1050 86/818/1071 85/833/1067 77/836/1047
f 79/813/1052 87/809/1074 86/818/1070 78/822/1049
f 80/788/1054 88/785/1077 87/809/1073 79/813/1051
f 81/778/1056 89/775/1080 88/785/1076 80/788/1053
f 83/1344/1060 84/1262/1063 85/1342/1066 86/1539/1069 87/1782/1072 88/1912/1075 89/1784/1078 82/1541/1057
f 90/766/1081 98/762/1098 105/775/1119 97/778/1095
f 91/866/1084 99/860/1102 98/872/1099 90/874/1082
f 92/850/1086 100/847/1105 99/860/1101 91/866/1083
f 93/836/1088 101/833/1108 100/847/1104 92/850/1085
f 94/822/1090 102/818/1111 101/833/1107 93/836/1087
f 95/813/1092 103/809/1114 102/818/1110 94/822/1089
f 96/788/1094 104/785/1117 103/809/1113 95/813/1091
f 97/778/1096 105/775/1120 104/785/1116 96/788/1093
f 99/1349/1100 100/1265/1103 101/1348/1106 102/1545/1109 103/1788/1112 104/1915/1115 105/1789/1118 98/1546/1097
f 106/765/1121 114/763/1138 121/776/1159 113/777/1135
f 107/864/1124 115/862/1142 114/873/1139 106/875/1122
f 108/849/1126 116/848/1145 115/862/1141 107/864/1123
f 109/835/1128 117/834/1148 116/848/1144 108/849/1125
f 110/820/1130 118/819/1151 117/834/1147 109/835/1127
f 111/812/1132 119/808/1154 118/819/1150 110/820/1129
f 112/787/1134 120/786/1157 119/808/1153 111/812/1131
f 113/777/1136 121/776/1160 120/786/1156 112/787/1133
f 115/1347/1140 116/1264/1143 117/1346/1146 118/1543/1149 119/1786/1152 120/1914/1155 121/1787/1158 114/1544/1137
f 122/566/1161 130/565/1178 137/575/1199 129/576/1175
f 123/669/1164 131/668/1182 130/672/1179 122/673/1162
f 124/651/1166 132/650/1185 131/668/1181 123/669/1163
f 125/645/1168 133/644/1188 132/650/1184 124/651/1165
f 126/619/1170 134/618/1191 133/644/1187 125/645/1167
f 127/608/1172 135/607/1194 134/618/1190 126/619/1169
f 128/585/1174 136/584/1197 135/607/1193 127/608/1171
f 129/576/1176 137/575/1200 136/584/1196 128/585/1173
f 131/1353/1180 132/1266/1183 133/1350/1186 134/1547/1189 135/1790/1192 136/1916/1195 137/1793/1198 130/1550/1177
f 138/566/1201 146/565/1218 153/577/1239 145/576/1215
f 139/667/1204 147/666/1222 146/674/1219 138/675/1202
f 140/653/1206 148/652/1225 147/666/1221 139/667/1203
f 141/647/1208 149/646/1228 148/652/1224 140/653/1205
f 142/621/1210 150/620/1231 149/646/1227 141/647/1207
f 143/610/1212 151/609/1234 150/620/1230 142/621/1209
f 144/587/1214 152/586/1237 151/609/1233 143/610/1211
f 145/576/1216 153/577/1240 152/586/1236 144/587/1213
f 147/1354/1220 148/1267/1223 149/1351/1226 150/1548/1229 151/1791/1232 152/1917/1235 153/1794/1238 146/1551/1217
f 154/619/1241 162/618/1258 169/646/1279 161/647/1255
f 155/608/1244 163/607/1262 162/618/1259 154/619/1242
f 156/585/1246 164/584/1265 163/607/1261 155/608/1243
f 157/574/1248 165/575/1268 164/584/1264 156/585/1245
f 158/564/1250 166/563/1271 165/575/1267 157/574/1247
f 159/667/1252 167/666/1274 166/672/1270 158/673/1249
f 160/653/1254 168/652/1277 167/666/1273 159/667/1251
f 161/647/1256 169/646/1280 168/652/1276 160/653/1253
f 163/1355/1260 164/1268/1263 165/1352/1266 166/1549/1269 167/1792/1272 168/1918/1275 169/1795/1278 162/1552/1257
f 170/619/1281 178/618/1298 185/644/1319 177/645/1295
f 171/608/1284 179/607/1302 178/618/1299 170/619/1282
f 172/585/1286 180/584/1305 179/607/1301 171/608/1283
f 173/576/1288 181/575/1308 180/584/1304 172/585/1285
f 174/566/1290 182/565/1311 181/575/1307 173/576/1287
f 175/669/1292 183/668/1314 182/672/1310 174/673/1289
f 176/655/1294 184/654/1317 183/668/1313 175/669/1291
f 177/645/1296 185/644/1320 184/654/1316 176/655/1293
f 179/1353/1300 180/1266/1303 181/1350/1306 182/1547/1309 183/1790/1312 184/1916/1315 185/1793/1318 178/1550/1297
f 186/970/1322 210/971/1418 233/1035/1510 209/1050/1414
f 186/1026/1324 306/1027/1754 307/916/1756 187/946/1328
f 187/855/1325 211/869/1421 210/971/1417 186/970/1321
f 187/946/1327 307/916/1755 308/759/1758 188/825/1332
f 188/751/1329 212/769/1425 211/869/1422 187/855/1326
f 188/825/1331 308/759/1757 309/686/1760 189/731/1336
f 189/688/1333 213/729/1429 212/769/1426 188/751/1330
f 189/731/1335 309/686/1759 310/613/1762 190/680/1340
f 190/663/1337 214/690/1433 213/729/1430 189/688/1334
f 190/680/1339 310/613/1761 311/544/1764 191/625/1344
f 191/629/1341 215/677/1437 214/690/1434 190/663/1338
f 191/625/1343 311/544/1763 312/488/1766 192/568/1348
f 192/614/1345 216/670/1441 215/677/1438 191/629/1342
f 192/568/1347 312/488/1765 313/440/1768 193/536/1352
f 193/628/1349 217/676/1445 216/670/1442 192/614/1346
f 193/536/1351 313/440/1767 314/418/1770 194/510/1356
f 194/664/1353 218/691/1449 217/676/1446 193/628/1350
f 194/510/1355 314/418/1769 315/393/1772 195/492/1360
f 195/689/1357 219/730/1453 218/691/1450 194/664/1354
f 195/492/1359 315/393/1771 316/391/1774 196/491/1364
f 196/750/1361 220/770/1457 219/730/1454 195/689/1358
f 196/491/1363 316/391/1773 317/399/1776 197/505/1368
f 197/856/1365 221/870/1461 220/770/1458 196/750/1362
f 197/505/1367 317/399/1775 318/426/1778 198/520/1372
f 198/972/1369 222/975/1465 221/870/1462 197/856/1366
f 198/2477/1371 318/2641/1777 319/2670/1780 199/2538/1376
f 199/1051/1373 223/1036/1469 222/974/1466 198/973/1370
f 199/2538/1375 319/2670/1779 320/2684/1782 200/2560/1380
f 200/1136/1377 224/1098/1473 223/1036/1470 199/1051/1374
f 200/2560/1379 320/2684/1781 321/2680/1784 201/2555/1384
f 201/1227/1381 225/1160/1477 224/1098/1474 200/1136/1378
f 201/2555/1383 321/2680/1783 322/2660/1786 202/2528/1388
f 202/1365/1385 226/1225/1481 225/1160/1478 201/1227/1382
f 202/2528/1387 322/2660/1785 323/2631/1788 203/2446/1392
f 203/1473/1389 227/1269/1485 226/1225/1482 202/1365/1386
f 203/2446/1391 323/2631/1787 324/2585/1790 204/2280/1396
f 204/1508/1393 228/1299/1489 227/1269/1486 203/1473/1390
f 204/2280/1395 324/2585/1789 325/2437/1792 205/2053/1400
f 205/1472/1397 229/1270/1493 228/1299/1490 204/1508/1394
f 205/2053/1399 325/2437/1791 326/2114/1794 206/1724/1404
f 206/1364/1401 230/1224/1497 229/1270/1494 205/1472/1398
f 206/1724/1403 326/2114/1793 327/1671/1796 207/1442/1408
f 207/1226/1405 231/1159/1501 230/1224/1498 206/1364/1402
f 207/1442/1407 327/1671/1795 328/1319/1798 208/1228/1412
f 208/1135/1409 232/1097/1505 231/1159/1502 207/1226/1406
f 208/1228/1411 328/1319/1797 329/1146/1800 209/1105/1416
f 209/1050/1413 233/1035/1509 232/1097/1506 208/1135/1410
f 209/1105/1415 329/1146/1799 306/1027/1753 186/1026/1323
f 210/1045/1420 234/1044/1514 257/1099/1606 233/1102/1512
f 211/985/1423 235/989/1517 234/1044/1513 210/1045/1419
f 212/887/1427 236/908/1521 235/989/1518 211/985/1424
f 213/781/1431 237/814/1525 236/908/1522 212/887/1428
f 214/728/1435 238/742/1529 237/814/1526 213/781/1432
f 215/679/1439 239/708/1533 238/742/1530 214/728/1436
f 216/634/1443 240/665/1537 239/708/1534 215/679/1440
f 217/572/1447 241/615/1541 240/665/1538 216/634/1444
f 218/539/1451 242/569/1545 241/615/1542 217/572/1448
f 219/501/1455 243/549/1549 242/569/1546 218/539/1452
f 220/471/1459 244/513/1553 243/549/1550 219/501/1456
f 221/460/1463 245/490/1557 244/513/1554 220/471/1460
f 222/435/1467 246/474/1561 245/490/1558 221/460/1464
f 223/2638/1471 247/2595/1565 246/2608/1562 222/2652/1468
f 224/2614/1475 248/2554/1569 247/2595/1566 223/2638/1472
f 225/2584/1479 249/2478/1573 248/2554/1570 224/2614/1476
f 226/2505/1483 250/2366/1577 249/2478/1574 225/2584/1480
f 227/2349/1487 251/2187/1581 250/2366/1578 226/2505/1484
f 228/2138/1491 252/1952/1585 251/2187/1582 227/2349/1488
f 229/1849/1495 253/1690/1589 252/1952/1586 228/2138/1492
f 230/1580/1499 254/1485/1593 253/1690/1590 229/1849/1496
f 231/1341/1503 255/1274/1597 254/1485/1594 230/1580/1500
f 232/1195/1507 256/1175/1601 255/1274/1598 231/1341/1504
f 233/1102/1511 257/1099/1605 256/1175/1602 232/1195/1508
f 234/1516/1516 282/1517/1658 305/1759/1750 257/1799/1608
f 235/1320/1519 283/1339/1661 282/1517/1657 234/1516/1515
f 236/1197/1523 284/1218/1665 283/1339/1662 235/1320/1520
f 237/1138/1527 285/1155/1669 284/1218/1666 236/1197/1524
f 238/1085/1531 286/1103/1673 285/1155/1670 237/1138/1528
f 239/1057/1535 287/1087/1677 286/1103/1674 238/1085/1532
f 240/1055/1539 288/1080/1681 287/1087/1678 239/1057/1536
f 241/1058/1543 289/1088/1685 288/1080/1682 240/1055/1540
f 242/1084/1547 290/1104/1689 289/1088/1686 241/1058/1544
f 243/1139/1551 291/1156/1693 290/1104/1690 242/1084/1548
f 244/1198/1555 292/1219/1697 291/1156/1694 243/1139/1552
f 245/1321/1559 293/1340/1701 292/1219/1698 244/1198/1556
f 246/1519/1563 294/1518/1705 293/1340/1702 245/1321/1560
f 247/1800/1567 295/1760/1709 294/1520/1706 246/1521/1564
f 248/2108/1571 296/2046/1713 295/1760/1710 247/1800/1568
f 249/2320/1575 297/2247/1717 296/2046/1714 248/2108/1572
f 250/2456/1579 298/2375/1721 297/2247/1718 249/2320/1576
f 251/2524/1583 299/2455/1725 298/2375/1722 250/2456/1580
f 252/2533/1587 300/2466/1729 299/2455/1726 251/2524/1584
f 253/2523/1591 301/2454/1733 300/2466/1730 252/2533/1588
f 254/2457/1595 302/2374/1737 301/2454/1734 253/2523/1592
f 255/2319/1599 303/2246/1741 302/2374/1738 254/2457/1596
f 256/2107/1603 304/2045/1745 303/2246/1742 255/2319/1600
f 257/1799/1607 305/1759/1749 304/2045/1746 256/2107/1604
f 258/1012/1610 283/1011/1664 284/1077/1667 281/1076/1655
f 259/966/1611 282/967/1659 283/1011/1663 258/1012/1609
f 260/899/1614 305/898/1752 282/967/1660 259/966/1612
f 261/803/1616 304/804/1748 305/898/1751 260/899/1613
f 262/737/1618 303/736/1744 304/804/1747 261/803/1615
f 263/701/1620 302/700/1740 303/736/1743 262/737/1617
f 264/661/1622 301/662/1736 302/700/1739 263/701/1619
f 265/593/1624 300/594/1732 301/662/1735 264/661/1621
f 266/556/1626 299/557/1728 300/594/1731 265/593/1623
f 267/498/1628 298/499/1724 299/557/1727 266/556/1625
f 268/462/1630 297/463/1720 298/499/1723 267/498/1627
f 269/416/1632 296/417/1716 297/463/1719 268/462/1629
f 270/358/1634 295/359/1712 296/417/1715 269/416/1631
f 271/310/1636 294/311/1708 295/359/1711 270/358/1633
f 272/2602/1638 293/2603/1704 294/2643/1707 271/2644/1635
f 273/2517/1640 292/2518/1700 293/2603/1703 272/2602/1637
f 274/2316/1642 291/2315/1696 292/2518/1699 273/2517/1639
f 275/2060/1644 290/2061/1692 291/2315/1695 274/2316/1641
f 276/1772/1646 289/1773/1688 290/2061/1691 275/2060/1643
f 277/1531/1648 288/1530/1684 289/1773/1687 276/1772/1645
f 278/1356/1650 287/1357/1680 288/1530/1683 277/1531/1647
f 279/1211/1652 286/1212/1676 287/1357/1679 278/1356/1649
f 280/1145/1654 285/1144/1672 286/1212/1675 279/1211/1651
f 281/1076/1656 284/1077/1668 285/1144/1671 280/1145/1653
f 330/854/1801 338/852/1818 345/867/1839 337/866/1815
f 331/840/1804 339/838/1822 338/852/1819 330/854/1802
f 332/824/1806 340/823/1825 339/838/1821 331/840/1803
f 333/811/1808 341/810/1828 340/823/1824 332/824/1805
f 334/791/1810 342/790/1831 341/810/1827 333/811/1807
f 335/780/1812 343/779/1834 342/790/1830 334/791/1809
f 336/768/1814 344/767/1837 343/779/1833 335/780/1811
f 337/866/1816 345/867/1840 344/879/1836 336/881/1813
f 339/1347/1820 340/1264/1823 341/1346/1826 342/1543/1829 343/1786/1832 344/1914/1835 345/1787/1838 338/1544/1817
f 346/822/1841 354/818/1858 361/837/1879 353/832/1855
f 347/813/1844 355/809/1862 354/818/1859 346/822/1842
f 348/788/1846 356/789/1865 355/809/1861 347/813/1843
f 349/773/1848 357/771/1868 356/789/1864 348/788/1845
f 350/764/1850 358/762/1871 357/771/1867 349/773/1847
f 351/866/1852 359/861/1874 358/878/1870 350/877/1849
f 352/854/1854 360/851/1877 359/861/1873 351/866/1851
f 353/832/1856 361/837/1880 360/851/1876 352/854/1853
f 355/1347/1860 356/1264/1863 357/1346/1866 358/1543/1869 359/1786/1872 360/1914/1875 361/1787/1878 354/1544/1857
f 374/821/1894 382/819/1911 383/810/1914 375/812/1896
f 375/812/1895 383/810/1913 384/790/1917 376/787/1898
f 376/787/1897 384/790/1916 385/772/1920 377/774/1900
f 377/774/1899 385/772/1919 386/763/1923 378/765/1902
f 378/876/1901 386/880/1922 387/863/1926 379/865/1904
f 379/865/1903 387/863/1925 388/852/1929 380/853/1906
f 380/853/1905 388/852/1928 389/839/1932 381/831/1908
f 381/831/1907 389/839/1931 382/819/1910 374/821/1893
f 382/1542/1909 389/1785/1930 388/1913/1927 387/1783/1924 386/1540/1921 385/1343/1918 384/1263/1915 383/1345/1912
f 390/874/1934 398/872/1951 399/860/1954 391/866/1936
f 391/866/1935 399/860/1953 400/847/1957 392/850/1938
f 392/850/1937 400/847/1956 401/833/1960 393/836/1940
f 393/836/1939 401/833/1959 402/818/1963 394/822/1942
f 394/822/1941 402/818/1962 403/809/1966 395/813/1944
f 395/813/1943 403/809/1965 404/785/1969 396/788/1946
f 396/788/1945 404/785/1968 405/775/1972 397/778/1948
f 397/778/1947 405/775/1971 398/762/1950 390/766/1933
f 398/1541/1949 405/1784/1970 404/1912/1967 403/1782/1964 402/1539/1961 401/1342/1958 400/1262/1955 399/1344/1952
f 406/874/1974 414/872/1991 415/860/1994 407/866/1976
f 407/866/1975 415/860/1993 416/847/1997 408/850/1978
f 408/850/1977 416/847/1996 417/833/2000 409/836/1980
f 409/836/1979 417/833/1999 418/818/2003 410/822/1982
f 410/822/1981 418/818/2002 419/809/2006 411/813/1984
f 411/813/1983 419/809/2005 420/785/2009 412/788/1986
f 412/788/1985 420/785/2008 421/775/2012 413/778/1988
f 413/778/1987 421/775/2011 414/762/1990 406/766/1973
f 414/1546/1989 421/1789/2010 420/1915/2007 419/1788/2004 418/1545/2001 417/1348/1998 416/1265/1995 415/1349/1992
f 422/875/2014 430/873/2031 431/862/2034 423/864/2016
f 423/864/2015 431/862/2033 432/848/2037 424/849/2018
f 424/849/2017 432/848/2036 433/834/2040 425/835/2020
f 425/835/2019 433/834/2039 434/819/2043 426/820/2022
f 426/820/2021 434/819/2042 435/808/2046 427/812/2024
f 427/812/2023 435/808/2045 436/786/2049 428/787/2026
f 428/787/2025 436/786/2048 437/776/2052 429/777/2028
f 429/777/2027 437/776/2051 430/763/2030 422/765/2013
f 430/1544/2029 437/1787/2050 436/1914/2047 435/1786/2044 434/1543/2041 433/1346/2038 432/1264/2035 431/1347/2032
f 438/673/2054 446/672/2071 447/668/2074 439/669/2056
f 439/669/2055 447/668/2073 448/650/2077 440/651/2058
f 440/651/2057 448/650/2076 449/644/2080 441/645/2060
f 441/645/2059 449/644/2079 450/618/2083 442/619/2062
f 442/619/2061 450/618/2082 451/607/2086 443/608/2064
f 443/608/2063 451/607/2085 452/584/2089 444/585/2066
f 444/585/2065 452/584/2088 453/575/2092 445/576/2068
f 445/576/2067 453/575/2091 446/565/2070 438/566/2053
f 446/1550/2069 453/1793/2090 452/1916/2087 451/1790/2084 450/1547/2081 449/1350/2078 448/1266/2075 447/1353/2072
f 454/675/2094 462/674/2111 463/666/2114 455/667/2096
f 455/667/2095 463/666/2113 464/652/2117 456/653/2098
f 456/653/2097 464/652/2116 465/646/2120 457/647/2100
f 457/647/2099 465/646/2119 466/620/2123 458/621/2102
f 458/621/2101 466/620/2122 467/609/2126 459/610/2104
f 459/610/2103 467/609/2125 468/586/2129 460/587/2106
f 460/587/2105 468/586/2128 469/577/2132 461/576/2108
f 461/576/2107 469/577/2131 462/565/2110 454/566/2093
f 462/1551/2109 469/1794/2130 468/1917/2127 467/1791/2124 466/1548/2121 465/1351/2118 464/1267/2115 463/1354/2112
f 470/619/2134 478/618/2151 479/607/2154 471/608/2136
f 471/608/2135 479/607/2153 480/584/2157 472/585/2138
f 472/585/2137 480/584/2156 481/575/2160 473/574/2140
f 473/574/2139 481/575/2159 482/563/2163 474/564/2142
f 474/673/2141 482/672/2162 483/666/2166 475/667/2144
f 475/667/2143 483/666/2165 484/652/2169 476/653/2146
f 476/653/2145 484/652/2168 485/646/2172 477/647/2148
f 477/647/2147 485/646/2171 478/618/2150 470/619/2133
f 478/1552/2149 485/1795/2170 484/1918/2167 483/1792/2164 482/1549/2161 481/1352/2158 480/1268/2155 479/1355/2152
f 486/619/2174 494/618/2191 495/607/2194 487/608/2176
f 487/608/2175 495/607/2193 496/584/2197 488/585/2178
f 488/585/2177 496/584/2196 497/575/2200 489/576/2180
f 489/576/2179 497/575/2199 498/565/2203 490/566/2182
f 490/673/2181 498/672/2202 499/668/2206 491/669/2184
f 491/669/2183 499/668/2205 500/654/2209 492/655/2186
f 492/655/2185 500/654/2208 501/644/2212 493/645/2188
f 493/645/2187 501/644/2211 494/618/2190 486/619/2173
f 494/1550/2189 501/1793/2210 500/1916/2207 499/1790/2204 498/1547/2201 497/1350/2198 496/1266/2195 495/1353/2192
f 502/970/2213 526/971/2309 527/869/2313 503/855/2217
f 502/1026/2215 622/1027/2645 645/1146/2691 525/1105/2307
f 503/855/2218 527/869/2314 528/769/2317 504/751/2221
f 503/946/2220 623/916/2648 622/1027/2646 502/1026/2216
f 504/751/2222 528/769/2318 529/729/2321 505/688/2225
f 504/825/2224 624/759/2650 623/916/2647 503/946/2219
f 505/688/2226 529/729/2322 530/690/2325 506/663/2229
f 505/731/2228 625/686/2652 624/759/2649 504/825/2223
f 506/663/2230 530/690/2326 531/677/2329 507/629/2233
f 506/680/2232 626/613/2654 625/686/2651 505/731/2227
f 507/629/2234 531/677/2330 532/670/2333 508/614/2237
f 507/625/2236 627/544/2656 626/613/2653 506/680/2231
f 508/614/2238 532/670/2334 533/676/2337 509/628/2241
f 508/568/2240 628/488/2658 627/544/2655 507/625/2235
f 509/628/2242 533/676/2338 534/691/2341 510/664/2245
f 509/536/2244 629/440/2660 628/488/2657 508/568/2239
f 510/664/2246 534/691/2342 535/730/2345 511/689/2249
f 510/510/2248 630/418/2662 629/440/2659 509/536/2243
f 511/689/2250 535/730/2346 536/770/2349 512/750/2253
f 511/492/2252 631/393/2664 630/418/2661 510/510/2247
f 512/750/2254 536/770/2350 537/870/2353 513/856/2257
f 512/491/2256 632/391/2666 631/393/2663 511/492/2251
f 513/856/2258 537/870/2354 538/975/2357 514/972/2261
f 513/505/2260 633/399/2668 632/391/2665 512/491/2255
f 514/973/2262 538/974/2358 539/1036/2361 515/1051/2265
f 514/520/2264 634/426/2670 633/399/2667 513/505/2259
f 515/1051/2266 539/1036/2362 540/1098/2365 516/1136/2269
f 515/2538/2268 635/2670/2672 634/2641/2669 514/2477/2263
f 516/1136/2270 540/1098/2366 541/1160/2369 517/1227/2273
f 516/2560/2272 636/2684/2674 635/2670/2671 515/2538/2267
f 517/1227/2274 541/1160/2370 542/1225/2373 518/1365/2277
f 517/2555/2276 637/2680/2676 636/2684/2673 516/2560/2271
f 518/1365/2278 542/1225/2374 543/1269/2377 519/1473/2281
f 518/2528/2280 638/2660/2678 637/2680/2675 517/2555/2275
f 519/1473/2282 543/1269/2378 544/1299/2381 520/1508/2285
f 519/2446/2284 639/2631/2680 638/2660/2677 518/2528/2279
f 520/1508/2286 544/1299/2382 545/1270/2385 521/1472/2289
f 520/2280/2288 640/2585/2682 639/2631/2679 519/2446/2283
f 521/1472/2290 545/1270/2386 546/1224/2389 522/1364/2293
f 521/2053/2292 641/2437/2684 640/2585/2681 520/2280/2287
f 522/1364/2294 546/1224/2390 547/1159/2393 523/1226/2297
f 522/1724/2296 642/2114/2686 641/2437/2683 521/2053/2291
f 523/1226/2298 547/1159/2394 548/1097/2397 524/1135/2301
f 523/1442/2300 643/1671/2688 642/2114/2685 522/1724/2295
f 524/1135/2302 548/1097/2398 549/1035/2401 525/1050/2305
f 524/1228/2304 644/1319/2690 643/1671/2687 523/1442/2299
f 525/1050/2306 549/1035/2402 526/971/2310 502/970/2214
f 525/1105/2308 645/1146/2692 644/1319/2689 524/1228/2303
f 526/1045/2311 550/1044/2405 551/989/2409 527/985/2315
f 527/985/2316 551/989/2410 552/908/2413 528/887/2319
f 528/887/2320 552/908/2414 553/814/2417 529/781/2323
f 529/781/2324 553/814/2418 554/742/2421 530/728/2327
f 530/728/2328 554/742/2422 555/708/2425 531/679/2331
f 531/679/2332 555/708/2426 556/665/2429 532/634/2335
f 532/634/2336 556/665/2430 557/615/2433 533/572/2339
f 533/572/2340 557/615/2434 558/569/2437 534/539/2343
f 534/539/2344 558/569/2438 559/549/2441 535/501/2347
f 535/501/2348 559/549/2442 560/513/2445 536/471/2351
f 536/471/2352 560/513/2446 561/490/2449 537/460/2355
f 537/460/2356 561/490/2450 562/474/2453 538/435/2359
f 538/2652/2360 562/2608/2454 563/2595/2457 539/2638/2363
f 539/2638/2364 563/2595/2458 564/2554/2461 540/2614/2367
f 540/2614/2368 564/2554/2462 565/2478/2465 541/2584/2371
f 541/2584/2372 565/2478/2466 566/2366/2469 542/2505/2375
f 542/2505/2376 566/2366/2470 567/2187/2473 543/2349/2379
f 543/2349/2380 567/2187/2474 568/1952/2477 544/2138/2383
f 544/2138/2384 568/1952/2478 569/1690/2481 545/1849/2387
f 545/1849/2388 569/1690/2482 570/1485/2485 546/1580/2391
f 546/1580/2392 570/1485/2486 571/1274/2489 547/1341/2395
f 547/1341/2396 571/1274/2490 572/1175/2493 548/1195/2399
f 548/1195/2400 572/1175/2494 573/1099/2497 549/1102/2403
f 549/1102/2404 573/1099/2498 550/1044/2406 526/1045/2312
f 550/1516/2407 598/1517/2549 599/1339/2553 551/1320/2411
f 551/1320/2412 599/1339/2554 600/1218/2557 552/1197/2415
f 552/1197/2416 600/1218/2558 601/1155/2561 553/1138/2419
f 553/1138/2420 601/1155/2562 602/1103/2565 554/1085/2423
f 554/1085/2424 602/1103/2566 603/1087/2569 555/1057/2427
f 555/1057/2428 603/1087/2570 604/1080/2573 556/1055/2431
f 556/1055/2432 604/1080/2574 605/1088/2577 557/1058/2435
f 557/1058/2436 605/1088/2578 606/1104/2581 558/1084/2439
f 558/1084/2440 606/1104/2582 607/1156/2585 559/1139/2443
f 559/1139/2444 607/1156/2586 608/1219/2589 560/1198/2447
f 560/1198/2448 608/1219/2590 609/1340/2593 561/1321/2451
f 561/1321/2452 609/1340/2594 610/1518/2597 562/1519/2455
f 562/1521/2456 610/1520/2598 611/1760/2601 563/1800/2459
f 563/1800/2460 611/1760/2602 612/2046/2605 564/2108/2463
f 564/2108/2464 612/2046/2606 613/2247/2609 565/2320/2467
f 565/2320/2468 613/2247/2610 614/2375/2613 566/2456/2471
f 566/2456/2472 614/2375/2614 615/2455/2617 567/2524/2475
f 567/2524/2476 615/2455/2618 616/2466/2621 568/2533/2479
f 568/2533/2480 616/2466/2622 617/2454/2625 569/2523/2483
f 569/2523/2484 617/2454/2626 618/2374/2629 570/2457/2487
f 570/2457/2488 618/2374/2630 619/2246/2633 571/2319/2491
f 571/2319/2492 619/2246/2634 620/2045/2637 572/2107/2495
f 572/2107/2496 620/2045/2638 621/1759/2641 573/1799/2499
f 573/1799/2500 621/1759/2642 598/1517/2550 550/1516/2408
f 574/1012/2501 599/1011/2555 598/967/2551 575/966/2503
f 575/966/2504 598/967/2552 621/898/2644 576/899/2506
f 576/899/2505 621/898/2643 620/804/2640 577/803/2508
f 577/803/2507 620/804/2639 619/736/2636 578/737/2510
f 578/737/2509 619/736/2635 618/700/2632 579/701/2512
f 579/701/2511 618/700/2631 617/662/2628 580/661/2514
f 580/661/2513 617/662/2627 616/594/2624 581/593/2516
f 581/593/2515 616/594/2623 615/557/2620 582/556/2518
f 582/556/2517 615/557/2619 614/499/2616 583/498/2520
f 583/498/2519 614/499/2615 613/463/2612 584/462/2522
f 584/462/2521 613/463/2611 612/417/2608 585/416/2524
f 585/416/2523 612/417/2607 611/359/2604 586/358/2526
f 586/358/2525 611/359/2603 610/311/2600 587/310/2528
f 587/2644/2527 610/2643/2599 609/2603/2596 588/2602/2530
f 588/2602/2529 609/2603/2595 608/2518/2592 589/2517/2532
f 589/2517/2531 608/2518/2591 607/2315/2588 590/2316/2534
f 590/2316/2533 607/2315/2587 606/2061/2584 591/2060/2536
f 591/2060/2535 606/2061/2583 605/1773/2580 592/1772/2538
f 592/1772/2537 605/1773/2579 604/1530/2576 593/1531/2540
f 593/1531/2539 604/1530/2575 603/1357/2572 594/1356/2542
f 594/1356/2541 603/1357/2571 602/1212/2568 595/1211/2544
f 595/1211/2543 602/1212/2567 601/1144/2564 596/1145/2546
f 596/1145/2545 601/1144/2563 600/1077/2560 597/1076/2548
f 597/1076/2547 600/1077/2559 599/1011/2556 574/1012/2502
f 646/854/2694 654/852/2711 655/838/2714 647/840/2696
f 647/840/2695 655/838/2713 656/823/2717 648/824/2698
f 648/824/2697 656/823/2716 657/810/2720 649/811/2700
f 649/811/2699 657/810/2719 658/790/2723 650/791/2702
f 650/791/2701 658/790/2722 659/779/2726 651/780/2704
f 651/780/2703 659/779/2725 660/767/2729 652/768/2706
f 652/881/2705 660/879/2728 661/867/2732 653/866/2708
f 653/866/2707 661/867/2731 654/852/2710 646/854/2693
f 654/1544/2709 661/1787/2730 660/1914/2727 659/1786/2724 658/1543/2721 657/1346/2718 656/1264/2715 655/1347/2712
f 662/822/2734 670/818/2751 671/809/2754 663/813/2736
f 663/813/2735 671/809/2753 672/789/2757 664/788/2738
f 664/788/2737 672/789/2756 673/771/2760 665/773/2740
f 665/773/2739 673/771/2759 674/762/2763 666/764/2742
f 666/877/2741 674/878/2762 675/861/2766 667/866/2744
f 667/866/2743 675/861/2765 676/851/2769 668/854/2746
f 668/854/2745 676/851/2768 677/837/2772 669/832/2748
f 669/832/2747 677/837/2771 670/818/2750 662/822/2733
f 670/1544/2749 677/1787/2770 676/1914/2767 675/1786/2764 674/1543/2761 673/1346/2758 672/1264/2755 671/1347/2752
f 690/2083/2785 700/2082/2805 709/2157/2823 699/2158/2803
f 691/2029/2788 701/2028/2808 700/2082/2806 690/2083/2786
f 692/1966/2790 702/1965/2810 701/2028/2807 691/2029/2787
f 693/1900/2792 703/1899/2812 702/1965/2809 692/1966/2789
f 694/1843/2794 704/1842/2814 703/1899/2811 693/1900/2791
f 695/1766/2796 705/1765/2816 704/1842/2813 694/1843/2793
f 696/1716/2798 706/1715/2818 705/1765/2815 695/1766/2795
f 697/2257/2800 707/2256/2820 706/2295/2817 696/2296/2797
f 698/2206/2802 708/2205/2822 707/2256/2819 697/2257/2799
f 699/2158/2804 709/2157/2824 708/2205/2821 698/2206/2801
f 710/2039/2826 720/2038/2846 721/2090/2848 711/2091/2828
f 711/2091/2827 721/2090/2847 722/2162/2850 712/2160/2830
f 712/2160/2829 722/2162/2849 723/2209/2852 713/2210/2832
f 713/2210/2831 723/2209/2851 724/2263/2854 714/2264/2834
f 714/2264/2833 724/2263/2853 725/2305/2856 715/2306/2836
f 715/2306/2835 725/2305/2855 726/2357/2858 716/2358/2838
f 716/2358/2837 726/2357/2857 727/2392/2860 717/2391/2840
f 717/1850/2839 727/1851/2859 728/1902/2862 718/1903/2842
f 718/1903/2841 728/1902/2861 729/1973/2864 719/1972/2844
f 719/1972/2843 729/1973/2863 720/2038/2845 710/2039/2825
f 730/1448/2866 740/1445/2886 741/1492/2888 731/1495/2868
f 731/1495/2867 741/1492/2887 742/1525/2890 732/1528/2870
f 732/1528/2869 742/1525/2889 743/1589/2892 733/1592/2872
f 733/1592/2871 743/1589/2891 744/1619/2894 734/1622/2874
f 734/1622/2873 744/1619/2893 745/1678/2896 735/1681/2876
f 735/1260/2875 745/1257/2895 746/1276/2898 736/1279/2878
f 736/1279/2877 746/1276/2897 747/1327/2900 737/1330/2880
f 737/1330/2879 747/1327/2899 748/1370/2902 738/1373/2882
f 738/1373/2881 748/1370/2901 749/1415/2904 739/1418/2884
f 739/1418/2883 749/1415/2903 740/1445/2885 730/1448/2865
f 750/2327/2906 760/2328/2926 761/2370/2928 751/2369/2908
f 751/2369/2907 761/2370/2927 762/2416/2930 752/2415/2910
f 752/2415/2909 762/2416/2929 763/2459/2932 753/2458/2912
f 753/2458/2911 763/2459/2931 764/2495/2934 754/2494/2914
f 754/2494/2913 764/2495/2933 765/2526/2936 755/2525/2916
f 755/2525/2915 765/2526/2935 766/2545/2938 756/2544/2918
f 756/2120/2917 766/2121/2937 767/2176/2940 757/2175/2920
f 757/2175/2919 767/2176/2939 768/2237/2942 758/2236/2922
f 758/2236/2921 768/2237/2941 769/2276/2944 759/2275/2924
f 759/2275/2923 769/2276/2943 760/2328/2925 750/2327/2905
f 770/1736/2945 780/1735/2965 789/1802/2983 779/1803/2963
f 771/1685/2948 781/1684/2968 780/1735/2966 770/1736/2946
f 772/1632/2950 782/1631/2970 781/1684/2967 771/1685/2947
f 773/1597/2952 783/1596/2972 782/1631/2969 772/1632/2949
f 774/1535/2954 784/1534/2974 783/1596/2971 773/1597/2951
f 775/1501/2956 785/1500/2976 784/1534/2973 774/1535/2953
f 776/1455/2958 786/1454/2978 785/1500/2975 775/1501/2955
f 777/1426/2960 787/1425/2980 786/1454/2977 776/1455/2957
f 778/1379/2962 788/1378/2982 787/1425/2979 777/1426/2959
f 779/1335/2964 789/1334/2984 788/1378/2981 778/1379/2961
f 790/1612/2985 800/1609/3005 809/1659/3023 799/1662/3003
f 791/2149/2988 801/2146/3008 800/2194/3006 790/2197/2986
f 792/2074/2990 802/2071/3010 801/2146/3007 791/2149/2987
f 793/2021/2992 803/2018/3012 802/2071/3009 792/2074/2989
f 794/1956/2994 804/1953/3014 803/2018/3011 793/2021/2991
f 795/1892/2996 805/1887/3016 804/1953/3013 794/1956/2993
f 796/1834/2998 806/1831/3018 805/1887/3015 795/1892/2995
f 797/1758/3000 807/1755/3020 806/1831/3017 796/1834/2997
f 798/1709/3002 808/1706/3022 807/1755/3019 797/1758/2999
f 799/1662/3004 809/1659/3024 808/1706/3021 798/1709/3001
f 810/2405/3025 820/2404/3045 829/2449/3063 819/2448/3043
f 811/2364/3028 821/2365/3048 820/2404/3046 810/2405/3026
f 812/2311/3030 822/2312/3050 821/2365/3047 811/2364/3027
f 813/2271/3032 823/2272/3052 822/2312/3049 812/2311/3029
f 814/2215/3034 824/2216/3054 823/2272/3051 813/2271/3031
f 815/2166/3036 825/2167/3056 824/2216/3053 814/2215/3033
f 816/2097/3038 826/2098/3058 825/2167/3055 815/2166/3035
f 817/2047/3040 827/2048/3060 826/2098/3057 816/2097/3037
f 818/1978/3042 828/1979/3062 827/2048/3059 817/2047/3039
f 819/2448/3044 829/2449/3064 828/2475/3061 818/2476/3041
f 830/2303/2 840/918/12 841/921/13 835/2302/7
f 831/2288/3 848/920/20 849/917/21 836/2298/8
f 832/2286/4 846/926/18 847/924/19 837/2289/9
f 833/2287/5 844/929/16 845/928/17 838/2285/10
f 834/2299/6 842/923/14 843/927/15 839/2290/11
f 835/2302/7 834/2299/6 1098/2813/250 1099/2812/251
f 835/2302/7 841/921/13 842/923/14 834/2299/6
f 836/2298/8 830/2303/2 1089/2810/241 1101/2805/253
f 836/2298/8 849/917/21 840/918/12 830/2303/2
f 837/2289/9 831/2297/3 1091/2807/243 1103/2806/255
f 837/2289/9 847/924/19 848/922/20 831/2297/3
f 838/2285/10 832/2286/4 1093/2808/245 1105/2809/257
f 838/2285/10 845/928/17 846/926/18 832/2286/4
f 839/2290/11 833/2287/5 1095/2811/247 1106/2814/258
f 839/2290/11 843/927/15 844/929/16 833/2287/5
f 840/1439/12 850/551/22 851/550/23 841/1438/13
f 841/1438/13 851/550/23 852/546/24 842/1435/14
f 842/1435/14 852/546/24 853/543/25 843/1434/15
f 843/1434/15 853/543/25 854/540/26 844/1429/16
f 844/1429/16 854/540/26 855/538/27 845/1420/17
f 845/1420/17 855/538/27 856/535/28 846/1411/18
f 846/1411/18 856/535/28 857/534/29 847/1406/19
f 847/1406/19 857/534/29 858/532/30 848/1400/20
f 848/1443/20 858/553/30 859/552/31 849/1440/21
f 849/1440/21 859/552/31 850/551/22 840/1439/12
f 850/1830/22 860/639/32 861/636/33 851/1827/23
f 851/1827/23 861/636/33 862/631/34 852/1820/24
f 852/1820/24 862/631/34 863/626/35 853/1813/25
f 853/1813/25 863/626/35 864/623/36 854/1806/26
f 854/1806/26 864/623/36 865/622/37 855/1807/27
f 855/1807/27 865/622/37 866/624/38 856/1818/28
f 856/1818/28 866/624/38 867/627/39 857/1819/29
f 857/1819/29 867/627/39 868/633/40 858/1828/30
f 858/1825/30 868/632/40 869/635/41 859/1829/31
f 859/1829/31 869/635/41 860/639/32 850/1830/22
f 860/639/32 911/175/83 913/176/85 861/636/33
f 861/636/33 913/176/85 915/179/87 862/631/34
f 862/631/34 915/179/87 917/182/89 863/626/35
f 863/626/35 917/182/89 919/185/91 864/623/36
f 864/623/36 919/185/91 921/188/93 865/622/37
f 865/622/37 921/188/93 923/187/95 866/624/38
f 866/624/38 923/187/95 925/183/97 867/627/39
f 867/627/39 925/183/97 927/181/99 868/633/40
f 868/632/40 927/180/99 929/178/101 869/635/41
f 869/635/41 929/178/101 911/175/83 860/639/32
f 870/1283/42 876/1285/48 1052/524/214 1040/522/202
f 870/1283/42 880/2765/52 889/2763/61 876/1285/48
f 871/1289/43 877/1291/49 1054/528/216 1042/529/204
f 871/1289/43 888/2764/60 887/2760/59 877/1291/49
f 872/1294/44 878/1293/50 1056/526/218 1044/527/206
f 872/1294/44 886/2758/58 885/2756/57 878/1293/50
f 873/1290/45 879/1288/51 1057/518/219 1046/523/208
f 873/1290/45 884/2755/56 883/2757/55 879/1288/51
f 874/1286/46 875/1284/47 1050/521/212 1049/519/211
f 874/1286/46 882/2759/54 881/2762/53 875/1284/47
f 875/1284/47 881/2762/53 880/2765/52 870/1283/42
f 876/1285/48 889/2763/61 888/2761/60 871/1287/43
f 877/1291/49 887/2760/59 886/2758/58 872/1294/44
f 878/1293/50 885/2756/57 884/2755/56 873/1290/45
f 879/1288/51 883/2757/55 882/2759/54 874/1286/46
f 880/704/52 890/226/62 899/227/71 889/705/61
f 881/703/53 891/225/63 890/226/62 880/704/52
f 882/702/54 892/224/64 891/225/63 881/703/53
f 883/698/55 893/223/65 892/224/64 882/702/54
f 884/697/56 894/222/66 893/223/65 883/698/55
f 885/696/57 895/220/67 894/222/66 884/697/56
f 886/695/58 896/219/68 895/220/67 885/696/57
f 887/693/59 897/221/69 896/219/68 886/695/58
f 888/694/60 898/218/70 897/221/69 887/693/59
f 889/705/61 899/227/71 898/228/70 888/706/60
f 890/403/62 900/932/72 909/933/81 899/404/71
f 891/406/63 901/936/73 900/932/72 890/403/62
f 892/409/64 902/939/74 901/936/73 891/406/63
f 893/412/65 903/941/75 902/939/74 892/409/64
f 894/414/66 904/943/76 903/941/75 893/412/65
f 895/415/67 905/945/77 904/943/76 894/414/66
f 896/413/68 906/944/78 905/945/77 895/415/67
f 897/410/69 907/942/79 906/944/78 896/413/68
f 898/408/70 908/940/80 907/942/79 897/410/69
f 899/404/71 909/933/81 908/938/80 898/407/70
f 900/932/72 971/2362/143 989/2350/161 909/933/81
f 901/936/73 973/2361/145 971/2362/143 900/932/72
f 902/939/74 975/2348/147 973/2361/145 901/936/73
f 903/941/75 977/2340/149 975/2348/147 902/939/74
f 904/943/76 979/2329/151 977/2340/149 903/941/75
f 905/945/77 981/2321/153 979/2329/151 904/943/76
f 906/944/78 983/2326/155 981/2321/153 905/945/77
f 907/942/79 985/2337/157 983/2326/155 906/944/78
f 908/940/80 987/2347/159 985/2337/157 907/942/79
f 909/933/81 989/2350/161 987/2344/159 908/938/80
f 910/1067/82 912/1068/84 913/2119/85 911/2115/83
f 910/1067/82 928/1066/100 948/591/120 930/590/102
f 911/2115/83 929/2116/101 928/1066/100 910/1067/82
f 912/1068/84 914/1069/86 915/2125/87 913/2119/85
f 914/1069/86 916/1071/88 917/2130/89 915/2125/87
f 916/1071/88 918/1070/90 919/2132/91 917/2130/89
f 918/1070/90 920/1072/92 921/2134/93 919/2132/91
f 920/1072/92 922/1073/94 923/2133/95 921/2134/93
f 922/1073/94 924/1074/96 925/2129/97 923/2133/95
f 924/1074/96 926/1075/98 927/2126/99 925/2129/97
f 926/1065/98 928/1066/100 929/2116/101 927/2122/99
f 930/590/102 932/592/104 912/1068/84 910/1067/82
f 930/590/102 948/591/120 949/292/121 931/293/103
f 931/293/103 933/295/105 932/592/104 930/590/102
f 931/245/103 949/247/121 968/445/140 950/443/122
f 932/592/104 934/596/106 914/1069/86 912/1068/84
f 933/295/105 935/296/107 934/596/106 932/592/104
f 934/596/106 936/598/108 916/1071/88 914/1069/86
f 935/296/107 937/299/109 936/598/108 934/596/106
f 936/598/108 938/603/110 918/1070/90 916/1071/88
f 937/299/109 939/300/111 938/603/110 936/598/108
f 938/603/110 940/605/112 920/1072/92 918/1070/90
f 939/300/111 941/302/113 940/605/112 938/603/110
f 940/605/112 942/604/114 922/1073/94 920/1072/92
f 941/302/113 943/301/115 942/604/114 940/605/112
f 942/604/114 944/600/116 924/1074/96 922/1073/94
f 943/301/115 945/298/117 944/600/116 942/604/114
f 944/600/116 946/597/118 926/1075/98 924/1074/96
f 945/298/117 947/297/119 946/597/118 944/600/116
f 946/595/118 948/591/120 928/1066/100 926/1065/98
f 947/294/119 949/292/121 948/591/120 946/595/118
f 950/443/122 952/444/124 933/246/105 931/245/103
f 950/443/122 968/445/140 969/1024/141 951/1022/123
f 951/1022/123 953/1025/125 952/444/124 950/443/122
f 951/2054/123 969/2052/141 1028/1165/200 1010/1162/182
f 952/444/124 954/447/126 935/248/107 933/246/105
f 953/1025/125 955/1028/127 954/447/126 952/444/124
f 954/447/126 956/454/128 937/251/109 935/248/107
f 955/1028/127 957/1032/129 956/454/128 954/447/126
f 956/454/128 958/455/130 939/253/111 937/251/109
f 957/1032/129 959/1038/131 958/455/130 956/454/128
f 958/455/130 960/457/132 941/255/113 939/253/111
f 959/1038/131 961/1042/133 960/457/132 958/455/130
f 960/457/132 962/456/134 943/254/115 941/255/113
f 961/1042/133 963/1040/135 962/456/134 960/457/132
f 962/456/134 964/453/136 945/252/117 943/254/115
f 963/1040/135 965/1033/137 964/453/136 962/456/134
f 964/453/136 966/446/138 947/249/119 945/252/117
f 965/1033/137 967/1030/139 966/446/138 964/453/136
f 966/448/138 968/445/140 949/247/121 947/250/119
f 967/1029/139 969/1024/141 968/445/140 966/448/138
f 970/332/142 972/333/144 993/724/165 991/727/163
f 970/332/142 988/331/160 989/204/161 971/205/143
f 971/205/143 973/203/145 972/333/144 970/332/142
f 972/333/144 974/334/146 995/720/167 993/724/165
f 973/203/145 975/200/147 974/334/146 972/333/144
f 974/334/146 976/335/148 997/717/169 995/720/167
f 975/200/147 977/198/149 976/335/148 974/334/146
f 976/335/148 978/336/150 999/715/171 997/717/169
f 977/198/149 979/196/151 978/336/150 976/335/148
f 978/336/150 980/337/152 1001/714/173 999/715/171
f 979/196/151 981/195/153 980/337/152 978/336/150
f 980/337/152 982/338/154 1003/716/175 1001/714/173
f 981/195/153 983/197/155 982/338/154 980/337/152
f 982/338/154 984/339/156 1005/718/177 1003/716/175
f 983/197/155 985/199/157 984/339/156 982/338/154
f 984/339/156 986/340/158 1007/721/179 1005/718/177
f 985/199/157 987/202/159 986/340/158 984/339/156
f 986/330/158 988/331/160 1009/723/181 1007/719/179
f 987/201/159 989/204/161 988/331/160 986/330/158
f 990/1332/162 992/1322/164 1013/959/185 1011/960/183
f 990/1118/162 1008/1115/180 1009/723/181 991/727/163
f 991/727/163 993/724/165 992/1116/164 990/1118/162
f 991/727/163 1009/723/181 988/331/160 970/332/142
f 992/1322/164 994/1315/166 1015/956/187 1013/959/185
f 993/724/165 995/720/167 994/1112/166 992/1116/164
f 994/1315/166 996/1307/168 1017/953/189 1015/956/187
f 995/720/167 997/717/169 996/1108/168 994/1112/166
f 996/1307/168 998/1300/170 1019/949/191 1017/953/189
f 997/717/169 999/715/171 998/1106/170 996/1108/168
f 998/1300/170 1000/1295/172 1021/947/193 1019/949/191
f 999/715/171 1001/714/173 1000/1107/172 998/1106/170
f 1000/1295/172 1002/1298/174 1023/948/195 1021/947/193
f 1001/714/173 1003/716/175 1002/1110/174 1000/1107/172
f 1002/1298/174 1004/1306/176 1025/950/197 1023/948/195
f 1003/716/175 1005/718/177 1004/1117/176 1002/1110/174
f 1004/1306/176 1006/1314/178 1027/955/199 1025/950/197
f 1005/718/177 1007/721/179 1006/1119/178 1004/1117/176
f 1006/1318/178 1008/1325/180 1029/958/201 1027/957/199
f 1007/719/179 1009/723/181 1008/1115/180 1006/1111/178
f 1010/1162/182 1012/1163/184 953/2042/125 951/2054/123
f 1010/383/182 1028/381/200 1029/958/201 1011/960/183
f 1011/960/183 1029/958/201 1008/1325/180 990/1332/162
f 1012/380/184 1010/383/182 1011/960/183 1013/959/185
f 1012/1163/184 1014/1166/186 955/2013/127 953/2042/125
f 1013/959/185 1015/956/187 1014/377/186 1012/380/184
f 1014/1166/186 1016/1173/188 957/1983/129 955/2013/127
f 1016/375/188 1014/377/186 1015/956/187 1017/953/189
f 1016/1173/188 1018/1181/190 959/1960/131 957/1983/129
f 1018/368/190 1016/375/188 1017/953/189 1019/949/191
f 1018/1181/190 1020/1182/192 961/1949/133 959/1960/131
f 1020/366/192 1018/368/190 1019/949/191 1021/947/193
f 1020/1182/192 1022/1178/194 963/1951/135 961/1949/133
f 1022/367/194 1020/366/192 1021/947/193 1023/948/195
f 1022/1178/194 1024/1167/196 965/1968/137 963/1951/135
f 1024/372/196 1022/367/194 1023/948/195 1025/950/197
f 1024/1167/196 1026/1161/198 967/1982/139 965/1968/137
f 1026/376/198 1024/372/196 1025/950/197 1027/955/199
f 1026/1174/198 1028/1165/200 969/2052/141 967/2037/139
f 1028/381/200 1026/378/198 1027/957/199 1029/958/201
f 1035/1923/3076 1034/1926/3073 1068/2773/230 1069/2775/231
f 1036/1921/3078 1030/1922/3066 1059/2774/221 1071/2771/233
f 1037/1931/3080 1031/1932/3068 1061/2778/223 1073/2777/235
f 1038/1929/3082 1032/1930/3070 1063/2776/225 1075/2772/237
f 1039/1927/3084 1033/1928/3072 1065/2769/227 1077/2770/239
f 1040/522/202 1050/521/212 875/1284/47 870/1283/42
f 1040/1423/202 1052/1412/214 1053/1249/215 1041/1255/203
f 1041/1255/203 1051/1250/213 1050/1413/212 1040/1423/202
f 1041/1255/203 1053/1249/215 1072/1186/234 1060/1184/222
f 1042/525/204 1052/524/214 876/1285/48 871/1287/43
f 1042/1388/204 1054/1368/216 1055/1231/217 1043/1240/205
f 1043/1241/205 1053/1249/215 1052/1412/214 1042/1399/204
f 1043/1240/205 1055/1231/217 1074/1200/236 1062/1196/224
f 1044/527/206 1054/528/216 877/1291/49 872/1294/44
f 1044/1363/206 1056/1361/218 1076/1217/238 1045/1220/207
f 1045/1220/207 1055/1231/217 1054/1368/216 1044/1363/206
f 1045/1220/207 1076/1217/238 1064/1209/226
f 1046/523/208 1056/526/218 878/1293/50 873/1290/45
f 1046/1367/208 1057/1385/219 1058/1236/220 1047/1223/209
f 1047/1223/209 1058/1236/220 1078/1199/240 1066/1210/228
f 1047/1223/209 1076/1217/238 1056/1361/218 1046/1367/208
f 1048/1242/210 1051/1250/213 1070/1187/232 1067/1194/229
f 1048/1242/210 1058/1236/220 1057/1385/219 1049/1401/211
f 1049/1401/211 1050/1413/212 1051/1250/213 1048/1242/210
f 1049/519/211 1057/518/219 879/1288/51 874/1286/46
f 1059/1120/221 1069/1122/231 1070/1187/232 1060/1184/222
f 1060/1184/222 1070/1187/232 1051/1250/213 1041/1255/203
f 1060/1184/222 1072/1186/234 1071/1121/233 1059/1120/221
f 1061/1126/223 1071/1121/233 1072/1186/234 1062/1191/224
f 1062/1191/224 1072/1186/234 1053/1249/215 1043/1241/205
f 1062/1196/224 1074/1200/236 1073/1134/235 1061/1132/223
f 1063/1140/225 1073/1134/235 1074/1200/236 1064/1209/226
f 1064/1209/226 1074/1200/236 1055/1231/217 1045/1220/207
f 1064/1209/226 1076/1217/238 1075/1143/237 1063/1140/225
f 1065/1137/227 1075/1143/237 1076/1217/238 1066/1210/228
f 1066/1210/228 1076/1217/238 1047/1223/209
f 1066/1210/228 1078/1199/240 1077/1133/239 1065/1137/227
f 1067/1194/229 1070/1187/232 1069/1122/231 1068/1129/230
f 1067/1194/229 1078/1199/240 1058/1236/220 1048/1242/210
f 1068/1129/230 1077/1133/239 1078/1199/240 1067/1194/229
f 1069/2775/231 1059/2774/221 1030/1922/3065 1035/1923/3075
f 1071/2771/233 1061/2768/223 1031/1920/3067 1036/1921/3077
f 1073/2777/235 1063/2776/225 1032/1930/3069 1037/1931/3079
f 1075/2772/237 1065/2769/227 1033/1928/3071 1038/1929/3081
f 1077/2770/239 1068/2773/230 1034/1926/3074 1039/1927/3083
f 1079/2227/3086 1085/2224/3098 1121/886/273 1109/888/261
f 1080/2231/3088 1086/2230/3100 1123/895/275 1111/896/263
f 1081/2229/3090 1087/2225/3102 1125/893/277 1113/894/265
f 1082/2222/3092 1088/2223/3104 1127/891/279 1115/892/267
f 1083/2226/3093 1084/2228/3096 1119/889/271 1117/890/269
f 1089/2616/241 1099/2617/251 1100/2650/252 1090/2649/242
f 1090/2649/242 1100/2650/252 1118/2688/270 1108/2690/260
f 1090/2649/242 1102/2651/254 1101/2619/253 1089/2616/241
f 1091/2622/243 1101/2619/253 1102/2651/254 1092/2655/244
f 1092/2655/244 1102/2651/254 1120/2689/272 1110/2687/262
f 1092/2659/244 1104/2663/256 1103/2626/255 1091/2623/243
f 1093/2629/245 1103/2626/255 1104/2663/256 1094/2669/246
f 1094/2669/246 1104/2663/256 1122/2679/274 1112/2676/264
f 1094/2669/246 1124/2672/276 1105/2630/257 1093/2629/245
f 1095/2628/247 1105/2630/257 1124/2672/276 1096/2667/248
f 1096/2667/248 1107/2661/259 1106/2624/258 1095/2628/247
f 1096/2667/248 1124/2672/276 1114/2675/266
f 1097/2653/249 1100/2650/252 1099/2617/251 1098/2621/250
f 1097/2653/249 1107/2661/259 1126/2678/278 1116/2686/268
f 1098/2621/250 1106/2624/258 1107/2661/259 1097/2653/249
f 1099/2812/251 1089/2810/241 830/2303/2 835/2302/7
f 1101/2805/253 1091/2803/243 831/2288/3 836/2298/8
f 1103/2806/255 1093/2808/245 832/2286/4 837/2289/9
f 1105/2809/257 1095/2811/247 833/2287/5 838/2285/10
f 1106/2814/258 1098/2813/250 834/2299/6 839/2290/11
f 1108/2690/260 1120/2689/272 1102/2651/254 1090/2649/242
f 1109/888/261 1119/889/271 1084/2228/3095 1079/2227/3085
f 1110/2685/262 1122/2679/274 1104/2663/256 1092/2659/244
f 1111/885/263 1121/886/273 1085/2224/3097 1080/2219/3087
f 1112/2676/264 1124/2672/276 1094/2669/246
f 1113/894/265 1123/895/275 1086/2230/3099 1081/2229/3089
f 1114/2675/266 1126/2678/278 1107/2661/259 1096/2667/248
f 1115/892/267 1125/893/277 1087/2225/3101 1082/2222/3091
f 1116/2686/268 1118/2688/270 1100/2650/252 1097/2653/249
f 1117/890/269 1127/891/279 1088/2223/3103 1083/2226/3094
f 1118/2688/270 1116/2686/268 1117/2707/269 1119/2710/271
f 1119/2710/271 1109/2715/261 1108/2690/260 1118/2688/270
f 1120/2689/272 1108/2690/260 1109/2715/261 1121/2711/273
f 1121/2711/273 1111/2708/263 1110/2687/262 1120/2689/272
f 1122/2679/274 1110/2685/262 1111/2703/263 1123/2701/275
f 1123/2701/275 1113/2698/265 1112/2676/264 1122/2679/274
f 1124/2672/276 1112/2676/264 1113/2698/265 1125/2697/277
f 1125/2697/277 1115/2699/267 1114/2675/266 1124/2672/276
f 1126/2678/278 1114/2675/266 1115/2699/267 1127/2702/279
f 1127/2702/279 1117/2707/269 1116/2686/268 1126/2678/278
f 1128/2303/280 1138/918/290 1147/917/299 1134/2298/286
f 1129/2297/281 1146/922/298 1145/924/297 1135/2289/287
f 1130/2286/282 1144/926/296 1143/928/295 1136/2285/288
f 1131/2287/283 1142/929/294 1141/927/293 1137/2290/289
f 1132/2299/284 1140/923/292 1139/921/291 1133/2302/285
f 1133/2302/285 1128/2303/280 1387/2810/519 1397/2812/529
f 1133/2302/285 1139/921/291 1138/918/290 1128/2303/280
f 1134/2298/286 1129/2288/281 1389/2803/521 1399/2805/531
f 1134/2298/286 1147/917/299 1146/920/298 1129/2288/281
f 1135/2289/287 1130/2286/282 1391/2808/523 1401/2806/533
f 1135/2289/287 1145/924/297 1144/926/296 1130/2286/282
f 1136/2285/288 1131/2287/283 1393/2811/525 1403/2809/535
f 1136/2285/288 1143/928/295 1142/929/294 1131/2287/283
f 1137/2290/289 1132/2299/284 1396/2813/528 1404/2814/536
f 1137/2290/289 1141/927/293 1140/923/292 1132/2299/284
f 1138/1439/290 1148/551/300 1157/552/309 1147/1440/299
f 1139/1438/291 1149/550/301 1148/551/300 1138/1439/290
f 1140/1435/292 1150/546/302 1149/550/301 1139/1438/291
f 1141/1434/293 1151/543/303 1150/546/302 1140/1435/292
f 1142/1429/294 1152/540/304 1151/543/303 1141/1434/293
f 1143/1420/295 1153/538/305 1152/540/304 1142/1429/294
f 1144/1411/296 1154/535/306 1153/538/305 1143/1420/295
f 1145/1406/297 1155/534/307 1154/535/306 1144/1411/296
f 1146/1400/298 1156/532/308 1155/534/307 1145/1406/297
f 1147/1440/299 1157/552/309 1156/553/308 1146/1443/298
f 1148/1830/300 1158/639/310 1167/635/319 1157/1829/309
f 1149/1827/301 1159/636/311 1158/639/310 1148/1830/300
f 1150/1820/302 1160/631/312 1159/636/311 1149/1827/301
f 1151/1813/303 1161/626/313 1160/631/312 1150/1820/302
f 1152/1806/304 1162/623/314 1161/626/313 1151/1813/303
f 1153/1807/305 1163/622/315 1162/623/314 1152/1806/304
f 1154/1818/306 1164/624/316 1163/622/315 1153/1807/305
f 1155/1819/307 1165/627/317 1164/624/316 1154/1818/306
f 1156/1828/308 1166/633/318 1165/627/317 1155/1819/307
f 1157/1829/309 1167/635/319 1166/632/318 1156/1825/308
f 1158/639/310 1209/175/361 1227/178/379 1167/635/319
f 1159/636/311 1211/176/363 1209/175/361 1158/639/310
f 1160/631/312 1213/179/365 1211/176/363 1159/636/311
f 1161/626/313 1215/182/367 1213/179/365 1160/631/312
f 1162/623/314 1217/185/369 1215/182/367 1161/626/313
f 1163/622/315 1219/188/371 1217/185/369 1162/623/314
f 1164/624/316 1221/187/373 1219/188/371 1163/622/315
f 1165/627/317 1223/183/375 1221/187/373 1164/624/316
f 1166/633/318 1225/181/377 1223/183/375 1165/627/317
f 1167/635/319 1227/178/379 1225/180/377 1166/632/318
f 1168/1283/320 1173/1284/325 1348/521/490 1338/522/480
f 1168/1283/320 1178/2765/330 1179/2762/331 1173/1284/325
f 1169/1287/321 1174/1285/326 1350/524/492 1340/525/482
f 1169/1287/321 1186/2761/338 1187/2763/339 1174/1285/326
f 1170/1294/322 1175/1291/327 1352/528/494 1342/527/484
f 1170/1294/322 1184/2758/336 1185/2760/337 1175/1291/327
f 1171/1290/323 1176/1293/328 1354/526/496 1344/523/486
f 1171/1290/323 1182/2755/334 1183/2756/335 1176/1293/328
f 1172/1286/324 1177/1288/329 1355/518/497 1347/519/489
f 1172/1286/324 1180/2759/332 1181/2757/333 1177/1288/329
f 1173/1284/325 1179/2762/331 1180/2759/332 1172/1286/324
f 1174/1285/326 1187/2763/339 1178/2765/330 1168/1283/320
f 1175/1291/327 1185/2760/337 1186/2764/338 1169/1289/321
f 1176/1293/328 1183/2756/335 1184/2758/336 1170/1294/322
f 1177/1288/329 1181/2757/333 1182/2755/334 1171/1290/323
f 1178/704/330 1188/226/340 1189/225/341 1179/703/331
f 1179/703/331 1189/225/341 1190/224/342 1180/702/332
f 1180/702/332 1190/224/342 1191/223/343 1181/698/333
f 1181/698/333 1191/223/343 1192/222/344 1182/697/334
f 1182/697/334 1192/222/344 1193/220/345 1183/696/335
f 1183/696/335 1193/220/345 1194/219/346 1184/695/336
f 1184/695/336 1194/219/346 1195/221/347 1185/693/337
f 1185/693/337 1195/221/347 1196/218/348 1186/694/338
f 1186/706/338 1196/228/348 1197/227/349 1187/705/339
f 1187/705/339 1197/227/349 1188/226/340 1178/704/330
f 1188/403/340 1198/932/350 1199/936/351 1189/406/341
f 1189/406/341 1199/936/351 1200/939/352 1190/409/342
f 1190/409/342 1200/939/352 1201/941/353 1191/412/343
f 1191/412/343 1201/941/353 1202/943/354 1192/414/344
f 1192/414/344 1202/943/354 1203/945/355 1193/415/345
f 1193/415/345 1203/945/355 1204/944/356 1194/413/346
f 1194/413/346 1204/944/356 1205/942/357 1195/410/347
f 1195/410/347 1205/942/357 1206/940/358 1196/408/348
f 1196/407/348 1206/938/358 1207/933/359 1197/404/349
f 1197/404/349 1207/933/359 1198/932/350 1188/403/340
f 1198/932/350 1269/2362/421 1271/2361/423 1199/936/351
f 1199/936/351 1271/2361/423 1273/2348/425 1200/939/352
f 1200/939/352 1273/2348/425 1275/2340/427 1201/941/353
f 1201/941/353 1275/2340/427 1277/2329/429 1202/943/354
f 1202/943/354 1277/2329/429 1279/2321/431 1203/945/355
f 1203/945/355 1279/2321/431 1281/2326/433 1204/944/356
f 1204/944/356 1281/2326/433 1283/2337/435 1205/942/357
f 1205/942/357 1283/2337/435 1285/2347/437 1206/940/358
f 1206/938/358 1285/2344/437 1287/2350/439 1207/933/359
f 1207/933/359 1287/2350/439 1269/2362/421 1198/932/350
f 1208/1067/360 1210/1068/362 1230/592/382 1228/590/380
f 1208/1067/360 1226/1066/378 1227/2116/379 1209/2115/361
f 1209/2115/361 1211/2119/363 1210/1068/362 1208/1067/360
f 1210/1068/362 1212/1069/364 1232/596/384 1230/592/382
f 1211/2119/363 1213/2125/365 1212/1069/364 1210/1068/362
f 1212/1069/364 1214/1071/366 1234/598/386 1232/596/384
f 1213/2125/365 1215/2130/367 1214/1071/366 1212/1069/364
f 1214/1071/366 1216/1070/368 1236/603/388 1234/598/386
f 1215/2130/367 1217/2132/369 1216/1070/368 1214/1071/366
f 1216/1070/368 1218/1072/370 1238/605/390 1236/603/388
f 1217/2132/369 1219/2134/371 1218/1072/370 1216/1070/368
f 1218/1072/370 1220/1073/372 1240/604/392 1238/605/390
f 1219/2134/371 1221/2133/373 1220/1073/372 1218/1072/370
f 1220/1073/372 1222/1074/374 1242/600/394 1240/604/392
f 1221/2133/373 1223/2129/375 1222/1074/374 1220/1073/372
f 1222/1074/374 1224/1075/376 1244/597/396 1242/600/394
f 1223/2129/375 1225/2126/377 1224/1075/376 1222/1074/374
f 1224/1065/376 1226/1066/378 1246/591/398 1244/595/396
f 1225/2122/377 1227/2116/379 1226/1066/378 1224/1065/376
f 1228/590/380 1230/592/382 1231/295/383 1229/293/381
f 1228/590/380 1246/591/398 1226/1066/378 1208/1067/360
f 1229/245/381 1231/246/383 1250/444/402 1248/443/400
f 1229/293/381 1247/292/399 1246/591/398 1228/590/380
f 1230/592/382 1232/596/384 1233/296/385 1231/295/383
f 1231/246/383 1233/248/385 1252/447/404 1250/444/402
f 1232/596/384 1234/598/386 1235/299/387 1233/296/385
f 1233/248/385 1235/251/387 1254/454/406 1252/447/404
f 1234/598/386 1236/603/388 1237/300/389 1235/299/387
f 1235/251/387 1237/253/389 1256/455/408 1254/454/406
f 1236/603/388 1238/605/390 1239/302/391 1237/300/389
f 1237/253/389 1239/255/391 1258/457/410 1256/455/408
f 1238/605/390 1240/604/392 1241/301/393 1239/302/391
f 1239/255/391 1241/254/393 1260/456/412 1258/457/410
f 1240/604/392 1242/600/394 1243/298/395 1241/301/393
f 1241/254/393 1243/252/395 1262/453/414 1260/456/412
f 1242/600/394 1244/597/396 1245/297/397 1243/298/395
f 1243/252/395 1245/249/397 1264/446/416 1262/453/414
f 1244/595/396 1246/591/398 1247/292/399 1245/294/397
f 1245/250/397 1247/247/399 1266/445/418 1264/448/416
f 1248/443/400 1250/444/402 1251/1025/403 1249/1022/401
f 1248/443/400 1266/445/418 1247/247/399 1229/245/381
f 1249/2054/401 1251/2042/403 1310/1163/462 1308/1162/460
f 1249/1022/401 1267/1024/419 1266/445/418 1248/443/400
f 1250/444/402 1252/447/404 1253/1028/405 1251/1025/403
f 1251/2042/403 1253/2013/405 1312/1166/464 1310/1163/462
f 1252/447/404 1254/454/406 1255/1032/407 1253/1028/405
f 1253/2013/405 1255/1983/407 1314/1173/466 1312/1166/464
f 1254/454/406 1256/455/408 1257/1038/409 1255/1032/407
f 1255/1983/407 1257/1960/409 1316/1181/468 1314/1173/466
f 1256/455/408 1258/457/410 1259/1042/411 1257/1038/409
f 1257/1960/409 1259/1949/411 1318/1182/470 1316/1181/468
f 1258/457/410 1260/456/412 1261/1040/413 1259/1042/411
f 1259/1949/411 1261/1951/413 1320/1178/472 1318/1182/470
f 1260/456/412 1262/453/414 1263/1033/415 1261/1040/413
f 1261/1951/413 1263/1968/415 1322/1167/474 1320/1178/472
f 1262/453/414 1264/446/416 1265/1030/417 1263/1033/415
f 1263/1968/415 1265/1982/417 1324/1161/476 1322/1167/474
f 1264/448/416 1266/445/418 1267/1024/419 1265/1029/417
f 1265/2037/417 1267/2052/419 1326/1165/478 1324/1174/476
f 1268/332/420 1270/333/422 1271/203/423 1269/205/421
f 1268/332/420 1286/331/438 1307/723/459 1289/727/441
f 1269/205/421 1287/204/439 1286/331/438 1268/332/420
f 1270/333/422 1272/334/424 1273/200/425 1271/203/423
f 1272/334/424 1274/335/426 1275/198/427 1273/200/425
f 1274/335/426 1276/336/428 1277/196/429 1275/198/427
f 1276/336/428 1278/337/430 1279/195/431 1277/196/429
f 1278/337/430 1280/338/432 1281/197/433 1279/195/431
f 1280/338/432 1282/339/434 1283/199/435 1281/197/433
f 1282/339/434 1284/340/436 1285/202/437 1283/199/435
f 1284/330/436 1286/331/438 1287/204/439 1285/201/437
f 1288/1118/440 1290/1116/442 1291/724/443 1289/727/441
f 1288/1332/440 1306/1325/458 1327/958/479 1309/960/461
f 1289/727/441 1291/724/443 1270/333/422 1268/332/420
f 1289/727/441 1307/723/459 1306/1115/458 1288/1118/440
f 1290/1116/442 1292/1112/444 1293/720/445 1291/724/443
f 1291/724/443 1293/720/445 1272/334/424 1270/333/422
f 1292/1112/444 1294/1108/446 1295/717/447 1293/720/445
f 1293/720/445 1295/717/447 1274/335/426 1272/334/424
f 1294/1108/446 1296/1106/448 1297/715/449 1295/717/447
f 1295/717/447 1297/715/449 1276/336/428 1274/335/426
f 1296/1106/448 1298/1107/450 1299/714/451 1297/715/449
f 1297/715/449 1299/714/451 1278/337/430 1276/336/428
f 1298/1107/450 1300/1110/452 1301/716/453 1299/714/451
f 1299/714/451 1301/716/453 1280/338/432 1278/337/430
f 1300/1110/452 1302/1117/454 1303/718/455 1301/716/453
f 1301/716/453 1303/718/455 1282/339/434 1280/338/432
f 1302/1117/454 1304/1119/456 1305/721/457 1303/718/455
f 1303/718/455 1305/721/457 1284/340/436 1282/339/434
f 1304/1111/456 1306/1115/458 1307/723/459 1305/719/457
f 1305/719/457 1307/723/459 1286/331/438 1284/330/436
f 1308/1162/460 1326/1165/478 1267/2052/419 1249/2054/401
f 1309/960/461 1311/959/463 1290/1322/442 1288/1332/440
f 1309/960/461 1327/958/479 1326/381/478 1308/383/460
f 1310/380/462 1312/377/464 1313/956/465 1311/959/463
f 1311/959/463 1309/960/461 1308/383/460 1310/380/462
f 1311/959/463 1313/956/465 1292/1315/444 1290/1322/442
f 1313/956/465 1315/953/467 1294/1307/446 1292/1315/444
f 1315/953/467 1313/956/465 1312/377/464 1314/375/466
f 1315/953/467 1317/949/469 1296/1300/448 1294/1307/446
f 1317/949/469 1315/953/467 1314/375/466 1316/368/468
f 1317/949/469 1319/947/471 1298/1295/450 1296/1300/448
f 1319/947/471 1317/949/469 1316/368/468 1318/366/470
f 1319/947/471 1321/948/473 1300/1298/452 1298/1295/450
f 1321/948/473 1319/947/471 1318/366/470 1320/367/472
f 1321/948/473 1323/950/475 1302/1306/454 1300/1298/452
f 1323/950/475 1321/948/473 1320/367/472 1322/372/474
f 1323/950/475 1325/955/477 1304/1314/456 1302/1306/454
f 1325/955/477 1323/950/475 1322/372/474 1324/376/476
f 1325/957/477 1327/958/479 1306/1325/458 1304/1318/456
f 1327/958/479 1325/957/477 1324/378/476 1326/381/478
f 1333/1923/3115 1328/1922/3105 1357/2774/499 1367/2775/509
f 1334/1921/3117 1329/1920/3107 1359/2768/501 1369/2771/511
f 1335/1931/3119 1330/1930/3109 1361/2776/503 1371/2777/513
f 1336/1929/3121 1331/1928/3111 1363/2769/505 1373/2772/515
f 1337/1927/3123 1332/1926/3114 1366/2773/508 1375/2770/517
f 1338/1423/480 1348/1413/490 1349/1250/491 1339/1255/481
f 1338/522/480 1350/524/492 1174/1285/326 1168/1283/320
f 1339/1255/481 1349/1250/491 1368/1187/510 1358/1184/500
f 1339/1255/481 1351/1249/493 1350/1412/492 1338/1423/480
f 1340/1399/482 1350/1412/492 1351/1249/493 1341/1241/483
f 1340/529/482 1352/528/494 1175/1291/327 1169/1289/321
f 1341/1241/483 1351/1249/493 1370/1186/512 1360/1191/502
f 1341/1240/483 1353/1231/495 1352/1368/494 1340/1388/482
f 1342/1363/484 1352/1368/494 1353/1231/495 1343/1220/485
f 1342/527/484 1354/526/496 1176/1293/328 1170/1294/322
f 1343/1220/485 1353/1231/495 1372/1200/514 1362/1209/504
f 1343/1220/485 1374/1217/516 1354/1361/496 1342/1363/484
f 1344/1367/486 1354/1361/496 1374/1217/516 1345/1223/487
f 1344/523/486 1355/518/497 1177/1288/329 1171/1290/323
f 1345/1223/487 1356/1236/498 1355/1385/497 1344/1367/486
f 1345/1223/487 1374/1217/516 1364/1210/506
f 1346/1242/488 1349/1250/491 1348/1413/490 1347/1401/489
f 1346/1242/488 1356/1236/498 1376/1199/518 1365/1194/507
f 1347/519/489 1348/521/490 1173/1284/325 1172/1286/324
f 1347/1401/489 1355/1385/497 1356/1236/498 1346/1242/488
f 1357/1120/499 1369/1121/511 1370/1186/512 1358/1184/500
f 1358/1184/500 1368/1187/510 1367/1122/509 1357/1120/499
f 1358/1184/500 1370/1186/512 1351/1249/493 1339/1255/481
f 1359/1132/501 1371/1134/513 1372/1200/514 1360/1196/502
f 1360/1191/502 1370/1186/512 1369/1121/511 1359/1126/501
f 1360/1196/502 1372/1200/514 1353/1231/495 1341/1240/483
f 1361/1140/503 1373/1143/515 1374/1217/516 1362/1209/504
f 1362/1209/504 1372/1200/514 1371/1134/513 1361/1140/503
f 1362/1209/504 1374/1217/516 1343/1220/485
f 1363/1137/505 1375/1133/517 1376/1199/518 1364/1210/506
f 1364/1210/506 1374/1217/516 1373/1143/515 1363/1137/505
f 1364/1210/506 1376/1199/518 1356/1236/498 1345/1223/487
f 1365/1194/507 1368/1187/510 1349/1250/491 1346/1242/488
f 1365/1194/507 1376/1199/518 1375/1133/517 1366/1129/508
f 1366/1129/508 1367/1122/509 1368/1187/510 1365/1194/507
f 1367/2775/509 1366/2773/508 1332/1926/3113 1333/1923/3116
f 1369/2771/511 1357/2774/499 1328/1922/3106 1334/1921/3118
f 1371/2777/513 1359/2778/501 1329/1932/3108 1335/1931/3120
f 1373/2772/515 1361/2776/503 1330/1930/3110 1336/1929/3122
f 1375/2770/517 1363/2769/505 1331/1928/3112 1337/1927/3124
f 1377/2227/3125 1382/2228/3135 1417/889/549 1407/888/539
f 1378/2219/3127 1383/2224/3137 1419/886/551 1409/885/541
f 1379/2229/3129 1384/2230/3139 1421/895/553 1411/894/543
f 1380/2222/3131 1385/2225/3141 1423/893/555 1413/892/545
f 1381/2226/3134 1386/2223/3143 1425/891/557 1415/890/547
f 1387/2616/519 1399/2619/531 1400/2651/532 1388/2649/520
f 1388/2649/520 1398/2650/530 1397/2617/529 1387/2616/519
f 1388/2649/520 1400/2651/532 1418/2689/550 1406/2690/538
f 1389/2623/521 1401/2626/533 1402/2663/534 1390/2659/522
f 1390/2655/522 1400/2651/532 1399/2619/531 1389/2622/521
f 1390/2659/522 1402/2663/534 1420/2679/552 1408/2685/540
f 1391/2629/523 1403/2630/535 1422/2672/554 1392/2669/524
f 1392/2669/524 1402/2663/534 1401/2626/533 1391/2629/523
f 1392/2669/524 1422/2672/554 1410/2676/542
f 1393/2628/525 1404/2624/536 1405/2661/537 1394/2667/526
f 1394/2667/526 1405/2661/537 1424/2678/556 1412/2675/544
f 1394/2667/526 1422/2672/554 1403/2630/535 1393/2628/525
f 1395/2653/527 1398/2650/530 1416/2688/548 1414/2686/546
f 1395/2653/527 1405/2661/537 1404/2624/536 1396/2621/528
f 1396/2621/528 1397/2617/529 1398/2650/530 1395/2653/527
f 1397/2812/529 1396/2813/528 1132/2299/284 1133/2302/285
f 1399/2805/531 1387/2810/519 1128/2303/280 1134/2298/286
f 1401/2806/533 1389/2807/521 1129/2297/281 1135/2289/287
f 1403/2809/535 1391/2808/523 1130/2286/282 1136/2285/288
f 1404/2814/536 1393/2811/525 1131/2287/283 1137/2290/289
f 1406/2690/538 1416/2688/548 1398/2650/530 1388/2649/520
f 1407/888/539 1419/886/551 1383/2224/3138 1377/2227/3126
f 1408/2687/540 1418/2689/550 1400/2651/532 1390/2655/522
f 1409/896/541 1421/895/553 1384/2230/3140 1378/2231/3128
f 1410/2676/542 1420/2679/552 1402/2663/534 1392/2669/524
f 1411/894/543 1423/893/555 1385/2225/3142 1379/2229/3130
f 1412/2675/544 1422/2672/554 1394/2667/526
f 1413/892/545 1425/891/557 1386/2223/3144 1380/2222/3132
f 1414/2686/546 1424/2678/556 1405/2661/537 1395/2653/527
f 1415/890/547 1417/889/549 1382/2228/3136 1381/2226/3133
f 1416/2688/548 1406/2690/538 1407/2715/539 1417/2710/549
f 1417/2710/549 1415/2707/547 1414/2686/546 1416/2688/548
f 1418/2689/550 1408/2687/540 1409/2708/541 1419/2711/551
f 1419/2711/551 1407/2715/539 1406/2690/538 1418/2689/550
f 1420/2679/552 1410/2676/542 1411/2698/543 1421/2701/553
f 1421/2701/553 1409/2703/541 1408/2685/540 1420/2679/552
f 1422/2672/554 1412/2675/544 1413/2699/545 1423/2697/555
f 1423/2697/555 1411/2698/543 1410/2676/542 1422/2672/554
f 1424/2678/556 1414/2686/546 1415/2707/547 1425/2702/557
f 1425/2702/557 1413/2699/545 1412/2675/544 1424/2678/556
f 1426/2252/3145 1436/2255/3165 1445/2294/3183 1435/2293/3163
f 1427/2202/3148 1437/2204/3168 1436/2255/3166 1426/2252/3146
f 1428/2155/3150 1438/2156/3170 1437/2204/3167 1427/2202/3147
f 1429/2078/3152 1439/2081/3172 1438/2156/3169 1428/2155/3149
f 1430/2024/3154 1440/2027/3174 1439/2081/3171 1429/2078/3151
f 1431/1962/3156 1441/1964/3176 1440/2027/3173 1430/2024/3153
f 1432/1896/3158 1442/1898/3178 1441/1964/3175 1431/1962/3155
f 1433/1839/3160 1443/1841/3180 1442/1898/3177 1432/1896/3157
f 1434/1763/3162 1444/1764/3182 1443/1841/3179 1433/1839/3159
f 1435/1713/3164 1445/1714/3184 1444/1764/3181 1434/1763/3161
f 1446/1607/3186 1456/1606/3206 1457/1653/3208 1447/1654/3188
f 1447/1654/3187 1457/1653/3207 1458/1697/3210 1448/1698/3190
f 1448/1698/3189 1458/1697/3209 1459/1749/3212 1449/1750/3192
f 1449/1750/3191 1459/1749/3211 1460/1822/3214 1450/1823/3194
f 1450/1823/3193 1460/1822/3213 1461/1883/3216 1451/1884/3196
f 1451/1884/3195 1461/1883/3215 1462/1946/3218 1452/1947/3198
f 1452/1947/3197 1462/1946/3217 1463/2009/3220 1453/2010/3200
f 1453/2010/3199 1463/2009/3219 1464/2064/3222 1454/2065/3202
f 1454/1511/3201 1464/1510/3221 1465/1563/3224 1455/1564/3204
f 1455/1564/3203 1465/1563/3223 1456/1606/3205 1446/1607/3185
f 1466/1751/3226 1476/1746/3246 1477/1821/3248 1467/1824/3228
f 1467/1824/3227 1477/1821/3247 1478/1882/3250 1468/1885/3230
f 1468/1885/3229 1478/1882/3249 1479/1945/3252 1469/1948/3232
f 1469/1948/3231 1479/1945/3251 1480/2008/3254 1470/2011/3234
f 1470/2011/3233 1480/2008/3253 1481/2063/3256 1471/2066/3236
f 1471/1512/3235 1481/1509/3255 1482/1562/3258 1472/1565/3238
f 1472/1565/3237 1482/1562/3257 1483/1605/3260 1473/1608/3240
f 1473/1608/3239 1483/1605/3259 1484/1652/3262 1474/1655/3242
f 1474/1655/3241 1484/1652/3261 1485/1696/3264 1475/1699/3244
f 1475/1699/3243 1485/1696/3263 1476/1746/3245 1466/1751/3225
f 1486/2041/3266 1496/2040/3286 1497/2092/3288 1487/2093/3268
f 1487/2093/3267 1497/2092/3287 1498/2164/3290 1488/2165/3270
f 1488/2165/3269 1498/2164/3289 1499/2211/3292 1489/2212/3272
f 1489/2212/3271 1499/2211/3291 1500/2265/3294 1490/2266/3274
f 1490/2266/3273 1500/2265/3293 1501/2307/3296 1491/2308/3276
f 1491/2308/3275 1501/2307/3295 1502/2359/3298 1492/2360/3278
f 1492/2360/3277 1502/2359/3297 1503/2393/3300 1493/2394/3280
f 1493/1853/3279 1503/1852/3299 1504/1904/3302 1494/1905/3282
f 1494/1905/3281 1504/1904/3301 1505/1974/3304 1495/1975/3284
f 1495/1975/3283 1505/1974/3303 1496/2040/3285 1486/2041/3265
f 1506/1600/3306 1516/1601/3326 1517/1642/3328 1507/1641/3308
f 1507/1641/3307 1517/1642/3327 1518/1693/3330 1508/1692/3310
f 1508/1692/3309 1518/1693/3329 1519/1744/3332 1509/1743/3312
f 1509/1743/3311 1519/1744/3331 1520/1811/3334 1510/1810/3314
f 1510/1810/3313 1520/1811/3333 1521/1877/3336 1511/1876/3316
f 1511/1876/3315 1521/1877/3335 1522/1942/3338 1512/1941/3318
f 1512/1431/3317 1522/1432/3337 1523/1459/3340 1513/1458/3320
f 1513/1458/3319 1523/1459/3339 1524/1506/3342 1514/1505/3322
f 1514/1505/3321 1524/1506/3341 1525/1559/3344 1515/1558/3324
f 1515/1558/3323 1525/1559/3343 1516/1601/3325 1506/1600/3305
f 1526/2154/3345 1536/2153/3365 1545/2201/3383 1535/2203/3363
f 1527/2080/3348 1537/2079/3368 1536/2153/3366 1526/2154/3346
f 1528/2026/3350 1538/2025/3370 1537/2079/3367 1527/2080/3347
f 1529/1963/3352 1539/1961/3372 1538/2025/3369 1528/2026/3349
f 1530/1897/3354 1540/1895/3374 1539/1961/3371 1529/1963/3351
f 1531/1840/3356 1541/1838/3376 1540/1895/3373 1530/1897/3353
f 1532/1762/3358 1542/1761/3378 1541/1838/3375 1531/1840/3355
f 1533/1712/3360 1543/1711/3380 1542/1761/3377 1532/1762/3357
f 1534/2254/3362 1544/2253/3382 1543/2291/3379 1533/2292/3359
f 1535/2203/3364 1545/2201/3384 1544/2253/3381 1534/2254/3361
f 1546/1590/3385 1556/1591/3405 1565/1620/3423 1555/1621/3403
f 1547/1527/3388 1557/1526/3408 1556/1591/3406 1546/1590/3386
f 1548/1493/3390 1558/1494/3410 1557/1526/3407 1547/1527/3387
f 1549/1447/3392 1559/1446/3412 1558/1494/3409 1548/1493/3389
f 1550/1416/3394 1560/1417/3414 1559/1446/3411 1549/1447/3391
f 1551/1372/3396 1561/1371/3416 1560/1417/3413 1550/1416/3393
f 1552/1328/3398 1562/1329/3418 1561/1371/3415 1551/1372/3395
f 1553/1278/3400 1563/1277/3420 1562/1329/3417 1552/1328/3397
f 1554/1259/3402 1564/1258/3422 1563/1277/3419 1553/1278/3399
f 1555/1621/3404 1565/1620/3424 1564/1680/3421 1554/1679/3401
f 1566/2967/3425 1576/799/3445 1581/797/3460 1574/2965/3441
f 1567/2968/3427 1577/802/3448 1582/801/3463 1571/2969/3435
f 1568/5/3429 1578/798/3451 1583/800/3466 1572/4/3437
f 1569/3/3431 1579/795/3454 1584/796/3469 1573/6/3439
f 1570/1/3434 1580/794/3458 1585/793/3472 1575/2/3443
f 1571/2969/3436 1582/801/3464 1576/799/3446 1566/2967/3426
f 1572/2966/3438 1583/800/3467 1577/802/3449 1567/2968/3428
f 1573/6/3440 1584/796/3470 1578/798/3452 1568/5/3430
f 1574/2965/3442 1581/797/3461 1580/794/3457 1570/2964/3433
f 1575/2/3444 1585/793/3473 1579/795/3455 1569/3/3432
f 1576/799/3447 1582/801/3465 1577/802/3450 1583/800/3468 1578/798/3453 1584/796/3471 1579/795/3456 1585/793/3474 1580/794/3459 1581/797/3462
f 1586/2972/3475 1596/1995/3495 1601/1998/3510 1594/2974/3491
f 1587/2970/3477 1597/1988/3498 1602/1993/3513 1591/2971/3485
f 1588/9/3479 1598/1989/3501 1603/1990/3516 1592/8/3487
f 1589/11/3481 1599/1992/3504 1604/1991/3519 1593/10/3489
f 1590/13/3484 1600/2000/3508 1605/1994/3522 1595/12/3493
f 1591/2971/3486 1602/1993/3514 1596/1995/3496 1586/2972/3476
f 1592/8/3488 1603/1990/3517 1597/1988/3499 1587/7/3478
f 1593/10/3490 1604/1991/3520 1598/1989/3502 1588/9/3480
f 1594/2974/3492 1601/1998/3511 1600/2000/3507 1590/2973/3483
f 1595/12/3494 1605/1994/3523 1599/1992/3505 1589/11/3482
f 1596/1995/3497 1602/1993/3515 1597/1988/3500 1603/1990/3518 1598/1989/3503 1604/1991/3521 1599/1992/3506 1605/1994/3524 1600/2000/3509 1601/1998/3512
f 1606/1046/3526 1611/1004/3541 1621/954/3570 1616/987/3555
f 1606/279/3525 1612/281/3543 1607/287/3528 1613/309/3546 1608/326/3531 1614/329/3549 1609/325/3534 1615/308/3552 1610/286/3537 1611/280/3540
f 1607/1091/3529 1612/1056/3544 1622/999/3573 1617/1023/3558
f 1608/857/3532 1613/817/3547 1623/732/3576 1618/757/3561
f 1609/937/3535 1614/907/3550 1624/792/3579 1619/828/3564
f 1610/996/3539 1615/964/3553 1625/868/3582 1620/915/3568
f 1616/987/3556 1622/999/3574 1612/1056/3545 1606/1046/3527
f 1617/1023/3559 1623/1053/3577 1613/1125/3548 1607/1091/3530
f 1618/757/3562 1624/792/3580 1614/907/3551 1608/857/3533
f 1619/828/3565 1625/868/3583 1615/964/3554 1609/937/3536
f 1620/915/3567 1621/954/3571 1611/1004/3542 1610/996/3538
f 1621/442/3572 1620/425/3569 1625/401/3584 1619/386/3566 1624/379/3581 1618/385/3563 1623/400/3578 1617/424/3560 1622/441/3575 1616/458/3557
f 1626/2744/3586 1631/2740/3601 1641/2739/3630 1636/2743/3615
f 1626/322/3585 1632/351/3603 1627/363/3588 1633/373/3606 1628/365/3591 1634/353/3609 1629/324/3594 1635/306/3612 1630/291/3597 1631/304/3600
f 1627/2636/3589 1632/2610/3604 1642/2611/3633 1637/2637/3618
f 1628/2681/3592 1633/2656/3607 1643/2657/3636 1638/2682/3621
f 1629/2713/3595 1634/2693/3610 1644/2694/3639 1639/2714/3624
f 1630/2734/3599 1635/2725/3613 1645/2726/3642 1640/2733/3628
f 1636/2743/3616 1642/2750/3634 1632/2751/3605 1626/2744/3587
f 1637/2637/3619 1643/2657/3637 1633/2656/3608 1627/2636/3590
f 1638/2682/3622 1644/2694/3640 1634/2693/3611 1628/2681/3593
f 1639/2714/3625 1645/2726/3643 1635/2725/3614 1629/2713/3596
f 1640/2733/3627 1641/2739/3631 1631/2740/3602 1630/2734/3598
f 1641/405/3632 1640/419/3629 1645/402/3644 1639/387/3626 1644/360/3641 1638/349/3623 1643/343/3638 1637/352/3620 1642/364/3635 1636/388/3617
f 1646/2961/3645 1651/22/3655 1661/23/3680 1658/2962/3673
f 1647/2959/3647 1653/20/3660 1662/21/3683 1652/2960/3658
f 1648/2957/3649 1655/18/3665 1663/19/3686 1654/2958/3663
f 1649/2955/3651 1657/16/3670 1664/17/3689 1656/2956/3668
f 1650/2953/3654 1660/14/3678 1665/15/3692 1659/2954/3675
f 1651/2169/3657 1662/2190/3685 1653/2261/3662 1663/2336/3688 1655/2385/3667 1664/2409/3691 1657/2383/3672 1665/2334/3694 1660/2259/3679 1661/2189/3682
f 1652/2960/3659 1662/21/3684 1651/22/3656 1646/2961/3646
f 1654/2958/3664 1663/19/3687 1653/20/3661 1647/2959/3648
f 1656/2956/3669 1664/17/3690 1655/18/3666 1648/2957/3650
f 1658/2962/3674 1661/23/3681 1660/24/3677 1650/2963/3653
f 1659/2954/3676 1665/15/3693 1657/16/3671 1649/2955/3652
f 1666/1405/3695 1676/1404/3715 1685/1481/3733 1675/1482/3713
f 1667/1317/3698 1677/1316/3718 1676/1404/3716 1666/1405/3696
f 1668/1254/3700 1678/1253/3720 1677/1316/3717 1667/1317/3697
f 1669/1216/3702 1679/1215/3722 1678/1253/3719 1668/1254/3699
f 1670/1180/3704 1680/1179/3724 1679/1215/3721 1669/1216/3701
f 1671/1154/3706 1681/1153/3726 1680/1179/3723 1670/1180/3703
f 1672/1128/3708 1682/1127/3728 1681/1153/3725 1671/1154/3705
f 1673/1651/3710 1683/1650/3730 1682/1740/3727 1672/1741/3707
f 1674/1573/3712 1684/1572/3732 1683/1650/3729 1673/1651/3709
f 1675/1482/3714 1685/1481/3734 1684/1572/3731 1674/1573/3711
f 1686/1152/3735 1696/1151/3755 1705/1171/3773 1695/1172/3753
f 1687/1124/3738 1697/1123/3758 1696/1151/3756 1686/1152/3736
f 1688/1094/3740 1698/1095/3760 1697/1123/3757 1687/1124/3737
f 1689/1556/3742 1699/1555/3762 1698/1629/3759 1688/1628/3739
f 1690/1471/3744 1700/1470/3764 1699/1555/3761 1689/1556/3741
f 1691/1395/3746 1701/1394/3766 1700/1470/3763 1690/1471/3743
f 1692/1311/3748 1702/1310/3768 1701/1394/3765 1691/1395/3745
f 1693/1248/3750 1703/1247/3770 1702/1310/3767 1692/1311/3747
f 1694/1208/3752 1704/1207/3772 1703/1247/3769 1693/1248/3749
f 1695/1172/3754 1705/1171/3774 1704/1207/3771 1694/1208/3751
f 1706/2440/3775 1716/2439/3795 1725/2513/3813 1715/2514/3793
f 1707/2352/3778 1717/2351/3798 1716/2439/3796 1706/2440/3776
f 1708/2268/3780 1718/2267/3800 1717/2351/3797 1707/2352/3777
f 1709/2174/3782 1719/2171/3802 1718/2267/3799 1708/2268/3779
f 1710/2058/3784 1720/2057/3804 1719/2171/3801 1709/2174/3781
f 1711/1936/3786 1721/1935/3806 1720/2057/3803 1710/2058/3783
f 1712/1815/3788 1722/1814/3808 1721/1935/3805 1711/1936/3785
f 1713/1701/3790 1723/1700/3810 1722/1814/3807 1712/1815/3787
f 1714/2550/3792 1724/2549/3812 1723/2591/3809 1713/2592/3789
f 1715/2514/3794 1725/2513/3814 1724/2549/3811 1714/2550/3791
f 1726/2135/3815 1736/2136/3835 1745/2240/3853 1735/2239/3833
f 1727/2006/3818 1737/2007/3838 1736/2136/3836 1726/2135/3816
f 1728/1888/3820 1738/1890/3840 1737/2007/3837 1727/2006/3817
f 1729/1767/3822 1739/1768/3842 1738/1890/3839 1728/1888/3819
f 1730/1669/3824 1740/1670/3844 1739/1768/3841 1729/1767/3821
f 1731/1582/3826 1741/1583/3846 1740/1670/3843 1730/1669/3823
f 1732/1489/3828 1742/1490/3848 1741/1583/3845 1731/1582/3825
f 1733/1421/3830 1743/1422/3850 1742/1490/3847 1732/1489/3827
f 1734/2322/3832 1744/2323/3852 1743/2407/3849 1733/2406/3829
f 1735/2239/3834 1745/2240/3854 1744/2323/3851 1734/2322/3831
f 1746/2949/3855 1751/32/3865 1761/33/3890 1758/2950/3883
f 1747/2947/3857 1753/30/3870 1762/31/3893 1752/2948/3868
f 1748/2945/3859 1755/28/3875 1763/29/3896 1754/2946/3873
f 1749/2943/3861 1757/26/3880 1764/27/3899 1756/2944/3878
f 1750/2951/3864 1760/34/3888 1765/35/3902 1759/2952/3885
f 1751/2168/3867 1762/2191/3895 1753/2260/3872 1763/2335/3898 1755/2384/3877 1764/2408/3901 1757/2382/3882 1765/2333/3904 1760/2258/3889 1761/2188/3892
f 1752/2948/3869 1762/31/3894 1751/32/3866 1746/2949/3856
f 1754/2946/3874 1763/29/3897 1753/30/3871 1747/2947/3858
f 1756/2944/3879 1764/27/3900 1755/28/3876 1748/2945/3860
f 1758/2950/3884 1761/33/3891 1760/34/3887 1750/2951/3863
f 1759/2942/3886 1765/25/3903 1757/26/3881 1749/2943/3862
f 1766/1996/3905 1776/1997/3925 1785/2118/3943 1775/2117/3923
f 1767/1873/3908 1777/1874/3928 1776/1997/3926 1766/1996/3906
f 1768/1747/3910 1778/1748/3930 1777/1874/3927 1767/1873/3907
f 1769/1663/3912 1779/1664/3932 1778/1748/3929 1768/1747/3909
f 1770/1575/3914 1780/1576/3934 1779/1664/3931 1769/1663/3911
f 1771/1483/3916 1781/1484/3936 1780/1576/3933 1770/1575/3913
f 1772/1409/3918 1782/1410/3938 1781/1484/3935 1771/1483/3915
f 1773/1323/3920 1783/1324/3940 1782/1410/3937 1772/1409/3917
f 1774/2220/3922 1784/2221/3942 1783/2310/3939 1773/2309/3919
f 1775/2117/3924 1785/2118/3944 1784/2221/3941 1774/2220/3921
f 1786/1297/3945 1796/1296/3965 1805/1383/3983 1795/1384/3963
f 1787/1244/3948 1797/1243/3968 1796/1296/3966 1786/1297/3946
f 1788/1203/3950 1798/1202/3970 1797/1243/3967 1787/1244/3947
f 1789/1169/3952 1799/1168/3972 1798/1202/3969 1788/1203/3949
f 1790/1148/3954 1800/1147/3974 1799/1168/3971 1789/1169/3951
f 1791/1114/3956 1801/1113/3976 1800/1147/3973 1790/1148/3953
f 1792/1090/3958 1802/1089/3978 1801/1113/3975 1791/1114/3955
f 1793/1060/3960 1803/1059/3980 1802/1089/3977 1792/1090/3957
f 1794/1452/3962 1804/1451/3982 1803/1522/3979 1793/1523/3959
f 1795/1384/3964 1805/1383/3984 1804/1451/3981 1794/1452/3961
f 1806/2085/3985 1816/2086/4005 1825/2199/4023 1815/2198/4003
f 1807/1976/3988 1817/1977/4008 1816/2086/4006 1806/2085/3986
f 1808/1859/3990 1818/1860/4010 1817/1977/4007 1807/1976/3987
f 1809/1729/3992 1819/1730/4012 1818/1860/4009 1808/1859/3989
f 1810/1626/3994 1820/1627/4014 1819/1730/4011 1809/1729/3991
f 1811/1553/3996 1821/1554/4016 1820/1627/4013 1810/1626/3993
f 1812/1468/3998 1822/1469/4018 1821/1554/4015 1811/1553/3995
f 1813/1392/4000 1823/1393/4020 1822/1469/4017 1812/1468/3997
f 1814/1308/4002 1824/1309/4022 1823/1393/4019 1813/1392/3999
f 1815/2198/4004 1825/2199/4024 1824/2284/4021 1814/2283/4001
f 1826/1856/4025 1836/1857/4045 1845/1971/4063 1835/1970/4043
f 1827/1727/4028 1837/1726/4048 1836/1857/4046 1826/1856/4026
f 1828/1616/4030 1838/1617/4050 1837/1726/4047 1827/1727/4027
f 1829/1537/4032 1839/1536/4052 1838/1617/4049 1828/1616/4029
f 1830/1463/4034 1840/1462/4054 1839/1536/4051 1829/1537/4031
f 1831/1389/4036 1841/1390/4056 1840/1462/4053 1830/1463/4033
f 1832/1303/4038 1842/1304/4058 1841/1390/4055 1831/1389/4035
f 1833/1245/4040 1843/1246/4060 1842/1304/4057 1832/1303/4037
f 1834/1205/4042 1844/1206/4062 1843/1246/4059 1833/1245/4039
f 1835/1970/4044 1845/1971/4064 1844/2077/4061 1834/2076/4041
f 1846/2497/4065 1856/2496/4085 1865/2542/4103 1855/2541/4083
f 1847/2430/4068 1857/2429/4088 1856/2496/4086 1846/2497/4066
f 1848/2341/4070 1858/2342/4090 1857/2429/4087 1847/2430/4067
f 1849/2248/4072 1859/2249/4092 1858/2342/4089 1848/2341/4069
f 1850/2152/4074 1860/2151/4094 1859/2249/4091 1849/2248/4071
f 1851/2034/4076 1861/2035/4096 1860/2151/4093 1850/2152/4073
f 1852/1909/4078 1862/1910/4098 1861/2035/4095 1851/2034/4075
f 1853/1781/4080 1863/1780/4100 1862/1910/4097 1852/1909/4077
f 1854/1675/4082 1864/1676/4102 1863/1780/4099 1853/1781/4079
f 1855/2541/4084 1865/2542/4104 1864/2588/4101 1854/2587/4081
f 1866/2520/4105 1876/2519/4125 1885/2558/4143 1875/2559/4123
f 1867/2453/4108 1877/2452/4128 1876/2519/4126 1866/2520/4106
f 1868/2372/4110 1878/2371/4130 1877/2452/4127 1867/2453/4107
f 1869/2279/4112 1879/2278/4132 1878/2371/4129 1868/2372/4109
f 1870/2185/4114 1880/2184/4134 1879/2278/4131 1869/2279/4111
f 1871/2068/4116 1881/2067/4136 1880/2184/4133 1870/2185/4113
f 1872/1959/4118 1882/1958/4138 1881/2067/4135 1871/2068/4115
f 1873/1847/4120 1883/1846/4140 1882/1958/4137 1872/1959/4117
f 1874/2597/4122 1884/2596/4142 1883/2612/4139 1873/2613/4119
f 1875/2559/4124 1885/2558/4144 1884/2596/4141 1874/2597/4121
f 1886/2498/4145 1896/2499/4165 1905/2547/4183 1895/2546/4163
f 1887/2435/4148 1897/2436/4168 1896/2499/4166 1886/2498/4146
f 1888/2345/4150 1898/2346/4170 1897/2436/4167 1887/2435/4147
f 1889/2250/4152 1899/2251/4172 1898/2346/4169 1888/2345/4149
f 1890/2161/4154 1900/2163/4174 1899/2251/4171 1889/2250/4151
f 1891/2049/4156 1901/2050/4176 1900/2163/4173 1890/2161/4153
f 1892/1924/4158 1902/1925/4178 1901/2050/4175 1891/2049/4155
f 1893/1796/4160 1903/1797/4180 1902/1925/4177 1892/1924/4157
f 1894/1687/4162 1904/1688/4182 1903/1797/4179 1893/1796/4159
f 1895/1603/4164 1905/1604/4184 1904/1688/4181 1894/1687/4161
f 1906/2552/4185 1916/2551/4205 1925/2593/4223 1915/2594/4203
f 1907/2516/4188 1917/2515/4208 1916/2551/4206 1906/2552/4186
f 1908/2442/4190 1918/2441/4210 1917/2515/4207 1907/2516/4187
f 1909/2354/4192 1919/2353/4212 1918/2441/4209 1908/2442/4189
f 1910/2270/4194 1920/2269/4214 1919/2353/4211 1909/2354/4191
f 1911/2173/4196 1921/2172/4216 1920/2269/4213 1910/2270/4193
f 1912/2056/4198 1922/2055/4218 1921/2172/4215 1911/2173/4195
f 1913/1937/4200 1923/1934/4220 1922/2055/4217 1912/2056/4197
f 1914/1817/4202 1924/1816/4222 1923/1934/4219 1913/1937/4199
f 1915/1703/4204 1925/1702/4224 1924/1816/4221 1914/1817/4201
f 1926/2301/4225 1936/2300/4245 1945/2387/4263 1935/2388/4243
f 1927/2214/4228 1937/2213/4248 1936/2300/4246 1926/2301/4226
f 1928/2112/4230 1938/2111/4250 1937/2213/4247 1927/2214/4227
f 1929/1985/4232 1939/1984/4252 1938/2111/4249 1928/2112/4229
f 1930/1867/4234 1940/1866/4254 1939/1984/4251 1929/1985/4231
f 1931/1739/4236 1941/1738/4256 1940/1866/4253 1930/1867/4233
f 1932/1649/4238 1942/1648/4258 1941/1738/4255 1931/1739/4235
f 1933/1571/4240 1943/1570/4260 1942/1648/4257 1932/1649/4237
f 1934/1480/4242 1944/1479/4262 1943/1570/4259 1933/1571/4239
f 1935/1403/4244 1945/1402/4264 1944/1479/4261 1934/1480/4241
f 1946/2412/4265 1956/2411/4285 1965/2480/4303 1955/2481/4283
f 1947/2332/4268 1957/2331/4288 1956/2411/4286 1946/2412/4266
f 1948/2241/4270 1958/2242/4290 1957/2331/4287 1947/2332/4267
f 1949/2140/4272 1959/2139/4292 1958/2242/4289 1948/2241/4269
f 1950/2016/4274 1960/2015/4294 1959/2139/4291 1949/2140/4271
f 1951/1893/4276 1961/1894/4296 1960/2015/4293 1950/2016/4273
f 1952/1771/4278 1962/1770/4298 1961/1894/4295 1951/1893/4275
f 1953/1672/4280 1963/1673/4300 1962/1770/4297 1952/1771/4277
f 1954/1586/4282 1964/1587/4302 1963/1673/4299 1953/1672/4279
f 1955/2481/4284 1965/2480/4304 1964/2537/4301 1954/2536/4281
f 1966/2318/4305 1976/2317/4325 1985/2401/4343 1975/2402/4323
f 1967/2233/4308 1977/2232/4328 1976/2317/4326 1966/2318/4306
f 1968/2127/4310 1978/2128/4330 1977/2232/4327 1967/2233/4307
f 1969/2002/4312 1979/2001/4332 1978/2128/4329 1968/2127/4309
f 1970/1881/4314 1980/1880/4334 1979/2001/4331 1969/2002/4311
f 1971/1753/4316 1981/1754/4336 1980/1880/4333 1970/1881/4313
f 1972/1668/4318 1982/1667/4338 1981/1754/4335 1971/1753/4315
f 1973/1577/4320 1983/1578/4340 1982/1667/4337 1972/1668/4317
f 1974/1486/4322 1984/1487/4342 1983/1578/4339 1973/1577/4319
f 1975/2402/4324 1985/2401/4344 1984/2468/4341 1974/2467/4321
f 1986/1864/4345 1996/1863/4365 2005/1980/4383 1995/1981/4363
f 1987/1733/4348 1997/1732/4368 1996/1863/4366 1986/1864/4346
f 1988/1644/4350 1998/1643/4370 1997/1732/4367 1987/1733/4347
f 1989/1566/4352 1999/1567/4372 1998/1643/4369 1988/1644/4349
f 1990/1475/4354 2000/1474/4374 1999/1567/4371 1989/1566/4351
f 1991/1398/4356 2001/1397/4376 2000/1474/4373 1990/1475/4353
f 1992/1312/4358 2002/1313/4378 2001/1397/4375 1991/1398/4355
f 1993/1252/4360 2003/1251/4380 2002/1313/4377 1992/1312/4357
f 1994/2096/4362 2004/2095/4382 2003/2207/4379 1993/2208/4359
f 1995/1981/4364 2005/1980/4384 2004/2095/4381 1994/2096/4361
f 2006/1955/4385 2016/1954/4405 2025/2019/4423 2015/2020/4403
f 2007/1891/4388 2017/1889/4408 2016/1954/4406 2006/1955/4386
f 2008/1833/4390 2018/1832/4410 2017/1889/4407 2007/1891/4387
f 2009/1757/4392 2019/1756/4412 2018/1832/4409 2008/1833/4389
f 2010/1708/4394 2020/1707/4414 2019/1756/4411 2009/1757/4391
f 2011/1661/4396 2021/1660/4416 2020/1707/4413 2010/1708/4393
f 2012/1611/4398 2022/1610/4418 2021/1660/4415 2011/1661/4395
f 2013/2148/4400 2023/2147/4420 2022/2195/4417 2012/2196/4397
f 2014/2073/4402 2024/2072/4422 2023/2147/4419 2013/2148/4399
f 2015/2020/4404 2025/2019/4424 2024/2072/4421 2014/2073/4401
f 2026/1645/4426 2036/1640/4446 2037/1691/4448 2027/1694/4428
f 2027/1694/4427 2037/1691/4447 2038/1742/4450 2028/1745/4430
f 2028/1745/4429 2038/1742/4449 2039/1809/4452 2029/1812/4432
f 2029/1812/4431 2039/1809/4451 2040/1875/4454 2030/1878/4434
f 2030/1878/4433 2040/1875/4453 2041/1940/4456 2031/1943/4436
f 2031/1433/4435 2041/1430/4455 2042/1457/4458 2032/1460/4438
f 2032/1460/4437 2042/1457/4457 2043/1504/4460 2033/1507/4440
f 2033/1507/4439 2043/1504/4459 2044/1557/4462 2034/1560/4442
f 2034/1560/4441 2044/1557/4461 2045/1599/4464 2035/1602/4444
f 2035/1602/4443 2045/1599/4463 2036/1640/4445 2026/1645/4425
f 2046/1336/4465 2056/1333/4485 2065/1377/4503 2055/1380/4483
f 2047/1737/4468 2057/1734/4488 2056/1801/4486 2046/1804/4466
f 2048/1686/4470 2058/1683/4490 2057/1734/4487 2047/1737/4467
f 2049/1633/4472 2059/1630/4492 2058/1683/4489 2048/1686/4469
f 2050/1598/4474 2060/1595/4494 2059/1630/4491 2049/1633/4471
f 2051/1538/4476 2061/1533/4496 2060/1595/4493 2050/1598/4473
f 2052/1502/4478 2062/1499/4498 2061/1533/4495 2051/1538/4475
f 2053/1456/4480 2063/1453/4500 2062/1499/4497 2052/1502/4477
f 2054/1427/4482 2064/1424/4502 2063/1453/4499 2053/1456/4479
f 2055/1380/4484 2065/1377/4504 2064/1424/4501 2054/1427/4481
g cube1_black
usemtl black
f 2756/1689/5914 2770/1858/5974 2772/1710/850
f 2757/1725/5921 2772/1862/850 2771/1869/5981
f 2758/2465/5924 2764/2377/5948 2772/2469/850
f 2759/2493/5929 2772/2386/850 2765/2403/5953
f 2760/2277/5930 2765/2403/5950 2772/2274/850
f 2762/2012/5938 2769/2150/5970 2772/2022/850
f 2764/2377/5949 2761/2273/5937 2772/2386/850
f 2766/1581/5957 2772/1710/850 2757/1725/5920
f 2767/2562/5962 2772/2469/850 2759/2493/5926
f 2768/2144/5969 2763/2033/5945 2772/2145/850
f 2771/1869/5979 2772/2022/850 2763/2033/5944
f 2772/2274/850 2761/2273/5936 2768/2144/5968
f 2772/1710/850 2766/1581/5958 2756/1689/5917
f 2772/2469/850 2767/2562/5964 2758/2465/5925
f 2772/2145/850 2769/2150/5973 2760/2277/5933
f 2772/1862/850 2770/1858/5977 2762/2012/5941
g cube1_floor
usemtl floor
f 2/1396/856 26/1476/932 27/1477/935 12/1407/885
f 3/2674/860 25/2648/928 26/1476/931 2/1396/855
f 9/1752/874 30/1835/948 21/2109/912 13/2062/890
f 10/1579/878 29/1615/944 30/1835/947 9/1752/873
f 11/1464/882 28/1514/940 29/1615/943 10/1579/877
f 12/1407/886 27/1477/936 28/1514/939 11/1464/881
f 13/2062/889 21/2109/911 22/2438/915 14/2451/893
f 14/2451/894 22/2438/916 23/2607/919 16/2620/901
f 15/2664/898 24/2640/924 25/2648/927 3/2674/859
f 16/2620/902 23/2607/920 24/2640/923 15/2664/897
f 21/1722/913 31/1375/1 22/2141/917
f 22/2141/918 31/1375/1 23/2450/921
f 23/2450/922 31/1375/1 24/2590/925
f 24/2590/926 31/1375/1 25/2732/929
f 25/537/930 31/1375/1 26/748/933
f 26/748/934 31/1375/1 27/1041/937
f 27/1041/938 31/1375/1 28/1101/941
f 28/1101/942 31/1375/1 29/1222/945
f 29/1222/946 31/1375/1 30/1450/949
f 30/1450/950 31/1375/1 21/1722/914
f 32/2434/951 35/2433/956 36/2471/959 33/2473/954
f 2066/2834/4505 2075/2835/4536 2074/2830/4533 2070/2642/4517 2082/1018/4559 2071/422/4520 2080/173/4553 2081/163/4557 2069/162/4515
f 2068/2573/4512 2079/2574/4551 2078/2532/4546 2073/1594/4528 2083/1017/4562 2072/692/4523 2076/497/4539 2077/487/4543 2067/486/4508
f 2089/1870/4568 2105/1837/4632 2106/2426/4635 2090/2447/4572
f 2090/2313/4573 2106/2399/4636 2107/2400/4638 2091/2314/4577
f 2091/1908/4578 2107/1944/4639 2108/2482/4641 2092/2462/4581
f 2092/2428/4582 2108/2339/4642 2105/2338/4633 2089/2427/4569
f 2093/1720/4584 2109/1719/4644 2110/2539/4647 2094/2540/4588
f 2094/2418/4589 2110/2486/4648 2111/2490/4650 2095/2422/4593
f 2095/1639/4594 2111/1636/4651 2112/2508/4653 2096/2511/4597
f 2096/2492/4598 2112/2424/4654 2109/2420/4645 2093/2488/4585
f 2097/2099/4600 2113/2143/4656 2114/2571/4659 2098/2553/4604
f 2098/2355/4605 2114/2443/4660 2115/2444/4662 2099/2356/4609
f 2099/2137/4610 2115/2089/4663 2116/2548/4665 2100/2564/4613
f 2100/2379/4614 2116/2282/4666 2113/2281/4657 2097/2378/4601
f 2101/1638/4616 2117/1635/4668 2118/2507/4671 2102/2510/4620
f 2102/2417/4621 2118/2485/4672 2119/2489/4674 2103/2421/4625
f 2103/1637/4626 2119/1634/4675 2120/2506/4677 2104/2509/4629
f 2104/2491/4630 2120/2423/4678 2117/2419/4669 2101/2487/4617
f 2121/986/4682 2137/962/4738 2140/144/4748 2124/143/4692
f 2123/2579/4687 2134/2580/4725 2133/2527/4721 2128/1561/4704 2127/711/4702 2131/504/4716 2132/478/4718 2122/477/4683
f 2124/143/4691 2140/144/4747 2152/151/4772 2136/146/4734
f 2125/951/4695 2141/952/4751 2145/1081/4760 2129/1086/4710
f 2126/273/4699 2142/274/4755 2141/952/4752 2125/951/4696
f 2129/1086/4709 2145/1081/4759 2146/1063/4764 2130/1096/4714
f 2130/1096/4713 2146/1063/4763 2137/962/4737 2121/986/4681
f 2135/160/4729 2151/165/4767 2142/274/4756 2126/273/4700
f 2136/146/4733 2152/151/4771 2151/165/4768 2135/160/4730
f 2137/2576/4736 2146/2479/4761 2148/2177/566 2138/2235/4741
f 2138/1848/4740 2139/354/4744 2140/288/4746 2137/2186/4735
f 2138/2235/4739 2148/2177/566 2147/2110/565 2143/1362/563 2144/746/564 2149/599/567 2150/579/568 2139/578/4743
f 2139/578/4742 2150/579/568 2152/512/4769 2140/476/4745
f 2142/713/4753 2144/746/564 2143/1362/563 2141/1461/4750
f 2143/1362/563 2147/2110/565 2145/2410/4757 2141/1461/4749
f 2146/2479/4762 2145/2410/4758 2147/2110/565 2148/2177/566
f 2151/533/4765 2149/599/567 2144/746/564 2142/713/4754
f 2152/512/4770 2150/579/568 2149/599/567 2151/533/4766
f 2153/2431/4773 2156/2432/4778 2157/2474/4781 2154/2472/4776
f 2159/559/4783 2167/560/4816 2174/637/4837 2166/638/4811
f 2159/2521/4785 2176/2605/4843 2175/2598/4839 2160/2512/4789
f 2160/502/4788 2168/503/4820 2167/560/4817 2159/559/4784
f 2160/2512/4790 2175/2598/4840 2182/2380/4868 2161/2324/4794
f 2161/449/4792 2169/450/4823 2168/503/4819 2160/502/4787
f 2161/2325/4793 2182/2381/4867 2181/1868/4864 2162/2005/4798
f 2162/935/4796 2170/934/4826 2169/1001/4822 2161/1002/4791
f 2162/2005/4797 2181/1868/4863 2180/1532/4860 2163/1769/4802
f 2163/827/4800 2171/826/4829 2170/934/4825 2162/935/4795
f 2163/1769/4801 2180/1532/4859 2179/1585/4856 2164/1798/4806
f 2164/741/4804 2172/740/4832 2171/826/4828 2163/827/4799
f 2164/1798/4805 2179/1585/4855 2178/1986/4852 2165/2069/4810
f 2165/685/4808 2173/684/4835 2172/740/4831 2164/741/4803
f 2165/2069/4809 2178/1986/4851 2177/2463/4848 2166/2373/4814
f 2166/638/4812 2174/637/4838 2173/684/4834 2165/685/4807
f 2166/2373/4813 2177/2463/4847 2176/2605/4844 2159/2521/4786
f 2168/963/4818 2169/900/4821 2170/782/4824 2171/733/4827 2172/744/4830 2173/805/4833 2174/914/4836 2167/979/4815
f 2175/1844/4842 2183/1845/4873 2190/2368/4894 2182/2367/4870
f 2176/1386/4845 2184/1387/4875 2183/1845/4872 2175/1844/4841
f 2177/1150/4849 2185/1149/4878 2184/1387/4876 2176/1386/4846
f 2178/1020/4853 2186/1021/4881 2185/1149/4879 2177/1150/4850
f 2179/906/4857 2187/905/4884 2186/1021/4882 2178/1020/4854
f 2180/739/4861 2188/738/4887 2187/905/4885 2179/906/4858
f 2181/658/4865 2189/659/4890 2188/738/4888 2180/739/4862
f 2182/555/4869 2190/554/4893 2189/659/4891 2181/658/4866
f 2184/361/4874 2185/427/4877 2186/516/4880 2187/589/4883 2188/611/4886 2189/545/4889 2190/452/4892 2183/370/4871
f 2191/559/4895 2199/560/4928 2206/637/4949 2198/638/4923
f 2191/2521/4897 2208/2605/4955 2207/2598/4951 2192/2512/4901
f 2192/502/4900 2200/503/4932 2199/560/4929 2191/559/4896
f 2192/2512/4902 2207/2598/4952 2214/2380/4980 2193/2324/4906
f 2193/449/4904 2201/450/4935 2200/503/4931 2192/502/4899
f 2193/2325/4905 2214/2381/4979 2213/1868/4976 2194/2005/4910
f 2194/935/4908 2202/934/4938 2201/1001/4934 2193/1002/4903
f 2194/2005/4909 2213/1868/4975 2212/1532/4972 2195/1769/4914
f 2195/827/4912 2203/826/4941 2202/934/4937 2194/935/4907
f 2195/1769/4913 2212/1532/4971 2211/1585/4968 2196/1798/4918
f 2196/741/4916 2204/740/4944 2203/826/4940 2195/827/4911
f 2196/1798/4917 2211/1585/4967 2210/1986/4964 2197/2069/4922
f 2197/685/4920 2205/684/4947 2204/740/4943 2196/741/4915
f 2197/2069/4921 2210/1986/4963 2209/2463/4960 2198/2373/4926
f 2198/638/4924 2206/637/4950 2205/684/4946 2197/685/4919
f 2198/2373/4925 2209/2463/4959 2208/2605/4956 2191/2521/4898
f 2200/963/4930 2201/900/4933 2202/782/4936 2203/733/4939 2204/744/4942 2205/805/4945 2206/914/4948 2199/979/4927
f 2207/1844/4954 2215/1845/4985 2222/2368/5006 2214/2367/4982
f 2208/1386/4957 2216/1387/4987 2215/1845/4984 2207/1844/4953
f 2209/1150/4961 2217/1149/4990 2216/1387/4988 2208/1386/4958
f 2210/1020/4965 2218/1021/4993 2217/1149/4991 2209/1150/4962
f 2211/906/4969 2219/905/4996 2218/1021/4994 2210/1020/4966
f 2212/739/4973 2220/738/4999 2219/905/4997 2211/906/4970
f 2213/658/4977 2221/659/5002 2220/738/5000 2212/739/4974
f 2214/555/4981 2222/554/5005 2221/659/5003 2213/658/4978
f 2216/361/4986 2217/427/4989 2218/516/4992 2219/589/4995 2220/611/4998 2221/545/5001 2222/452/5004 2215/370/4983
f 2223/559/5007 2231/560/5040 2238/637/5061 2230/638/5035
f 2223/2521/5009 2240/2605/5067 2239/2598/5063 2224/2512/5013
f 2224/502/5012 2232/503/5044 2231/560/5041 2223/559/5008
f 2224/2512/5014 2239/2598/5064 2246/2380/5092 2225/2324/5018
f 2225/449/5016 2233/450/5047 2232/503/5043 2224/502/5011
f 2225/2325/5017 2246/2381/5091 2245/1868/5088 2226/2005/5022
f 2226/935/5020 2234/934/5050 2233/1001/5046 2225/1002/5015
f 2226/2005/5021 2245/1868/5087 2244/1532/5084 2227/1769/5026
f 2227/827/5024 2235/826/5053 2234/934/5049 2226/935/5019
f 2227/1769/5025 2244/1532/5083 2243/1585/5080 2228/1798/5030
f 2228/741/5028 2236/740/5056 2235/826/5052 2227/827/5023
f 2228/1798/5029 2243/1585/5079 2242/1986/5076 2229/2069/5034
f 2229/685/5032 2237/684/5059 2236/740/5055 2228/741/5027
f 2229/2069/5033 2242/1986/5075 2241/2463/5072 2230/2373/5038
f 2230/638/5036 2238/637/5062 2237/684/5058 2229/685/5031
f 2230/2373/5037 2241/2463/5071 2240/2605/5068 2223/2521/5010
f 2232/963/5042 2233/900/5045 2234/782/5048 2235/733/5051 2236/744/5054 2237/805/5057 2238/914/5060 2231/979/5039
f 2239/1844/5066 2247/1845/5097 2254/2368/5118 2246/2367/5094
f 2240/1386/5069 2248/1387/5099 2247/1845/5096 2239/1844/5065
f 2241/1150/5073 2249/1149/5102 2248/1387/5100 2240/1386/5070
f 2242/1020/5077 2250/1021/5105 2249/1149/5103 2241/1150/5074
f 2243/906/5081 2251/905/5108 2250/1021/5106 2242/1020/5078
f 2244/739/5085 2252/738/5111 2251/905/5109 2243/906/5082
f 2245/658/5089 2253/659/5114 2252/738/5112 2244/739/5086
f 2246/555/5093 2254/554/5117 2253/659/5115 2245/658/5090
f 2248/361/5098 2249/427/5101 2250/516/5104 2251/589/5107 2252/611/5110 2253/545/5113 2254/452/5116 2247/370/5095
f 2255/559/5119 2263/560/5152 2270/637/5173 2262/638/5147
f 2255/2521/5121 2272/2605/5179 2271/2598/5175 2256/2512/5125
f 2256/502/5124 2264/503/5156 2263/560/5153 2255/559/5120
f 2256/2512/5126 2271/2598/5176 2278/2380/5204 2257/2324/5130
f 2257/449/5128 2265/450/5159 2264/503/5155 2256/502/5123
f 2257/2325/5129 2278/2381/5203 2277/1868/5200 2258/2005/5134
f 2258/935/5132 2266/934/5162 2265/1001/5158 2257/1002/5127
f 2258/2005/5133 2277/1868/5199 2276/1532/5196 2259/1769/5138
f 2259/827/5136 2267/826/5165 2266/934/5161 2258/935/5131
f 2259/1769/5137 2276/1532/5195 2275/1585/5192 2260/1798/5142
f 2260/741/5140 2268/740/5168 2267/826/5164 2259/827/5135
f 2260/1798/5141 2275/1585/5191 2274/1986/5188 2261/2069/5146
f 2261/685/5144 2269/684/5171 2268/740/5167 2260/741/5139
f 2261/2069/5145 2274/1986/5187 2273/2463/5184 2262/2373/5150
f 2262/638/5148 2270/637/5174 2269/684/5170 2261/685/5143
f 2262/2373/5149 2273/2463/5183 2272/2605/5180 2255/2521/5122
f 2264/963/5154 2265/900/5157 2266/782/5160 2267/733/5163 2268/744/5166 2269/805/5169 2270/914/5172 2263/979/5151
f 2271/1844/5178 2279/1845/5209 2286/2368/5230 2278/2367/5206
f 2272/1386/5181 2280/1387/5211 2279/1845/5208 2271/1844/5177
f 2273/1150/5185 2281/1149/5214 2280/1387/5212 2272/1386/5182
f 2274/1020/5189 2282/1021/5217 2281/1149/5215 2273/1150/5186
f 2275/906/5193 2283/905/5220 2282/1021/5218 2274/1020/5190
f 2276/739/5197 2284/738/5223 2283/905/5221 2275/906/5194
f 2277/658/5201 2285/659/5226 2284/738/5224 2276/739/5198
f 2278/555/5205 2286/554/5229 2285/659/5227 2277/658/5202
f 2280/361/5210 2281/427/5213 2282/516/5216 2283/589/5219 2284/611/5222 2285/545/5225 2286/452/5228 2279/370/5207
f 2287/1391/5231 2294/1360/5252 2293/1272/5249 2292/1234/5246 2291/1213/5243 2290/1233/5240 2289/1271/5237 2288/1359/5234
f 2287/1465/5232 2295/1466/5256 2302/1569/5277 2294/1568/5253
f 2288/1381/5236 2296/1382/5260 2295/1466/5257 2287/1465/5233
f 2289/1282/5239 2297/1281/5263 2296/1382/5259 2288/1381/5235
f 2290/1237/5242 2298/1238/5266 2297/1281/5262 2289/1282/5238
f 2291/1192/5245 2299/1193/5269 2298/1238/5265 2290/1237/5241
f 2292/1157/5248 2300/1158/5272 2299/1193/5268 2291/1192/5244
f 2293/1131/5251 2301/1130/5275 2300/1158/5271 2292/1157/5247
f 2294/1568/5254 2302/1569/5278 2301/1666/5274 2293/1665/5250
f 2296//5258 2297//5261 2298//5264 2299//5267 2300//5270 2301//5273 2302//5276 2295//5255
f 2307/2004/5292 2714/2043/5776 2708/2193/5758 2700/2192/5722
f 2312/482/5313 2702/507/5730 2704/508/5739 2314/483/5321 2454/485/5467 2345/484/5371 2409/481/5419
f 2312/2123/5315 2728/2113/5818 2722/1957/5800 2702/1999/5732
f 2313/2105/5319 2721/2104/5797 2715/2244/5779 2705/2245/5747
f 2317/2502/5328 2735/2503/5839 2729/2396/5821 2707/2395/5755
f 2319/238/5337 2669/240/5617 2670/268/5620 2320/267/5340
f 2320/267/5341 2670/268/5621 2671/369/5624 2461/394/5481
f 2321/244/5345 2661/258/5585 2662/259/5588 2463/256/5488
f 2322/470/5349 2665/439/5601 2666/357/5604 2465/355/5492
f 2352/374/5386 2672/348/5629 2660/323/5581 2416/342/5434
f 2354/314/5393 2663/289/5593 2664/398/5596 2418/438/5440
f 2356/312/5397 2667/344/5609 2668/328/5612 2420/307/5444
f 2407/2796/5416 2343/2795/5368 2452/2792/5464 2313/2794/5317 2705/2782/5743 2703/2781/5733 2311/2793/5308
f 2416/342/5433 2660/323/5580 2661/258/5584 2321/244/5344
f 2418/438/5441 2664/398/5597 2665/439/5600 2322/470/5348
f 2420/307/5445 2668/328/5613 2669/240/5616 2319/238/5336
f 2461/394/5482 2671/369/5625 2672/348/5628 2352/374/5385
f 2463/256/5489 2662/259/5589 2663/289/5592 2354/314/5392
f 2465/355/5493 2666/357/5605 2667/344/5608 2356/312/5396
f 2641/2691/5505 2640/341/5501 2643/283/5510 2737/1488/5844 2748/1515/5878 2738/1674/5848 2753/1805/5900 2750/2304/5885 2739/2413/5851 2749/2535/5881 2736/2572/5840 2642/2738/5507
f 2644/990/5514 2645/617/5518 2656/656/5562 2657/991/5567
f 2644/990/5515 2657/991/5568 2658/1513/5573 2650/1646/5539
f 2646/567/5522 2656/656/5563 2645/617/5519
f 2647/362/5526 2655/429/5558 2656/656/5564 2646/567/5523
f 2648/2647/5530 2659/2586/5576 2651/2634/5541 2652/2700/5547
f 2649/1871/5534 2658/1513/5571 2659/2586/5577 2648/2647/5531
f 2650/1646/5538 2658/1513/5572 2649/1871/5535
f 2651/2634/5543 2686/2557/5671 2687/459/5675 2653/396/5552
f 2652/2700/5548 2651/2634/5542 2641/2691/5504
f 2653/396/5549 2640/341/5498 2641/2691/5502 2651/2634/5540
f 2653/396/5550 2654/316/5556 2640/341/5500
f 2653/396/5553 2687/459/5676 2688/468/5679 2655/429/5560
f 2654/316/5557 2653/396/5551 2655/429/5559 2647/362/5527
f 2655/429/5561 2688/468/5680 2689/678/5683 2656/656/5565
f 2656/656/5566 2689/678/5684 2690/992/5687 2657/991/5569
f 2657/991/5570 2690/992/5688 2691/1428/5691 2658/1513/5574
f 2658/1513/5575 2691/1428/5692 2692/2529/5695 2659/2586/5578
f 2659/2586/5579 2692/2529/5696 2686/2557/5672 2651/2634/5544
f 2660/123/5582 2673/124/5633 2674/149/5636 2661/150/5586
f 2661/150/5587 2674/149/5637 2675/242/5639 2662/243/5590
f 2662/243/5591 2675/242/5640 2676/509/5642 2663/511/5594
f 2663/511/5595 2676/509/5643 2677/871/5645 2664/884/5598
f 2664/884/5599 2677/871/5646 2678/1230/5648 2665/1235/5602
f 2665/1235/5603 2678/1230/5649 2679/1855/5651 2666/1854/5606
f 2666/1854/5607 2679/1855/5652 2680/1865/5654 2667/1861/5610
f 2667/1861/5611 2680/1865/5655 2681/1170/5657 2668/1164/5614
f 2668/1164/5615 2681/1170/5658 2682/745/5660 2669/743/5618
f 2669/496/5619 2682/495/5661 2683/2779/5663 2670/2780/5622
f 2670/282/5623 2683/284/5664 2684/166/5666 2671/161/5626
f 2671/161/5627 2684/166/5667 2685/122/5669 2672/121/5630
f 2672/121/5631 2685/122/5670 2673/124/5634 2660/123/5583
f 2673/2581/5632 2685/2654/5668 2684/2696/5665 2683/2723/5662 2682/315/5659 2681/356/5656 2680/411/5653 2679/475/5650 2678/583/5647 2677/752/5644 2676/1019/5641 2675/1338/5638 2674/2159/5635
f 2686/2557/5673 2693/2543/5700 2694/461/5703 2687/459/5677
f 2687/459/5678 2694/461/5704 2695/489/5706 2688/468/5681
f 2688/468/5682 2695/489/5707 2696/710/5709 2689/678/5685
f 2689/678/5686 2696/710/5710 2697/993/5712 2690/992/5689
f 2690/992/5690 2697/993/5713 2698/1301/5715 2691/1428/5693
f 2691/1428/5694 2698/1301/5716 2699/2445/5718 2692/2529/5697
f 2692/2529/5698 2699/2445/5719 2693/2543/5701 2686/2557/5674
f 2693/2543/5699 2699/2445/5717 2698/1301/5714 2697/993/5711 2696/710/5708 2695/489/5705 2694/461/5702
f 2700/1037/5721 2708/997/5757 2709/174/5760 2703/164/5736
f 2701/1919/5726 2723/1911/5803 2724/2075/5805 2308/2124/5297
f 2702/2719/5728 2701/2722/5724 2700/319/5720 2703/320/5734
f 2702/2730/5731 2722/2709/5799 2723/648/5802 2701/588/5725
f 2703/2781/5735 2705/2782/5744 2704/508/5738 2702/507/5729
f 2703/2131/5737 2709/2170/5761 2710/2014/5763 2311/2003/5309
f 2704/2032/5742 2730/2030/5824 2731/2181/5826 2314/2182/5322
f 2705/318/5745 2706/317/5749 2707/2720/5753 2704/2721/5740
f 2705/902/5746 2715/842/5778 2716/212/5781 2706/192/5750
f 2706/2500/5751 2716/2501/5782 2717/2398/5784 2318/2397/5332
f 2707/901/5754 2729/841/5820 2730/213/5823 2704/193/5741
f 2708/2193/5756 2714/2043/5774 2713/2051/5771 2712/2036/5768 2711/2023/5765 2710/2014/5762 2709/2170/5759
f 2715/2244/5777 2721/2104/5795 2720/2103/5792 2719/2102/5789 2718/2101/5786 2717/2100/5783 2716/2243/5780
f 2722/1957/5798 2728/2113/5816 2727/2106/5813 2726/2084/5810 2725/2070/5807 2724/2075/5804 2723/1911/5801
f 2729/2031/5819 2735/2183/5837 2734/2178/5834 2733/2179/5831 2732/2180/5828 2731/2181/5825 2730/2030/5822
f 2736/2692/5843 2767/2671/5965 2747/2662/5877
f 2737/1109/5847 2766/1214/5959 2748/1239/5880
f 2738/1497/5850 2757/1467/5919 2771/1704/5980 2753/1723/5903
f 2739/2599/5852 2758/2604/5922 2767/2671/5960 2749/2658/5882
f 2740/1337/5856 2755/1613/5912 2770/1625/5975 2756/1376/5916
f 2741/2635/5859 2759/2625/5928 2765/2589/5952 2751/2601/5893
f 2742/2200/5860 2750/2304/5886 2752/2044/5895
f 2742/2425/5862 2761/2414/5935 2764/2534/5947 2750/2531/5888
f 2743/1933/5864 2752/2044/5896 2753/1805/5902
f 2743/2017/5865 2763/1987/5943 2768/2218/5967 2752/2234/5898
f 2744/2470/5867 2751/2601/5892 2765/2589/5951 2760/2460/5931
f 2744/2470/5868 2760/2460/5932 2769/2217/5972 2754/2238/5908
f 2745/1967/5870 2754/2238/5907 2769/2217/5971 2762/1969/5939
f 2745/1967/5871 2762/1969/5940 2770/1625/5976 2755/1613/5913
f 2746/1204/5873 2766/1214/5955 2737/1109/5846
f 2747/2662/5876 2767/2671/5963 2759/2625/5927 2741/2635/5858
f 2748/1239/5879 2766/1214/5954 2757/1467/5918 2738/1497/5849
f 2749/2658/5883 2767/2671/5961 2736/2692/5842
f 2750/2304/5884 2753/1805/5899 2752/2044/5894
f 2750/2531/5887 2764/2534/5946 2758/2604/5923 2739/2599/5853
f 2752/2234/5897 2768/2218/5966 2761/2414/5934 2742/2425/5861
f 2753/1723/5901 2771/1704/5978 2763/1987/5942 2743/2017/5863
f 2756/1376/5915 2766/1214/5956 2746/1204/5874 2740/1337/5855
f 2773/1808/5982 2780/1775/6003 2779/1718/6000 2778/1657/5997 2777/1614/5994 2776/1656/5991 2775/1717/5988 2774/1774/5985
f 2773/858/5983 2781/859/6007 2788/883/6028 2780/882/6004
f 2774/829/5987 2782/830/6011 2781/859/6008 2773/858/5984
f 2775/815/5990 2783/816/6014 2782/830/6010 2774/829/5986
f 2776/783/5993 2784/784/6017 2783/816/6013 2775/815/5989
f 2777/760/5996 2785/761/6020 2784/784/6016 2776/783/5992
f 2778/753/5999 2786/754/6023 2785/761/6019 2777/760/5995
f 2779/734/6002 2787/735/6026 2786/754/6022 2778/753/5998
f 2780/882/6005 2788/883/6029 2787/910/6025 2779/909/6001
f 2782//6009 2783//6012 2784//6015 2785//6018 2786//6021 2787//6024 2788//6027 2781//6006
f 2789/1100/6030 2796/1093/6051 2795/1061/6048 2794/1049/6045 2793/1043/6042 2792/1048/6039 2791/1062/6036 2790/1092/6033
f 2789/514/6031 2797/515/6055 2804/548/6076 2796/547/6052
f 2790/493/6035 2798/494/6059 2797/515/6056 2789/514/6032
f 2791/472/6038 2799/473/6062 2798/494/6058 2790/493/6034
f 2792/465/6041 2800/466/6065 2799/473/6061 2791/472/6037
f 2793/433/6044 2801/434/6068 2800/466/6064 2792/465/6040
f 2794/420/6047 2802/421/6071 2801/434/6067 2793/433/6043
f 2795/389/6050 2803/390/6074 2802/421/6070 2794/420/6046
f 2796/547/6053 2804/548/6077 2803/562/6073 2795/561/6049
f 2798//6057 2799//6060 2800//6063 2801//6066 2802//6069 2803//6072 2804//6075 2797//6054
g cube1_glass
usemtl glass
f 363/806/1882 364/725/1883 365/699/1884 366/726/1885 367/807/1886 368/981/1887 369/1078/1888 370/1176/1889 371/1229/1890 372/1177/1891 373/1079/1892 362/980/1881
f 678/980/2773 689/1079/2784 688/1177/2783 687/1229/2782 686/1176/2781 685/1078/2780 684/981/2779 683/807/2778 682/726/2777 681/699/2776 680/725/2775 679/806/2774
f 2105/2565/4631 2108/2566/4640 2107/2087/4637 2106/2088/4634
f 2109/2568/4643 2112/2570/4652 2111/1779/4649 2110/1777/4646
f 2113/2483/4655 2116/2484/4664 2115/1907/4661 2114/1906/4658
f 2117/2567/4667 2120/2569/4676 2119/1778/4673 2118/1776/4670
g cube1_hull
usemtl hull
f 1/643/851 4/1939/862 3/1938/858 2/642/853
f 2/2791/854 12/2461/883 7/2530/867 1/2844/852
f 4/147/861 20/500/909 15/517/895 3/232/857
f 5/1083/863 9/1082/871 13/965/887 17/968/903
f 8/1950/869 11/1886/879 10/1292/875 6/1305/865
f 10/1292/876 9/1082/872 5/1083/864 6/1305/866
f 12/2461/884 11/1886/880 8/1950/870 7/2530/868
f 15/517/896 20/500/910 19/640/908 16/649/900
f 16/649/899 19/640/907 18/756/905 14/758/891
f 17/968/904 13/965/888 14/758/892 18/756/906
f 33/1478/953 36/844/958 37/843/960
f 34/1189/955 35/1190/957 32/722/952
f 2066/235/4506 2069/2784/4516 2068/2785/4513 2067/236/4509
f 2067/2390/4510 2077/542/4544 2075/541/4537 2066/2389/4507
f 2069/479/4514 2081/2577/4556 2079/2578/4550 2068/480/4511
f 2070/2704/4518 2084/2706/558 2088/1016/562 2082/1014/4560
f 2071/347/4522 2085/345/559 2087/134/561 2080/135/4555
f 2072/2705/4525 2096/2632/4596 2093/2633/4583 2084/2706/558
f 2072/2705/4527 2099/2748/4608 2100/2840/4611 2076/2858/4541
f 2073/346/4530 2092/270/4580 2089/269/4567 2085/345/559
f 2073/346/4532 2103/432/4624 2104/913/4627 2083/1015/4565
f 2074/2856/4535 2086/2857/560 2084/2706/558 2070/2704/4519
f 2076/2858/4542 2100/2840/4612 2097/2839/4599 2086/2857/560
f 2077/2863/4545 2076/2858/4540 2086/2857/560 2074/2856/4534 2075/2862/4538
f 2078/133/4549 2091/153/4576 2092/270/4579 2073/346/4529
f 2080/135/4554 2087/134/561 2078/133/4547 2079/117/4552 2081/118/4558
f 2082/1014/4561 2088/1016/562 2085/345/559 2071/347/4521
f 2083/1015/4564 2095/1141/4592 2096/2632/4595 2072/2705/4524
f 2083/1015/4566 2104/913/4628 2101/912/4615 2088/1016/562
f 2084/2706/558 2098/2749/4603 2099/2748/4607 2072/2705/4526
f 2085/345/559 2102/431/4619 2103/432/4623 2073/346/4531
f 2087/134/561 2090/154/4571 2091/153/4575 2078/133/4548
f 2088/1016/562 2094/1142/4587 2095/1141/4591 2083/1015/4563
f 2090/154/4574 2087/134/561 2085/345/559 2089/269/4570
f 2094/1142/4590 2088/1016/562 2084/2706/558 2093/2633/4586
f 2098/2749/4606 2084/2706/558 2086/2857/560 2097/2839/4602
f 2102/431/4622 2085/345/559 2088/1016/562 2101/912/4618
f 2121/189/4679 2124/2827/4690 2123/2788/4688 2122/233/4684
f 2122/1188/4685 2132/988/4719 2130/749/4711 2121/1185/4680
f 2124/846/4689 2136/1358/4731 2134/1064/4724 2123/845/4686
f 2125/2618/4694 2127/2522/4703 2128/506/4705 2126/451/4697
f 2125/2618/4693 2129/2826/4707 2131/2786/4715 2127/2522/4701
f 2126/451/4698 2128/506/4706 2133/234/4722 2135/190/4727
f 2132/2815/4720 2131/2786/4717 2129/2826/4708 2130/2837/4712
f 2135/190/4728 2133/234/4723 2134/216/4726 2136/159/4732
f 2154/1478/4775 2157/844/4780 2158/843/4782
f 2155/1189/4777 2156/1190/4779 2153/722/4774
f 2303/136/5283 2400/215/635 2626/261/836 2396/230/632
f 2303/2841/5282 2405/2847/638 2622/2787/832 2400/2753/635
f 2303/2841/5279 2467/2875/5494 2580/2873/790 2405/2847/638
f 2304/37/5284 2398/38/5402 2576/46/786 2397/43/633
f 2304/2940/5285 2399/2934/634 2612/2931/822 2398/2939/5405
f 2304/2940/5286 2644/2941/5512 2650/2929/5536 2399/2934/634
f 2305/2766/569 2402/2789/637 2605/2833/815 2401/2818/636
f 2305/2766/569 2477/2728/687 2568/2717/778 2402/2789/637
f 2306/217/570 2469/167/679 2606/139/816 2447/207/669
f 2306/217/570 2478/264/688 2564/237/774 2469/167/679
f 2307/186/5290 2309/172/5300 2654/110/5554 2647/93/5525 2442/106/665
f 2307/186/5289 2471/137/681 2633/231/843 2403/239/5407
f 2308/2817/5294 2470/2845/680 2613/2878/823 2444/2874/666
f 2308/2817/5298 2724/2801/5806 2725/2747/5808 2404/2752/5412
f 2311/969/5306 2439/1003/662 2616/1302/826 2407/976/5415
f 2311/969/5307 2448/687/5454 2632/682/842 2439/1003/662
f 2311/969/5310 2710/919/5764 2711/681/5766 2448/687/5456
f 2312/1010/5312 2485/977/695 2637/1408/847 2449/1366/5459
f 2313/983/5316 2452/982/5462 2615/1658/825 2412/1183/5421
f 2314/1009/5320 2458/755/5472 2591/630/801 2454/1006/5466
f 2314/1009/5323 2731/995/5827 2732/747/5829 2458/755/5474
f 2315/87/571 2456/92/674 2587/119/797 2408/109/640
f 2316/2891/572 2468/2884/678 2572/2901/782 2410/2909/641
f 2317/278/5324 2453/211/672 2586/257/796 2413/423/5425
f 2318/2724/5330 2457/2583/5468 2620/2742/830 2414/2797/643
f 2318/2724/5333 2717/2712/5785 2718/2556/5787 2457/2583/5470
f 2319/2745/5334 2460/2741/5476 2603/2831/813 2420/2836/5443
f 2321/64/5342 2464/75/676 2595/91/805 2416/89/5432
f 2322/2911/5346 2466/2903/677 2599/2923/809 2418/2926/5439
f 2323/2932/5351 2430/2919/653 2581/2908/791 2422/2921/5447
f 2323/2932/5353 2443/2937/5452 2611/2925/821 2430/2919/653
f 2324/2861/573 2428/2886/651 2573/2892/783 2423/2870/646
f 2324/2861/573 2446/2853/668 2604/2871/814 2428/2886/651
f 2325/112/574 2473/90/683 2607/105/817 2424/120/647
f 2325/112/574 2479/148/689 2588/142/798 2411/108/642
f 2326/2852/575 2475/2881/685 2614/2882/824 2425/2850/648
f 2327/125/576 2474/96/684 2609/99/819 2451/126/671
f 2327/125/576 2480/206/690 2634/210/844 2426/129/649
f 2328/903/577 2437/897/660 2569/1232/779 2432/1273/655
f 2328/903/577 2441/573/664 2625/602/835 2437/897/660
f 2329/1034/578 2436/1005/659 2565/657/775 2433/683/656
f 2329/1034/578 2445/1695/667 2621/1728/831 2436/1005/659
f 2329/1034/578 2482/1031/692 2627/1584/837 2445/1695/667
f 2330/930/579 2440/911/663 2589/530/799 2434/531/657
f 2330/930/579 2472/1574/682 2638/1498/848 2440/911/663
f 2330/930/579 2481/961/691 2624/1624/834 2472/1574/682
f 2331/1039/580 2483/1000/693 2630/1901/840 2476/2094/686
f 2331/1039/580 2484/1052/694 2635/660/845 2435/641/658
f 2332/327/581 2396/230/632 2626/261/836 2549/392/759
f 2332/327/581 2549/392/759 2625/602/835 2441/573/664
f 2333/67/582 2397/43/633 2576/46/786 2499/65/709
f 2333/67/582 2499/65/709 2575/100/785 2442/106/665
f 2333/67/582 2646/53/5521 2645/49/5516 2397/43/633
f 2334/2938/5357 2398/2939/5404 2612/2931/822 2535/2928/745
f 2334/2938/5356 2535/2928/745 2611/2925/821 2443/2937/5453
f 2335/2907/583 2649/2924/5533 2648/2885/5528 2444/2874/666
f 2336/2639/584 2400/2753/635 2622/2787/832 2545/2673/755
f 2336/2639/584 2545/2673/755 2621/1728/831 2445/1695/667
f 2337/2838/585 2401/2818/636 2605/2833/815 2528/2859/738
f 2337/2838/585 2528/2859/738 2604/2871/814 2446/2853/668
f 2338/2804/586 2402/2789/637 2568/2717/778 2491/2718/701
f 2338/177/586 2491/265/701 2567/271/777 2447/207/669
f 2339/428/5359 2403/239/5406 2633/231/843 2556/397/766
f 2339/428/5358 2556/397/766 2632/682/842 2448/687/5455
f 2339/428/5361 2712/430/5770 2713/241/5772 2403/239/5408
f 2340/2563/5365 2726/2561/5812 2727/1436/5814 2449/1366/5460
f 2341/2849/587 2405/2847/638 2580/2873/790 2503/2872/713
f 2341/2849/587 2503/2872/713 2579/2877/789 2450/2851/670
f 2342/128/588 2406/130/639 2582/208/792 2505/194/715
f 2342/128/588 2505/194/715 2585/191/795 2451/126/671
f 2343/978/5367 2407/976/5414 2616/1302/826 2539/1731/749
f 2343/978/5366 2539/1731/749 2615/1658/825 2452/982/5463
f 2344/141/589 2408/109/640 2587/119/797 2510/184/720
f 2344/141/589 2510/184/720 2586/257/796 2453/211/672
f 2346/2927/590 2410/2909/641 2572/2901/782 2495/2922/705
f 2346/50/590 2495/54/705 2571/74/781 2455/63/673
f 2347/103/591 2411/108/642 2588/142/798 2511/138/721
f 2347/103/591 2511/138/721 2587/119/797 2456/92/674
f 2348/1826/5372 2412/1183/5420 2615/1658/825 2538/2609/748
f 2348/1826/5373 2538/2609/748 2620/2742/830 2457/2583/5469
f 2348/1826/5375 2719/1836/5791 2720/1201/5793 2412/1183/5422
f 2349/582/5376 2413/423/5424 2586/257/796 2509/395/719
f 2349/582/5377 2509/395/719 2591/630/801 2458/755/5473
f 2349/582/5379 2733/581/5833 2734/436/5835 2413/423/5426
f 2350/2842/592 2414/2797/643 2620/2742/830 2543/2816/753
f 2350/2842/592 2543/2816/753 2619/2855/829 2459/2868/675
f 2351/2736/5380 2415/2731/5429 2600/2823/810 2523/2828/733
f 2351/2736/5381 2523/2828/733 2603/2831/813 2460/2741/5477
f 2352/113/5384 2416/89/5431 2595/91/805 2518/114/728
f 2352/113/5383 2518/114/728 2594/152/804 2461/145/5480
f 2354/2936/5391 2418/2926/5438 2599/2923/809 2522/2935/732
f 2354/41/5390 2522/42/732 2598/56/808 2463/52/5487
f 2355/79/593 2419/84/644 2592/104/802 2515/94/725
f 2355/79/593 2515/94/725 2595/91/805 2464/75/676
f 2356/2865/5395 2420/2836/5442 2603/2831/813 2526/2864/736
f 2356/2865/5394 2526/2864/736 2602/2888/812 2465/2890/5491
f 2357/2900/594 2421/2895/645 2596/2917/806 2519/2920/729
f 2357/2900/594 2519/2920/729 2599/2923/809 2466/2903/677
f 2358/2898/5399 2422/2921/5446 2581/2908/791 2504/2893/714
f 2358/2898/5398 2504/2893/714 2580/2873/790 2467/2875/5495
f 2359/2876/595 2423/2870/646 2573/2892/783 2496/2896/706
f 2359/2876/595 2496/2896/706 2572/2901/782 2468/2884/678
f 2360/140/596 2424/120/647 2607/105/817 2530/115/740
f 2360/140/596 2530/115/740 2606/139/816 2469/167/679
f 2361/2848/597 2425/2850/648 2614/2882/824 2537/2880/747
f 2361/2848/597 2537/2880/747 2613/2878/823 2470/2845/680
f 2362/132/598 2426/129/649 2634/210/844 2557/229/767
f 2362/132/598 2557/229/767 2633/231/843 2471/137/681
f 2363/2665/599 2427/2799/650 2639/2790/849 2562/2646/772
f 2363/2665/599 2562/2646/772 2638/1498/848 2472/1574/682
f 2364/2897/600 2428/2886/651 2604/2871/814 2527/2887/737
f 2364/78/600 2527/88/737 2607/105/817 2473/90/683
f 2365/77/601 2429/57/652 2610/62/820 2533/82/743
f 2365/77/601 2533/82/743 2609/99/819 2474/96/684
f 2366/2899/602 2430/2919/653 2611/2925/821 2534/2902/744
f 2366/2899/602 2534/2902/744 2614/2882/824 2475/2881/685
f 2367/2735/603 2431/2829/654 2618/2832/828 2541/2737/751
f 2367/2735/603 2541/2737/751 2617/2142/827 2476/2094/686
f 2368/2464/604 2432/1273/655 2569/1232/779 2492/2363/702
f 2368/2464/604 2492/2363/702 2568/2717/778 2477/2728/687
f 2369/437/605 2433/683/656 2565/657/775 2488/384/698
f 2369/437/605 2488/384/698 2564/237/774 2478/264/688
f 2370/263/606 2434/531/657 2589/530/799 2512/260/722
f 2370/263/606 2512/260/722 2588/142/798 2479/148/689
f 2371/321/607 2435/641/658 2635/660/845 2558/350/768
f 2371/321/607 2558/350/768 2634/210/844 2480/206/690
f 2372/994/608 2436/1005/659 2621/1728/831 2544/1705/754
f 2372/994/608 2544/1705/754 2624/1624/834 2481/961/691
f 2373/904/609 2437/897/660 2625/602/835 2548/616/758
f 2373/1013/609 2548/1503/758 2627/1584/837 2482/1031/692
f 2374/984/610 2438/931/661 2631/1437/841 2554/1647/764
f 2374/984/610 2554/1647/764 2630/1901/840 2483/1000/693
f 2375/1047/611 2439/1003/662 2632/682/842 2555/671/765
f 2375/1047/611 2555/671/765 2635/660/845 2484/1052/694
f 2376/925/612 2440/911/663 2638/1498/848 2561/1441/771
f 2376/925/612 2561/1441/771 2637/1408/847 2485/977/695
f 2377/313/613 2489/601/699 2566/558/776 2486/277/696
f 2378/464/614 2493/707/703 2570/709/780 2490/467/700
f 2379/58/615 2497/61/707 2574/85/784 2494/80/704
f 2380/66/616 2501/73/711 2578/95/788 2498/97/708
f 2381/2889/617 2504/2893/714 2581/2908/791 2502/2894/712
f 2382/290/618 2508/305/718 2585/191/795 2505/194/715
f 2383/276/619 2514/606/724 2591/630/801 2509/395/719
f 2384/116/620 2518/114/728 2595/91/805 2515/94/725
f 2385/2933/621 2522/2935/732 2599/2923/809 2519/2920/729
f 2386/2860/622 2526/2864/736 2603/2831/813 2523/2828/733
f 2387/107/623 2530/115/740 2607/105/817 2527/88/737
f 2388/86/624 2533/82/743 2610/62/820 2531/83/741
f 2389/2904/625 2537/2880/747 2614/2882/824 2534/2902/744
f 2390/2727/626 2543/2816/753 2620/2742/830 2538/2609/748
f 2391/2683/627 2547/2677/757 2624/1624/834 2544/1705/754
f 2392/2330/628 2550/2575/760 2627/1584/837 2548/1503/758
f 2393/2666/629 2554/1647/764 2631/1437/841 2551/2600/761
f 2394/371/630 2558/350/768 2635/660/845 2555/671/765
f 2395/2627/631 2562/2646/772 2639/2790/849 2559/2767/769
f 2396/230/632 2582/208/792 2406/130/639 2303/136/5280
f 2397/43/633 2645/49/5517 2644/36/5513 2304/37/5287
f 2399/2934/634 2650/2929/5537 2649/2924/5532 2335/2907/583
f 2401/2818/636 2628/2746/838 2477/2728/687 2305/2766/569
f 2403/239/5409 2713/241/5773 2714/209/5775 2307/186/5291
f 2404/2752/5410 2636/2754/846 2470/2845/680 2308/2817/5295
f 2404/2752/5413 2725/2747/5809 2726/2561/5811 2340/2563/5364
f 2406/130/639 2608/101/818 2467/98/5496 2303/136/5281
f 2408/109/640 2592/104/802 2419/84/644 2315/87/571
f 2409/1008/5417 2590/712/800 2485/977/695 2312/1010/5311
f 2410/2909/641 2596/2917/806 2421/2895/645 2316/2891/572
f 2411/108/642 2574/85/784 2473/90/683 2325/112/574
f 2412/1183/5423 2720/1201/5794 2721/998/5796 2313/983/5318
f 2413/423/5427 2734/436/5836 2735/285/5838 2317/278/5327
f 2414/2797/643 2600/2823/810 2415/2731/5428 2318/2724/5329
f 2415/2913/5430 2351/2914/5382 2460/2915/5478 2319/2916/5335 2320/72/5339 2462/69/5485 2353/71/5389 2417/68/5437 2317/70/5326 2707/81/5752 2706/2905/5748 2318/2912/5331
f 2417/275/5435 2593/170/803 2453/211/672 2317/278/5325
f 2419/84/644 2597/60/807 2455/63/673 2315/87/571
f 2421/2895/645 2601/2879/811 2459/2868/675 2316/2891/572
f 2422/55/5448 2610/62/820 2429/57/652 2323/44/5352
f 2423/2870/646 2618/2832/828 2431/2829/654 2324/2861/573
f 2424/120/647 2563/171/773 2479/148/689 2325/112/574
f 2425/2850/648 2639/2790/849 2427/2799/650 2326/2852/575
f 2426/129/649 2578/95/788 2474/96/684 2327/125/576
f 2427/2799/650 2623/2800/833 2450/2851/670 2326/2852/575
f 2429/57/652 2577/51/787 2443/40/5450 2323/44/5350
f 2431/2829/654 2629/2819/839 2446/2853/668 2324/2861/573
f 2432/1273/655 2631/1437/841 2438/931/661 2328/903/577
f 2433/683/656 2570/709/780 2482/1031/692 2329/1034/578
f 2434/531/657 2566/558/776 2481/961/691 2330/930/579
f 2435/641/658 2584/612/794 2483/1000/693 2331/1039/580
f 2438/931/661 2583/570/793 2441/573/664 2328/903/577
f 2441/573/664 2583/570/793 2506/303/716 2332/327/581
f 2442/106/665 2575/100/785 2471/137/681 2307/186/5288
f 2442/106/665 2647/93/5524 2646/53/5520 2333/67/582
f 2443/40/5451 2577/51/787 2500/48/710 2334/39/5355
f 2444/2874/666 2613/2878/823 2536/2906/746 2335/2907/583
f 2444/2874/666 2648/2885/5529 2652/2867/5545 2310/2824/5303 2308/2817/5296
f 2445/1695/667 2627/1584/837 2550/2575/760 2336/2639/584
f 2446/2853/668 2629/2819/839 2552/2783/762 2337/2838/585
f 2447/207/669 2567/271/777 2478/264/688 2306/217/570
f 2447/207/669 2606/139/816 2529/131/739 2338/177/586
f 2448/687/5457 2711/681/5767 2712/430/5769 2339/428/5360
f 2449/1366/5458 2637/1408/847 2560/2606/770 2340/2563/5363
f 2449/1366/5461 2727/1436/5815 2728/1054/5817 2312/1010/5314
f 2450/2851/670 2579/2877/789 2475/2881/685 2326/2852/575
f 2450/2851/670 2623/2800/833 2546/2798/756 2341/2849/587
f 2451/126/671 2585/191/795 2480/206/690 2327/125/576
f 2451/126/671 2609/99/819 2532/102/742 2342/128/588
f 2453/211/672 2593/170/803 2516/127/726 2344/141/589
f 2454/1006/5465 2591/630/801 2514/606/724 2345/1007/5370
f 2455/63/673 2571/74/781 2456/92/674 2315/87/571
f 2455/63/673 2597/60/807 2520/47/730 2346/50/590
f 2456/92/674 2571/74/781 2494/80/704 2347/103/591
f 2457/2583/5471 2718/2556/5788 2719/1836/5790 2348/1826/5374
f 2458/755/5475 2732/747/5830 2733/581/5832 2349/582/5378
f 2459/2868/675 2601/2879/811 2524/2854/734 2350/2842/592
f 2459/2868/675 2619/2855/829 2468/2884/678 2316/2891/572
f 2461/145/5479 2594/152/804 2462/266/5483 2320/262/5338
f 2462/266/5484 2594/152/804 2517/158/727 2353/272/5388
f 2463/52/5486 2598/56/808 2464/75/676 2321/64/5343
f 2464/75/676 2598/56/808 2521/59/731 2355/79/593
f 2465/2890/5490 2602/2888/812 2466/2903/677 2322/2911/5347
f 2466/2903/677 2602/2888/812 2525/2883/735 2357/2900/594
f 2467/98/5497 2608/101/818 2531/83/741 2358/76/5400
f 2468/2884/678 2619/2855/829 2542/2843/752 2359/2876/595
f 2469/167/679 2564/237/774 2487/214/697 2360/140/596
f 2470/2845/680 2636/2754/846 2559/2767/769 2361/2848/597
f 2471/137/681 2575/100/785 2498/97/708 2362/132/598
f 2472/1574/682 2624/1624/834 2547/2677/757 2363/2665/599
f 2473/90/683 2574/85/784 2497/61/707 2364/78/600
f 2474/96/684 2578/95/788 2501/73/711 2365/77/601
f 2475/2881/685 2579/2877/789 2502/2894/712 2366/2899/602
f 2476/2094/686 2617/2142/827 2484/1052/694 2331/1039/580
f 2476/2094/686 2630/1901/840 2553/2716/763 2367/2735/603
f 2477/2728/687 2628/2746/838 2551/2600/761 2368/2464/604
f 2478/264/688 2567/271/777 2490/467/700 2369/437/605
f 2479/148/689 2563/171/773 2486/277/696 2370/263/606
f 2480/206/690 2585/191/795 2508/305/718 2371/321/607
f 2481/961/691 2566/558/776 2489/601/699 2372/994/608
f 2482/1031/692 2570/709/780 2493/707/703 2373/1013/609
f 2483/1000/693 2584/612/794 2507/580/717 2374/984/610
f 2484/1052/694 2617/2142/827 2540/1879/750 2375/1047/611
f 2485/977/695 2590/712/800 2513/571/723 2376/925/612
f 2486/277/696 2563/171/773 2487/214/697 2377/313/613
f 2486/277/696 2566/558/776 2434/531/657 2370/263/606
f 2487/214/697 2563/171/773 2424/120/647 2360/140/596
f 2487/214/697 2564/237/774 2488/384/698 2377/313/613
f 2488/384/698 2565/657/775 2489/601/699 2377/313/613
f 2489/601/699 2565/657/775 2436/1005/659 2372/994/608
f 2490/467/700 2567/271/777 2491/265/701 2378/464/614
f 2490/467/700 2570/709/780 2433/683/656 2369/437/605
f 2491/2718/701 2568/2717/778 2492/2363/702 2378/2343/614
f 2492/2363/702 2569/1232/779 2493/1221/703 2378/2343/614
f 2493/1221/703 2569/1232/779 2437/897/660 2373/904/609
f 2494/80/704 2571/74/781 2495/54/705 2379/58/615
f 2494/80/704 2574/85/784 2411/108/642 2347/103/591
f 2495/2922/705 2572/2901/782 2496/2896/706 2379/2918/615
f 2496/2896/706 2573/2892/783 2497/2910/707 2379/2918/615
f 2497/2910/707 2573/2892/783 2428/2886/651 2364/2897/600
f 2498/97/708 2575/100/785 2499/65/709 2380/66/616
f 2498/97/708 2578/95/788 2426/129/649 2362/132/598
f 2499/65/709 2576/46/786 2500/48/710 2380/66/616
f 2500/48/710 2576/46/786 2398/38/5403 2334/39/5354
f 2500/48/710 2577/51/787 2501/73/711 2380/66/616
f 2501/73/711 2577/51/787 2429/57/652 2365/77/601
f 2502/2894/712 2579/2877/789 2503/2872/713 2381/2889/617
f 2502/2894/712 2581/2908/791 2430/2919/653 2366/2899/602
f 2503/2872/713 2580/2873/790 2504/2893/714 2381/2889/617
f 2505/194/715 2582/208/792 2506/303/716 2382/290/618
f 2506/303/716 2582/208/792 2396/230/632 2332/327/581
f 2506/303/716 2583/570/793 2507/580/717 2382/290/618
f 2507/580/717 2583/570/793 2438/931/661 2374/984/610
f 2507/580/717 2584/612/794 2508/305/718 2382/290/618
f 2508/305/718 2584/612/794 2435/641/658 2371/321/607
f 2509/395/719 2586/257/796 2510/184/720 2383/276/619
f 2510/184/720 2587/119/797 2511/138/721 2383/276/619
f 2511/138/721 2588/142/798 2512/260/722 2383/276/619
f 2512/260/722 2589/530/799 2513/571/723 2383/276/619
f 2513/571/723 2589/530/799 2440/911/663 2376/925/612
f 2513/571/723 2590/712/800 2514/606/724 2383/276/619
f 2514/606/724 2590/712/800 2409/1008/5418 2345/1007/5369
f 2515/94/725 2592/104/802 2516/127/726 2384/116/620
f 2516/127/726 2592/104/802 2408/109/640 2344/141/589
f 2516/127/726 2593/170/803 2517/158/727 2384/116/620
f 2517/158/727 2593/170/803 2417/275/5436 2353/272/5387
f 2517/158/727 2594/152/804 2518/114/728 2384/116/620
f 2519/2920/729 2596/2917/806 2520/2930/730 2385/2933/621
f 2520/2930/730 2596/2917/806 2410/2909/641 2346/2927/590
f 2520/47/730 2597/60/807 2521/59/731 2385/45/621
f 2521/59/731 2597/60/807 2419/84/644 2355/79/593
f 2521/59/731 2598/56/808 2522/42/732 2385/45/621
f 2523/2828/733 2600/2823/810 2524/2854/734 2386/2860/622
f 2524/2854/734 2600/2823/810 2414/2797/643 2350/2842/592
f 2524/2854/734 2601/2879/811 2525/2883/735 2386/2860/622
f 2525/2883/735 2601/2879/811 2421/2895/645 2357/2900/594
f 2525/2883/735 2602/2888/812 2526/2864/736 2386/2860/622
f 2527/2887/737 2604/2871/814 2528/2859/738 2387/2869/623
f 2528/2859/738 2605/2833/815 2529/2846/739 2387/2869/623
f 2529/2846/739 2605/2833/815 2402/2789/637 2338/2804/586
f 2529/131/739 2606/139/816 2530/115/740 2387/107/623
f 2531/83/741 2608/101/818 2532/102/742 2388/86/624
f 2531/83/741 2610/62/820 2422/55/5449 2358/76/5401
f 2532/102/742 2608/101/818 2406/130/639 2342/128/588
f 2532/102/742 2609/99/819 2533/82/743 2388/86/624
f 2534/2902/744 2611/2925/821 2535/2928/745 2389/2904/625
f 2535/2928/745 2612/2931/822 2536/2906/746 2389/2904/625
f 2536/2906/746 2612/2931/822 2399/2934/634 2335/2907/583
f 2536/2906/746 2613/2878/823 2537/2880/747 2389/2904/625
f 2538/2609/748 2615/1658/825 2539/1731/749 2390/2727/626
f 2539/1731/749 2616/1302/826 2540/1879/750 2390/2727/626
f 2540/1879/750 2616/1302/826 2439/1003/662 2375/1047/611
f 2540/1879/750 2617/2142/827 2541/2737/751 2390/2727/626
f 2541/2737/751 2618/2832/828 2542/2843/752 2390/2727/626
f 2542/2843/752 2618/2832/828 2423/2870/646 2359/2876/595
f 2542/2843/752 2619/2855/829 2543/2816/753 2390/2727/626
f 2544/1705/754 2621/1728/831 2545/2673/755 2391/2683/627
f 2545/2673/755 2622/2787/832 2546/2798/756 2391/2683/627
f 2546/2798/756 2622/2787/832 2405/2847/638 2341/2849/587
f 2546/2798/756 2623/2800/833 2547/2677/757 2391/2683/627
f 2547/2677/757 2623/2800/833 2427/2799/650 2363/2665/599
f 2548/616/758 2625/602/835 2549/392/759 2392/469/628
f 2549/392/759 2626/261/836 2550/382/760 2392/469/628
f 2550/2575/760 2626/2729/836 2400/2753/635 2336/2639/584
f 2551/2600/761 2628/2746/838 2552/2783/762 2393/2666/629
f 2551/2600/761 2631/1437/841 2432/1273/655 2368/2464/604
f 2552/2783/762 2628/2746/838 2401/2818/636 2337/2838/585
f 2552/2783/762 2629/2819/839 2553/2716/763 2393/2666/629
f 2553/2716/763 2629/2819/839 2431/2829/654 2367/2735/603
f 2553/2716/763 2630/1901/840 2554/1647/764 2393/2666/629
f 2555/671/765 2632/682/842 2556/397/766 2394/371/630
f 2556/397/766 2633/231/843 2557/229/767 2394/371/630
f 2557/229/767 2634/210/844 2558/350/768 2394/371/630
f 2559/2767/769 2636/2754/846 2560/2606/770 2395/2627/631
f 2559/2767/769 2639/2790/849 2425/2850/648 2361/2848/597
f 2560/2606/770 2636/2754/846 2404/2752/5411 2340/2563/5362
f 2560/2606/770 2637/1408/847 2561/1441/771 2395/2627/631
f 2561/1441/771 2638/1498/848 2562/2646/772 2395/2627/631
f 2640/111/5499 2654/110/5555 2309/172/5301 2643/169/5509
f 2652/2867/5546 2641/2866/5503 2642/2825/5506 2310/2824/5304
f 2700/168/5723 2701/2802/5727 2308/2821/5299 2310/2820/5305 2642/2822/5508 2736/2695/5841 2747/2668/5875 2741/2645/5857 2751/2615/5889 2755/2262/5909 2740/2059/5854 2746/1872/5872 2737/1721/5845 2643/157/5511 2309/155/5302 2307/156/5293
f 2754/2504/5906 2751/2615/5891 2744/2582/5866
f 2755/2262/5910 2751/2615/5890 2754/2504/5904
f 2755/2262/5911 2754/2504/5905 2745/2376/5869
